symbol,sector,industry,current_price,day_change_pct,low_52w,high_52w,distance_from_low_pct,distance_from_high_pct,rsi,sma50,sma200,avg_volume_20d,latest_volume,volume_ratio,trend,technical_score,technical_reasons,return_1m,return_3m,return_6m,nifty_return_1m,nifty_return_3m,nifty_return_6m,return_vs_nifty_1m,return_vs_nifty_3m,return_vs_nifty_6m,relative_strength_score,relative_strength_reasons,sector_rank_pct,range_status,range_score,range_low,range_high,range_width_pct,range_position_pct,range_reasons,roe,roa,operating_margin,net_profit_margin,revenue_growth,earnings_growth,debt_to_equity,current_ratio,quick_ratio,total_cash_cr,total_debt_cr,operating_cashflow_cr,free_cashflow_cr,trailing_pe,forward_pe,price_to_book,dividend_yield,beta,market_cap_cr,gross_margin,sector_bucket,profitability_score,growth_score,balance_sheet_score,cashflow_score,valuation_score,fundamental_score,fundamental_data_coverage,fundamental_reasons,fundamental_risk_reasons,sector_adjustment,sector_adjusted_fundamental_score,sector_adjustment_reasons,sector_score,risk_penalty,risk_reasons,final_score,score_band,reasons
KEI,Industrials,Electrical Equipment & Parts,4008.23,5.2,1330.3,4041.31,201.3,0.82,68.26,3415.48,2884.41,334189.0,487913.0,1.46,Bullish,80.0,"Above 50 DMA, Above 200 DMA, Healthy RSI momentum, Near 52W high momentum, Volume expansion, Strong positive day move",17.45,27.66,49.79,2.42,3.69,13.36,15.03,23.97,36.43,100.0,"Strong 1M absolute return, Strong 3M absolute return, Strong 6M absolute return, 1M Nifty outperformance, 3M Nifty outperformance, 6M Nifty outperformance, Positive across 1M/3M/6M",19.41,Breakout Watch,84.51,2570.39,3505.1,36.36,100.0,80.0% of closes stayed inside the range | Range width 36.4% | Currently 100.0% through the range | Above upper band on elevated volume,18.45,12.47,9.9,7.23,17.29,21.66,5.28,2.58,1.65,665.04,166.23,610.5,210.01,55.0991,39.2189,8.2533,8.0,0.529,55008.58,23.88,Capital Goods / Infra,14.0,16.0,20.0,17.0,7.0,74.0,1.0,"Strong ROE, Cash covers debt",,5.0,79.0,Strong order-book-driven revenue growth,63.65,0.0,,82.2,High Conviction,"Above 50 DMA, Above 200 DMA, Healthy RSI momentum, Near 52W high momentum, Volume expansion, Strong positive day move, Strong ROE, Cash covers debt, Strong 1M absolute return, Strong 3M absolute return, Strong 6M absolute return, 1M Nifty outperformance, 3M Nifty outperformance, 6M Nifty outperformance, Positive across 1M/3M/6M, 80.0% of closes stayed inside the range | Range width 36.4% | Currently 100.0% through the range | Above upper band on elevated volume"
CUMMINSIND,Industrials,Specialty Industrial Machinery,3053.81,0.99,1088.43,3081.7,180.57,0.9,68.36,2726.21,2021.12,546931.85,316601.0,0.58,Bullish,65.0,"Above 50 DMA, Above 200 DMA, Healthy RSI momentum, Near 52W high momentum, Positive day move",13.08,58.26,85.24,2.42,3.69,13.36,10.66,54.57,71.88,100.0,"Strong 1M absolute return, Strong 3M absolute return, Strong 6M absolute return, 1M Nifty outperformance, 3M Nifty outperformance, 6M Nifty outperformance, Positive across 1M/3M/6M",19.41,Profit Booking Zone,76.16,1697.66,2903.53,71.03,100.0,80.0% of closes stayed inside the range | Range width 71.0% | Currently 100.0% through the range,26.02,19.18,18.19,19.42,15.95,40.1,1.92,2.89,2.43,299.89,126.98,1285.34,997.16,62.7339,45.4491,17.5475,1.23,0.546,148717.8,35.46,Capital Goods / Infra,24.0,18.0,20.0,17.0,4.0,83.0,1.0,"Strong ROE, Cash covers debt",,5.0,88.0,Strong order-book-driven revenue growth,63.65,0.0,,81.6,High Conviction,"Above 50 DMA, Above 200 DMA, Healthy RSI momentum, Near 52W high momentum, Positive day move, Strong ROE, Cash covers debt, Strong 1M absolute return, Strong 3M absolute return, Strong 6M absolute return, 1M Nifty outperformance, 3M Nifty outperformance, 6M Nifty outperformance, Positive across 1M/3M/6M, 80.0% of closes stayed inside the range | Range width 71.0% | Currently 100.0% through the range"
BSE,Financial Services,Financial Data & Stock Exchanges,1054.66,12.22,131.96,1070.33,699.2,1.46,74.89,805.18,595.24,4242034.65,12193113.0,2.87,Bullish,72.0,"Above 50 DMA, Above 200 DMA, Strong but overbought RSI, Near 52W high momentum, Strong volume expansion, Strong positive day move",57.38,39.91,116.06,2.42,3.69,13.36,54.96,36.22,102.7,100.0,"Strong 1M absolute return, Strong 3M absolute return, Strong 6M absolute return, 1M Nifty outperformance, 3M Nifty outperformance, 6M Nifty outperformance, Positive across 1M/3M/6M",7.56,Breakout Watch,82.72,663.02,908.88,37.08,100.0,80.0% of closes stayed inside the range | Range width 37.1% | Currently 100.0% through the range | Above upper band on elevated volume,23.57,8.24,23.86,56.77,68.12,252.74,0.0,1.19,,55.59,0.02,2643.46,2512.54,51.2199,37.9807,18.1646,28.0,0.471,143241.73,99.59,Financial Services,21.0,20.0,14.0,17.0,7.0,79.0,0.93,"Strong ROE, Cash covers debt",,2.0,81.0,"Strong ROE for a leveraged-balance-sheet business, Expensive relative to book value for this sector",53.01,0.0,,79.3,High Conviction,"Above 50 DMA, Above 200 DMA, Strong but overbought RSI, Near 52W high momentum, Strong volume expansion, Strong positive day move, Strong ROE, Cash covers debt, Strong 1M absolute return, Strong 3M absolute return, Strong 6M absolute return, 1M Nifty outperformance, 3M Nifty outperformance, 6M Nifty outperformance, Positive across 1M/3M/6M, 80.0% of closes stayed inside the range | Range width 37.1% | Currently 100.0% through the range | Above upper band on elevated volume"
ABB,Industrials,Specialty Industrial Machinery,6128.97,-3.34,2557.9,6581.44,139.61,6.87,52.73,5529.63,4607.08,442428.85,550348.0,1.24,Bullish,65.0,"Above 50 DMA, Above 200 DMA, Healthy RSI momentum, Near 52W high momentum, Normal volume support",10.01,32.15,47.32,2.42,3.69,13.36,7.59,28.46,33.96,100.0,"Strong 1M absolute return, Strong 3M absolute return, Strong 6M absolute return, 1M Nifty outperformance, 3M Nifty outperformance, 6M Nifty outperformance, Positive across 1M/3M/6M",19.41,Profit Booking Zone,78.78,4118.86,6195.12,50.41,96.81,80.0% of closes stayed inside the range | Range width 50.4% | Currently 96.8% through the range,20.89,11.29,13.64,11.98,21.98,22.22,0.82,1.9,1.59,876.88,48.98,1351.48,1168.4,102.0381,73.5122,17.5008,52.0,0.486,163381.35,37.28,Capital Goods / Infra,16.0,16.0,19.0,17.0,5.0,73.0,1.0,"Strong ROE, Cash covers debt",Very high PE,5.0,78.0,Strong order-book-driven revenue growth,63.65,0.0,,78.1,High Conviction,"Above 50 DMA, Above 200 DMA, Healthy RSI momentum, Near 52W high momentum, Normal volume support, Strong ROE, Cash covers debt, Strong 1M absolute return, Strong 3M absolute return, Strong 6M absolute return, 1M Nifty outperformance, 3M Nifty outperformance, 6M Nifty outperformance, Positive across 1M/3M/6M, 80.0% of closes stayed inside the range | Range width 50.4% | Currently 96.8% through the range"
INDHOTEL,Consumer Cyclical,Lodging,598.06,3.24,259.95,616.07,130.07,2.92,57.3,567.11,452.58,3417911.25,2926476.0,0.86,Bullish,70.0,"Above 50 DMA, Above 200 DMA, Healthy RSI momentum, Near 52W high momentum, Strong positive day move",10.29,30.82,45.02,2.42,3.69,13.36,7.87,27.13,31.66,100.0,"Strong 1M absolute return, Strong 3M absolute return, Strong 6M absolute return, 1M Nifty outperformance, 3M Nifty outperformance, 6M Nifty outperformance, Positive across 1M/3M/6M",8.16,Profit Booking Zone,81.06,404.84,588.55,45.38,100.0,80.0% of closes stayed inside the range | Range width 45.4% | Currently 100.0% through the range,13.31,8.48,26.22,19.36,16.52,25.58,28.93,1.54,1.48,479.34,2735.79,1935.14,1284.18,48.0744,38.7458,7.8957,45.0,-0.154,103056.49,63.01,Consumer Discretionary,20.0,18.0,13.0,17.0,7.0,75.0,1.0,,,2.0,77.0,General low-debt support,53.49,0.0,,77.47,High Conviction,"Above 50 DMA, Above 200 DMA, Healthy RSI momentum, Near 52W high momentum, Strong positive day move, Strong 1M absolute return, Strong 3M absolute return, Strong 6M absolute return, 1M Nifty outperformance, 3M Nifty outperformance, 6M Nifty outperformance, Positive across 1M/3M/6M, 80.0% of closes stayed inside the range | Range width 45.4% | Currently 100.0% through the range"
GVT&D,Industrials,Specialty Industrial Machinery,1030.93,4.69,98.25,1033.87,949.26,0.28,69.6,881.28,522.0,143299.4,200293.0,1.4,Bullish,80.0,"Above 50 DMA, Above 200 DMA, Healthy RSI momentum, Near 52W high momentum, Volume expansion, Strong positive day move",23.44,58.91,152.42,2.42,3.69,13.36,21.02,55.22,139.06,100.0,"Strong 1M absolute return, Strong 3M absolute return, Strong 6M absolute return, 1M Nifty outperformance, 3M Nifty outperformance, 6M Nifty outperformance, Positive across 1M/3M/6M",19.41,Breakout Watch,74.97,389.32,935.6,140.31,100.0,80.0% of closes stayed inside the range | Range width 140.3% | Currently 100.0% through the range | Above upper band on elevated volume,14.57,5.05,9.73,5.73,15.04,12251.01,3.36,1.17,0.91,131.94,41.82,518.36,489.2,86.6909,56.6679,41.9339,23.0,0.634,112826.91,43.57,Capital Goods / Infra,6.0,18.0,14.0,17.0,5.0,60.0,1.0,Cash covers debt,Very high PE,5.0,65.0,Strong order-book-driven revenue growth,63.65,0.0,,77.3,High Conviction,"Above 50 DMA, Above 200 DMA, Healthy RSI momentum, Near 52W high momentum, Volume expansion, Strong positive day move, Cash covers debt, Strong 1M absolute return, Strong 3M absolute return, Strong 6M absolute return, 1M Nifty outperformance, 3M Nifty outperformance, 6M Nifty outperformance, Positive across 1M/3M/6M, 80.0% of closes stayed inside the range | Range width 140.3% | Currently 100.0% through the range | Above upper band on elevated volume"
SIEMENS,Industrials,Specialty Industrial Machinery,3315.35,-1.26,1540.11,3396.43,115.27,2.39,69.45,2866.68,2358.04,583566.9,311349.0,0.53,Bullish,60.0,"Above 50 DMA, Above 200 DMA, Healthy RSI momentum, Near 52W high momentum",20.94,39.24,58.75,2.42,3.69,13.36,18.52,35.55,45.39,100.0,"Strong 1M absolute return, Strong 3M absolute return, Strong 6M absolute return, 1M Nifty outperformance, 3M Nifty outperformance, 6M Nifty outperformance, Positive across 1M/3M/6M",19.41,Profit Booking Zone,76.46,1988.77,3222.59,62.04,100.0,80.0% of closes stayed inside the range | Range width 62.0% | Currently 100.0% through the range,14.98,9.01,11.04,10.17,21.45,27.09,1.34,2.2,1.87,1191.7,175.2,1400.0,1198.0,84.7533,59.3557,10.3412,45.0,0.57,143124.83,28.2,Capital Goods / Infra,14.0,18.0,20.0,17.0,5.0,74.0,1.0,Cash covers debt,Very high PE,5.0,79.0,Strong order-book-driven revenue growth,63.65,0.0,,77.2,High Conviction,"Above 50 DMA, Above 200 DMA, Healthy RSI momentum, Near 52W high momentum, Cash covers debt, Strong 1M absolute return, Strong 3M absolute return, Strong 6M absolute return, 1M Nifty outperformance, 3M Nifty outperformance, 6M Nifty outperformance, Positive across 1M/3M/6M, 80.0% of closes stayed inside the range | Range width 62.0% | Currently 100.0% through the range"
NAM-INDIA,Financial Services,Asset Management,529.04,-2.61,177.32,549.96,198.35,3.8,64.91,471.26,383.74,1233504.55,1329774.0,1.08,Bullish,65.0,"Above 50 DMA, Above 200 DMA, Healthy RSI momentum, Near 52W high momentum, Normal volume support",27.53,15.69,47.41,2.42,3.69,13.36,25.11,12.0,34.05,95.0,"Strong 1M absolute return, Positive 3M return, Strong 6M absolute return, 1M Nifty outperformance, 3M Nifty outperformance, 6M Nifty outperformance, Positive across 1M/3M/6M",20.35,Profit Booking Zone,82.15,376.39,493.49,31.11,100.0,80.0% of closes stayed inside the range | Range width 31.1% | Currently 100.0% through the range,27.81,25.31,58.68,67.39,21.74,53.09,1.97,20.36,,24.23,78.59,777.48,765.61,46.7312,35.4773,16.1928,1.84,0.634,75633.87,83.17,Financial Services,25.0,18.0,14.0,17.0,6.0,80.0,0.93,Strong ROE,,2.0,82.0,"Strong ROE for a leveraged-balance-sheet business, Expensive relative to book value for this sector",53.01,0.0,,76.65,High Conviction,"Above 50 DMA, Above 200 DMA, Healthy RSI momentum, Near 52W high momentum, Normal volume support, Strong ROE, Strong 1M absolute return, Positive 3M return, Strong 6M absolute return, 1M Nifty outperformance, 3M Nifty outperformance, 6M Nifty outperformance, Positive across 1M/3M/6M, 80.0% of closes stayed inside the range | Range width 31.1% | Currently 100.0% through the range"
ANANDRATHI,Financial Services,Asset Management,977.09,-1.64,155.16,1049.41,529.74,6.89,55.14,919.56,584.43,409376.4,250840.0,0.61,Bullish,60.0,"Above 50 DMA, Above 200 DMA, Healthy RSI momentum, Near 52W high momentum",9.78,46.23,118.43,2.42,3.69,13.36,7.36,42.54,105.07,98.0,"Positive 1M return, Strong 3M absolute return, Strong 6M absolute return, 1M Nifty outperformance, 3M Nifty outperformance, 6M Nifty outperformance, Positive across 1M/3M/6M",16.28,Profit Booking Zone,72.3,510.64,968.93,89.75,100.0,80.0% of closes stayed inside the range | Range width 89.7% | Currently 100.0% through the range,34.67,25.57,39.27,31.06,32.02,33.59,7.96,3.45,,33.11,51.67,277.57,273.07,78.1228,65.0423,36.4135,32.0,0.337,36346.43,57.81,Financial Services,25.0,20.0,14.0,17.0,5.0,81.0,0.93,Strong ROE,,2.0,83.0,"Strong ROE for a leveraged-balance-sheet business, Expensive relative to book value for this sector",53.01,0.0,,76.5,High Conviction,"Above 50 DMA, Above 200 DMA, Healthy RSI momentum, Near 52W high momentum, Strong ROE, Positive 1M return, Strong 3M absolute return, Strong 6M absolute return, 1M Nifty outperformance, 3M Nifty outperformance, 6M Nifty outperformance, Positive across 1M/3M/6M, 80.0% of closes stayed inside the range | Range width 89.7% | Currently 100.0% through the range"
MAHABANK,Financial Services,Banks - Regional,59.38,0.16,14.91,63.94,298.2,7.13,57.6,56.57,43.73,25578741.8,17940319.0,0.7,Bullish,65.0,"Above 50 DMA, Above 200 DMA, Healthy RSI momentum, Near 52W high momentum, Positive day move",10.07,29.39,35.93,2.42,3.69,13.36,7.65,25.7,22.57,100.0,"Strong 1M absolute return, Strong 3M absolute return, Strong 6M absolute return, 1M Nifty outperformance, 3M Nifty outperformance, 6M Nifty outperformance, Positive across 1M/3M/6M",7.56,Profit Booking Zone,79.89,40.07,58.58,46.18,100.0,80.0% of closes stayed inside the range | Range width 46.2% | Currently 100.0% through the range,20.49,1.32,,33.96,17.12,56.31,38.85,,,30311.7,7718.85,11580.85,11301.95,8.3626,6.5496,1.7645,2.79,0.78,62970.76,0.0,Banking,12.0,18.0,10.0,17.0,15.0,72.0,0.79,"Strong ROE, Cash covers debt",,6.0,78.0,Strong ROE for a leveraged-balance-sheet business,53.01,0.0,,76.5,High Conviction,"Above 50 DMA, Above 200 DMA, Healthy RSI momentum, Near 52W high momentum, Positive day move, Strong ROE, Cash covers debt, Strong 1M absolute return, Strong 3M absolute return, Strong 6M absolute return, 1M Nifty outperformance, 3M Nifty outperformance, 6M Nifty outperformance, Positive across 1M/3M/6M, 80.0% of closes stayed inside the range | Range width 46.2% | Currently 100.0% through the range"
MANKIND,Healthcare,Drug Manufacturers - Specialty & Generic,2392.11,2.25,1241.51,2489.02,92.68,3.89,60.68,2222.64,1957.42,1305892.85,700375.0,0.54,Bullish,70.0,"Above 50 DMA, Above 200 DMA, Healthy RSI momentum, Near 52W high momentum, Strong positive day move",12.18,8.8,31.9,2.42,3.69,13.36,9.76,5.11,18.54,80.0,"Strong 1M absolute return, Positive 3M return, Strong 6M absolute return, 1M Nifty outperformance, 6M Nifty outperformance, Positive across 1M/3M/6M",21.43,Profit Booking Zone,83.89,1834.96,2321.04,26.49,100.0,80.0% of closes stayed inside the range | Range width 26.5% | Currently 100.0% through the range,20.43,15.99,21.83,18.65,17.26,49.23,2.21,3.1,2.37,382.01,207.17,2152.44,1763.23,49.1833,34.567,6.1622,8.0,0.46,100486.05,70.76,Pharma / Healthcare,22.0,18.0,20.0,17.0,7.0,84.0,1.0,"Strong ROE, Cash covers debt",,4.0,88.0,"General quality ROE, General low-debt support",53.05,0.0,,76.26,High Conviction,"Above 50 DMA, Above 200 DMA, Healthy RSI momentum, Near 52W high momentum, Strong positive day move, Strong ROE, Cash covers debt, Strong 1M absolute return, Positive 3M return, Strong 6M absolute return, 1M Nifty outperformance, 6M Nifty outperformance, Positive across 1M/3M/6M, 80.0% of closes stayed inside the range | Range width 26.5% | Currently 100.0% through the range"
AMBUJACEM,Basic Materials,Building Materials,629.2,3.29,309.86,633.41,103.06,0.66,61.97,592.55,490.23,3000275.0,3751042.0,1.25,Bullish,75.0,"Above 50 DMA, Above 200 DMA, Healthy RSI momentum, Near 52W high momentum, Normal volume support, Strong positive day move",10.45,22.28,43.61,2.42,3.69,13.36,8.03,18.59,30.25,100.0,"Strong 1M absolute return, Strong 3M absolute return, Strong 6M absolute return, 1M Nifty outperformance, 3M Nifty outperformance, 6M Nifty outperformance, Positive across 1M/3M/6M",7.89,Profit Booking Zone,81.89,414.84,609.27,46.87,100.0,80.0% of closes stayed inside the range | Range width 46.9% | Currently 100.0% through the range,8.62,5.49,14.7,10.99,4.99,84.34,1.69,1.98,1.68,3007.1,699.01,5645.82,1163.36,23.7585,28.9663,1.7535,47.0,0.221,104610.8,56.82,Cement / Realty,10.0,12.0,19.0,17.0,10.0,68.0,1.0,Cash covers debt,,2.0,70.0,General low-debt support,51.98,0.0,,76.05,High Conviction,"Above 50 DMA, Above 200 DMA, Healthy RSI momentum, Near 52W high momentum, Normal volume support, Strong positive day move, Cash covers debt, Strong 1M absolute return, Strong 3M absolute return, Strong 6M absolute return, 1M Nifty outperformance, 3M Nifty outperformance, 6M Nifty outperformance, Positive across 1M/3M/6M, 80.0% of closes stayed inside the range | Range width 46.9% | Currently 100.0% through the range"
LODHA,Real Estate,Real Estate - Development,1224.63,3.33,352.0,1267.02,247.91,3.35,61.52,1126.06,905.34,1001882.85,2063669.0,2.06,Bullish,85.0,"Above 50 DMA, Above 200 DMA, Healthy RSI momentum, Near 52W high momentum, Strong volume expansion, Strong positive day move",12.07,9.35,51.24,2.42,3.69,13.36,9.65,5.66,37.88,80.0,"Strong 1M absolute return, Positive 3M return, Strong 6M absolute return, 1M Nifty outperformance, 6M Nifty outperformance, Positive across 1M/3M/6M",50.0,Breakout Watch,85.18,843.41,1171.74,38.93,100.0,80.0% of closes stayed inside the range | Range width 38.9% | Currently 100.0% through the range | Above upper band on elevated volume,8.87,3.28,40.93,15.19,9.24,218.29,44.06,1.62,0.39,1827.0,7697.6,2512.3,2342.6,29.4089,24.8976,5.1863,35.0,0.623,120770.28,43.66,Cement / Realty,13.0,15.0,11.0,17.0,11.0,67.0,1.0,,,2.0,69.0,General low-debt support,65.83,0.0,,75.27,High Conviction,"Above 50 DMA, Above 200 DMA, Healthy RSI momentum, Near 52W high momentum, Strong volume expansion, Strong positive day move, Strong 1M absolute return, Positive 3M return, Strong 6M absolute return, 1M Nifty outperformance, 6M Nifty outperformance, Positive across 1M/3M/6M, 80.0% of closes stayed inside the range | Range width 38.9% | Currently 100.0% through the range | Above upper band on elevated volume"
BDL,Industrials,Aerospace & Defense,953.76,4.28,383.25,979.45,148.86,2.62,68.38,866.7,678.22,2153336.3,5013454.0,2.33,Bullish,85.0,"Above 50 DMA, Above 200 DMA, Healthy RSI momentum, Near 52W high momentum, Strong volume expansion, Strong positive day move",19.34,10.37,92.93,2.42,3.69,13.36,16.92,6.68,79.57,80.0,"Strong 1M absolute return, Positive 3M return, Strong 6M absolute return, 1M Nifty outperformance, 6M Nifty outperformance, Positive across 1M/3M/6M",46.47,Breakout Watch,80.31,521.31,893.25,71.35,100.0,80.0% of closes stayed inside the range | Range width 71.3% | Currently 100.0% through the range | Above upper band on elevated volume,16.85,5.93,19.93,25.98,-4.86,73.98,0.1,3.07,2.41,593.84,3.74,411.72,330.83,113.6556,43.4794,11.5734,39.0,0.326,49119.37,49.94,Capital Goods / Infra,17.0,10.0,20.0,17.0,5.0,69.0,1.0,Cash covers debt,"Revenue contraction, Very high PE",0.0,69.0,,63.65,0.0,,74.95,Strong,"Above 50 DMA, Above 200 DMA, Healthy RSI momentum, Near 52W high momentum, Strong volume expansion, Strong positive day move, Cash covers debt, Strong 1M absolute return, Positive 3M return, Strong 6M absolute return, 1M Nifty outperformance, 6M Nifty outperformance, Positive across 1M/3M/6M, 80.0% of closes stayed inside the range | Range width 71.3% | Currently 100.0% through the range | Above upper band on elevated volume"
HAL,Industrials,Aerospace & Defense,3707.06,0.27,1047.95,3742.37,253.75,0.94,72.48,3179.46,2414.42,1985212.6,1321429.0,0.67,Bullish,52.0,"Above 50 DMA, Above 200 DMA, Strong but overbought RSI, Near 52W high momentum, Positive day move",27.35,29.25,94.75,2.42,3.69,13.36,24.93,25.56,81.39,100.0,"Strong 1M absolute return, Strong 3M absolute return, Strong 6M absolute return, 1M Nifty outperformance, 3M Nifty outperformance, 6M Nifty outperformance, Positive across 1M/3M/6M",19.41,Profit Booking Zone,73.06,1994.79,3460.61,73.48,100.0,80.0% of closes stayed inside the range | Range width 73.5% | Currently 100.0% through the range,26.15,9.76,29.84,27.06,6.83,30.77,0.0,1.73,1.37,4254.69,1.1,8222.82,6467.65,36.6014,29.4868,8.1395,41.0,0.502,334053.09,51.85,Capital Goods / Infra,24.0,12.0,18.0,17.0,7.0,78.0,1.0,"Strong ROE, Cash covers debt",,0.0,78.0,,63.65,0.0,,74.85,Strong,"Above 50 DMA, Above 200 DMA, Strong but overbought RSI, Near 52W high momentum, Positive day move, Strong ROE, Cash covers debt, Strong 1M absolute return, Strong 3M absolute return, Strong 6M absolute return, 1M Nifty outperformance, 3M Nifty outperformance, 6M Nifty outperformance, Positive across 1M/3M/6M, 80.0% of closes stayed inside the range | Range width 73.5% | Currently 100.0% through the range"
CGPOWER,Industrials,Electrical Equipment & Parts,531.92,0.37,209.52,554.07,153.87,4.0,63.93,476.05,435.15,4553519.55,2590484.0,0.57,Bullish,65.0,"Above 50 DMA, Above 200 DMA, Healthy RSI momentum, Near 52W high momentum, Positive day move",6.35,15.68,36.26,2.42,3.69,13.36,3.93,11.99,22.9,78.0,"Positive 1M return, Positive 3M return, Strong 6M absolute return, 3M Nifty outperformance, 6M Nifty outperformance, Positive across 1M/3M/6M",52.35,Profit Booking Zone,81.93,386.34,512.12,32.56,100.0,80.0% of closes stayed inside the range | Range width 32.6% | Currently 100.0% through the range,47.29,25.37,13.16,17.94,15.39,48.23,0.58,1.64,1.35,199.84,17.56,1027.79,793.52,111.9798,63.7634,17.5463,15.0,0.42,139899.97,30.72,Capital Goods / Infra,21.0,18.0,18.0,17.0,5.0,79.0,1.0,"Strong ROE, Cash covers debt",Very high PE,5.0,84.0,Strong order-book-driven revenue growth,63.65,0.0,,74.7,Strong,"Above 50 DMA, Above 200 DMA, Healthy RSI momentum, Near 52W high momentum, Positive day move, Strong ROE, Cash covers debt, Positive 1M return, Positive 3M return, Strong 6M absolute return, 3M Nifty outperformance, 6M Nifty outperformance, Positive across 1M/3M/6M, 80.0% of closes stayed inside the range | Range width 32.6% | Currently 100.0% through the range"
ADANIPOWER,Utilities,Utilities - Independent Power Producers,120.49,0.93,26.48,129.38,355.02,6.87,57.65,113.35,86.81,17542610.0,8543135.0,0.49,Bullish,65.0,"Above 50 DMA, Above 200 DMA, Healthy RSI momentum, Near 52W high momentum, Positive day move",17.01,15.53,82.75,2.42,3.69,13.36,14.59,11.84,69.39,95.0,"Strong 1M absolute return, Positive 3M return, Strong 6M absolute return, 1M Nifty outperformance, 3M Nifty outperformance, 6M Nifty outperformance, Positive across 1M/3M/6M",44.12,Profit Booking Zone,79.03,77.87,118.3,51.93,100.0,80.0% of closes stayed inside the range | Range width 51.9% | Currently 100.0% through the range,48.28,22.56,29.46,41.62,31.63,94.18,79.8,1.62,1.36,1136.25,34431.07,14170.15,11567.7,27.9716,26.0646,6.1471,,0.475,399173.9,43.48,Energy / Utilities,25.0,20.0,10.0,17.0,7.0,79.0,0.93,Strong ROE,,2.0,81.0,General quality ROE,62.28,3.0,Low volume participation,74.69,Strong,"Above 50 DMA, Above 200 DMA, Healthy RSI momentum, Near 52W high momentum, Positive day move, Strong ROE, Strong 1M absolute return, Positive 3M return, Strong 6M absolute return, 1M Nifty outperformance, 3M Nifty outperformance, 6M Nifty outperformance, Positive across 1M/3M/6M, 80.0% of closes stayed inside the range | Range width 51.9% | Currently 100.0% through the range"
CANBK,Financial Services,Banks - Regional,109.48,0.3,36.32,112.64,201.41,2.8,57.74,105.25,78.88,30737610.0,26919135.0,0.88,Bullish,65.0,"Above 50 DMA, Above 200 DMA, Healthy RSI momentum, Near 52W high momentum, Positive day move",9.17,31.7,62.0,2.42,3.69,13.36,6.75,28.01,48.64,98.0,"Positive 1M return, Strong 3M absolute return, Strong 6M absolute return, 1M Nifty outperformance, 3M Nifty outperformance, 6M Nifty outperformance, Positive across 1M/3M/6M",16.28,Profit Booking Zone,78.82,70.62,108.28,53.32,100.0,80.0% of closes stayed inside the range | Range width 53.3% | Currently 100.0% through the range,16.58,1.0,,23.11,19.4,35.75,65.19,,,151164.69,60061.27,15046.5,13793.35,5.9486,5.6696,1.0172,3.22,0.503,119732.59,0.0,Banking,10.0,18.0,7.0,17.0,15.0,67.0,0.79,Cash covers debt,,6.0,73.0,Strong ROE for a leveraged-balance-sheet business,53.01,0.0,,74.25,Strong,"Above 50 DMA, Above 200 DMA, Healthy RSI momentum, Near 52W high momentum, Positive day move, Cash covers debt, Positive 1M return, Strong 3M absolute return, Strong 6M absolute return, 1M Nifty outperformance, 3M Nifty outperformance, 6M Nifty outperformance, Positive across 1M/3M/6M, 80.0% of closes stayed inside the range | Range width 53.3% | Currently 100.0% through the range"
MEDANTA,Healthcare,Medical Care Facilities,1397.35,-1.71,406.36,1512.82,243.87,7.63,59.71,1327.36,949.54,317755.4,218410.0,0.69,Bullish,60.0,"Above 50 DMA, Above 200 DMA, Healthy RSI momentum, Near 52W high momentum",15.7,35.78,77.53,2.42,3.69,13.36,13.28,32.09,64.17,100.0,"Strong 1M absolute return, Strong 3M absolute return, Strong 6M absolute return, 1M Nifty outperformance, 3M Nifty outperformance, 6M Nifty outperformance, Positive across 1M/3M/6M",4.76,Profit Booking Zone,77.08,884.99,1397.31,57.89,100.0,80.0% of closes stayed inside the range | Range width 57.9% | Currently 100.0% through the range,16.46,11.11,20.31,14.75,20.8,46.65,27.6,2.44,2.33,424.61,801.87,612.08,333.5,67.6456,41.3212,9.4493,3.0,0.14,37445.97,52.79,Pharma / Healthcare,18.0,18.0,15.0,17.0,5.0,73.0,1.0,,,2.0,75.0,General low-debt support,53.05,0.0,,74.21,Strong,"Above 50 DMA, Above 200 DMA, Healthy RSI momentum, Near 52W high momentum, Strong 1M absolute return, Strong 3M absolute return, Strong 6M absolute return, 1M Nifty outperformance, 3M Nifty outperformance, 6M Nifty outperformance, Positive across 1M/3M/6M, 80.0% of closes stayed inside the range | Range width 57.9% | Currently 100.0% through the range"
PETRONET,Energy,Oil & Gas Refining & Marketing,273.75,-0.86,166.97,295.39,63.95,7.33,59.35,258.57,217.07,8620901.25,6524361.0,0.76,Bullish,60.0,"Above 50 DMA, Above 200 DMA, Healthy RSI momentum, Near 52W high momentum",12.86,26.92,32.43,2.42,3.69,13.36,10.44,23.23,19.07,100.0,"Strong 1M absolute return, Strong 3M absolute return, Strong 6M absolute return, 1M Nifty outperformance, 3M Nifty outperformance, 6M Nifty outperformance, Positive across 1M/3M/6M",10.71,Profit Booking Zone,78.8,181.32,265.56,46.46,100.0,80.0% of closes stayed inside the range | Range width 46.5% | Currently 100.0% through the range,20.98,14.31,8.67,7.03,-11.88,9.82,17.28,3.1,2.75,1723.37,3008.1,4871.12,4029.7,10.7263,9.9224,1.8833,3.61,0.45,41977.51,14.66,Energy / Utilities,14.0,5.0,17.0,17.0,15.0,68.0,1.0,Strong ROE,Revenue contraction,4.0,72.0,"General quality ROE, General low-debt support",59.93,0.0,,74.19,Strong,"Above 50 DMA, Above 200 DMA, Healthy RSI momentum, Near 52W high momentum, Strong ROE, Strong 1M absolute return, Strong 3M absolute return, Strong 6M absolute return, 1M Nifty outperformance, 3M Nifty outperformance, 6M Nifty outperformance, Positive across 1M/3M/6M, 80.0% of closes stayed inside the range | Range width 46.5% | Currently 100.0% through the range"
INDUSTOWER,Communication Services,Telecom Services,346.46,2.77,130.25,353.26,166.0,1.92,80.41,259.07,199.18,24211226.55,27662734.0,1.14,Bullish,62.0,"Above 50 DMA, Above 200 DMA, Strong but overbought RSI, Near 52W high momentum, Normal volume support, Strong positive day move",43.4,70.18,90.36,2.42,3.69,13.36,40.98,66.49,77.0,100.0,"Strong 1M absolute return, Strong 3M absolute return, Strong 6M absolute return, 1M Nifty outperformance, 3M Nifty outperformance, 6M Nifty outperformance, Positive across 1M/3M/6M",7.14,Profit Booking Zone,76.24,178.13,296.19,66.28,100.0,80.0% of closes stayed inside the range | Range width 66.3% | Currently 100.0% through the range,22.32,10.8,30.19,21.11,0.77,195.89,75.93,1.03,1.03,63.1,20531.0,11582.1,2629.2,14.1424,12.5435,2.4433,3.79,0.05,101110.34,55.94,Telecom,22.0,10.0,8.0,17.0,15.0,72.0,1.0,Strong ROE,,2.0,74.0,General quality ROE,48.24,0.0,,73.64,Strong,"Above 50 DMA, Above 200 DMA, Strong but overbought RSI, Near 52W high momentum, Normal volume support, Strong positive day move, Strong ROE, Strong 1M absolute return, Strong 3M absolute return, Strong 6M absolute return, 1M Nifty outperformance, 3M Nifty outperformance, 6M Nifty outperformance, Positive across 1M/3M/6M, 80.0% of closes stayed inside the range | Range width 66.3% | Currently 100.0% through the range"
NMDC,Basic Materials,Steel,71.86,-1.32,24.26,75.6,196.27,4.94,58.86,68.91,52.47,48018972.9,21895293.0,0.46,Bullish,60.0,"Above 50 DMA, Above 200 DMA, Healthy RSI momentum, Near 52W high momentum",14.02,16.54,45.56,2.42,3.69,13.36,11.6,12.85,32.2,95.0,"Strong 1M absolute return, Positive 3M return, Strong 6M absolute return, 1M Nifty outperformance, 3M Nifty outperformance, 6M Nifty outperformance, Positive across 1M/3M/6M",17.54,Profit Booking Zone,78.36,50.23,72.85,45.02,95.66,80.0% of closes stayed inside the range | Range width 45.0% | Currently 95.7% through the range,21.73,15.63,32.59,26.17,20.61,-0.47,13.09,2.53,2.2,109.39,3358.78,7393.94,5546.85,10.094,8.3816,2.2131,4.1,0.643,75521.71,45.64,Metals / Mining,23.0,8.0,17.0,17.0,15.0,80.0,1.0,Strong ROE,Earnings contraction,4.0,84.0,"General quality ROE, General low-debt support",51.98,3.0,Low volume participation,72.95,Strong,"Above 50 DMA, Above 200 DMA, Healthy RSI momentum, Near 52W high momentum, Strong ROE, Strong 1M absolute return, Positive 3M return, Strong 6M absolute return, 1M Nifty outperformance, 3M Nifty outperformance, 6M Nifty outperformance, Positive across 1M/3M/6M, 80.0% of closes stayed inside the range | Range width 45.0% | Currently 95.7% through the range"
JSL,Basic Materials,Steel,718.99,1.71,115.54,726.28,522.29,1.0,62.52,661.6,520.11,1402113.25,1747763.0,1.25,Bullish,70.0,"Above 50 DMA, Above 200 DMA, Healthy RSI momentum, Near 52W high momentum, Normal volume support, Positive day move",9.22,24.14,55.41,2.42,3.69,13.36,6.8,20.45,42.05,98.0,"Positive 1M return, Strong 3M absolute return, Strong 6M absolute return, 1M Nifty outperformance, 3M Nifty outperformance, 6M Nifty outperformance, Positive across 1M/3M/6M",15.79,Profit Booking Zone,80.62,467.07,692.81,48.33,100.0,80.0% of closes stayed inside the range | Range width 48.3% | Currently 100.0% through the range,18.9,8.8,9.47,7.06,7.98,28.31,42.15,1.47,0.68,1229.7,6052.26,4818.13,3343.22,18.7427,14.2066,13.508,55.0,0.554,60799.26,21.99,Metals / Mining,13.0,12.0,9.0,17.0,11.0,62.0,1.0,Strong ROE,,4.0,66.0,"General quality ROE, General low-debt support",51.98,0.0,,72.9,Strong,"Above 50 DMA, Above 200 DMA, Healthy RSI momentum, Near 52W high momentum, Normal volume support, Positive day move, Strong ROE, Positive 1M return, Strong 3M absolute return, Strong 6M absolute return, 1M Nifty outperformance, 3M Nifty outperformance, 6M Nifty outperformance, Positive across 1M/3M/6M, 80.0% of closes stayed inside the range | Range width 48.3% | Currently 100.0% through the range"
TRENT,Consumer Cyclical,Apparel Retail,4147.87,-0.25,1150.98,4294.0,260.38,3.4,63.65,3939.71,2736.6,771938.65,626656.0,0.81,Bullish,60.0,"Above 50 DMA, Above 200 DMA, Healthy RSI momentum, Near 52W high momentum",4.87,32.1,97.3,2.42,3.69,13.36,2.45,28.41,83.94,88.0,"Positive 1M return, Strong 3M absolute return, Strong 6M absolute return, 3M Nifty outperformance, 6M Nifty outperformance, Positive across 1M/3M/6M",23.47,Profit Booking Zone,76.59,2481.98,3999.8,61.15,100.0,80.0% of closes stayed inside the range | Range width 61.2% | Currently 100.0% through the range,36.55,20.76,10.52,12.18,50.45,234.39,43.09,2.02,0.99,294.55,1752.99,1348.98,612.03,88.5037,58.9539,22.8036,13.0,0.384,159276.48,43.01,Consumer Discretionary,21.0,20.0,12.0,17.0,5.0,75.0,1.0,Strong ROE,Very high PE,4.0,79.0,"General quality ROE, General low-debt support",53.49,0.0,,72.67,Strong,"Above 50 DMA, Above 200 DMA, Healthy RSI momentum, Near 52W high momentum, Strong ROE, Positive 1M return, Strong 3M absolute return, Strong 6M absolute return, 3M Nifty outperformance, 6M Nifty outperformance, Positive across 1M/3M/6M, 80.0% of closes stayed inside the range | Range width 61.2% | Currently 100.0% through the range"
NATIONALUM,Basic Materials,Aluminum,167.15,-1.13,56.5,174.49,195.83,4.21,66.71,146.27,104.99,27925975.6,17127399.0,0.61,Bullish,60.0,"Above 50 DMA, Above 200 DMA, Healthy RSI momentum, Near 52W high momentum",33.06,38.96,86.9,2.42,3.69,13.36,30.64,35.27,73.54,100.0,"Strong 1M absolute return, Strong 3M absolute return, Strong 6M absolute return, 1M Nifty outperformance, 3M Nifty outperformance, 6M Nifty outperformance, Positive across 1M/3M/6M",7.89,Profit Booking Zone,71.78,82.46,159.36,93.25,100.0,80.0% of closes stayed inside the range | Range width 93.3% | Currently 100.0% through the range,13.82,10.34,16.33,15.21,-7.77,38.6,0.67,1.89,1.33,43.49,96.38,2727.08,1071.13,10.5607,10.8213,3.5699,1.03,0.709,77138.53,71.34,Metals / Mining,16.0,10.0,15.0,17.0,9.0,67.0,1.0,,Revenue contraction,2.0,69.0,General low-debt support,51.98,0.0,,71.95,Strong,"Above 50 DMA, Above 200 DMA, Healthy RSI momentum, Near 52W high momentum, Strong 1M absolute return, Strong 3M absolute return, Strong 6M absolute return, 1M Nifty outperformance, 3M Nifty outperformance, 6M Nifty outperformance, Positive across 1M/3M/6M, 80.0% of closes stayed inside the range | Range width 93.3% | Currently 100.0% through the range"
DLF,Real Estate,Real Estate - Development,862.99,2.32,325.47,943.27,165.15,8.51,51.17,855.89,646.89,3960342.55,5126456.0,1.29,Bullish,75.0,"Above 50 DMA, Above 200 DMA, Healthy RSI momentum, Near 52W high momentum, Normal volume support, Strong positive day move",7.18,14.18,56.1,2.42,3.69,13.36,4.76,10.49,42.74,78.0,"Positive 1M return, Positive 3M return, Strong 6M absolute return, 3M Nifty outperformance, 6M Nifty outperformance, Positive across 1M/3M/6M",70.0,Profit Booking Zone,80.24,590.29,885.88,50.08,92.26,80.0% of closes stayed inside the range | Range width 50.1% | Currently 92.3% through the range,6.92,4.53,29.33,43.64,9.98,33.96,12.26,2.3,0.81,767.53,4833.86,2538.81,2423.29,36.8868,25.8892,3.6022,1.23,0.386,163803.75,46.51,Cement / Realty,12.0,15.0,14.0,17.0,8.0,66.0,1.0,,,2.0,68.0,General low-debt support,65.83,0.0,,71.92,Strong,"Above 50 DMA, Above 200 DMA, Healthy RSI momentum, Near 52W high momentum, Normal volume support, Strong positive day move, Positive 1M return, Positive 3M return, Strong 6M absolute return, 3M Nifty outperformance, 6M Nifty outperformance, Positive across 1M/3M/6M, 80.0% of closes stayed inside the range | Range width 50.1% | Currently 92.3% through the range"
POLYCAB,Industrials,Electrical Equipment & Parts,5415.91,1.17,2262.97,5648.17,139.33,4.11,71.37,4832.89,4835.63,393544.6,406322.0,1.03,Bullish,57.0,"Above 50 DMA, Above 200 DMA, Strong but overbought RSI, Near 52W high momentum, Normal volume support, Positive day move",15.87,23.83,1.42,2.42,3.69,13.36,13.45,20.14,-11.94,80.0,"Strong 1M absolute return, Strong 3M absolute return, Positive 6M return, 1M Nifty outperformance, 3M Nifty outperformance, Positive across 1M/3M/6M",46.47,Profit Booking Zone,81.29,4280.77,5378.74,25.65,100.0,80.0% of closes stayed inside the range | Range width 25.6% | Currently 100.0% through the range,21.79,14.77,12.73,10.05,27.39,40.39,24.71,2.42,1.4,307.03,2023.06,1296.24,437.72,48.941,36.4857,11.5631,52.0,0.636,139924.9,24.48,Capital Goods / Infra,17.0,20.0,14.0,17.0,7.0,75.0,1.0,Strong ROE,,5.0,80.0,Strong order-book-driven revenue growth,63.65,0.0,,71.8,Strong,"Above 50 DMA, Above 200 DMA, Strong but overbought RSI, Near 52W high momentum, Normal volume support, Positive day move, Strong ROE, Strong 1M absolute return, Strong 3M absolute return, Positive 6M return, 1M Nifty outperformance, 3M Nifty outperformance, Positive across 1M/3M/6M, 80.0% of closes stayed inside the range | Range width 25.6% | Currently 100.0% through the range"
RVNL,Industrials,Engineering & Construction,273.98,5.0,29.19,341.3,838.5,19.73,65.04,251.85,186.21,13561899.3,33985045.0,2.51,Bullish,75.0,"Above 50 DMA, Above 200 DMA, Healthy RSI momentum, Strong volume expansion, Strong positive day move",15.95,15.37,67.13,2.42,3.69,13.36,13.53,11.68,53.77,95.0,"Strong 1M absolute return, Positive 3M return, Strong 6M absolute return, 1M Nifty outperformance, 3M Nifty outperformance, 6M Nifty outperformance, Positive across 1M/3M/6M",40.59,Profit Booking Zone,76.88,156.45,277.48,77.36,97.1,80.0% of closes stayed inside the range | Range width 77.4% | Currently 97.1% through the range,17.78,7.92,6.21,7.09,7.87,15.57,69.17,2.13,2.12,1104.05,6032.52,2955.85,2615.42,53.4884,41.8182,4.8674,1.49,,47955.46,6.0,Capital Goods / Infra,9.0,10.0,12.0,17.0,8.0,56.0,1.0,,,0.0,56.0,,63.65,0.0,,71.65,Strong,"Above 50 DMA, Above 200 DMA, Healthy RSI momentum, Strong volume expansion, Strong positive day move, Strong 1M absolute return, Positive 3M return, Strong 6M absolute return, 1M Nifty outperformance, 3M Nifty outperformance, 6M Nifty outperformance, Positive across 1M/3M/6M, 80.0% of closes stayed inside the range | Range width 77.4% | Currently 97.1% through the range"
GAIL,Utilities,Utilities - Regulated Gas,185.49,0.45,72.05,198.5,157.43,6.55,60.86,171.8,131.33,25164050.9,13558545.0,0.54,Bullish,65.0,"Above 50 DMA, Above 200 DMA, Healthy RSI momentum, Near 52W high momentum, Positive day move",14.74,25.46,58.43,2.42,3.69,13.36,12.32,21.77,45.07,100.0,"Strong 1M absolute return, Strong 3M absolute return, Strong 6M absolute return, 1M Nifty outperformance, 3M Nifty outperformance, 6M Nifty outperformance, Positive across 1M/3M/6M",14.71,Profit Booking Zone,78.12,112.21,177.23,57.95,100.0,80.0% of closes stayed inside the range | Range width 57.9% | Currently 100.0% through the range,12.86,7.94,8.34,7.45,-8.58,76.27,28.3,0.94,0.66,1146.03,21793.77,12585.72,84.55,11.6689,9.7283,1.3128,3.14,0.515,117003.53,18.75,Energy / Utilities,9.0,10.0,7.0,17.0,15.0,58.0,1.0,,Revenue contraction,2.0,60.0,General low-debt support,62.28,0.0,,71.59,Strong,"Above 50 DMA, Above 200 DMA, Healthy RSI momentum, Near 52W high momentum, Positive day move, Strong 1M absolute return, Strong 3M absolute return, Strong 6M absolute return, 1M Nifty outperformance, 3M Nifty outperformance, 6M Nifty outperformance, Positive across 1M/3M/6M, 80.0% of closes stayed inside the range | Range width 57.9% | Currently 100.0% through the range"
IRCTC,Consumer Cyclical,Travel Services,988.74,1.62,538.33,1039.81,83.67,4.91,58.92,928.33,764.5,3525044.9,1744634.0,0.49,Bullish,65.0,"Above 50 DMA, Above 200 DMA, Healthy RSI momentum, Near 52W high momentum, Positive day move",12.68,8.73,45.03,2.42,3.69,13.36,10.26,5.04,31.67,80.0,"Strong 1M absolute return, Positive 3M return, Strong 6M absolute return, 1M Nifty outperformance, 6M Nifty outperformance, Positive across 1M/3M/6M",26.53,Profit Booking Zone,79.71,655.69,966.53,47.41,100.0,80.0% of closes stayed inside the range | Range width 47.4% | Currently 100.0% through the range,34.4,18.24,33.26,26.08,20.31,10.46,1.87,1.95,1.95,706.34,60.35,882.17,649.68,29.5824,22.5736,9.5354,1.84,0.171,41084.0,36.63,Consumer Discretionary,25.0,13.0,19.0,17.0,8.0,82.0,1.0,"Strong ROE, Cash covers debt",,4.0,86.0,"General quality ROE, General low-debt support",53.49,3.0,Low volume participation,71.37,Strong,"Above 50 DMA, Above 200 DMA, Healthy RSI momentum, Near 52W high momentum, Positive day move, Strong ROE, Cash covers debt, Strong 1M absolute return, Positive 3M return, Strong 6M absolute return, 1M Nifty outperformance, 6M Nifty outperformance, Positive across 1M/3M/6M, 80.0% of closes stayed inside the range | Range width 47.4% | Currently 100.0% through the range"
EICHERMOT,Consumer Cyclical,Auto Manufacturers,4367.65,1.19,2710.4,4381.9,61.14,0.33,75.23,3829.1,3549.59,925800.4,740619.0,0.8,Bullish,52.0,"Above 50 DMA, Above 200 DMA, Strong but overbought RSI, Near 52W high momentum, Positive day move",16.69,20.5,29.64,2.42,3.69,13.36,14.27,16.81,16.28,95.0,"Strong 1M absolute return, Strong 3M absolute return, Positive 6M return, 1M Nifty outperformance, 3M Nifty outperformance, 6M Nifty outperformance, Positive across 1M/3M/6M",18.37,Profit Booking Zone,81.6,3429.71,3997.62,16.56,100.0,80.0% of closes stayed inside the range | Range width 16.6% | Currently 100.0% through the range,22.17,17.3,23.39,24.65,14.52,37.31,2.32,1.15,0.76,107.21,419.44,3723.71,2905.2,38.2557,29.6311,8.7966,1.03,0.226,220962.51,42.31,Automobile,22.0,15.0,11.0,17.0,6.0,71.0,1.0,Strong ROE,,4.0,75.0,"General quality ROE, General low-debt support",53.49,0.0,,71.02,Strong,"Above 50 DMA, Above 200 DMA, Strong but overbought RSI, Near 52W high momentum, Positive day move, Strong ROE, Strong 1M absolute return, Strong 3M absolute return, Positive 6M return, 1M Nifty outperformance, 3M Nifty outperformance, 6M Nifty outperformance, Positive across 1M/3M/6M, 80.0% of closes stayed inside the range | Range width 16.6% | Currently 100.0% through the range"
BAJAJ-AUTO,Consumer Cyclical,Auto Manufacturers,8391.14,0.0,3203.99,8927.43,161.9,6.01,49.3,8178.16,6031.11,587515.55,295346.0,0.5,Bullish,47.0,"Above 50 DMA, Above 200 DMA, RSI recovering, Positive day move",1.86,22.74,73.26,2.42,3.69,13.36,-0.56,19.05,59.9,88.0,"Positive 1M return, Strong 3M absolute return, Strong 6M absolute return, 3M Nifty outperformance, 6M Nifty outperformance, Positive across 1M/3M/6M",23.47,Profit Booking Zone,72.4,5169.68,8567.55,65.73,94.81,80.0% of closes stayed inside the range | Range width 65.7% | Currently 94.8% through the range,26.61,19.58,18.89,17.61,23.71,27.19,6.17,1.3,1.12,560.45,1785.9,6551.53,5828.69,27.8148,24.7664,8.4212,1.28,0.633,321520.48,34.19,Automobile,23.0,18.0,13.0,17.0,8.0,79.0,1.0,Strong ROE,,4.0,83.0,"General quality ROE, General low-debt support",53.49,0.0,,70.82,Strong,"Above 50 DMA, Above 200 DMA, RSI recovering, Positive day move, Strong ROE, Positive 1M return, Strong 3M absolute return, Strong 6M absolute return, 3M Nifty outperformance, 6M Nifty outperformance, Positive across 1M/3M/6M, 80.0% of closes stayed inside the range | Range width 65.7% | Currently 94.8% through the range"
SOLARINDS,Basic Materials,Specialty Chemicals,8625.79,1.47,3150.56,9430.78,173.79,8.54,57.26,7833.61,5963.9,184277.4,211017.0,1.15,Bullish,70.0,"Above 50 DMA, Above 200 DMA, Healthy RSI momentum, Near 52W high momentum, Normal volume support, Positive day move",1.62,27.53,64.61,2.42,3.69,13.36,-0.8,23.84,51.25,88.0,"Positive 1M return, Strong 3M absolute return, Strong 6M absolute return, 3M Nifty outperformance, 6M Nifty outperformance, Positive across 1M/3M/6M",19.3,Profit Booking Zone,81.23,6017.54,8642.36,43.62,99.37,80.0% of closes stayed inside the range | Range width 43.6% | Currently 99.4% through the range,25.29,14.57,24.09,14.15,-12.71,10.4,41.37,1.76,1.2,258.98,1367.55,1406.01,846.26,100.7965,56.2038,27.0006,6.0,0.238,169487.88,49.2,Chemicals,23.0,5.0,13.0,17.0,5.0,63.0,1.0,Strong ROE,"Revenue contraction, Very high PE",4.0,67.0,"General quality ROE, General low-debt support",51.98,0.0,,70.75,Strong,"Above 50 DMA, Above 200 DMA, Healthy RSI momentum, Near 52W high momentum, Normal volume support, Positive day move, Strong ROE, Positive 1M return, Strong 3M absolute return, Strong 6M absolute return, 3M Nifty outperformance, 6M Nifty outperformance, Positive across 1M/3M/6M, 80.0% of closes stayed inside the range | Range width 43.6% | Currently 99.4% through the range"
COLPAL,Consumer Defensive,Household & Personal Products,2547.55,1.24,1327.04,2666.53,91.97,4.46,52.94,2483.49,2124.05,444723.0,366331.0,0.82,Bullish,65.0,"Above 50 DMA, Above 200 DMA, Healthy RSI momentum, Near 52W high momentum, Positive day move",0.96,7.62,31.07,2.42,3.69,13.36,-1.46,3.93,17.71,63.0,"Positive 1M return, Positive 3M return, Strong 6M absolute return, 6M Nifty outperformance, Positive across 1M/3M/6M",19.57,Profit Booking Zone,82.84,2015.76,2548.17,26.41,99.88,80.0% of closes stayed inside the range | Range width 26.4% | Currently 99.9% through the range,70.62,41.41,30.65,23.45,8.8,26.41,3.83,1.54,1.3,888.99,71.75,1198.96,1123.4,40.4887,34.0636,34.4253,2.39,0.522,54533.12,68.93,FMCG / Consumer,25.0,15.0,18.0,17.0,7.0,82.0,1.0,"Strong ROE, Cash covers debt",,8.0,90.0,"Strong ROE for a consumer staples business, Low debt, typical of a healthy consumer business",47.82,0.0,,70.67,Strong,"Above 50 DMA, Above 200 DMA, Healthy RSI momentum, Near 52W high momentum, Positive day move, Strong ROE, Cash covers debt, Positive 1M return, Positive 3M return, Strong 6M absolute return, 6M Nifty outperformance, Positive across 1M/3M/6M, 80.0% of closes stayed inside the range | Range width 26.4% | Currently 99.9% through the range"
POWERINDIA,Industrials,Electrical Equipment & Parts,8068.32,-0.71,2836.07,8494.55,184.49,5.02,67.17,6664.89,5158.16,68812.9,43871.0,0.64,Bullish,60.0,"Above 50 DMA, Above 200 DMA, Healthy RSI momentum, Near 52W high momentum",21.19,37.53,77.44,2.42,3.69,13.36,18.77,33.84,64.08,100.0,"Strong 1M absolute return, Strong 3M absolute return, Strong 6M absolute return, 1M Nifty outperformance, 3M Nifty outperformance, 6M Nifty outperformance, Positive across 1M/3M/6M",19.41,Profit Booking Zone,76.89,4474.77,7124.23,59.21,100.0,80.0% of closes stayed inside the range | Range width 59.2% | Currently 100.0% through the range,12.04,3.48,5.4,3.21,17.57,74.42,15.71,1.16,0.89,128.04,213.68,252.31,162.95,138.2239,72.2106,30.8289,2.0,0.572,159569.06,38.99,Capital Goods / Infra,4.0,18.0,11.0,17.0,5.0,55.0,1.0,,Very high PE,5.0,60.0,Strong order-book-driven revenue growth,63.65,0.0,,70.55,Strong,"Above 50 DMA, Above 200 DMA, Healthy RSI momentum, Near 52W high momentum, Strong 1M absolute return, Strong 3M absolute return, Strong 6M absolute return, 1M Nifty outperformance, 3M Nifty outperformance, 6M Nifty outperformance, Positive across 1M/3M/6M, 80.0% of closes stayed inside the range | Range width 59.2% | Currently 100.0% through the range"
JSWINFRA,Industrials,Marine Shipping,246.37,2.54,141.18,274.22,74.51,10.16,55.98,238.13,,4441954.1,4163872.0,0.94,Bullish,55.0,"Above 50 DMA, Healthy RSI momentum, Near 52W high momentum, Strong positive day move",6.07,19.33,47.84,2.42,3.69,13.36,3.65,15.64,34.48,78.0,"Positive 1M return, Positive 3M return, Strong 6M absolute return, 3M Nifty outperformance, 6M Nifty outperformance, Positive across 1M/3M/6M",52.35,Profit Booking Zone,80.35,198.86,248.44,24.93,95.81,80.0% of closes stayed inside the range | Range width 24.9% | Currently 95.8% through the range,14.4,8.36,41.12,30.72,19.26,56.24,59.29,7.4,7.25,723.39,4758.48,1803.21,1554.5,48.9548,30.9322,6.6442,26.0,0.554,80243.51,52.82,Capital Goods / Infra,20.0,18.0,12.0,17.0,7.0,74.0,1.0,,,5.0,79.0,Strong order-book-driven revenue growth,63.65,0.0,,70.45,Strong,"Above 50 DMA, Healthy RSI momentum, Near 52W high momentum, Strong positive day move, Positive 1M return, Positive 3M return, Strong 6M absolute return, 3M Nifty outperformance, 6M Nifty outperformance, Positive across 1M/3M/6M, 80.0% of closes stayed inside the range | Range width 24.9% | Currently 95.8% through the range"
GODFRYPHLP,Consumer Defensive,Tobacco,998.28,1.59,328.0,1178.7,204.35,15.31,53.69,943.78,732.9,239736.75,110892.0,0.46,Bullish,55.0,"Above 50 DMA, Above 200 DMA, Healthy RSI momentum, Positive day move",4.8,46.54,42.89,2.42,3.69,13.36,2.38,42.85,29.53,88.0,"Positive 1M return, Strong 3M absolute return, Strong 6M absolute return, 3M Nifty outperformance, 6M Nifty outperformance, Positive across 1M/3M/6M",4.35,Profit Booking Zone,77.16,664.25,998.42,50.31,99.96,80.0% of closes stayed inside the range | Range width 50.3% | Currently 100.0% through the range,20.87,15.11,19.85,22.25,12.42,27.89,8.13,1.66,0.47,10.46,344.04,290.24,190.13,25.0856,19.6164,5.5211,2.25,0.33,34300.39,43.61,FMCG / Consumer,22.0,15.0,13.0,17.0,11.0,78.0,1.0,Strong ROE,,8.0,86.0,"Strong ROE for a consumer staples business, Low debt, typical of a healthy consumer business",47.82,3.0,Low volume participation,70.02,Strong,"Above 50 DMA, Above 200 DMA, Healthy RSI momentum, Positive day move, Strong ROE, Positive 1M return, Strong 3M absolute return, Strong 6M absolute return, 3M Nifty outperformance, 6M Nifty outperformance, Positive across 1M/3M/6M, 80.0% of closes stayed inside the range | Range width 50.3% | Currently 100.0% through the range"
SBIN,Financial Services,Banks - Regional,732.09,0.9,463.91,751.41,57.81,2.57,58.29,712.12,601.64,14695866.55,12292429.0,0.84,Bullish,65.0,"Above 50 DMA, Above 200 DMA, Healthy RSI momentum, Near 52W high momentum, Positive day move",4.99,23.48,34.28,2.42,3.69,13.36,2.57,19.79,20.92,88.0,"Positive 1M return, Strong 3M absolute return, Strong 6M absolute return, 3M Nifty outperformance, 6M Nifty outperformance, Positive across 1M/3M/6M",24.42,Profit Booking Zone,81.49,535.59,725.75,35.51,100.0,80.0% of closes stayed inside the range | Range width 35.5% | Currently 100.0% through the range,16.17,1.0,,20.73,19.71,20.55,134.12,,,597567.78,556503.24,21632.43,17457.3,11.5734,10.297,1.6754,1.63,0.385,998752.81,0.0,Banking,10.0,16.0,5.0,17.0,14.0,62.0,0.79,Cash covers debt,,6.0,68.0,Strong ROE for a leveraged-balance-sheet business,53.01,0.0,,70.0,Strong,"Above 50 DMA, Above 200 DMA, Healthy RSI momentum, Near 52W high momentum, Positive day move, Cash covers debt, Positive 1M return, Strong 3M absolute return, Strong 6M absolute return, 3M Nifty outperformance, 6M Nifty outperformance, Positive across 1M/3M/6M, 80.0% of closes stayed inside the range | Range width 35.5% | Currently 100.0% through the range"
PHOENIXLTD,Real Estate,Real Estate - Diversified,1578.42,2.3,589.78,1627.55,167.63,3.02,69.6,1398.81,1094.71,1042168.2,1314666.0,1.26,Bullish,75.0,"Above 50 DMA, Above 200 DMA, Healthy RSI momentum, Near 52W high momentum, Normal volume support, Strong positive day move",23.52,30.93,64.5,2.42,3.69,13.36,21.1,27.24,51.14,100.0,"Strong 1M absolute return, Strong 3M absolute return, Strong 6M absolute return, 1M Nifty outperformance, 3M Nifty outperformance, 6M Nifty outperformance, Positive across 1M/3M/6M",15.0,Profit Booking Zone,83.13,1041.8,1443.76,38.58,100.0,80.0% of closes stayed inside the range | Range width 38.6% | Currently 100.0% through the range,11.62,5.71,50.05,28.19,49.9,-17.66,49.05,1.54,1.19,454.44,4639.24,2160.94,487.29,52.0776,38.1787,6.199,13.0,0.324,68134.93,93.68,Cement / Realty,16.0,10.0,13.0,17.0,7.0,63.0,1.0,,Earnings contraction,2.0,65.0,General low-debt support,65.83,7.0,Earnings contraction,69.37,Strong,"Above 50 DMA, Above 200 DMA, Healthy RSI momentum, Near 52W high momentum, Normal volume support, Strong positive day move, Strong 1M absolute return, Strong 3M absolute return, Strong 6M absolute return, 1M Nifty outperformance, 3M Nifty outperformance, 6M Nifty outperformance, Positive across 1M/3M/6M, 80.0% of closes stayed inside the range | Range width 38.6% | Currently 100.0% through the range"
ADANIPORTS,Industrials,Marine Shipping,1304.58,0.08,387.26,1406.07,236.87,7.22,50.61,1291.53,979.05,4392477.3,3847872.0,0.88,Bullish,65.0,"Above 50 DMA, Above 200 DMA, Healthy RSI momentum, Near 52W high momentum, Positive day move",6.16,13.31,64.1,2.42,3.69,13.36,3.74,9.62,50.74,63.0,"Positive 1M return, Positive 3M return, Strong 6M absolute return, 6M Nifty outperformance, Positive across 1M/3M/6M",60.0,Profit Booking Zone,76.31,790.36,1320.43,67.07,97.01,80.0% of closes stayed inside the range | Range width 67.1% | Currently 97.0% through the range,15.32,6.82,45.5,30.36,28.1,52.78,92.86,1.06,1.03,1575.73,49166.66,15017.58,7601.28,28.4908,21.3027,3.9976,45.0,0.507,383609.18,64.4,Capital Goods / Infra,18.0,20.0,8.0,17.0,11.0,74.0,1.0,,,5.0,79.0,Strong order-book-driven revenue growth,63.65,0.0,,69.2,Strong,"Above 50 DMA, Above 200 DMA, Healthy RSI momentum, Near 52W high momentum, Positive day move, Positive 1M return, Positive 3M return, Strong 6M absolute return, 6M Nifty outperformance, Positive across 1M/3M/6M, 80.0% of closes stayed inside the range | Range width 67.1% | Currently 97.0% through the range"
ETERNAL,Consumer Cyclical,Internet Retail,187.45,-3.05,44.35,199.7,322.66,6.13,57.34,169.09,123.15,39121355.8,35740731.0,0.91,Bullish,60.0,"Above 50 DMA, Above 200 DMA, Healthy RSI momentum, Near 52W high momentum",13.19,47.14,68.12,2.42,3.69,13.36,10.77,43.45,54.76,100.0,"Strong 1M absolute return, Strong 3M absolute return, Strong 6M absolute return, 1M Nifty outperformance, 3M Nifty outperformance, 6M Nifty outperformance, Positive across 1M/3M/6M",8.16,Profit Booking Zone,77.0,116.48,184.57,58.46,100.0,80.0% of closes stayed inside the range | Range width 58.5% | Currently 100.0% through the range,1.72,1.5,-3.16,2.9,72.2,136.15,3.67,2.62,2.58,309.0,749.0,646.0,431.0,713.75,82.0471,9.2835,,0.225,289095.37,35.19,Consumer Discretionary,0.0,20.0,17.0,17.0,3.0,57.0,0.93,,Very high PE,2.0,59.0,General low-debt support,53.49,0.0,,68.67,Strong,"Above 50 DMA, Above 200 DMA, Healthy RSI momentum, Near 52W high momentum, Strong 1M absolute return, Strong 3M absolute return, Strong 6M absolute return, 1M Nifty outperformance, 3M Nifty outperformance, 6M Nifty outperformance, Positive across 1M/3M/6M, 80.0% of closes stayed inside the range | Range width 58.5% | Currently 100.0% through the range"
NAUKRI,Communication Services,Internet Content & Information,1150.64,0.46,650.59,1254.88,76.86,8.31,58.25,1072.47,948.86,1912074.5,1203355.0,0.63,Bullish,65.0,"Above 50 DMA, Above 200 DMA, Healthy RSI momentum, Near 52W high momentum, Positive day move",14.22,12.62,41.55,2.42,3.69,13.36,11.8,8.93,28.19,80.0,"Strong 1M absolute return, Positive 3M return, Strong 6M absolute return, 1M Nifty outperformance, 6M Nifty outperformance, Positive across 1M/3M/6M",28.57,Profit Booking Zone,82.97,889.19,1117.22,25.64,100.0,80.0% of closes stayed inside the range | Range width 25.6% | Currently 100.0% through the range,1.9,1.59,29.2,22.68,8.13,635.53,0.81,2.9,,331.9,246.39,702.3,672.6,54.3867,57.9013,2.2877,1.06,0.288,86732.07,56.39,Telecom,12.0,15.0,17.0,17.0,7.0,68.0,0.93,Cash covers debt,,2.0,70.0,General low-debt support,48.24,0.0,,67.99,Strong,"Above 50 DMA, Above 200 DMA, Healthy RSI momentum, Near 52W high momentum, Positive day move, Cash covers debt, Strong 1M absolute return, Positive 3M return, Strong 6M absolute return, 1M Nifty outperformance, 6M Nifty outperformance, Positive across 1M/3M/6M, 80.0% of closes stayed inside the range | Range width 25.6% | Currently 100.0% through the range"
MAZDOCK,Industrials,Aerospace & Defense,1111.36,3.98,144.32,1226.18,670.08,9.36,61.47,1022.75,992.11,3841528.7,8826782.0,2.3,Bullish,85.0,"Above 50 DMA, Above 200 DMA, Healthy RSI momentum, Near 52W high momentum, Strong volume expansion, Strong positive day move",22.77,-5.46,5.24,2.42,3.69,13.36,20.35,-9.15,-8.12,35.0,"Strong 1M absolute return, Positive 6M return, 1M Nifty outperformance",84.71,Profit Booking Zone,86.72,937.31,1127.33,20.27,91.6,80.0% of closes stayed inside the range | Range width 20.3% | Currently 91.6% through the range,31.02,6.58,14.76,21.36,19.57,73.09,0.27,1.14,0.89,5218.48,16.55,683.75,673.74,38.4627,32.1624,10.5529,82.0,0.624,102942.58,32.58,Capital Goods / Infra,19.0,18.0,14.0,17.0,7.0,75.0,1.0,"Strong ROE, Cash covers debt",,5.0,80.0,Strong order-book-driven revenue growth,63.65,0.0,,67.55,Strong,"Above 50 DMA, Above 200 DMA, Healthy RSI momentum, Near 52W high momentum, Strong volume expansion, Strong positive day move, Strong ROE, Cash covers debt, Strong 1M absolute return, Positive 6M return, 1M Nifty outperformance, 80.0% of closes stayed inside the range | Range width 20.3% | Currently 91.6% through the range"
CONCOR,Industrials,Railroads,917.51,0.27,530.94,994.23,72.81,7.72,56.25,902.26,766.26,1738616.35,1271123.0,0.73,Bullish,65.0,"Above 50 DMA, Above 200 DMA, Healthy RSI momentum, Near 52W high momentum, Positive day move",12.95,11.93,33.22,2.42,3.69,13.36,10.53,8.24,19.86,80.0,"Strong 1M absolute return, Positive 3M return, Strong 6M absolute return, 1M Nifty outperformance, 6M Nifty outperformance, Positive across 1M/3M/6M",46.47,Profit Booking Zone,80.61,712.5,939.23,31.82,90.42,80.0% of closes stayed inside the range | Range width 31.8% | Currently 90.4% through the range,10.54,8.88,16.74,15.66,6.93,6.22,7.73,3.44,3.4,193.47,914.48,1386.8,588.87,31.2607,21.9481,3.0133,1.25,0.228,38998.65,39.47,Capital Goods / Infra,14.0,4.0,17.0,17.0,10.0,62.0,1.0,,,0.0,62.0,,63.65,0.0,,67.5,Strong,"Above 50 DMA, Above 200 DMA, Healthy RSI momentum, Near 52W high momentum, Positive day move, Strong 1M absolute return, Positive 3M return, Strong 6M absolute return, 1M Nifty outperformance, 6M Nifty outperformance, Positive across 1M/3M/6M, 80.0% of closes stayed inside the range | Range width 31.8% | Currently 90.4% through the range"
KALYANKJIL,Consumer Cyclical,Luxury Goods,412.52,3.22,68.94,447.39,498.37,7.79,53.6,391.99,299.77,2237493.15,1815454.0,0.81,Bullish,70.0,"Above 50 DMA, Above 200 DMA, Healthy RSI momentum, Near 52W high momentum, Strong positive day move",12.75,14.5,46.08,2.42,3.69,13.36,10.33,10.81,32.72,95.0,"Strong 1M absolute return, Positive 3M return, Strong 6M absolute return, 1M Nifty outperformance, 3M Nifty outperformance, 6M Nifty outperformance, Positive across 1M/3M/6M",18.37,Profit Booking Zone,83.18,314.49,412.57,31.18,99.95,80.0% of closes stayed inside the range | Range width 31.2% | Currently 99.9% through the range,14.26,4.66,5.71,3.23,31.71,37.92,107.3,1.32,0.22,177.71,4494.95,1321.8,950.35,43.4913,31.2985,9.7562,25.0,-0.216,61624.25,12.7,Consumer Discretionary,4.0,20.0,4.0,17.0,7.0,52.0,1.0,,,0.0,52.0,,53.49,0.0,,67.47,Strong,"Above 50 DMA, Above 200 DMA, Healthy RSI momentum, Near 52W high momentum, Strong positive day move, Strong 1M absolute return, Positive 3M return, Strong 6M absolute return, 1M Nifty outperformance, 3M Nifty outperformance, 6M Nifty outperformance, Positive across 1M/3M/6M, 80.0% of closes stayed inside the range | Range width 31.2% | Currently 99.9% through the range"
MARUTI,Consumer Cyclical,Auto Manufacturers,12610.14,1.65,7763.06,12637.56,62.44,0.22,66.29,11476.58,10244.6,564170.75,397281.0,0.7,Bullish,65.0,"Above 50 DMA, Above 200 DMA, Healthy RSI momentum, Near 52W high momentum, Positive day move",8.84,29.29,21.41,2.42,3.69,13.36,6.42,25.6,8.05,73.0,"Positive 1M return, Strong 3M absolute return, Positive 6M return, 1M Nifty outperformance, 3M Nifty outperformance, Positive across 1M/3M/6M",28.57,Profit Booking Zone,83.2,9719.24,12065.89,24.14,100.0,80.0% of closes stayed inside the range | Range width 24.1% | Currently 100.0% through the range,15.75,11.69,9.82,9.88,19.97,63.22,0.14,0.87,0.67,2659.5,118.6,16801.1,7601.2,30.423,22.9458,4.071,100.0,0.239,436233.54,26.35,Automobile,11.0,18.0,12.0,17.0,11.0,69.0,1.0,Cash covers debt,,2.0,71.0,General low-debt support,53.49,0.0,,67.37,Strong,"Above 50 DMA, Above 200 DMA, Healthy RSI momentum, Near 52W high momentum, Positive day move, Cash covers debt, Positive 1M return, Strong 3M absolute return, Positive 6M return, 1M Nifty outperformance, 3M Nifty outperformance, Positive across 1M/3M/6M, 80.0% of closes stayed inside the range | Range width 24.1% | Currently 100.0% through the range"
IPCALAB,Healthcare,Drug Manufacturers - Specialty & Generic,1313.81,-0.38,663.43,1364.07,98.03,3.68,63.09,1217.35,1027.67,801947.55,260533.0,0.32,Bullish,60.0,"Above 50 DMA, Above 200 DMA, Healthy RSI momentum, Near 52W high momentum",14.04,17.84,37.62,2.42,3.69,13.36,11.62,14.15,24.26,95.0,"Strong 1M absolute return, Positive 3M return, Strong 6M absolute return, 1M Nifty outperformance, 3M Nifty outperformance, 6M Nifty outperformance, Positive across 1M/3M/6M",11.9,Profit Booking Zone,83.01,1043.61,1235.38,18.38,100.0,80.0% of closes stayed inside the range | Range width 18.4% | Currently 100.0% through the range,8.64,4.93,12.26,7.18,22.81,16.13,22.72,2.35,1.3,208.91,1438.36,944.65,533.36,39.3189,26.9068,5.5581,34.0,0.035,44819.39,67.23,Pharma / Healthcare,8.0,16.0,14.0,17.0,9.0,64.0,1.0,,,2.0,66.0,General low-debt support,53.05,3.0,Low volume participation,66.81,Strong,"Above 50 DMA, Above 200 DMA, Healthy RSI momentum, Near 52W high momentum, Strong 1M absolute return, Positive 3M return, Strong 6M absolute return, 1M Nifty outperformance, 3M Nifty outperformance, 6M Nifty outperformance, Positive across 1M/3M/6M, 80.0% of closes stayed inside the range | Range width 18.4% | Currently 100.0% through the range"
VOLTAS,Consumer Cyclical,"Furnishings, Fixtures & Appliances",1378.53,0.9,724.31,1389.44,90.32,0.79,77.19,1127.54,925.69,2672370.1,2294024.0,0.86,Bullish,52.0,"Above 50 DMA, Above 200 DMA, Strong but overbought RSI, Near 52W high momentum, Positive day move",33.19,32.58,63.73,2.42,3.69,13.36,30.77,28.89,50.37,100.0,"Strong 1M absolute return, Strong 3M absolute return, Strong 6M absolute return, 1M Nifty outperformance, 3M Nifty outperformance, 6M Nifty outperformance, Positive across 1M/3M/6M",8.16,Profit Booking Zone,77.02,817.79,1203.2,47.13,100.0,80.0% of closes stayed inside the range | Range width 47.1% | Currently 100.0% through the range,4.33,2.09,3.44,2.03,32.0,86.65,12.78,1.34,0.97,815.3,743.63,761.51,468.46,113.2572,38.3226,6.6943,31.0,0.138,42684.13,22.23,Consumer Discretionary,0.0,20.0,14.0,17.0,5.0,56.0,1.0,Cash covers debt,Very high PE,2.0,58.0,General low-debt support,53.49,0.0,,66.32,Strong,"Above 50 DMA, Above 200 DMA, Strong but overbought RSI, Near 52W high momentum, Positive day move, Cash covers debt, Strong 1M absolute return, Strong 3M absolute return, Strong 6M absolute return, 1M Nifty outperformance, 3M Nifty outperformance, 6M Nifty outperformance, Positive across 1M/3M/6M, 80.0% of closes stayed inside the range | Range width 47.1% | Currently 100.0% through the range"
HONAUT,Industrials,Electrical Equipment & Parts,44505.78,0.18,34012.96,45107.58,30.85,1.33,76.73,39050.6,38729.48,7877.8,3185.0,0.4,Bullish,52.0,"Above 50 DMA, Above 200 DMA, Strong but overbought RSI, Near 52W high momentum, Positive day move",19.59,20.34,18.39,2.42,3.69,13.36,17.17,16.65,5.03,80.0,"Strong 1M absolute return, Strong 3M absolute return, Positive 6M return, 1M Nifty outperformance, 3M Nifty outperformance, Positive across 1M/3M/6M",46.47,Profit Booking Zone,82.16,35710.31,40290.73,12.83,100.0,80.0% of closes stayed inside the range | Range width 12.8% | Currently 100.0% through the range,13.9,10.24,13.78,12.37,18.15,14.47,1.65,3.72,3.59,2822.4,59.6,438.7,406.7,60.9754,45.3198,7.4533,29.0,0.513,33283.77,38.95,Capital Goods / Infra,16.0,13.0,20.0,17.0,5.0,71.0,1.0,Cash covers debt,,5.0,76.0,Strong order-book-driven revenue growth,63.65,3.0,Low volume participation,66.15,Strong,"Above 50 DMA, Above 200 DMA, Strong but overbought RSI, Near 52W high momentum, Positive day move, Cash covers debt, Strong 1M absolute return, Strong 3M absolute return, Positive 6M return, 1M Nifty outperformance, 3M Nifty outperformance, Positive across 1M/3M/6M, 80.0% of closes stayed inside the range | Range width 12.8% | Currently 100.0% through the range"
ZYDUSLIFE,Healthcare,Drug Manufacturers - Specialty & Generic,945.37,-0.03,341.92,1016.56,176.49,7.0,49.7,931.22,705.14,1275912.55,1094642.0,0.86,Bullish,42.0,"Above 50 DMA, Above 200 DMA, RSI recovering",-1.23,35.19,62.29,2.42,3.69,13.36,-3.65,31.5,48.93,70.0,"Strong 3M absolute return, Strong 6M absolute return, 3M Nifty outperformance, 6M Nifty outperformance",30.95,Profit Booking Zone,71.72,611.12,976.88,59.85,91.39,80.0% of closes stayed inside the range | Range width 59.9% | Currently 91.4% through the range,19.46,13.18,23.86,20.29,12.7,96.88,4.06,2.15,1.51,413.0,804.2,3196.3,2289.7,26.8374,24.5592,4.4723,8.0,0.37,120199.21,72.11,Pharma / Healthcare,22.0,15.0,17.0,17.0,11.0,82.0,1.0,Strong ROE,,4.0,86.0,"General quality ROE, General low-debt support",53.05,0.0,,66.06,Strong,"Above 50 DMA, Above 200 DMA, RSI recovering, Strong ROE, Strong 3M absolute return, Strong 6M absolute return, 3M Nifty outperformance, 6M Nifty outperformance, 80.0% of closes stayed inside the range | Range width 59.9% | Currently 91.4% through the range"
NHPC,Utilities,Utilities - Renewable,85.3,1.36,29.88,108.44,185.48,21.34,50.87,85.15,61.2,64631569.85,42558278.0,0.66,Bullish,55.0,"Above 50 DMA, Above 200 DMA, Healthy RSI momentum, Positive day move",8.33,24.83,74.74,2.42,3.69,13.36,5.91,21.14,61.38,98.0,"Positive 1M return, Strong 3M absolute return, Strong 6M absolute return, 1M Nifty outperformance, 3M Nifty outperformance, 6M Nifty outperformance, Positive across 1M/3M/6M",32.35,Profit Booking Zone,71.17,48.27,88.28,82.88,92.55,80.0% of closes stayed inside the range | Range width 82.9% | Currently 92.6% through the range,9.3,3.9,43.32,38.86,-11.7,-7.87,84.76,1.27,1.24,1499.4,32776.44,7252.14,282.82,28.1502,12.0078,1.8676,2.09,0.191,77196.09,93.4,Energy / Utilities,14.0,0.0,8.0,17.0,13.0,52.0,1.0,,"Revenue contraction, Earnings contraction",0.0,52.0,,62.28,0.0,,65.79,Strong,"Above 50 DMA, Above 200 DMA, Healthy RSI momentum, Positive day move, Positive 1M return, Strong 3M absolute return, Strong 6M absolute return, 1M Nifty outperformance, 3M Nifty outperformance, 6M Nifty outperformance, Positive across 1M/3M/6M, 80.0% of closes stayed inside the range | Range width 82.9% | Currently 92.6% through the range"
HSCL,Basic Materials,Specialty Chemicals,366.19,5.0,79.72,397.12,359.35,7.79,67.23,336.55,268.89,572554.65,1064963.0,1.86,Bullish,80.0,"Above 50 DMA, Above 200 DMA, Healthy RSI momentum, Near 52W high momentum, Volume expansion, Strong positive day move",15.28,-2.45,43.72,2.42,3.69,13.36,12.86,-6.14,30.36,60.0,"Strong 1M absolute return, Strong 6M absolute return, 1M Nifty outperformance, 6M Nifty outperformance",40.35,Profit Booking Zone,82.0,251.59,372.34,48.0,94.91,80.0% of closes stayed inside the range | Range width 48.0% | Currently 94.9% through the range,13.49,9.23,13.99,9.82,0.31,90.19,19.86,1.92,1.33,214.88,604.96,404.76,352.01,47.3835,37.0097,8.1727,11.0,0.264,38468.74,36.82,Chemicals,14.0,10.0,15.0,17.0,7.0,63.0,1.0,,,2.0,65.0,General low-debt support,51.98,0.0,,65.55,Strong,"Above 50 DMA, Above 200 DMA, Healthy RSI momentum, Near 52W high momentum, Volume expansion, Strong positive day move, Strong 1M absolute return, Strong 6M absolute return, 1M Nifty outperformance, 6M Nifty outperformance, 80.0% of closes stayed inside the range | Range width 48.0% | Currently 94.9% through the range"
COCHINSHIP,Industrials,Aerospace & Defense,1235.85,13.29,154.78,1263.53,698.47,2.19,75.02,915.37,619.53,5373881.85,17053747.0,3.17,Bullish,72.0,"Above 50 DMA, Above 200 DMA, Strong but overbought RSI, Near 52W high momentum, Strong volume expansion, Strong positive day move",42.55,48.03,139.03,2.42,3.69,13.36,40.13,44.34,125.67,100.0,"Strong 1M absolute return, Strong 3M absolute return, Strong 6M absolute return, 1M Nifty outperformance, 3M Nifty outperformance, 6M Nifty outperformance, Positive across 1M/3M/6M",19.41,Breakout Watch,73.29,511.67,1044.57,104.15,100.0,80.0% of closes stayed inside the range | Range width 104.1% | Currently 100.0% through the range | Above upper band on elevated volume,15.66,6.5,22.46,20.88,61.76,157.06,10.04,1.32,1.17,306.41,502.2,-171.59,-805.41,55.3066,34.0724,6.7461,89.0,0.582,39619.97,34.96,Capital Goods / Infra,17.0,20.0,13.0,0.0,7.0,57.0,1.0,,"Negative operating cash flow, Negative free cash flow",5.0,62.0,Strong order-book-driven revenue growth,63.65,9.0,"Negative operating cash flow, Negative free cash flow",65.25,Strong,"Above 50 DMA, Above 200 DMA, Strong but overbought RSI, Near 52W high momentum, Strong volume expansion, Strong positive day move, Strong 1M absolute return, Strong 3M absolute return, Strong 6M absolute return, 1M Nifty outperformance, 3M Nifty outperformance, 6M Nifty outperformance, Positive across 1M/3M/6M, 80.0% of closes stayed inside the range | Range width 104.1% | Currently 100.0% through the range | Above upper band on elevated volume"
THERMAX,Industrials,Conglomerates,4498.04,-1.25,1804.31,4927.52,149.29,8.72,63.1,3861.66,3049.87,187156.3,288963.0,1.54,Bullish,70.0,"Above 50 DMA, Above 200 DMA, Healthy RSI momentum, Near 52W high momentum, Volume expansion",23.33,47.15,55.93,2.42,3.69,13.36,20.91,43.46,42.57,100.0,"Strong 1M absolute return, Strong 3M absolute return, Strong 6M absolute return, 1M Nifty outperformance, 3M Nifty outperformance, 6M Nifty outperformance, Positive across 1M/3M/6M",19.41,Profit Booking Zone,78.22,2674.6,4394.53,64.31,100.0,80.0% of closes stayed inside the range | Range width 64.3% | Currently 100.0% through the range,14.53,6.36,7.35,6.99,14.98,43.3,29.18,1.36,1.2,487.13,1295.54,247.3,-596.64,77.4232,45.6669,8.2899,35.0,0.321,45997.83,34.09,Capital Goods / Infra,9.0,15.0,11.0,9.0,5.0,49.0,1.0,,Negative free cash flow,0.0,49.0,,63.65,4.0,Negative free cash flow,65.2,Strong,"Above 50 DMA, Above 200 DMA, Healthy RSI momentum, Near 52W high momentum, Volume expansion, Strong 1M absolute return, Strong 3M absolute return, Strong 6M absolute return, 1M Nifty outperformance, 3M Nifty outperformance, 6M Nifty outperformance, Positive across 1M/3M/6M, 80.0% of closes stayed inside the range | Range width 64.3% | Currently 100.0% through the range"
COALINDIA,Energy,Thermal Coal,382.58,-0.45,153.6,418.24,149.07,8.53,49.79,384.72,286.28,9211172.9,5390120.0,0.59,Bearish,27.0,"Above 200 DMA, RSI recovering",5.11,17.48,49.51,2.42,3.69,13.36,2.69,13.79,36.15,78.0,"Positive 1M return, Positive 3M return, Strong 6M absolute return, 3M Nifty outperformance, 6M Nifty outperformance, Positive across 1M/3M/6M",60.71,Profit Booking Zone,70.35,265.34,393.27,48.21,91.64,80.0% of closes stayed inside the range | Range width 48.2% | Currently 91.6% through the range,43.9,15.79,32.53,29.43,-0.28,17.75,7.66,1.79,1.62,6008.71,6523.03,18103.1,1281.76,8.1631,7.2265,2.1177,5.09,-0.04,252240.46,74.76,Metals / Mining,25.0,8.0,16.0,17.0,15.0,81.0,1.0,Strong ROE,Revenue contraction,4.0,85.0,"General quality ROE, General low-debt support",59.93,0.0,,64.99,Watchlist,"Above 200 DMA, RSI recovering, Strong ROE, Positive 1M return, Positive 3M return, Strong 6M absolute return, 3M Nifty outperformance, 6M Nifty outperformance, Positive across 1M/3M/6M, 80.0% of closes stayed inside the range | Range width 48.2% | Currently 91.6% through the range"
MOTHERSON,Consumer Cyclical,Auto Parts,83.64,-0.23,40.29,85.31,107.56,1.96,69.46,77.38,67.15,25848068.65,20074206.0,0.78,Bullish,60.0,"Above 50 DMA, Above 200 DMA, Healthy RSI momentum, Near 52W high momentum",13.65,17.85,30.87,2.42,3.69,13.36,11.23,14.16,17.51,95.0,"Strong 1M absolute return, Positive 3M return, Strong 6M absolute return, 1M Nifty outperformance, 3M Nifty outperformance, 6M Nifty outperformance, Positive across 1M/3M/6M",18.37,Profit Booking Zone,80.91,59.78,79.14,32.4,100.0,80.0% of closes stayed inside the range | Range width 32.4% | Currently 100.0% through the range,10.39,3.19,5.72,2.78,25.57,81.61,76.17,0.97,0.75,6743.2,19921.9,7568.9,3443.5,40.7452,24.4622,4.356,30.0,1.034,178504.36,43.82,Automobile,2.0,20.0,4.0,17.0,9.0,52.0,1.0,,,0.0,52.0,,53.49,0.0,,64.97,Watchlist,"Above 50 DMA, Above 200 DMA, Healthy RSI momentum, Near 52W high momentum, Strong 1M absolute return, Positive 3M return, Strong 6M absolute return, 1M Nifty outperformance, 3M Nifty outperformance, 6M Nifty outperformance, Positive across 1M/3M/6M, 80.0% of closes stayed inside the range | Range width 32.4% | Currently 100.0% through the range"
TORNTPHARM,Healthcare,Drug Manufacturers - Specialty & Generic,2583.65,1.76,1388.75,2688.08,86.04,3.88,57.17,2556.31,2137.8,243895.75,286051.0,1.17,Bullish,70.0,"Above 50 DMA, Above 200 DMA, Healthy RSI momentum, Near 52W high momentum, Normal volume support, Positive day move",4.7,7.57,39.07,2.42,3.69,13.36,2.28,3.88,25.71,63.0,"Positive 1M return, Positive 3M return, Strong 6M absolute return, 6M Nifty outperformance, Positive across 1M/3M/6M",35.71,Profit Booking Zone,83.1,1988.83,2592.45,30.35,98.54,80.0% of closes stayed inside the range | Range width 30.4% | Currently 98.5% through the range,24.16,11.0,24.35,15.68,11.61,33.02,58.66,1.03,0.61,835.14,4021.94,3266.08,2833.3,78.2379,52.2222,19.7416,78.0,0.145,186114.0,75.98,Pharma / Healthcare,20.0,15.0,6.0,17.0,5.0,63.0,1.0,Strong ROE,,4.0,67.0,"General quality ROE, General low-debt support",53.05,0.0,,64.66,Watchlist,"Above 50 DMA, Above 200 DMA, Healthy RSI momentum, Near 52W high momentum, Normal volume support, Positive day move, Strong ROE, Positive 1M return, Positive 3M return, Strong 6M absolute return, 6M Nifty outperformance, Positive across 1M/3M/6M, 80.0% of closes stayed inside the range | Range width 30.4% | Currently 98.5% through the range"
TORNTPOWER,Utilities,Utilities - Independent Power Producers,1458.91,1.89,393.65,1583.47,270.61,7.87,61.77,1240.07,875.65,1891168.05,793375.0,0.42,Bullish,65.0,"Above 50 DMA, Above 200 DMA, Healthy RSI momentum, Near 52W high momentum, Positive day move",23.32,51.68,106.92,2.42,3.69,13.36,20.9,47.99,93.56,100.0,"Strong 1M absolute return, Strong 3M absolute return, Strong 6M absolute return, 1M Nifty outperformance, 3M Nifty outperformance, 6M Nifty outperformance, Positive across 1M/3M/6M",14.71,Profit Booking Zone,73.0,744.89,1430.9,92.09,100.0,80.0% of closes stayed inside the range | Range width 92.1% | Currently 100.0% through the range,15.2,5.49,12.03,6.82,5.87,-13.42,96.44,1.09,0.99,350.83,11631.8,4258.35,601.87,28.818,21.9958,3.4843,1.5,0.655,66464.88,26.63,Energy / Utilities,12.0,2.0,6.0,17.0,10.0,47.0,1.0,,Earnings contraction,0.0,47.0,,62.28,3.0,Low volume participation,64.04,Watchlist,"Above 50 DMA, Above 200 DMA, Healthy RSI momentum, Near 52W high momentum, Positive day move, Strong 1M absolute return, Strong 3M absolute return, Strong 6M absolute return, 1M Nifty outperformance, 3M Nifty outperformance, 6M Nifty outperformance, Positive across 1M/3M/6M, 80.0% of closes stayed inside the range | Range width 92.1% | Currently 100.0% through the range"
ONGC,Energy,Oil & Gas Integrated,249.36,0.0,96.9,263.55,157.34,5.38,56.03,242.91,186.17,23387382.55,8799147.0,0.38,Bullish,60.0,"Above 50 DMA, Above 200 DMA, Healthy RSI momentum, Near 52W high momentum",4.91,21.03,55.06,2.42,3.69,13.36,2.49,17.34,41.7,88.0,"Positive 1M return, Strong 3M absolute return, Strong 6M absolute return, 3M Nifty outperformance, 6M Nifty outperformance, Positive across 1M/3M/6M",39.29,Profit Booking Zone,79.69,168.33,247.47,47.01,100.0,80.8% of closes stayed inside the range | Range width 47.0% | Currently 100.0% through the range,14.49,6.62,12.87,8.21,-4.9,33.87,56.39,0.83,0.51,2685.95,191195.23,98846.6,46727.79,6.909,5.754,0.809,6.06,0.107,300731.57,35.33,Energy / Utilities,12.0,10.0,4.0,17.0,15.0,58.0,1.0,,Revenue contraction,2.0,60.0,General low-debt support,59.93,3.0,Low volume participation,63.99,Watchlist,"Above 50 DMA, Above 200 DMA, Healthy RSI momentum, Near 52W high momentum, Positive 1M return, Strong 3M absolute return, Strong 6M absolute return, 3M Nifty outperformance, 6M Nifty outperformance, Positive across 1M/3M/6M, 80.8% of closes stayed inside the range | Range width 47.0% | Currently 100.0% through the range"
NTPC,Utilities,Utilities - Regulated Electric,330.94,1.24,139.29,357.01,137.58,7.3,51.25,323.81,256.8,19056797.8,14651106.0,0.77,Bullish,65.0,"Above 50 DMA, Above 200 DMA, Healthy RSI momentum, Near 52W high momentum, Positive day move",10.68,13.33,45.38,2.42,3.69,13.36,8.26,9.64,32.02,80.0,"Strong 1M absolute return, Positive 3M return, Strong 6M absolute return, 1M Nifty outperformance, 6M Nifty outperformance, Positive across 1M/3M/6M",58.82,Profit Booking Zone,79.3,228.84,334.92,46.36,96.25,80.0% of closes stayed inside the range | Range width 46.4% | Currently 96.3% through the range,12.95,4.33,18.76,11.78,1.52,23.06,147.55,0.82,0.64,863.34,237130.98,40099.19,9283.27,10.3522,12.0003,1.6207,3.65,0.3,329153.35,48.18,Energy / Utilities,12.0,8.0,2.0,17.0,12.0,51.0,1.0,,,0.0,51.0,,62.28,0.0,,63.44,Watchlist,"Above 50 DMA, Above 200 DMA, Healthy RSI momentum, Near 52W high momentum, Positive day move, Strong 1M absolute return, Positive 3M return, Strong 6M absolute return, 1M Nifty outperformance, 6M Nifty outperformance, Positive across 1M/3M/6M, 80.0% of closes stayed inside the range | Range width 46.4% | Currently 96.3% through the range"
JSWENERGY,Utilities,Utilities - Independent Power Producers,609.83,0.8,200.89,643.13,203.57,5.18,65.16,524.59,420.28,4891105.2,3430025.0,0.7,Bullish,65.0,"Above 50 DMA, Above 200 DMA, Healthy RSI momentum, Near 52W high momentum, Positive day move",26.0,30.55,53.63,2.42,3.69,13.36,23.58,26.86,40.27,100.0,"Strong 1M absolute return, Strong 3M absolute return, Strong 6M absolute return, 1M Nifty outperformance, 3M Nifty outperformance, 6M Nifty outperformance, Positive across 1M/3M/6M",14.71,Profit Booking Zone,79.68,389.9,575.37,47.57,100.0,80.0% of closes stayed inside the range | Range width 47.6% | Currently 100.0% through the range,8.27,2.96,33.5,15.29,13.67,16.58,151.56,1.19,1.08,3091.74,31573.39,6233.63,-1799.14,43.9269,32.8867,3.191,36.0,0.133,102383.84,66.89,Energy / Utilities,13.0,13.0,4.0,9.0,9.0,48.0,1.0,,Negative free cash flow,0.0,48.0,,62.28,4.0,Negative free cash flow,63.39,Watchlist,"Above 50 DMA, Above 200 DMA, Healthy RSI momentum, Near 52W high momentum, Positive day move, Strong 1M absolute return, Strong 3M absolute return, Strong 6M absolute return, 1M Nifty outperformance, 3M Nifty outperformance, 6M Nifty outperformance, Positive across 1M/3M/6M, 80.0% of closes stayed inside the range | Range width 47.6% | Currently 100.0% through the range"
OFSS,Technology,Software - Infrastructure,6606.57,-2.54,2435.42,8113.94,171.27,18.58,28.87,7253.89,4709.27,258688.65,423409.0,1.64,Bearish,29.0,"Above 200 DMA, Oversold RSI, Volume expansion",-10.86,44.44,78.91,2.42,3.69,13.36,-13.28,40.75,65.55,70.0,"Strong 3M absolute return, Strong 6M absolute return, 3M Nifty outperformance, 6M Nifty outperformance",22.06,Profit Booking Zone,60.61,3613.49,7566.76,109.4,75.71,80.0% of closes stayed inside the range | Range width 109.4% | Currently 75.7% through the range,28.24,22.34,43.6,34.83,11.84,22.88,0.55,5.98,,3479.4,43.0,1790.7,1760.6,30.3951,25.7616,14.6798,5.59,0.496,101695.49,58.6,IT / Technology,25.0,13.0,17.0,17.0,9.0,81.0,0.93,"Strong ROE, Cash covers debt",,10.0,91.0,"Strong ROE for an asset-light business, Strong operating margin",45.2,0.0,,63.38,Watchlist,"Above 200 DMA, Oversold RSI, Volume expansion, Strong ROE, Cash covers debt, Strong 3M absolute return, Strong 6M absolute return, 3M Nifty outperformance, 6M Nifty outperformance, 80.0% of closes stayed inside the range | Range width 109.4% | Currently 75.7% through the range"
AEGISLOG,Energy,Oil & Gas Refining & Marketing,527.99,5.22,235.58,542.52,124.13,2.68,72.33,420.67,359.81,2101636.7,1452255.0,0.69,Bullish,57.0,"Above 50 DMA, Above 200 DMA, Strong but overbought RSI, Near 52W high momentum, Strong positive day move",35.64,46.18,67.68,2.42,3.69,13.36,33.22,42.49,54.32,100.0,"Strong 1M absolute return, Strong 3M absolute return, Strong 6M absolute return, 1M Nifty outperformance, 3M Nifty outperformance, 6M Nifty outperformance, Positive across 1M/3M/6M",10.71,Profit Booking Zone,78.66,304.89,436.51,43.17,100.0,80.0% of closes stayed inside the range | Range width 43.2% | Currently 100.0% through the range,14.62,7.05,11.18,8.09,-18.36,22.95,68.44,2.73,2.67,1032.3,2665.43,655.53,39.11,36.3676,33.7418,7.3301,1.03,0.55,44383.95,26.48,Energy / Utilities,12.0,8.0,12.0,17.0,6.0,55.0,1.0,,Revenue contraction,2.0,57.0,General low-debt support,59.93,5.0,Revenue contraction,63.19,Watchlist,"Above 50 DMA, Above 200 DMA, Strong but overbought RSI, Near 52W high momentum, Strong positive day move, Strong 1M absolute return, Strong 3M absolute return, Strong 6M absolute return, 1M Nifty outperformance, 3M Nifty outperformance, 6M Nifty outperformance, Positive across 1M/3M/6M, 80.0% of closes stayed inside the range | Range width 43.2% | Currently 100.0% through the range"
OBEROIRLTY,Real Estate,Real Estate - Development,1455.43,3.58,774.64,1566.86,87.88,7.11,53.81,1383.02,1252.78,846502.3,912714.0,1.08,Bullish,75.0,"Above 50 DMA, Above 200 DMA, Healthy RSI momentum, Near 52W high momentum, Normal volume support, Strong positive day move",6.51,-3.56,30.77,2.42,3.69,13.36,4.09,-7.25,17.41,43.0,"Positive 1M return, Strong 6M absolute return, 6M Nifty outperformance",100.0,Profit Booking Zone,82.87,1237.32,1505.4,21.67,81.36,80.0% of closes stayed inside the range | Range width 21.7% | Currently 81.4% through the range,13.92,9.81,53.18,43.01,7.32,1.16,18.02,3.89,1.06,296.96,2495.22,2816.41,2139.39,24.9018,16.8684,3.6517,45.0,0.324,65444.77,62.61,Cement / Realty,20.0,2.0,16.0,17.0,11.0,66.0,1.0,,,2.0,68.0,General low-debt support,65.83,0.0,,63.17,Watchlist,"Above 50 DMA, Above 200 DMA, Healthy RSI momentum, Near 52W high momentum, Normal volume support, Strong positive day move, Positive 1M return, Strong 6M absolute return, 6M Nifty outperformance, 80.0% of closes stayed inside the range | Range width 21.7% | Currently 81.4% through the range"
VBL,Consumer Defensive,Beverages - Non-Alcoholic,568.39,0.05,179.77,619.9,216.17,8.31,53.06,564.74,438.02,5324084.05,3885592.0,0.73,Bullish,65.0,"Above 50 DMA, Above 200 DMA, Healthy RSI momentum, Near 52W high momentum, Positive day move",2.29,14.71,55.22,2.42,3.69,13.36,-0.13,11.02,41.86,78.0,"Positive 1M return, Positive 3M return, Strong 6M absolute return, 3M Nifty outperformance, 6M Nifty outperformance, Positive across 1M/3M/6M",13.04,Profit Booking Zone,80.33,400.38,569.93,42.35,99.09,80.0% of closes stayed inside the range | Range width 42.3% | Currently 99.1% through the range,29.64,13.54,20.01,13.16,20.9,37.3,78.3,1.02,0.5,242.21,5431.31,2390.78,-873.27,44.006,37.7022,7.6091,46.0,0.298,148997.58,55.45,FMCG / Consumer,23.0,18.0,6.0,9.0,7.0,63.0,1.0,Strong ROE,Negative free cash flow,5.0,68.0,Strong ROE for a consumer staples business,47.82,4.0,Negative free cash flow,62.72,Watchlist,"Above 50 DMA, Above 200 DMA, Healthy RSI momentum, Near 52W high momentum, Positive day move, Strong ROE, Positive 1M return, Positive 3M return, Strong 6M absolute return, 3M Nifty outperformance, 6M Nifty outperformance, Positive across 1M/3M/6M, 80.0% of closes stayed inside the range | Range width 42.3% | Currently 99.1% through the range"
PIDILITIND,Basic Materials,Specialty Chemicals,1439.98,0.56,1107.06,1518.83,30.07,5.19,50.65,1403.04,1295.94,752490.4,759388.0,1.01,Bullish,70.0,"Above 50 DMA, Above 200 DMA, Healthy RSI momentum, Near 52W high momentum, Normal volume support, Positive day move",1.48,5.68,19.71,2.42,3.69,13.36,-0.94,1.99,6.35,38.0,"Positive 1M return, Positive 3M return, Positive 6M return, Positive across 1M/3M/6M",57.02,Profit Booking Zone,83.35,1214.45,1463.83,20.53,90.44,80.0% of closes stayed inside the range | Range width 20.5% | Currently 90.4% through the range,20.57,14.29,19.48,14.02,4.98,35.82,4.55,2.09,1.58,515.14,382.47,2724.03,2165.32,64.9428,53.7455,15.9869,68.0,0.397,173177.03,54.79,Chemicals,21.0,12.0,20.0,17.0,5.0,75.0,1.0,"Strong ROE, Cash covers debt",,4.0,79.0,"General quality ROE, General low-debt support",51.98,0.0,,62.45,Watchlist,"Above 50 DMA, Above 200 DMA, Healthy RSI momentum, Near 52W high momentum, Normal volume support, Positive day move, Strong ROE, Cash covers debt, Positive 1M return, Positive 3M return, Positive 6M return, Positive across 1M/3M/6M, 80.0% of closes stayed inside the range | Range width 20.5% | Currently 90.4% through the range"
DIXON,Technology,Consumer Electronics,7760.42,-0.7,2549.37,7976.6,204.4,2.71,61.42,7067.56,5750.38,325235.45,259805.0,0.8,Bullish,60.0,"Above 50 DMA, Above 200 DMA, Healthy RSI momentum, Near 52W high momentum",11.71,21.97,44.12,2.42,3.69,13.36,9.29,18.28,30.76,100.0,"Strong 1M absolute return, Strong 3M absolute return, Strong 6M absolute return, 1M Nifty outperformance, 3M Nifty outperformance, 6M Nifty outperformance, Positive across 1M/3M/6M",2.94,Profit Booking Zone,79.47,5323.31,7557.09,41.96,100.0,80.0% of closes stayed inside the range | Range width 42.0% | Currently 100.0% through the range,21.7,5.26,3.08,2.09,44.69,43.92,28.85,1.02,0.66,198.0,488.98,584.31,-0.12,40.4977,49.0426,15.3722,6.0,-0.156,83906.61,6.87,IT / Technology,8.0,20.0,9.0,9.0,4.0,50.0,1.0,Strong ROE,Negative free cash flow,5.0,55.0,Strong ROE for an asset-light business,45.2,4.0,Negative free cash flow,62.03,Watchlist,"Above 50 DMA, Above 200 DMA, Healthy RSI momentum, Near 52W high momentum, Strong ROE, Strong 1M absolute return, Strong 3M absolute return, Strong 6M absolute return, 1M Nifty outperformance, 3M Nifty outperformance, 6M Nifty outperformance, Positive across 1M/3M/6M, 80.0% of closes stayed inside the range | Range width 42.0% | Currently 100.0% through the range"
SONACOMS,Consumer Cyclical,Auto Parts,655.18,0.59,388.88,708.13,68.48,7.48,49.75,646.58,584.92,2098844.9,1516622.0,0.72,Bullish,47.0,"Above 50 DMA, Above 200 DMA, RSI recovering, Positive day move",4.27,15.53,19.13,2.42,3.69,13.36,1.85,11.84,5.77,53.0,"Positive 1M return, Positive 3M return, Positive 6M return, 3M Nifty outperformance, Positive across 1M/3M/6M",51.02,Profit Booking Zone,77.83,546.5,670.16,22.63,87.89,80.0% of closes stayed inside the range | Range width 22.6% | Currently 87.9% through the range,19.52,13.38,22.15,16.78,20.02,30.86,15.55,2.12,1.6,90.97,412.13,692.75,373.22,71.4476,47.8131,8.3617,45.0,0.449,50164.83,49.92,Automobile,21.0,18.0,17.0,17.0,5.0,78.0,1.0,Strong ROE,,4.0,82.0,"General quality ROE, General low-debt support",53.49,0.0,,61.72,Watchlist,"Above 50 DMA, Above 200 DMA, RSI recovering, Positive day move, Strong ROE, Positive 1M return, Positive 3M return, Positive 6M return, 3M Nifty outperformance, Positive across 1M/3M/6M, 80.0% of closes stayed inside the range | Range width 22.6% | Currently 87.9% through the range"
YESBANK,Financial Services,Banks - Regional,25.65,1.79,14.4,32.85,78.13,21.92,60.17,25.14,20.58,211872405.85,335943541.0,1.59,Bullish,65.0,"Above 50 DMA, Above 200 DMA, Healthy RSI momentum, Volume expansion, Positive day move",11.28,3.64,50.44,2.42,3.69,13.36,8.86,-0.05,37.08,80.0,"Strong 1M absolute return, Positive 3M return, Strong 6M absolute return, 1M Nifty outperformance, 6M Nifty outperformance, Positive across 1M/3M/6M",30.81,Profit Booking Zone,80.69,18.35,25.7,40.12,99.25,80.0% of closes stayed inside the range | Range width 40.1% | Currently 99.3% through the range,3.05,0.32,,9.19,49.19,74.66,187.08,,,63405.7,78862.61,9644.55,8663.9,19.15,12.6515,1.4297,,0.485,72129.13,0.0,Banking,3.0,20.0,0.0,17.0,13.0,53.0,0.71,,,-5.0,48.0,Weak ROE for a leveraged-balance-sheet business,53.01,0.0,,61.0,Watchlist,"Above 50 DMA, Above 200 DMA, Healthy RSI momentum, Volume expansion, Positive day move, Strong 1M absolute return, Positive 3M return, Strong 6M absolute return, 1M Nifty outperformance, 6M Nifty outperformance, Positive across 1M/3M/6M, 80.0% of closes stayed inside the range | Range width 40.1% | Currently 99.3% through the range"
FORTIS,Healthcare,Medical Care Facilities,443.64,0.95,243.7,467.69,82.04,5.14,62.44,419.99,372.48,1063286.65,1100032.0,1.03,Bullish,70.0,"Above 50 DMA, Above 200 DMA, Healthy RSI momentum, Near 52W high momentum, Normal volume support, Positive day move",11.36,6.4,32.13,2.42,3.69,13.36,8.94,2.71,18.77,80.0,"Strong 1M absolute return, Positive 3M return, Strong 6M absolute return, 1M Nifty outperformance, 6M Nifty outperformance, Positive across 1M/3M/6M",21.43,Profit Booking Zone,85.37,353.37,434.98,23.09,100.0,80.8% of closes stayed inside the range | Range width 23.1% | Currently 100.0% through the range,7.82,4.51,13.35,8.76,10.01,1.72,15.07,0.45,0.41,235.27,1155.02,1100.1,157.63,67.5676,39.5602,6.8663,11.0,0.665,67946.23,59.39,Pharma / Healthcare,6.0,5.0,9.0,17.0,5.0,42.0,1.0,,,2.0,44.0,General low-debt support,53.05,0.0,,60.86,Watchlist,"Above 50 DMA, Above 200 DMA, Healthy RSI momentum, Near 52W high momentum, Normal volume support, Positive day move, Strong 1M absolute return, Positive 3M return, Strong 6M absolute return, 1M Nifty outperformance, 6M Nifty outperformance, Positive across 1M/3M/6M, 80.8% of closes stayed inside the range | Range width 23.1% | Currently 100.0% through the range"
KPRMILL,Consumer Cyclical,Textile Manufacturing,853.15,2.25,468.75,913.37,82.01,6.59,68.0,779.21,749.44,275806.7,315067.0,1.14,Bullish,75.0,"Above 50 DMA, Above 200 DMA, Healthy RSI momentum, Near 52W high momentum, Normal volume support, Strong positive day move",9.35,9.27,12.39,2.42,3.69,13.36,6.93,5.58,-0.97,48.0,"Positive 1M return, Positive 3M return, Positive 6M return, 1M Nifty outperformance, Positive across 1M/3M/6M",54.08,Profit Booking Zone,86.86,738.25,839.54,13.72,100.0,80.0% of closes stayed inside the range | Range width 13.7% | Currently 100.0% through the range,18.48,13.73,18.44,13.83,-2.29,-1.07,26.58,2.89,1.14,75.13,1158.42,677.94,354.47,40.8671,29.9392,6.5314,46.0,0.283,37290.43,37.35,Consumer Discretionary,21.0,0.0,14.0,17.0,7.0,59.0,1.0,Strong ROE,"Revenue contraction, Earnings contraction",4.0,63.0,"General quality ROE, General low-debt support",53.49,0.0,,60.82,Watchlist,"Above 50 DMA, Above 200 DMA, Healthy RSI momentum, Near 52W high momentum, Normal volume support, Strong positive day move, Strong ROE, Positive 1M return, Positive 3M return, Positive 6M return, 1M Nifty outperformance, Positive across 1M/3M/6M, 80.0% of closes stayed inside the range | Range width 13.7% | Currently 100.0% through the range"
DMART,Consumer Defensive,Discount Stores,4800.55,0.89,3292.0,4890.0,45.82,1.83,72.33,4142.58,3876.61,667971.25,458148.0,0.69,Bullish,52.0,"Above 50 DMA, Above 200 DMA, Strong but overbought RSI, Near 52W high momentum, Positive day move",18.35,26.78,24.47,2.42,3.69,13.36,15.93,23.09,11.11,80.0,"Strong 1M absolute return, Strong 3M absolute return, Positive 6M return, 1M Nifty outperformance, 3M Nifty outperformance, Positive across 1M/3M/6M",8.7,Profit Booking Zone,80.64,3687.04,4534.97,23.0,100.0,80.0% of closes stayed inside the range | Range width 23.0% | Currently 100.0% through the range,13.56,11.98,6.66,5.0,18.64,6.63,3.17,3.13,1.15,1271.77,592.16,2745.84,14.59,85.8843,58.628,10.7462,,0.228,263507.36,15.19,General,8.0,10.0,19.0,17.0,3.0,57.0,0.93,Cash covers debt,Very high PE,2.0,59.0,General low-debt support,47.82,0.0,,60.82,Watchlist,"Above 50 DMA, Above 200 DMA, Strong but overbought RSI, Near 52W high momentum, Positive day move, Cash covers debt, Strong 1M absolute return, Strong 3M absolute return, Positive 6M return, 1M Nifty outperformance, 3M Nifty outperformance, Positive across 1M/3M/6M, 80.0% of closes stayed inside the range | Range width 23.0% | Currently 100.0% through the range"
SAIL,Basic Materials,Steel,149.21,2.59,69.99,154.25,113.2,3.27,63.5,132.06,103.81,49837725.0,39973475.0,0.8,Bullish,70.0,"Above 50 DMA, Above 200 DMA, Healthy RSI momentum, Near 52W high momentum, Strong positive day move",23.13,35.67,72.02,2.42,3.69,13.36,20.71,31.98,58.66,100.0,"Strong 1M absolute return, Strong 3M absolute return, Strong 6M absolute return, 1M Nifty outperformance, 3M Nifty outperformance, 6M Nifty outperformance, Positive across 1M/3M/6M",7.89,Profit Booking Zone,77.77,85.49,143.04,67.33,100.0,80.0% of closes stayed inside the range | Range width 67.3% | Currently 100.0% through the range,5.37,2.18,6.06,2.93,0.79,40.9,63.61,0.9,0.29,69.38,36322.65,2910.88,-1799.81,16.7147,10.9697,1.1918,92.0,1.029,71871.14,51.8,Metals / Mining,0.0,10.0,4.0,9.0,15.0,38.0,1.0,,Negative free cash flow,2.0,40.0,General low-debt support,51.98,4.0,Negative free cash flow,60.3,Watchlist,"Above 50 DMA, Above 200 DMA, Healthy RSI momentum, Near 52W high momentum, Strong positive day move, Strong 1M absolute return, Strong 3M absolute return, Strong 6M absolute return, 1M Nifty outperformance, 3M Nifty outperformance, 6M Nifty outperformance, Positive across 1M/3M/6M, 80.0% of closes stayed inside the range | Range width 67.3% | Currently 100.0% through the range"
TATAPOWER,Utilities,Utilities - Independent Power Producers,422.55,0.4,177.68,436.86,137.81,3.28,64.66,389.96,299.7,16245004.05,9349694.0,0.58,Bullish,65.0,"Above 50 DMA, Above 200 DMA, Healthy RSI momentum, Near 52W high momentum, Positive day move",13.1,23.18,68.62,2.42,3.69,13.36,10.68,19.49,55.26,100.0,"Strong 1M absolute return, Strong 3M absolute return, Strong 6M absolute return, 1M Nifty outperformance, 3M Nifty outperformance, 6M Nifty outperformance, Positive across 1M/3M/6M",14.71,Profit Booking Zone,77.42,250.39,407.3,62.67,100.0,80.0% of closes stayed inside the range | Range width 62.7% | Currently 100.0% through the range,11.42,2.65,11.26,6.12,11.59,10.78,182.37,0.67,0.57,3324.34,59006.76,12504.37,-736.66,31.5945,22.6373,3.0714,66.0,0.342,121247.16,35.71,Energy / Utilities,8.0,10.0,0.0,9.0,11.0,38.0,1.0,,Negative free cash flow,0.0,38.0,,62.28,4.0,Negative free cash flow,59.89,Watchlist,"Above 50 DMA, Above 200 DMA, Healthy RSI momentum, Near 52W high momentum, Positive day move, Strong 1M absolute return, Strong 3M absolute return, Strong 6M absolute return, 1M Nifty outperformance, 3M Nifty outperformance, 6M Nifty outperformance, Positive across 1M/3M/6M, 80.0% of closes stayed inside the range | Range width 62.7% | Currently 100.0% through the range"
APARINDS,Industrials,Electrical Equipment & Parts,7570.92,4.51,1147.8,7665.23,559.6,1.23,74.19,6417.14,5314.06,192167.05,282826.0,1.47,Bullish,67.0,"Above 50 DMA, Above 200 DMA, Strong but overbought RSI, Near 52W high momentum, Volume expansion, Strong positive day move",24.6,39.98,39.41,2.42,3.69,13.36,22.18,36.29,26.05,100.0,"Strong 1M absolute return, Strong 3M absolute return, Strong 6M absolute return, 1M Nifty outperformance, 3M Nifty outperformance, 6M Nifty outperformance, Positive across 1M/3M/6M",19.41,Breakout Watch,82.05,5122.8,6893.66,34.57,100.0,80.0% of closes stayed inside the range | Range width 34.6% | Currently 100.0% through the range | Above upper band on elevated volume,21.29,8.58,9.18,5.14,12.54,29.38,12.27,1.54,1.0,584.0,475.61,-283.29,-613.96,57.1429,47.8647,13.4064,38.0,0.152,72330.69,21.59,Capital Goods / Infra,10.0,15.0,18.0,0.0,7.0,50.0,1.0,"Strong ROE, Cash covers debt","Negative operating cash flow, Negative free cash flow",0.0,50.0,,63.65,9.0,"Negative operating cash flow, Negative free cash flow",59.8,Watchlist,"Above 50 DMA, Above 200 DMA, Strong but overbought RSI, Near 52W high momentum, Volume expansion, Strong positive day move, Strong ROE, Cash covers debt, Strong 1M absolute return, Strong 3M absolute return, Strong 6M absolute return, 1M Nifty outperformance, 3M Nifty outperformance, 6M Nifty outperformance, Positive across 1M/3M/6M, 80.0% of closes stayed inside the range | Range width 34.6% | Currently 100.0% through the range | Above upper band on elevated volume"
BPCL,Energy,Oil & Gas Refining & Marketing,264.43,-1.73,121.3,306.78,118.0,13.8,48.81,271.57,196.31,15274128.0,11440602.0,0.75,Bearish,27.0,"Above 200 DMA, RSI recovering",4.65,25.73,78.84,2.42,3.69,13.36,2.23,22.04,65.48,88.0,"Positive 1M return, Strong 3M absolute return, Strong 6M absolute return, 3M Nifty outperformance, 6M Nifty outperformance, Positive across 1M/3M/6M",39.29,Profit Booking Zone,66.41,163.59,278.74,70.39,87.57,80.0% of closes stayed inside the range | Range width 70.4% | Currently 87.6% through the range,35.51,13.27,8.43,6.01,-4.2,1160.36,72.19,0.81,0.28,2300.74,54599.05,35969.63,26390.5,7.9033,7.9415,1.3525,6.29,0.873,135440.94,12.75,Energy / Utilities,16.0,10.0,4.0,17.0,12.0,59.0,1.0,Strong ROE,Revenue contraction,4.0,63.0,"General quality ROE, General low-debt support",59.93,0.0,,59.79,Watchlist,"Above 200 DMA, RSI recovering, Strong ROE, Positive 1M return, Strong 3M absolute return, Strong 6M absolute return, 3M Nifty outperformance, 6M Nifty outperformance, Positive across 1M/3M/6M, 80.0% of closes stayed inside the range | Range width 70.4% | Currently 87.6% through the range"
SUNPHARMA,Healthcare,Drug Manufacturers - Specialty & Generic,1452.99,-3.6,824.65,1603.91,76.2,9.41,32.61,1529.81,1243.99,3059828.55,9160422.0,2.99,Bearish,38.0,"Above 200 DMA, Weak but watchable RSI, Strong volume expansion",-4.18,14.94,31.52,2.42,3.69,13.36,-6.6,11.25,18.16,60.0,"Positive 3M return, Strong 6M absolute return, 3M Nifty outperformance, 6M Nifty outperformance",40.48,Neutral Range,71.62,1146.05,1565.87,36.63,73.11,80.0% of closes stayed inside the range | Range width 36.6% | Currently 73.1% through the range,15.04,11.2,21.92,20.05,10.35,13.01,5.14,2.56,1.98,9285.65,3273.67,12134.98,9933.17,38.5027,30.1242,5.5813,82.0,0.124,466430.72,78.92,Pharma / Healthcare,19.0,10.0,20.0,17.0,9.0,75.0,1.0,Cash covers debt,,2.0,77.0,General low-debt support,53.05,0.0,,59.41,Watchlist,"Above 200 DMA, Weak but watchable RSI, Strong volume expansion, Cash covers debt, Positive 3M return, Strong 6M absolute return, 3M Nifty outperformance, 6M Nifty outperformance, 80.0% of closes stayed inside the range | Range width 36.6% | Currently 73.1% through the range"
WELCORP,Basic Materials,Steel,551.36,1.97,171.25,612.91,221.97,10.04,54.27,534.75,452.54,549907.65,364849.0,0.66,Bullish,65.0,"Above 50 DMA, Above 200 DMA, Healthy RSI momentum, Near 52W high momentum, Positive day move",10.89,-1.6,25.9,2.42,3.69,13.36,8.47,-5.29,12.54,35.0,"Strong 1M absolute return, Positive 6M return, 1M Nifty outperformance",65.79,Profit Booking Zone,80.71,478.46,571.16,19.37,78.64,80.0% of closes stayed inside the range | Range width 19.4% | Currently 78.6% through the range,19.77,9.37,7.59,6.57,78.09,437.23,34.36,1.53,0.95,818.73,1929.9,1305.99,1007.03,21.3148,18.9284,5.3809,27.0,0.473,49249.35,38.4,Metals / Mining,13.0,20.0,11.0,17.0,11.0,72.0,1.0,Strong ROE,,4.0,76.0,"General quality ROE, General low-debt support",51.98,0.0,,59.4,Watchlist,"Above 50 DMA, Above 200 DMA, Healthy RSI momentum, Near 52W high momentum, Positive day move, Strong ROE, Strong 1M absolute return, Positive 6M return, 1M Nifty outperformance, 80.0% of closes stayed inside the range | Range width 19.4% | Currently 78.6% through the range"
LLOYDSME,Basic Materials,Steel,716.69,-1.74,490.69,737.04,46.06,2.76,72.83,602.36,,493551.3,382737.0,0.78,Bullish,32.0,"Above 50 DMA, Strong but overbought RSI, Near 52W high momentum",24.53,24.49,24.52,2.42,3.69,13.36,22.11,20.8,11.16,80.0,"Strong 1M absolute return, Strong 3M absolute return, Positive 6M return, 1M Nifty outperformance, 3M Nifty outperformance, Positive across 1M/3M/6M",25.44,Profit Booking Zone,77.04,526.21,625.95,18.95,100.0,80.0% of closes stayed inside the range | Range width 19.0% | Currently 100.0% through the range,44.22,31.57,25.98,19.18,93.87,530.75,5.75,1.14,0.91,2.3,161.61,1701.04,-19.65,22.1189,12.3348,7.6829,5.0,,106531.99,54.65,Metals / Mining,25.0,20.0,11.0,9.0,9.0,74.0,1.0,Strong ROE,Negative free cash flow,4.0,78.0,"General quality ROE, General low-debt support",51.98,4.0,Negative free cash flow,59.1,Watchlist,"Above 50 DMA, Strong but overbought RSI, Near 52W high momentum, Strong ROE, Strong 1M absolute return, Strong 3M absolute return, Positive 6M return, 1M Nifty outperformance, 3M Nifty outperformance, Positive across 1M/3M/6M, 80.0% of closes stayed inside the range | Range width 19.0% | Currently 100.0% through the range"
NLCINDIA,Utilities,Utilities - Regulated Electric,223.53,2.24,60.45,282.7,269.77,20.93,52.83,222.69,170.76,6338500.2,3354940.0,0.53,Bullish,60.0,"Above 50 DMA, Above 200 DMA, Healthy RSI momentum, Strong positive day move",13.38,0.22,71.35,2.42,3.69,13.36,10.96,-3.47,57.99,80.0,"Strong 1M absolute return, Positive 3M return, Strong 6M absolute return, 1M Nifty outperformance, 6M Nifty outperformance, Positive across 1M/3M/6M",58.82,Profit Booking Zone,72.63,146.0,243.69,66.91,79.36,80.0% of closes stayed inside the range | Range width 66.9% | Currently 79.4% through the range,11.22,3.37,14.57,14.26,-19.57,32.84,135.6,1.17,0.99,564.87,22415.49,5512.49,2344.33,12.0326,10.25,1.7827,2.52,,38375.17,80.32,Energy / Utilities,10.0,10.0,4.0,17.0,15.0,56.0,1.0,,Revenue contraction,0.0,56.0,,62.28,5.0,Revenue contraction,58.94,Watchlist,"Above 50 DMA, Above 200 DMA, Healthy RSI momentum, Strong positive day move, Strong 1M absolute return, Positive 3M return, Strong 6M absolute return, 1M Nifty outperformance, 6M Nifty outperformance, Positive across 1M/3M/6M, 80.0% of closes stayed inside the range | Range width 66.9% | Currently 79.4% through the range"
KOTAKBANK,Financial Services,Banks - Regional,361.17,0.17,327.13,410.9,10.41,12.1,59.17,349.33,356.85,29064682.25,29780025.0,1.02,Bullish,75.0,"Above 50 DMA, Above 200 DMA, Healthy RSI momentum, Near 52W high momentum, Near 52W low zone, Normal volume support, Positive day move",2.7,1.88,3.62,2.42,3.69,13.36,0.28,-1.81,-9.74,38.0,"Positive 1M return, Positive 3M return, Positive 6M return, Positive across 1M/3M/6M",62.79,Neutral Range,83.34,343.58,368.67,7.3,70.12,80.0% of closes stayed inside the range | Range width 7.3% | Currently 70.1% through the range,14.01,2.37,,26.14,34.35,22.03,57.79,,,68460.24,75105.61,15685.0,14558.31,19.2649,15.2838,2.1432,17.0,0.275,388409.46,0.0,Banking,10.0,18.0,4.0,17.0,15.0,64.0,0.79,,,0.0,64.0,,53.01,0.0,,58.6,Watchlist,"Above 50 DMA, Above 200 DMA, Healthy RSI momentum, Near 52W high momentum, Near 52W low zone, Normal volume support, Positive day move, Positive 1M return, Positive 3M return, Positive 6M return, Positive across 1M/3M/6M, 80.0% of closes stayed inside the range | Range width 7.3% | Currently 70.1% through the range"
ICICIGI,Financial Services,Insurance - Diversified,1666.75,0.58,1022.63,1717.07,62.99,2.93,54.55,1635.4,1427.98,851469.9,635621.0,0.75,Bullish,65.0,"Above 50 DMA, Above 200 DMA, Healthy RSI momentum, Near 52W high momentum, Positive day move",3.38,16.59,27.25,2.42,3.69,13.36,0.96,12.9,13.89,53.0,"Positive 1M return, Positive 3M return, Positive 6M return, 3M Nifty outperformance, Positive across 1M/3M/6M",56.98,Profit Booking Zone,83.4,1350.21,1658.16,22.81,100.0,80.0% of closes stayed inside the range | Range width 22.8% | Currently 100.0% through the range,15.72,3.03,12.17,8.81,17.22,10.96,0.29,,,334.58,35.0,,2216.33,33.8369,23.2532,4.7882,85.0,0.452,81672.71,21.54,Financial Services,10.0,13.0,12.0,8.0,11.0,54.0,0.79,Cash covers debt,,6.0,60.0,Strong ROE for a leveraged-balance-sheet business,53.01,0.0,,58.45,Watchlist,"Above 50 DMA, Above 200 DMA, Healthy RSI momentum, Near 52W high momentum, Positive day move, Cash covers debt, Positive 1M return, Positive 3M return, Positive 6M return, 3M Nifty outperformance, Positive across 1M/3M/6M, 80.0% of closes stayed inside the range | Range width 22.8% | Currently 100.0% through the range"
SCHAEFFLER,Consumer Cyclical,Auto Parts,3225.68,1.37,2474.05,3843.25,30.38,16.07,64.53,2936.59,2988.12,70703.6,160482.0,2.27,Bullish,70.0,"Above 50 DMA, Above 200 DMA, Healthy RSI momentum, Strong volume expansion, Positive day move",14.03,-0.56,6.71,2.42,3.69,13.36,11.61,-4.25,-6.65,35.0,"Strong 1M absolute return, Positive 6M return, 1M Nifty outperformance",69.39,Profit Booking Zone,85.2,2702.71,3182.65,17.76,100.0,80.0% of closes stayed inside the range | Range width 17.8% | Currently 100.0% through the range,18.71,14.35,15.47,12.61,5.79,2.25,1.06,2.92,1.99,69.71,51.1,884.46,364.36,51.4953,40.9915,10.512,84.0,0.118,64487.76,38.41,Automobile,19.0,2.0,20.0,17.0,7.0,65.0,1.0,"Strong ROE, Cash covers debt",,4.0,69.0,"General quality ROE, General low-debt support",53.49,0.0,,58.42,Watchlist,"Above 50 DMA, Above 200 DMA, Healthy RSI momentum, Strong volume expansion, Positive day move, Strong ROE, Cash covers debt, Strong 1M absolute return, Positive 6M return, 1M Nifty outperformance, 80.0% of closes stayed inside the range | Range width 17.8% | Currently 100.0% through the range"
LINDEINDIA,Basic Materials,Specialty Chemicals,7592.13,4.8,2911.17,7680.18,160.79,1.15,70.9,6190.43,5736.33,114968.95,102871.0,0.89,Bullish,57.0,"Above 50 DMA, Above 200 DMA, Strong but overbought RSI, Near 52W high momentum, Strong positive day move",17.86,40.16,18.84,2.42,3.69,13.36,15.44,36.47,5.48,80.0,"Strong 1M absolute return, Strong 3M absolute return, Positive 6M return, 1M Nifty outperformance, 3M Nifty outperformance, Positive across 1M/3M/6M",25.44,Profit Booking Zone,81.73,5509.59,6761.39,22.72,100.0,80.0% of closes stayed inside the range | Range width 22.7% | Currently 100.0% through the range,12.52,9.03,18.11,15.68,10.5,-1.08,0.6,1.87,1.79,978.82,20.69,440.4,-131.28,105.6673,78.7623,13.5476,6.0,,57801.38,58.55,Chemicals,18.0,5.0,19.0,9.0,5.0,56.0,1.0,Cash covers debt,"Earnings contraction, Negative free cash flow, Very high PE",2.0,58.0,General low-debt support,51.98,4.0,Negative free cash flow,58.35,Watchlist,"Above 50 DMA, Above 200 DMA, Strong but overbought RSI, Near 52W high momentum, Strong positive day move, Cash covers debt, Strong 1M absolute return, Strong 3M absolute return, Positive 6M return, 1M Nifty outperformance, 3M Nifty outperformance, Positive across 1M/3M/6M, 80.0% of closes stayed inside the range | Range width 22.7% | Currently 100.0% through the range"
PIIND,Basic Materials,Agricultural Inputs,3648.85,-0.64,2827.12,3993.32,29.07,8.63,43.39,3647.5,3556.16,385505.65,241564.0,0.63,Bullish,38.0,"Above 50 DMA, Above 200 DMA, Weak but watchable RSI",1.55,8.09,5.64,2.42,3.69,13.36,-0.87,4.4,-7.72,38.0,"Positive 1M return, Positive 3M return, Positive 6M return, Positive across 1M/3M/6M",57.02,Neutral Range,74.42,3311.66,3795.19,14.6,69.74,80.0% of closes stayed inside the range | Range width 14.6% | Currently 69.7% through the range,19.26,15.62,22.87,22.09,17.86,36.76,2.18,3.9,3.14,886.5,190.6,2035.9,1415.5,35.5884,23.3804,3.3541,55.0,,37668.63,57.49,General,22.0,18.0,20.0,17.0,9.0,86.0,1.0,"Strong ROE, Cash covers debt",,4.0,90.0,"General quality ROE, General low-debt support",51.98,0.0,,58.3,Watchlist,"Above 50 DMA, Above 200 DMA, Weak but watchable RSI, Strong ROE, Cash covers debt, Positive 1M return, Positive 3M return, Positive 6M return, Positive across 1M/3M/6M, 80.0% of closes stayed inside the range | Range width 14.6% | Currently 69.7% through the range"
ICICIBANK,Financial Services,Banks - Regional,1063.7,0.33,770.28,1089.36,38.09,2.36,54.49,1041.87,968.82,14500170.65,9848215.0,0.68,Bullish,65.0,"Above 50 DMA, Above 200 DMA, Healthy RSI momentum, Near 52W high momentum, Positive day move",0.53,11.05,14.59,2.42,3.69,13.36,-1.89,7.36,1.23,38.0,"Positive 1M return, Positive 3M return, Positive 6M return, Positive across 1M/3M/6M",62.79,Profit Booking Zone,84.21,903.49,1060.46,17.37,100.0,80.0% of closes stayed inside the range | Range width 17.4% | Currently 100.0% through the range,17.28,1.87,,27.45,18.9,30.03,78.47,,,190129.59,200998.71,157284.48,153605.93,18.4855,15.2309,2.6994,84.0,0.261,1026998.09,0.0,Banking,10.0,18.0,4.0,17.0,15.0,64.0,0.79,,,6.0,70.0,Strong ROE for a leveraged-balance-sheet business,53.01,0.0,,58.2,Watchlist,"Above 50 DMA, Above 200 DMA, Healthy RSI momentum, Near 52W high momentum, Positive day move, Positive 1M return, Positive 3M return, Positive 6M return, Positive across 1M/3M/6M, 80.0% of closes stayed inside the range | Range width 17.4% | Currently 100.0% through the range"
UNITDSPR,Consumer Defensive,Beverages - Wineries & Distilleries,1141.32,0.88,709.87,1177.36,60.78,3.06,55.9,1109.28,1033.71,1072295.85,1001198.0,0.93,Bullish,65.0,"Above 50 DMA, Above 200 DMA, Healthy RSI momentum, Near 52W high momentum, Positive day move",6.21,6.81,8.96,2.42,3.69,13.36,3.79,3.12,-4.4,38.0,"Positive 1M return, Positive 3M return, Positive 6M return, Positive across 1M/3M/6M",43.48,Profit Booking Zone,85.26,1019.31,1125.01,10.37,100.0,80.0% of closes stayed inside the range | Range width 10.4% | Currently 100.0% through the range,19.77,12.52,15.34,12.51,6.68,23.83,3.72,1.89,1.36,1052.0,265.0,1118.0,1020.0,64.3606,50.7888,12.1739,1.1,0.148,108993.5,46.86,FMCG / Consumer,19.0,10.0,18.0,17.0,4.0,68.0,1.0,"Strong ROE, Cash covers debt",,3.0,71.0,"Low debt, typical of a healthy consumer business",47.82,0.0,,57.77,Watchlist,"Above 50 DMA, Above 200 DMA, Healthy RSI momentum, Near 52W high momentum, Positive day move, Strong ROE, Cash covers debt, Positive 1M return, Positive 3M return, Positive 6M return, Positive across 1M/3M/6M, 80.0% of closes stayed inside the range | Range width 10.4% | Currently 100.0% through the range"
DIVISLAB,Healthcare,Drug Manufacturers - Specialty & Generic,3713.37,0.83,2668.41,4014.63,39.16,7.5,59.22,3562.15,3613.19,599257.95,307637.0,0.51,Bullish,65.0,"Above 50 DMA, Above 200 DMA, Healthy RSI momentum, Near 52W high momentum, Positive day move",9.93,1.07,3.1,2.42,3.69,13.36,7.51,-2.62,-10.26,48.0,"Positive 1M return, Positive 3M return, Positive 6M return, 1M Nifty outperformance, Positive across 1M/3M/6M",48.81,Neutral Range,80.9,3394.58,3829.09,12.8,73.37,80.0% of closes stayed inside the range | Range width 12.8% | Currently 73.4% through the range,11.79,10.34,23.5,20.52,1.71,-12.28,0.02,7.57,5.08,363.0,3.0,1261.0,258.0,88.4956,57.207,13.6211,35.0,0.22,228302.97,61.24,Pharma / Healthcare,17.0,0.0,20.0,17.0,5.0,59.0,1.0,Cash covers debt,"Earnings contraction, Very high PE",2.0,61.0,General low-debt support,53.05,0.0,,57.56,Watchlist,"Above 50 DMA, Above 200 DMA, Healthy RSI momentum, Near 52W high momentum, Positive day move, Cash covers debt, Positive 1M return, Positive 3M return, Positive 6M return, 1M Nifty outperformance, Positive across 1M/3M/6M, 80.0% of closes stayed inside the range | Range width 12.8% | Currently 73.4% through the range"
SUPREMEIND,Industrials,Building Products & Equipment,4097.8,-0.46,1762.06,4776.54,132.56,14.21,53.4,3956.88,4021.48,140807.35,88694.0,0.63,Bullish,60.0,"Above 50 DMA, Above 200 DMA, Healthy RSI momentum, Near 52W high momentum",8.86,3.03,-3.35,2.42,3.69,13.36,6.44,-0.66,-16.71,28.0,"Positive 1M return, Positive 3M return, 1M Nifty outperformance",90.59,Lower Range Watch,76.91,3847.11,4411.73,14.68,44.4,80.0% of closes stayed inside the range | Range width 14.7% | Currently 44.4% through the range,20.94,16.32,12.47,10.61,10.32,23.62,1.08,2.58,1.52,1178.51,55.06,1412.9,863.56,42.4997,33.2494,7.1243,1.05,0.182,43969.03,32.69,Capital Goods / Infra,17.0,13.0,20.0,17.0,6.0,73.0,1.0,"Strong ROE, Cash covers debt",,0.0,73.0,,63.65,0.0,,57.1,Watchlist,"Above 50 DMA, Above 200 DMA, Healthy RSI momentum, Near 52W high momentum, Strong ROE, Cash covers debt, Positive 1M return, Positive 3M return, 1M Nifty outperformance, 80.0% of closes stayed inside the range | Range width 14.7% | Currently 44.4% through the range"
LICI,Financial Services,Insurance - Life,472.88,1.18,252.0,561.31,87.65,15.75,54.43,475.47,368.81,7237091.9,9917082.0,1.37,Bearish,50.0,"Above 200 DMA, Healthy RSI momentum, Volume expansion, Positive day move",13.75,11.54,55.36,2.42,3.69,13.36,11.33,7.85,42.0,80.0,"Strong 1M absolute return, Positive 3M return, Strong 6M absolute return, 1M Nifty outperformance, 6M Nifty outperformance, Positive across 1M/3M/6M",30.81,Profit Booking Zone,71.32,291.76,497.3,70.45,88.12,80.0% of closes stayed inside the range | Range width 70.5% | Currently 88.1% through the range,49.45,0.77,4.85,4.82,8.13,13.67,,,,36165.31,,,25780.17,8.5468,7.091,2.9869,2.46,0.543,527504.82,11.08,Financial Services,8.0,10.0,0.0,8.0,15.0,41.0,0.71,Strong ROE,,6.0,47.0,Strong ROE for a leveraged-balance-sheet business,53.01,0.0,,56.9,Watchlist,"Above 200 DMA, Healthy RSI momentum, Volume expansion, Positive day move, Strong ROE, Strong 1M absolute return, Positive 3M return, Strong 6M absolute return, 1M Nifty outperformance, 6M Nifty outperformance, Positive across 1M/3M/6M, 80.0% of closes stayed inside the range | Range width 70.5% | Currently 88.1% through the range"
FEDERALBNK,Financial Services,Banks - Regional,151.41,0.16,102.82,163.81,47.25,7.57,52.26,150.12,143.92,13522286.8,9181183.0,0.68,Bullish,65.0,"Above 50 DMA, Above 200 DMA, Healthy RSI momentum, Near 52W high momentum, Positive day move",4.27,5.38,3.5,2.42,3.69,13.36,1.85,1.69,-9.86,38.0,"Positive 1M return, Positive 3M return, Positive 6M return, Positive across 1M/3M/6M",62.79,Profit Booking Zone,82.65,142.79,153.59,7.57,79.76,80.0% of closes stayed inside the range | Range width 7.6% | Currently 79.8% through the range,12.89,1.22,,31.99,18.01,22.62,74.1,,,31126.48,22308.62,6431.17,6103.25,19.1033,13.2216,2.1967,34.0,0.276,88118.6,0.0,Banking,10.0,16.0,7.0,17.0,15.0,65.0,0.79,Cash covers debt,,0.0,65.0,,53.01,0.0,,56.45,Watchlist,"Above 50 DMA, Above 200 DMA, Healthy RSI momentum, Near 52W high momentum, Positive day move, Cash covers debt, Positive 1M return, Positive 3M return, Positive 6M return, Positive across 1M/3M/6M, 80.0% of closes stayed inside the range | Range width 7.6% | Currently 79.8% through the range"
JIOFIN,Financial Services,Asset Management,386.44,1.37,202.01,393.16,91.3,1.71,66.6,329.99,,35044037.7,35550933.0,1.01,Bullish,55.0,"Above 50 DMA, Healthy RSI momentum, Near 52W high momentum, Normal volume support, Positive day move",14.95,59.95,72.58,2.42,3.69,13.36,12.53,56.26,59.22,100.0,"Strong 1M absolute return, Strong 3M absolute return, Strong 6M absolute return, 1M Nifty outperformance, 3M Nifty outperformance, 6M Nifty outperformance, Positive across 1M/3M/6M",7.56,Profit Booking Zone,75.35,219.23,356.13,62.45,100.0,80.0% of closes stayed inside the range | Range width 62.4% | Currently 100.0% through the range,1.15,1.11,77.85,137.07,5424.3,5034.56,0.0,112.76,,67.18,0.0,-677.57,-678.36,79.7664,57.4103,1.211,24.0,0.502,169073.43,100.0,Financial Services,12.0,20.0,17.0,0.0,9.0,58.0,0.93,Net cash position,"Negative operating cash flow, Negative free cash flow",-5.0,53.0,Weak ROE for a leveraged-balance-sheet business,53.01,9.0,"Negative operating cash flow, Negative free cash flow",56.25,Watchlist,"Above 50 DMA, Healthy RSI momentum, Near 52W high momentum, Normal volume support, Positive day move, Net cash position, Strong 1M absolute return, Strong 3M absolute return, Strong 6M absolute return, 1M Nifty outperformance, 3M Nifty outperformance, 6M Nifty outperformance, Positive across 1M/3M/6M, 80.0% of closes stayed inside the range | Range width 62.4% | Currently 100.0% through the range"
POLICYBZR,Financial Services,Insurance Brokers,1191.65,-0.84,356.2,1400.35,234.55,14.9,51.5,1111.05,858.89,1923648.4,2265085.0,1.18,Bullish,65.0,"Above 50 DMA, Above 200 DMA, Healthy RSI momentum, Near 52W high momentum, Normal volume support",6.95,35.56,61.36,2.42,3.69,13.36,4.53,31.87,48.0,88.0,"Positive 1M return, Strong 3M absolute return, Strong 6M absolute return, 3M Nifty outperformance, 6M Nifty outperformance, Positive across 1M/3M/6M",24.42,Profit Booking Zone,77.84,745.01,1190.79,59.84,100.0,80.0% of closes stayed inside the range | Range width 59.8% | Currently 100.0% through the range,1.14,1.0,-7.99,1.95,34.4,113.75,4.31,7.97,,324.86,253.33,8.65,-54.7,107.8784,51.9191,10.9914,,0.375,80349.11,64.25,Financial Services,0.0,20.0,17.0,9.0,3.0,49.0,0.86,Cash covers debt,"Negative free cash flow, Very high PE",-9.0,40.0,"Weak ROE for a leveraged-balance-sheet business, Expensive relative to book value for this sector",53.01,4.0,Negative free cash flow,56.2,Watchlist,"Above 50 DMA, Above 200 DMA, Healthy RSI momentum, Near 52W high momentum, Normal volume support, Cash covers debt, Positive 1M return, Strong 3M absolute return, Strong 6M absolute return, 3M Nifty outperformance, 6M Nifty outperformance, Positive across 1M/3M/6M, 80.0% of closes stayed inside the range | Range width 59.8% | Currently 100.0% through the range"
HAVELLS,Industrials,Electrical Equipment & Parts,1520.89,-0.18,998.35,1560.24,52.34,2.52,59.72,1450.77,1344.54,1150452.9,966466.0,0.84,Bullish,60.0,"Above 50 DMA, Above 200 DMA, Healthy RSI momentum, Near 52W high momentum",5.94,8.4,9.71,2.42,3.69,13.36,3.52,4.71,-3.65,38.0,"Positive 1M return, Positive 3M return, Positive 6M return, Positive across 1M/3M/6M",77.06,Profit Booking Zone,82.61,1242.09,1503.52,21.05,100.0,80.0% of closes stayed inside the range | Range width 21.0% | Currently 100.0% through the range,17.06,10.22,8.49,6.88,9.92,18.57,4.07,1.84,1.05,265.57,303.16,1952.89,1166.82,49.012,38.6678,8.3918,94.0,0.3,79386.55,32.03,Capital Goods / Infra,11.0,13.0,15.0,17.0,7.0,63.0,1.0,,,0.0,63.0,,63.65,0.0,,56.1,Watchlist,"Above 50 DMA, Above 200 DMA, Healthy RSI momentum, Near 52W high momentum, Positive 1M return, Positive 3M return, Positive 6M return, Positive across 1M/3M/6M, 80.0% of closes stayed inside the range | Range width 21.0% | Currently 100.0% through the range"
LUPIN,Healthcare,Drug Manufacturers - Specialty & Generic,1552.17,-1.47,609.38,1674.18,154.71,7.29,46.04,1584.49,1261.24,965940.3,849166.0,0.88,Bearish,27.0,"Above 200 DMA, RSI recovering",1.1,12.88,31.86,2.42,3.69,13.36,-1.32,9.19,18.5,63.0,"Positive 1M return, Positive 3M return, Strong 6M absolute return, 6M Nifty outperformance, Positive across 1M/3M/6M",35.71,Profit Booking Zone,71.98,1172.51,1593.5,35.9,90.18,80.0% of closes stayed inside the range | Range width 35.9% | Currently 90.2% through the range,13.4,7.98,14.23,9.74,20.81,345.15,20.45,1.58,1.0,983.28,2921.77,3648.36,2719.46,18.8684,22.3319,4.6455,79.0,0.182,104295.27,72.36,Pharma / Healthcare,12.0,18.0,13.0,17.0,10.0,70.0,1.0,,,2.0,72.0,General low-debt support,53.05,0.0,,55.66,Watchlist,"Above 200 DMA, RSI recovering, Positive 1M return, Positive 3M return, Strong 6M absolute return, 6M Nifty outperformance, Positive across 1M/3M/6M, 80.0% of closes stayed inside the range | Range width 35.9% | Currently 90.2% through the range"
UNIONBANK,Financial Services,Banks - Regional,134.46,-2.46,34.45,149.38,290.35,9.99,47.46,135.78,105.5,14806335.75,18952074.0,1.28,Bearish,32.0,"Above 200 DMA, RSI recovering, Normal volume support",1.56,11.33,39.84,2.42,3.69,13.36,-0.86,7.64,26.48,63.0,"Positive 1M return, Positive 3M return, Strong 6M absolute return, 6M Nifty outperformance, Positive across 1M/3M/6M",41.28,Profit Booking Zone,71.83,96.79,138.79,43.39,89.69,80.0% of closes stayed inside the range | Range width 43.4% | Currently 89.7% through the range,14.14,0.98,,25.0,17.07,62.1,27.64,,,119645.85,26974.27,19929.69,18280.89,6.9131,6.9857,1.0231,2.74,0.893,142748.43,0.0,Banking,10.0,18.0,10.0,17.0,12.0,67.0,0.79,Cash covers debt,,0.0,67.0,,53.01,0.0,,55.15,Watchlist,"Above 200 DMA, RSI recovering, Normal volume support, Cash covers debt, Positive 1M return, Positive 3M return, Strong 6M absolute return, 6M Nifty outperformance, Positive across 1M/3M/6M, 80.0% of closes stayed inside the range | Range width 43.4% | Currently 89.7% through the range"
AUROPHARMA,Healthcare,Drug Manufacturers - Specialty & Generic,1089.16,1.58,391.5,1171.01,178.2,6.99,52.29,1052.02,954.54,1683080.55,1150312.0,0.68,Bullish,65.0,"Above 50 DMA, Above 200 DMA, Healthy RSI momentum, Near 52W high momentum, Positive day move",7.47,0.57,20.74,2.42,3.69,13.36,5.05,-3.12,7.38,48.0,"Positive 1M return, Positive 3M return, Positive 6M return, 1M Nifty outperformance, Positive across 1M/3M/6M",48.81,Profit Booking Zone,81.51,957.43,1119.02,16.88,81.52,80.0% of closes stayed inside the range | Range width 16.9% | Currently 81.5% through the range,10.63,7.04,15.47,11.05,16.6,64.62,22.28,1.98,1.18,3393.48,6647.63,2434.52,-1126.98,25.9052,18.0068,2.5552,24.0,0.022,95915.5,58.85,Pharma / Healthcare,10.0,18.0,13.0,9.0,13.0,63.0,1.0,,Negative free cash flow,2.0,65.0,General low-debt support,53.05,4.0,Negative free cash flow,54.96,Neutral,"Above 50 DMA, Above 200 DMA, Healthy RSI momentum, Near 52W high momentum, Positive day move, Positive 1M return, Positive 3M return, Positive 6M return, 1M Nifty outperformance, Positive across 1M/3M/6M, 80.0% of closes stayed inside the range | Range width 16.9% | Currently 81.5% through the range"
EXIDEIND,Consumer Cyclical,Auto Parts,455.16,-0.97,149.41,475.14,204.63,4.2,80.99,336.82,288.98,20023438.5,11816994.0,0.59,Bullish,47.0,"Above 50 DMA, Above 200 DMA, Strong but overbought RSI, Near 52W high momentum",53.08,44.47,74.49,2.42,3.69,13.36,50.66,40.78,61.13,100.0,"Strong 1M absolute return, Strong 3M absolute return, Strong 6M absolute return, 1M Nifty outperformance, 3M Nifty outperformance, 6M Nifty outperformance, Positive across 1M/3M/6M",8.16,Profit Booking Zone,78.67,264.99,342.15,29.12,100.0,80.0% of closes stayed inside the range | Range width 29.1% | Currently 100.0% through the range,6.8,4.83,7.71,5.26,11.3,6.56,8.71,1.41,0.54,322.99,1122.87,1533.14,-342.91,44.044,26.4992,2.9993,41.0,0.552,41705.25,31.41,Automobile,0.0,7.0,11.0,9.0,11.0,38.0,1.0,,Negative free cash flow,2.0,40.0,General low-debt support,53.49,4.0,Negative free cash flow,54.77,Neutral,"Above 50 DMA, Above 200 DMA, Strong but overbought RSI, Near 52W high momentum, Strong 1M absolute return, Strong 3M absolute return, Strong 6M absolute return, 1M Nifty outperformance, 3M Nifty outperformance, 6M Nifty outperformance, Positive across 1M/3M/6M, 80.0% of closes stayed inside the range | Range width 29.1% | Currently 100.0% through the range"
TATAINVEST,Financial Services,Asset Management,675.2,0.46,143.54,962.86,370.38,29.88,48.78,680.54,417.43,737319.0,170470.0,0.23,Bearish,32.0,"Above 200 DMA, RSI recovering, Positive day move",5.7,58.44,120.01,2.42,3.69,13.36,3.28,54.75,106.65,88.0,"Positive 1M return, Strong 3M absolute return, Strong 6M absolute return, 3M Nifty outperformance, 6M Nifty outperformance, Positive across 1M/3M/6M",24.42,Profit Booking Zone,63.26,319.11,718.58,125.18,89.14,80.0% of closes stayed inside the range | Range width 125.2% | Currently 89.1% through the range,1.28,1.17,,87.52,44.11,52.84,0.0,,,110.49,0.41,234.86,234.68,79.7014,,1.1785,49.0,0.314,34437.69,99.99,Financial Services,6.0,20.0,12.0,17.0,6.0,61.0,0.79,Cash covers debt,,-5.0,56.0,Weak ROE for a leveraged-balance-sheet business,53.01,3.0,Low volume participation,54.55,Neutral,"Above 200 DMA, RSI recovering, Positive day move, Cash covers debt, Positive 1M return, Strong 3M absolute return, Strong 6M absolute return, 3M Nifty outperformance, 6M Nifty outperformance, Positive across 1M/3M/6M, 80.0% of closes stayed inside the range | Range width 125.2% | Currently 89.1% through the range"
PNB,Financial Services,Banks - Regional,124.0,-0.19,29.62,129.08,318.55,3.94,57.15,118.17,83.63,42143253.15,28249840.0,0.67,Bullish,60.0,"Above 50 DMA, Above 200 DMA, Healthy RSI momentum, Near 52W high momentum",13.89,36.68,76.54,2.42,3.69,13.36,11.47,32.99,63.18,100.0,"Strong 1M absolute return, Strong 3M absolute return, Strong 6M absolute return, 1M Nifty outperformance, 3M Nifty outperformance, 6M Nifty outperformance, Positive across 1M/3M/6M",7.56,Profit Booking Zone,75.18,71.06,121.22,70.59,100.0,80.0% of closes stayed inside the range | Range width 70.6% | Currently 100.0% through the range,8.25,0.57,,16.48,17.35,171.98,65.76,,,131400.19,72585.62,-27939.44,-29114.44,6.1872,6.9245,0.8745,2.63,0.504,136743.04,0.0,Banking,7.0,18.0,7.0,0.0,12.0,44.0,0.79,Cash covers debt,"Negative operating cash flow, Negative free cash flow",0.0,44.0,,53.01,9.0,"Negative operating cash flow, Negative free cash flow",54.35,Neutral,"Above 50 DMA, Above 200 DMA, Healthy RSI momentum, Near 52W high momentum, Cash covers debt, Strong 1M absolute return, Strong 3M absolute return, Strong 6M absolute return, 1M Nifty outperformance, 3M Nifty outperformance, 6M Nifty outperformance, Positive across 1M/3M/6M, 80.0% of closes stayed inside the range | Range width 70.6% | Currently 100.0% through the range"
HINDCOPPER,Basic Materials,Copper,368.49,-1.85,92.4,390.23,298.81,5.57,71.99,286.56,201.85,20221983.6,8476391.0,0.42,Bullish,47.0,"Above 50 DMA, Above 200 DMA, Strong but overbought RSI, Near 52W high momentum",45.39,43.54,132.31,2.42,3.69,13.36,42.97,39.85,118.95,100.0,"Strong 1M absolute return, Strong 3M absolute return, Strong 6M absolute return, 1M Nifty outperformance, 3M Nifty outperformance, 6M Nifty outperformance, Positive across 1M/3M/6M",7.89,Profit Booking Zone,68.04,146.28,308.72,111.04,100.0,80.0% of closes stayed inside the range | Range width 111.0% | Currently 100.0% through the range,12.92,9.03,23.11,17.32,2.37,-0.05,9.75,1.07,0.65,71.63,222.72,341.21,-193.21,45.4523,27.1139,15.8616,46.0,,52963.9,91.1,Metals / Mining,18.0,0.0,11.0,9.0,7.0,45.0,1.0,,"Earnings contraction, Negative free cash flow",2.0,47.0,General low-debt support,51.98,7.0,"Low volume participation, Negative free cash flow",54.0,Neutral,"Above 50 DMA, Above 200 DMA, Strong but overbought RSI, Near 52W high momentum, Strong 1M absolute return, Strong 3M absolute return, Strong 6M absolute return, 1M Nifty outperformance, 3M Nifty outperformance, 6M Nifty outperformance, Positive across 1M/3M/6M, 80.0% of closes stayed inside the range | Range width 111.0% | Currently 100.0% through the range"
BHARATFORG,Consumer Cyclical,Auto Parts,1188.57,0.17,660.33,1307.29,80.0,9.08,63.03,1138.5,1076.32,1302079.45,475098.0,0.36,Bullish,65.0,"Above 50 DMA, Above 200 DMA, Healthy RSI momentum, Near 52W high momentum, Positive day move",10.42,0.27,7.74,2.42,3.69,13.36,8.0,-3.42,-5.62,55.0,"Strong 1M absolute return, Positive 3M return, Positive 6M return, 1M Nifty outperformance, Positive across 1M/3M/6M",44.9,Profit Booking Zone,80.65,1035.38,1232.08,19.0,77.88,80.0% of closes stayed inside the range | Range width 19.0% | Currently 77.9% through the range,13.27,4.92,11.72,6.32,22.41,80.01,110.84,1.08,0.73,1313.55,7947.53,1664.39,140.37,140.9275,43.1994,10.3879,41.0,0.54,99514.15,53.26,Automobile,10.0,18.0,4.0,17.0,5.0,54.0,1.0,,Very high PE,0.0,54.0,,53.49,3.0,Low volume participation,53.92,Neutral,"Above 50 DMA, Above 200 DMA, Healthy RSI momentum, Near 52W high momentum, Positive day move, Strong 1M absolute return, Positive 3M return, Positive 6M return, 1M Nifty outperformance, Positive across 1M/3M/6M, 80.0% of closes stayed inside the range | Range width 19.0% | Currently 77.9% through the range"
PRESTIGE,Real Estate,Real Estate - Diversified,1283.12,3.58,388.74,1435.16,230.07,10.59,60.93,1180.6,913.59,932096.7,573231.0,0.61,Bullish,70.0,"Above 50 DMA, Above 200 DMA, Healthy RSI momentum, Near 52W high momentum, Strong positive day move",24.21,-0.11,78.47,2.42,3.69,13.36,21.79,-3.8,65.11,60.0,"Strong 1M absolute return, Strong 6M absolute return, 1M Nifty outperformance, 6M Nifty outperformance",80.0,Profit Booking Zone,79.83,862.99,1297.23,50.32,96.75,80.0% of closes stayed inside the range | Range width 50.3% | Currently 96.8% through the range,12.17,2.83,23.13,17.61,-5.01,45.9,119.22,1.19,0.38,2267.9,13458.0,1297.3,-609.4,60.0718,27.7803,4.2105,13.0,0.445,68516.26,58.8,Cement / Realty,14.0,10.0,4.0,9.0,7.0,44.0,1.0,,"Revenue contraction, Negative free cash flow",0.0,44.0,,65.83,4.0,Negative free cash flow,53.77,Neutral,"Above 50 DMA, Above 200 DMA, Healthy RSI momentum, Near 52W high momentum, Strong positive day move, Strong 1M absolute return, Strong 6M absolute return, 1M Nifty outperformance, 6M Nifty outperformance, 80.0% of closes stayed inside the range | Range width 50.3% | Currently 96.8% through the range"
IDBI,Financial Services,Banks - Regional,84.26,1.69,36.58,95.05,130.37,11.35,55.61,82.8,68.23,10001468.4,13461282.0,1.35,Bullish,75.0,"Above 50 DMA, Above 200 DMA, Healthy RSI momentum, Near 52W high momentum, Volume expansion, Positive day move",11.61,27.46,24.82,2.42,3.69,13.36,9.19,23.77,11.46,80.0,"Strong 1M absolute return, Strong 3M absolute return, Positive 6M return, 1M Nifty outperformance, 3M Nifty outperformance, Positive across 1M/3M/6M",30.81,Profit Booking Zone,81.37,60.17,86.13,43.14,92.82,80.0% of closes stayed inside the range | Range width 43.1% | Currently 92.8% through the range,11.33,1.59,,33.61,14.81,56.18,28.75,,,32669.42,14682.7,-1252.49,-1564.51,9.511,16.8286,1.2551,2.43,0.832,88664.31,0.0,Banking,8.0,15.0,10.0,0.0,12.0,45.0,0.79,Cash covers debt,"Negative operating cash flow, Negative free cash flow",0.0,45.0,,53.01,9.0,"Negative operating cash flow, Negative free cash flow",53.45,Neutral,"Above 50 DMA, Above 200 DMA, Healthy RSI momentum, Near 52W high momentum, Volume expansion, Positive day move, Cash covers debt, Strong 1M absolute return, Strong 3M absolute return, Positive 6M return, 1M Nifty outperformance, 3M Nifty outperformance, Positive across 1M/3M/6M, 80.0% of closes stayed inside the range | Range width 43.1% | Currently 92.8% through the range"
ENDURANCE,Consumer Cyclical,Auto Parts,1845.43,1.0,1160.92,2292.68,58.96,19.51,51.79,1814.16,1723.49,91483.5,171772.0,1.88,Bullish,65.0,"Above 50 DMA, Above 200 DMA, Healthy RSI momentum, Volume expansion, Positive day move",6.47,-8.6,17.87,2.42,3.69,13.36,4.05,-12.29,4.51,18.0,"Positive 1M return, Positive 6M return",81.63,Neutral Range,76.85,1592.27,2014.03,26.49,60.02,80.0% of closes stayed inside the range | Range width 26.5% | Currently 60.0% through the range,13.67,8.63,8.54,6.75,16.21,41.89,15.38,1.69,1.3,504.63,765.34,1057.09,222.26,44.723,30.1333,6.2092,38.0,0.723,42475.96,42.33,Automobile,11.0,18.0,15.0,17.0,7.0,68.0,1.0,,,2.0,70.0,General low-debt support,53.49,0.0,,53.27,Neutral,"Above 50 DMA, Above 200 DMA, Healthy RSI momentum, Volume expansion, Positive day move, Positive 1M return, Positive 6M return, 80.0% of closes stayed inside the range | Range width 26.5% | Currently 60.0% through the range"
HEROMOTOCO,Consumer Cyclical,Auto Manufacturers,4006.94,0.77,2004.26,4466.07,99.92,10.28,42.07,4202.09,3354.78,772964.35,547228.0,0.71,Bearish,28.0,"Above 200 DMA, Weak but watchable RSI, Positive day move",-3.67,1.59,40.47,2.42,3.69,13.36,-6.09,-2.1,27.11,45.0,"Positive 3M return, Strong 6M absolute return, 6M Nifty outperformance",58.16,Profit Booking Zone,68.3,2855.49,4308.5,50.88,79.25,80.0% of closes stayed inside the range | Range width 50.9% | Currently 79.2% through the range,21.16,14.32,12.2,9.96,11.45,33.27,3.43,1.46,1.21,604.91,606.41,4923.07,4135.18,21.5516,18.1039,5.458,3.15,0.468,117983.24,31.65,Automobile,17.0,15.0,13.0,17.0,11.0,73.0,1.0,Strong ROE,,4.0,77.0,"General quality ROE, General low-debt support",53.49,0.0,,53.22,Neutral,"Above 200 DMA, Weak but watchable RSI, Positive day move, Strong ROE, Positive 3M return, Strong 6M absolute return, 6M Nifty outperformance, 80.0% of closes stayed inside the range | Range width 50.9% | Currently 79.2% through the range"
TATACONSUM,Consumer Defensive,Packaged Foods,1147.04,0.2,663.99,1240.54,72.75,7.54,58.35,1129.18,964.77,2229836.6,1930671.0,0.87,Bullish,65.0,"Above 50 DMA, Above 200 DMA, Healthy RSI momentum, Near 52W high momentum, Positive day move",4.39,3.05,29.14,2.42,3.69,13.36,1.97,-0.64,15.78,53.0,"Positive 1M return, Positive 3M return, Positive 6M return, 6M Nifty outperformance, Positive across 1M/3M/6M",30.43,Profit Booking Zone,82.21,897.84,1152.97,28.42,97.68,80.0% of closes stayed inside the range | Range width 28.4% | Currently 97.7% through the range,7.16,4.11,12.65,7.62,10.53,-4.44,21.66,1.2,0.75,2319.83,3477.22,1936.68,1601.99,64.3966,44.4085,4.823,93.0,0.414,105095.18,41.11,FMCG / Consumer,6.0,5.0,9.0,17.0,7.0,44.0,1.0,,Earnings contraction,3.0,47.0,"Low debt, typical of a healthy consumer business",47.82,0.0,,53.12,Neutral,"Above 50 DMA, Above 200 DMA, Healthy RSI momentum, Near 52W high momentum, Positive day move, Positive 1M return, Positive 3M return, Positive 6M return, 6M Nifty outperformance, Positive across 1M/3M/6M, 80.0% of closes stayed inside the range | Range width 28.4% | Currently 97.7% through the range"
MAXHEALTH,Healthcare,Medical Care Facilities,757.07,0.34,351.87,905.77,115.15,16.42,41.33,802.57,664.46,2160340.6,2056157.0,0.95,Bearish,28.0,"Above 200 DMA, Weak but watchable RSI, Positive day move",0.36,3.93,31.95,2.42,3.69,13.36,-2.06,0.24,18.59,63.0,"Positive 1M return, Positive 3M return, Strong 6M absolute return, 6M Nifty outperformance, Positive across 1M/3M/6M",35.71,Neutral Range,67.21,591.17,848.16,43.47,64.56,80.0% of closes stayed inside the range | Range width 43.5% | Currently 64.6% through the range,12.58,8.81,24.19,19.92,18.28,-4.16,15.4,1.37,1.3,979.84,1294.56,1121.67,335.72,70.4053,41.5708,9.1232,19.0,0.128,98057.3,62.42,Pharma / Healthcare,19.0,8.0,13.0,17.0,5.0,62.0,1.0,,Earnings contraction,2.0,64.0,General low-debt support,53.05,0.0,,53.11,Neutral,"Above 200 DMA, Weak but watchable RSI, Positive day move, Positive 1M return, Positive 3M return, Strong 6M absolute return, 6M Nifty outperformance, Positive across 1M/3M/6M, 80.0% of closes stayed inside the range | Range width 43.5% | Currently 64.6% through the range"
RBLBANK,Financial Services,Banks - Regional,259.57,1.8,95.02,296.89,173.18,12.57,60.37,248.8,240.24,7426464.45,7126763.0,0.96,Bullish,65.0,"Above 50 DMA, Above 200 DMA, Healthy RSI momentum, Near 52W high momentum, Positive day move",12.69,-7.04,7.88,2.42,3.69,13.36,10.27,-10.73,-5.48,35.0,"Strong 1M absolute return, Positive 6M return, 1M Nifty outperformance",68.6,Neutral Range,77.54,226.16,280.05,23.83,61.99,80.0% of closes stayed inside the range | Range width 23.8% | Currently 62.0% through the range,8.49,0.91,,13.84,22.4,37.01,100.47,,,14423.42,14907.27,4954.98,4751.34,32.1617,19.5915,1.4386,33.0,0.642,60423.22,0.0,Banking,7.0,18.0,2.0,17.0,13.0,57.0,0.79,,,0.0,57.0,,53.01,0.0,,52.9,Neutral,"Above 50 DMA, Above 200 DMA, Healthy RSI momentum, Near 52W high momentum, Positive day move, Strong 1M absolute return, Positive 6M return, 1M Nifty outperformance, 80.0% of closes stayed inside the range | Range width 23.8% | Currently 62.0% through the range"
ASTERDM,Healthcare,Medical Care Facilities,391.78,1.05,151.5,421.43,158.59,7.04,69.1,344.86,285.15,4234860.85,6174501.0,1.46,Bullish,75.0,"Above 50 DMA, Above 200 DMA, Healthy RSI momentum, Near 52W high momentum, Volume expansion, Positive day move",18.46,18.65,54.46,2.42,3.69,13.36,16.04,14.96,41.1,95.0,"Strong 1M absolute return, Positive 3M return, Strong 6M absolute return, 1M Nifty outperformance, 3M Nifty outperformance, 6M Nifty outperformance, Positive across 1M/3M/6M",11.9,Breakout Watch,82.79,254.18,358.07,40.88,100.0,80.0% of closes stayed inside the range | Range width 40.9% | Currently 100.0% through the range | Above upper band on elevated volume,2.84,0.72,10.09,3.55,23.25,-69.57,30.35,1.25,1.25,82.23,1383.75,157.81,-647.77,138.9178,42.5242,9.3243,47.0,-0.059,72170.12,58.62,Pharma / Healthcare,3.0,8.0,11.0,9.0,5.0,36.0,1.0,,"Earnings contraction, Negative free cash flow, Very high PE",2.0,38.0,General low-debt support,53.05,11.0,"Earnings contraction, Negative free cash flow",52.76,Neutral,"Above 50 DMA, Above 200 DMA, Healthy RSI momentum, Near 52W high momentum, Volume expansion, Positive day move, Strong 1M absolute return, Positive 3M return, Strong 6M absolute return, 1M Nifty outperformance, 3M Nifty outperformance, 6M Nifty outperformance, Positive across 1M/3M/6M, 80.0% of closes stayed inside the range | Range width 40.9% | Currently 100.0% through the range | Above upper band on elevated volume"
HINDPETRO,Energy,Oil & Gas Refining & Marketing,287.04,-1.82,115.53,353.4,148.44,18.78,51.61,296.67,211.47,10788233.5,7308573.0,0.68,Bearish,35.0,"Above 200 DMA, Healthy RSI momentum",6.49,10.67,93.62,2.42,3.69,13.36,4.07,6.98,80.26,63.0,"Positive 1M return, Positive 3M return, Strong 6M absolute return, 6M Nifty outperformance, Positive across 1M/3M/6M",78.57,Profit Booking Zone,65.77,172.99,311.99,80.35,82.05,80.0% of closes stayed inside the range | Range width 80.3% | Currently 82.0% through the range,34.13,8.76,4.38,3.71,-0.35,329.43,142.12,0.61,0.22,279.85,66683.82,23851.87,13780.63,49.6183,6.9656,1.2661,6.2,0.912,82985.08,6.47,Energy / Utilities,12.0,10.0,2.0,17.0,11.0,52.0,1.0,Strong ROE,Revenue contraction,2.0,54.0,General quality ROE,59.93,0.0,,52.39,Neutral,"Above 200 DMA, Healthy RSI momentum, Strong ROE, Positive 1M return, Positive 3M return, Strong 6M absolute return, 6M Nifty outperformance, Positive across 1M/3M/6M, 80.0% of closes stayed inside the range | Range width 80.3% | Currently 82.0% through the range"
BHARTIARTL,Communication Services,Telecom Services,1307.39,3.45,665.27,1315.81,96.52,0.64,76.78,1155.76,984.23,8010633.45,12074766.0,1.51,Bullish,67.0,"Above 50 DMA, Above 200 DMA, Strong but overbought RSI, Near 52W high momentum, Volume expansion, Strong positive day move",8.97,23.69,41.82,2.42,3.69,13.36,6.55,20.0,28.46,98.0,"Positive 1M return, Strong 3M absolute return, Strong 6M absolute return, 1M Nifty outperformance, 3M Nifty outperformance, 6M Nifty outperformance, Positive across 1M/3M/6M",14.29,Breakout Watch,82.63,912.7,1192.95,30.71,100.0,80.0% of closes stayed inside the range | Range width 30.7% | Currently 100.0% through the range | Above upper band on elevated volume,9.1,1.68,24.82,4.98,7.79,-10.53,262.86,0.42,0.42,6915.5,215592.3,78898.2,38846.7,39.9959,23.6178,7.4958,1.25,0.01,1213418.96,67.86,Telecom,7.0,2.0,0.0,17.0,6.0,32.0,1.0,,"Earnings contraction, Very high debt",0.0,32.0,,48.24,8.0,Very high debt,51.69,Neutral,"Above 50 DMA, Above 200 DMA, Strong but overbought RSI, Near 52W high momentum, Volume expansion, Strong positive day move, Positive 1M return, Strong 3M absolute return, Strong 6M absolute return, 1M Nifty outperformance, 3M Nifty outperformance, 6M Nifty outperformance, Positive across 1M/3M/6M, 80.0% of closes stayed inside the range | Range width 30.7% | Currently 100.0% through the range | Above upper band on elevated volume"
UNOMINDA,Consumer Cyclical,Auto Parts,722.46,0.12,431.26,759.44,67.52,4.87,60.09,664.49,631.36,625890.5,196495.0,0.31,Bullish,65.0,"Above 50 DMA, Above 200 DMA, Healthy RSI momentum, Near 52W high momentum, Positive day move",14.04,4.71,21.43,2.42,3.69,13.36,11.62,1.02,8.07,55.0,"Strong 1M absolute return, Positive 3M return, Positive 6M return, 1M Nifty outperformance, Positive across 1M/3M/6M",44.9,Profit Booking Zone,84.22,607.81,713.04,17.31,100.0,80.0% of closes stayed inside the range | Range width 17.3% | Currently 100.0% through the range,17.68,8.84,7.63,6.29,25.49,33.95,34.45,1.23,0.78,240.63,1706.33,979.34,-70.0,59.307,38.9381,10.4196,21.0,0.289,71167.06,34.04,Automobile,11.0,20.0,9.0,9.0,7.0,56.0,1.0,,Negative free cash flow,2.0,58.0,General low-debt support,53.49,7.0,"Low volume participation, Negative free cash flow",51.32,Neutral,"Above 50 DMA, Above 200 DMA, Healthy RSI momentum, Near 52W high momentum, Positive day move, Strong 1M absolute return, Positive 3M return, Positive 6M return, 1M Nifty outperformance, Positive across 1M/3M/6M, 80.0% of closes stayed inside the range | Range width 17.3% | Currently 100.0% through the range"
IRFC,Financial Services,Credit Services,142.73,2.53,18.59,186.25,667.6,23.37,56.2,140.87,90.38,50851587.05,41842082.0,0.82,Bullish,60.0,"Above 50 DMA, Above 200 DMA, Healthy RSI momentum, Strong positive day move",10.92,-0.91,95.74,2.42,3.69,13.36,8.5,-4.6,82.38,60.0,"Strong 1M absolute return, Strong 6M absolute return, 1M Nifty outperformance, 6M Nifty outperformance",47.09,Profit Booking Zone,68.6,71.13,154.83,117.67,85.54,80.0% of closes stayed inside the range | Range width 117.7% | Currently 85.5% through the range,13.04,1.32,45.47,24.17,12.18,3.97,837.84,0.97,,22.77,412038.51,7914.1,7905.77,16.0765,12.0904,2.0307,3.3,0.33,115342.64,100.0,Financial Services,16.0,7.0,0.0,17.0,15.0,55.0,0.93,,Very high debt,6.0,61.0,High leverage is structural for this sector,53.01,8.0,Very high debt,51.3,Neutral,"Above 50 DMA, Above 200 DMA, Healthy RSI momentum, Strong positive day move, Strong 1M absolute return, Strong 6M absolute return, 1M Nifty outperformance, 6M Nifty outperformance, 80.0% of closes stayed inside the range | Range width 117.7% | Currently 85.5% through the range"
HINDALCO,Basic Materials,Aluminum,600.75,-1.09,350.03,614.1,71.63,2.17,68.91,540.79,500.23,8565896.3,6154126.0,0.72,Bullish,60.0,"Above 50 DMA, Above 200 DMA, Healthy RSI momentum, Near 52W high momentum",15.9,9.2,26.56,2.42,3.69,13.36,13.48,5.51,13.2,55.0,"Strong 1M absolute return, Positive 3M return, Positive 6M return, 1M Nifty outperformance, Positive across 1M/3M/6M",44.74,Profit Booking Zone,82.25,478.41,590.61,23.45,100.0,80.0% of closes stayed inside the range | Range width 23.5% | Currently 100.0% through the range,9.57,4.38,7.78,4.73,-3.21,0.57,53.09,1.39,0.7,11816.0,56356.0,24056.0,8328.0,14.2245,9.717,1.7528,48.0,0.925,239409.43,31.31,Metals / Mining,2.0,0.0,6.0,17.0,15.0,40.0,1.0,,Revenue contraction,2.0,42.0,General low-debt support,51.98,0.0,,51.25,Neutral,"Above 50 DMA, Above 200 DMA, Healthy RSI momentum, Near 52W high momentum, Strong 1M absolute return, Positive 3M return, Positive 6M return, 1M Nifty outperformance, Positive across 1M/3M/6M, 80.0% of closes stayed inside the range | Range width 23.5% | Currently 100.0% through the range"
GODREJPROP,Real Estate,Real Estate - Development,2523.6,1.3,1000.17,2778.37,152.32,9.17,55.78,2373.98,1935.79,910718.75,860019.0,0.94,Bullish,65.0,"Above 50 DMA, Above 200 DMA, Healthy RSI momentum, Near 52W high momentum, Positive day move",18.5,9.35,49.06,2.42,3.69,13.36,16.08,5.66,35.7,80.0,"Strong 1M absolute return, Positive 3M return, Strong 6M absolute return, 1M Nifty outperformance, 6M Nifty outperformance, Positive across 1M/3M/6M",50.0,Profit Booking Zone,81.28,1812.31,2481.53,36.93,100.0,80.0% of closes stayed inside the range | Range width 36.9% | Currently 100.0% through the range,7.26,2.03,-5.96,24.83,34.85,26.93,106.87,1.43,0.43,1319.81,10679.29,-692.57,-1387.82,38.3153,18.06,3.1684,49.0,0.478,60697.14,42.86,Cement / Realty,6.0,20.0,4.0,0.0,9.0,39.0,1.0,,"Negative operating cash flow, Negative free cash flow",0.0,39.0,,65.83,9.0,"Negative operating cash flow, Negative free cash flow",50.77,Neutral,"Above 50 DMA, Above 200 DMA, Healthy RSI momentum, Near 52W high momentum, Positive day move, Strong 1M absolute return, Positive 3M return, Strong 6M absolute return, 1M Nifty outperformance, 6M Nifty outperformance, Positive across 1M/3M/6M, 80.0% of closes stayed inside the range | Range width 36.9% | Currently 100.0% through the range"
BANKINDIA,Financial Services,Banks - Regional,131.84,2.16,40.78,142.76,223.33,7.65,56.6,126.63,102.0,12104161.25,14355630.0,1.19,Bullish,75.0,"Above 50 DMA, Above 200 DMA, Healthy RSI momentum, Near 52W high momentum, Normal volume support, Strong positive day move",9.78,8.7,37.17,2.42,3.69,13.36,7.36,5.01,23.81,73.0,"Positive 1M return, Positive 3M return, Strong 6M absolute return, 1M Nifty outperformance, 6M Nifty outperformance, Positive across 1M/3M/6M",35.47,Profit Booking Zone,83.13,94.77,131.31,38.55,100.0,80.0% of closes stayed inside the range | Range width 38.6% | Currently 100.0% through the range,9.3,0.71,,22.29,11.72,71.04,94.16,,,83122.96,66460.27,-4436.94,-5287.47,5.3869,5.6026,0.7284,3.25,0.777,66241.31,0.0,Banking,8.0,15.0,7.0,0.0,12.0,42.0,0.79,Cash covers debt,"Negative operating cash flow, Negative free cash flow",0.0,42.0,,53.01,9.0,"Negative operating cash flow, Negative free cash flow",50.65,Neutral,"Above 50 DMA, Above 200 DMA, Healthy RSI momentum, Near 52W high momentum, Normal volume support, Strong positive day move, Cash covers debt, Positive 1M return, Positive 3M return, Strong 6M absolute return, 1M Nifty outperformance, 6M Nifty outperformance, Positive across 1M/3M/6M, 80.0% of closes stayed inside the range | Range width 38.6% | Currently 100.0% through the range"
360ONE,Financial Services,Asset Management,747.91,-0.44,373.47,879.61,100.26,14.97,61.71,692.31,576.59,686040.2,793448.0,1.16,Bullish,65.0,"Above 50 DMA, Above 200 DMA, Healthy RSI momentum, Near 52W high momentum, Normal volume support",13.7,19.33,40.53,2.42,3.69,13.36,11.28,15.64,27.17,95.0,"Strong 1M absolute return, Positive 3M return, Strong 6M absolute return, 1M Nifty outperformance, 3M Nifty outperformance, 6M Nifty outperformance, Positive across 1M/3M/6M",20.35,Profit Booking Zone,81.67,524.91,705.15,34.34,100.0,80.0% of closes stayed inside the range | Range width 34.3% | Currently 100.0% through the range,23.31,5.32,36.73,40.09,21.79,22.23,271.07,0.85,,442.74,9351.16,-470.11,-572.17,38.533,28.3458,4.787,1.54,0.47,47239.83,72.87,Financial Services,20.0,16.0,0.0,0.0,8.0,44.0,0.93,Strong ROE,"Very high debt, Negative operating cash flow, Negative free cash flow",12.0,56.0,"High leverage is structural for this sector, Strong ROE for a leveraged-balance-sheet business",53.01,17.0,"Very high debt, Negative operating cash flow, Negative free cash flow",50.55,Neutral,"Above 50 DMA, Above 200 DMA, Healthy RSI momentum, Near 52W high momentum, Normal volume support, Strong ROE, Strong 1M absolute return, Positive 3M return, Strong 6M absolute return, 1M Nifty outperformance, 3M Nifty outperformance, 6M Nifty outperformance, Positive across 1M/3M/6M, 80.0% of closes stayed inside the range | Range width 34.3% | Currently 100.0% through the range"
M&M,Consumer Cyclical,Auto Manufacturers,2010.18,-1.34,1083.49,2078.79,85.53,3.3,62.24,1857.17,1616.11,3079363.35,2886136.0,0.94,Bullish,60.0,"Above 50 DMA, Above 200 DMA, Healthy RSI momentum, Near 52W high momentum",11.83,29.1,31.0,2.42,3.69,13.36,9.41,25.41,17.64,100.0,"Strong 1M absolute return, Strong 3M absolute return, Strong 6M absolute return, 1M Nifty outperformance, 3M Nifty outperformance, 6M Nifty outperformance, Positive across 1M/3M/6M",8.16,Profit Booking Zone,81.42,1503.91,1940.05,29.0,100.0,80.0% of closes stayed inside the range | Range width 29.0% | Currently 100.0% through the range,17.02,4.77,14.44,8.3,14.08,9.6,161.09,1.3,1.05,4530.1,106625.52,-5629.95,-15575.94,21.0528,21.6049,4.0858,95.0,0.291,408691.44,38.59,Automobile,10.0,10.0,4.0,0.0,8.0,32.0,1.0,,"Negative operating cash flow, Negative free cash flow",0.0,32.0,,53.49,9.0,"Negative operating cash flow, Negative free cash flow",50.22,Neutral,"Above 50 DMA, Above 200 DMA, Healthy RSI momentum, Near 52W high momentum, Strong 1M absolute return, Strong 3M absolute return, Strong 6M absolute return, 1M Nifty outperformance, 3M Nifty outperformance, 6M Nifty outperformance, Positive across 1M/3M/6M, 80.0% of closes stayed inside the range | Range width 29.0% | Currently 100.0% through the range"
AJANTPHARM,Healthcare,Drug Manufacturers - Specialty & Generic,2068.81,1.86,1045.69,2259.62,97.84,8.44,49.27,2078.83,1829.35,118067.4,98235.0,0.83,Bearish,32.0,"Above 200 DMA, RSI recovering, Positive day move",2.32,-4.34,22.46,2.42,3.69,13.36,-0.1,-8.03,9.1,18.0,"Positive 1M return, Positive 6M return",78.57,Profit Booking Zone,73.73,1799.4,2144.35,19.17,78.1,80.0% of closes stayed inside the range | Range width 19.2% | Currently 78.1% through the range,22.88,17.6,25.13,19.61,12.25,38.81,0.99,3.05,2.13,129.49,35.28,785.07,632.66,38.9849,30.3719,9.7708,1.82,0.216,44239.7,78.61,Pharma / Healthcare,23.0,15.0,20.0,17.0,6.0,81.0,1.0,"Strong ROE, Cash covers debt",,4.0,85.0,"General quality ROE, General low-debt support",53.05,0.0,,50.21,Neutral,"Above 200 DMA, RSI recovering, Positive day move, Strong ROE, Cash covers debt, Positive 1M return, Positive 6M return, 80.0% of closes stayed inside the range | Range width 19.2% | Currently 78.1% through the range"
POONAWALLA,Financial Services,Credit Services,494.15,0.1,240.66,517.51,105.33,4.51,56.45,474.86,421.26,1817235.6,1734671.0,0.95,Bullish,65.0,"Above 50 DMA, Above 200 DMA, Healthy RSI momentum, Near 52W high momentum, Positive day move",6.15,2.63,31.46,2.42,3.69,13.36,3.73,-1.06,18.1,63.0,"Positive 1M return, Positive 3M return, Strong 6M absolute return, 6M Nifty outperformance, Positive across 1M/3M/6M",41.28,Profit Booking Zone,81.33,361.22,493.29,36.56,100.0,80.0% of closes stayed inside the range | Range width 36.6% | Currently 100.0% through the range,20.6,6.99,41.2,57.03,57.65,146.02,186.31,1.34,,255.18,15215.72,-7556.49,-7574.4,50.6911,19.7165,3.7798,,0.318,42391.77,99.87,Financial Services,20.0,20.0,2.0,0.0,7.0,49.0,0.86,Strong ROE,"Negative operating cash flow, Negative free cash flow",6.0,55.0,Strong ROE for a leveraged-balance-sheet business,53.01,9.0,"Negative operating cash flow, Negative free cash flow",50.2,Neutral,"Above 50 DMA, Above 200 DMA, Healthy RSI momentum, Near 52W high momentum, Positive day move, Strong ROE, Positive 1M return, Positive 3M return, Strong 6M absolute return, 6M Nifty outperformance, Positive across 1M/3M/6M, 80.0% of closes stayed inside the range | Range width 36.6% | Currently 100.0% through the range"
LT,Industrials,Engineering & Construction,3514.57,-0.07,1730.13,3757.8,103.14,6.47,48.05,3462.21,3060.29,2412453.9,1434580.0,0.59,Bullish,42.0,"Above 50 DMA, Above 200 DMA, RSI recovering",2.86,1.1,16.39,2.42,3.69,13.36,0.44,-2.59,3.03,38.0,"Positive 1M return, Positive 3M return, Positive 6M return, Positive across 1M/3M/6M",77.06,Profit Booking Zone,77.24,2952.12,3579.82,21.26,89.6,80.0% of closes stayed inside the range | Range width 21.3% | Currently 89.6% through the range,15.12,3.84,9.92,5.96,20.62,24.72,134.7,1.23,1.2,11958.5,116322.22,18266.28,13749.75,33.4443,22.303,5.06,94.0,0.508,553098.2,37.43,Capital Goods / Infra,4.0,16.0,6.0,17.0,11.0,54.0,1.0,,,5.0,59.0,Strong order-book-driven revenue growth,63.65,0.0,,50.2,Neutral,"Above 50 DMA, Above 200 DMA, RSI recovering, Positive 1M return, Positive 3M return, Positive 6M return, Positive across 1M/3M/6M, 80.0% of closes stayed inside the range | Range width 21.3% | Currently 89.6% through the range"
RADICO,Consumer Defensive,Beverages - Wineries & Distilleries,1711.31,-1.12,920.13,1874.93,85.99,8.73,53.94,1651.78,1461.63,200209.05,80803.0,0.4,Bullish,60.0,"Above 50 DMA, Above 200 DMA, Healthy RSI momentum, Near 52W high momentum",4.61,6.81,37.22,2.42,3.69,13.36,2.19,3.12,23.86,63.0,"Positive 1M return, Positive 3M return, Strong 6M absolute return, 6M Nifty outperformance, Positive across 1M/3M/6M",19.57,Profit Booking Zone,81.98,1386.49,1716.09,23.77,98.55,80.0% of closes stayed inside the range | Range width 23.8% | Currently 98.6% through the range,10.75,6.4,9.63,6.4,32.01,18.98,42.25,1.7,1.06,86.25,1030.62,166.07,-73.15,86.2115,56.8584,18.3055,15.0,0.244,60734.22,43.35,FMCG / Consumer,7.0,18.0,13.0,9.0,5.0,52.0,1.0,,"Negative free cash flow, Very high PE",3.0,55.0,"Low debt, typical of a healthy consumer business",47.82,7.0,"Low volume participation, Negative free cash flow",50.17,Neutral,"Above 50 DMA, Above 200 DMA, Healthy RSI momentum, Near 52W high momentum, Positive 1M return, Positive 3M return, Strong 6M absolute return, 6M Nifty outperformance, Positive across 1M/3M/6M, 80.0% of closes stayed inside the range | Range width 23.8% | Currently 98.6% through the range"
PATANJALI,Consumer Defensive,Packaged Foods,489.85,1.45,278.5,561.81,75.89,12.81,61.93,486.03,461.19,1842321.9,1779699.0,0.97,Bullish,65.0,"Above 50 DMA, Above 200 DMA, Healthy RSI momentum, Near 52W high momentum, Positive day move",10.5,-4.59,13.25,2.42,3.69,13.36,8.08,-8.28,-0.11,35.0,"Strong 1M absolute return, Positive 6M return, 1M Nifty outperformance",47.83,Neutral Range,76.34,442.42,535.15,20.96,51.14,80.0% of closes stayed inside the range | Range width 21.0% | Currently 51.1% through the range,7.5,5.77,3.41,2.42,1.25,-13.68,10.28,2.57,1.32,537.43,1048.73,1746.25,1646.13,21.1645,19.163,2.9269,99.0,-0.175,38358.64,13.03,FMCG / Consumer,2.0,0.0,16.0,17.0,13.0,48.0,1.0,,Earnings contraction,3.0,51.0,"Low debt, typical of a healthy consumer business",47.82,0.0,,50.02,Neutral,"Above 50 DMA, Above 200 DMA, Healthy RSI momentum, Near 52W high momentum, Positive day move, Strong 1M absolute return, Positive 6M return, 1M Nifty outperformance, 80.0% of closes stayed inside the range | Range width 21.0% | Currently 51.1% through the range"
HINDZINC,Basic Materials,Other Industrial Metals & Mining,368.89,-1.27,194.09,399.26,90.06,7.61,69.64,297.82,285.92,5017443.6,1716625.0,0.34,Bullish,60.0,"Above 50 DMA, Above 200 DMA, Healthy RSI momentum, Near 52W high momentum",38.67,28.05,28.02,2.42,3.69,13.36,36.25,24.36,14.66,80.0,"Strong 1M absolute return, Strong 3M absolute return, Positive 6M return, 1M Nifty outperformance, 3M Nifty outperformance, Positive across 1M/3M/6M",25.44,Profit Booking Zone,83.86,266.51,300.31,12.68,100.0,80.0% of closes stayed inside the range | Range width 12.7% | Currently 100.0% through the range,51.06,22.89,36.99,27.63,-15.6,-26.18,60.03,1.16,0.99,53.0,9121.0,13346.0,9480.0,14.4846,13.3134,10.9157,3.58,0.661,247012.13,75.8,Metals / Mining,25.0,0.0,6.0,17.0,11.0,59.0,1.0,Strong ROE,"Revenue contraction, Earnings contraction",4.0,63.0,"General quality ROE, General low-debt support",51.98,15.0,"Low volume participation, Revenue contraction, Earnings contraction",49.85,Neutral,"Above 50 DMA, Above 200 DMA, Healthy RSI momentum, Near 52W high momentum, Strong ROE, Strong 1M absolute return, Strong 3M absolute return, Positive 6M return, 1M Nifty outperformance, 3M Nifty outperformance, Positive across 1M/3M/6M, 80.0% of closes stayed inside the range | Range width 12.7% | Currently 100.0% through the range"
SUZLON,Industrials,Specialty Industrial Machinery,41.85,2.45,6.6,50.6,534.09,17.29,53.14,42.12,33.29,37382781.7,69215858.0,1.85,Bearish,55.0,"Above 200 DMA, Healthy RSI momentum, Volume expansion, Strong positive day move",15.29,2.32,48.93,2.42,3.69,13.36,12.87,-1.37,35.57,80.0,"Strong 1M absolute return, Positive 3M return, Strong 6M absolute return, 1M Nifty outperformance, 6M Nifty outperformance, Positive across 1M/3M/6M",46.47,Neutral Range,74.39,37.03,45.81,23.71,54.84,80.0% of closes stayed inside the range | Range width 23.7% | Currently 54.8% through the range,16.84,9.2,13.06,10.31,9.37,-76.82,3.83,1.76,1.0,249.57,150.24,79.53,-147.83,20.7675,22.3752,6.6568,,0.657,65086.27,34.49,Capital Goods / Infra,14.0,5.0,18.0,9.0,4.0,50.0,0.93,Cash covers debt,"Earnings contraction, Negative free cash flow",0.0,50.0,,63.65,11.0,"Earnings contraction, Negative free cash flow",49.8,Neutral,"Above 200 DMA, Healthy RSI momentum, Volume expansion, Strong positive day move, Cash covers debt, Strong 1M absolute return, Positive 3M return, Strong 6M absolute return, 1M Nifty outperformance, 6M Nifty outperformance, Positive across 1M/3M/6M, 80.0% of closes stayed inside the range | Range width 23.7% | Currently 54.8% through the range"
ALKEM,Healthcare,Drug Manufacturers - Specialty & Generic,4610.27,-0.87,2739.33,5409.56,68.3,14.78,39.96,4929.46,4263.44,178493.95,145622.0,0.82,Bearish,23.0,"Above 200 DMA, Weak but watchable RSI",-1.67,-6.34,31.2,2.42,3.69,13.36,-4.09,-10.03,17.84,35.0,"Strong 6M absolute return, 6M Nifty outperformance",59.52,Neutral Range,67.75,4184.46,5102.44,21.94,46.39,80.0% of closes stayed inside the range | Range width 21.9% | Currently 46.4% through the range,17.41,11.53,15.96,14.44,8.73,82.47,13.75,2.61,1.94,455.07,1418.41,1948.07,1688.78,28.4883,24.2259,4.741,36.0,0.295,65521.62,64.12,Pharma / Healthcare,16.0,15.0,17.0,17.0,11.0,76.0,1.0,,,2.0,78.0,General low-debt support,53.05,0.0,,49.76,Neutral,"Above 200 DMA, Weak but watchable RSI, Strong 6M absolute return, 6M Nifty outperformance, 80.0% of closes stayed inside the range | Range width 21.9% | Currently 46.4% through the range"
BAJAJHLDNG,Financial Services,Asset Management,7879.19,1.84,4965.59,9092.58,58.68,13.34,46.19,8222.5,7445.59,40318.2,109168.0,2.71,Bearish,47.0,"Above 200 DMA, RSI recovering, Strong volume expansion, Positive day move",-0.35,0.03,18.26,2.42,3.69,13.36,-2.77,-3.66,4.9,20.0,"Positive 3M return, Positive 6M return",76.16,Neutral Range,73.78,6934.59,8489.74,22.43,60.74,80.0% of closes stayed inside the range | Range width 22.4% | Currently 60.7% through the range,13.4,11.15,,94.81,47.91,49.82,0.12,,,39.78,62.57,1941.12,1940.81,14.5501,,1.7617,1.39,0.154,128866.75,98.98,Financial Services,14.0,20.0,9.0,17.0,11.0,71.0,0.79,,,0.0,71.0,,53.01,0.0,,49.55,Neutral,"Above 200 DMA, RSI recovering, Strong volume expansion, Positive day move, Positive 3M return, Positive 6M return, 80.0% of closes stayed inside the range | Range width 22.4% | Currently 60.7% through the range"
ASTRAL,Industrials,Building Products & Equipment,1946.21,-0.16,1287.05,2130.24,51.21,8.64,43.61,1985.59,1912.6,412370.95,507115.0,1.23,Bearish,28.0,"Above 200 DMA, Weak but watchable RSI, Normal volume support",2.82,10.36,0.55,2.42,3.69,13.36,0.4,6.67,-12.81,38.0,"Positive 1M return, Positive 3M return, Positive 6M return, Positive across 1M/3M/6M",77.06,Neutral Range,71.02,1810.23,2039.99,12.69,59.18,80.0% of closes stayed inside the range | Range width 12.7% | Currently 59.2% through the range,17.13,12.14,12.92,9.7,9.4,19.6,3.75,1.77,0.96,609.4,119.4,823.4,269.5,73.3834,43.7432,9.6923,28.0,0.166,39330.39,39.36,Capital Goods / Infra,15.0,13.0,16.0,17.0,5.0,66.0,1.0,Cash covers debt,,0.0,66.0,,63.65,0.0,,49.15,Neutral,"Above 200 DMA, Weak but watchable RSI, Normal volume support, Cash covers debt, Positive 1M return, Positive 3M return, Positive 6M return, Positive across 1M/3M/6M, 80.0% of closes stayed inside the range | Range width 12.7% | Currently 59.2% through the range"
HDFCAMC,Financial Services,Asset Management,1720.47,-0.05,732.04,1919.02,135.02,10.35,44.41,1764.77,1433.92,1048785.5,659864.0,0.63,Bearish,23.0,"Above 200 DMA, Weak but watchable RSI",0.95,9.34,27.54,2.42,3.69,13.36,-1.47,5.65,14.18,38.0,"Positive 1M return, Positive 3M return, Positive 6M return, Positive across 1M/3M/6M",62.79,Profit Booking Zone,70.5,1309.65,1785.32,36.32,86.37,80.0% of closes stayed inside the range | Range width 36.3% | Currently 86.4% through the range,27.46,25.72,73.72,75.17,19.27,36.49,,6.88,,10.33,,1614.69,1595.66,36.6284,28.3148,11.5587,2.15,0.554,106767.91,88.85,Financial Services,25.0,18.0,5.0,17.0,7.0,72.0,0.86,Strong ROE,,2.0,74.0,"Strong ROE for a leveraged-balance-sheet business, Expensive relative to book value for this sector",53.01,0.0,,49.1,Neutral,"Above 200 DMA, Weak but watchable RSI, Strong ROE, Positive 1M return, Positive 3M return, Positive 6M return, Positive across 1M/3M/6M, 80.0% of closes stayed inside the range | Range width 36.3% | Currently 86.4% through the range"
JKCEMENT,Basic Materials,Building Materials,4096.61,1.55,2388.03,4505.74,71.55,9.08,44.26,4192.1,3629.84,154461.6,98713.0,0.64,Bearish,28.0,"Above 200 DMA, Weak but watchable RSI, Positive day move",2.89,2.62,28.37,2.42,3.69,13.36,0.47,-1.07,15.01,53.0,"Positive 1M return, Positive 3M return, Positive 6M return, 6M Nifty outperformance, Positive across 1M/3M/6M",48.25,Profit Booking Zone,71.56,3400.07,4307.57,26.69,76.75,80.0% of closes stayed inside the range | Range width 26.7% | Currently 76.8% through the range,14.73,5.34,13.41,7.06,17.88,86.71,103.45,1.29,0.94,174.41,5552.04,1959.1,786.52,43.8603,27.6921,5.922,37.0,0.412,41674.63,62.85,Cement / Realty,12.0,18.0,4.0,17.0,9.0,60.0,1.0,,,0.0,60.0,,51.98,0.0,,49.05,Neutral,"Above 200 DMA, Weak but watchable RSI, Positive day move, Positive 1M return, Positive 3M return, Positive 6M return, 6M Nifty outperformance, Positive across 1M/3M/6M, 80.0% of closes stayed inside the range | Range width 26.7% | Currently 76.8% through the range"
ABBOTINDIA,Healthcare,Drug Manufacturers - Specialty & Generic,24438.62,-2.25,16232.57,28156.74,50.55,13.21,35.28,26293.87,23312.15,17097.6,34185.0,2.0,Bearish,33.0,"Above 200 DMA, Weak but watchable RSI, Volume expansion",-7.09,-0.02,14.45,2.42,3.69,13.36,-9.51,-3.71,1.09,10.0,Positive 6M return,95.24,Neutral Range,68.89,21532.5,27174.25,26.2,51.51,80.0% of closes stayed inside the range | Range width 26.2% | Currently 51.5% through the range,32.48,23.13,24.04,20.54,9.36,26.52,2.25,2.42,1.96,291.74,83.23,1212.81,1164.48,38.4784,31.1337,12.5248,1.87,0.056,59795.54,46.52,Pharma / Healthcare,24.0,15.0,20.0,17.0,6.0,82.0,1.0,"Strong ROE, Cash covers debt",,4.0,86.0,"General quality ROE, General low-debt support",53.05,0.0,,48.81,Neutral,"Above 200 DMA, Weak but watchable RSI, Volume expansion, Strong ROE, Cash covers debt, Positive 6M return, 80.0% of closes stayed inside the range | Range width 26.2% | Currently 51.5% through the range"
DRREDDY,Healthcare,Drug Manufacturers - Specialty & Generic,1168.54,-1.06,778.62,1277.27,50.08,8.51,38.42,1222.8,1129.98,1641933.75,1494175.0,0.91,Bearish,23.0,"Above 200 DMA, Weak but watchable RSI",-2.48,5.35,8.36,2.42,3.69,13.36,-4.9,1.66,-5.0,20.0,"Positive 3M return, Positive 6M return",63.1,Neutral Range,69.07,1070.1,1243.74,16.23,56.69,80.0% of closes stayed inside the range | Range width 16.2% | Currently 56.7% through the range,19.85,14.37,23.39,19.95,13.54,23.56,7.14,2.58,1.92,710.7,2002.0,4543.3,1799.8,30.1735,20.2046,2.607,66.0,0.242,99960.01,50.18,Pharma / Healthcare,22.0,13.0,17.0,17.0,13.0,82.0,1.0,Strong ROE,,4.0,86.0,"General quality ROE, General low-debt support",53.05,0.0,,48.81,Neutral,"Above 200 DMA, Weak but watchable RSI, Strong ROE, Positive 3M return, Positive 6M return, 80.0% of closes stayed inside the range | Range width 16.2% | Currently 56.7% through the range"
HUDCO,Financial Services,Credit Services,186.19,1.07,30.31,211.61,514.36,12.01,52.77,181.87,108.29,12191454.95,9209141.0,0.76,Bullish,65.0,"Above 50 DMA, Above 200 DMA, Healthy RSI momentum, Near 52W high momentum, Positive day move",13.44,44.65,122.38,2.42,3.69,13.36,11.02,40.96,109.02,100.0,"Strong 1M absolute return, Strong 3M absolute return, Strong 6M absolute return, 1M Nifty outperformance, 3M Nifty outperformance, 6M Nifty outperformance, Positive across 1M/3M/6M",7.56,Profit Booking Zone,71.42,75.37,189.19,151.0,97.37,80.0% of closes stayed inside the range | Range width 151.0% | Currently 97.4% through the range,12.74,2.27,,71.11,15.52,24.41,445.45,,,250.55,74003.36,-10286.74,-10290.92,9.2171,8.0304,1.7552,3.06,0.837,38582.62,99.96,Financial Services,10.0,16.0,0.0,0.0,15.0,41.0,0.79,,"Very high debt, Negative operating cash flow, Negative free cash flow",6.0,47.0,High leverage is structural for this sector,53.01,17.0,"Very high debt, Negative operating cash flow, Negative free cash flow",48.65,Neutral,"Above 50 DMA, Above 200 DMA, Healthy RSI momentum, Near 52W high momentum, Positive day move, Strong 1M absolute return, Strong 3M absolute return, Strong 6M absolute return, 1M Nifty outperformance, 3M Nifty outperformance, 6M Nifty outperformance, Positive across 1M/3M/6M, 80.0% of closes stayed inside the range | Range width 151.0% | Currently 97.4% through the range"
APLAPOLLO,Basic Materials,Steel,1557.06,1.25,928.18,1786.88,67.75,12.86,55.15,1490.56,1539.11,495868.05,483915.0,0.98,Bullish,65.0,"Above 50 DMA, Above 200 DMA, Healthy RSI momentum, Near 52W high momentum, Positive day move",4.42,3.85,-8.79,2.42,3.69,13.36,2.0,0.16,-22.15,18.0,"Positive 1M return, Positive 3M return",81.58,Neutral Range,78.9,1424.97,1637.59,14.92,62.13,80.0% of closes stayed inside the range | Range width 14.9% | Currently 62.1% through the range,20.32,10.19,5.82,4.18,11.69,14.11,31.74,1.34,0.68,345.16,1144.25,1111.56,416.72,45.1016,31.4255,10.471,29.0,0.301,55451.16,15.61,Metals / Mining,10.0,10.0,9.0,17.0,7.0,53.0,1.0,Strong ROE,,4.0,57.0,"General quality ROE, General low-debt support",51.98,0.0,,48.5,Neutral,"Above 50 DMA, Above 200 DMA, Healthy RSI momentum, Near 52W high momentum, Positive day move, Strong ROE, Positive 1M return, Positive 3M return, 80.0% of closes stayed inside the range | Range width 14.9% | Currently 62.1% through the range"
LTF,Financial Services,Credit Services,161.27,2.5,68.12,171.98,136.74,6.23,56.41,158.21,141.04,4929488.25,3303800.0,0.67,Bullish,70.0,"Above 50 DMA, Above 200 DMA, Healthy RSI momentum, Near 52W high momentum, Strong positive day move",12.65,-1.09,24.43,2.42,3.69,13.36,10.23,-4.78,11.07,35.0,"Strong 1M absolute return, Positive 6M return, 1M Nifty outperformance",68.6,Profit Booking Zone,83.64,135.42,165.05,21.88,87.24,80.8% of closes stayed inside the range | Range width 21.9% | Currently 87.2% through the range,9.9,2.26,,29.52,20.52,42.93,326.83,,,3647.86,76603.45,685.64,566.88,25.0158,16.2301,2.83,87.0,0.64,79491.77,99.53,Financial Services,8.0,18.0,0.0,17.0,13.0,56.0,0.79,,Very high debt,6.0,62.0,High leverage is structural for this sector,53.01,8.0,Very high debt,47.9,Neutral,"Above 50 DMA, Above 200 DMA, Healthy RSI momentum, Near 52W high momentum, Strong positive day move, Strong 1M absolute return, Positive 6M return, 1M Nifty outperformance, 80.8% of closes stayed inside the range | Range width 21.9% | Currently 87.2% through the range"
SUNDARMFIN,Financial Services,Credit Services,4512.16,1.87,1910.96,4729.14,136.12,4.59,66.25,4057.92,3275.0,185714.95,201385.0,1.08,Bullish,70.0,"Above 50 DMA, Above 200 DMA, Healthy RSI momentum, Near 52W high momentum, Normal volume support, Positive day move",15.71,28.61,43.38,2.42,3.69,13.36,13.29,24.92,30.02,100.0,"Strong 1M absolute return, Strong 3M absolute return, Strong 6M absolute return, 1M Nifty outperformance, 3M Nifty outperformance, 6M Nifty outperformance, Positive across 1M/3M/6M",7.56,Profit Booking Zone,83.06,3128.14,4130.84,32.05,100.0,80.0% of closes stayed inside the range | Range width 32.1% | Currently 100.0% through the range,12.96,2.23,,39.59,22.86,8.15,401.32,,,642.18,44459.59,-8487.63,-8570.98,22.2038,20.2032,3.3371,90.0,0.186,49304.73,89.16,Financial Services,10.0,13.0,0.0,0.0,11.0,34.0,0.79,,"Very high debt, Negative operating cash flow, Negative free cash flow",6.0,40.0,High leverage is structural for this sector,53.01,17.0,"Very high debt, Negative operating cash flow, Negative free cash flow",47.45,Neutral,"Above 50 DMA, Above 200 DMA, Healthy RSI momentum, Near 52W high momentum, Normal volume support, Positive day move, Strong 1M absolute return, Strong 3M absolute return, Strong 6M absolute return, 1M Nifty outperformance, 3M Nifty outperformance, 6M Nifty outperformance, Positive across 1M/3M/6M, 80.0% of closes stayed inside the range | Range width 32.1% | Currently 100.0% through the range"
CIPLA,Healthcare,Drug Manufacturers - Specialty & Generic,1308.98,-0.6,821.48,1476.46,59.35,11.34,31.12,1408.41,1232.66,1491281.95,1031497.0,0.69,Bearish,23.0,"Above 200 DMA, Weak but watchable RSI",-4.99,4.07,15.66,2.42,3.69,13.36,-7.41,0.38,2.3,20.0,"Positive 3M return, Positive 6M return",63.1,Neutral Range,67.42,1170.2,1435.96,22.71,52.22,80.0% of closes stayed inside the range | Range width 22.7% | Currently 52.2% through the range,15.43,12.6,21.1,16.2,13.23,47.1,2.09,3.71,2.71,640.07,559.41,4133.91,2784.61,35.0839,23.0495,3.4322,89.0,0.086,118188.92,63.28,Pharma / Healthcare,19.0,15.0,20.0,17.0,9.0,80.0,1.0,Cash covers debt,,2.0,82.0,General low-debt support,53.05,0.0,,47.41,Neutral,"Above 200 DMA, Weak but watchable RSI, Cash covers debt, Positive 3M return, Positive 6M return, 80.0% of closes stayed inside the range | Range width 22.7% | Currently 52.2% through the range"
IOB,Financial Services,Banks - Regional,63.35,-0.39,16.8,83.75,277.08,24.36,51.72,64.47,44.7,15486453.75,11000303.0,0.71,Bearish,35.0,"Above 200 DMA, Healthy RSI momentum",10.66,45.3,43.16,2.42,3.69,13.36,8.24,41.61,29.8,100.0,"Strong 1M absolute return, Strong 3M absolute return, Strong 6M absolute return, 1M Nifty outperformance, 3M Nifty outperformance, 6M Nifty outperformance, Positive across 1M/3M/6M",7.56,Profit Booking Zone,68.12,39.65,67.05,69.13,86.5,80.0% of closes stayed inside the range | Range width 69.1% | Currently 86.5% through the range,9.67,0.76,,17.2,25.27,26.7,84.85,,,18814.9,23387.17,-1118.95,-1484.21,11.4712,37.6,1.6756,,0.253,65164.3,0.0,Banking,7.0,20.0,4.0,0.0,10.0,41.0,0.71,,"Negative operating cash flow, Negative free cash flow",0.0,41.0,,53.01,9.0,"Negative operating cash flow, Negative free cash flow",47.05,Neutral,"Above 200 DMA, Healthy RSI momentum, Strong 1M absolute return, Strong 3M absolute return, Strong 6M absolute return, 1M Nifty outperformance, 3M Nifty outperformance, 6M Nifty outperformance, Positive across 1M/3M/6M, 80.0% of closes stayed inside the range | Range width 69.1% | Currently 86.5% through the range"
HCLTECH,Technology,Information Technology Services,1343.61,1.42,749.44,1534.04,79.28,12.41,36.95,1444.46,1229.03,3318084.05,2783858.0,0.84,Bearish,28.0,"Above 200 DMA, Weak but watchable RSI, Positive day move",-6.33,-4.94,19.03,2.42,3.69,13.36,-8.75,-8.63,5.67,10.0,Positive 6M return,69.12,Neutral Range,68.03,1142.51,1493.59,30.73,57.28,80.0% of closes stayed inside the range | Range width 30.7% | Currently 57.3% through the range,23.0,15.74,31.48,14.29,8.34,5.73,8.43,2.61,2.6,9441.0,5756.0,22448.0,21400.0,21.2315,17.0459,4.9998,4.39,0.006,369445.39,34.0,IT / Technology,22.0,7.0,20.0,17.0,11.0,77.0,1.0,"Strong ROE, Cash covers debt",,10.0,87.0,"Strong ROE for an asset-light business, Strong operating margin",45.2,0.0,,46.73,Neutral,"Above 200 DMA, Weak but watchable RSI, Positive day move, Strong ROE, Cash covers debt, Positive 6M return, 80.0% of closes stayed inside the range | Range width 30.7% | Currently 57.3% through the range"
PERSISTENT,Technology,Information Technology Services,3475.71,0.59,1500.77,4382.74,131.59,20.7,26.52,4050.02,3255.88,727180.3,1623128.0,2.23,Bearish,39.0,"Above 200 DMA, Oversold RSI, Strong volume expansion, Positive day move",-11.8,-8.14,22.97,2.42,3.69,13.36,-14.22,-11.83,9.61,10.0,Positive 6M return,69.12,Lower Range Watch,70.63,3083.0,4244.03,37.66,33.82,80.0% of closes stayed inside the range | Range width 37.7% | Currently 33.8% through the range,22.06,14.74,13.27,11.13,17.62,18.72,9.1,1.87,,662.51,451.13,1302.11,944.08,44.7405,30.8947,10.9263,65.0,0.082,85520.87,31.68,IT / Technology,17.0,16.0,16.0,17.0,7.0,73.0,0.93,"Strong ROE, Cash covers debt",,5.0,78.0,Strong ROE for an asset-light business,45.2,0.0,,46.33,Neutral,"Above 200 DMA, Oversold RSI, Strong volume expansion, Positive day move, Strong ROE, Cash covers debt, Positive 6M return, 80.0% of closes stayed inside the range | Range width 37.7% | Currently 33.8% through the range"
UBL,Consumer Defensive,Beverages - Brewers,1828.49,0.34,1324.03,1875.48,38.1,2.51,64.99,1723.66,1629.57,290818.35,133309.0,0.46,Bullish,65.0,"Above 50 DMA, Above 200 DMA, Healthy RSI momentum, Near 52W high momentum, Positive day move",8.58,1.81,18.85,2.42,3.69,13.36,6.16,-1.88,5.49,48.0,"Positive 1M return, Positive 3M return, Positive 6M return, 1M Nifty outperformance, Positive across 1M/3M/6M",36.96,Profit Booking Zone,84.48,1567.08,1810.98,15.56,100.0,80.0% of closes stayed inside the range | Range width 15.6% | Currently 100.0% through the range,9.81,5.81,6.16,5.21,7.45,34.89,2.44,1.56,1.08,129.15,102.03,69.5,-122.0,92.6769,49.7287,8.1161,71.0,-0.03,36707.37,42.07,FMCG / Consumer,4.0,12.0,18.0,9.0,5.0,48.0,1.0,Cash covers debt,"Negative free cash flow, Very high PE",3.0,51.0,"Low debt, typical of a healthy consumer business",47.82,7.0,"Low volume participation, Negative free cash flow",46.27,Neutral,"Above 50 DMA, Above 200 DMA, Healthy RSI momentum, Near 52W high momentum, Positive day move, Cash covers debt, Positive 1M return, Positive 3M return, Positive 6M return, 1M Nifty outperformance, Positive across 1M/3M/6M, 80.0% of closes stayed inside the range | Range width 15.6% | Currently 100.0% through the range"
MUTHOOTFIN,Financial Services,Credit Services,1561.83,-1.44,861.43,1640.04,81.31,4.77,60.49,1397.43,1316.95,876068.05,691937.0,0.79,Bullish,60.0,"Above 50 DMA, Above 200 DMA, Healthy RSI momentum, Near 52W high momentum",20.81,14.15,29.91,2.42,3.69,13.36,18.39,10.46,16.55,85.0,"Strong 1M absolute return, Positive 3M return, Positive 6M return, 1M Nifty outperformance, 3M Nifty outperformance, 6M Nifty outperformance, Positive across 1M/3M/6M",26.74,Profit Booking Zone,82.2,1267.07,1563.05,23.36,99.59,80.0% of closes stayed inside the range | Range width 23.4% | Currently 99.6% through the range,17.22,4.48,,44.78,25.24,19.71,269.81,,,6389.0,67741.84,-13605.49,-13827.91,10.2879,9.0103,2.951,1.03,0.529,115474.38,100.0,Financial Services,10.0,18.0,0.0,0.0,14.0,42.0,0.79,,"Very high debt, Negative operating cash flow, Negative free cash flow",12.0,54.0,"High leverage is structural for this sector, Strong ROE for a leveraged-balance-sheet business",53.01,17.0,"Very high debt, Negative operating cash flow, Negative free cash flow",46.1,Neutral,"Above 50 DMA, Above 200 DMA, Healthy RSI momentum, Near 52W high momentum, Strong 1M absolute return, Positive 3M return, Positive 6M return, 1M Nifty outperformance, 3M Nifty outperformance, 6M Nifty outperformance, Positive across 1M/3M/6M, 80.0% of closes stayed inside the range | Range width 23.4% | Currently 99.6% through the range"
OIL,Energy,Oil & Gas Integrated,372.96,-1.01,95.09,422.68,292.23,11.76,47.61,366.27,235.61,7963819.75,3422259.0,0.43,Bullish,42.0,"Above 50 DMA, Above 200 DMA, RSI recovering",4.52,57.32,89.72,2.42,3.69,13.36,2.1,53.63,76.36,88.0,"Positive 1M return, Strong 3M absolute return, Strong 6M absolute return, 3M Nifty outperformance, 6M Nifty outperformance, Positive across 1M/3M/6M",39.29,Profit Booking Zone,65.8,187.79,388.81,107.04,92.12,80.0% of closes stayed inside the range | Range width 107.0% | Currently 92.1% through the range,13.11,6.87,36.96,19.51,-10.03,-27.42,49.73,1.17,0.85,315.99,24040.5,10933.14,-1129.69,9.1579,7.5062,1.3235,4.04,0.253,76775.88,56.89,Energy / Utilities,18.0,0.0,9.0,9.0,15.0,51.0,1.0,,"Revenue contraction, Earnings contraction, Negative free cash flow",2.0,53.0,General low-debt support,59.93,14.0,"Low volume participation, Earnings contraction, Negative free cash flow",46.04,Neutral,"Above 50 DMA, Above 200 DMA, RSI recovering, Positive 1M return, Strong 3M absolute return, Strong 6M absolute return, 3M Nifty outperformance, 6M Nifty outperformance, Positive across 1M/3M/6M, 80.0% of closes stayed inside the range | Range width 107.0% | Currently 92.1% through the range"
LTTS,Technology,Information Technology Services,5039.86,0.55,3071.35,5675.12,64.09,11.19,38.07,5240.35,4645.51,150573.55,125963.0,0.84,Bearish,28.0,"Above 200 DMA, Weak but watchable RSI, Positive day move",0.46,-5.85,11.66,2.42,3.69,13.36,-1.96,-9.54,-1.7,18.0,"Positive 1M return, Positive 6M return",50.0,Neutral Range,70.37,4129.78,5384.22,30.38,72.55,80.0% of closes stayed inside the range | Range width 30.4% | Currently 72.5% through the range,24.47,15.36,17.59,13.51,9.44,7.56,12.37,2.46,2.45,1122.1,658.8,1492.8,1240.0,29.6906,22.045,5.8609,1.59,0.154,37964.09,40.76,IT / Technology,19.0,7.0,20.0,17.0,10.0,73.0,1.0,"Strong ROE, Cash covers debt",,5.0,78.0,Strong ROE for an asset-light business,45.2,0.0,,45.58,Neutral,"Above 200 DMA, Weak but watchable RSI, Positive day move, Strong ROE, Cash covers debt, Positive 1M return, Positive 6M return, 80.0% of closes stayed inside the range | Range width 30.4% | Currently 72.5% through the range"
NYKAA,Consumer Cyclical,Internet Retail,172.75,2.83,114.25,235.8,51.2,26.74,58.72,159.55,155.35,6481679.7,4501888.0,0.69,Bullish,60.0,"Above 50 DMA, Above 200 DMA, Healthy RSI momentum, Strong positive day move",13.17,2.58,17.48,2.42,3.69,13.36,10.75,-1.11,4.12,55.0,"Strong 1M absolute return, Positive 3M return, Positive 6M return, 1M Nifty outperformance, Positive across 1M/3M/6M",44.9,Profit Booking Zone,80.76,149.12,176.86,18.6,85.2,80.0% of closes stayed inside the range | Range width 18.6% | Currently 85.2% through the range,2.56,0.95,1.93,0.51,23.89,67.48,76.81,1.22,0.59,75.78,969.48,0.25,-110.48,360.4945,111.7595,65.3226,,0.351,93989.27,45.35,Consumer Discretionary,0.0,18.0,6.0,9.0,3.0,36.0,0.93,,"Negative free cash flow, Very high PE",0.0,36.0,,53.49,4.0,Negative free cash flow,45.37,Neutral,"Above 50 DMA, Above 200 DMA, Healthy RSI momentum, Strong positive day move, Strong 1M absolute return, Positive 3M return, Positive 6M return, 1M Nifty outperformance, Positive across 1M/3M/6M, 80.0% of closes stayed inside the range | Range width 18.6% | Currently 85.2% through the range"
NH,Healthcare,Medical Care Facilities,1241.62,-0.34,668.13,1433.72,85.84,13.4,44.97,1287.88,1145.44,278265.15,273737.0,0.98,Bearish,23.0,"Above 200 DMA, Weak but watchable RSI",4.48,-0.59,15.07,2.42,3.69,13.36,2.06,-4.28,1.71,18.0,"Positive 1M return, Positive 6M return",78.57,Neutral Range,68.08,1070.26,1354.01,26.51,60.39,80.0% of closes stayed inside the range | Range width 26.5% | Currently 60.4% through the range,27.37,14.03,19.23,16.19,8.56,30.19,56.41,1.75,1.65,263.83,1626.69,1066.6,95.99,45.2285,26.3467,8.1974,24.0,,37193.68,39.83,Pharma / Healthcare,23.0,15.0,11.0,17.0,7.0,73.0,1.0,Strong ROE,,4.0,77.0,"General quality ROE, General low-debt support",53.05,0.0,,45.16,Neutral,"Above 200 DMA, Weak but watchable RSI, Strong ROE, Positive 1M return, Positive 6M return, 80.0% of closes stayed inside the range | Range width 26.5% | Currently 60.4% through the range"
NESTLEIND,Consumer Defensive,Packaged Foods,1219.64,1.73,860.07,1346.54,41.81,9.42,46.12,1238.45,1170.87,2409002.8,2248818.0,0.93,Bearish,32.0,"Above 200 DMA, RSI recovering, Positive day move",-1.92,-1.37,9.18,2.42,3.69,13.36,-4.34,-5.06,-4.18,10.0,Positive 6M return,73.91,Neutral Range,71.5,1173.72,1269.95,8.2,47.72,80.0% of closes stayed inside the range | Range width 8.2% | Currently 47.7% through the range,97.21,26.62,19.93,14.24,14.49,12.85,11.0,1.13,0.51,926.55,270.52,2737.43,2187.51,76.4587,60.7096,56.3512,80.0,0.426,290596.98,55.13,FMCG / Consumer,23.0,10.0,14.0,17.0,5.0,69.0,1.0,"Strong ROE, Cash covers debt",,8.0,77.0,"Strong ROE for a consumer staples business, Low debt, typical of a healthy consumer business",47.82,0.0,,44.62,Weak,"Above 200 DMA, RSI recovering, Positive day move, Strong ROE, Cash covers debt, Positive 6M return, 80.0% of closes stayed inside the range | Range width 8.2% | Currently 47.7% through the range"
TATATECH,Technology,Information Technology Services,1039.56,2.92,979.59,1344.53,6.12,22.68,51.58,1041.16,,1610308.75,1233965.0,0.77,Bearish,38.0,"Healthy RSI momentum, Near 52W low with stable RSI, Strong positive day move",4.78,-6.4,,2.42,3.69,13.36,2.36,-10.09,,8.0,Positive 1M return,85.29,Accumulation Zone,74.54,1005.23,1160.93,15.49,22.05,79.2% of closes stayed inside the range | Range width 15.5% | Currently 22.1% through the range,21.09,12.18,16.4,13.29,15.88,8.87,7.99,1.87,,519.85,257.39,294.33,202.52,62.8902,35.9162,8.7138,97.0,0.833,34193.62,24.55,IT / Technology,19.0,13.0,16.0,17.0,5.0,70.0,0.93,"Strong ROE, Cash covers debt",,5.0,75.0,Strong ROE for an asset-light business,45.2,0.0,,44.53,Weak,"Healthy RSI momentum, Near 52W low with stable RSI, Strong positive day move, Strong ROE, Cash covers debt, Positive 1M return, 79.2% of closes stayed inside the range | Range width 15.5% | Currently 22.1% through the range"
TIINDIA,Industrials,Conglomerates,3571.18,0.97,2024.31,4105.5,76.41,13.01,49.72,3577.68,3353.33,191690.75,113333.0,0.59,Bearish,32.0,"Above 200 DMA, RSI recovering, Positive day move",0.85,-6.35,19.03,2.42,3.69,13.36,-1.57,-10.04,5.67,18.0,"Positive 1M return, Positive 6M return",96.47,Neutral Range,70.36,3173.7,3858.37,21.57,58.05,80.0% of closes stayed inside the range | Range width 21.6% | Currently 58.1% through the range,23.65,9.15,9.63,7.38,13.19,26.21,41.25,1.62,1.25,535.93,2103.81,1305.95,454.56,86.5549,37.3799,7.089,16.0,-0.3,54955.18,31.7,Capital Goods / Infra,13.0,15.0,13.0,17.0,5.0,63.0,1.0,Strong ROE,Very high PE,0.0,63.0,,63.65,0.0,,44.1,Weak,"Above 200 DMA, RSI recovering, Positive day move, Strong ROE, Positive 1M return, Positive 6M return, 80.0% of closes stayed inside the range | Range width 21.6% | Currently 58.1% through the range"
GLAXO,Healthcare,Drug Manufacturers - General,1842.43,-0.17,1135.42,2388.75,62.27,22.87,48.24,1949.96,1645.29,134426.8,135413.0,1.01,Bearish,32.0,"Above 200 DMA, RSI recovering, Normal volume support",-2.61,-14.25,26.62,2.42,3.69,13.36,-5.03,-17.94,13.26,10.0,Positive 6M return,95.24,Neutral Range,65.9,1391.53,2138.09,53.65,60.4,80.0% of closes stayed inside the range | Range width 53.7% | Currently 60.4% through the range,33.19,16.59,24.36,17.14,6.68,-3.39,1.05,1.84,1.49,64.17,18.66,582.02,550.79,41.6103,33.2197,19.5764,2.19,0.057,44387.77,64.2,Pharma / Healthcare,23.0,2.0,18.0,17.0,7.0,67.0,1.0,"Strong ROE, Cash covers debt",Earnings contraction,4.0,71.0,"General quality ROE, General low-debt support",53.05,0.0,,43.31,Weak,"Above 200 DMA, RSI recovering, Normal volume support, Strong ROE, Cash covers debt, Positive 6M return, 80.0% of closes stayed inside the range | Range width 53.7% | Currently 60.4% through the range"
VEDL,Basic Materials,Other Industrial Metals & Mining,320.18,-1.04,163.09,336.91,96.33,4.97,76.85,249.23,215.14,24571693.2,14434838.0,0.59,Bullish,47.0,"Above 50 DMA, Above 200 DMA, Strong but overbought RSI, Near 52W high momentum",40.87,42.36,71.24,2.42,3.69,13.36,38.45,38.67,57.88,100.0,"Strong 1M absolute return, Strong 3M absolute return, Strong 6M absolute return, 1M Nifty outperformance, 3M Nifty outperformance, 6M Nifty outperformance, Positive across 1M/3M/6M",7.89,Profit Booking Zone,77.82,190.42,256.59,34.75,100.0,80.0% of closes stayed inside the range | Range width 34.8% | Currently 100.0% through the range,13.8,2.22,17.51,2.99,-2.48,-59.91,236.87,0.66,0.49,2812.0,72770.0,35654.0,18902.0,12.0753,8.5779,2.169,12.36,0.363,107694.43,53.91,Metals / Mining,7.0,0.0,0.0,17.0,15.0,39.0,1.0,,"Revenue contraction, Earnings contraction, Very high debt",0.0,39.0,,51.98,15.0,"Very high debt, Earnings contraction",43.2,Weak,"Above 50 DMA, Above 200 DMA, Strong but overbought RSI, Near 52W high momentum, Strong 1M absolute return, Strong 3M absolute return, Strong 6M absolute return, 1M Nifty outperformance, 3M Nifty outperformance, 6M Nifty outperformance, Positive across 1M/3M/6M, 80.0% of closes stayed inside the range | Range width 34.8% | Currently 100.0% through the range"
IDEA,Communication Services,Telecom Services,14.4,11.63,5.7,18.4,152.63,21.74,61.1,14.08,12.2,509180107.95,1073741823.0,2.11,Bullish,75.0,"Above 50 DMA, Above 200 DMA, Healthy RSI momentum, Strong volume expansion, Strong positive day move",12.94,-4.64,22.03,2.42,3.69,13.36,10.52,-8.33,8.67,35.0,"Strong 1M absolute return, Positive 6M return, 1M Nifty outperformance",42.86,Neutral Range,79.03,12.9,16.0,24.07,48.31,80.8% of closes stayed inside the range | Range width 24.1% | Currently 48.3% through the range,29.99,-16.89,-12.55,-73.38,1.02,-6.61,-234.06,0.24,0.24,167.8,243809.0,20826.1,19212.2,3.6885,-8.9483,-4.0872,,0.436,146263.1,45.2,Telecom,8.0,0.0,9.0,17.0,8.0,42.0,0.93,Strong ROE,"Negative net margin, Earnings contraction",4.0,46.0,"General quality ROE, General low-debt support",48.24,8.0,Negative net margin,42.84,Weak,"Above 50 DMA, Above 200 DMA, Healthy RSI momentum, Strong volume expansion, Strong positive day move, Strong ROE, Strong 1M absolute return, Positive 6M return, 1M Nifty outperformance, 80.8% of closes stayed inside the range | Range width 24.1% | Currently 48.3% through the range"
MRF,Consumer Cyclical,Auto Parts,128611.48,0.16,78177.46,150724.01,64.51,14.67,32.37,138774.17,119458.81,7677.85,5398.0,0.7,Bearish,28.0,"Above 200 DMA, Weak but watchable RSI, Positive day move",-1.74,-4.19,17.97,2.42,3.69,13.36,-4.16,-7.88,4.61,10.0,Positive 6M return,86.73,Neutral Range,67.14,108453.41,145338.48,34.01,54.65,80.0% of closes stayed inside the range | Range width 34.0% | Currently 54.7% through the range,12.46,7.75,11.59,8.32,9.45,170.66,16.89,1.37,0.79,303.07,2821.5,3303.36,1139.86,22.9289,19.5371,2.6445,35.0,,55467.79,35.97,Automobile,12.0,15.0,11.0,17.0,13.0,68.0,1.0,,,2.0,70.0,General low-debt support,53.49,0.0,,42.02,Weak,"Above 200 DMA, Weak but watchable RSI, Positive day move, Positive 6M return, 80.0% of closes stayed inside the range | Range width 34.0% | Currently 54.7% through the range"
BHEL,Industrials,Specialty Industrial Machinery,258.55,0.31,50.9,274.16,407.95,5.69,61.27,238.53,165.21,19142855.2,12491248.0,0.65,Bullish,65.0,"Above 50 DMA, Above 200 DMA, Healthy RSI momentum, Near 52W high momentum, Positive day move",15.75,25.62,98.36,2.42,3.69,13.36,13.33,21.93,85.0,100.0,"Strong 1M absolute return, Strong 3M absolute return, Strong 6M absolute return, 1M Nifty outperformance, 3M Nifty outperformance, 6M Nifty outperformance, Positive across 1M/3M/6M",19.41,Profit Booking Zone,72.39,129.15,253.41,96.21,100.0,80.0% of closes stayed inside the range | Range width 96.2% | Currently 100.0% through the range,1.15,0.48,0.78,1.23,3.54,-55.73,36.24,1.37,1.08,1718.86,8856.46,-3712.9,-3945.4,60.2582,30.5233,5.5934,35.0,0.845,146246.66,31.47,Capital Goods / Infra,0.0,2.0,11.0,0.0,7.0,20.0,1.0,,"Earnings contraction, Negative operating cash flow, Negative free cash flow",0.0,20.0,,63.65,16.0,"Earnings contraction, Negative operating cash flow, Negative free cash flow",41.8,Weak,"Above 50 DMA, Above 200 DMA, Healthy RSI momentum, Near 52W high momentum, Positive day move, Strong 1M absolute return, Strong 3M absolute return, Strong 6M absolute return, 1M Nifty outperformance, 3M Nifty outperformance, 6M Nifty outperformance, Positive across 1M/3M/6M, 80.0% of closes stayed inside the range | Range width 96.2% | Currently 100.0% through the range"
JSWSTEEL,Basic Materials,Steel,837.65,-0.4,601.78,881.34,39.2,4.96,51.93,816.36,794.02,2776240.05,1755588.0,0.63,Bullish,60.0,"Above 50 DMA, Above 200 DMA, Healthy RSI momentum, Near 52W high momentum",7.14,4.76,7.67,2.42,3.69,13.36,4.72,1.07,-5.69,38.0,"Positive 1M return, Positive 3M return, Positive 6M return, Positive across 1M/3M/6M",57.02,Profit Booking Zone,81.52,744.33,852.58,14.54,86.21,80.0% of closes stayed inside the range | Range width 14.5% | Currently 86.2% through the range,11.35,3.86,11.88,5.11,5.46,112.64,135.97,0.98,0.4,5460.0,105609.0,12078.0,-3723.0,12.6581,17.4188,3.096,55.0,0.627,309784.53,42.29,Metals / Mining,5.0,12.0,2.0,9.0,10.0,38.0,1.0,,Negative free cash flow,0.0,38.0,,51.98,4.0,Negative free cash flow,41.6,Weak,"Above 50 DMA, Above 200 DMA, Healthy RSI momentum, Near 52W high momentum, Positive 1M return, Positive 3M return, Positive 6M return, Positive across 1M/3M/6M, 80.0% of closes stayed inside the range | Range width 14.5% | Currently 86.2% through the range"
MARICO,Consumer Defensive,Household & Personal Products,500.16,0.82,445.44,572.8,12.29,12.68,53.05,499.8,519.42,1421817.8,860942.0,0.61,Bullish,55.0,"Above 50 DMA, Healthy RSI momentum, Near 52W high momentum, Near 52W low zone, Positive day move",3.56,-2.1,-4.29,2.42,3.69,13.36,1.14,-5.79,-17.65,8.0,Positive 1M return,91.3,Lower Range Watch,79.11,490.24,522.42,6.56,30.82,80.0% of closes stayed inside the range | Range width 6.6% | Currently 30.8% through the range,38.65,19.96,19.51,15.47,-1.2,13.75,13.78,1.64,1.09,228.0,528.0,1387.0,1234.0,58.8033,43.8817,26.3637,47.0,0.184,110823.09,43.87,FMCG / Consumer,23.0,5.0,15.0,17.0,7.0,67.0,1.0,Strong ROE,Revenue contraction,8.0,75.0,"Strong ROE for a consumer staples business, Low debt, typical of a healthy consumer business",47.82,8.0,Below 200 DMA,41.17,Weak,"Above 50 DMA, Healthy RSI momentum, Near 52W high momentum, Near 52W low zone, Positive day move, Strong ROE, Positive 1M return, 80.0% of closes stayed inside the range | Range width 6.6% | Currently 30.8% through the range"
ICICIPRULI,Financial Services,Insurance - Life,590.4,2.33,378.11,637.13,56.15,7.33,49.95,563.85,548.47,2004536.25,3049206.0,1.52,Bullish,62.0,"Above 50 DMA, Above 200 DMA, RSI recovering, Volume expansion, Strong positive day move",5.98,15.32,11.83,2.42,3.69,13.36,3.56,11.63,-1.53,53.0,"Positive 1M return, Positive 3M return, Positive 6M return, 3M Nifty outperformance, Positive across 1M/3M/6M",56.98,Profit Booking Zone,81.98,505.62,599.32,18.53,90.48,80.0% of closes stayed inside the range | Range width 18.5% | Currently 90.5% through the range,7.73,0.28,1.17,0.95,83.09,4.57,10.9,,,2214.07,1200.0,,-7551.66,43.0979,35.6732,5.3841,33.0,0.471,73415.47,10.44,Financial Services,0.0,12.0,12.0,0.0,9.0,33.0,0.79,Cash covers debt,Negative free cash flow,-9.0,24.0,"Weak ROE for a leveraged-balance-sheet business, Expensive relative to book value for this sector",53.01,4.0,Negative free cash flow,41.1,Weak,"Above 50 DMA, Above 200 DMA, RSI recovering, Volume expansion, Strong positive day move, Cash covers debt, Positive 1M return, Positive 3M return, Positive 6M return, 3M Nifty outperformance, Positive across 1M/3M/6M, 80.0% of closes stayed inside the range | Range width 18.5% | Currently 90.5% through the range"
GLAND,Healthcare,Drug Manufacturers - Specialty & Generic,1734.32,0.28,838.01,2537.39,106.96,31.65,49.07,1775.72,1633.84,934686.1,76362.0,0.08,Bearish,32.0,"Above 200 DMA, RSI recovering, Positive day move",4.77,-8.8,13.22,2.42,3.69,13.36,2.35,-12.49,-0.14,18.0,"Positive 1M return, Positive 6M return",78.57,Lower Range Watch,69.96,1580.99,1927.41,21.91,44.26,80.0% of closes stayed inside the range | Range width 21.9% | Currently 44.3% through the range,8.85,7.25,17.66,13.69,57.07,-1.1,4.27,4.04,2.85,357.09,372.17,996.8,598.54,42.2505,29.9428,4.5988,77.0,0.566,47695.16,59.05,Pharma / Healthcare,12.0,10.0,17.0,17.0,9.0,65.0,1.0,,Earnings contraction,2.0,67.0,General low-debt support,53.05,3.0,Low volume participation,40.91,Weak,"Above 200 DMA, RSI recovering, Positive day move, Positive 1M return, Positive 6M return, 80.0% of closes stayed inside the range | Range width 21.9% | Currently 44.3% through the range"
HFCL,Technology,Communication Equipment,96.04,1.26,55.45,117.49,73.2,18.25,50.86,98.91,80.0,15527524.8,25074452.0,1.61,Bearish,50.0,"Above 200 DMA, Healthy RSI momentum, Volume expansion, Positive day move",10.12,14.64,27.04,2.42,3.69,13.36,7.7,10.95,13.68,70.0,"Strong 1M absolute return, Positive 3M return, Positive 6M return, 1M Nifty outperformance, 3M Nifty outperformance, Positive across 1M/3M/6M",22.06,Profit Booking Zone,71.0,65.92,105.64,60.26,75.83,80.0% of closes stayed inside the range | Range width 60.3% | Currently 75.8% through the range,8.34,5.08,11.53,7.4,-5.85,9.58,25.06,2.07,1.71,23.33,991.22,-44.87,-454.9,57.8381,42.6,6.6817,5.0,0.926,33898.4,37.62,IT / Technology,10.0,5.0,15.0,0.0,7.0,37.0,1.0,,"Revenue contraction, Negative operating cash flow, Negative free cash flow",0.0,37.0,,45.2,9.0,"Negative operating cash flow, Negative free cash flow",40.73,Weak,"Above 200 DMA, Healthy RSI momentum, Volume expansion, Positive day move, Strong 1M absolute return, Positive 3M return, Positive 6M return, 1M Nifty outperformance, 3M Nifty outperformance, Positive across 1M/3M/6M, 80.0% of closes stayed inside the range | Range width 60.3% | Currently 75.8% through the range"
APOLLOHOSP,Healthcare,Medical Care Facilities,6153.42,-0.7,3944.97,6828.42,55.98,9.89,45.89,6300.57,5516.32,430148.0,217146.0,0.5,Bearish,27.0,"Above 200 DMA, RSI recovering",0.34,4.63,23.47,2.42,3.69,13.36,-2.08,0.94,10.11,38.0,"Positive 1M return, Positive 3M return, Positive 6M return, Positive across 1M/3M/6M",54.76,Profit Booking Zone,71.43,5184.86,6469.33,24.77,75.41,80.0% of closes stayed inside the range | Range width 24.8% | Currently 75.4% through the range,12.96,5.36,9.05,4.76,14.7,9.71,76.89,1.13,1.03,505.5,5332.6,1920.2,783.4,64.9369,40.1114,13.0391,23.0,0.201,123611.67,34.63,Pharma / Healthcare,6.0,10.0,8.0,17.0,5.0,46.0,1.0,,,0.0,46.0,,53.05,0.0,,40.31,Weak,"Above 200 DMA, RSI recovering, Positive 1M return, Positive 3M return, Positive 6M return, Positive across 1M/3M/6M, 80.0% of closes stayed inside the range | Range width 24.8% | Currently 75.4% through the range"
BANKBARODA,Financial Services,Banks - Regional,236.99,-0.44,103.5,260.17,128.98,8.91,47.2,241.67,202.57,12276006.8,14502060.0,1.18,Bearish,32.0,"Above 200 DMA, RSI recovering, Normal volume support",4.12,15.37,26.41,2.42,3.69,13.36,1.7,11.68,13.05,53.0,"Positive 1M return, Positive 3M return, Positive 6M return, 3M Nifty outperformance, Positive across 1M/3M/6M",56.98,Profit Booking Zone,71.91,178.69,247.17,38.32,85.13,80.0% of closes stayed inside the range | Range width 38.3% | Currently 85.1% through the range,15.68,1.13,,27.64,21.71,25.91,77.76,,,100289.85,93089.1,-6273.96,-7629.42,7.149,5.892,0.77,3.45,0.43,129801.19,0.0,Banking,10.0,18.0,7.0,0.0,15.0,50.0,0.79,Cash covers debt,"Negative operating cash flow, Negative free cash flow",6.0,56.0,Strong ROE for a leveraged-balance-sheet business,53.01,9.0,"Negative operating cash flow, Negative free cash flow",39.8,Weak,"Above 200 DMA, RSI recovering, Normal volume support, Cash covers debt, Positive 1M return, Positive 3M return, Positive 6M return, 3M Nifty outperformance, Positive across 1M/3M/6M, 80.0% of closes stayed inside the range | Range width 38.3% | Currently 85.1% through the range"
TITAN,Consumer Cyclical,Luxury Goods,3598.48,1.01,2240.77,3850.02,60.59,6.53,47.61,3630.41,3367.82,1051347.5,769991.0,0.73,Bearish,32.0,"Above 200 DMA, RSI recovering, Positive day move",1.18,-5.14,10.04,2.42,3.69,13.36,-1.24,-8.83,-3.32,18.0,"Positive 1M return, Positive 6M return",81.63,Neutral Range,73.74,3251.63,3723.19,14.5,73.55,80.0% of closes stayed inside the range | Range width 14.5% | Currently 73.6% through the range,37.22,11.08,9.27,6.86,25.93,7.57,165.31,1.55,0.4,409.0,15528.0,1695.0,1004.0,78.2896,58.2409,28.8278,29.0,0.18,452440.57,20.47,Consumer Discretionary,15.0,12.0,4.0,17.0,5.0,53.0,1.0,Strong ROE,,2.0,55.0,General quality ROE,53.49,0.0,,39.77,Weak,"Above 200 DMA, RSI recovering, Positive day move, Strong ROE, Positive 1M return, Positive 6M return, 80.0% of closes stayed inside the range | Range width 14.5% | Currently 73.6% through the range"
SRF,Industrials,Conglomerates,2597.36,2.04,2017.83,2829.27,28.72,8.2,60.28,2444.46,2328.87,657201.15,697381.0,1.06,Bullish,75.0,"Above 50 DMA, Above 200 DMA, Healthy RSI momentum, Near 52W high momentum, Normal volume support, Strong positive day move",6.39,13.51,16.34,2.42,3.69,13.36,3.97,9.82,2.98,38.0,"Positive 1M return, Positive 3M return, Positive 6M return, Positive across 1M/3M/6M",77.06,Profit Booking Zone,86.95,2246.5,2541.12,13.11,100.0,80.0% of closes stayed inside the range | Range width 13.1% | Currently 100.0% through the range,11.64,6.52,15.47,10.35,-11.52,-38.23,43.82,1.03,0.61,399.33,5030.54,2093.86,-123.07,35.4158,28.5908,5.4566,39.0,0.132,76620.96,48.32,Capital Goods / Infra,10.0,0.0,9.0,9.0,9.0,37.0,1.0,,"Revenue contraction, Earnings contraction, Negative free cash flow",0.0,37.0,,63.65,11.0,"Earnings contraction, Negative free cash flow",39.75,Weak,"Above 50 DMA, Above 200 DMA, Healthy RSI momentum, Near 52W high momentum, Normal volume support, Strong positive day move, Positive 1M return, Positive 3M return, Positive 6M return, Positive across 1M/3M/6M, 80.0% of closes stayed inside the range | Range width 13.1% | Currently 100.0% through the range"
ULTRACEMCO,Basic Materials,Building Materials,9229.27,-0.33,5786.89,10190.04,59.49,9.43,43.82,9466.78,8776.16,344853.75,317450.0,0.92,Bearish,23.0,"Above 200 DMA, Weak but watchable RSI",0.52,-3.26,14.97,2.42,3.69,13.36,-1.9,-6.95,1.61,18.0,"Positive 1M return, Positive 6M return",81.58,Neutral Range,69.99,8383.06,9732.38,16.1,62.71,80.0% of closes stayed inside the range | Range width 16.1% | Currently 62.7% through the range,11.63,6.95,13.85,10.03,11.99,38.33,18.93,0.86,0.55,553.58,11402.95,10897.54,1891.95,41.0332,27.5174,4.5645,2.04,0.505,349797.12,58.4,Cement / Realty,10.0,15.0,9.0,17.0,9.0,60.0,1.0,,,2.0,62.0,General low-debt support,51.98,0.0,,39.75,Weak,"Above 200 DMA, Weak but watchable RSI, Positive 1M return, Positive 6M return, 80.0% of closes stayed inside the range | Range width 16.1% | Currently 62.7% through the range"
TATASTEEL,Basic Materials,Steel,151.25,-0.43,86.34,159.37,75.17,5.09,57.91,141.99,123.95,57566900.15,30295177.0,0.53,Bullish,60.0,"Above 50 DMA, Above 200 DMA, Healthy RSI momentum, Near 52W high momentum",10.64,22.41,26.89,2.42,3.69,13.36,8.22,18.72,13.53,80.0,"Strong 1M absolute return, Strong 3M absolute return, Positive 6M return, 1M Nifty outperformance, 3M Nifty outperformance, Positive across 1M/3M/6M",25.44,Profit Booking Zone,80.81,113.48,150.99,33.06,100.0,80.0% of closes stayed inside the range | Range width 33.1% | Currently 100.0% through the range,-4.82,-1.62,5.45,-1.95,-5.93,-150.65,94.62,0.72,0.22,7080.84,87082.12,20300.67,2094.07,21.0395,10.4022,2.2751,2.12,0.867,232271.75,56.35,Metals / Mining,0.0,0.0,4.0,17.0,13.0,34.0,1.0,,"Negative net margin, Revenue contraction, Earnings contraction",0.0,34.0,,51.98,15.0,"Negative net margin, Earnings contraction",39.7,Weak,"Above 50 DMA, Above 200 DMA, Healthy RSI momentum, Near 52W high momentum, Strong 1M absolute return, Strong 3M absolute return, Positive 6M return, 1M Nifty outperformance, 3M Nifty outperformance, Positive across 1M/3M/6M, 80.0% of closes stayed inside the range | Range width 33.1% | Currently 100.0% through the range"
PFC,Financial Services,Credit Services,365.71,-1.3,66.83,430.9,447.25,15.13,48.73,372.85,283.52,10964266.1,7401920.0,0.68,Bearish,27.0,"Above 200 DMA, RSI recovering",11.26,3.3,63.27,2.42,3.69,13.36,8.84,-0.39,49.91,80.0,"Strong 1M absolute return, Positive 3M return, Strong 6M absolute return, 1M Nifty outperformance, 6M Nifty outperformance, Positive across 1M/3M/6M",30.81,Profit Booking Zone,68.01,254.9,391.21,53.48,81.29,80.0% of closes stayed inside the range | Range width 53.5% | Currently 81.3% through the range,19.54,1.9,272.76,58.87,21.98,24.37,881.4,,,686.05,891502.64,-97820.41,-98143.82,4.8263,4.1648,0.9351,4.09,0.639,124248.82,99.22,Financial Services,18.0,16.0,0.0,0.0,15.0,49.0,0.86,Strong ROE,"Very high debt, Negative operating cash flow, Negative free cash flow",12.0,61.0,"High leverage is structural for this sector, Strong ROE for a leveraged-balance-sheet business",53.01,17.0,"Very high debt, Negative operating cash flow, Negative free cash flow",39.05,Weak,"Above 200 DMA, RSI recovering, Strong ROE, Strong 1M absolute return, Positive 3M return, Strong 6M absolute return, 1M Nifty outperformance, 6M Nifty outperformance, Positive across 1M/3M/6M, 80.0% of closes stayed inside the range | Range width 53.5% | Currently 81.3% through the range"
INDIANB,Financial Services,Banks - Regional,481.74,-0.93,156.65,535.66,207.54,10.07,49.15,486.27,404.76,1789212.25,1072431.0,0.6,Bearish,27.0,"Above 200 DMA, RSI recovering",9.86,16.87,19.96,2.42,3.69,13.36,7.44,13.18,6.6,63.0,"Positive 1M return, Positive 3M return, Positive 6M return, 1M Nifty outperformance, 3M Nifty outperformance, Positive across 1M/3M/6M",41.28,Profit Booking Zone,71.81,385.3,501.15,30.07,83.25,80.0% of closes stayed inside the range | Range width 30.1% | Currently 83.2% through the range,13.97,1.06,,26.4,13.61,51.09,38.41,,,42176.91,23142.88,-8617.26,-9243.84,9.2255,8.1752,1.44,2.08,0.28,120822.67,0.0,Banking,10.0,15.0,10.0,0.0,15.0,50.0,0.79,Cash covers debt,"Negative operating cash flow, Negative free cash flow",0.0,50.0,,53.01,9.0,"Negative operating cash flow, Negative free cash flow",38.95,Weak,"Above 200 DMA, RSI recovering, Cash covers debt, Positive 1M return, Positive 3M return, Positive 6M return, 1M Nifty outperformance, 3M Nifty outperformance, Positive across 1M/3M/6M, 80.0% of closes stayed inside the range | Range width 30.1% | Currently 83.2% through the range"
FLUOROCHEM,Basic Materials,Specialty Chemicals,3714.49,0.27,2528.56,4162.77,46.9,10.77,69.11,3419.7,3125.38,127831.2,100887.0,0.79,Bullish,65.0,"Above 50 DMA, Above 200 DMA, Healthy RSI momentum, Near 52W high momentum, Positive day move",22.2,9.26,34.19,2.42,3.69,13.36,19.78,5.57,20.83,80.0,"Strong 1M absolute return, Positive 3M return, Strong 6M absolute return, 1M Nifty outperformance, 6M Nifty outperformance, Positive across 1M/3M/6M",25.44,Profit Booking Zone,81.93,2775.54,3680.0,32.59,100.0,80.0% of closes stayed inside the range | Range width 32.6% | Currently 100.0% through the range,7.33,4.71,15.01,10.37,-25.04,-67.27,35.31,1.36,0.73,31.45,2095.95,626.34,-344.23,87.6185,44.0047,6.5534,7.0,-0.005,50155.31,51.34,Chemicals,6.0,0.0,9.0,9.0,5.0,29.0,1.0,,"Revenue contraction, Earnings contraction, Negative free cash flow, Very high PE",2.0,31.0,General low-debt support,51.98,16.0,"Revenue contraction, Earnings contraction, Negative free cash flow",38.9,Weak,"Above 50 DMA, Above 200 DMA, Healthy RSI momentum, Near 52W high momentum, Positive day move, Strong 1M absolute return, Positive 3M return, Strong 6M absolute return, 1M Nifty outperformance, 6M Nifty outperformance, Positive across 1M/3M/6M, 80.0% of closes stayed inside the range | Range width 32.6% | Currently 100.0% through the range"
GMRAIRPORT,Industrials,Airports & Air Services,82.35,1.6,33.35,94.35,146.93,12.72,50.55,83.88,67.36,17252855.4,18800097.0,1.09,Bearish,55.0,"Above 200 DMA, Healthy RSI momentum, Near 52W high momentum, Normal volume support, Positive day move",10.31,-1.26,40.17,2.42,3.69,13.36,7.89,-4.95,26.81,60.0,"Strong 1M absolute return, Strong 6M absolute return, 1M Nifty outperformance, 6M Nifty outperformance",64.12,Profit Booking Zone,75.05,57.05,87.65,53.62,82.68,80.8% of closes stayed inside the range | Range width 53.6% | Currently 82.7% through the range,25.84,-1.15,18.1,-7.41,29.43,-211.99,-1658.22,1.06,1.05,1794.86,35886.59,3880.1,-644.48,804.2308,72.0701,-43.9655,,0.573,110394.09,57.86,Capital Goods / Infra,13.0,10.0,13.0,9.0,5.0,50.0,0.93,Strong ROE,"Negative net margin, Earnings contraction, Negative free cash flow, Very high PE",5.0,55.0,Strong order-book-driven revenue growth,63.65,19.0,"Negative net margin, Earnings contraction, Negative free cash flow",38.55,Weak,"Above 200 DMA, Healthy RSI momentum, Near 52W high momentum, Normal volume support, Positive day move, Strong ROE, Strong 1M absolute return, Strong 6M absolute return, 1M Nifty outperformance, 6M Nifty outperformance, 80.8% of closes stayed inside the range | Range width 53.6% | Currently 82.7% through the range"
WIPRO,Technology,Information Technology Services,214.14,0.02,162.77,252.97,31.56,15.35,39.78,231.15,203.76,15459356.3,10322712.0,0.67,Bearish,28.0,"Above 200 DMA, Weak but watchable RSI, Positive day move",-6.36,-4.0,12.89,2.42,3.69,13.36,-8.78,-7.69,-0.47,10.0,Positive 6M return,69.12,Neutral Range,67.55,177.4,240.05,35.31,58.64,80.0% of closes stayed inside the range | Range width 35.3% | Currently 58.6% through the range,14.73,9.58,15.12,12.31,-0.8,-2.69,21.96,2.58,2.57,9695.3,16464.9,17621.6,16570.6,14.6683,13.2285,2.3486,4.33,0.394,181959.9,29.04,IT / Technology,16.0,0.0,15.0,17.0,15.0,63.0,1.0,,"Revenue contraction, Earnings contraction",0.0,63.0,,45.2,0.0,,38.33,Weak,"Above 200 DMA, Weak but watchable RSI, Positive day move, Positive 6M return, 80.0% of closes stayed inside the range | Range width 35.3% | Currently 58.6% through the range"
PAGEIND,Consumer Cyclical,Apparel Manufacturing,34669.84,1.45,31839.03,51744.07,8.89,33.0,55.41,34063.83,36018.3,32654.1,16953.0,0.52,Bullish,48.0,"Above 50 DMA, Healthy RSI momentum, Near 52W low with stable RSI, Positive day move",8.35,-4.2,-7.03,2.42,3.69,13.36,5.93,-7.89,-20.39,18.0,"Positive 1M return, 1M Nifty outperformance",81.63,Neutral Range,75.08,33309.46,36302.25,8.98,45.46,80.0% of closes stayed inside the range | Range width 9.0% | Currently 45.5% through the range,35.64,21.22,16.99,12.52,-2.81,-0.36,11.58,2.0,0.75,33.19,184.85,1080.47,984.38,55.968,41.7449,28.4266,1.56,0.052,42713.76,58.47,Consumer Discretionary,21.0,0.0,14.0,17.0,6.0,58.0,1.0,Strong ROE,"Revenue contraction, Earnings contraction",4.0,62.0,"General quality ROE, General low-debt support",53.49,8.0,Below 200 DMA,38.22,Weak,"Above 50 DMA, Healthy RSI momentum, Near 52W low with stable RSI, Positive day move, Strong ROE, Positive 1M return, 1M Nifty outperformance, 80.0% of closes stayed inside the range | Range width 9.0% | Currently 45.5% through the range"
ATGL,Utilities,Utilities - Regulated Gas,922.24,0.5,521.49,3994.52,76.85,76.91,40.77,980.14,798.39,1777699.1,549191.0,0.31,Bearish,28.0,"Above 200 DMA, Weak but watchable RSI, Positive day move",-1.38,-8.06,55.1,2.42,3.69,13.36,-3.8,-11.75,41.74,35.0,"Strong 6M absolute return, 6M Nifty outperformance",97.06,Neutral Range,60.83,542.1,1057.83,95.14,73.71,80.0% of closes stayed inside the range | Range width 95.1% | Currently 73.7% through the range,18.64,10.13,21.29,15.02,2.17,22.14,43.49,0.57,0.52,137.16,1557.25,955.13,155.81,116.2588,,14.9289,4.0,0.606,72625.95,28.25,Energy / Utilities,20.0,8.0,7.0,17.0,2.0,54.0,1.0,Strong ROE,Very high PE,4.0,58.0,"General quality ROE, General low-debt support",62.28,8.0,"Far from 52W high, Low volume participation",37.39,Weak,"Above 200 DMA, Weak but watchable RSI, Positive day move, Strong ROE, Strong 6M absolute return, 6M Nifty outperformance, 80.0% of closes stayed inside the range | Range width 95.1% | Currently 73.7% through the range"
AUBANK,Financial Services,Banks - Regional,607.2,0.31,545.21,810.33,11.37,25.07,51.27,590.0,692.61,3998446.4,3056268.0,0.76,Bullish,45.0,"Above 50 DMA, Healthy RSI momentum, Near 52W low zone, Positive day move",8.86,-19.53,-14.08,2.42,3.69,13.36,6.44,-23.22,-27.44,18.0,"Positive 1M return, 1M Nifty outperformance",84.88,Accumulation Zone,74.53,569.54,769.17,35.05,18.86,80.0% of closes stayed inside the range | Range width 35.1% | Currently 18.9% through the range,12.22,1.4,,22.39,25.55,7.48,43.63,,,6441.21,5479.37,2608.07,2261.65,28.9496,17.9736,4.084,9.0,,81746.32,0.0,Banking,10.0,12.0,10.0,17.0,11.0,60.0,0.79,Cash covers debt,,0.0,60.0,,53.01,8.0,Below 200 DMA,36.7,Weak,"Above 50 DMA, Healthy RSI momentum, Near 52W low zone, Positive day move, Cash covers debt, Positive 1M return, 1M Nifty outperformance, 80.0% of closes stayed inside the range | Range width 35.1% | Currently 18.9% through the range"
ASIANPAINT,Basic Materials,Specialty Chemicals,2787.92,1.16,2582.85,3454.02,7.94,19.28,51.91,2798.05,3042.4,1135207.45,929062.0,0.82,Bearish,33.0,"Healthy RSI momentum, Near 52W low with stable RSI, Positive day move",1.77,-11.33,-7.46,2.42,3.69,13.36,-0.65,-15.02,-20.82,8.0,Positive 1M return,89.47,Accumulation Zone,76.19,2745.95,3215.39,17.1,8.94,80.0% of closes stayed inside the range | Range width 17.1% | Currently 8.9% through the range,29.15,18.25,19.1,15.43,2.93,32.97,13.21,2.06,1.37,829.34,2474.38,6103.6,3607.52,55.0311,45.2244,12.2976,1.01,0.289,262668.52,43.53,Chemicals,23.0,10.0,16.0,17.0,6.0,72.0,1.0,Strong ROE,,4.0,76.0,"General quality ROE, General low-debt support",51.98,8.0,Below 200 DMA,36.65,Weak,"Healthy RSI momentum, Near 52W low with stable RSI, Positive day move, Strong ROE, Positive 1M return, 80.0% of closes stayed inside the range | Range width 17.1% | Currently 8.9% through the range"
SHRIRAMFIN,Financial Services,Credit Services,469.59,0.09,213.18,504.17,120.28,6.86,50.49,465.47,398.62,9399535.25,2892585.0,0.31,Bullish,65.0,"Above 50 DMA, Above 200 DMA, Healthy RSI momentum, Near 52W high momentum, Positive day move",4.87,6.52,31.82,2.42,3.69,13.36,2.45,2.83,18.46,63.0,"Positive 1M return, Positive 3M return, Strong 6M absolute return, 6M Nifty outperformance, Positive across 1M/3M/6M",41.28,Profit Booking Zone,82.42,380.27,473.98,24.64,95.32,80.0% of closes stayed inside the range | Range width 24.6% | Currently 95.3% through the range,15.05,2.97,,38.6,12.71,22.55,310.06,,,6260.23,151766.1,-31118.27,-31363.87,19.735,15.5658,3.1889,1.22,0.606,262875.3,96.81,Financial Services,10.0,13.0,0.0,0.0,12.0,35.0,0.79,,"Very high debt, Negative operating cash flow, Negative free cash flow",12.0,47.0,"High leverage is structural for this sector, Strong ROE for a leveraged-balance-sheet business",53.01,20.0,"Low volume participation, Very high debt, Negative operating cash flow, Negative free cash flow",36.4,Weak,"Above 50 DMA, Above 200 DMA, Healthy RSI momentum, Near 52W high momentum, Positive day move, Positive 1M return, Positive 3M return, Strong 6M absolute return, 6M Nifty outperformance, Positive across 1M/3M/6M, 80.0% of closes stayed inside the range | Range width 24.6% | Currently 95.3% through the range"
HDFCBANK,Financial Services,Banks - Regional,721.79,-0.3,646.11,841.43,11.71,14.22,54.09,696.45,744.12,40143232.4,26827060.0,0.67,Bullish,50.0,"Above 50 DMA, Healthy RSI momentum, Near 52W high momentum, Near 52W low zone",5.35,-1.94,-1.44,2.42,3.69,13.36,2.93,-5.63,-14.8,8.0,Positive 1M return,95.93,Lower Range Watch,75.81,680.12,800.04,17.63,34.75,80.0% of closes stayed inside the range | Range width 17.6% | Currently 34.7% through the range,8.96,1.41,,38.8,33.15,25.68,116.5,,,342597.33,809355.21,102232.24,96848.44,15.924,11.6454,1.8511,1.78,0.414,1123335.9,0.0,Banking,8.0,20.0,2.0,17.0,14.0,61.0,0.79,,,0.0,61.0,,53.01,8.0,Below 200 DMA,35.8,Weak,"Above 50 DMA, Healthy RSI momentum, Near 52W high momentum, Near 52W low zone, Positive 1M return, 80.0% of closes stayed inside the range | Range width 17.6% | Currently 34.7% through the range"
GRASIM,Basic Materials,Building Materials,2345.21,3.93,1496.78,2351.0,56.68,0.25,65.85,2188.49,1977.3,719942.3,1823447.0,2.53,Bullish,85.0,"Above 50 DMA, Above 200 DMA, Healthy RSI momentum, Near 52W high momentum, Strong volume expansion, Strong positive day move",9.35,14.62,20.56,2.42,3.69,13.36,6.93,10.93,7.2,63.0,"Positive 1M return, Positive 3M return, Positive 6M return, 1M Nifty outperformance, 3M Nifty outperformance, Positive across 1M/3M/6M",35.96,Breakout Watch,88.47,1906.95,2230.42,16.96,100.0,80.0% of closes stayed inside the range | Range width 17.0% | Currently 100.0% through the range | Above upper band on elevated volume,6.34,1.36,11.2,4.34,11.26,-17.62,154.7,0.93,0.79,2387.65,137143.91,-10719.33,-30204.36,45.2565,22.5144,2.1683,30.0,0.355,224352.46,55.8,Cement / Realty,3.0,5.0,0.0,0.0,11.0,19.0,1.0,,"Earnings contraction, Negative operating cash flow, Negative free cash flow",0.0,19.0,,51.98,16.0,"Earnings contraction, Negative operating cash flow, Negative free cash flow",35.45,Weak,"Above 50 DMA, Above 200 DMA, Healthy RSI momentum, Near 52W high momentum, Strong volume expansion, Strong positive day move, Positive 1M return, Positive 3M return, Positive 6M return, 1M Nifty outperformance, 3M Nifty outperformance, Positive across 1M/3M/6M, 80.0% of closes stayed inside the range | Range width 17.0% | Currently 100.0% through the range | Above upper band on elevated volume"
ABCAPITAL,Financial Services,Financial Conglomerates,216.85,6.98,106.65,220.0,103.33,1.43,74.88,187.64,180.44,9756530.4,27144053.0,2.78,Bullish,72.0,"Above 50 DMA, Above 200 DMA, Strong but overbought RSI, Near 52W high momentum, Strong volume expansion, Strong positive day move",28.28,23.84,20.17,2.42,3.69,13.36,25.86,20.15,6.81,80.0,"Strong 1M absolute return, Strong 3M absolute return, Positive 6M return, 1M Nifty outperformance, 3M Nifty outperformance, Positive across 1M/3M/6M",30.81,Breakout Watch,85.07,165.59,201.14,21.47,100.0,80.0% of closes stayed inside the range | Range width 21.5% | Currently 100.0% through the range | Above upper band on elevated volume,12.44,1.44,29.9,8.21,42.16,-30.46,410.66,,,1554.3,110128.34,-24100.5,-24502.91,26.3092,16.2013,3.1273,,0.687,112442.53,28.11,Financial Services,13.0,10.0,0.0,0.0,9.0,32.0,0.79,,"Earnings contraction, Very high debt, Negative operating cash flow, Negative free cash flow",6.0,38.0,High leverage is structural for this sector,53.01,24.0,"Very high debt, Earnings contraction, Negative operating cash flow, Negative free cash flow",35.25,Weak,"Above 50 DMA, Above 200 DMA, Strong but overbought RSI, Near 52W high momentum, Strong volume expansion, Strong positive day move, Strong 1M absolute return, Strong 3M absolute return, Positive 6M return, 1M Nifty outperformance, 3M Nifty outperformance, Positive across 1M/3M/6M, 80.0% of closes stayed inside the range | Range width 21.5% | Currently 100.0% through the range | Above upper band on elevated volume"
BALKRISIND,Consumer Cyclical,Auto Parts,2309.22,-0.94,1750.0,2735.52,31.96,15.58,49.82,2278.21,2411.31,293744.15,431125.0,1.47,Bullish,37.0,"Above 50 DMA, RSI recovering, Volume expansion",2.84,-8.09,-9.33,2.42,3.69,13.36,0.42,-11.78,-22.69,8.0,Positive 1M return,90.82,Accumulation Zone,75.63,2240.76,2575.64,14.94,20.44,80.0% of closes stayed inside the range | Range width 14.9% | Currently 20.4% through the range,16.62,10.75,17.26,15.82,-3.54,39.16,35.01,1.27,0.9,74.62,3099.44,2081.99,983.44,34.3358,24.8272,4.406,75.0,0.321,48269.36,50.17,Automobile,16.0,10.0,9.0,17.0,11.0,63.0,1.0,,Revenue contraction,2.0,65.0,General low-debt support,53.49,8.0,Below 200 DMA,34.02,Avoid,"Above 50 DMA, RSI recovering, Volume expansion, Positive 1M return, 80.0% of closes stayed inside the range | Range width 14.9% | Currently 20.4% through the range"
SBILIFE,Financial Services,Insurance - Life,1465.02,-0.38,1048.65,1561.39,39.7,6.17,47.17,1484.89,1382.37,1077190.65,1042729.0,0.97,Bearish,27.0,"Above 200 DMA, RSI recovering",0.79,3.61,11.37,2.42,3.69,13.36,-1.63,-0.08,-1.99,38.0,"Positive 1M return, Positive 3M return, Positive 6M return, Positive across 1M/3M/6M",62.79,Neutral Range,73.22,1348.06,1505.62,11.69,74.24,80.0% of closes stayed inside the range | Range width 11.7% | Currently 74.2% through the range,12.7,0.48,1.49,1.45,62.36,10.07,,,,4740.63,,,29007.47,70.6291,52.3737,9.1193,15.0,0.366,183596.77,9.71,Financial Services,4.0,15.0,0.0,8.0,5.0,32.0,0.71,,,-4.0,28.0,Expensive relative to book value for this sector,53.01,0.0,,34.0,Avoid,"Above 200 DMA, RSI recovering, Positive 1M return, Positive 3M return, Positive 6M return, Positive across 1M/3M/6M, 80.0% of closes stayed inside the range | Range width 11.7% | Currently 74.2% through the range"
MOTILALOFS,Financial Services,Capital Markets,568.7,-0.73,299.28,1267.92,90.02,55.15,76.05,434.96,743.28,1133073.6,986300.0,0.87,Bullish,22.0,"Above 50 DMA, Strong but overbought RSI",46.18,54.75,-40.93,2.42,3.69,13.36,43.76,51.06,-54.29,60.0,"Strong 1M absolute return, Strong 3M absolute return, 1M Nifty outperformance, 3M Nifty outperformance",47.09,Lower Range Watch,59.08,365.25,1188.36,225.36,24.72,80.0% of closes stayed inside the range | Range width 225.4% | Currently 24.7% through the range,27.96,7.67,39.96,47.18,35.49,162.0,157.42,1.11,,5285.67,13745.61,-349.64,-500.41,27.5451,15.2672,4.2076,1.24,0.334,54253.42,62.9,Financial Services,22.0,20.0,2.0,0.0,10.0,54.0,0.93,Strong ROE,"Negative operating cash flow, Negative free cash flow",6.0,60.0,Strong ROE for a leveraged-balance-sheet business,53.01,17.0,"Below 200 DMA, Negative operating cash flow, Negative free cash flow",32.45,Avoid,"Above 50 DMA, Strong but overbought RSI, Strong ROE, Strong 1M absolute return, Strong 3M absolute return, 1M Nifty outperformance, 3M Nifty outperformance, 80.0% of closes stayed inside the range | Range width 225.4% | Currently 24.7% through the range"
INFY,Technology,Information Technology Services,1329.23,0.67,1064.05,1597.03,24.92,16.77,35.56,1456.22,1367.06,10274268.35,4856174.0,0.47,Bearish,18.0,"Weak but watchable RSI, Near 52W low zone, Positive day move",-7.24,-12.06,1.88,2.42,3.69,13.36,-9.66,-15.75,-11.48,10.0,Positive 6M return,69.12,Accumulation Zone,71.81,1292.07,1544.88,19.57,14.7,80.0% of closes stayed inside the range | Range width 19.6% | Currently 14.7% through the range,29.99,19.17,20.74,17.06,1.92,6.24,9.49,2.31,,177.3,100.2,314.8,288.2,15.4324,14.7125,5.1946,4.2,0.107,476334.99,29.68,IT / Technology,23.0,2.0,17.0,17.0,13.0,72.0,0.93,"Strong ROE, Cash covers debt",,10.0,82.0,"Strong ROE for an asset-light business, Strong operating margin",45.2,11.0,"Below 200 DMA, Low volume participation",31.48,Avoid,"Weak but watchable RSI, Near 52W low zone, Positive day move, Strong ROE, Cash covers debt, Positive 6M return, 80.0% of closes stayed inside the range | Range width 19.6% | Currently 14.7% through the range"
IDFCFIRSTB,Financial Services,Banks - Regional,82.93,0.3,42.78,100.08,93.84,17.13,58.99,80.18,85.2,48000559.95,23682190.0,0.49,Bullish,40.0,"Above 50 DMA, Healthy RSI momentum, Positive day move",9.3,-2.05,-8.25,2.42,3.69,13.36,6.88,-5.74,-21.61,18.0,"Positive 1M return, 1M Nifty outperformance",84.88,Neutral Range,72.29,78.19,87.76,12.24,49.58,80.0% of closes stayed inside the range | Range width 12.2% | Currently 49.6% through the range,9.12,0.99,,13.09,30.75,18.41,136.14,,,12481.16,43935.73,11542.89,10169.28,33.1274,12.8729,1.5569,30.0,,73970.07,0.0,Banking,7.0,18.0,2.0,17.0,13.0,57.0,0.79,,,0.0,57.0,,53.01,11.0,"Below 200 DMA, Low volume participation",31.4,Avoid,"Above 50 DMA, Healthy RSI momentum, Positive day move, Positive 1M return, 1M Nifty outperformance, 80.0% of closes stayed inside the range | Range width 12.2% | Currently 49.6% through the range"
HINDUNILVR,Consumer Defensive,Household & Personal Products,2153.09,0.95,2066.79,2616.24,4.18,17.7,46.98,2215.04,2362.21,2376677.45,1991778.0,0.84,Bearish,25.0,"RSI recovering, Near 52W low with stable RSI, Positive day move",0.93,-11.71,-10.9,2.42,3.69,13.36,-1.49,-15.4,-24.26,8.0,Positive 1M return,91.3,Accumulation Zone,76.32,2152.92,2452.58,13.92,0.06,80.0% of closes stayed inside the range | Range width 13.9% | Currently 0.1% through the range,20.07,13.09,22.06,16.86,2.38,1.55,2.9,1.66,1.34,825.0,1484.0,15469.0,13992.0,45.875,38.7544,9.9452,2.13,0.332,484720.67,50.37,FMCG / Consumer,21.0,0.0,15.0,17.0,7.0,60.0,1.0,Strong ROE,,8.0,68.0,"Strong ROE for a consumer staples business, Low debt, typical of a healthy consumer business",47.82,8.0,Below 200 DMA,31.22,Avoid,"RSI recovering, Near 52W low with stable RSI, Positive day move, Strong ROE, Positive 1M return, 80.0% of closes stayed inside the range | Range width 13.9% | Currently 0.1% through the range"
NAVINFLUOR,Basic Materials,Chemicals,3350.43,2.91,2878.87,4896.83,16.38,31.58,68.29,3091.51,3743.5,291056.7,537626.0,1.85,Bullish,60.0,"Above 50 DMA, Healthy RSI momentum, Near 52W low zone, Volume expansion, Strong positive day move",13.74,-2.08,-8.48,2.42,3.69,13.36,11.32,-5.77,-21.84,25.0,"Strong 1M absolute return, 1M Nifty outperformance",76.32,Lower Range Watch,75.59,3027.77,3776.22,24.72,43.11,80.0% of closes stayed inside the range | Range width 24.7% | Currently 43.1% through the range,11.35,6.18,14.83,13.21,-0.83,-27.9,57.45,1.97,1.5,6.64,1368.8,749.89,17.5,54.2102,41.8624,10.7744,19.0,0.239,42868.86,56.75,Chemicals,12.0,0.0,11.0,17.0,7.0,47.0,1.0,,"Revenue contraction, Earnings contraction",2.0,49.0,General low-debt support,51.98,15.0,"Below 200 DMA, Earnings contraction",31.2,Avoid,"Above 50 DMA, Healthy RSI momentum, Near 52W low zone, Volume expansion, Strong positive day move, Strong 1M absolute return, 1M Nifty outperformance, 80.0% of closes stayed inside the range | Range width 24.7% | Currently 43.1% through the range"
STARHEALTH,Financial Services,Insurance - Life,566.75,-1.35,454.8,780.0,24.62,27.34,55.69,556.93,581.11,399422.1,222085.0,0.56,Bullish,40.0,"Above 50 DMA, Healthy RSI momentum, Near 52W low zone",5.33,1.74,-3.93,2.42,3.69,13.36,2.91,-1.95,-17.29,18.0,"Positive 1M return, Positive 3M return",84.88,Profit Booking Zone,77.42,540.98,573.85,6.08,78.4,80.0% of closes stayed inside the range | Range width 6.1% | Currently 78.4% through the range,12.55,4.68,8.39,5.86,17.75,36.6,6.98,,,444.58,470.0,,1186.47,51.433,20.1468,3.3841,,0.197,34318.63,21.95,Financial Services,4.0,18.0,9.0,8.0,7.0,46.0,0.71,,,0.0,46.0,,53.01,8.0,Below 200 DMA,30.55,Avoid,"Above 50 DMA, Healthy RSI momentum, Near 52W low zone, Positive 1M return, Positive 3M return, 80.0% of closes stayed inside the range | Range width 6.1% | Currently 78.4% through the range"
ADANIGREEN,Utilities,Utilities - Renewable,1816.4,1.26,439.1,2572.0,313.66,29.38,45.23,1879.18,1336.44,613461.25,631341.0,1.03,Bearish,37.0,"Above 200 DMA, RSI recovering, Normal volume support, Positive day move",-1.7,12.47,93.48,2.42,3.69,13.36,-4.12,8.78,80.12,45.0,"Positive 3M return, Strong 6M absolute return, 6M Nifty outperformance",82.35,Profit Booking Zone,64.39,930.29,1918.25,106.2,89.69,80.0% of closes stayed inside the range | Range width 106.2% | Currently 89.7% through the range,10.34,1.24,59.05,11.93,18.59,12.94,609.45,0.52,0.51,1608.0,64858.0,7713.0,-8060.0,131.5202,42.438,11.3765,,1.083,219453.29,94.69,Energy / Utilities,11.0,13.0,0.0,9.0,3.0,36.0,0.93,,"Very high debt, Negative free cash flow, Very high PE",0.0,36.0,,62.28,12.0,"Very high debt, Negative free cash flow",30.44,Avoid,"Above 200 DMA, RSI recovering, Normal volume support, Positive day move, Positive 3M return, Strong 6M absolute return, 6M Nifty outperformance, 80.0% of closes stayed inside the range | Range width 106.2% | Currently 89.7% through the range"
COFORGE,Technology,Information Technology Services,1016.7,2.3,611.3,1334.4,66.32,23.81,32.01,1176.2,1084.49,2098519.75,1311865.0,0.63,Bearish,18.0,"Weak but watchable RSI, Strong positive day move",-5.65,-21.04,4.21,2.42,3.69,13.36,-8.07,-24.73,-9.15,10.0,Positive 6M return,69.12,Accumulation Zone,71.4,993.9,1283.16,29.1,7.88,80.0% of closes stayed inside the range | Range width 29.1% | Currently 7.9% through the range,22.28,13.23,12.91,8.97,12.41,16.46,20.02,1.7,,321.3,726.0,903.4,637.9,37.3136,25.1184,6.3441,88.0,0.294,79750.75,37.25,IT / Technology,17.0,13.0,11.0,17.0,7.0,65.0,0.93,Strong ROE,,5.0,70.0,Strong ROE for an asset-light business,45.2,8.0,Below 200 DMA,30.28,Avoid,"Weak but watchable RSI, Strong positive day move, Strong ROE, Positive 6M return, 80.0% of closes stayed inside the range | Range width 29.1% | Currently 7.9% through the range"
ADANIENT,Energy,Thermal Coal,3061.02,0.06,1015.6,4182.39,201.4,26.81,41.86,3178.61,2721.3,1178593.4,1654272.0,1.4,Bearish,38.0,"Above 200 DMA, Weak but watchable RSI, Volume expansion, Positive day move",0.45,3.17,26.17,2.42,3.69,13.36,-1.97,-0.52,12.81,38.0,"Positive 1M return, Positive 3M return, Positive 6M return, Positive across 1M/3M/6M",89.29,Profit Booking Zone,71.82,2221.63,3230.44,45.41,83.21,80.0% of closes stayed inside the range | Range width 45.4% | Currently 83.2% through the range,8.29,2.02,9.36,3.36,-24.39,31.53,167.14,0.83,0.62,2306.55,65310.15,10312.19,-12053.72,52.0792,44.307,4.7693,4.0,0.808,424857.17,43.31,Metals / Mining,2.0,10.0,0.0,9.0,9.0,30.0,1.0,,"Revenue contraction, Negative free cash flow",0.0,30.0,,59.93,9.0,"Revenue contraction, Negative free cash flow",29.49,Avoid,"Above 200 DMA, Weak but watchable RSI, Volume expansion, Positive day move, Positive 1M return, Positive 3M return, Positive 6M return, Positive across 1M/3M/6M, 80.0% of closes stayed inside the range | Range width 45.4% | Currently 83.2% through the range"
AXISBANK,Financial Services,Banks - Regional,1053.22,0.17,705.29,1149.09,49.33,8.34,48.63,1065.86,1030.78,11558323.45,8300012.0,0.72,Bearish,32.0,"Above 200 DMA, RSI recovering, Positive day move",2.03,-2.45,5.07,2.42,3.69,13.36,-0.39,-6.14,-8.29,18.0,"Positive 1M return, Positive 6M return",84.88,Neutral Range,72.31,999.98,1117.67,11.77,45.24,80.8% of closes stayed inside the range | Range width 11.8% | Currently 45.2% through the range,16.8,1.74,,34.45,22.73,143.9,145.33,,,138050.28,228199.55,-5554.67,-7940.08,13.8498,9.7233,1.7142,8.0,0.416,382872.22,0.0,Banking,10.0,18.0,2.0,0.0,15.0,45.0,0.79,,"Negative operating cash flow, Negative free cash flow",6.0,51.0,Strong ROE for a leveraged-balance-sheet business,53.01,9.0,"Negative operating cash flow, Negative free cash flow",29.3,Avoid,"Above 200 DMA, RSI recovering, Positive day move, Positive 1M return, Positive 6M return, 80.8% of closes stayed inside the range | Range width 11.8% | Currently 45.2% through the range"
BERGEPAINT,Basic Materials,Specialty Chemicals,496.03,-0.03,428.37,665.9,15.8,25.51,26.65,547.18,562.03,789327.8,1297766.0,1.64,Bearish,19.0,"Oversold RSI, Near 52W low zone, Volume expansion",-7.72,-14.92,-11.04,2.42,3.69,13.36,-10.14,-18.61,-24.4,0.0,,97.37,Breakdown Risk,35.0,537.81,581.7,8.16,0.0,80.0% of closes stayed inside the range | Range width 8.2% | Currently 0.0% through the range | Below lower band on elevated volume,21.71,13.95,14.06,10.52,6.58,35.88,14.0,1.83,0.91,240.26,753.29,1591.05,1316.06,51.2637,43.1943,9.4377,75.0,0.449,65272.83,40.89,Chemicals,17.0,12.0,13.0,17.0,7.0,66.0,1.0,Strong ROE,,4.0,70.0,"General quality ROE, General low-debt support",51.98,8.0,Below 200 DMA,29.05,Avoid,"Oversold RSI, Near 52W low zone, Volume expansion, Strong ROE, 80.0% of closes stayed inside the range | Range width 8.2% | Currently 0.0% through the range | Below lower band on elevated volume"
GLENMARK,Healthcare,Drug Manufacturers - Specialty & Generic,1030.49,-0.47,356.64,1065.86,188.94,3.32,61.76,939.92,828.93,766286.35,1223564.0,1.6,Bullish,70.0,"Above 50 DMA, Above 200 DMA, Healthy RSI momentum, Near 52W high momentum, Volume expansion",9.9,18.61,29.67,2.42,3.69,13.36,7.48,14.92,16.31,78.0,"Positive 1M return, Positive 3M return, Positive 6M return, 1M Nifty outperformance, 3M Nifty outperformance, 6M Nifty outperformance, Positive across 1M/3M/6M",26.19,Breakout Watch,83.46,766.03,991.21,29.4,100.0,80.0% of closes stayed inside the range | Range width 29.4% | Currently 100.0% through the range | Above upper band on elevated volume,-19.13,-10.46,5.42,-12.91,1.78,-605.2,15.68,1.28,0.84,1658.27,1230.93,-265.44,-1163.82,35.9328,23.447,6.1481,33.0,0.248,64629.45,71.94,Pharma / Healthcare,0.0,0.0,14.0,0.0,7.0,21.0,1.0,Cash covers debt,"Negative net margin, Earnings contraction, Negative operating cash flow, Negative free cash flow",2.0,23.0,General low-debt support,53.05,24.0,"Negative net margin, Earnings contraction, Negative operating cash flow, Negative free cash flow",29.01,Avoid,"Above 50 DMA, Above 200 DMA, Healthy RSI momentum, Near 52W high momentum, Volume expansion, Cash covers debt, Positive 1M return, Positive 3M return, Positive 6M return, 1M Nifty outperformance, 3M Nifty outperformance, 6M Nifty outperformance, Positive across 1M/3M/6M, 80.0% of closes stayed inside the range | Range width 29.4% | Currently 100.0% through the range | Above upper band on elevated volume"
LTM,Technology,Information Technology Services,4545.13,1.01,3901.62,6116.12,16.49,25.69,32.8,4959.75,5130.69,525366.8,298146.0,0.57,Bearish,18.0,"Weak but watchable RSI, Near 52W low zone, Positive day move",-7.4,-24.73,-8.15,2.42,3.69,13.36,-9.82,-28.42,-21.51,0.0,,94.12,Accumulation Zone,73.24,4731.03,5898.92,24.69,0.0,80.0% of closes stayed inside the range | Range width 24.7% | Currently 0.0% through the range,22.89,16.62,15.68,12.9,7.03,3.94,10.34,3.28,3.28,1806.3,2070.6,5669.5,4826.3,27.0482,20.7158,5.7545,1.55,0.261,141177.8,29.77,IT / Technology,19.0,4.0,17.0,17.0,10.0,67.0,1.0,Strong ROE,,5.0,72.0,Strong ROE for an asset-light business,45.2,8.0,Below 200 DMA,28.48,Avoid,"Weak but watchable RSI, Near 52W low zone, Positive day move, Strong ROE, 80.0% of closes stayed inside the range | Range width 24.7% | Currently 0.0% through the range"
BAJFINANCE,Financial Services,Credit Services,713.55,-0.44,536.89,805.16,32.9,11.38,61.29,666.88,712.88,12330738.0,10815670.0,0.88,Bullish,60.0,"Above 50 DMA, Above 200 DMA, Healthy RSI momentum, Near 52W high momentum",9.18,-1.34,-9.66,2.42,3.69,13.36,6.76,-5.03,-23.02,18.0,"Positive 1M return, 1M Nifty outperformance",84.88,Neutral Range,79.66,645.53,737.93,14.31,73.61,80.0% of closes stayed inside the range | Range width 14.3% | Currently 73.6% through the range,18.84,3.85,,42.1,27.29,25.58,284.81,,,7368.37,218437.11,-69843.31,-70881.09,33.5541,21.7163,5.9681,49.0,0.323,680692.29,91.55,Financial Services,12.0,20.0,0.0,0.0,11.0,43.0,0.79,Strong ROE,"Very high debt, Negative operating cash flow, Negative free cash flow",8.0,51.0,"High leverage is structural for this sector, Strong ROE for a leveraged-balance-sheet business, Expensive relative to book value for this sector",53.01,17.0,"Very high debt, Negative operating cash flow, Negative free cash flow",28.3,Avoid,"Above 50 DMA, Above 200 DMA, Healthy RSI momentum, Near 52W high momentum, Strong ROE, Positive 1M return, 1M Nifty outperformance, 80.0% of closes stayed inside the range | Range width 14.3% | Currently 73.6% through the range"
SHREECEM,Basic Materials,Building Materials,24107.69,-0.08,19811.99,30343.18,21.68,20.55,33.94,25493.83,25597.78,36918.1,18872.0,0.51,Bearish,13.0,"Weak but watchable RSI, Near 52W low zone",-2.24,-6.56,-8.39,2.42,3.69,13.36,-4.66,-10.25,-21.75,0.0,,97.37,Accumulation Zone,73.85,24732.26,28103.67,13.63,0.0,80.0% of closes stayed inside the range | Range width 13.6% | Currently 0.0% through the range,11.57,8.57,12.89,11.92,15.2,88.53,8.0,1.99,1.41,262.36,1655.55,3347.49,147.14,56.6297,37.086,10.0126,55.0,,92258.47,73.54,Cement / Realty,12.0,18.0,15.0,17.0,7.0,69.0,1.0,,,2.0,71.0,General low-debt support,51.98,8.0,Below 200 DMA,27.9,Avoid,"Weak but watchable RSI, Near 52W low zone, 80.0% of closes stayed inside the range | Range width 13.6% | Currently 0.0% through the range"
ADANIENSOL,Utilities,Utilities - Independent Power Producers,1050.05,0.68,631.5,4236.75,66.28,75.22,48.6,1058.13,927.39,1559076.75,749815.0,0.48,Bearish,32.0,"Above 200 DMA, RSI recovering, Positive day move",3.82,-3.41,35.53,2.42,3.69,13.36,1.4,-7.1,22.17,43.0,"Positive 1M return, Strong 6M absolute return, 6M Nifty outperformance",88.24,Profit Booking Zone,69.08,754.14,1132.7,50.2,78.17,80.0% of closes stayed inside the range | Range width 50.2% | Currently 78.2% through the range,9.0,1.94,27.09,6.95,25.18,-9.48,293.24,1.01,0.98,742.06,37069.65,6037.62,608.08,66.6528,44.2264,7.5542,,0.679,195550.42,43.66,Energy / Utilities,11.0,10.0,2.0,17.0,3.0,43.0,0.93,,"Earnings contraction, Very high debt",0.0,43.0,,62.28,16.0,"Far from 52W high, Low volume participation, Very high debt",27.14,Avoid,"Above 200 DMA, RSI recovering, Positive day move, Positive 1M return, Strong 6M absolute return, 6M Nifty outperformance, 80.0% of closes stayed inside the range | Range width 50.2% | Currently 78.2% through the range"
3MINDIA,Industrials,Conglomerates,28335.85,-0.26,20146.33,37973.34,40.65,25.38,44.95,29152.83,29345.35,4496.3,1215.0,0.27,Bearish,8.0,Weak but watchable RSI,-0.94,-13.36,-2.82,2.42,3.69,13.36,-3.36,-17.05,-16.18,0.0,,100.0,Accumulation Zone,72.59,28342.22,32611.18,15.06,0.0,80.0% of closes stayed inside the range | Range width 15.1% | Currently 0.0% through the range,27.17,17.96,17.23,13.93,5.8,29.36,0.85,2.52,2.02,1044.29,18.18,643.03,611.62,77.736,47.6971,22.8946,44.0,0.273,40481.03,41.86,Capital Goods / Infra,21.0,12.0,20.0,17.0,5.0,75.0,1.0,"Strong ROE, Cash covers debt",,0.0,75.0,,63.65,11.0,"Below 200 DMA, Low volume participation",26.8,Avoid,"Weak but watchable RSI, Strong ROE, Cash covers debt, 80.0% of closes stayed inside the range | Range width 15.1% | Currently 0.0% through the range"
BRITANNIA,Consumer Defensive,Packaged Foods,4598.31,0.94,3358.32,5162.1,36.92,10.92,47.55,4675.79,4624.34,375463.35,279440.0,0.74,Bearish,17.0,"RSI recovering, Positive day move",-0.11,-5.21,4.62,2.42,3.69,13.36,-2.53,-8.9,-8.74,10.0,Positive 6M return,73.91,Accumulation Zone,71.19,4472.94,4948.06,10.62,26.39,80.0% of closes stayed inside the range | Range width 10.6% | Currently 26.4% through the range,54.29,23.58,17.34,12.93,3.51,-7.84,52.64,1.19,0.9,322.8,2074.63,2572.98,2020.11,52.2538,43.3854,26.629,1.62,0.421,135982.19,41.42,FMCG / Consumer,21.0,2.0,6.0,17.0,6.0,52.0,1.0,Strong ROE,Earnings contraction,5.0,57.0,Strong ROE for a consumer staples business,47.82,8.0,Below 200 DMA,25.87,Avoid,"RSI recovering, Positive day move, Strong ROE, Positive 6M return, 80.0% of closes stayed inside the range | Range width 10.6% | Currently 26.4% through the range"
COROMANDEL,Basic Materials,Agricultural Inputs,1083.03,0.57,814.36,1251.88,32.99,13.49,45.14,1081.18,1089.81,424863.2,257294.0,0.61,Bullish,32.0,"Above 50 DMA, RSI recovering, Positive day move",4.35,-5.34,-4.72,2.42,3.69,13.36,1.93,-9.03,-18.08,8.0,Positive 1M return,89.47,Accumulation Zone,74.43,1048.69,1221.48,16.48,19.87,80.0% of closes stayed inside the range | Range width 16.5% | Currently 19.9% through the range,17.43,10.36,16.19,11.87,-8.39,-18.42,5.22,2.07,1.28,1126.65,492.12,1427.69,900.8,33.365,21.4553,4.8621,53.0,0.143,61057.99,23.99,General,14.0,0.0,19.0,17.0,11.0,61.0,1.0,Cash covers debt,"Revenue contraction, Earnings contraction",2.0,63.0,General low-debt support,51.98,15.0,"Below 200 DMA, Earnings contraction",24.85,Avoid,"Above 50 DMA, RSI recovering, Positive day move, Cash covers debt, Positive 1M return, 80.0% of closes stayed inside the range | Range width 16.5% | Currently 19.9% through the range"
LAURUSLABS,Healthcare,Drug Manufacturers - Specialty & Generic,430.97,0.71,276.17,598.68,56.05,28.01,54.19,408.88,390.2,2932521.1,1185359.0,0.4,Bullish,55.0,"Above 50 DMA, Above 200 DMA, Healthy RSI momentum, Positive day move",14.26,5.2,8.75,2.42,3.69,13.36,11.84,1.51,-4.61,55.0,"Strong 1M absolute return, Positive 3M return, Positive 6M return, 1M Nifty outperformance, Positive across 1M/3M/6M",44.05,Profit Booking Zone,82.18,368.01,430.25,16.91,100.0,80.0% of closes stayed inside the range | Range width 16.9% | Currently 100.0% through the range,3.91,1.91,7.89,3.21,-16.83,-79.68,62.7,1.23,0.64,138.94,2577.4,665.69,-12.62,91.358,64.5153,18.8439,13.0,0.357,99957.76,59.45,Pharma / Healthcare,0.0,0.0,6.0,9.0,5.0,20.0,1.0,,"Revenue contraction, Earnings contraction, Negative free cash flow, Very high PE",2.0,22.0,General low-debt support,53.05,19.0,"Low volume participation, Revenue contraction, Earnings contraction, Negative free cash flow",24.16,Avoid,"Above 50 DMA, Above 200 DMA, Healthy RSI momentum, Positive day move, Strong 1M absolute return, Positive 3M return, Positive 6M return, 1M Nifty outperformance, Positive across 1M/3M/6M, 80.0% of closes stayed inside the range | Range width 16.9% | Currently 100.0% through the range"
BAJAJFINSV,Financial Services,Financial Conglomerates,1617.91,-0.51,1211.97,1839.4,33.49,12.04,47.88,1604.69,1597.54,1489506.15,1297705.0,0.87,Bullish,42.0,"Above 50 DMA, Above 200 DMA, RSI recovering",2.3,2.2,-1.29,2.42,3.69,13.36,-0.12,-1.49,-14.65,18.0,"Positive 1M return, Positive 3M return",84.88,Lower Range Watch,74.85,1566.68,1697.16,8.33,39.26,80.0% of closes stayed inside the range | Range width 8.3% | Currently 39.3% through the range,13.51,1.51,39.82,8.16,35.25,26.97,379.23,,,5765.02,228781.7,-65502.04,-66937.5,31.9699,21.4331,4.1459,6.0,0.374,323329.46,51.48,Financial Services,13.0,20.0,0.0,0.0,11.0,44.0,0.86,,"Very high debt, Negative operating cash flow, Negative free cash flow",6.0,50.0,High leverage is structural for this sector,53.01,17.0,"Very high debt, Negative operating cash flow, Negative free cash flow",23.45,Avoid,"Above 50 DMA, Above 200 DMA, RSI recovering, Positive 1M return, Positive 3M return, 80.0% of closes stayed inside the range | Range width 8.3% | Currently 39.3% through the range"
FACT,Basic Materials,Agricultural Inputs,672.47,1.24,103.66,906.74,548.73,25.84,48.81,706.59,648.95,426335.7,307749.0,0.72,Bearish,32.0,"Above 200 DMA, RSI recovering, Positive day move",6.5,-16.42,2.37,2.42,3.69,13.36,4.08,-20.11,-10.99,18.0,"Positive 1M return, Positive 6M return",81.58,Accumulation Zone,74.24,652.42,819.78,25.65,11.98,80.0% of closes stayed inside the range | Range width 25.7% | Currently 12.0% through the range,9.45,2.21,11.09,4.36,-6.86,-79.07,133.32,1.05,0.78,425.42,1810.22,279.99,106.35,,,38.5634,5.0,,53030.78,47.47,General,5.0,0.0,4.0,17.0,2.0,28.0,0.93,,"Revenue contraction, Earnings contraction",0.0,28.0,,51.98,7.0,Earnings contraction,23.1,Avoid,"Above 200 DMA, RSI recovering, Positive day move, Positive 1M return, Positive 6M return, 80.0% of closes stayed inside the range | Range width 25.7% | Currently 12.0% through the range"
DELHIVERY,Industrials,Integrated Freight & Logistics,448.4,-0.38,291.0,608.7,54.09,26.33,47.11,455.13,420.73,2380927.35,883174.0,0.37,Bearish,27.0,"Above 200 DMA, RSI recovering",-3.26,11.0,5.48,2.42,3.69,13.36,-5.68,7.31,-7.88,20.0,"Positive 3M return, Positive 6M return",95.29,Profit Booking Zone,72.68,384.34,464.6,20.89,79.81,80.0% of closes stayed inside the range | Range width 20.9% | Currently 79.8% through the range,-2.72,-2.18,-7.16,-3.06,12.68,75.27,12.79,4.42,4.41,303.22,1169.34,472.4,-92.56,385.4508,42.6924,3.6232,,0.174,35229.57,84.92,Capital Goods / Infra,0.0,15.0,17.0,9.0,5.0,46.0,0.93,,"Negative net margin, Negative free cash flow, Very high PE",0.0,46.0,,63.65,15.0,"Low volume participation, Negative net margin, Negative free cash flow",22.4,Avoid,"Above 200 DMA, RSI recovering, Positive 3M return, Positive 6M return, 80.0% of closes stayed inside the range | Range width 20.9% | Currently 79.8% through the range"
GODREJIND,Industrials,Conglomerates,855.55,1.42,395.0,911.95,116.59,6.18,64.29,804.88,672.78,177535.45,502787.0,2.83,Bullish,80.0,"Above 50 DMA, Above 200 DMA, Healthy RSI momentum, Near 52W high momentum, Strong volume expansion, Positive day move",15.81,5.1,27.85,2.42,3.69,13.36,13.39,1.41,14.49,55.0,"Strong 1M absolute return, Positive 3M return, Positive 6M return, 1M Nifty outperformance, Positive across 1M/3M/6M",69.41,Profit Booking Zone,85.43,653.74,851.45,30.24,100.0,80.0% of closes stayed inside the range | Range width 30.2% | Currently 100.0% through the range,0.75,0.1,5.66,0.36,-0.98,-93.85,362.39,1.15,0.43,1878.81,28995.91,-4284.12,-5481.61,33.4833,,3.7223,,0.635,41607.84,40.36,Capital Goods / Infra,0.0,0.0,2.0,0.0,6.0,8.0,0.93,,"Revenue contraction, Earnings contraction, Very high debt, Negative operating cash flow, Negative free cash flow",0.0,8.0,,63.65,24.0,"Very high debt, Earnings contraction, Negative operating cash flow, Negative free cash flow",22.1,Avoid,"Above 50 DMA, Above 200 DMA, Healthy RSI momentum, Near 52W high momentum, Strong volume expansion, Positive day move, Strong 1M absolute return, Positive 3M return, Positive 6M return, 1M Nifty outperformance, Positive across 1M/3M/6M, 80.0% of closes stayed inside the range | Range width 30.2% | Currently 100.0% through the range"
MPHASIS,Technology,Information Technology Services,2096.86,0.28,1511.01,2652.07,38.77,20.93,30.67,2348.4,2247.23,470009.0,475017.0,1.01,Bearish,18.0,"Weak but watchable RSI, Normal volume support, Positive day move",-5.92,-14.6,-4.91,2.42,3.69,13.36,-8.34,-18.29,-18.27,0.0,,94.12,Accumulation Zone,72.36,2058.3,2513.99,22.14,8.46,80.0% of closes stayed inside the range | Range width 22.1% | Currently 8.5% through the range,17.68,11.0,13.92,11.71,-3.77,-5.07,27.16,1.58,,804.91,2388.59,2179.7,2086.01,25.3152,20.0133,4.2716,2.45,0.485,48421.74,44.45,IT / Technology,14.0,0.0,11.0,17.0,11.0,53.0,0.93,,"Revenue contraction, Earnings contraction",0.0,53.0,,45.2,8.0,Below 200 DMA,21.83,Avoid,"Weak but watchable RSI, Normal volume support, Positive day move, 80.0% of closes stayed inside the range | Range width 22.1% | Currently 8.5% through the range"
HDFCLIFE,Financial Services,Insurance - Life,595.34,-0.79,451.88,703.73,31.75,15.4,39.17,602.05,626.54,6074551.05,4527775.0,0.75,Bearish,8.0,Weak but watchable RSI,-4.03,-0.9,-4.59,2.42,3.69,13.36,-6.45,-4.59,-17.95,0.0,,99.42,Accumulation Zone,69.26,575.89,666.02,15.65,21.58,80.0% of closes stayed inside the range | Range width 15.7% | Currently 21.6% through the range,10.73,0.52,1.75,1.64,36.41,15.04,6.48,,,2178.28,950.0,,10585.41,58.4967,44.8408,5.9286,39.0,0.502,116632.92,10.2,Financial Services,2.0,18.0,12.0,8.0,9.0,49.0,0.79,Cash covers debt,,-4.0,45.0,Expensive relative to book value for this sector,53.01,8.0,Below 200 DMA,17.7,Avoid,"Weak but watchable RSI, Cash covers debt, 80.0% of closes stayed inside the range | Range width 15.7% | Currently 21.6% through the range"
GODREJCP,Consumer Defensive,Household & Personal Products,1124.87,-0.6,754.09,1254.65,49.17,10.34,44.05,1165.81,1037.73,1043420.8,680331.0,0.65,Bearish,23.0,"Above 200 DMA, Weak but watchable RSI",-3.03,7.07,20.03,2.42,3.69,13.36,-5.45,3.38,6.67,20.0,"Positive 3M return, Positive 6M return",56.52,Neutral Range,70.45,950.84,1185.04,24.63,74.31,80.0% of closes stayed inside the range | Range width 24.6% | Currently 74.3% through the range,-4.45,-3.03,20.38,-4.01,5.87,-132.93,25.58,0.99,0.77,402.78,3222.21,2069.95,1762.76,54.9517,33.3113,7.3619,1.95,0.368,93120.75,49.72,FMCG / Consumer,5.0,2.0,7.0,17.0,6.0,37.0,1.0,,"Negative net margin, Earnings contraction",3.0,40.0,"Low debt, typical of a healthy consumer business",47.82,15.0,"Negative net margin, Earnings contraction",16.92,Avoid,"Above 200 DMA, Weak but watchable RSI, Positive 3M return, Positive 6M return, 80.0% of closes stayed inside the range | Range width 24.6% | Currently 74.3% through the range"
SBICARD,Financial Services,Credit Services,742.77,1.07,672.08,1014.74,10.52,26.8,62.84,710.13,767.34,2047864.15,1406042.0,0.69,Bullish,45.0,"Above 50 DMA, Healthy RSI momentum, Near 52W low zone, Positive day move",8.38,-0.25,-6.21,2.42,3.69,13.36,5.96,-3.94,-19.57,18.0,"Positive 1M return, 1M Nifty outperformance",84.88,Neutral Range,77.16,694.36,760.56,9.53,73.13,80.0% of closes stayed inside the range | Range width 9.5% | Currently 73.1% through the range,19.93,4.14,,18.88,19.42,6.62,333.62,,,2508.43,40314.7,-5653.38,-5727.87,27.1772,18.3719,3.9751,38.0,0.246,62484.85,24.65,Financial Services,12.0,10.0,0.0,0.0,11.0,33.0,0.79,Strong ROE,"Very high debt, Negative operating cash flow, Negative free cash flow",12.0,45.0,"High leverage is structural for this sector, Strong ROE for a leveraged-balance-sheet business",53.01,25.0,"Below 200 DMA, Very high debt, Negative operating cash flow, Negative free cash flow",14.45,Avoid,"Above 50 DMA, Healthy RSI momentum, Near 52W low zone, Positive day move, Strong ROE, Positive 1M return, 1M Nifty outperformance, 80.0% of closes stayed inside the range | Range width 9.5% | Currently 73.1% through the range"
TECHM,Technology,Information Technology Services,1106.34,-0.65,859.95,1305.48,28.65,15.25,38.21,1172.87,1131.35,1947356.8,1460983.0,0.75,Bearish,8.0,Weak but watchable RSI,-5.07,-9.53,2.41,2.42,3.69,13.36,-7.49,-13.22,-10.95,10.0,Positive 6M return,69.12,Lower Range Watch,67.63,1052.5,1219.2,15.84,32.29,80.0% of closes stayed inside the range | Range width 15.8% | Currently 32.3% through the range,8.84,5.43,6.58,4.53,-2.43,-51.2,9.51,1.86,1.85,4347.1,2536.7,6376.4,5585.3,28.4091,18.707,4.8593,3.1,0.162,143950.49,35.76,IT / Technology,4.0,0.0,19.0,17.0,11.0,51.0,1.0,Cash covers debt,"Revenue contraction, Earnings contraction",0.0,51.0,,45.2,15.0,"Below 200 DMA, Earnings contraction",14.13,Avoid,"Weak but watchable RSI, Cash covers debt, Positive 6M return, 80.0% of closes stayed inside the range | Range width 15.8% | Currently 32.3% through the range"
CHOLAFIN,Financial Services,Credit Services,1140.26,0.29,654.07,1305.1,74.33,12.63,50.13,1115.21,1151.45,1386679.35,596378.0,0.43,Bullish,50.0,"Above 50 DMA, Healthy RSI momentum, Near 52W high momentum, Positive day move",9.42,-11.15,-8.12,2.42,3.69,13.36,7.0,-14.84,-21.48,18.0,"Positive 1M return, 1M Nifty outperformance",84.88,Lower Range Watch,75.76,1078.93,1242.02,15.12,37.6,80.0% of closes stayed inside the range | Range width 15.1% | Currently 37.6% through the range,17.46,2.18,,34.41,39.1,28.34,688.24,,,2236.23,134847.78,-35682.85,-36759.09,28.3753,19.5308,5.3643,7.0,0.477,163765.54,99.93,Financial Services,10.0,20.0,0.0,0.0,11.0,41.0,0.79,,"Very high debt, Negative operating cash flow, Negative free cash flow",8.0,49.0,"High leverage is structural for this sector, Strong ROE for a leveraged-balance-sheet business, Expensive relative to book value for this sector",53.01,28.0,"Below 200 DMA, Low volume participation, Very high debt, Negative operating cash flow, Negative free cash flow",14.1,Avoid,"Above 50 DMA, Healthy RSI momentum, Near 52W high momentum, Positive day move, Positive 1M return, 1M Nifty outperformance, 80.0% of closes stayed inside the range | Range width 15.1% | Currently 37.6% through the range"
DALBHARAT,Basic Materials,Building Materials,1927.95,-0.46,1448.98,2401.43,33.06,19.72,45.7,1974.49,2108.84,451319.5,503657.0,1.12,Bearish,17.0,"RSI recovering, Normal volume support",2.98,-10.96,-15.81,2.42,3.69,13.36,0.56,-14.65,-29.17,8.0,Positive 1M return,89.47,Accumulation Zone,73.54,1922.27,2303.91,19.85,1.49,80.0% of closes stayed inside the range | Range width 19.9% | Currently 1.5% through the range,5.04,2.98,7.98,5.76,8.29,-20.19,29.3,1.76,1.48,341.0,4805.0,2635.0,-192.0,36.8796,25.1706,1.921,54.0,0.184,34568.38,61.49,Cement / Realty,0.0,5.0,13.0,9.0,11.0,38.0,1.0,,"Earnings contraction, Negative free cash flow",2.0,40.0,General low-debt support,51.98,19.0,"Below 200 DMA, Earnings contraction, Negative free cash flow",9.05,Avoid,"RSI recovering, Normal volume support, Positive 1M return, 80.0% of closes stayed inside the range | Range width 19.9% | Currently 1.5% through the range"
INDUSINDBK,Financial Services,Banks - Regional,1455.95,-0.2,966.94,1673.18,50.57,12.98,39.56,1487.59,1459.17,3688397.65,1206443.0,0.33,Bearish,8.0,Weak but watchable RSI,2.29,-10.3,1.94,2.42,3.69,13.36,-0.13,-13.99,-11.42,18.0,"Positive 1M return, Positive 6M return",84.88,Accumulation Zone,71.9,1442.04,1581.94,9.7,9.94,80.0% of closes stayed inside the range | Range width 9.7% | Currently 9.9% through the range,14.2,1.74,,30.47,15.7,20.61,75.33,,,42391.59,47611.41,-16924.73,-17654.74,60.0295,12.9494,1.2053,15.0,0.494,79277.55,0.0,Banking,10.0,16.0,4.0,0.0,9.0,39.0,0.79,,"Negative operating cash flow, Negative free cash flow",0.0,39.0,,53.01,20.0,"Below 200 DMA, Low volume participation, Negative operating cash flow, Negative free cash flow",8.1,Avoid,"Weak but watchable RSI, Positive 1M return, Positive 6M return, 80.0% of closes stayed inside the range | Range width 9.7% | Currently 9.9% through the range"
PAYTM,Technology,Software - Infrastructure,382.7,1.32,318.05,998.3,20.33,61.66,40.4,396.84,709.56,2050018.05,1509139.0,0.74,Bearish,18.0,"Weak but watchable RSI, Near 52W low zone, Positive day move",-8.94,-48.02,-59.19,2.42,3.69,13.36,-11.36,-51.71,-72.55,0.0,,94.12,Lower Range Watch,61.94,382.45,896.85,134.5,0.05,80.0% of closes stayed inside the range | Range width 134.5% | Currently 0.0% through the range,-10.63,-7.58,-16.5,-14.36,24.87,20.21,1.33,2.71,,4277.2,176.6,650.8,-170.9,160.3586,51.8355,6.4407,,-0.307,103222.43,36.98,IT / Technology,0.0,16.0,17.0,9.0,3.0,45.0,0.86,Cash covers debt,"Negative net margin, Negative free cash flow, Very high PE",0.0,45.0,,45.2,20.0,"Below 200 DMA, Negative net margin, Negative free cash flow",7.03,Avoid,"Weak but watchable RSI, Near 52W low zone, Positive day move, Cash covers debt, 80.0% of closes stayed inside the range | Range width 134.5% | Currently 0.0% through the range"
TATACOMM,Communication Services,Telecom Services,1688.45,1.28,1021.76,2017.15,65.25,16.3,30.29,1837.22,1717.92,819657.3,821183.0,1.0,Bearish,18.0,"Weak but watchable RSI, Normal volume support, Positive day move",-7.59,2.8,-2.89,2.42,3.69,13.36,-10.01,-0.89,-16.25,10.0,Positive 3M return,92.86,Accumulation Zone,71.24,1629.68,1920.59,17.85,20.2,80.0% of closes stayed inside the range | Range width 17.9% | Currently 20.2% through the range,54.21,3.94,9.5,4.66,16.52,-46.08,630.49,0.44,0.43,732.05,11263.17,3182.0,1099.66,52.3267,22.1678,14.3548,100.0,0.816,49484.61,27.46,Telecom,8.0,8.0,0.0,17.0,7.0,40.0,1.0,Strong ROE,"Earnings contraction, Very high debt",2.0,42.0,General quality ROE,48.24,23.0,"Below 200 DMA, Very high debt, Earnings contraction",5.94,Avoid,"Weak but watchable RSI, Normal volume support, Positive day move, Strong ROE, Positive 3M return, 80.0% of closes stayed inside the range | Range width 17.9% | Currently 20.2% through the range"
M&MFIN,Financial Services,Credit Services,246.32,-5.52,161.66,318.13,52.37,22.57,33.13,265.97,268.1,3712446.35,26515192.0,7.14,Bearish,23.0,"Weak but watchable RSI, Strong volume expansion",0.84,-5.69,-7.66,2.42,3.69,13.36,-1.58,-9.38,-21.02,8.0,Positive 1M return,95.93,Accumulation Zone,76.45,246.79,272.24,10.31,0.0,80.0% of closes stayed inside the range | Range width 10.3% | Currently 0.0% through the range,9.7,1.56,,23.75,10.05,-6.74,467.45,,,3931.68,93177.37,-18448.55,-18771.85,17.0039,12.9871,2.0642,1.88,0.343,55006.67,86.34,Financial Services,8.0,5.0,0.0,0.0,14.0,27.0,0.79,,"Earnings contraction, Very high debt, Negative operating cash flow, Negative free cash flow",6.0,33.0,High leverage is structural for this sector,53.01,30.0,"Below 200 DMA, Sharp daily fall, Very high debt, Negative operating cash flow, Negative free cash flow",0.0,Avoid,"Weak but watchable RSI, Strong volume expansion, Positive 1M return, 80.0% of closes stayed inside the range | Range width 10.3% | Currently 0.0% through the range"
AHLUCONT,Industrials,Engineering & Construction,1132.37,-1.67,392.96,1274.72,188.16,11.17,62.99,1069.34,825.87,81192.05,111869.0,1.38,Bullish,70.0,"Above 50 DMA, Above 200 DMA, Healthy RSI momentum, Near 52W high momentum, Volume expansion",11.37,39.58,58.53,2.42,3.69,13.36,8.95,35.89,45.17,100.0,"Strong 1M absolute return, Strong 3M absolute return, Strong 6M absolute return, 1M Nifty outperformance, 3M Nifty outperformance, 6M Nifty outperformance, Positive across 1M/3M/6M",10.32,Profit Booking Zone,78.01,685.6,1133.83,65.38,99.67,80.0% of closes stayed inside the range | Range width 65.4% | Currently 99.7% through the range,23.43,11.73,8.74,9.72,37.44,93.23,6.56,2.17,1.91,334.5,105.02,257.45,143.08,19.086,13.3748,2.0866,11.0,0.559,4294.57,20.46,Capital Goods / Infra,13.0,20.0,20.0,17.0,15.0,85.0,1.0,"Strong ROE, Cash covers debt",,5.0,90.0,Strong order-book-driven revenue growth,49.69,0.0,,81.45,High Conviction,"Above 50 DMA, Above 200 DMA, Healthy RSI momentum, Near 52W high momentum, Volume expansion, Strong ROE, Cash covers debt, Strong 1M absolute return, Strong 3M absolute return, Strong 6M absolute return, 1M Nifty outperformance, 3M Nifty outperformance, 6M Nifty outperformance, Positive across 1M/3M/6M, 80.0% of closes stayed inside the range | Range width 65.4% | Currently 99.7% through the range"
DOLATALGO,Financial Services,Capital Markets,102.36,2.24,38.99,104.5,162.55,2.05,72.26,78.36,61.7,1592358.1,1569088.0,0.99,Bullish,57.0,"Above 50 DMA, Above 200 DMA, Strong but overbought RSI, Near 52W high momentum, Strong positive day move",50.04,59.28,67.56,2.42,3.69,13.36,47.62,55.59,54.2,100.0,"Strong 1M absolute return, Strong 3M absolute return, Strong 6M absolute return, 1M Nifty outperformance, 3M Nifty outperformance, 6M Nifty outperformance, Positive across 1M/3M/6M",10.0,Profit Booking Zone,78.62,60.39,86.64,43.46,100.0,80.0% of closes stayed inside the range | Range width 43.5% | Currently 100.0% through the range,19.86,16.81,61.67,46.83,37.12,35.64,10.62,3.19,,7.2,84.1,24.46,20.97,8.9022,,1.1357,14.0,0.072,1281.63,100.0,Financial Services,23.0,20.0,14.0,17.0,12.0,86.0,0.93,Strong ROE,,6.0,92.0,Strong ROE for a leveraged-balance-sheet business,52.42,0.0,,79.31,High Conviction,"Above 50 DMA, Above 200 DMA, Strong but overbought RSI, Near 52W high momentum, Strong positive day move, Strong ROE, Strong 1M absolute return, Strong 3M absolute return, Strong 6M absolute return, 1M Nifty outperformance, 3M Nifty outperformance, 6M Nifty outperformance, Positive across 1M/3M/6M, 80.0% of closes stayed inside the range | Range width 43.5% | Currently 100.0% through the range"
AURIONPRO,Technology,Software - Application,1333.93,5.0,143.96,1333.93,826.61,0.0,73.97,1083.73,847.39,44657.0,41878.0,0.94,Bullish,57.0,"Above 50 DMA, Above 200 DMA, Strong but overbought RSI, Near 52W high momentum, Strong positive day move",45.55,17.03,88.26,2.42,3.69,13.36,43.13,13.34,74.9,95.0,"Strong 1M absolute return, Positive 3M return, Strong 6M absolute return, 1M Nifty outperformance, 3M Nifty outperformance, 6M Nifty outperformance, Positive across 1M/3M/6M",23.08,Profit Booking Zone,79.97,872.69,1173.03,34.42,100.0,80.0% of closes stayed inside the range | Range width 34.4% | Currently 100.0% through the range,15.16,10.08,19.71,15.88,34.6,44.84,8.74,2.2,2.12,249.67,81.25,163.63,131.3,18.9046,13.8474,2.1915,85.0,-0.164,3906.91,26.89,IT / Technology,18.0,20.0,20.0,17.0,15.0,90.0,1.0,Cash covers debt,,5.0,95.0,Strong operating margin,52.93,0.0,,79.19,High Conviction,"Above 50 DMA, Above 200 DMA, Strong but overbought RSI, Near 52W high momentum, Strong positive day move, Cash covers debt, Strong 1M absolute return, Positive 3M return, Strong 6M absolute return, 1M Nifty outperformance, 3M Nifty outperformance, 6M Nifty outperformance, Positive across 1M/3M/6M, 80.0% of closes stayed inside the range | Range width 34.4% | Currently 100.0% through the range"
CONCORDBIO,Healthcare,Biotechnology,1584.86,1.9,884.07,1630.54,79.27,2.8,65.92,1451.62,,125074.25,134813.0,1.08,Bullish,55.0,"Above 50 DMA, Healthy RSI momentum, Near 52W high momentum, Normal volume support, Positive day move",10.79,16.25,35.55,2.42,3.69,13.36,8.37,12.56,22.19,95.0,"Strong 1M absolute return, Positive 3M return, Strong 6M absolute return, 1M Nifty outperformance, 3M Nifty outperformance, 6M Nifty outperformance, Positive across 1M/3M/6M",15.0,Profit Booking Zone,81.43,1235.06,1505.46,21.89,100.0,80.0% of closes stayed inside the range | Range width 21.9% | Currently 100.0% through the range,20.18,18.12,38.7,30.87,20.16,28.33,0.64,6.3,4.84,15.14,9.74,265.47,179.78,50.9845,34.8171,7.6818,51.0,0.355,15494.71,64.56,IT / Technology,23.0,18.0,20.0,17.0,7.0,85.0,1.0,"Strong ROE, Cash covers debt",,10.0,95.0,"Strong ROE for an asset-light business, Strong operating margin",54.11,0.0,,78.87,High Conviction,"Above 50 DMA, Healthy RSI momentum, Near 52W high momentum, Normal volume support, Positive day move, Strong ROE, Cash covers debt, Strong 1M absolute return, Positive 3M return, Strong 6M absolute return, 1M Nifty outperformance, 3M Nifty outperformance, 6M Nifty outperformance, Positive across 1M/3M/6M, 80.0% of closes stayed inside the range | Range width 21.9% | Currently 100.0% through the range"
ANUP,Industrials,Specialty Industrial Machinery,1783.75,1.62,386.79,1960.63,361.17,9.02,74.36,1475.65,1228.41,46458.6,83168.0,1.79,Bullish,62.0,"Above 50 DMA, Above 200 DMA, Strong but overbought RSI, Near 52W high momentum, Volume expansion, Positive day move",20.12,29.32,71.48,2.42,3.69,13.36,17.7,25.63,58.12,100.0,"Strong 1M absolute return, Strong 3M absolute return, Strong 6M absolute return, 1M Nifty outperformance, 3M Nifty outperformance, 6M Nifty outperformance, Positive across 1M/3M/6M",10.32,Breakout Watch,81.65,1228.51,1599.95,30.24,100.0,80.0% of closes stayed inside the range | Range width 30.2% | Currently 100.0% through the range | Above upper band on elevated volume,19.58,12.8,20.08,19.15,33.74,101.2,3.84,1.86,1.2,17.75,20.28,169.38,126.47,42.7165,27.8284,5.2194,67.0,0.023,3606.67,51.05,Capital Goods / Infra,22.0,20.0,15.0,17.0,9.0,83.0,1.0,Strong ROE,,5.0,88.0,Strong order-book-driven revenue growth,49.69,0.0,,78.75,High Conviction,"Above 50 DMA, Above 200 DMA, Strong but overbought RSI, Near 52W high momentum, Volume expansion, Positive day move, Strong ROE, Strong 1M absolute return, Strong 3M absolute return, Strong 6M absolute return, 1M Nifty outperformance, 3M Nifty outperformance, 6M Nifty outperformance, Positive across 1M/3M/6M, 80.0% of closes stayed inside the range | Range width 30.2% | Currently 100.0% through the range | Above upper band on elevated volume"
CAMS,Technology,Information Technology Services,625.16,0.62,379.51,633.08,64.73,1.25,60.71,575.98,506.98,2337061.5,1218155.0,0.52,Bullish,65.0,"Above 50 DMA, Above 200 DMA, Healthy RSI momentum, Near 52W high momentum, Positive day move",15.07,15.87,31.57,2.42,3.69,13.36,12.65,12.18,18.21,95.0,"Strong 1M absolute return, Positive 3M return, Strong 6M absolute return, 1M Nifty outperformance, 3M Nifty outperformance, 6M Nifty outperformance, Positive across 1M/3M/6M",23.08,Profit Booking Zone,82.46,462.32,596.56,29.04,100.0,80.0% of closes stayed inside the range | Range width 29.0% | Currently 100.0% through the range,38.67,25.01,38.24,31.12,16.95,23.98,10.53,3.25,,6.74,96.31,401.49,363.12,37.3164,29.1638,14.3056,1.73,0.21,18920.27,66.45,IT / Technology,25.0,16.0,14.0,17.0,6.0,78.0,0.93,Strong ROE,,10.0,88.0,"Strong ROE for an asset-light business, Strong operating margin",52.93,0.0,,78.74,High Conviction,"Above 50 DMA, Above 200 DMA, Healthy RSI momentum, Near 52W high momentum, Positive day move, Strong ROE, Strong 1M absolute return, Positive 3M return, Strong 6M absolute return, 1M Nifty outperformance, 3M Nifty outperformance, 6M Nifty outperformance, Positive across 1M/3M/6M, 80.0% of closes stayed inside the range | Range width 29.0% | Currently 100.0% through the range"
CDSL,Financial Services,Capital Markets,1025.53,4.66,423.05,1031.72,142.41,0.6,71.22,905.25,769.68,6754601.1,10598344.0,1.57,Bullish,67.0,"Above 50 DMA, Above 200 DMA, Strong but overbought RSI, Near 52W high momentum, Volume expansion, Strong positive day move",27.05,13.99,53.74,2.42,3.69,13.36,24.63,10.3,40.38,95.0,"Strong 1M absolute return, Positive 3M return, Strong 6M absolute return, 1M Nifty outperformance, 3M Nifty outperformance, 6M Nifty outperformance, Positive across 1M/3M/6M",21.25,Breakout Watch,84.94,816.05,940.84,15.29,100.0,80.0% of closes stayed inside the range | Range width 15.3% | Currently 100.0% through the range | Above upper band on elevated volume,28.64,23.52,56.9,51.6,46.33,51.88,0.09,3.33,,11.81,1.36,385.94,312.49,62.4867,47.5629,15.0871,90.0,0.388,29567.23,100.0,Financial Services,25.0,20.0,17.0,17.0,5.0,84.0,0.93,"Strong ROE, Cash covers debt",,2.0,86.0,"Strong ROE for a leveraged-balance-sheet business, Expensive relative to book value for this sector",52.42,0.0,,78.46,High Conviction,"Above 50 DMA, Above 200 DMA, Strong but overbought RSI, Near 52W high momentum, Volume expansion, Strong positive day move, Strong ROE, Cash covers debt, Strong 1M absolute return, Positive 3M return, Strong 6M absolute return, 1M Nifty outperformance, 3M Nifty outperformance, 6M Nifty outperformance, Positive across 1M/3M/6M, 80.0% of closes stayed inside the range | Range width 15.3% | Currently 100.0% through the range | Above upper band on elevated volume"
AJMERA,Real Estate,Real Estate - Development,165.13,1.47,45.75,170.81,260.97,3.33,64.44,145.19,97.84,1031186.25,614765.0,0.6,Bullish,65.0,"Above 50 DMA, Above 200 DMA, Healthy RSI momentum, Near 52W high momentum, Positive day move",20.78,65.16,103.69,2.42,3.69,13.36,18.36,61.47,90.33,100.0,"Strong 1M absolute return, Strong 3M absolute return, Strong 6M absolute return, 1M Nifty outperformance, 3M Nifty outperformance, 6M Nifty outperformance, Positive across 1M/3M/6M",17.86,Profit Booking Zone,73.57,79.49,149.68,88.3,100.0,80.0% of closes stayed inside the range | Range width 88.3% | Currently 100.0% through the range,11.88,5.24,28.51,14.69,62.36,43.84,93.38,10.21,2.96,73.65,808.41,219.74,217.06,14.9377,5.9,1.6495,85.0,0.56,2310.58,32.37,Cement / Realty,15.0,20.0,12.0,17.0,15.0,79.0,1.0,,,0.0,79.0,,61.92,0.0,,78.19,High Conviction,"Above 50 DMA, Above 200 DMA, Healthy RSI momentum, Near 52W high momentum, Positive day move, Strong 1M absolute return, Strong 3M absolute return, Strong 6M absolute return, 1M Nifty outperformance, 3M Nifty outperformance, 6M Nifty outperformance, Positive across 1M/3M/6M, 80.0% of closes stayed inside the range | Range width 88.3% | Currently 100.0% through the range"
ARE&M,Industrials,Electrical Equipment & Parts,1132.1,11.41,459.49,1170.94,146.38,3.32,84.97,831.27,711.13,3141949.1,14337929.0,4.56,Bullish,72.0,"Above 50 DMA, Above 200 DMA, Strong but overbought RSI, Near 52W high momentum, Strong volume expansion, Strong positive day move",55.03,45.58,83.01,2.42,3.69,13.36,52.61,41.89,69.65,100.0,"Strong 1M absolute return, Strong 3M absolute return, Strong 6M absolute return, 1M Nifty outperformance, 3M Nifty outperformance, 6M Nifty outperformance, Positive across 1M/3M/6M",10.32,Breakout Watch,82.29,615.02,860.71,39.95,100.0,80.0% of closes stayed inside the range | Range width 39.9% | Currently 100.0% through the range | Above upper band on elevated volume,13.74,10.41,10.21,8.02,12.71,27.85,2.3,2.24,1.11,98.34,156.69,1266.02,394.57,18.3025,15.7433,2.0821,1.16,0.822,16863.04,31.52,Capital Goods / Infra,14.0,15.0,16.0,17.0,14.0,76.0,1.0,,,0.0,76.0,,49.69,0.0,,77.05,High Conviction,"Above 50 DMA, Above 200 DMA, Strong but overbought RSI, Near 52W high momentum, Strong volume expansion, Strong positive day move, Strong 1M absolute return, Strong 3M absolute return, Strong 6M absolute return, 1M Nifty outperformance, 3M Nifty outperformance, 6M Nifty outperformance, Positive across 1M/3M/6M, 80.0% of closes stayed inside the range | Range width 39.9% | Currently 100.0% through the range | Above upper band on elevated volume"
ADVANIHOTR,Consumer Cyclical,Lodging,75.98,2.25,30.01,85.03,153.16,10.64,53.6,74.29,53.57,345510.45,177303.0,0.51,Bullish,70.0,"Above 50 DMA, Above 200 DMA, Healthy RSI momentum, Near 52W high momentum, Strong positive day move",7.91,46.02,56.34,2.42,3.69,13.36,5.49,42.33,42.98,98.0,"Positive 1M return, Strong 3M absolute return, Strong 6M absolute return, 1M Nifty outperformance, 3M Nifty outperformance, 6M Nifty outperformance, Positive across 1M/3M/6M",6.76,Profit Booking Zone,78.22,47.43,76.72,61.77,97.47,80.0% of closes stayed inside the range | Range width 61.8% | Currently 97.5% through the range,34.72,24.96,31.73,25.77,5.58,-12.75,2.75,2.51,2.45,2.96,1.98,29.23,25.17,20.1653,,0.8952,5.4,-0.027,462.28,59.9,Consumer Discretionary,25.0,2.0,20.0,17.0,10.0,74.0,1.0,"Strong ROE, Cash covers debt",Earnings contraction,4.0,78.0,"General quality ROE, General low-debt support",41.86,0.0,,75.58,High Conviction,"Above 50 DMA, Above 200 DMA, Healthy RSI momentum, Near 52W high momentum, Strong positive day move, Strong ROE, Cash covers debt, Positive 1M return, Strong 3M absolute return, Strong 6M absolute return, 1M Nifty outperformance, 3M Nifty outperformance, 6M Nifty outperformance, Positive across 1M/3M/6M, 80.0% of closes stayed inside the range | Range width 61.8% | Currently 97.5% through the range"
BBL,Industrials,Electrical Equipment & Parts,3290.84,-0.08,854.21,3390.4,285.25,2.94,65.37,2873.79,2153.51,93468.4,132442.0,1.42,Bullish,70.0,"Above 50 DMA, Above 200 DMA, Healthy RSI momentum, Near 52W high momentum, Volume expansion",30.94,53.68,80.14,2.42,3.69,13.36,28.52,49.99,66.78,100.0,"Strong 1M absolute return, Strong 3M absolute return, Strong 6M absolute return, 1M Nifty outperformance, 3M Nifty outperformance, 6M Nifty outperformance, Positive across 1M/3M/6M",10.32,Breakout Watch,76.71,1783.14,3109.78,74.4,100.0,80.0% of closes stayed inside the range | Range width 74.4% | Currently 100.0% through the range | Above upper band on elevated volume,7.05,5.25,8.67,7.06,32.55,57.94,8.49,1.69,1.18,22.49,158.43,241.06,207.03,23.8624,55.5142,1.3142,1.48,0.552,2666.18,23.35,Capital Goods / Infra,5.0,20.0,15.0,17.0,9.0,66.0,1.0,,,5.0,71.0,Strong order-book-driven revenue growth,49.69,0.0,,74.8,Strong,"Above 50 DMA, Above 200 DMA, Healthy RSI momentum, Near 52W high momentum, Volume expansion, Strong 1M absolute return, Strong 3M absolute return, Strong 6M absolute return, 1M Nifty outperformance, 3M Nifty outperformance, 6M Nifty outperformance, Positive across 1M/3M/6M, 80.0% of closes stayed inside the range | Range width 74.4% | Currently 100.0% through the range | Above upper band on elevated volume"
DATAPATTNS,Industrials,Aerospace & Defense,2867.8,-0.7,986.98,3057.87,190.56,6.22,61.75,2418.15,2107.15,477211.55,238442.0,0.5,Bullish,60.0,"Above 50 DMA, Above 200 DMA, Healthy RSI momentum, Near 52W high momentum",28.12,46.17,44.81,2.42,3.69,13.36,25.7,42.48,31.45,100.0,"Strong 1M absolute return, Strong 3M absolute return, Strong 6M absolute return, 1M Nifty outperformance, 3M Nifty outperformance, 6M Nifty outperformance, Positive across 1M/3M/6M",10.32,Profit Booking Zone,78.97,1841.1,2675.85,45.34,100.0,80.0% of closes stayed inside the range | Range width 45.3% | Currently 100.0% through the range,13.72,10.74,39.7,34.95,14.63,46.54,0.26,4.0,3.24,88.13,3.5,139.38,52.18,96.2097,57.128,14.9147,22.0,0.538,25891.46,62.25,Capital Goods / Infra,20.0,15.0,20.0,17.0,5.0,77.0,1.0,Cash covers debt,Very high PE,0.0,77.0,,49.69,0.0,,74.4,Strong,"Above 50 DMA, Above 200 DMA, Healthy RSI momentum, Near 52W high momentum, Cash covers debt, Strong 1M absolute return, Strong 3M absolute return, Strong 6M absolute return, 1M Nifty outperformance, 3M Nifty outperformance, 6M Nifty outperformance, Positive across 1M/3M/6M, 80.0% of closes stayed inside the range | Range width 45.3% | Currently 100.0% through the range"
ACE,Industrials,Farm & Heavy Construction Machinery,1501.96,-0.17,246.23,1688.72,509.97,11.06,58.17,1323.04,905.14,652515.25,264027.0,0.4,Bullish,60.0,"Above 50 DMA, Above 200 DMA, Healthy RSI momentum, Near 52W high momentum",18.11,67.21,114.08,2.42,3.69,13.36,15.69,63.52,100.72,100.0,"Strong 1M absolute return, Strong 3M absolute return, Strong 6M absolute return, 1M Nifty outperformance, 3M Nifty outperformance, 6M Nifty outperformance, Positive across 1M/3M/6M",10.32,Profit Booking Zone,74.36,812.43,1430.25,76.05,100.0,80.0% of closes stayed inside the range | Range width 76.0% | Currently 100.0% through the range,26.68,15.13,13.82,11.28,34.87,91.24,0.36,1.38,0.78,48.21,4.46,433.42,258.37,31.0875,24.2166,6.7496,18.0,0.388,13576.32,32.23,Capital Goods / Infra,19.0,20.0,14.0,17.0,9.0,79.0,1.0,"Strong ROE, Cash covers debt",,5.0,84.0,Strong order-book-driven revenue growth,49.69,3.0,Low volume participation,73.85,Strong,"Above 50 DMA, Above 200 DMA, Healthy RSI momentum, Near 52W high momentum, Strong ROE, Cash covers debt, Strong 1M absolute return, Strong 3M absolute return, Strong 6M absolute return, 1M Nifty outperformance, 3M Nifty outperformance, 6M Nifty outperformance, Positive across 1M/3M/6M, 80.0% of closes stayed inside the range | Range width 76.0% | Currently 100.0% through the range"
CASTROLIND,Energy,Oil & Gas Refining & Marketing,182.31,0.1,87.43,201.61,108.52,9.57,52.86,175.88,139.11,6055061.1,2558580.0,0.42,Bullish,65.0,"Above 50 DMA, Above 200 DMA, Healthy RSI momentum, Near 52W high momentum, Positive day move",8.97,26.97,46.11,2.42,3.69,13.36,6.55,23.28,32.75,98.0,"Positive 1M return, Strong 3M absolute return, Strong 6M absolute return, 1M Nifty outperformance, 3M Nifty outperformance, 6M Nifty outperformance, Positive across 1M/3M/6M",33.33,Profit Booking Zone,78.16,115.6,182.32,57.72,99.99,80.0% of closes stayed inside the range | Range width 57.7% | Currently 100.0% through the range,40.73,25.27,21.95,17.1,6.18,6.01,3.63,1.91,1.47,493.21,76.95,853.04,757.5,17.2637,15.6731,9.6129,6.75,0.314,18322.5,49.34,Energy / Utilities,23.0,4.0,18.0,17.0,11.0,73.0,1.0,"Strong ROE, Cash covers debt",,4.0,77.0,"General quality ROE, General low-debt support",59.29,3.0,Low volume participation,73.59,Strong,"Above 50 DMA, Above 200 DMA, Healthy RSI momentum, Near 52W high momentum, Positive day move, Strong ROE, Cash covers debt, Positive 1M return, Strong 3M absolute return, Strong 6M absolute return, 1M Nifty outperformance, 3M Nifty outperformance, 6M Nifty outperformance, Positive across 1M/3M/6M, 80.0% of closes stayed inside the range | Range width 57.7% | Currently 100.0% through the range"
BIOFILCHEM,Healthcare,Drug Manufacturers - Specialty & Generic,72.15,-3.22,39.3,79.0,83.59,8.67,59.9,66.08,54.72,117378.45,315094.0,2.68,Bullish,75.0,"Above 50 DMA, Above 200 DMA, Healthy RSI momentum, Near 52W high momentum, Strong volume expansion",22.18,30.0,42.87,2.42,3.69,13.36,19.76,26.31,29.51,100.0,"Strong 1M absolute return, Strong 3M absolute return, Strong 6M absolute return, 1M Nifty outperformance, 3M Nifty outperformance, 6M Nifty outperformance, Positive across 1M/3M/6M",7.5,Profit Booking Zone,82.42,48.94,70.13,43.3,100.0,80.0% of closes stayed inside the range | Range width 43.3% | Currently 100.0% through the range,3.9,1.51,1.04,1.77,33.29,26.55,2.41,1.35,1.26,2.28,0.44,2.39,2.37,109.7667,,2.4926,,0.572,53.59,7.17,Pharma / Healthcare,0.0,20.0,16.0,17.0,4.0,57.0,0.93,Cash covers debt,Very high PE,2.0,59.0,General low-debt support,54.11,0.0,,72.52,Strong,"Above 50 DMA, Above 200 DMA, Healthy RSI momentum, Near 52W high momentum, Strong volume expansion, Cash covers debt, Strong 1M absolute return, Strong 3M absolute return, Strong 6M absolute return, 1M Nifty outperformance, 3M Nifty outperformance, 6M Nifty outperformance, Positive across 1M/3M/6M, 80.0% of closes stayed inside the range | Range width 43.3% | Currently 100.0% through the range"
ARVSMART,Real Estate,Real Estate - Development,686.25,1.54,209.2,737.38,228.04,6.93,60.2,614.28,435.93,186176.8,72412.0,0.39,Bullish,65.0,"Above 50 DMA, Above 200 DMA, Healthy RSI momentum, Near 52W high momentum, Positive day move",15.48,47.17,102.82,2.42,3.69,13.36,13.06,43.48,89.46,100.0,"Strong 1M absolute return, Strong 3M absolute return, Strong 6M absolute return, 1M Nifty outperformance, 3M Nifty outperformance, 6M Nifty outperformance, Positive across 1M/3M/6M",17.86,Profit Booking Zone,72.77,344.38,666.95,93.67,100.0,80.0% of closes stayed inside the range | Range width 93.7% | Currently 100.0% through the range,8.41,1.98,32.48,12.59,34.37,62.34,22.29,1.24,0.26,58.65,110.22,30.5,14.57,16.4241,18.9839,4.4771,34.0,0.293,3033.64,70.83,Cement / Realty,13.0,20.0,9.0,17.0,10.0,69.0,1.0,,,2.0,71.0,General low-debt support,61.92,3.0,Low volume participation,72.39,Strong,"Above 50 DMA, Above 200 DMA, Healthy RSI momentum, Near 52W high momentum, Positive day move, Strong 1M absolute return, Strong 3M absolute return, Strong 6M absolute return, 1M Nifty outperformance, 3M Nifty outperformance, 6M Nifty outperformance, Positive across 1M/3M/6M, 80.0% of closes stayed inside the range | Range width 93.7% | Currently 100.0% through the range"
ABSLAMC,Financial Services,Asset Management,493.69,3.69,282.26,500.12,74.91,1.28,69.89,455.37,415.99,305294.15,1030967.0,3.38,Bullish,85.0,"Above 50 DMA, Above 200 DMA, Healthy RSI momentum, Near 52W high momentum, Strong volume expansion, Strong positive day move",16.33,9.66,17.87,2.42,3.69,13.36,13.91,5.97,4.51,55.0,"Strong 1M absolute return, Positive 3M return, Positive 6M return, 1M Nifty outperformance, Positive across 1M/3M/6M",51.25,Breakout Watch,88.95,417.35,474.8,13.77,100.0,80.0% of closes stayed inside the range | Range width 13.8% | Currently 100.0% through the range | Above upper band on elevated volume,24.63,22.28,53.79,57.67,10.32,30.85,2.5,9.92,,39.1,79.09,684.84,654.23,30.1641,24.0324,7.488,2.44,0.361,30321.88,76.51,Financial Services,23.0,15.0,14.0,17.0,9.0,78.0,0.93,Strong ROE,,2.0,80.0,"Strong ROE for a leveraged-balance-sheet business, Expensive relative to book value for this sector",52.42,0.0,,70.86,Strong,"Above 50 DMA, Above 200 DMA, Healthy RSI momentum, Near 52W high momentum, Strong volume expansion, Strong positive day move, Strong ROE, Strong 1M absolute return, Positive 3M return, Positive 6M return, 1M Nifty outperformance, Positive across 1M/3M/6M, 80.0% of closes stayed inside the range | Range width 13.8% | Currently 100.0% through the range | Above upper band on elevated volume"
CUBEXTUB,Basic Materials,Copper,121.5,4.97,24.25,121.5,401.03,0.0,74.77,93.83,62.49,24156.85,41304.0,1.71,Bullish,67.0,"Above 50 DMA, Above 200 DMA, Strong but overbought RSI, Near 52W high momentum, Volume expansion, Strong positive day move",18.54,82.43,118.33,2.42,3.69,13.36,16.12,78.74,104.97,100.0,"Strong 1M absolute return, Strong 3M absolute return, Strong 6M absolute return, 1M Nifty outperformance, 3M Nifty outperformance, 6M Nifty outperformance, Positive across 1M/3M/6M",5.0,Breakout Watch,76.14,58.77,102.26,74.0,100.0,80.0% of closes stayed inside the range | Range width 74.0% | Currently 100.0% through the range | Above upper band on elevated volume,5.76,3.8,2.51,1.81,15.57,50.6,21.78,2.25,1.8,3.83,15.07,3.43,2.38,14.6888,,1.3305,,0.923,110.84,2.87,Metals / Mining,0.0,18.0,15.0,17.0,10.0,60.0,0.93,,,2.0,62.0,General low-debt support,45.97,0.0,,70.35,Strong,"Above 50 DMA, Above 200 DMA, Strong but overbought RSI, Near 52W high momentum, Volume expansion, Strong positive day move, Strong 1M absolute return, Strong 3M absolute return, Strong 6M absolute return, 1M Nifty outperformance, 3M Nifty outperformance, 6M Nifty outperformance, Positive across 1M/3M/6M, 80.0% of closes stayed inside the range | Range width 74.0% | Currently 100.0% through the range | Above upper band on elevated volume"
DHANUKA,Basic Materials,Agricultural Inputs,1366.2,3.88,595.03,1389.5,129.6,1.68,81.97,1080.53,936.8,57285.05,103584.0,1.81,Bullish,67.0,"Above 50 DMA, Above 200 DMA, Strong but overbought RSI, Near 52W high momentum, Volume expansion, Strong positive day move",45.27,9.82,65.69,2.42,3.69,13.36,42.85,6.13,52.33,80.0,"Strong 1M absolute return, Positive 3M return, Strong 6M absolute return, 1M Nifty outperformance, 6M Nifty outperformance, Positive across 1M/3M/6M",16.67,Breakout Watch,81.03,844.01,1193.15,41.37,100.0,80.0% of closes stayed inside the range | Range width 41.4% | Currently 100.0% through the range | Above upper band on elevated volume,19.04,15.14,16.59,13.8,3.0,2.39,2.15,3.69,2.19,0.51,26.98,134.46,45.12,16.5834,13.4172,2.6161,20.0,0.327,4351.29,40.21,General,19.0,2.0,17.0,17.0,15.0,70.0,1.0,Strong ROE,,4.0,74.0,"General quality ROE, General low-debt support",45.97,0.0,,69.55,Strong,"Above 50 DMA, Above 200 DMA, Strong but overbought RSI, Near 52W high momentum, Volume expansion, Strong positive day move, Strong ROE, Strong 1M absolute return, Positive 3M return, Strong 6M absolute return, 1M Nifty outperformance, 6M Nifty outperformance, Positive across 1M/3M/6M, 80.0% of closes stayed inside the range | Range width 41.4% | Currently 100.0% through the range | Above upper band on elevated volume"
ADVENZYMES,Basic Materials,Specialty Chemicals,372.52,1.59,213.46,410.46,74.51,9.24,64.7,361.97,331.34,182852.65,224002.0,1.23,Bullish,70.0,"Above 50 DMA, Above 200 DMA, Healthy RSI momentum, Near 52W high momentum, Normal volume support, Positive day move",12.87,5.74,15.59,2.42,3.69,13.36,10.45,2.05,2.23,55.0,"Strong 1M absolute return, Positive 3M return, Positive 6M return, 1M Nifty outperformance, Positive across 1M/3M/6M",31.67,Profit Booking Zone,84.25,311.18,374.83,20.46,96.37,80.0% of closes stayed inside the range | Range width 20.5% | Currently 96.4% through the range,10.07,8.68,27.72,21.38,15.38,26.19,3.57,7.61,6.22,113.75,47.31,141.37,94.06,20.1208,16.2935,2.0562,85.0,0.695,3338.09,72.39,Chemicals,18.0,18.0,20.0,17.0,13.0,86.0,1.0,Cash covers debt,,2.0,88.0,General low-debt support,45.97,0.0,,68.95,Strong,"Above 50 DMA, Above 200 DMA, Healthy RSI momentum, Near 52W high momentum, Normal volume support, Positive day move, Cash covers debt, Strong 1M absolute return, Positive 3M return, Positive 6M return, 1M Nifty outperformance, Positive across 1M/3M/6M, 80.0% of closes stayed inside the range | Range width 20.5% | Currently 96.4% through the range"
CEMPRO,Industrials,Engineering & Construction,355.82,-1.21,92.1,371.88,286.36,4.32,61.65,331.34,258.36,593455.4,392577.0,0.66,Bullish,60.0,"Above 50 DMA, Above 200 DMA, Healthy RSI momentum, Near 52W high momentum",18.69,21.67,66.16,2.42,3.69,13.36,16.27,17.98,52.8,100.0,"Strong 1M absolute return, Strong 3M absolute return, Strong 6M absolute return, 1M Nifty outperformance, 3M Nifty outperformance, 6M Nifty outperformance, Positive across 1M/3M/6M",10.32,Profit Booking Zone,77.88,227.16,346.61,52.58,100.0,80.0% of closes stayed inside the range | Range width 52.6% | Currently 100.0% through the range,18.33,4.63,7.69,3.55,51.61,120.32,59.52,1.08,0.92,608.77,889.12,704.34,347.94,35.7111,21.5114,9.0783,24.0,0.849,21784.38,26.77,Capital Goods / Infra,6.0,20.0,6.0,17.0,7.0,56.0,1.0,Strong ROE,,5.0,61.0,Strong order-book-driven revenue growth,49.69,0.0,,68.8,Strong,"Above 50 DMA, Above 200 DMA, Healthy RSI momentum, Near 52W high momentum, Strong ROE, Strong 1M absolute return, Strong 3M absolute return, Strong 6M absolute return, 1M Nifty outperformance, 3M Nifty outperformance, 6M Nifty outperformance, Positive across 1M/3M/6M, 80.0% of closes stayed inside the range | Range width 52.6% | Currently 100.0% through the range"
AUSOMENT,Financial Services,Capital Markets,93.8,8.07,52.43,105.85,78.91,11.39,57.1,88.77,75.59,45445.7,94683.0,2.08,Bullish,85.0,"Above 50 DMA, Above 200 DMA, Healthy RSI momentum, Near 52W high momentum, Strong volume expansion, Strong positive day move",22.85,13.73,0.79,2.42,3.69,13.36,20.43,10.04,-12.57,70.0,"Strong 1M absolute return, Positive 3M return, Positive 6M return, 1M Nifty outperformance, 3M Nifty outperformance, Positive across 1M/3M/6M",33.75,Profit Booking Zone,84.88,66.49,93.71,40.92,100.0,80.0% of closes stayed inside the range | Range width 40.9% | Currently 100.0% through the range,7.33,7.03,0.57,0.95,444.62,660.91,2.64,6.62,6.56,0.57,3.3,52.86,52.86,8.1406,,1.2513,68.0,0.449,201.96,1.08,Financial Services,2.0,20.0,17.0,17.0,12.0,68.0,1.0,,,-5.0,63.0,Weak ROE for a leveraged-balance-sheet business,52.42,0.0,,68.66,Strong,"Above 50 DMA, Above 200 DMA, Healthy RSI momentum, Near 52W high momentum, Strong volume expansion, Strong positive day move, Strong 1M absolute return, Positive 3M return, Positive 6M return, 1M Nifty outperformance, 3M Nifty outperformance, Positive across 1M/3M/6M, 80.0% of closes stayed inside the range | Range width 40.9% | Currently 100.0% through the range"
DRCSYSTEMS,Technology,Information Technology Services,19.35,-1.28,8.57,23.37,125.88,17.19,49.75,20.09,15.93,2359712.5,159259.0,0.07,Bearish,27.0,"Above 200 DMA, RSI recovering",14.5,15.18,43.33,2.42,3.69,13.36,12.08,11.49,29.97,95.0,"Strong 1M absolute return, Positive 3M return, Strong 6M absolute return, 1M Nifty outperformance, 3M Nifty outperformance, 6M Nifty outperformance, Positive across 1M/3M/6M",23.08,Neutral Range,64.98,13.55,21.91,61.76,69.4,80.0% of closes stayed inside the range | Range width 61.8% | Currently 69.4% through the range,24.37,14.83,25.86,24.44,86.08,74.09,1.57,1.03,,4.14,0.75,27.8,3.31,8.7055,,1.6272,,0.614,183.13,35.54,IT / Technology,23.0,20.0,14.0,17.0,10.0,84.0,0.86,"Strong ROE, Cash covers debt",,10.0,94.0,"Strong ROE for an asset-light business, Strong operating margin",52.93,3.0,Low volume participation,68.34,Strong,"Above 200 DMA, RSI recovering, Strong ROE, Cash covers debt, Strong 1M absolute return, Positive 3M return, Strong 6M absolute return, 1M Nifty outperformance, 3M Nifty outperformance, 6M Nifty outperformance, Positive across 1M/3M/6M, 80.0% of closes stayed inside the range | Range width 61.8% | Currently 69.4% through the range"
BEML,Industrials,Conglomerates,1736.15,1.7,554.57,2041.83,213.06,14.97,66.88,1569.7,1265.77,625973.5,489080.0,0.78,Bullish,65.0,"Above 50 DMA, Above 200 DMA, Healthy RSI momentum, Near 52W high momentum, Positive day move",22.59,14.15,45.85,2.42,3.69,13.36,20.17,10.46,32.49,95.0,"Strong 1M absolute return, Positive 3M return, Strong 6M absolute return, 1M Nifty outperformance, 3M Nifty outperformance, 6M Nifty outperformance, Positive across 1M/3M/6M",22.22,Profit Booking Zone,77.9,1067.91,1702.89,59.46,100.0,80.0% of closes stayed inside the range | Range width 59.5% | Currently 100.0% through the range,10.56,5.18,9.79,7.11,4.36,78.45,2.66,2.46,1.27,8.02,70.9,457.71,356.51,92.5793,27.4347,5.635,65.0,0.676,16532.03,46.85,Capital Goods / Infra,7.0,12.0,16.0,17.0,7.0,59.0,1.0,,Very high PE,0.0,59.0,,49.69,0.0,,68.1,Strong,"Above 50 DMA, Above 200 DMA, Healthy RSI momentum, Near 52W high momentum, Positive day move, Strong 1M absolute return, Positive 3M return, Strong 6M absolute return, 1M Nifty outperformance, 3M Nifty outperformance, 6M Nifty outperformance, Positive across 1M/3M/6M, 80.0% of closes stayed inside the range | Range width 59.5% | Currently 100.0% through the range"
ASHIANA,Real Estate,Real Estate - Development,370.98,1.1,125.82,392.49,194.85,5.48,72.04,302.46,248.05,548891.4,155603.0,0.28,Bullish,52.0,"Above 50 DMA, Above 200 DMA, Strong but overbought RSI, Near 52W high momentum, Positive day move",38.69,25.84,62.49,2.42,3.69,13.36,36.27,22.15,49.13,100.0,"Strong 1M absolute return, Strong 3M absolute return, Strong 6M absolute return, 1M Nifty outperformance, 3M Nifty outperformance, 6M Nifty outperformance, Positive across 1M/3M/6M",17.86,Profit Booking Zone,79.15,231.74,307.96,32.89,100.0,80.0% of closes stayed inside the range | Range width 32.9% | Currently 100.0% through the range,10.83,3.47,9.51,8.92,133.88,199.15,19.23,1.58,0.52,96.12,148.15,212.31,180.63,30.6567,21.4419,4.0718,68.0,0.414,3707.36,32.28,Cement / Realty,5.0,20.0,13.0,17.0,11.0,66.0,1.0,,,2.0,68.0,General low-debt support,61.92,3.0,Low volume participation,68.09,Strong,"Above 50 DMA, Above 200 DMA, Strong but overbought RSI, Near 52W high momentum, Positive day move, Strong 1M absolute return, Strong 3M absolute return, Strong 6M absolute return, 1M Nifty outperformance, 3M Nifty outperformance, 6M Nifty outperformance, Positive across 1M/3M/6M, 80.0% of closes stayed inside the range | Range width 32.9% | Currently 100.0% through the range"
DSSL,Technology,Information Technology Services,1352.74,-0.91,253.5,1466.95,433.63,7.79,72.4,902.34,707.39,352349.15,77309.0,0.22,Bullish,47.0,"Above 50 DMA, Above 200 DMA, Strong but overbought RSI, Near 52W high momentum",68.93,96.01,88.05,2.42,3.69,13.36,66.51,92.32,74.69,100.0,"Strong 1M absolute return, Strong 3M absolute return, Strong 6M absolute return, 1M Nifty outperformance, 3M Nifty outperformance, 6M Nifty outperformance, Positive across 1M/3M/6M",9.62,Profit Booking Zone,74.64,633.64,988.4,55.99,100.0,80.0% of closes stayed inside the range | Range width 56.0% | Currently 100.0% through the range,34.15,9.16,7.48,5.25,27.35,60.92,22.69,1.39,1.22,0.8,35.77,29.25,28.7,16.0333,,4.306,5.0,0.767,1362.74,12.87,IT / Technology,12.0,20.0,11.0,17.0,10.0,70.0,1.0,Strong ROE,,5.0,75.0,Strong ROE for an asset-light business,52.93,3.0,Low volume participation,67.94,Strong,"Above 50 DMA, Above 200 DMA, Strong but overbought RSI, Near 52W high momentum, Strong ROE, Strong 1M absolute return, Strong 3M absolute return, Strong 6M absolute return, 1M Nifty outperformance, 3M Nifty outperformance, 6M Nifty outperformance, Positive across 1M/3M/6M, 80.0% of closes stayed inside the range | Range width 56.0% | Currently 100.0% through the range"
CIEINDIA,Consumer Cyclical,Auto Parts,478.49,4.36,239.43,557.26,99.84,14.14,65.11,446.07,464.32,498490.25,2284216.0,4.58,Bullish,85.0,"Above 50 DMA, Above 200 DMA, Healthy RSI momentum, Near 52W high momentum, Strong volume expansion, Strong positive day move",14.71,1.1,4.51,2.42,3.69,13.36,12.29,-2.59,-8.85,55.0,"Strong 1M absolute return, Positive 3M return, Positive 6M return, 1M Nifty outperformance, Positive across 1M/3M/6M",25.0,Profit Booking Zone,89.42,427.68,473.32,10.67,100.0,80.0% of closes stayed inside the range | Range width 10.7% | Currently 100.0% through the range,18.79,11.53,12.79,12.77,7.09,926.31,14.29,1.01,0.64,209.54,855.41,1383.26,852.94,16.5023,13.6825,1.9106,1.8,,14793.24,53.4,Automobile,18.0,12.0,11.0,17.0,14.0,72.0,1.0,Strong ROE,,4.0,76.0,"General quality ROE, General low-debt support",41.86,0.0,,67.88,Strong,"Above 50 DMA, Above 200 DMA, Healthy RSI momentum, Near 52W high momentum, Strong volume expansion, Strong positive day move, Strong ROE, Strong 1M absolute return, Positive 3M return, Positive 6M return, 1M Nifty outperformance, Positive across 1M/3M/6M, 80.0% of closes stayed inside the range | Range width 10.7% | Currently 100.0% through the range"
BRIGADE,Real Estate,Real Estate - Development,745.96,2.63,319.48,824.71,133.49,9.55,57.5,715.11,572.64,692311.35,466643.0,0.67,Bullish,70.0,"Above 50 DMA, Above 200 DMA, Healthy RSI momentum, Near 52W high momentum, Strong positive day move",14.51,2.55,64.08,2.42,3.69,13.36,12.09,-1.14,50.72,80.0,"Strong 1M absolute return, Positive 3M return, Strong 6M absolute return, 1M Nifty outperformance, 6M Nifty outperformance, Positive across 1M/3M/6M",50.0,Profit Booking Zone,81.19,521.29,748.2,43.53,99.01,80.0% of closes stayed inside the range | Range width 43.5% | Currently 99.0% through the range,12.84,2.52,18.23,9.28,43.25,54.97,167.41,1.21,0.35,470.33,5886.43,333.98,65.43,33.2256,17.1705,30.7106,30.0,0.16,20947.78,52.99,Cement / Realty,12.0,20.0,2.0,17.0,9.0,60.0,1.0,,,0.0,60.0,,61.92,0.0,,67.79,Strong,"Above 50 DMA, Above 200 DMA, Healthy RSI momentum, Near 52W high momentum, Strong positive day move, Strong 1M absolute return, Positive 3M return, Strong 6M absolute return, 1M Nifty outperformance, 6M Nifty outperformance, Positive across 1M/3M/6M, 80.0% of closes stayed inside the range | Range width 43.5% | Currently 99.0% through the range"
CROWN,Industrials,Rental & Leasing Services,225.5,1.9,28.85,225.7,681.73,0.09,73.93,187.93,102.72,12076.1,11017.0,0.91,Bullish,52.0,"Above 50 DMA, Above 200 DMA, Strong but overbought RSI, Near 52W high momentum, Positive day move",16.9,90.05,265.94,2.42,3.69,13.36,14.48,86.36,252.58,100.0,"Strong 1M absolute return, Strong 3M absolute return, Strong 6M absolute return, 1M Nifty outperformance, 3M Nifty outperformance, 6M Nifty outperformance, Positive across 1M/3M/6M",10.32,Profit Booking Zone,69.09,71.4,212.87,198.11,100.0,80.0% of closes stayed inside the range | Range width 198.1% | Currently 100.0% through the range,15.27,5.07,29.33,19.6,45.77,41.37,80.34,3.63,3.63,19.27,28.98,55.68,-3.7,14.8196,,1.5235,,0.47,115.26,66.68,Capital Goods / Infra,18.0,20.0,12.0,9.0,10.0,69.0,0.93,,Negative free cash flow,5.0,74.0,Strong order-book-driven revenue growth,49.69,4.0,Negative free cash flow,67.35,Strong,"Above 50 DMA, Above 200 DMA, Strong but overbought RSI, Near 52W high momentum, Positive day move, Strong 1M absolute return, Strong 3M absolute return, Strong 6M absolute return, 1M Nifty outperformance, 3M Nifty outperformance, 6M Nifty outperformance, Positive across 1M/3M/6M, 80.0% of closes stayed inside the range | Range width 198.1% | Currently 100.0% through the range"
ALBERTDAVD,Healthcare,Drug Manufacturers - Specialty & Generic,1172.41,1.0,489.31,1573.36,139.61,25.48,55.75,1188.7,946.58,10939.45,6403.0,0.59,Bearish,40.0,"Above 200 DMA, Healthy RSI momentum, Positive day move",17.77,13.18,40.87,2.42,3.69,13.36,15.35,9.49,27.51,80.0,"Strong 1M absolute return, Positive 3M return, Strong 6M absolute return, 1M Nifty outperformance, 6M Nifty outperformance, Positive across 1M/3M/6M",25.0,Neutral Range,66.84,835.09,1358.37,62.66,64.46,80.0% of closes stayed inside the range | Range width 62.7% | Currently 64.5% through the range,19.69,15.14,11.4,20.93,5.96,108.49,0.87,3.75,3.31,5.44,3.32,45.5,34.63,22.7321,,1.3098,56.0,0.293,512.85,65.76,Pharma / Healthcare,20.0,12.0,20.0,17.0,10.0,79.0,1.0,"Strong ROE, Cash covers debt",,4.0,83.0,"General quality ROE, General low-debt support",54.11,0.0,,67.17,Strong,"Above 200 DMA, Healthy RSI momentum, Positive day move, Strong ROE, Cash covers debt, Strong 1M absolute return, Positive 3M return, Strong 6M absolute return, 1M Nifty outperformance, 6M Nifty outperformance, Positive across 1M/3M/6M, 80.0% of closes stayed inside the range | Range width 62.7% | Currently 64.5% through the range"
21STCENMGM,Financial Services,Capital Markets,52.34,1.5,15.98,52.59,227.58,0.46,79.86,45.77,28.83,9794.3,31856.0,3.25,Bullish,67.0,"Above 50 DMA, Above 200 DMA, Strong but overbought RSI, Near 52W high momentum, Strong volume expansion, Positive day move",26.14,49.52,185.22,2.42,3.69,13.36,23.72,45.83,171.86,100.0,"Strong 1M absolute return, Strong 3M absolute return, Strong 6M absolute return, 1M Nifty outperformance, 3M Nifty outperformance, 6M Nifty outperformance, Positive across 1M/3M/6M",10.0,Breakout Watch,73.21,18.09,48.81,169.81,100.0,80.8% of closes stayed inside the range | Range width 169.8% | Currently 100.0% through the range | Above upper band on elevated volume,60.4,57.9,83.79,92.04,358.52,278.11,0.0,20.38,16.29,3.76,0.0,-2.74,-2.77,,,1.3074,,0.504,43.22,0.0,Financial Services,25.0,20.0,20.0,0.0,4.0,69.0,0.86,"Strong ROE, Net cash position","Negative operating cash flow, Negative free cash flow",6.0,75.0,Strong ROE for a leveraged-balance-sheet business,52.42,9.0,"Negative operating cash flow, Negative free cash flow",66.86,Strong,"Above 50 DMA, Above 200 DMA, Strong but overbought RSI, Near 52W high momentum, Strong volume expansion, Positive day move, Strong ROE, Net cash position, Strong 1M absolute return, Strong 3M absolute return, Strong 6M absolute return, 1M Nifty outperformance, 3M Nifty outperformance, 6M Nifty outperformance, Positive across 1M/3M/6M, 80.8% of closes stayed inside the range | Range width 169.8% | Currently 100.0% through the range | Above upper band on elevated volume"
AAATECH,Technology,Information Technology Services,130.4,-2.48,40.56,143.64,221.5,9.22,77.22,94.44,74.07,255465.0,158845.0,0.62,Bullish,47.0,"Above 50 DMA, Above 200 DMA, Strong but overbought RSI, Near 52W high momentum",53.74,36.73,102.04,2.42,3.69,13.36,51.32,33.04,88.68,100.0,"Strong 1M absolute return, Strong 3M absolute return, Strong 6M absolute return, 1M Nifty outperformance, 3M Nifty outperformance, 6M Nifty outperformance, Positive across 1M/3M/6M",9.62,Profit Booking Zone,75.37,63.36,99.86,57.62,100.0,80.8% of closes stayed inside the range | Range width 57.6% | Currently 100.0% through the range,11.49,10.93,14.38,13.5,3.45,11.98,0.0,19.5,19.5,2.48,0.0,7.72,7.46,56.2308,,3.9705,1.63,0.323,121.89,49.61,IT / Technology,14.0,7.0,20.0,17.0,5.0,63.0,1.0,Net cash position,,0.0,63.0,,52.93,0.0,,66.74,Strong,"Above 50 DMA, Above 200 DMA, Strong but overbought RSI, Near 52W high momentum, Net cash position, Strong 1M absolute return, Strong 3M absolute return, Strong 6M absolute return, 1M Nifty outperformance, 3M Nifty outperformance, 6M Nifty outperformance, Positive across 1M/3M/6M, 80.8% of closes stayed inside the range | Range width 57.6% | Currently 100.0% through the range"
BASF,Basic Materials,Specialty Chemicals,3514.64,-1.6,2157.9,3796.77,62.87,7.43,54.35,3331.02,2875.63,38144.45,18147.0,0.48,Bullish,60.0,"Above 50 DMA, Above 200 DMA, Healthy RSI momentum, Near 52W high momentum",12.59,20.71,37.32,2.42,3.69,13.36,10.17,17.02,23.96,100.0,"Strong 1M absolute return, Strong 3M absolute return, Strong 6M absolute return, 1M Nifty outperformance, 3M Nifty outperformance, 6M Nifty outperformance, Positive across 1M/3M/6M",5.0,Profit Booking Zone,81.96,2808.85,3515.93,25.17,99.82,80.0% of closes stayed inside the range | Range width 25.2% | Currently 99.8% through the range,17.47,7.79,5.47,4.1,0.9,39.81,4.84,1.59,1.04,621.87,156.07,807.24,706.31,26.9725,22.119,4.2096,65.0,0.379,16659.34,16.98,Chemicals,6.0,10.0,18.0,17.0,11.0,62.0,1.0,Cash covers debt,,2.0,64.0,General low-debt support,45.97,3.0,Low volume participation,66.3,Strong,"Above 50 DMA, Above 200 DMA, Healthy RSI momentum, Near 52W high momentum, Cash covers debt, Strong 1M absolute return, Strong 3M absolute return, Strong 6M absolute return, 1M Nifty outperformance, 3M Nifty outperformance, 6M Nifty outperformance, Positive across 1M/3M/6M, 80.0% of closes stayed inside the range | Range width 25.2% | Currently 99.8% through the range"
ANANTRAJ,Real Estate,Real Estate - Development,358.51,2.49,79.87,369.91,348.89,3.08,67.53,330.77,264.46,1431116.5,3338245.0,2.33,Bullish,85.0,"Above 50 DMA, Above 200 DMA, Healthy RSI momentum, Near 52W high momentum, Strong volume expansion, Strong positive day move",24.33,13.85,50.24,2.42,3.69,13.36,21.91,10.16,36.88,95.0,"Strong 1M absolute return, Positive 3M return, Strong 6M absolute return, 1M Nifty outperformance, 3M Nifty outperformance, 6M Nifty outperformance, Positive across 1M/3M/6M",35.71,Breakout Watch,86.02,246.74,344.84,39.76,100.0,80.8% of closes stayed inside the range | Range width 39.8% | Currently 100.0% through the range | Above upper band on elevated volume,7.27,5.46,21.29,17.93,55.0,75.97,17.14,5.9,2.85,305.01,626.74,-25.52,-69.48,37.2328,20.7633,3.7684,17.0,0.367,21813.94,31.04,Cement / Realty,12.0,20.0,17.0,0.0,9.0,58.0,1.0,,"Negative operating cash flow, Negative free cash flow",2.0,60.0,General low-debt support,61.92,9.0,"Negative operating cash flow, Negative free cash flow",66.29,Strong,"Above 50 DMA, Above 200 DMA, Healthy RSI momentum, Near 52W high momentum, Strong volume expansion, Strong positive day move, Strong 1M absolute return, Positive 3M return, Strong 6M absolute return, 1M Nifty outperformance, 3M Nifty outperformance, 6M Nifty outperformance, Positive across 1M/3M/6M, 80.8% of closes stayed inside the range | Range width 39.8% | Currently 100.0% through the range | Above upper band on elevated volume"
ALIVUS,Healthcare,Drug Manufacturers - Specialty & Generic,821.88,-1.58,337.56,901.21,143.47,8.8,58.52,807.5,680.98,81934.2,88182.0,1.08,Bullish,65.0,"Above 50 DMA, Above 200 DMA, Healthy RSI momentum, Near 52W high momentum, Normal volume support",11.48,9.92,28.02,2.42,3.69,13.36,9.06,6.23,14.66,55.0,"Strong 1M absolute return, Positive 3M return, Positive 6M return, 1M Nifty outperformance, Positive across 1M/3M/6M",35.0,Profit Booking Zone,78.04,622.27,868.56,39.58,81.05,80.0% of closes stayed inside the range | Range width 39.6% | Currently 81.0% through the range,20.19,16.52,28.48,21.55,6.69,0.84,0.74,4.37,2.85,301.41,17.15,413.51,284.55,27.5382,21.4956,4.982,37.0,0.047,16576.6,59.42,Pharma / Healthcare,23.0,2.0,20.0,17.0,11.0,73.0,1.0,"Strong ROE, Cash covers debt",,4.0,77.0,"General quality ROE, General low-debt support",54.11,0.0,,65.07,Strong,"Above 50 DMA, Above 200 DMA, Healthy RSI momentum, Near 52W high momentum, Normal volume support, Strong ROE, Cash covers debt, Strong 1M absolute return, Positive 3M return, Positive 6M return, 1M Nifty outperformance, Positive across 1M/3M/6M, 80.0% of closes stayed inside the range | Range width 39.6% | Currently 81.0% through the range"
CHALET,Consumer Cyclical,Lodging,885.77,-0.09,303.61,956.94,191.74,7.44,62.33,824.54,640.36,523345.0,118889.0,0.23,Bullish,60.0,"Above 50 DMA, Above 200 DMA, Healthy RSI momentum, Near 52W high momentum",11.63,22.42,49.71,2.42,3.69,13.36,9.21,18.73,36.35,100.0,"Strong 1M absolute return, Strong 3M absolute return, Strong 6M absolute return, 1M Nifty outperformance, 3M Nifty outperformance, 6M Nifty outperformance, Positive across 1M/3M/6M",3.38,Profit Booking Zone,78.63,581.31,857.93,47.59,100.0,80.0% of closes stayed inside the range | Range width 47.6% | Currently 100.0% through the range,15.03,4.84,32.09,19.63,25.59,51.73,151.5,0.46,0.18,82.33,2804.84,689.44,253.19,37.7387,28.6124,5.3331,22.0,-0.058,,69.15,Consumer Discretionary,16.0,20.0,0.0,17.0,9.0,62.0,1.0,,,0.0,62.0,,41.86,3.0,Low volume participation,64.98,Watchlist,"Above 50 DMA, Above 200 DMA, Healthy RSI momentum, Near 52W high momentum, Strong 1M absolute return, Strong 3M absolute return, Strong 6M absolute return, 1M Nifty outperformance, 3M Nifty outperformance, 6M Nifty outperformance, Positive across 1M/3M/6M, 80.0% of closes stayed inside the range | Range width 47.6% | Currently 100.0% through the range"
ADFFOODS,Consumer Defensive,Packaged Foods,227.15,3.34,128.69,253.77,76.51,10.49,76.4,192.11,204.64,339536.0,1710364.0,5.04,Bullish,72.0,"Above 50 DMA, Above 200 DMA, Strong but overbought RSI, Near 52W high momentum, Strong volume expansion, Strong positive day move",22.57,19.55,-5.68,2.42,3.69,13.36,20.15,15.86,-19.04,50.0,"Strong 1M absolute return, Positive 3M return, 1M Nifty outperformance, 3M Nifty outperformance",25.0,Breakout Watch,85.6,186.16,219.45,17.88,100.0,80.0% of closes stayed inside the range | Range width 17.9% | Currently 100.0% through the range | Above upper band on elevated volume,17.07,13.54,17.86,15.04,12.67,34.2,12.66,6.67,5.66,59.69,55.86,69.84,54.38,32.7506,,5.272,44.0,0.574,3015.21,59.55,FMCG / Consumer,17.0,15.0,20.0,17.0,8.0,77.0,1.0,Cash covers debt,,3.0,80.0,"Low debt, typical of a healthy consumer business",39.96,0.0,,64.49,Watchlist,"Above 50 DMA, Above 200 DMA, Strong but overbought RSI, Near 52W high momentum, Strong volume expansion, Strong positive day move, Cash covers debt, Strong 1M absolute return, Positive 3M return, 1M Nifty outperformance, 3M Nifty outperformance, 80.0% of closes stayed inside the range | Range width 17.9% | Currently 100.0% through the range | Above upper band on elevated volume"
BETA,Healthcare,Drug Manufacturers - Specialty & Generic,1330.25,-4.04,600.0,1595.0,121.71,16.6,51.98,1290.92,1134.24,3305.0,4700.0,1.42,Bullish,60.0,"Above 50 DMA, Above 200 DMA, Healthy RSI momentum, Volume expansion",8.36,-5.32,34.37,2.42,3.69,13.36,5.94,-9.01,21.01,53.0,"Positive 1M return, Strong 6M absolute return, 1M Nifty outperformance, 6M Nifty outperformance",45.0,Neutral Range,76.13,1093.26,1442.99,31.99,67.76,80.0% of closes stayed inside the range | Range width 32.0% | Currently 67.8% through the range,23.19,14.34,16.95,12.32,30.21,18.62,9.36,2.1,1.51,28.63,14.71,30.93,19.31,49.9093,,9.1118,,-0.447,2221.81,57.1,Pharma / Healthcare,19.0,18.0,20.0,17.0,2.0,76.0,0.93,"Strong ROE, Cash covers debt",,4.0,80.0,"General quality ROE, General low-debt support",54.11,0.0,,64.37,Watchlist,"Above 50 DMA, Above 200 DMA, Healthy RSI momentum, Volume expansion, Strong ROE, Cash covers debt, Positive 1M return, Strong 6M absolute return, 1M Nifty outperformance, 6M Nifty outperformance, 80.0% of closes stayed inside the range | Range width 32.0% | Currently 67.8% through the range"
BIGBLOC,Industrials,Building Products & Equipment,118.59,-0.11,55.21,133.3,114.82,11.03,62.8,107.44,87.17,426316.2,530282.0,1.24,Bullish,65.0,"Above 50 DMA, Above 200 DMA, Healthy RSI momentum, Near 52W high momentum, Normal volume support",27.61,31.46,44.67,2.42,3.69,13.36,25.19,27.77,31.31,100.0,"Strong 1M absolute return, Strong 3M absolute return, Strong 6M absolute return, 1M Nifty outperformance, 3M Nifty outperformance, 6M Nifty outperformance, Positive across 1M/3M/6M",10.32,Profit Booking Zone,79.44,76.43,114.02,49.17,100.0,80.0% of closes stayed inside the range | Range width 49.2% | Currently 100.0% through the range,29.7,10.52,19.94,12.7,21.55,2.52,136.99,1.23,1.03,0.83,142.51,19.11,-54.97,352.75,10.2,4.3572,,-0.116,599.29,55.2,Capital Goods / Infra,22.0,8.0,6.0,9.0,5.0,50.0,0.93,Strong ROE,"Negative free cash flow, Very high PE",5.0,55.0,Strong order-book-driven revenue growth,49.69,4.0,Negative free cash flow,63.95,Watchlist,"Above 50 DMA, Above 200 DMA, Healthy RSI momentum, Near 52W high momentum, Normal volume support, Strong ROE, Strong 1M absolute return, Strong 3M absolute return, Strong 6M absolute return, 1M Nifty outperformance, 3M Nifty outperformance, 6M Nifty outperformance, Positive across 1M/3M/6M, 80.0% of closes stayed inside the range | Range width 49.2% | Currently 100.0% through the range"
ASAL,Consumer Cyclical,Auto Parts,840.45,-4.02,249.0,903.8,237.53,7.01,68.44,642.71,470.34,304404.1,377660.0,1.24,Bullish,65.0,"Above 50 DMA, Above 200 DMA, Healthy RSI momentum, Near 52W high momentum, Normal volume support",44.83,98.95,105.54,2.42,3.69,13.36,42.41,95.26,92.18,100.0,"Strong 1M absolute return, Strong 3M absolute return, Strong 6M absolute return, 1M Nifty outperformance, 3M Nifty outperformance, 6M Nifty outperformance, Positive across 1M/3M/6M",3.38,Profit Booking Zone,76.49,396.45,669.5,68.87,100.0,80.0% of closes stayed inside the range | Range width 68.9% | Currently 100.0% through the range,-273.66,7.08,3.97,2.29,6.29,142.27,-1420.67,0.7,0.41,1.88,104.71,31.12,18.48,25.9543,,21.4179,,0.515,774.5,27.36,Automobile,2.0,12.0,9.0,17.0,4.0,44.0,0.93,,,2.0,46.0,General low-debt support,41.86,0.0,,63.63,Watchlist,"Above 50 DMA, Above 200 DMA, Healthy RSI momentum, Near 52W high momentum, Normal volume support, Strong 1M absolute return, Strong 3M absolute return, Strong 6M absolute return, 1M Nifty outperformance, 3M Nifty outperformance, 6M Nifty outperformance, Positive across 1M/3M/6M, 80.0% of closes stayed inside the range | Range width 68.9% | Currently 100.0% through the range"
BALMLAWRIE,Industrials,Conglomerates,227.81,0.77,93.95,265.65,142.48,14.24,53.54,223.64,171.51,671934.55,455186.0,0.68,Bullish,65.0,"Above 50 DMA, Above 200 DMA, Healthy RSI momentum, Near 52W high momentum, Positive day move",18.38,-3.24,70.81,2.42,3.69,13.36,15.96,-6.93,57.45,60.0,"Strong 1M absolute return, Strong 6M absolute return, 1M Nifty outperformance, 6M Nifty outperformance",38.89,Profit Booking Zone,73.93,135.74,238.37,75.61,89.71,80.0% of closes stayed inside the range | Range width 75.6% | Currently 89.7% through the range,13.17,8.35,13.06,10.93,-0.77,39.52,6.21,2.08,1.81,50.75,113.08,274.22,221.64,10.7302,,1.4673,9.7,0.682,3040.45,35.05,Capital Goods / Infra,14.0,10.0,17.0,17.0,12.0,70.0,1.0,,Revenue contraction,0.0,70.0,,49.69,0.0,,63.2,Watchlist,"Above 50 DMA, Above 200 DMA, Healthy RSI momentum, Near 52W high momentum, Positive day move, Strong 1M absolute return, Strong 6M absolute return, 1M Nifty outperformance, 6M Nifty outperformance, 80.0% of closes stayed inside the range | Range width 75.6% | Currently 89.7% through the range"
CARERATING,Financial Services,Financial Data & Stock Exchanges,1087.15,3.64,431.45,1220.66,151.97,10.94,50.66,1093.71,898.94,31811.5,40972.0,1.29,Bearish,60.0,"Above 200 DMA, Healthy RSI momentum, Near 52W high momentum, Normal volume support, Strong positive day move",2.63,18.79,17.1,2.42,3.69,13.36,0.21,15.1,3.74,53.0,"Positive 1M return, Positive 3M return, Positive 6M return, 3M Nifty outperformance, Positive across 1M/3M/6M",57.5,Profit Booking Zone,79.18,852.0,1120.43,31.51,87.6,80.0% of closes stayed inside the range | Range width 31.5% | Currently 87.6% through the range,14.02,11.94,30.98,30.31,18.89,20.35,2.73,8.57,,38.29,19.55,90.88,81.71,28.5198,21.5931,5.4204,1.31,0.356,5060.96,54.75,Financial Services,20.0,16.0,17.0,17.0,10.0,80.0,0.93,Cash covers debt,,-4.0,76.0,Expensive relative to book value for this sector,52.42,0.0,,62.71,Watchlist,"Above 200 DMA, Healthy RSI momentum, Near 52W high momentum, Normal volume support, Strong positive day move, Cash covers debt, Positive 1M return, Positive 3M return, Positive 6M return, 3M Nifty outperformance, Positive across 1M/3M/6M, 80.0% of closes stayed inside the range | Range width 31.5% | Currently 87.6% through the range"
AMRUTANJAN,Healthcare,Drug Manufacturers - Specialty & Generic,664.53,-1.15,542.99,759.98,22.38,12.56,59.96,631.8,615.83,53185.9,59798.0,1.12,Bullish,70.0,"Above 50 DMA, Above 200 DMA, Healthy RSI momentum, Near 52W high momentum, Near 52W low zone, Normal volume support",9.93,12.52,12.34,2.42,3.69,13.36,7.51,8.83,-1.02,48.0,"Positive 1M return, Positive 3M return, Positive 6M return, 1M Nifty outperformance, Positive across 1M/3M/6M",50.0,Profit Booking Zone,85.94,578.52,652.95,12.86,100.0,80.0% of closes stayed inside the range | Range width 12.9% | Currently 100.0% through the range,15.59,12.26,11.43,10.7,11.08,12.9,0.6,4.23,3.82,25.76,1.73,27.91,21.19,27.5442,,4.0164,1.46,0.379,1486.19,51.27,Pharma / Healthcare,15.0,10.0,20.0,17.0,7.0,69.0,1.0,Cash covers debt,,2.0,71.0,General low-debt support,54.11,0.0,,62.47,Watchlist,"Above 50 DMA, Above 200 DMA, Healthy RSI momentum, Near 52W high momentum, Near 52W low zone, Normal volume support, Cash covers debt, Positive 1M return, Positive 3M return, Positive 6M return, 1M Nifty outperformance, Positive across 1M/3M/6M, 80.0% of closes stayed inside the range | Range width 12.9% | Currently 100.0% through the range"
BOSCHLTD,Consumer Cyclical,Auto Parts,28557.72,0.46,14441.46,30628.29,97.75,6.76,44.99,28354.74,21806.59,41615.95,51227.0,1.23,Bullish,48.0,"Above 50 DMA, Above 200 DMA, Weak but watchable RSI, Normal volume support, Positive day move",-1.99,28.67,42.64,2.42,3.69,13.36,-4.41,24.98,29.28,70.0,"Strong 3M absolute return, Strong 6M absolute return, 3M Nifty outperformance, 6M Nifty outperformance",18.24,Profit Booking Zone,74.12,19096.39,29311.07,53.49,92.62,80.0% of closes stayed inside the range | Range width 53.5% | Currently 92.6% through the range,20.66,14.36,9.42,15.21,12.09,74.77,0.33,1.95,1.58,463.4,39.3,1258.4,928.9,60.4321,42.6321,9.6635,56.0,0.65,,33.55,Automobile,16.0,15.0,19.0,17.0,5.0,72.0,1.0,"Strong ROE, Cash covers debt",,4.0,76.0,"General quality ROE, General low-debt support",41.86,0.0,,62.38,Watchlist,"Above 50 DMA, Above 200 DMA, Weak but watchable RSI, Normal volume support, Positive day move, Strong ROE, Cash covers debt, Strong 3M absolute return, Strong 6M absolute return, 3M Nifty outperformance, 6M Nifty outperformance, 80.0% of closes stayed inside the range | Range width 53.5% | Currently 92.6% through the range"
DEEPAKNTR,Basic Materials,Chemicals,2344.65,3.01,1704.24,2492.92,37.58,5.95,66.16,2194.33,2154.34,384887.4,646643.0,1.68,Bullish,80.0,"Above 50 DMA, Above 200 DMA, Healthy RSI momentum, Near 52W high momentum, Volume expansion, Strong positive day move",12.91,1.97,12.32,2.42,3.69,13.36,10.49,-1.72,-1.04,55.0,"Strong 1M absolute return, Positive 3M return, Positive 6M return, 1M Nifty outperformance, Positive across 1M/3M/6M",31.67,Profit Booking Zone,84.88,2076.14,2404.02,15.79,81.89,80.0% of closes stayed inside the range | Range width 15.8% | Currently 81.9% through the range,16.91,13.3,13.01,10.66,-3.46,-4.83,5.96,3.62,2.65,237.97,286.08,874.06,106.35,30.6645,28.4147,4.1195,43.0,0.448,24044.73,26.05,Chemicals,15.0,0.0,17.0,17.0,11.0,60.0,1.0,,"Revenue contraction, Earnings contraction",2.0,62.0,General low-debt support,45.97,0.0,,62.35,Watchlist,"Above 50 DMA, Above 200 DMA, Healthy RSI momentum, Near 52W high momentum, Volume expansion, Strong positive day move, Strong 1M absolute return, Positive 3M return, Positive 6M return, 1M Nifty outperformance, Positive across 1M/3M/6M, 80.0% of closes stayed inside the range | Range width 15.8% | Currently 81.9% through the range"
AAKASH,Energy,Oil & Gas Equipment & Services,10.75,0.94,5.7,16.05,88.6,33.02,52.65,10.52,8.25,557410.25,311104.0,0.56,Bullish,55.0,"Above 50 DMA, Above 200 DMA, Healthy RSI momentum, Positive day move",19.44,8.04,61.65,2.42,3.69,13.36,17.02,4.35,48.29,80.0,"Strong 1M absolute return, Positive 3M return, Strong 6M absolute return, 1M Nifty outperformance, 6M Nifty outperformance, Positive across 1M/3M/6M",44.44,Profit Booking Zone,72.75,7.0,11.66,66.64,80.39,80.8% of closes stayed inside the range | Range width 66.6% | Currently 80.4% through the range,10.6,6.62,10.42,6.73,-0.37,36.81,44.39,1.21,,0.83,25.98,10.21,6.69,24.9429,,1.3522,,-0.112,88.39,83.1,Energy / Utilities,10.0,10.0,9.0,17.0,8.0,54.0,0.86,,Revenue contraction,2.0,56.0,General low-debt support,59.29,0.0,,62.24,Watchlist,"Above 50 DMA, Above 200 DMA, Healthy RSI momentum, Positive day move, Strong 1M absolute return, Positive 3M return, Strong 6M absolute return, 1M Nifty outperformance, 6M Nifty outperformance, Positive across 1M/3M/6M, 80.8% of closes stayed inside the range | Range width 66.6% | Currently 80.4% through the range"
BFINVEST,Financial Services,Asset Management,567.02,-0.57,254.36,635.89,122.92,10.83,60.16,538.86,492.32,101856.15,205063.0,2.01,Bullish,75.0,"Above 50 DMA, Above 200 DMA, Healthy RSI momentum, Near 52W high momentum, Strong volume expansion",13.99,7.77,13.61,2.42,3.69,13.36,11.57,4.08,0.25,55.0,"Strong 1M absolute return, Positive 3M return, Positive 6M return, 1M Nifty outperformance, Positive across 1M/3M/6M",51.25,Profit Booking Zone,86.52,484.97,562.48,15.98,100.0,80.0% of closes stayed inside the range | Range width 16.0% | Currently 100.0% through the range,6.99,6.37,99.14,2226.15,22.43,67.27,,1010.19,,35.12,,9.09,9.06,4.2812,,0.1953,2.26,0.318,1667.92,99.93,Financial Services,14.0,18.0,5.0,17.0,12.0,66.0,0.86,,,-5.0,61.0,Weak ROE for a leveraged-balance-sheet business,52.42,0.0,,61.71,Watchlist,"Above 50 DMA, Above 200 DMA, Healthy RSI momentum, Near 52W high momentum, Strong volume expansion, Strong 1M absolute return, Positive 3M return, Positive 6M return, 1M Nifty outperformance, Positive across 1M/3M/6M, 80.0% of closes stayed inside the range | Range width 16.0% | Currently 100.0% through the range"
BIOCON,Healthcare,Biotechnology,279.06,3.32,189.7,305.9,47.1,8.78,58.8,268.84,257.97,5788727.2,10392195.0,1.8,Bullish,80.0,"Above 50 DMA, Above 200 DMA, Healthy RSI momentum, Near 52W high momentum, Volume expansion, Strong positive day move",13.49,0.16,10.21,2.42,3.69,13.36,11.07,-3.53,-3.15,55.0,"Strong 1M absolute return, Positive 3M return, Positive 6M return, 1M Nifty outperformance, Positive across 1M/3M/6M",35.0,Profit Booking Zone,86.02,226.43,280.39,23.83,97.52,80.0% of closes stayed inside the range | Range width 23.8% | Currently 97.5% through the range,5.17,1.82,10.11,7.2,29.83,120.99,82.27,0.99,0.67,1233.4,16276.7,2953.9,1022.3,121.9881,37.3548,1.9563,12.0,0.31,,61.19,IT / Technology,6.0,20.0,4.0,17.0,9.0,56.0,1.0,,Very high PE,0.0,56.0,,54.11,0.0,,61.47,Watchlist,"Above 50 DMA, Above 200 DMA, Healthy RSI momentum, Near 52W high momentum, Volume expansion, Strong positive day move, Strong 1M absolute return, Positive 3M return, Positive 6M return, 1M Nifty outperformance, Positive across 1M/3M/6M, 80.0% of closes stayed inside the range | Range width 23.8% | Currently 97.5% through the range"
ATLANTAA,Industrials,Infrastructure Operations,34.75,3.89,10.35,38.75,235.75,10.32,68.42,24.74,19.52,367603.1,394304.0,1.07,Bullish,75.0,"Above 50 DMA, Above 200 DMA, Healthy RSI momentum, Near 52W high momentum, Normal volume support, Strong positive day move",53.42,60.51,117.19,2.42,3.69,13.36,51.0,56.82,103.83,100.0,"Strong 1M absolute return, Strong 3M absolute return, Strong 6M absolute return, 1M Nifty outperformance, 3M Nifty outperformance, 6M Nifty outperformance, Positive across 1M/3M/6M",10.32,Profit Booking Zone,82.26,17.82,25.72,44.34,100.0,80.0% of closes stayed inside the range | Range width 44.3% | Currently 100.0% through the range,296.51,99.47,60.04,352.51,160.44,1544.03,156.88,0.97,0.74,10.08,247.54,-34.68,-39.53,,,1.4208,,0.959,301.79,71.18,Capital Goods / Infra,25.0,20.0,0.0,0.0,4.0,49.0,0.86,Strong ROE,"Negative operating cash flow, Negative free cash flow",5.0,54.0,Strong order-book-driven revenue growth,49.69,9.0,"Negative operating cash flow, Negative free cash flow",61.1,Watchlist,"Above 50 DMA, Above 200 DMA, Healthy RSI momentum, Near 52W high momentum, Normal volume support, Strong positive day move, Strong ROE, Strong 1M absolute return, Strong 3M absolute return, Strong 6M absolute return, 1M Nifty outperformance, 3M Nifty outperformance, 6M Nifty outperformance, Positive across 1M/3M/6M, 80.0% of closes stayed inside the range | Range width 44.3% | Currently 100.0% through the range"
DEEPINDS,Energy,Oil & Gas E&P,289.77,-0.87,102.76,326.09,181.99,11.14,52.75,267.35,251.19,689462.25,108654.0,0.16,Bullish,60.0,"Above 50 DMA, Above 200 DMA, Healthy RSI momentum, Near 52W high momentum",15.27,11.46,2.06,2.42,3.69,13.36,12.85,7.77,-11.3,55.0,"Strong 1M absolute return, Positive 3M return, Positive 6M return, 1M Nifty outperformance, Positive across 1M/3M/6M",77.78,Profit Booking Zone,81.19,242.93,297.68,22.54,85.55,80.8% of closes stayed inside the range | Range width 22.5% | Currently 85.5% through the range,8.58,6.48,30.95,29.01,25.09,0.37,11.06,3.05,2.82,26.99,159.69,254.61,38.31,20.6633,11.0566,2.1626,37.0,-0.641,4316.48,54.28,Energy / Utilities,16.0,10.0,17.0,17.0,13.0,73.0,1.0,,,2.0,75.0,General low-debt support,59.29,3.0,Low volume participation,60.89,Watchlist,"Above 50 DMA, Above 200 DMA, Healthy RSI momentum, Near 52W high momentum, Strong 1M absolute return, Positive 3M return, Positive 6M return, 1M Nifty outperformance, Positive across 1M/3M/6M, 80.8% of closes stayed inside the range | Range width 22.5% | Currently 85.5% through the range"
ARIES,Basic Materials,Agricultural Inputs,263.91,0.95,125.1,340.46,110.96,22.48,51.15,268.85,208.21,88775.35,57910.0,0.65,Bearish,40.0,"Above 200 DMA, Healthy RSI momentum, Positive day move",9.32,28.36,41.91,2.42,3.69,13.36,6.9,24.67,28.55,98.0,"Positive 1M return, Strong 3M absolute return, Strong 6M absolute return, 1M Nifty outperformance, 3M Nifty outperformance, 6M Nifty outperformance, Positive across 1M/3M/6M",10.0,Profit Booking Zone,69.51,174.13,283.25,62.67,82.28,80.0% of closes stayed inside the range | Range width 62.7% | Currently 82.3% through the range,7.46,3.75,9.81,3.76,9.36,13.44,28.25,1.68,1.08,2.43,73.55,76.54,46.08,13.1962,,1.8825,31.0,0.073,629.8,40.48,General,0.0,10.0,13.0,17.0,12.0,52.0,1.0,,,2.0,54.0,General low-debt support,45.97,0.0,,60.3,Watchlist,"Above 200 DMA, Healthy RSI momentum, Positive day move, Positive 1M return, Strong 3M absolute return, Strong 6M absolute return, 1M Nifty outperformance, 3M Nifty outperformance, 6M Nifty outperformance, Positive across 1M/3M/6M, 80.0% of closes stayed inside the range | Range width 62.7% | Currently 82.3% through the range"
BAJEL,Utilities,Utilities - Regulated Electric,269.53,-4.99,107.88,294.99,149.84,8.63,68.83,216.59,,1166434.8,2156486.0,1.85,Bullish,55.0,"Above 50 DMA, Healthy RSI momentum, Near 52W high momentum, Volume expansion",45.44,66.02,,2.42,3.69,13.36,43.02,62.33,,60.0,"Strong 1M absolute return, Strong 3M absolute return, 1M Nifty outperformance, 3M Nifty outperformance",100.0,Breakout Watch,74.08,144.65,228.2,57.76,100.0,78.3% of closes stayed inside the range | Range width 57.8% | Currently 100.0% through the range | Above upper band on elevated volume,0.76,0.32,1.0,0.38,94.27,371.09,2.63,1.47,1.34,46.61,14.91,195.37,168.32,102.0317,12.856,2.9845,31.0,0.967,2231.1,17.83,Energy / Utilities,0.0,20.0,16.0,17.0,9.0,62.0,1.0,Cash covers debt,Very high PE,2.0,64.0,General low-debt support,60.68,0.0,,60.25,Watchlist,"Above 50 DMA, Healthy RSI momentum, Near 52W high momentum, Volume expansion, Cash covers debt, Strong 1M absolute return, Strong 3M absolute return, 1M Nifty outperformance, 3M Nifty outperformance, 78.3% of closes stayed inside the range | Range width 57.8% | Currently 100.0% through the range | Above upper band on elevated volume"
CARBORUNIV,Industrials,Conglomerates,1296.93,1.8,776.85,1346.24,66.95,3.66,63.86,1150.47,1142.11,205370.6,82692.0,0.4,Bullish,65.0,"Above 50 DMA, Above 200 DMA, Healthy RSI momentum, Near 52W high momentum, Positive day move",16.87,14.75,12.59,2.42,3.69,13.36,14.45,11.06,-0.77,70.0,"Strong 1M absolute return, Positive 3M return, Positive 6M return, 1M Nifty outperformance, 3M Nifty outperformance, Positive across 1M/3M/6M",31.75,Profit Booking Zone,84.29,1058.82,1237.16,16.84,100.0,80.0% of closes stayed inside the range | Range width 16.8% | Currently 100.0% through the range,14.76,11.11,12.47,9.97,0.59,11.42,3.9,3.23,1.96,554.88,122.05,601.51,366.25,102.2711,36.9883,5.4552,36.0,0.342,21275.64,56.52,Capital Goods / Infra,14.0,5.0,20.0,17.0,7.0,63.0,1.0,Cash covers debt,Very high PE,0.0,63.0,,49.69,3.0,Low volume participation,60.25,Watchlist,"Above 50 DMA, Above 200 DMA, Healthy RSI momentum, Near 52W high momentum, Positive day move, Cash covers debt, Strong 1M absolute return, Positive 3M return, Positive 6M return, 1M Nifty outperformance, 3M Nifty outperformance, Positive across 1M/3M/6M, 80.0% of closes stayed inside the range | Range width 16.8% | Currently 100.0% through the range"
ANTELOPUS,Energy,Oil & Gas E&P,638.7,-2.05,216.5,683.7,195.01,6.58,76.96,502.08,444.7,279907.4,102372.0,0.37,Bullish,47.0,"Above 50 DMA, Above 200 DMA, Strong but overbought RSI, Near 52W high momentum",45.46,22.79,37.81,2.42,3.69,13.36,43.04,19.1,24.45,100.0,"Strong 1M absolute return, Strong 3M absolute return, Strong 6M absolute return, 1M Nifty outperformance, 3M Nifty outperformance, 6M Nifty outperformance, Positive across 1M/3M/6M",16.67,Profit Booking Zone,80.0,438.97,527.78,20.23,100.0,80.0% of closes stayed inside the range | Range width 20.2% | Currently 100.0% through the range,8.31,6.76,21.49,19.77,40.41,6.14,0.89,5.8,5.16,2.44,3.5,71.67,-87.02,20.9947,,4.2235,,,2768.33,82.16,Energy / Utilities,15.0,12.0,17.0,9.0,6.0,59.0,0.93,,Negative free cash flow,2.0,61.0,General low-debt support,59.29,7.0,"Low volume participation, Negative free cash flow",59.99,Watchlist,"Above 50 DMA, Above 200 DMA, Strong but overbought RSI, Near 52W high momentum, Strong 1M absolute return, Strong 3M absolute return, Strong 6M absolute return, 1M Nifty outperformance, 3M Nifty outperformance, 6M Nifty outperformance, Positive across 1M/3M/6M, 80.0% of closes stayed inside the range | Range width 20.2% | Currently 100.0% through the range"
DLINKINDIA,Technology,Communication Equipment,287.34,2.42,140.91,323.56,103.92,11.19,65.95,261.51,273.69,224328.25,1245629.0,5.55,Bullish,85.0,"Above 50 DMA, Above 200 DMA, Healthy RSI momentum, Near 52W high momentum, Strong volume expansion, Strong positive day move",18.16,-1.22,-0.72,2.42,3.69,13.36,15.74,-4.91,-14.08,25.0,"Strong 1M absolute return, 1M Nifty outperformance",78.85,Profit Booking Zone,87.86,253.77,289.8,14.2,93.18,80.0% of closes stayed inside the range | Range width 14.2% | Currently 93.2% through the range,21.29,13.33,9.0,7.5,4.65,7.26,1.76,2.52,2.2,18.24,7.67,120.54,119.54,14.4948,,3.1121,9.36,0.362,1573.75,14.3,IT / Technology,14.0,4.0,20.0,17.0,10.0,65.0,1.0,"Strong ROE, Cash covers debt",,5.0,70.0,Strong ROE for an asset-light business,52.93,0.0,,59.94,Watchlist,"Above 50 DMA, Above 200 DMA, Healthy RSI momentum, Near 52W high momentum, Strong volume expansion, Strong positive day move, Strong ROE, Cash covers debt, Strong 1M absolute return, 1M Nifty outperformance, 80.0% of closes stayed inside the range | Range width 14.2% | Currently 93.2% through the range"
CMSINFO,Industrials,Specialty Business Services,375.72,0.91,240.24,403.6,56.4,6.91,49.41,372.33,361.2,1093602.85,576215.0,0.53,Bullish,47.0,"Above 50 DMA, Above 200 DMA, RSI recovering, Positive day move",3.64,5.8,5.28,2.42,3.69,13.36,1.22,2.11,-8.08,38.0,"Positive 1M return, Positive 3M return, Positive 6M return, Positive across 1M/3M/6M",49.21,Neutral Range,77.36,354.25,384.62,8.57,70.71,80.0% of closes stayed inside the range | Range width 8.6% | Currently 70.7% through the range,17.83,13.06,24.3,15.33,18.28,16.79,9.29,2.93,2.7,159.01,180.86,439.89,331.52,13.6417,9.5492,1.639,2.08,0.329,3882.34,93.16,Capital Goods / Infra,19.0,16.0,17.0,17.0,15.0,84.0,1.0,,,5.0,89.0,Strong order-book-driven revenue growth,49.69,0.0,,59.85,Watchlist,"Above 50 DMA, Above 200 DMA, RSI recovering, Positive day move, Positive 1M return, Positive 3M return, Positive 6M return, Positive across 1M/3M/6M, 80.0% of closes stayed inside the range | Range width 8.6% | Currently 70.7% through the range"
AARTIPHARM,Healthcare,Drug Manufacturers - Specialty & Generic,514.61,0.77,231.61,559.24,122.19,7.98,68.54,474.64,432.81,215795.15,199785.0,0.93,Bullish,65.0,"Above 50 DMA, Above 200 DMA, Healthy RSI momentum, Near 52W high momentum, Positive day move",13.31,1.67,27.26,2.42,3.69,13.36,10.89,-2.02,13.9,55.0,"Strong 1M absolute return, Positive 3M return, Positive 6M return, 1M Nifty outperformance, Positive across 1M/3M/6M",35.0,Profit Booking Zone,80.59,390.32,524.25,34.31,92.8,80.0% of closes stayed inside the range | Range width 34.3% | Currently 92.8% through the range,12.34,8.4,17.23,11.95,-6.22,12.1,16.23,1.94,1.01,23.63,285.25,216.35,17.57,37.3147,32.9686,3.5885,48.0,0.232,7623.45,54.19,Pharma / Healthcare,14.0,5.0,15.0,17.0,9.0,60.0,1.0,,Revenue contraction,2.0,62.0,General low-debt support,54.11,0.0,,59.82,Watchlist,"Above 50 DMA, Above 200 DMA, Healthy RSI momentum, Near 52W high momentum, Positive day move, Strong 1M absolute return, Positive 3M return, Positive 6M return, 1M Nifty outperformance, Positive across 1M/3M/6M, 80.0% of closes stayed inside the range | Range width 34.3% | Currently 92.8% through the range"
63MOONS,Technology,Software - Application,424.71,1.51,138.71,686.32,206.19,38.12,52.18,437.37,365.73,149845.4,316784.0,2.11,Bearish,55.0,"Above 200 DMA, Healthy RSI momentum, Strong volume expansion, Positive day move",8.31,-2.61,67.96,2.42,3.69,13.36,5.89,-6.3,54.6,53.0,"Positive 1M return, Strong 6M absolute return, 1M Nifty outperformance, 6M Nifty outperformance",55.77,Neutral Range,67.87,295.42,509.92,72.61,60.27,80.0% of closes stayed inside the range | Range width 72.6% | Currently 60.3% through the range,6.65,6.1,15.59,60.33,27.33,1464.33,0.15,6.0,,60.64,5.17,47.16,41.67,,,1.0077,26.0,0.688,3577.54,7.59,IT / Technology,11.0,20.0,17.0,17.0,6.0,71.0,0.86,Cash covers debt,,0.0,71.0,,52.93,0.0,,59.79,Watchlist,"Above 200 DMA, Healthy RSI momentum, Strong volume expansion, Positive day move, Cash covers debt, Positive 1M return, Strong 6M absolute return, 1M Nifty outperformance, 6M Nifty outperformance, 80.0% of closes stayed inside the range | Range width 72.6% | Currently 60.3% through the range"
DODLA,Consumer Defensive,Food Distribution,989.55,8.99,427.64,1075.14,131.4,7.96,74.71,908.22,793.17,84842.05,700446.0,8.26,Bullish,72.0,"Above 50 DMA, Above 200 DMA, Strong but overbought RSI, Near 52W high momentum, Strong volume expansion, Strong positive day move",23.97,20.01,47.43,2.42,3.69,13.36,21.55,16.32,34.07,100.0,"Strong 1M absolute return, Strong 3M absolute return, Strong 6M absolute return, 1M Nifty outperformance, 3M Nifty outperformance, 6M Nifty outperformance, Positive across 1M/3M/6M",3.12,Profit Booking Zone,83.18,739.15,989.86,33.92,99.88,80.0% of closes stayed inside the range | Range width 33.9% | Currently 99.9% through the range,14.64,11.28,7.07,5.34,11.15,36.35,4.02,2.7,1.22,103.38,45.79,-0.71,-107.26,26.8847,19.9799,3.9402,46.0,0.352,6596.24,24.66,FMCG / Consumer,8.0,15.0,19.0,0.0,11.0,53.0,1.0,Cash covers debt,"Negative operating cash flow, Negative free cash flow",3.0,56.0,"Low debt, typical of a healthy consumer business",39.96,9.0,"Negative operating cash flow, Negative free cash flow",59.59,Watchlist,"Above 50 DMA, Above 200 DMA, Strong but overbought RSI, Near 52W high momentum, Strong volume expansion, Strong positive day move, Cash covers debt, Strong 1M absolute return, Strong 3M absolute return, Strong 6M absolute return, 1M Nifty outperformance, 3M Nifty outperformance, 6M Nifty outperformance, Positive across 1M/3M/6M, 80.0% of closes stayed inside the range | Range width 33.9% | Currently 99.9% through the range"
BHAGYANGR,Basic Materials,Copper,115.7,-2.69,40.55,125.95,185.33,8.14,59.39,99.91,80.59,321898.65,130607.0,0.41,Bullish,60.0,"Above 50 DMA, Above 200 DMA, Healthy RSI momentum, Near 52W high momentum",40.5,16.75,50.75,2.42,3.69,13.36,38.08,13.06,37.39,95.0,"Strong 1M absolute return, Positive 3M return, Strong 6M absolute return, 1M Nifty outperformance, 3M Nifty outperformance, 6M Nifty outperformance, Positive across 1M/3M/6M",11.67,Profit Booking Zone,75.47,65.63,110.69,68.65,100.0,80.0% of closes stayed inside the range | Range width 68.7% | Currently 100.0% through the range,23.65,13.71,1.71,3.2,-22.56,351.35,52.08,3.18,2.14,3.02,100.71,96.11,91.76,19.9109,,4.8544,,1.28,1309.88,8.75,Metals / Mining,11.0,10.0,12.0,17.0,8.0,58.0,0.93,Strong ROE,Revenue contraction,4.0,62.0,"General quality ROE, General low-debt support",45.97,8.0,"Low volume participation, Revenue contraction",59.35,Watchlist,"Above 50 DMA, Above 200 DMA, Healthy RSI momentum, Near 52W high momentum, Strong ROE, Strong 1M absolute return, Positive 3M return, Strong 6M absolute return, 1M Nifty outperformance, 3M Nifty outperformance, 6M Nifty outperformance, Positive across 1M/3M/6M, 80.0% of closes stayed inside the range | Range width 68.7% | Currently 100.0% through the range"
DOMS,Industrials,Business Equipment & Supplies,1810.43,0.6,1221.0,1839.07,48.27,1.56,70.36,1558.88,,140289.6,106462.0,0.76,Bullish,37.0,"Above 50 DMA, Strong but overbought RSI, Near 52W high momentum, Positive day move",27.79,25.52,,2.42,3.69,13.36,25.37,21.83,,60.0,"Strong 1M absolute return, Strong 3M absolute return, 1M Nifty outperformance, 3M Nifty outperformance",38.89,Profit Booking Zone,74.26,1306.84,1690.36,29.35,100.0,78.0% of closes stayed inside the range | Range width 29.3% | Currently 100.0% through the range,18.8,12.87,14.47,10.0,26.75,59.84,21.11,2.97,1.88,56.45,171.9,182.49,29.03,62.1158,41.8831,10.9392,17.0,-0.285,13344.76,42.47,Capital Goods / Infra,17.0,20.0,15.0,17.0,5.0,74.0,1.0,Strong ROE,,5.0,79.0,Strong order-book-driven revenue growth,49.69,0.0,,59.35,Watchlist,"Above 50 DMA, Strong but overbought RSI, Near 52W high momentum, Positive day move, Strong ROE, Strong 1M absolute return, Strong 3M absolute return, 1M Nifty outperformance, 3M Nifty outperformance, 78.0% of closes stayed inside the range | Range width 29.3% | Currently 100.0% through the range"
CESC,Utilities,Utilities - Regulated Electric,128.88,-0.87,54.48,132.96,136.59,3.07,64.8,116.99,93.99,7223749.3,5626193.0,0.78,Bullish,60.0,"Above 50 DMA, Above 200 DMA, Healthy RSI momentum, Near 52W high momentum",25.32,6.19,65.36,2.42,3.69,13.36,22.9,2.5,52.0,80.0,"Strong 1M absolute return, Positive 3M return, Strong 6M absolute return, 1M Nifty outperformance, 6M Nifty outperformance, Positive across 1M/3M/6M",50.0,Profit Booking Zone,76.73,79.02,126.64,60.28,100.0,80.0% of closes stayed inside the range | Range width 60.3% | Currently 100.0% through the range,12.03,3.7,7.22,9.0,7.35,2.5,127.07,0.97,0.84,1275.38,14543.63,2351.41,1580.25,12.958,10.43,1.5677,4.05,0.389,19633.02,38.36,Energy / Utilities,7.0,2.0,2.0,17.0,15.0,43.0,1.0,,,0.0,43.0,,60.68,0.0,,59.15,Watchlist,"Above 50 DMA, Above 200 DMA, Healthy RSI momentum, Near 52W high momentum, Strong 1M absolute return, Positive 3M return, Strong 6M absolute return, 1M Nifty outperformance, 6M Nifty outperformance, Positive across 1M/3M/6M, 80.0% of closes stayed inside the range | Range width 60.3% | Currently 100.0% through the range"
DJML,Industrials,Specialty Business Services,92.92,0.56,39.89,96.08,132.93,3.29,88.98,56.17,52.16,324505.8,156069.0,0.48,Bullish,52.0,"Above 50 DMA, Above 200 DMA, Strong but overbought RSI, Near 52W high momentum, Positive day move",87.96,81.73,87.08,2.42,3.69,13.36,85.54,78.04,73.72,100.0,"Strong 1M absolute return, Strong 3M absolute return, Strong 6M absolute return, 1M Nifty outperformance, 3M Nifty outperformance, 6M Nifty outperformance, Positive across 1M/3M/6M",10.32,Profit Booking Zone,79.04,48.63,64.98,33.63,100.0,80.0% of closes stayed inside the range | Range width 33.6% | Currently 100.0% through the range,15.02,8.39,15.68,8.83,12.83,51.42,53.04,1.98,1.64,0.45,17.79,11.23,-2.08,22.2123,,2.7484,21.0,-0.073,259.37,25.46,Capital Goods / Infra,14.0,15.0,11.0,9.0,10.0,59.0,1.0,,Negative free cash flow,0.0,59.0,,49.69,7.0,"Low volume participation, Negative free cash flow",59.1,Watchlist,"Above 50 DMA, Above 200 DMA, Strong but overbought RSI, Near 52W high momentum, Positive day move, Strong 1M absolute return, Strong 3M absolute return, Strong 6M absolute return, 1M Nifty outperformance, 3M Nifty outperformance, 6M Nifty outperformance, Positive across 1M/3M/6M, 80.0% of closes stayed inside the range | Range width 33.6% | Currently 100.0% through the range"
CHAMBLFERT,Basic Materials,Agricultural Inputs,361.81,2.16,230.05,383.22,57.28,5.58,59.49,342.92,301.52,1417219.0,1419210.0,1.0,Bullish,75.0,"Above 50 DMA, Above 200 DMA, Healthy RSI momentum, Near 52W high momentum, Normal volume support, Strong positive day move",12.66,-1.18,30.75,2.42,3.69,13.36,10.24,-4.87,17.39,60.0,"Strong 1M absolute return, Strong 6M absolute return, 1M Nifty outperformance, 6M Nifty outperformance",23.33,Profit Booking Zone,85.04,287.27,361.58,25.87,100.0,80.0% of closes stayed inside the range | Range width 25.9% | Currently 100.0% through the range,17.54,11.09,9.77,7.11,-35.37,23.36,25.76,2.01,1.39,109.86,1873.93,3326.75,2713.95,8.8264,8.6324,1.6207,2.83,0.305,16889.5,37.52,General,11.0,8.0,14.0,17.0,15.0,65.0,1.0,,Revenue contraction,2.0,67.0,General low-debt support,45.97,5.0,Revenue contraction,59.1,Watchlist,"Above 50 DMA, Above 200 DMA, Healthy RSI momentum, Near 52W high momentum, Normal volume support, Strong positive day move, Strong 1M absolute return, Strong 6M absolute return, 1M Nifty outperformance, 6M Nifty outperformance, 80.0% of closes stayed inside the range | Range width 25.9% | Currently 100.0% through the range"
AFSL,Financial Services,Capital Markets,426.75,-1.31,180.1,443.6,136.95,3.8,75.15,327.74,315.45,338335.35,145532.0,0.43,Bullish,47.0,"Above 50 DMA, Above 200 DMA, Strong but overbought RSI, Near 52W high momentum",56.03,28.58,24.76,2.42,3.69,13.36,53.61,24.89,11.4,80.0,"Strong 1M absolute return, Strong 3M absolute return, Positive 6M return, 1M Nifty outperformance, 3M Nifty outperformance, Positive across 1M/3M/6M",26.25,Profit Booking Zone,79.79,280.85,341.71,21.67,100.0,80.0% of closes stayed inside the range | Range width 21.7% | Currently 100.0% through the range,9.59,3.08,11.36,6.67,18.28,26.96,99.84,1.6,1.57,222.22,929.36,33.41,32.63,7.9879,,0.8589,,-0.078,1077.4,1.45,Financial Services,8.0,18.0,11.0,17.0,10.0,64.0,0.93,,,0.0,64.0,,52.42,3.0,Low volume participation,59.01,Watchlist,"Above 50 DMA, Above 200 DMA, Strong but overbought RSI, Near 52W high momentum, Strong 1M absolute return, Strong 3M absolute return, Positive 6M return, 1M Nifty outperformance, 3M Nifty outperformance, Positive across 1M/3M/6M, 80.0% of closes stayed inside the range | Range width 21.7% | Currently 100.0% through the range"
BLUESTARCO,Industrials,Building Products & Equipment,1437.54,0.09,509.95,1469.5,181.9,2.17,70.0,1279.01,978.4,592579.8,372060.0,0.63,Bullish,52.0,"Above 50 DMA, Above 200 DMA, Strong but overbought RSI, Near 52W high momentum, Positive day move",18.35,37.28,63.88,2.42,3.69,13.36,15.93,33.59,50.52,100.0,"Strong 1M absolute return, Strong 3M absolute return, Strong 6M absolute return, 1M Nifty outperformance, 3M Nifty outperformance, 6M Nifty outperformance, Positive across 1M/3M/6M",10.32,Profit Booking Zone,77.66,930.73,1329.75,42.87,100.0,80.0% of closes stayed inside the range | Range width 42.9% | Currently 100.0% through the range,15.9,6.27,6.06,4.33,21.23,3.62,9.31,1.3,0.94,373.64,242.93,289.22,-151.74,60.6061,38.5234,8.8674,57.0,0.172,30427.71,21.93,Capital Goods / Infra,6.0,10.0,14.0,9.0,5.0,44.0,1.0,Cash covers debt,Negative free cash flow,5.0,49.0,Strong order-book-driven revenue growth,49.69,4.0,Negative free cash flow,58.6,Watchlist,"Above 50 DMA, Above 200 DMA, Strong but overbought RSI, Near 52W high momentum, Positive day move, Cash covers debt, Strong 1M absolute return, Strong 3M absolute return, Strong 6M absolute return, 1M Nifty outperformance, 3M Nifty outperformance, 6M Nifty outperformance, Positive across 1M/3M/6M, 80.0% of closes stayed inside the range | Range width 42.9% | Currently 100.0% through the range"
DOLPHIN,Energy,Oil & Gas Equipment & Services,369.85,2.76,10.9,374.7,3293.12,1.29,68.86,298.44,127.3,16648.6,7353.0,0.44,Bullish,70.0,"Above 50 DMA, Above 200 DMA, Healthy RSI momentum, Near 52W high momentum, Strong positive day move",21.68,123.05,688.09,2.42,3.69,13.36,19.26,119.36,674.73,100.0,"Strong 1M absolute return, Strong 3M absolute return, Strong 6M absolute return, 1M Nifty outperformance, 3M Nifty outperformance, 6M Nifty outperformance, Positive across 1M/3M/6M",16.67,Profit Booking Zone,72.87,66.71,326.3,389.1,100.0,80.0% of closes stayed inside the range | Range width 389.1% | Currently 100.0% through the range,2.52,2.45,14.17,86.17,,-84.57,0.53,34.74,34.74,0.16,1.16,3.53,3.53,33.9739,,6.9344,,-0.005,2450.48,76.69,Energy / Utilities,9.0,0.0,17.0,17.0,4.0,47.0,0.86,,Earnings contraction,2.0,49.0,General low-debt support,59.29,10.0,"Low volume participation, Earnings contraction",58.54,Watchlist,"Above 50 DMA, Above 200 DMA, Healthy RSI momentum, Near 52W high momentum, Strong positive day move, Strong 1M absolute return, Strong 3M absolute return, Strong 6M absolute return, 1M Nifty outperformance, 3M Nifty outperformance, 6M Nifty outperformance, Positive across 1M/3M/6M, 80.0% of closes stayed inside the range | Range width 389.1% | Currently 100.0% through the range"
BAYERCROP,Basic Materials,Agricultural Inputs,5230.7,-1.56,3596.46,5836.75,45.44,10.38,54.41,5215.04,4911.38,29559.15,40771.0,1.38,Bullish,70.0,"Above 50 DMA, Above 200 DMA, Healthy RSI momentum, Near 52W high momentum, Volume expansion",10.59,-7.07,7.34,2.42,3.69,13.36,8.17,-10.76,-6.02,35.0,"Strong 1M absolute return, Positive 6M return, 1M Nifty outperformance",50.0,Neutral Range,78.5,4778.58,5603.04,17.25,54.84,80.0% of closes stayed inside the range | Range width 17.3% | Currently 54.8% through the range,25.99,16.11,18.57,15.14,-1.07,-2.33,1.65,2.44,1.48,1156.8,47.1,951.6,905.9,24.8814,21.5793,6.1354,3.69,0.234,18195.71,41.76,General,23.0,0.0,19.0,17.0,9.0,68.0,1.0,"Strong ROE, Cash covers debt","Revenue contraction, Earnings contraction",4.0,72.0,"General quality ROE, General low-debt support",45.97,0.0,,58.35,Watchlist,"Above 50 DMA, Above 200 DMA, Healthy RSI momentum, Near 52W high momentum, Volume expansion, Strong ROE, Cash covers debt, Strong 1M absolute return, Positive 6M return, 1M Nifty outperformance, 80.0% of closes stayed inside the range | Range width 17.3% | Currently 54.8% through the range"
AJOONI,Consumer Defensive,Packaged Foods,5.6,1.6,2.69,7.39,108.2,24.2,60.87,5.42,4.69,689157.45,1067165.0,1.55,Bullish,65.0,"Above 50 DMA, Above 200 DMA, Healthy RSI momentum, Volume expansion, Positive day move",27.0,-6.62,39.56,2.42,3.69,13.36,24.58,-10.31,26.2,60.0,"Strong 1M absolute return, Strong 6M absolute return, 1M Nifty outperformance, 6M Nifty outperformance",17.19,Neutral Range,80.21,4.23,6.08,43.75,73.81,83.3% of closes stayed inside the range | Range width 43.7% | Currently 73.8% through the range,5.06,4.55,1.89,2.7,7.55,92.16,5.08,10.74,5.63,0.43,2.17,22.91,17.31,15.28,,0.7935,,0.332,65.8,18.54,FMCG / Consumer,0.0,12.0,17.0,17.0,10.0,56.0,0.93,,,3.0,59.0,"Low debt, typical of a healthy consumer business",39.96,0.0,,57.89,Watchlist,"Above 50 DMA, Above 200 DMA, Healthy RSI momentum, Volume expansion, Positive day move, Strong 1M absolute return, Strong 6M absolute return, 1M Nifty outperformance, 6M Nifty outperformance, 83.3% of closes stayed inside the range | Range width 43.7% | Currently 73.8% through the range"
BOMDYEING,Consumer Cyclical,Textile Manufacturing,170.43,1.97,52.4,191.39,225.26,10.95,57.91,165.83,148.19,1214643.05,1088734.0,0.9,Bullish,65.0,"Above 50 DMA, Above 200 DMA, Healthy RSI momentum, Near 52W high momentum, Positive day move",15.7,10.85,14.14,2.42,3.69,13.36,13.28,7.16,0.78,55.0,"Strong 1M absolute return, Positive 3M return, Positive 6M return, 1M Nifty outperformance, Positive across 1M/3M/6M",25.0,Profit Booking Zone,80.36,148.99,177.23,18.95,75.91,80.0% of closes stayed inside the range | Range width 19.0% | Currently 75.9% through the range,157.35,115.16,-0.81,176.82,-37.12,670.67,0.0,2.04,1.58,55.97,0.0,354.92,245.82,120.8163,,1.0703,34.0,0.325,2445.37,29.44,Consumer Discretionary,19.0,10.0,20.0,17.0,6.0,72.0,1.0,"Strong ROE, Net cash position","Revenue contraction, Very high PE",4.0,76.0,"General quality ROE, General low-debt support",41.86,5.0,Revenue contraction,57.88,Watchlist,"Above 50 DMA, Above 200 DMA, Healthy RSI momentum, Near 52W high momentum, Positive day move, Strong ROE, Net cash position, Strong 1M absolute return, Positive 3M return, Positive 6M return, 1M Nifty outperformance, Positive across 1M/3M/6M, 80.0% of closes stayed inside the range | Range width 19.0% | Currently 75.9% through the range"
ALLDIGI,Industrials,Specialty Business Services,642.61,1.53,357.37,779.26,79.82,17.54,52.83,656.81,562.02,23693.7,11965.0,0.5,Bearish,40.0,"Above 200 DMA, Healthy RSI momentum, Positive day move",3.05,12.64,27.85,2.42,3.69,13.36,0.63,8.95,14.49,38.0,"Positive 1M return, Positive 3M return, Positive 6M return, Positive across 1M/3M/6M",49.21,Neutral Range,71.57,553.13,701.66,26.85,60.24,80.0% of closes stayed inside the range | Range width 26.9% | Currently 60.2% through the range,26.07,17.41,17.87,13.64,20.21,30.99,18.19,2.9,,81.38,44.65,90.83,73.35,14.5191,,4.9401,7.53,0.339,1239.87,42.25,Capital Goods / Infra,21.0,18.0,17.0,17.0,10.0,83.0,0.93,"Strong ROE, Cash covers debt",,5.0,88.0,Strong order-book-driven revenue growth,49.69,0.0,,57.75,Watchlist,"Above 200 DMA, Healthy RSI momentum, Positive day move, Strong ROE, Cash covers debt, Positive 1M return, Positive 3M return, Positive 6M return, Positive across 1M/3M/6M, 80.0% of closes stayed inside the range | Range width 26.9% | Currently 60.2% through the range"
CHOICEIN,Financial Services,Capital Markets,330.3,0.98,105.75,335.5,212.34,1.55,78.36,279.84,227.68,978795.4,1878796.0,1.92,Bullish,62.0,"Above 50 DMA, Above 200 DMA, Strong but overbought RSI, Near 52W high momentum, Volume expansion, Positive day move",32.17,23.26,54.17,2.42,3.69,13.36,29.75,19.57,40.81,100.0,"Strong 1M absolute return, Strong 3M absolute return, Strong 6M absolute return, 1M Nifty outperformance, 3M Nifty outperformance, 6M Nifty outperformance, Positive across 1M/3M/6M",10.0,Breakout Watch,81.17,217.14,289.78,33.45,100.0,80.0% of closes stayed inside the range | Range width 33.5% | Currently 100.0% through the range | Above upper band on elevated volume,20.72,7.25,28.54,17.44,92.79,117.85,74.89,1.56,,145.07,472.86,-152.98,-168.95,67.6182,52.322,9.3027,,-0.274,17519.14,65.2,Financial Services,19.0,20.0,8.0,0.0,3.0,50.0,0.86,Strong ROE,"Negative operating cash flow, Negative free cash flow",2.0,52.0,"Strong ROE for a leveraged-balance-sheet business, Expensive relative to book value for this sector",52.42,9.0,"Negative operating cash flow, Negative free cash flow",57.56,Watchlist,"Above 50 DMA, Above 200 DMA, Strong but overbought RSI, Near 52W high momentum, Volume expansion, Positive day move, Strong ROE, Strong 1M absolute return, Strong 3M absolute return, Strong 6M absolute return, 1M Nifty outperformance, 3M Nifty outperformance, 6M Nifty outperformance, Positive across 1M/3M/6M, 80.0% of closes stayed inside the range | Range width 33.5% | Currently 100.0% through the range | Above upper band on elevated volume"
ADOR,Industrials,Specialty Industrial Machinery,1391.6,-0.15,707.92,1685.34,96.57,17.43,57.19,1362.61,1272.42,16199.5,10916.0,0.67,Bullish,50.0,"Above 50 DMA, Above 200 DMA, Healthy RSI momentum",8.58,-5.15,22.74,2.42,3.69,13.36,6.16,-8.84,9.38,28.0,"Positive 1M return, Positive 6M return, 1M Nifty outperformance",68.25,Neutral Range,74.58,1273.68,1484.42,16.55,55.95,80.0% of closes stayed inside the range | Range width 16.5% | Currently 56.0% through the range,18.28,12.7,10.3,8.1,38.48,45.83,9.45,2.27,1.52,4.04,44.69,58.29,14.96,25.0782,19.9707,5.1337,2.24,0.289,2846.4,36.82,Capital Goods / Infra,17.0,20.0,17.0,17.0,11.0,82.0,1.0,Strong ROE,,5.0,87.0,Strong order-book-driven revenue growth,49.69,0.0,,57.4,Watchlist,"Above 50 DMA, Above 200 DMA, Healthy RSI momentum, Strong ROE, Positive 1M return, Positive 6M return, 1M Nifty outperformance, 80.0% of closes stayed inside the range | Range width 16.5% | Currently 56.0% through the range"
ALEMBICLTD,Real Estate,Real Estate - Development,87.97,1.96,50.35,100.95,74.69,12.87,53.69,87.96,80.52,821192.5,618293.0,0.75,Bullish,65.0,"Above 50 DMA, Above 200 DMA, Healthy RSI momentum, Near 52W high momentum, Positive day move",16.02,-0.27,12.61,2.42,3.69,13.36,13.6,-3.96,-0.75,35.0,"Strong 1M absolute return, Positive 6M return, 1M Nifty outperformance",75.0,Neutral Range,77.48,75.35,95.08,26.19,63.95,80.0% of closes stayed inside the range | Range width 26.2% | Currently 63.9% through the range,12.29,11.53,33.32,182.58,24.32,40.9,0.42,1.52,0.5,1.26,9.15,22.69,-33.6,8.2337,2.0088,1.0506,2.4,0.641,2568.85,65.41,Cement / Realty,20.0,18.0,13.0,9.0,15.0,75.0,1.0,,Negative free cash flow,2.0,77.0,General low-debt support,61.92,4.0,Negative free cash flow,57.24,Watchlist,"Above 50 DMA, Above 200 DMA, Healthy RSI momentum, Near 52W high momentum, Positive day move, Strong 1M absolute return, Positive 6M return, 1M Nifty outperformance, 80.0% of closes stayed inside the range | Range width 26.2% | Currently 63.9% through the range"
BAJAJCON,Consumer Defensive,Household & Personal Products,228.1,0.04,140.27,258.76,62.62,11.85,53.62,223.95,221.82,298472.2,164837.0,0.55,Bullish,65.0,"Above 50 DMA, Above 200 DMA, Healthy RSI momentum, Near 52W high momentum, Positive day move",3.52,5.14,0.26,2.42,3.69,13.36,1.1,1.45,-13.1,38.0,"Positive 1M return, Positive 3M return, Positive 6M return, Positive across 1M/3M/6M",32.81,Neutral Range,80.52,211.65,235.4,11.22,69.26,80.0% of closes stayed inside the range | Range width 11.2% | Currently 69.3% through the range,18.71,15.8,15.03,16.06,1.99,11.65,1.05,5.49,5.1,22.71,8.75,116.33,111.51,28.3353,21.0888,8.4669,,0.939,6236.37,61.47,FMCG / Consumer,19.0,5.0,20.0,17.0,7.0,68.0,0.93,"Strong ROE, Cash covers debt",,3.0,71.0,"Low debt, typical of a healthy consumer business",39.96,0.0,,56.59,Watchlist,"Above 50 DMA, Above 200 DMA, Healthy RSI momentum, Near 52W high momentum, Positive day move, Strong ROE, Cash covers debt, Positive 1M return, Positive 3M return, Positive 6M return, Positive across 1M/3M/6M, 80.0% of closes stayed inside the range | Range width 11.2% | Currently 69.3% through the range"
DBCORP,Communication Services,Publishing,257.44,0.59,79.37,333.92,224.34,22.9,54.71,251.64,234.2,71340.75,44827.0,0.63,Bullish,55.0,"Above 50 DMA, Above 200 DMA, Healthy RSI momentum, Positive day move",13.37,-5.96,-1.6,2.42,3.69,13.36,10.95,-9.65,-14.96,25.0,"Strong 1M absolute return, 1M Nifty outperformance",42.86,Neutral Range,75.26,227.04,278.14,22.51,59.49,80.0% of closes stayed inside the range | Range width 22.5% | Currently 59.5% through the range,19.16,14.22,20.61,18.12,13.1,151.66,11.41,2.94,2.54,85.15,253.39,578.65,531.19,10.3935,9.4438,1.4863,3.46,0.189,3610.9,52.8,Telecom,22.0,15.0,17.0,17.0,15.0,86.0,1.0,Strong ROE,,4.0,90.0,"General quality ROE, General low-debt support",33.96,0.0,,56.59,Watchlist,"Above 50 DMA, Above 200 DMA, Healthy RSI momentum, Positive day move, Strong ROE, Strong 1M absolute return, 1M Nifty outperformance, 80.0% of closes stayed inside the range | Range width 22.5% | Currently 59.5% through the range"
CENTUM,Technology,Electronic Components,2005.08,7.64,445.83,2023.92,349.74,0.93,71.01,1709.91,1512.21,32701.4,91704.0,2.8,Bullish,72.0,"Above 50 DMA, Above 200 DMA, Strong but overbought RSI, Near 52W high momentum, Strong volume expansion, Strong positive day move",26.01,41.61,41.18,2.42,3.69,13.36,23.59,37.92,27.82,100.0,"Strong 1M absolute return, Strong 3M absolute return, Strong 6M absolute return, 1M Nifty outperformance, 3M Nifty outperformance, 6M Nifty outperformance, Positive across 1M/3M/6M",9.62,Breakout Watch,83.46,1370.39,1811.66,32.2,100.0,80.0% of closes stayed inside the range | Range width 32.2% | Currently 100.0% through the range | Above upper band on elevated volume,0.87,0.17,4.77,0.17,18.55,-81.92,118.11,1.08,0.63,48.12,240.08,201.81,168.76,54.1151,31.1003,14.787,15.0,0.144,5082.27,33.08,IT / Technology,0.0,8.0,4.0,17.0,7.0,36.0,1.0,,Earnings contraction,0.0,36.0,,52.93,7.0,Earnings contraction,56.54,Watchlist,"Above 50 DMA, Above 200 DMA, Strong but overbought RSI, Near 52W high momentum, Strong volume expansion, Strong positive day move, Strong 1M absolute return, Strong 3M absolute return, Strong 6M absolute return, 1M Nifty outperformance, 3M Nifty outperformance, 6M Nifty outperformance, Positive across 1M/3M/6M, 80.0% of closes stayed inside the range | Range width 32.2% | Currently 100.0% through the range | Above upper band on elevated volume"
BANCOINDIA,Consumer Cyclical,Auto Parts,296.07,1.6,76.49,337.55,287.07,12.29,53.83,297.88,247.89,148081.3,70536.0,0.48,Bearish,50.0,"Above 200 DMA, Healthy RSI momentum, Near 52W high momentum, Positive day move",7.97,-5.73,33.74,2.42,3.69,13.36,5.55,-9.42,20.38,53.0,"Positive 1M return, Strong 6M absolute return, 1M Nifty outperformance, 6M Nifty outperformance",29.05,Neutral Range,74.75,244.66,317.71,29.86,70.38,80.0% of closes stayed inside the range | Range width 29.9% | Currently 70.4% through the range,25.81,13.39,12.85,9.9,19.2,15.2,40.23,2.24,0.87,16.8,422.97,458.09,362.94,18.0724,,5.3011,2.57,0.69,8931.25,46.89,Automobile,19.0,16.0,12.0,17.0,10.0,74.0,1.0,Strong ROE,,4.0,78.0,"General quality ROE, General low-debt support",41.86,3.0,Low volume participation,56.33,Watchlist,"Above 200 DMA, Healthy RSI momentum, Near 52W high momentum, Positive day move, Strong ROE, Positive 1M return, Strong 6M absolute return, 1M Nifty outperformance, 6M Nifty outperformance, 80.0% of closes stayed inside the range | Range width 29.9% | Currently 70.4% through the range"
AVANTIFEED,Consumer Defensive,Packaged Foods,506.87,2.39,305.46,578.22,65.94,12.34,56.13,493.77,432.23,273614.4,580630.0,2.12,Bullish,85.0,"Above 50 DMA, Above 200 DMA, Healthy RSI momentum, Near 52W high momentum, Strong volume expansion, Strong positive day move",6.61,-5.37,22.2,2.42,3.69,13.36,4.19,-9.06,8.84,18.0,"Positive 1M return, Positive 6M return",62.5,Profit Booking Zone,84.63,381.7,516.65,35.35,92.76,80.0% of closes stayed inside the range | Range width 35.4% | Currently 92.8% through the range,15.1,11.53,7.64,6.72,5.46,28.16,0.7,7.13,4.61,12.52,16.53,260.11,129.05,21.6938,16.9416,3.4279,1.18,0.168,11264.11,25.16,FMCG / Consumer,11.0,12.0,17.0,17.0,10.0,67.0,1.0,,,3.0,70.0,"Low debt, typical of a healthy consumer business",39.96,0.0,,56.24,Watchlist,"Above 50 DMA, Above 200 DMA, Healthy RSI momentum, Near 52W high momentum, Strong volume expansion, Strong positive day move, Positive 1M return, Positive 6M return, 80.0% of closes stayed inside the range | Range width 35.4% | Currently 92.8% through the range"
BFUTILITIE,Industrials,Infrastructure Operations,818.15,-0.07,283.4,977.95,188.69,16.34,54.07,793.03,631.83,365189.7,299876.0,0.82,Bullish,50.0,"Above 50 DMA, Above 200 DMA, Healthy RSI momentum",16.83,39.5,26.72,2.42,3.69,13.36,14.41,35.81,13.36,80.0,"Strong 1M absolute return, Strong 3M absolute return, Positive 6M return, 1M Nifty outperformance, 3M Nifty outperformance, Positive across 1M/3M/6M",26.98,Profit Booking Zone,75.22,588.54,849.44,44.33,88.01,80.0% of closes stayed inside the range | Range width 44.3% | Currently 88.0% through the range,266.18,6.07,53.13,15.21,27.61,18.45,2344.13,1.43,0.77,50.23,1297.73,583.15,340.12,12.1459,,9.536,,0.415,1921.99,91.91,Capital Goods / Infra,21.0,18.0,2.0,17.0,6.0,64.0,0.93,Strong ROE,Very high debt,5.0,69.0,Strong order-book-driven revenue growth,49.69,8.0,Very high debt,56.1,Watchlist,"Above 50 DMA, Above 200 DMA, Healthy RSI momentum, Strong ROE, Strong 1M absolute return, Strong 3M absolute return, Positive 6M return, 1M Nifty outperformance, 3M Nifty outperformance, Positive across 1M/3M/6M, 80.0% of closes stayed inside the range | Range width 44.3% | Currently 88.0% through the range"
ASTRAMICRO,Technology,Communication Equipment,704.65,-0.2,211.41,716.99,233.31,1.72,71.09,621.09,509.76,470892.9,374270.0,0.79,Bullish,47.0,"Above 50 DMA, Above 200 DMA, Strong but overbought RSI, Near 52W high momentum",32.19,23.44,56.18,2.42,3.69,13.36,29.77,19.75,42.82,100.0,"Strong 1M absolute return, Strong 3M absolute return, Strong 6M absolute return, 1M Nifty outperformance, 3M Nifty outperformance, 6M Nifty outperformance, Positive across 1M/3M/6M",9.62,Profit Booking Zone,78.97,513.04,652.26,27.14,100.0,80.0% of closes stayed inside the range | Range width 27.1% | Currently 100.0% through the range,12.53,8.21,18.38,13.32,11.68,73.37,24.6,2.85,1.66,66.06,237.64,-181.52,-228.97,84.7369,52.4736,12.3282,14.0,0.519,16203.32,51.09,IT / Technology,18.0,15.0,15.0,0.0,5.0,53.0,1.0,,"Negative operating cash flow, Negative free cash flow, Very high PE",5.0,58.0,Strong operating margin,52.93,9.0,"Negative operating cash flow, Negative free cash flow",55.99,Watchlist,"Above 50 DMA, Above 200 DMA, Strong but overbought RSI, Near 52W high momentum, Strong 1M absolute return, Strong 3M absolute return, Strong 6M absolute return, 1M Nifty outperformance, 3M Nifty outperformance, 6M Nifty outperformance, Positive across 1M/3M/6M, 80.0% of closes stayed inside the range | Range width 27.1% | Currently 100.0% through the range"
CHENNPETRO,Energy,Oil & Gas Refining & Marketing,836.47,-1.39,157.18,933.89,432.18,10.43,53.62,818.16,582.7,935923.45,524662.0,0.56,Bullish,60.0,"Above 50 DMA, Above 200 DMA, Healthy RSI momentum, Near 52W high momentum",9.5,8.47,75.53,2.42,3.69,13.36,7.08,4.78,62.17,73.0,"Positive 1M return, Positive 3M return, Strong 6M absolute return, 1M Nifty outperformance, 6M Nifty outperformance, Positive across 1M/3M/6M",55.56,Profit Booking Zone,76.12,528.16,848.24,60.6,96.32,80.0% of closes stayed inside the range | Range width 60.6% | Currently 96.3% through the range,31.12,14.97,5.95,4.14,-13.45,-22.27,31.58,1.38,0.31,0.17,2785.9,2694.25,2091.57,4.7837,3.3444,1.7977,4.58,0.038,19970.51,11.65,Energy / Utilities,13.0,0.0,9.0,17.0,15.0,54.0,1.0,Strong ROE,"Revenue contraction, Earnings contraction",4.0,58.0,"General quality ROE, General low-debt support",59.29,7.0,Earnings contraction,55.44,Watchlist,"Above 50 DMA, Above 200 DMA, Healthy RSI momentum, Near 52W high momentum, Strong ROE, Positive 1M return, Positive 3M return, Strong 6M absolute return, 1M Nifty outperformance, 6M Nifty outperformance, Positive across 1M/3M/6M, 80.0% of closes stayed inside the range | Range width 60.6% | Currently 96.3% through the range"
ARVIND,Consumer Cyclical,Textile Manufacturing,319.12,7.61,72.83,325.03,338.18,1.82,71.04,279.69,215.04,450052.8,1067094.0,2.37,Bullish,72.0,"Above 50 DMA, Above 200 DMA, Strong but overbought RSI, Near 52W high momentum, Strong volume expansion, Strong positive day move",25.65,17.37,71.12,2.42,3.69,13.36,23.23,13.68,57.76,95.0,"Strong 1M absolute return, Positive 3M return, Strong 6M absolute return, 1M Nifty outperformance, 3M Nifty outperformance, 6M Nifty outperformance, Positive across 1M/3M/6M",8.11,Breakout Watch,81.34,206.54,302.13,46.28,100.0,80.0% of closes stayed inside the range | Range width 46.3% | Currently 100.0% through the range | Above upper band on elevated volume,9.5,4.64,8.29,4.5,-7.93,-16.8,40.87,1.12,0.48,57.32,1447.99,696.36,418.4,34.2376,21.2246,3.5216,83.0,0.17,14243.36,48.3,Consumer Discretionary,2.0,0.0,9.0,17.0,11.0,39.0,1.0,,"Revenue contraction, Earnings contraction",2.0,41.0,General low-debt support,41.86,7.0,Earnings contraction,55.38,Watchlist,"Above 50 DMA, Above 200 DMA, Strong but overbought RSI, Near 52W high momentum, Strong volume expansion, Strong positive day move, Strong 1M absolute return, Positive 3M return, Strong 6M absolute return, 1M Nifty outperformance, 3M Nifty outperformance, 6M Nifty outperformance, Positive across 1M/3M/6M, 80.0% of closes stayed inside the range | Range width 46.3% | Currently 100.0% through the range | Above upper band on elevated volume"
ASHOKA,Industrials,Engineering & Construction,175.1,0.03,70.15,195.5,149.61,10.43,57.59,170.62,136.26,1507713.5,1194375.0,0.79,Bullish,65.0,"Above 50 DMA, Above 200 DMA, Healthy RSI momentum, Near 52W high momentum, Positive day move",11.64,11.96,29.23,2.42,3.69,13.36,9.22,8.27,15.87,70.0,"Strong 1M absolute return, Positive 3M return, Positive 6M return, 1M Nifty outperformance, 6M Nifty outperformance, Positive across 1M/3M/6M",31.75,Profit Booking Zone,81.66,136.76,179.25,31.07,90.23,80.8% of closes stayed inside the range | Range width 31.1% | Currently 90.2% through the range,22.66,2.63,13.34,5.62,21.8,72.04,255.14,1.21,1.13,458.8,5664.66,748.84,602.61,5.0973,8.0321,0.4806,,0.512,3162.35,31.8,Capital Goods / Infra,9.0,18.0,4.0,17.0,10.0,58.0,0.93,Strong ROE,Very high debt,5.0,63.0,Strong order-book-driven revenue growth,49.69,8.0,Very high debt,55.25,Watchlist,"Above 50 DMA, Above 200 DMA, Healthy RSI momentum, Near 52W high momentum, Positive day move, Strong ROE, Strong 1M absolute return, Positive 3M return, Positive 6M return, 1M Nifty outperformance, 6M Nifty outperformance, Positive across 1M/3M/6M, 80.8% of closes stayed inside the range | Range width 31.1% | Currently 90.2% through the range"
AMJLAND,Real Estate,Real Estate - Development,37.24,-0.26,18.4,44.85,102.41,16.96,54.19,36.68,34.64,72152.2,30325.0,0.42,Bullish,50.0,"Above 50 DMA, Above 200 DMA, Healthy RSI momentum",17.08,-4.44,15.82,2.42,3.69,13.36,14.66,-8.13,2.46,35.0,"Strong 1M absolute return, Positive 6M return, 1M Nifty outperformance",75.0,Neutral Range,73.0,32.65,41.05,25.73,54.61,80.0% of closes stayed inside the range | Range width 25.7% | Currently 54.6% through the range,6.2,4.83,21.41,19.65,59.75,62.94,8.38,3.43,2.1,13.3,15.0,23.83,23.73,10.7278,,0.7437,52.0,0.333,158.34,56.25,Cement / Realty,11.0,20.0,17.0,17.0,12.0,77.0,1.0,,,2.0,79.0,General low-debt support,61.92,3.0,Low volume participation,55.19,Watchlist,"Above 50 DMA, Above 200 DMA, Healthy RSI momentum, Strong 1M absolute return, Positive 6M return, 1M Nifty outperformance, 80.0% of closes stayed inside the range | Range width 25.7% | Currently 54.6% through the range"
AMNPLST,Basic Materials,Chemicals,211.94,12.45,148.43,234.46,42.79,9.6,72.82,177.88,,35645.75,454551.0,12.75,Bullish,57.0,"Above 50 DMA, Strong but overbought RSI, Near 52W high momentum, Strong volume expansion, Strong positive day move",35.38,8.8,,2.42,3.69,13.36,32.96,5.11,,35.0,"Strong 1M absolute return, Positive 3M return, 1M Nifty outperformance",50.0,Profit Booking Zone,79.87,155.68,205.81,32.2,100.0,79.6% of closes stayed inside the range | Range width 32.2% | Currently 100.0% through the range,18.1,10.23,9.89,6.16,8.33,74.13,38.62,2.18,1.54,35.68,85.0,46.85,43.14,26.271,,3.4674,27.0,0.166,1013.25,24.77,Chemicals,13.0,15.0,15.0,17.0,8.0,68.0,1.0,Strong ROE,,4.0,72.0,"General quality ROE, General low-debt support",45.97,0.0,,55.1,Watchlist,"Above 50 DMA, Strong but overbought RSI, Near 52W high momentum, Strong volume expansion, Strong positive day move, Strong ROE, Strong 1M absolute return, Positive 3M return, 1M Nifty outperformance, 79.6% of closes stayed inside the range | Range width 32.2% | Currently 100.0% through the range"
DBL,Industrials,Engineering & Construction,452.21,2.05,158.87,502.51,184.64,10.01,54.86,436.12,359.91,748336.6,337159.0,0.45,Bullish,70.0,"Above 50 DMA, Above 200 DMA, Healthy RSI momentum, Near 52W high momentum, Strong positive day move",13.71,16.51,41.26,2.42,3.69,13.36,11.29,12.82,27.9,95.0,"Strong 1M absolute return, Positive 3M return, Strong 6M absolute return, 1M Nifty outperformance, 3M Nifty outperformance, 6M Nifty outperformance, Positive across 1M/3M/6M",22.22,Profit Booking Zone,83.32,359.91,455.72,26.62,96.34,80.0% of closes stayed inside the range | Range width 26.6% | Currently 96.3% through the range,4.44,1.17,9.66,1.65,13.58,20654.6,165.83,1.32,0.81,385.62,7245.98,1080.48,-4473.06,5.2919,16.4891,0.7803,25.0,0.63,6610.69,25.82,Capital Goods / Infra,0.0,15.0,2.0,9.0,12.0,38.0,1.0,,Negative free cash flow,0.0,38.0,,49.69,7.0,"Low volume participation, Negative free cash flow",55.0,Watchlist,"Above 50 DMA, Above 200 DMA, Healthy RSI momentum, Near 52W high momentum, Strong positive day move, Strong 1M absolute return, Positive 3M return, Strong 6M absolute return, 1M Nifty outperformance, 3M Nifty outperformance, 6M Nifty outperformance, Positive across 1M/3M/6M, 80.0% of closes stayed inside the range | Range width 26.6% | Currently 96.3% through the range"
CSBBANK,Financial Services,Banks - Regional,403.5,-0.09,205.35,422.25,96.49,4.44,62.36,368.92,352.47,456417.05,103614.0,0.23,Bullish,60.0,"Above 50 DMA, Above 200 DMA, Healthy RSI momentum, Near 52W high momentum",18.07,6.89,10.73,2.42,3.69,13.36,15.65,3.2,-2.63,55.0,"Strong 1M absolute return, Positive 3M return, Positive 6M return, 1M Nifty outperformance, Positive across 1M/3M/6M",51.25,Profit Booking Zone,82.93,341.54,403.91,18.26,99.35,80.0% of closes stayed inside the range | Range width 18.3% | Currently 99.4% through the range,14.9,1.57,,27.5,24.93,3.56,46.2,,,3291.9,1757.38,1782.98,1664.55,8.7807,5.9769,1.192,,0.271,5699.53,0.0,Banking,10.0,10.0,10.0,17.0,13.0,60.0,0.71,Cash covers debt,,0.0,60.0,,52.42,3.0,Low volume participation,54.61,Neutral,"Above 50 DMA, Above 200 DMA, Healthy RSI momentum, Near 52W high momentum, Cash covers debt, Strong 1M absolute return, Positive 3M return, Positive 6M return, 1M Nifty outperformance, Positive across 1M/3M/6M, 80.0% of closes stayed inside the range | Range width 18.3% | Currently 99.4% through the range"
ARIHANTSUP,Real Estate,Real Estate - Development,357.63,-0.89,157.42,413.03,127.18,13.41,54.23,345.59,253.15,44134.35,30620.0,0.69,Bullish,60.0,"Above 50 DMA, Above 200 DMA, Healthy RSI momentum, Near 52W high momentum",13.13,13.16,78.89,2.42,3.69,13.36,10.71,9.47,65.53,80.0,"Strong 1M absolute return, Positive 3M return, Strong 6M absolute return, 1M Nifty outperformance, 6M Nifty outperformance, Positive across 1M/3M/6M",50.0,Profit Booking Zone,73.7,214.78,370.17,72.35,91.93,80.0% of closes stayed inside the range | Range width 72.3% | Currently 91.9% through the range,25.72,5.76,22.02,13.74,29.62,120.44,177.35,2.47,0.4,15.05,477.39,-120.69,-121.9,25.9766,,3.0439,10.0,0.67,1104.39,37.72,Cement / Realty,20.0,20.0,5.0,0.0,8.0,53.0,1.0,Strong ROE,"Negative operating cash flow, Negative free cash flow",2.0,55.0,General quality ROE,61.92,9.0,"Negative operating cash flow, Negative free cash flow",54.54,Neutral,"Above 50 DMA, Above 200 DMA, Healthy RSI momentum, Near 52W high momentum, Strong ROE, Strong 1M absolute return, Positive 3M return, Strong 6M absolute return, 1M Nifty outperformance, 6M Nifty outperformance, Positive across 1M/3M/6M, 80.0% of closes stayed inside the range | Range width 72.3% | Currently 91.9% through the range"
ACC,Basic Materials,Building Materials,2421.78,2.04,1564.35,2736.02,54.81,11.49,44.43,2526.22,2134.23,317678.3,450921.0,1.42,Bearish,43.0,"Above 200 DMA, Weak but watchable RSI, Volume expansion, Strong positive day move",2.29,8.92,20.77,2.42,3.69,13.36,-0.13,5.23,7.41,38.0,"Positive 1M return, Positive 3M return, Positive 6M return, Positive across 1M/3M/6M",42.5,Profit Booking Zone,72.2,1830.26,2609.45,42.57,75.91,80.0% of closes stayed inside the range | Range width 42.6% | Currently 75.9% through the range,14.3,9.99,11.12,11.93,12.37,259.53,2.17,1.59,1.29,1603.95,354.85,2995.11,1600.31,12.8862,13.3027,1.1938,57.0,0.358,24532.53,40.61,Cement / Realty,14.0,15.0,18.0,17.0,12.0,76.0,1.0,Cash covers debt,,2.0,78.0,General low-debt support,45.97,0.0,,54.45,Neutral,"Above 200 DMA, Weak but watchable RSI, Volume expansion, Strong positive day move, Cash covers debt, Positive 1M return, Positive 3M return, Positive 6M return, Positive across 1M/3M/6M, 80.0% of closes stayed inside the range | Range width 42.6% | Currently 75.9% through the range"
BEPL,Basic Materials,Chemicals,94.08,-1.2,46.55,106.96,102.12,12.04,60.32,88.38,85.93,1236831.5,778609.0,0.63,Bullish,60.0,"Above 50 DMA, Above 200 DMA, Healthy RSI momentum, Near 52W high momentum",20.23,-6.16,11.12,2.42,3.69,13.36,17.81,-9.85,-2.24,35.0,"Strong 1M absolute return, Positive 6M return, 1M Nifty outperformance",50.0,Neutral Range,77.76,79.65,99.73,25.22,71.85,80.0% of closes stayed inside the range | Range width 25.2% | Currently 71.9% through the range,19.44,16.99,16.56,14.68,-10.34,31.16,,7.13,5.95,103.78,,231.01,209.63,15.3632,21.2234,2.8377,3.24,0.188,3073.9,32.7,Chemicals,19.0,10.0,8.0,17.0,12.0,66.0,0.93,Strong ROE,Revenue contraction,2.0,68.0,General quality ROE,45.97,0.0,,54.45,Neutral,"Above 50 DMA, Above 200 DMA, Healthy RSI momentum, Near 52W high momentum, Strong ROE, Strong 1M absolute return, Positive 6M return, 1M Nifty outperformance, 80.0% of closes stayed inside the range | Range width 25.2% | Currently 71.9% through the range"
CHEMBOND,Basic Materials,Specialty Chemicals,544.42,8.05,169.23,623.1,221.7,12.63,67.1,488.16,449.77,21481.4,80420.0,3.74,Bullish,85.0,"Above 50 DMA, Above 200 DMA, Healthy RSI momentum, Near 52W high momentum, Strong volume expansion, Strong positive day move",18.87,0.48,50.93,2.42,3.69,13.36,16.45,-3.21,37.57,80.0,"Strong 1M absolute return, Positive 3M return, Strong 6M absolute return, 1M Nifty outperformance, 6M Nifty outperformance, Positive across 1M/3M/6M",16.67,Profit Booking Zone,85.39,430.68,555.17,28.91,91.37,80.0% of closes stayed inside the range | Range width 28.9% | Currently 91.4% through the range,7.8,5.84,2.23,6.3,-59.57,-55.47,4.67,2.13,1.81,3.6,6.68,94.33,83.24,16.1556,,1.4056,1.15,1.032,234.65,39.13,Chemicals,5.0,0.0,17.0,17.0,11.0,50.0,1.0,,"Revenue contraction, Earnings contraction",2.0,52.0,General low-debt support,45.97,12.0,"Revenue contraction, Earnings contraction",54.35,Neutral,"Above 50 DMA, Above 200 DMA, Healthy RSI momentum, Near 52W high momentum, Strong volume expansion, Strong positive day move, Strong 1M absolute return, Positive 3M return, Strong 6M absolute return, 1M Nifty outperformance, 6M Nifty outperformance, Positive across 1M/3M/6M, 80.0% of closes stayed inside the range | Range width 28.9% | Currently 91.4% through the range"
APOLLOTYRE,Consumer Cyclical,Auto Parts,469.81,1.32,238.15,538.87,97.28,12.82,53.69,479.58,425.08,1990682.5,1449810.0,0.73,Bearish,50.0,"Above 200 DMA, Healthy RSI momentum, Near 52W high momentum, Positive day move",7.6,3.11,27.8,2.42,3.69,13.36,5.18,-0.58,14.44,48.0,"Positive 1M return, Positive 3M return, Positive 6M return, 1M Nifty outperformance, Positive across 1M/3M/6M",31.76,Neutral Range,73.82,401.2,511.92,27.6,61.97,80.0% of closes stayed inside the range | Range width 27.6% | Currently 62.0% through the range,12.39,6.39,11.95,6.88,3.72,64.64,35.28,1.28,0.68,911.56,4905.1,3439.52,2709.11,16.4503,13.2258,1.6784,2.48,0.148,28054.98,43.16,Automobile,12.0,12.0,9.0,17.0,15.0,65.0,1.0,,,2.0,67.0,General low-debt support,41.86,0.0,,54.23,Neutral,"Above 200 DMA, Healthy RSI momentum, Near 52W high momentum, Positive day move, Positive 1M return, Positive 3M return, Positive 6M return, 1M Nifty outperformance, Positive across 1M/3M/6M, 80.0% of closes stayed inside the range | Range width 27.6% | Currently 62.0% through the range"
CCAVENUE,Technology,Software - Infrastructure,35.05,1.01,12.8,42.44,173.84,17.41,48.51,35.71,23.66,39100242.65,21035353.0,0.54,Bearish,32.0,"Above 200 DMA, RSI recovering, Positive day move",-2.23,31.46,67.14,2.42,3.69,13.36,-4.65,27.77,53.78,70.0,"Strong 3M absolute return, Strong 6M absolute return, 3M Nifty outperformance, 6M Nifty outperformance",34.62,Profit Booking Zone,65.93,20.12,36.76,82.75,89.71,80.0% of closes stayed inside the range | Range width 82.8% | Currently 89.7% through the range,4.67,3.07,5.98,5.02,60.54,13.25,2.46,1.36,,190.58,83.39,728.39,436.8,15.9063,14.4057,0.9121,,0.033,5315.52,5.84,IT / Technology,0.0,15.0,14.0,17.0,13.0,59.0,0.86,Cash covers debt,,0.0,59.0,,52.93,0.0,,54.09,Neutral,"Above 200 DMA, RSI recovering, Positive day move, Cash covers debt, Strong 3M absolute return, Strong 6M absolute return, 3M Nifty outperformance, 6M Nifty outperformance, 80.0% of closes stayed inside the range | Range width 82.8% | Currently 89.7% through the range"
DBREALTY,Real Estate,Real Estate - Development,221.5,2.95,55.1,284.9,302.0,22.25,50.76,239.44,182.16,7455953.25,5790073.0,0.78,Bearish,45.0,"Above 200 DMA, Healthy RSI momentum, Strong positive day move",7.58,-2.34,30.03,2.42,3.69,13.36,5.16,-6.03,16.67,53.0,"Positive 1M return, Strong 6M absolute return, 1M Nifty outperformance, 6M Nifty outperformance",64.29,Lower Range Watch,68.85,183.05,270.41,47.73,44.01,80.0% of closes stayed inside the range | Range width 47.7% | Currently 44.0% through the range,26.31,14.4,44.81,369.09,-48.1,1559.75,40.82,2.2,0.75,780.62,2047.07,236.7,184.5,429.48,,1.1532,,-0.426,5823.82,64.86,Cement / Realty,25.0,10.0,12.0,17.0,4.0,68.0,0.93,Strong ROE,"Revenue contraction, Very high PE",4.0,72.0,"General quality ROE, General low-debt support",61.92,5.0,Revenue contraction,53.99,Neutral,"Above 200 DMA, Healthy RSI momentum, Strong positive day move, Strong ROE, Positive 1M return, Strong 6M absolute return, 1M Nifty outperformance, 6M Nifty outperformance, 80.0% of closes stayed inside the range | Range width 47.7% | Currently 44.0% through the range"
ASHIMASYN,Real Estate,Real Estate - Development,21.45,17.21,12.15,26.15,76.54,17.97,61.52,20.39,16.84,472581.05,3895969.0,8.24,Bullish,75.0,"Above 50 DMA, Above 200 DMA, Healthy RSI momentum, Strong volume expansion, Strong positive day move",16.89,9.44,31.19,2.42,3.69,13.36,14.47,5.75,17.83,80.0,"Strong 1M absolute return, Positive 3M return, Strong 6M absolute return, 1M Nifty outperformance, 6M Nifty outperformance, Positive across 1M/3M/6M",50.0,Profit Booking Zone,82.16,15.76,22.15,40.55,89.05,80.8% of closes stayed inside the range | Range width 40.5% | Currently 89.0% through the range,30.43,18.1,79.61,107.59,-56.71,1549.77,38.37,3.07,1.29,64.47,121.59,-38.51,-43.68,,,1.3033,,0.217,360.9,71.39,Cement / Realty,25.0,10.0,14.0,0.0,4.0,53.0,0.86,Strong ROE,"Revenue contraction, Negative operating cash flow, Negative free cash flow",4.0,57.0,"General quality ROE, General low-debt support",61.92,14.0,"Revenue contraction, Negative operating cash flow, Negative free cash flow",53.99,Neutral,"Above 50 DMA, Above 200 DMA, Healthy RSI momentum, Strong volume expansion, Strong positive day move, Strong ROE, Strong 1M absolute return, Positive 3M return, Strong 6M absolute return, 1M Nifty outperformance, 6M Nifty outperformance, Positive across 1M/3M/6M, 80.8% of closes stayed inside the range | Range width 40.5% | Currently 89.0% through the range"
BPL,Technology,Consumer Electronics,99.1,-0.35,46.7,127.5,112.21,22.27,54.03,97.72,84.16,497032.6,109233.0,0.22,Bullish,50.0,"Above 50 DMA, Above 200 DMA, Healthy RSI momentum",5.65,14.57,12.04,2.42,3.69,13.36,3.23,10.88,-1.32,53.0,"Positive 1M return, Positive 3M return, Positive 6M return, 3M Nifty outperformance, Positive across 1M/3M/6M",55.77,Neutral Range,74.69,82.33,106.47,29.31,69.46,80.0% of closes stayed inside the range | Range width 29.3% | Currently 69.5% through the range,5.33,2.16,24.44,20.01,27.21,161.06,5.03,0.28,0.26,6.05,12.54,6.82,0.57,,,1.0438,,0.165,246.98,36.2,IT / Technology,11.0,20.0,9.0,17.0,4.0,61.0,0.86,,,5.0,66.0,Strong operating margin,52.93,3.0,Low volume participation,53.79,Neutral,"Above 50 DMA, Above 200 DMA, Healthy RSI momentum, Positive 1M return, Positive 3M return, Positive 6M return, 3M Nifty outperformance, Positive across 1M/3M/6M, 80.0% of closes stayed inside the range | Range width 29.3% | Currently 69.5% through the range"
AIAENG,Industrials,Specialty Industrial Machinery,3809.89,-0.06,2352.9,4589.88,61.92,16.99,47.99,3792.99,3608.94,54152.9,79996.0,1.48,Bullish,52.0,"Above 50 DMA, Above 200 DMA, RSI recovering, Volume expansion",5.5,3.37,10.82,2.42,3.69,13.36,3.08,-0.32,-2.54,38.0,"Positive 1M return, Positive 3M return, Positive 6M return, Positive across 1M/3M/6M",49.21,Neutral Range,77.34,3506.46,3954.24,12.77,67.76,80.0% of closes stayed inside the range | Range width 12.8% | Currently 67.8% through the range,17.06,15.15,26.03,23.74,-1.41,7.54,6.93,8.01,6.4,180.33,461.06,902.72,691.96,31.1659,27.9992,4.9227,38.0,0.263,,54.66,Capital Goods / Infra,21.0,2.0,17.0,17.0,11.0,68.0,1.0,,Revenue contraction,0.0,68.0,,49.69,0.0,,53.75,Neutral,"Above 50 DMA, Above 200 DMA, RSI recovering, Volume expansion, Positive 1M return, Positive 3M return, Positive 6M return, Positive across 1M/3M/6M, 80.0% of closes stayed inside the range | Range width 12.8% | Currently 67.8% through the range"
BHARATWIRE,Basic Materials,Steel,302.05,-0.79,87.3,400.6,245.99,24.6,51.21,305.79,277.64,107756.1,172881.0,1.6,Bearish,45.0,"Above 200 DMA, Healthy RSI momentum, Volume expansion",12.04,-18.73,7.11,2.42,3.69,13.36,9.62,-22.42,-6.25,35.0,"Strong 1M absolute return, Positive 6M return, 1M Nifty outperformance",50.0,Lower Range Watch,72.51,271.46,355.49,30.95,36.41,80.0% of closes stayed inside the range | Range width 31.0% | Currently 36.4% through the range,14.58,11.53,22.97,15.49,12.98,54.81,20.01,7.55,5.32,0.06,132.23,85.22,60.22,25.8273,,1.582,,0.627,1286.17,48.87,Metals / Mining,18.0,15.0,15.0,17.0,8.0,73.0,0.93,,,2.0,75.0,General low-debt support,45.97,0.0,,53.15,Neutral,"Above 200 DMA, Healthy RSI momentum, Volume expansion, Strong 1M absolute return, Positive 6M return, 1M Nifty outperformance, 80.0% of closes stayed inside the range | Range width 31.0% | Currently 36.4% through the range"
CPCAP,Financial Services,Credit Services,343.72,4.99,115.06,343.72,198.73,0.0,76.01,272.47,222.4,31415.4,32169.0,1.02,Bullish,62.0,"Above 50 DMA, Above 200 DMA, Strong but overbought RSI, Near 52W high momentum, Normal volume support, Strong positive day move",31.17,51.79,69.37,2.42,3.69,13.36,28.75,48.1,56.01,100.0,"Strong 1M absolute return, Strong 3M absolute return, Strong 6M absolute return, 1M Nifty outperformance, 3M Nifty outperformance, 6M Nifty outperformance, Positive across 1M/3M/6M",10.0,Profit Booking Zone,78.17,194.87,298.98,53.43,100.0,80.0% of closes stayed inside the range | Range width 53.4% | Currently 100.0% through the range,8.72,7.48,82.1,80.08,-37.01,263.58,10.6,1.92,1.92,4.94,52.86,-25.73,-25.73,4.6051,,0.3627,,-0.237,207.76,91.57,Financial Services,16.0,10.0,16.0,0.0,10.0,52.0,0.93,,"Revenue contraction, Negative operating cash flow, Negative free cash flow",0.0,52.0,,52.42,14.0,"Revenue contraction, Negative operating cash flow, Negative free cash flow",52.56,Neutral,"Above 50 DMA, Above 200 DMA, Strong but overbought RSI, Near 52W high momentum, Normal volume support, Strong positive day move, Strong 1M absolute return, Strong 3M absolute return, Strong 6M absolute return, 1M Nifty outperformance, 3M Nifty outperformance, 6M Nifty outperformance, Positive across 1M/3M/6M, 80.0% of closes stayed inside the range | Range width 53.4% | Currently 100.0% through the range"
CORDSCABLE,Unknown,Unknown,169.23,0.09,55.42,209.51,205.36,19.23,47.73,175.17,123.3,31016.75,17805.0,0.57,Bearish,32.0,"Above 200 DMA, RSI recovering, Positive day move",1.97,53.43,46.03,2.42,3.69,13.36,-0.45,49.74,32.67,88.0,"Positive 1M return, Strong 3M absolute return, Strong 6M absolute return, 3M Nifty outperformance, 6M Nifty outperformance, Positive across 1M/3M/6M",12.5,Profit Booking Zone,67.36,110.45,185.7,68.13,78.12,80.8% of closes stayed inside the range | Range width 68.1% | Currently 78.1% through the range,5.95,2.78,5.72,1.6,19.29,39.49,50.07,1.59,1.19,0.14,84.75,29.83,24.34,,,,,,,,General,0.0,18.0,10.0,17.0,0.0,45.0,0.79,,,2.0,47.0,General low-debt support,40.16,0.0,,52.47,Neutral,"Above 200 DMA, RSI recovering, Positive day move, Positive 1M return, Strong 3M absolute return, Strong 6M absolute return, 3M Nifty outperformance, 6M Nifty outperformance, Positive across 1M/3M/6M, 80.8% of closes stayed inside the range | Range width 68.1% | Currently 78.1% through the range"
DENORA,Industrials,Electrical Equipment & Parts,1758.68,-0.77,584.64,2331.12,200.82,24.56,63.27,1591.96,1642.98,28205.95,28060.0,0.99,Bullish,50.0,"Above 50 DMA, Above 200 DMA, Healthy RSI momentum",24.73,13.24,20.04,2.42,3.69,13.36,22.31,9.55,6.68,55.0,"Strong 1M absolute return, Positive 3M return, Positive 6M return, 1M Nifty outperformance, Positive across 1M/3M/6M",45.24,Profit Booking Zone,80.93,1443.92,1707.8,18.28,100.0,80.0% of closes stayed inside the range | Range width 18.3% | Currently 100.0% through the range,15.88,15.01,28.41,25.78,1.6,-6.26,,14.48,10.52,5.24,,16.06,9.13,36.1428,,3.4099,48.0,-0.156,440.72,44.48,Capital Goods / Infra,21.0,0.0,8.0,17.0,6.0,52.0,0.93,,Earnings contraction,0.0,52.0,,49.69,0.0,,51.9,Neutral,"Above 50 DMA, Above 200 DMA, Healthy RSI momentum, Strong 1M absolute return, Positive 3M return, Positive 6M return, 1M Nifty outperformance, Positive across 1M/3M/6M, 80.0% of closes stayed inside the range | Range width 18.3% | Currently 100.0% through the range"
DPABHUSHAN,Consumer Cyclical,Luxury Goods,1030.45,-0.76,221.13,1189.0,366.0,13.33,65.16,836.99,605.55,38922.7,17383.0,0.45,Bullish,60.0,"Above 50 DMA, Above 200 DMA, Healthy RSI momentum, Near 52W high momentum",17.79,46.25,66.62,2.42,3.69,13.36,15.37,42.56,53.26,100.0,"Strong 1M absolute return, Strong 3M absolute return, Strong 6M absolute return, 1M Nifty outperformance, 3M Nifty outperformance, 6M Nifty outperformance, Positive across 1M/3M/6M",3.38,Profit Booking Zone,78.05,589.97,893.31,51.42,100.0,80.0% of closes stayed inside the range | Range width 51.4% | Currently 100.0% through the range,25.91,11.51,4.15,2.64,18.47,36.51,72.38,1.72,0.12,29.14,172.8,-0.28,-3.95,14.1292,,5.3409,,-0.525,3385.38,10.52,Consumer Discretionary,12.0,18.0,8.0,0.0,8.0,46.0,0.93,Strong ROE,"Negative operating cash flow, Negative free cash flow",4.0,50.0,"General quality ROE, General low-debt support",41.86,12.0,"Low volume participation, Negative operating cash flow, Negative free cash flow",51.78,Neutral,"Above 50 DMA, Above 200 DMA, Healthy RSI momentum, Near 52W high momentum, Strong ROE, Strong 1M absolute return, Strong 3M absolute return, Strong 6M absolute return, 1M Nifty outperformance, 3M Nifty outperformance, 6M Nifty outperformance, Positive across 1M/3M/6M, 80.0% of closes stayed inside the range | Range width 51.4% | Currently 100.0% through the range"
CENTRALBK,Financial Services,Banks - Regional,61.49,-1.24,18.26,74.12,236.68,17.04,53.74,60.88,46.5,15919305.05,8885969.0,0.56,Bullish,50.0,"Above 50 DMA, Above 200 DMA, Healthy RSI momentum",12.42,24.25,32.92,2.42,3.69,13.36,10.0,20.56,19.56,100.0,"Strong 1M absolute return, Strong 3M absolute return, Strong 6M absolute return, 1M Nifty outperformance, 3M Nifty outperformance, 6M Nifty outperformance, Positive across 1M/3M/6M",10.0,Profit Booking Zone,75.17,42.69,63.24,48.13,91.49,80.0% of closes stayed inside the range | Range width 48.1% | Currently 91.5% through the range,8.24,0.6,,15.08,11.72,58.91,27.81,,,37607.8,9002.88,-5909.91,-6497.16,6.0595,,0.6757,4.54,0.378,27642.98,0.0,Banking,7.0,15.0,10.0,0.0,12.0,44.0,0.79,Cash covers debt,"Negative operating cash flow, Negative free cash flow",0.0,44.0,,52.42,9.0,"Negative operating cash flow, Negative free cash flow",51.76,Neutral,"Above 50 DMA, Above 200 DMA, Healthy RSI momentum, Cash covers debt, Strong 1M absolute return, Strong 3M absolute return, Strong 6M absolute return, 1M Nifty outperformance, 3M Nifty outperformance, 6M Nifty outperformance, Positive across 1M/3M/6M, 80.0% of closes stayed inside the range | Range width 48.1% | Currently 91.5% through the range"
DOLLAR,Consumer Cyclical,Apparel Manufacturing,546.81,0.99,300.68,569.78,81.86,4.03,62.01,499.66,437.33,135446.9,236380.0,1.75,Bullish,75.0,"Above 50 DMA, Above 200 DMA, Healthy RSI momentum, Near 52W high momentum, Volume expansion, Positive day move",9.23,25.62,27.6,2.42,3.69,13.36,6.81,21.93,14.24,73.0,"Positive 1M return, Strong 3M absolute return, Positive 6M return, 1M Nifty outperformance, 3M Nifty outperformance, Positive across 1M/3M/6M",14.19,Breakout Watch,85.03,416.59,524.56,25.92,100.0,80.0% of closes stayed inside the range | Range width 25.9% | Currently 100.0% through the range | Above upper band on elevated volume,11.55,6.7,9.06,5.83,13.26,71.68,41.12,2.08,1.13,2.13,321.2,-25.57,-107.29,13.5982,10.8347,1.6064,1.13,0.289,1523.96,52.65,Consumer Discretionary,4.0,15.0,14.0,0.0,14.0,47.0,1.0,,"Negative operating cash flow, Negative free cash flow",2.0,49.0,General low-debt support,41.86,9.0,"Negative operating cash flow, Negative free cash flow",51.43,Neutral,"Above 50 DMA, Above 200 DMA, Healthy RSI momentum, Near 52W high momentum, Volume expansion, Positive day move, Positive 1M return, Strong 3M absolute return, Positive 6M return, 1M Nifty outperformance, 3M Nifty outperformance, Positive across 1M/3M/6M, 80.0% of closes stayed inside the range | Range width 25.9% | Currently 100.0% through the range | Above upper band on elevated volume"
CENTRUM,Financial Services,Financial Conglomerates,38.8,-0.64,16.85,41.4,130.27,6.28,62.98,34.22,28.44,1802588.45,3810971.0,2.11,Bullish,75.0,"Above 50 DMA, Above 200 DMA, Healthy RSI momentum, Near 52W high momentum, Strong volume expansion",29.12,19.02,55.51,2.42,3.69,13.36,26.7,15.33,42.15,95.0,"Strong 1M absolute return, Positive 3M return, Strong 6M absolute return, 1M Nifty outperformance, 3M Nifty outperformance, 6M Nifty outperformance, Positive across 1M/3M/6M",21.25,Breakout Watch,83.42,27.42,37.46,36.64,100.0,80.0% of closes stayed inside the range | Range width 36.6% | Currently 100.0% through the range | Above upper band on elevated volume,-22.55,-0.57,25.71,-4.88,67.69,33.67,990.33,1.07,,442.09,4363.62,119.85,17.67,,,3.6004,,0.013,1093.74,82.6,Financial Services,6.0,20.0,2.0,17.0,2.0,47.0,0.79,,"Negative net margin, Very high debt",1.0,48.0,"High leverage is structural for this sector, Weak ROE for a leveraged-balance-sheet business",52.42,16.0,"Very high debt, Negative net margin",51.16,Neutral,"Above 50 DMA, Above 200 DMA, Healthy RSI momentum, Near 52W high momentum, Strong volume expansion, Strong 1M absolute return, Positive 3M return, Strong 6M absolute return, 1M Nifty outperformance, 3M Nifty outperformance, 6M Nifty outperformance, Positive across 1M/3M/6M, 80.0% of closes stayed inside the range | Range width 36.6% | Currently 100.0% through the range | Above upper band on elevated volume"
CUB,Financial Services,Banks - Regional,113.67,-0.54,86.5,148.39,31.41,23.4,64.81,101.97,100.71,6882657.5,2681507.0,0.39,Bullish,50.0,"Above 50 DMA, Above 200 DMA, Healthy RSI momentum",21.0,8.04,12.16,2.42,3.69,13.36,18.58,4.35,-1.2,55.0,"Strong 1M absolute return, Positive 3M return, Positive 6M return, 1M Nifty outperformance, Positive across 1M/3M/6M",51.25,Profit Booking Zone,81.07,96.87,113.64,17.31,100.0,80.0% of closes stayed inside the range | Range width 17.3% | Currently 100.0% through the range,12.09,1.43,,35.45,-3.63,8.35,40.14,,,6943.53,3372.16,436.2,267.9,15.7171,11.4831,2.0841,87.0,0.344,22019.26,0.0,Banking,10.0,5.0,10.0,17.0,15.0,57.0,0.79,Cash covers debt,Revenue contraction,0.0,57.0,,52.42,3.0,Low volume participation,51.06,Neutral,"Above 50 DMA, Above 200 DMA, Healthy RSI momentum, Cash covers debt, Strong 1M absolute return, Positive 3M return, Positive 6M return, 1M Nifty outperformance, Positive across 1M/3M/6M, 80.0% of closes stayed inside the range | Range width 17.3% | Currently 100.0% through the range"
AEROFLEX,Industrials,Metal Fabrication,145.52,1.74,114.54,195.57,27.04,25.59,57.17,139.58,,739510.65,487171.0,0.66,Bullish,40.0,"Above 50 DMA, Healthy RSI momentum, Positive day move",16.55,-9.23,-4.07,2.42,3.69,13.36,14.13,-12.92,-17.43,25.0,"Strong 1M absolute return, 1M Nifty outperformance",73.81,Neutral Range,70.7,130.03,160.43,23.38,50.96,80.0% of closes stayed inside the range | Range width 23.4% | Currently 51.0% through the range,14.24,11.13,16.88,13.39,18.6,38.41,0.04,3.46,2.73,76.5,0.12,44.09,6.39,100.9497,54.7576,16.0385,8.0,0.818,7173.65,43.49,Metals / Mining,16.0,18.0,20.0,17.0,5.0,76.0,1.0,Cash covers debt,Very high PE,2.0,78.0,General low-debt support,49.69,0.0,,51.0,Neutral,"Above 50 DMA, Healthy RSI momentum, Positive day move, Cash covers debt, Strong 1M absolute return, 1M Nifty outperformance, 80.0% of closes stayed inside the range | Range width 23.4% | Currently 51.0% through the range"
CELLO,Consumer Cyclical,"Furnishings, Fixtures & Appliances",885.99,1.3,705.15,912.17,25.65,2.87,71.88,808.49,,281137.7,1052811.0,3.74,Bullish,52.0,"Above 50 DMA, Strong but overbought RSI, Near 52W high momentum, Strong volume expansion, Positive day move",13.87,1.95,,2.42,3.69,13.36,11.45,-1.74,,35.0,"Strong 1M absolute return, Positive 3M return, 1M Nifty outperformance",46.62,Profit Booking Zone,80.6,770.06,863.67,12.16,100.0,78.6% of closes stayed inside the range | Range width 12.2% | Currently 100.0% through the range,28.81,16.79,22.64,16.55,11.97,24.4,32.26,2.39,1.56,32.18,370.71,231.18,-32.83,24.395,18.0427,2.8689,43.0,0.246,7748.65,48.99,Consumer Discretionary,23.0,13.0,15.0,9.0,13.0,73.0,1.0,Strong ROE,Negative free cash flow,4.0,77.0,"General quality ROE, General low-debt support",41.86,4.0,Negative free cash flow,50.98,Neutral,"Above 50 DMA, Strong but overbought RSI, Near 52W high momentum, Strong volume expansion, Positive day move, Strong ROE, Strong 1M absolute return, Positive 3M return, 1M Nifty outperformance, 78.6% of closes stayed inside the range | Range width 12.2% | Currently 100.0% through the range"
AIRAN,Technology,Information Technology Services,27.5,3.0,13.25,37.0,107.55,25.68,58.67,26.57,24.42,125812.85,251450.0,2.0,Bullish,70.0,"Above 50 DMA, Above 200 DMA, Healthy RSI momentum, Volume expansion, Strong positive day move",25.28,-13.52,13.87,2.42,3.69,13.36,22.86,-17.21,0.51,35.0,"Strong 1M absolute return, Positive 6M return, 1M Nifty outperformance",65.38,Neutral Range,75.76,22.14,31.11,40.46,59.77,80.0% of closes stayed inside the range | Range width 40.5% | Currently 59.8% through the range,9.96,7.93,13.85,11.89,8.33,21.12,0.6,4.73,,2.61,0.76,3.91,-8.52,12.575,,1.4063,,0.642,188.66,32.46,IT / Technology,10.0,13.0,17.0,9.0,10.0,59.0,0.86,Cash covers debt,Negative free cash flow,0.0,59.0,,52.93,4.0,Negative free cash flow,50.84,Neutral,"Above 50 DMA, Above 200 DMA, Healthy RSI momentum, Volume expansion, Strong positive day move, Cash covers debt, Strong 1M absolute return, Positive 6M return, 1M Nifty outperformance, 80.0% of closes stayed inside the range | Range width 40.5% | Currently 59.8% through the range"
20MICRONS,Basic Materials,Other Industrial Metals & Mining,149.25,-1.97,61.61,197.75,142.23,24.53,50.64,148.06,141.98,125875.9,158665.0,1.26,Bullish,55.0,"Above 50 DMA, Above 200 DMA, Healthy RSI momentum, Normal volume support",4.05,-10.61,8.43,2.42,3.69,13.36,1.63,-14.3,-4.93,18.0,"Positive 1M return, Positive 6M return",75.83,Accumulation Zone,79.99,142.26,176.45,24.03,20.43,81.7% of closes stayed inside the range | Range width 24.0% | Currently 20.4% through the range,15.89,9.51,11.85,7.23,10.73,34.08,34.52,1.75,1.16,48.75,121.85,54.44,34.56,11.5685,,1.6198,56.0,0.717,783.36,47.23,Metals / Mining,14.0,15.0,13.0,17.0,12.0,71.0,1.0,,,2.0,73.0,General low-debt support,45.97,0.0,,50.7,Neutral,"Above 50 DMA, Above 200 DMA, Healthy RSI momentum, Normal volume support, Positive 1M return, Positive 6M return, 81.7% of closes stayed inside the range | Range width 24.0% | Currently 20.4% through the range"
AZAD,Industrials,Specialty Industrial Machinery,1340.4,3.34,642.4,1465.0,108.66,8.51,61.04,1231.27,,199634.6,267517.0,1.34,Bullish,65.0,"Above 50 DMA, Healthy RSI momentum, Near 52W high momentum, Volume expansion, Strong positive day move",10.86,103.35,,2.42,3.69,13.36,8.44,99.66,,60.0,"Strong 1M absolute return, Strong 3M absolute return, 1M Nifty outperformance, 3M Nifty outperformance",38.89,,,,,,,,9.08,7.35,29.28,17.85,35.8,591.37,6.11,4.29,2.94,28.19,39.43,-6.95,-82.29,132.0899,77.1135,12.0451,,0.601,18409.03,92.01,Capital Goods / Infra,15.0,20.0,17.0,0.0,3.0,55.0,0.93,,"Negative operating cash flow, Negative free cash flow, Very high PE",5.0,60.0,Strong order-book-driven revenue growth,49.69,9.0,"Negative operating cash flow, Negative free cash flow",50.7,Neutral,"Above 50 DMA, Healthy RSI momentum, Near 52W high momentum, Volume expansion, Strong positive day move, Strong 1M absolute return, Strong 3M absolute return, 1M Nifty outperformance, 3M Nifty outperformance"
ADROITINFO,Technology,Information Technology Services,20.0,1.78,10.05,24.94,98.91,19.82,70.8,17.47,15.95,64449.85,222831.0,3.46,Bullish,57.0,"Above 50 DMA, Above 200 DMA, Strong but overbought RSI, Strong volume expansion, Positive day move",28.21,-5.36,38.6,2.42,3.69,13.36,25.79,-9.05,25.24,60.0,"Strong 1M absolute return, Strong 6M absolute return, 1M Nifty outperformance, 6M Nifty outperformance",42.31,Breakout Watch,81.28,14.61,19.3,32.16,100.0,80.8% of closes stayed inside the range | Range width 32.2% | Currently 100.0% through the range | Above upper band on elevated volume,8.48,6.25,12.89,12.05,10.73,-20.82,9.76,2.53,,0.01,3.45,0.55,0.07,13.2152,,0.7293,,-0.195,57.03,45.72,IT / Technology,12.0,5.0,14.0,17.0,10.0,58.0,0.86,,Earnings contraction,0.0,58.0,,52.93,7.0,Earnings contraction,50.49,Neutral,"Above 50 DMA, Above 200 DMA, Strong but overbought RSI, Strong volume expansion, Positive day move, Strong 1M absolute return, Strong 6M absolute return, 1M Nifty outperformance, 6M Nifty outperformance, 80.8% of closes stayed inside the range | Range width 32.2% | Currently 100.0% through the range | Above upper band on elevated volume"
CAPLIPOINT,Healthcare,Drug Manufacturers - Specialty & Generic,1324.15,-0.24,567.62,1606.25,133.28,17.56,52.0,1370.16,1178.09,134283.2,64347.0,0.48,Bearish,35.0,"Above 200 DMA, Healthy RSI momentum",5.54,-9.82,22.1,2.42,3.69,13.36,3.12,-13.51,8.74,18.0,"Positive 1M return, Positive 6M return",87.5,Neutral Range,69.38,1179.45,1472.14,24.82,49.44,80.0% of closes stayed inside the range | Range width 24.8% | Currently 49.4% through the range,19.74,16.94,29.65,27.21,15.53,21.48,0.09,5.72,4.62,545.77,1.97,318.39,172.57,29.0703,22.7389,5.4482,31.0,0.373,19133.66,59.97,Pharma / Healthcare,23.0,16.0,20.0,17.0,11.0,87.0,1.0,"Strong ROE, Cash covers debt",,4.0,91.0,"General quality ROE, General low-debt support",54.11,3.0,Low volume participation,50.22,Neutral,"Above 200 DMA, Healthy RSI momentum, Strong ROE, Cash covers debt, Positive 1M return, Positive 6M return, 80.0% of closes stayed inside the range | Range width 24.8% | Currently 49.4% through the range"
CAPACITE,Industrials,Engineering & Construction,304.2,-1.97,108.9,317.8,179.34,4.28,61.74,269.27,242.81,3132647.15,1091597.0,0.35,Bullish,60.0,"Above 50 DMA, Above 200 DMA, Healthy RSI momentum, Near 52W high momentum",21.53,15.97,36.6,2.42,3.69,13.36,19.11,12.28,23.24,95.0,"Strong 1M absolute return, Positive 3M return, Strong 6M absolute return, 1M Nifty outperformance, 3M Nifty outperformance, 6M Nifty outperformance, Positive across 1M/3M/6M",22.22,Profit Booking Zone,81.78,225.33,285.21,26.57,100.0,80.0% of closes stayed inside the range | Range width 26.6% | Currently 100.0% through the range,7.93,3.82,12.43,6.27,7.62,26.21,21.69,1.78,1.7,19.28,328.97,-38.82,-123.58,10.2369,6.7077,0.9633,,0.249,1838.7,30.79,Capital Goods / Infra,6.0,12.0,14.0,0.0,13.0,45.0,0.93,,"Negative operating cash flow, Negative free cash flow",0.0,45.0,,49.69,12.0,"Low volume participation, Negative operating cash flow, Negative free cash flow",49.95,Neutral,"Above 50 DMA, Above 200 DMA, Healthy RSI momentum, Near 52W high momentum, Strong 1M absolute return, Positive 3M return, Strong 6M absolute return, 1M Nifty outperformance, 3M Nifty outperformance, 6M Nifty outperformance, Positive across 1M/3M/6M, 80.0% of closes stayed inside the range | Range width 26.6% | Currently 100.0% through the range"
CONTROLPR,Unknown,Unknown,905.79,0.2,354.81,1025.17,155.29,11.65,51.01,896.33,821.61,30452.0,23871.0,0.78,Bullish,65.0,"Above 50 DMA, Above 200 DMA, Healthy RSI momentum, Near 52W high momentum, Positive day move",4.8,-5.83,18.34,2.42,3.69,13.36,2.38,-9.52,4.98,18.0,"Positive 1M return, Positive 6M return",68.75,Neutral Range,76.62,829.32,984.44,18.7,49.3,80.0% of closes stayed inside the range | Range width 18.7% | Currently 49.3% through the range,16.26,12.52,20.28,15.12,18.07,2.75,2.21,3.54,2.23,18.79,7.37,49.77,7.99,,,,,,,,General,19.0,8.0,20.0,17.0,0.0,64.0,0.79,Cash covers debt,,2.0,66.0,General low-debt support,40.16,0.0,,49.87,Neutral,"Above 50 DMA, Above 200 DMA, Healthy RSI momentum, Near 52W high momentum, Positive day move, Cash covers debt, Positive 1M return, Positive 6M return, 80.0% of closes stayed inside the range | Range width 18.7% | Currently 49.3% through the range"
DHUNINV,Financial Services,Capital Markets,1256.36,-1.01,549.38,1619.92,128.69,22.44,56.6,1213.3,1002.52,2233.4,1587.0,0.71,Bullish,50.0,"Above 50 DMA, Above 200 DMA, Healthy RSI momentum",5.83,5.2,54.3,2.42,3.69,13.36,3.41,1.51,40.94,63.0,"Positive 1M return, Positive 3M return, Strong 6M absolute return, 6M Nifty outperformance, Positive across 1M/3M/6M",38.75,Profit Booking Zone,75.54,926.92,1306.51,40.95,86.79,80.0% of closes stayed inside the range | Range width 41.0% | Currently 86.8% through the range,1.91,1.1,16.1,12.88,74.41,-83.31,14.74,6.71,6.55,30.5,377.0,133.44,41.17,6.5304,,0.2282,29.0,0.724,625.84,39.77,Financial Services,8.0,10.0,17.0,17.0,12.0,64.0,1.0,,Earnings contraction,-5.0,59.0,Weak ROE for a leveraged-balance-sheet business,52.42,7.0,Earnings contraction,49.76,Neutral,"Above 50 DMA, Above 200 DMA, Healthy RSI momentum, Positive 1M return, Positive 3M return, Strong 6M absolute return, 6M Nifty outperformance, Positive across 1M/3M/6M, 80.0% of closes stayed inside the range | Range width 41.0% | Currently 86.8% through the range"
ARCHIDPLY,Basic Materials,Lumber & Wood Production,121.8,6.56,50.0,126.35,143.6,3.6,66.74,96.34,84.06,232479.8,434717.0,1.87,Bullish,80.0,"Above 50 DMA, Above 200 DMA, Healthy RSI momentum, Near 52W high momentum, Volume expansion, Strong positive day move",43.89,28.28,48.27,2.42,3.69,13.36,41.47,24.59,34.91,100.0,"Strong 1M absolute return, Strong 3M absolute return, Strong 6M absolute return, 1M Nifty outperformance, 3M Nifty outperformance, 6M Nifty outperformance, Positive across 1M/3M/6M",5.0,Breakout Watch,85.78,80.09,102.42,27.88,100.0,80.0% of closes stayed inside the range | Range width 27.9% | Currently 100.0% through the range | Above upper band on elevated volume,6.36,2.17,4.29,1.63,3.43,-42.06,136.63,1.21,0.81,0.89,152.38,11.46,-53.45,16.0412,,1.8626,,0.152,210.49,33.67,General,0.0,2.0,4.0,9.0,10.0,25.0,0.93,,"Earnings contraction, Negative free cash flow",0.0,25.0,,45.97,11.0,"Earnings contraction, Negative free cash flow",49.65,Neutral,"Above 50 DMA, Above 200 DMA, Healthy RSI momentum, Near 52W high momentum, Volume expansion, Strong positive day move, Strong 1M absolute return, Strong 3M absolute return, Strong 6M absolute return, 1M Nifty outperformance, 3M Nifty outperformance, 6M Nifty outperformance, Positive across 1M/3M/6M, 80.0% of closes stayed inside the range | Range width 27.9% | Currently 100.0% through the range | Above upper band on elevated volume"
ARVINDFASN,Consumer Cyclical,Apparel Retail,460.06,2.2,257.91,529.13,78.38,13.05,57.79,453.76,390.27,269984.5,489001.0,1.81,Bullish,80.0,"Above 50 DMA, Above 200 DMA, Healthy RSI momentum, Near 52W high momentum, Volume expansion, Strong positive day move",4.55,-3.35,29.15,2.42,3.69,13.36,2.13,-7.04,15.79,33.0,"Positive 1M return, Positive 6M return, 6M Nifty outperformance",52.03,Profit Booking Zone,82.83,376.9,480.82,27.57,80.02,80.0% of closes stayed inside the range | Range width 27.6% | Currently 80.0% through the range,8.04,2.24,6.93,1.9,4.6,119.67,114.42,1.27,0.74,152.6,1147.92,434.18,351.91,49.9059,24.9964,6.3725,36.0,0.093,6025.06,54.63,Consumer Discretionary,2.0,12.0,4.0,17.0,7.0,42.0,1.0,,,0.0,42.0,,41.86,0.0,,49.23,Neutral,"Above 50 DMA, Above 200 DMA, Healthy RSI momentum, Near 52W high momentum, Volume expansion, Strong positive day move, Positive 1M return, Positive 6M return, 6M Nifty outperformance, 80.0% of closes stayed inside the range | Range width 27.6% | Currently 80.0% through the range"
ALICON,Industrials,Metal Fabrication,903.54,0.63,631.99,1087.0,42.97,16.88,61.5,871.02,852.88,10970.3,9853.0,0.9,Bullish,55.0,"Above 50 DMA, Above 200 DMA, Healthy RSI momentum, Positive day move",13.84,-4.61,9.66,2.42,3.69,13.36,11.42,-8.3,-3.7,35.0,"Strong 1M absolute return, Positive 6M return, 1M Nifty outperformance",58.73,Neutral Range,76.8,804.68,954.79,18.66,65.86,80.0% of closes stayed inside the range | Range width 18.7% | Currently 65.9% through the range,11.05,4.99,7.87,4.1,11.94,19.34,59.58,1.36,1.09,11.11,330.79,157.74,48.08,30.7335,8.617,1.7812,88.0,0.549,1119.16,44.49,Metals / Mining,2.0,13.0,8.0,17.0,13.0,53.0,1.0,,,2.0,55.0,General low-debt support,49.69,0.0,,49.2,Neutral,"Above 50 DMA, Above 200 DMA, Healthy RSI momentum, Positive day move, Strong 1M absolute return, Positive 6M return, 1M Nifty outperformance, 80.0% of closes stayed inside the range | Range width 18.7% | Currently 65.9% through the range"
ASKAUTOLTD,Consumer Cyclical,Auto Parts,315.22,-2.02,237.96,331.57,32.47,4.93,65.12,288.7,,328055.05,227043.0,0.69,Bullish,45.0,"Above 50 DMA, Healthy RSI momentum, Near 52W high momentum",25.27,12.07,,2.42,3.69,13.36,22.85,8.38,,35.0,"Strong 1M absolute return, Positive 3M return, 1M Nifty outperformance",46.62,Profit Booking Zone,79.67,272.06,309.47,13.75,100.0,79.2% of closes stayed inside the range | Range width 13.8% | Currently 100.0% through the range,21.28,11.08,7.97,5.88,16.99,41.33,42.35,1.07,0.65,3.16,345.87,303.29,18.44,39.4209,28.2207,9.5196,31.0,-0.268,12481.1,32.51,Automobile,10.0,18.0,9.0,17.0,7.0,61.0,1.0,Strong ROE,,4.0,65.0,"General quality ROE, General low-debt support",41.86,0.0,,49.03,Neutral,"Above 50 DMA, Healthy RSI momentum, Near 52W high momentum, Strong ROE, Strong 1M absolute return, Positive 3M return, 1M Nifty outperformance, 79.2% of closes stayed inside the range | Range width 13.8% | Currently 100.0% through the range"
AARTIIND,Basic Materials,Specialty Chemicals,737.91,2.88,436.2,914.39,69.17,19.3,63.86,674.96,560.02,1455506.55,2578469.0,1.77,Bullish,70.0,"Above 50 DMA, Above 200 DMA, Healthy RSI momentum, Volume expansion, Strong positive day move",16.67,27.08,51.03,2.42,3.69,13.36,14.25,23.39,37.67,100.0,"Strong 1M absolute return, Strong 3M absolute return, Strong 6M absolute return, 1M Nifty outperformance, 3M Nifty outperformance, 6M Nifty outperformance, Positive across 1M/3M/6M",5.0,Breakout Watch,82.6,512.5,692.52,35.12,100.0,80.0% of closes stayed inside the range | Range width 35.1% | Currently 100.0% through the range | Above upper band on elevated volume,7.87,4.12,10.01,6.73,-4.63,-23.62,68.48,0.97,0.59,428.29,3622.67,1209.57,-118.49,36.9091,26.9122,3.28,19.0,0.627,19599.94,36.0,Chemicals,6.0,0.0,4.0,9.0,9.0,28.0,1.0,,"Revenue contraction, Earnings contraction, Negative free cash flow",2.0,30.0,General low-debt support,45.97,11.0,"Earnings contraction, Negative free cash flow",48.9,Neutral,"Above 50 DMA, Above 200 DMA, Healthy RSI momentum, Volume expansion, Strong positive day move, Strong 1M absolute return, Strong 3M absolute return, Strong 6M absolute return, 1M Nifty outperformance, 3M Nifty outperformance, 6M Nifty outperformance, Positive across 1M/3M/6M, 80.0% of closes stayed inside the range | Range width 35.1% | Currently 100.0% through the range | Above upper band on elevated volume"
CYIENT,Industrials,Conglomerates,1828.85,-1.77,682.03,2361.96,168.15,22.57,35.21,1955.69,1775.0,407208.95,891531.0,2.19,Bearish,38.0,"Above 200 DMA, Weak but watchable RSI, Strong volume expansion",-4.79,-16.22,11.75,2.42,3.69,13.36,-7.21,-19.91,-1.61,10.0,Positive 6M return,83.33,Lower Range Watch,70.09,1610.29,2180.15,35.39,38.35,80.0% of closes stayed inside the range | Range width 35.4% | Currently 38.4% through the range,16.04,9.75,14.5,9.55,18.81,32.74,18.5,2.15,1.86,481.8,787.6,726.1,640.8,32.5721,15.5866,2.1532,2.89,0.6,11527.5,29.85,Capital Goods / Infra,14.0,18.0,17.0,17.0,13.0,79.0,1.0,,,5.0,84.0,Strong order-book-driven revenue growth,49.69,0.0,,48.85,Neutral,"Above 200 DMA, Weak but watchable RSI, Strong volume expansion, Positive 6M return, 80.0% of closes stayed inside the range | Range width 35.4% | Currently 38.4% through the range"
ASALCBR,Consumer Defensive,Beverages - Wineries & Distilleries,543.89,-1.19,312.91,592.38,73.82,8.18,59.82,504.93,470.11,75080.6,32684.0,0.44,Bullish,60.0,"Above 50 DMA, Above 200 DMA, Healthy RSI momentum, Near 52W high momentum",12.08,10.21,10.26,2.42,3.69,13.36,9.66,6.52,-3.1,55.0,"Strong 1M absolute return, Positive 3M return, Positive 6M return, 1M Nifty outperformance, Positive across 1M/3M/6M",21.88,Profit Booking Zone,83.08,453.38,534.49,17.89,100.0,80.0% of closes stayed inside the range | Range width 17.9% | Currently 100.0% through the range,11.97,8.18,8.32,6.71,8.16,21.82,25.54,1.75,0.97,9.43,107.99,28.42,-75.68,16.8474,13.1342,1.9608,28.0,0.411,1434.66,35.02,FMCG / Consumer,9.0,13.0,11.0,9.0,15.0,57.0,1.0,,Negative free cash flow,3.0,60.0,"Low debt, typical of a healthy consumer business",39.96,7.0,"Low volume participation, Negative free cash flow",48.74,Neutral,"Above 50 DMA, Above 200 DMA, Healthy RSI momentum, Near 52W high momentum, Strong 1M absolute return, Positive 3M return, Positive 6M return, 1M Nifty outperformance, Positive across 1M/3M/6M, 80.0% of closes stayed inside the range | Range width 17.9% | Currently 100.0% through the range"
BBTC,Consumer Defensive,Packaged Foods,1550.22,0.65,765.35,1804.76,102.55,14.1,48.09,1619.54,1356.46,67818.6,83776.0,1.24,Bearish,37.0,"Above 200 DMA, RSI recovering, Normal volume support, Positive day move",2.58,-0.27,33.43,2.42,3.69,13.36,0.16,-3.96,20.07,43.0,"Positive 1M return, Strong 6M absolute return, 6M Nifty outperformance",28.12,Neutral Range,70.69,1352.55,1698.09,25.55,57.21,80.0% of closes stayed inside the range | Range width 25.5% | Currently 57.2% through the range,13.75,5.34,16.63,3.77,3.55,137.98,46.7,1.22,0.93,742.31,2161.32,1935.29,1359.24,8.7261,4.1853,1.5488,2.11,0.611,10906.74,42.67,FMCG / Consumer,9.0,12.0,9.0,17.0,15.0,62.0,1.0,,,3.0,65.0,"Low debt, typical of a healthy consumer business",39.96,0.0,,48.74,Neutral,"Above 200 DMA, RSI recovering, Normal volume support, Positive day move, Positive 1M return, Strong 6M absolute return, 6M Nifty outperformance, 80.0% of closes stayed inside the range | Range width 25.5% | Currently 57.2% through the range"
ARTNIRMAN,Real Estate,Real Estate - Development,65.0,-0.54,40.5,128.5,60.49,49.42,55.82,65.75,58.03,3573.0,6749.0,1.89,Bearish,45.0,"Above 200 DMA, Healthy RSI momentum, Volume expansion",9.43,-15.09,25.6,2.42,3.69,13.36,7.01,-18.78,12.24,28.0,"Positive 1M return, Positive 6M return, 1M Nifty outperformance",89.29,Neutral Range,69.77,48.7,75.03,54.07,61.91,80.8% of closes stayed inside the range | Range width 54.1% | Currently 61.9% through the range,3.34,2.22,4.08,3.44,73.91,950.53,8.28,3.99,2.34,0.48,2.92,1.59,1.57,78.1176,,2.3883,,0.709,99.42,161.7,Cement / Realty,0.0,20.0,17.0,17.0,4.0,58.0,0.93,,,2.0,60.0,General low-debt support,61.92,0.0,,48.54,Neutral,"Above 200 DMA, Healthy RSI momentum, Volume expansion, Positive 1M return, Positive 6M return, 1M Nifty outperformance, 80.8% of closes stayed inside the range | Range width 54.1% | Currently 61.9% through the range"
CARYSIL,Consumer Cyclical,"Furnishings, Fixtures & Appliances",963.32,-0.73,427.61,1145.38,125.28,15.9,50.27,976.34,799.76,75534.55,43012.0,0.57,Bearish,35.0,"Above 200 DMA, Healthy RSI momentum",2.79,16.49,41.78,2.42,3.69,13.36,0.37,12.8,28.42,78.0,"Positive 1M return, Positive 3M return, Strong 6M absolute return, 3M Nifty outperformance, 6M Nifty outperformance, Positive across 1M/3M/6M",12.16,Profit Booking Zone,73.36,810.87,1009.45,24.49,76.77,80.0% of closes stayed inside the range | Range width 24.5% | Currently 76.8% through the range,16.35,6.85,15.23,8.53,15.56,10.44,88.2,1.17,0.68,8.74,312.23,53.4,-39.72,29.6668,22.1784,5.2065,27.0,0.56,3165.09,54.08,Consumer Discretionary,12.0,13.0,6.0,9.0,11.0,51.0,1.0,,Negative free cash flow,0.0,51.0,,41.86,4.0,Negative free cash flow,48.38,Neutral,"Above 200 DMA, Healthy RSI momentum, Positive 1M return, Positive 3M return, Strong 6M absolute return, 3M Nifty outperformance, 6M Nifty outperformance, Positive across 1M/3M/6M, 80.0% of closes stayed inside the range | Range width 24.5% | Currently 76.8% through the range"
BLS,Consumer Services,Unknown,331.78,0.43,118.62,424.68,179.7,21.88,48.67,344.95,293.59,2753790.8,574220.0,0.21,Bearish,32.0,"Above 200 DMA, RSI recovering, Positive day move",5.01,-14.55,28.43,2.42,3.69,13.36,2.59,-18.24,15.07,33.0,"Positive 1M return, Positive 6M return, 6M Nifty outperformance",100.0,Neutral Range,66.1,261.47,386.87,47.96,56.07,80.0% of closes stayed inside the range | Range width 48.0% | Currently 56.1% through the range,25.92,19.36,19.71,18.66,10.59,55.89,2.53,7.7,7.69,414.12,30.6,349.85,286.0,,,,,,,,General,24.0,15.0,20.0,17.0,0.0,76.0,0.79,"Strong ROE, Cash covers debt",,4.0,80.0,"General quality ROE, General low-debt support",46.75,3.0,Low volume participation,48.26,Neutral,"Above 200 DMA, RSI recovering, Positive day move, Strong ROE, Cash covers debt, Positive 1M return, Positive 6M return, 6M Nifty outperformance, 80.0% of closes stayed inside the range | Range width 48.0% | Currently 56.1% through the range"
ALPA,Healthcare,Drug Manufacturers - Specialty & Generic,94.8,1.66,49.0,115.0,93.47,17.57,55.5,95.35,87.34,49636.9,51300.0,1.03,Bearish,45.0,"Above 200 DMA, Healthy RSI momentum, Normal volume support, Positive day move",10.88,-6.88,25.65,2.42,3.69,13.36,8.46,-10.57,12.29,35.0,"Strong 1M absolute return, Positive 6M return, 1M Nifty outperformance",57.5,Neutral Range,71.49,84.06,106.89,27.17,47.03,80.0% of closes stayed inside the range | Range width 27.2% | Currently 47.0% through the range,11.04,9.2,7.22,15.55,16.78,33.33,3.45,5.74,5.25,1.71,5.25,3.65,-2.74,31.4138,12.0548,1.9721,,0.912,134.18,25.54,Pharma / Healthcare,11.0,18.0,17.0,9.0,11.0,66.0,0.93,,Negative free cash flow,2.0,68.0,General low-debt support,54.11,4.0,Negative free cash flow,47.92,Neutral,"Above 200 DMA, Healthy RSI momentum, Normal volume support, Positive day move, Strong 1M absolute return, Positive 6M return, 1M Nifty outperformance, 80.0% of closes stayed inside the range | Range width 27.2% | Currently 47.0% through the range"
BSOFT,Technology,Information Technology Services,627.62,-0.94,237.37,827.72,164.4,24.17,28.07,735.1,589.17,1552964.35,1632136.0,1.05,Bearish,24.0,"Above 200 DMA, Oversold RSI, Normal volume support",-8.97,-18.15,20.94,2.42,3.69,13.36,-11.39,-21.84,7.58,10.0,Positive 6M return,92.31,Accumulation Zone,67.6,560.57,799.68,42.65,28.04,80.0% of closes stayed inside the range | Range width 42.7% | Currently 28.0% through the range,20.49,15.89,17.5,11.82,10.08,88.12,3.06,3.71,3.71,392.57,93.18,718.23,692.01,14.1069,12.4155,2.0448,2.26,0.377,8414.58,39.51,IT / Technology,17.0,15.0,20.0,17.0,15.0,84.0,1.0,"Strong ROE, Cash covers debt",,5.0,89.0,Strong ROE for an asset-light business,52.93,0.0,,47.59,Neutral,"Above 200 DMA, Oversold RSI, Normal volume support, Strong ROE, Cash covers debt, Positive 6M return, 80.0% of closes stayed inside the range | Range width 42.7% | Currently 28.0% through the range"
DMCC,Basic Materials,Chemicals,338.78,-2.81,223.78,445.3,51.39,23.92,58.71,302.19,306.38,65387.9,122844.0,1.88,Bullish,60.0,"Above 50 DMA, Above 200 DMA, Healthy RSI momentum, Volume expansion",17.75,2.83,7.88,2.42,3.69,13.36,15.33,-0.86,-5.48,55.0,"Strong 1M absolute return, Positive 3M return, Positive 6M return, 1M Nifty outperformance, Positive across 1M/3M/6M",31.67,Breakout Watch,83.42,282.5,326.77,15.67,100.0,80.0% of closes stayed inside the range | Range width 15.7% | Currently 100.0% through the range | Above upper band on elevated volume,5.53,3.07,6.56,3.61,-15.99,67.21,41.86,1.08,0.67,2.81,87.71,38.37,19.43,17.419,,3.0238,90.0,0.281,750.69,22.12,Chemicals,0.0,10.0,9.0,17.0,10.0,46.0,1.0,,Revenue contraction,2.0,48.0,General low-debt support,45.97,5.0,Revenue contraction,47.45,Neutral,"Above 50 DMA, Above 200 DMA, Healthy RSI momentum, Volume expansion, Strong 1M absolute return, Positive 3M return, Positive 6M return, 1M Nifty outperformance, Positive across 1M/3M/6M, 80.0% of closes stayed inside the range | Range width 15.7% | Currently 100.0% through the range | Above upper band on elevated volume"
DGCONTENT,Communication Services,Internet Content & Information,22.9,-0.43,11.7,25.4,95.73,9.84,62.27,21.45,19.59,17432.6,13432.0,0.77,Bullish,60.0,"Above 50 DMA, Above 200 DMA, Healthy RSI momentum, Near 52W high momentum",16.24,15.37,13.65,2.42,3.69,13.36,13.82,11.68,0.29,70.0,"Strong 1M absolute return, Positive 3M return, Positive 6M return, 1M Nifty outperformance, 3M Nifty outperformance, Positive across 1M/3M/6M",7.14,Profit Booking Zone,83.95,19.1,22.65,18.62,100.0,80.8% of closes stayed inside the range | Range width 18.6% | Currently 100.0% through the range,499.13,2.4,6.73,1.39,18.63,144.67,13648.7,1.56,,5.55,156.96,22.61,12.63,119.25,,3.8749,,0.051,138.38,54.38,Telecom,8.0,18.0,4.0,17.0,2.0,49.0,0.86,Strong ROE,"Very high debt, Very high PE",2.0,51.0,General quality ROE,33.96,8.0,Very high debt,47.44,Neutral,"Above 50 DMA, Above 200 DMA, Healthy RSI momentum, Near 52W high momentum, Strong ROE, Strong 1M absolute return, Positive 3M return, Positive 6M return, 1M Nifty outperformance, 3M Nifty outperformance, Positive across 1M/3M/6M, 80.8% of closes stayed inside the range | Range width 18.6% | Currently 100.0% through the range"
ACCELYA,Technology,Information Technology Services,1576.74,1.14,875.67,1895.01,80.06,16.8,47.3,1620.73,1382.63,24861.8,14241.0,0.57,Bearish,32.0,"Above 200 DMA, RSI recovering, Positive day move",4.75,-2.34,4.95,2.42,3.69,13.36,2.33,-6.03,-8.41,18.0,"Positive 1M return, Positive 6M return",86.54,Profit Booking Zone,70.87,1209.54,1677.17,38.66,78.52,80.0% of closes stayed inside the range | Range width 38.7% | Currently 78.5% through the range,46.93,34.3,32.58,27.0,,,5.42,2.86,,44.58,14.64,133.47,113.89,17.7508,18.1166,6.7679,7.05,0.523,1692.79,71.7,IT / Technology,25.0,0.0,17.0,17.0,8.0,67.0,0.79,"Strong ROE, Cash covers debt",,10.0,77.0,"Strong ROE for an asset-light business, Strong operating margin",52.93,0.0,,47.39,Neutral,"Above 200 DMA, RSI recovering, Positive day move, Strong ROE, Cash covers debt, Positive 1M return, Positive 6M return, 80.0% of closes stayed inside the range | Range width 38.7% | Currently 78.5% through the range"
BVCL,Basic Materials,Building Materials,54.0,-1.46,22.5,77.0,140.0,29.87,43.93,58.61,47.03,5586.3,3530.0,0.63,Bearish,23.0,"Above 200 DMA, Weak but watchable RSI",4.96,3.95,35.85,2.42,3.69,13.36,2.54,0.26,22.49,63.0,"Positive 1M return, Positive 3M return, Strong 6M absolute return, 6M Nifty outperformance, Positive across 1M/3M/6M",20.0,Neutral Range,64.3,44.06,63.16,43.35,52.04,80.0% of closes stayed inside the range | Range width 43.3% | Currently 52.0% through the range,6.03,3.09,7.68,3.11,29.31,38.95,40.48,1.19,0.71,1.41,48.71,16.24,13.57,48.2418,,0.771,,,97.28,62.78,Cement / Realty,0.0,20.0,9.0,17.0,6.0,52.0,0.93,,,2.0,54.0,General low-debt support,45.97,0.0,,47.3,Neutral,"Above 200 DMA, Weak but watchable RSI, Positive 1M return, Positive 3M return, Strong 6M absolute return, 6M Nifty outperformance, Positive across 1M/3M/6M, 80.0% of closes stayed inside the range | Range width 43.3% | Currently 52.0% through the range"
BIRLAMONEY,Financial Services,Capital Markets,128.25,4.99,42.65,148.35,200.7,13.55,69.94,108.87,94.88,129807.05,225258.0,1.74,Bullish,80.0,"Above 50 DMA, Above 200 DMA, Healthy RSI momentum, Near 52W high momentum, Volume expansion, Strong positive day move",37.53,-5.21,30.8,2.42,3.69,13.36,35.11,-8.9,17.44,60.0,"Strong 1M absolute return, Strong 6M absolute return, 1M Nifty outperformance, 6M Nifty outperformance",43.75,Profit Booking Zone,85.65,97.33,125.34,28.78,100.0,80.0% of closes stayed inside the range | Range width 28.8% | Currently 100.0% through the range,32.55,2.5,33.86,14.7,43.56,56.24,803.07,0.95,,17.11,1306.66,-443.78,-452.87,13.5354,,2.4456,,0.454,734.28,75.79,Financial Services,19.0,20.0,0.0,0.0,10.0,49.0,0.86,Strong ROE,"Very high debt, Negative operating cash flow, Negative free cash flow",12.0,61.0,"High leverage is structural for this sector, Strong ROE for a leveraged-balance-sheet business",52.42,17.0,"Very high debt, Negative operating cash flow, Negative free cash flow",47.21,Neutral,"Above 50 DMA, Above 200 DMA, Healthy RSI momentum, Near 52W high momentum, Volume expansion, Strong positive day move, Strong ROE, Strong 1M absolute return, Strong 6M absolute return, 1M Nifty outperformance, 6M Nifty outperformance, 80.0% of closes stayed inside the range | Range width 28.8% | Currently 100.0% through the range"
ASAHIINDIA,Consumer Cyclical,Auto Parts,600.58,4.54,415.95,687.88,44.39,12.69,69.38,542.46,553.34,303901.15,249643.0,0.82,Bullish,70.0,"Above 50 DMA, Above 200 DMA, Healthy RSI momentum, Near 52W high momentum, Strong positive day move",18.12,9.21,2.74,2.42,3.69,13.36,15.7,5.52,-10.62,55.0,"Strong 1M absolute return, Positive 3M return, Positive 6M return, 1M Nifty outperformance, Positive across 1M/3M/6M",25.0,Profit Booking Zone,86.21,519.96,577.42,11.05,100.0,80.0% of closes stayed inside the range | Range width 11.1% | Currently 100.0% through the range,13.94,5.96,13.03,7.62,8.1,-10.11,83.6,1.03,0.44,73.79,1967.53,653.34,-247.75,55.0376,41.0647,6.1728,21.0,0.364,24286.91,57.39,Automobile,12.0,5.0,6.0,9.0,7.0,39.0,1.0,,"Earnings contraction, Negative free cash flow",0.0,39.0,,41.86,4.0,Negative free cash flow,47.18,Neutral,"Above 50 DMA, Above 200 DMA, Healthy RSI momentum, Near 52W high momentum, Strong positive day move, Strong 1M absolute return, Positive 3M return, Positive 6M return, 1M Nifty outperformance, Positive across 1M/3M/6M, 80.0% of closes stayed inside the range | Range width 11.1% | Currently 100.0% through the range"
BLUEJET,Healthcare,Biotechnology,375.37,-3.05,318.33,431.81,17.92,13.07,47.72,363.24,,248472.6,289720.0,1.17,Bullish,37.0,"Above 50 DMA, RSI recovering, Near 52W low zone, Normal volume support",3.52,3.63,,2.42,3.69,13.36,1.1,-0.06,,18.0,"Positive 1M return, Positive 3M return",87.5,Neutral Range,72.86,341.81,391.56,14.55,67.45,79.1% of closes stayed inside the range | Range width 14.6% | Currently 67.5% through the range,19.37,15.47,28.51,23.05,-1.42,2.33,0.19,3.43,2.8,40.95,1.61,241.26,66.96,43.3021,29.6313,7.3683,20.0,0.636,10020.23,54.9,IT / Technology,23.0,0.0,20.0,17.0,7.0,67.0,1.0,"Strong ROE, Cash covers debt",Revenue contraction,5.0,72.0,Strong operating margin,54.11,0.0,,47.07,Neutral,"Above 50 DMA, RSI recovering, Near 52W low zone, Normal volume support, Strong ROE, Cash covers debt, Positive 1M return, Positive 3M return, 79.1% of closes stayed inside the range | Range width 14.6% | Currently 67.5% through the range"
BIL,Consumer Cyclical,Footwear & Accessories,423.05,0.12,145.3,485.0,191.16,12.77,64.88,341.84,277.91,55171.2,1810.0,0.03,Bullish,65.0,"Above 50 DMA, Above 200 DMA, Healthy RSI momentum, Near 52W high momentum, Positive day move",66.59,30.09,86.9,2.42,3.69,13.36,64.17,26.4,73.54,100.0,"Strong 1M absolute return, Strong 3M absolute return, Strong 6M absolute return, 1M Nifty outperformance, 3M Nifty outperformance, 6M Nifty outperformance, Positive across 1M/3M/6M",3.38,Profit Booking Zone,77.21,239.8,393.38,64.05,100.0,80.0% of closes stayed inside the range | Range width 64.0% | Currently 100.0% through the range,0.06,0.02,8.56,0.03,-2.92,-99.64,133.01,1.45,0.47,27.05,516.96,65.79,58.47,44.9528,51.2366,2.33,,0.164,1150.21,40.69,Consumer Discretionary,0.0,0.0,4.0,17.0,6.0,27.0,0.93,,"Revenue contraction, Earnings contraction",0.0,27.0,,41.86,10.0,"Low volume participation, Earnings contraction",46.98,Neutral,"Above 50 DMA, Above 200 DMA, Healthy RSI momentum, Near 52W high momentum, Positive day move, Strong 1M absolute return, Strong 3M absolute return, Strong 6M absolute return, 1M Nifty outperformance, 3M Nifty outperformance, 6M Nifty outperformance, Positive across 1M/3M/6M, 80.0% of closes stayed inside the range | Range width 64.0% | Currently 100.0% through the range"
ACI,Basic Materials,Chemicals,677.28,-1.17,431.86,828.56,56.83,18.26,55.15,664.7,600.67,731113.65,250504.0,0.34,Bullish,50.0,"Above 50 DMA, Above 200 DMA, Healthy RSI momentum",13.02,12.66,4.3,2.42,3.69,13.36,10.6,8.97,-9.06,55.0,"Strong 1M absolute return, Positive 3M return, Positive 6M return, 1M Nifty outperformance, Positive across 1M/3M/6M",31.67,Profit Booking Zone,77.36,523.34,693.46,32.51,90.49,80.0% of closes stayed inside the range | Range width 32.5% | Currently 90.5% through the range,18.75,15.52,30.2,24.46,-9.42,-16.62,5.75,5.38,4.44,45.48,97.82,379.35,171.46,61.3815,15.7547,3.0909,52.0,0.191,5979.09,92.35,Chemicals,23.0,0.0,17.0,17.0,7.0,64.0,1.0,Strong ROE,"Revenue contraction, Earnings contraction",4.0,68.0,"General quality ROE, General low-debt support",45.97,10.0,"Low volume participation, Earnings contraction",46.95,Neutral,"Above 50 DMA, Above 200 DMA, Healthy RSI momentum, Strong ROE, Strong 1M absolute return, Positive 3M return, Positive 6M return, 1M Nifty outperformance, Positive across 1M/3M/6M, 80.0% of closes stayed inside the range | Range width 32.5% | Currently 90.5% through the range"
AGI,Consumer Cyclical,Packaging & Containers,802.87,-2.89,274.81,1074.11,192.15,25.25,51.59,789.72,795.03,202027.45,102308.0,0.51,Bullish,50.0,"Above 50 DMA, Above 200 DMA, Healthy RSI momentum",13.74,-0.68,-20.47,2.42,3.69,13.36,11.32,-4.37,-33.83,25.0,"Strong 1M absolute return, 1M Nifty outperformance",62.84,Accumulation Zone,76.3,757.33,953.18,25.86,23.25,80.0% of closes stayed inside the range | Range width 25.9% | Currently 23.3% through the range,13.85,7.49,16.61,10.47,6.36,-3.94,34.2,1.55,1.04,232.27,620.52,588.39,316.14,13.1746,8.0373,2.0827,95.0,-0.185,5012.75,51.46,Consumer Discretionary,12.0,2.0,13.0,17.0,15.0,59.0,1.0,,Earnings contraction,2.0,61.0,General low-debt support,41.86,0.0,,46.38,Neutral,"Above 50 DMA, Above 200 DMA, Healthy RSI momentum, Strong 1M absolute return, 1M Nifty outperformance, 80.0% of closes stayed inside the range | Range width 25.9% | Currently 23.3% through the range"
DCMSRIND,Consumer Defensive,Confectioners,183.93,-0.37,57.13,220.76,221.97,16.68,48.97,187.53,147.62,259471.5,178339.0,0.69,Bearish,27.0,"Above 200 DMA, RSI recovering",6.45,12.54,42.77,2.42,3.69,13.36,4.03,8.85,29.41,63.0,"Positive 1M return, Positive 3M return, Strong 6M absolute return, 6M Nifty outperformance, Positive across 1M/3M/6M",12.5,Profit Booking Zone,67.69,123.77,195.61,58.04,83.74,80.0% of closes stayed inside the range | Range width 58.0% | Currently 83.7% through the range,14.15,5.25,9.18,5.61,-11.63,91.83,64.88,1.22,0.6,18.83,529.03,76.64,40.91,29.7342,,1.1204,85.0,0.2,408.69,23.34,General,6.0,10.0,6.0,17.0,10.0,49.0,1.0,,Revenue contraction,2.0,51.0,General low-debt support,39.96,0.0,,46.34,Neutral,"Above 200 DMA, RSI recovering, Positive 1M return, Positive 3M return, Strong 6M absolute return, 6M Nifty outperformance, Positive across 1M/3M/6M, 80.0% of closes stayed inside the range | Range width 58.0% | Currently 83.7% through the range"
ASTRAZEN,Healthcare,Drug Manufacturers - Specialty & Generic,5186.81,0.03,2866.24,7140.23,80.96,27.36,48.6,5304.77,4809.53,21495.75,3835.0,0.18,Bearish,32.0,"Above 200 DMA, RSI recovering, Positive day move",4.21,-17.03,11.75,2.42,3.69,13.36,1.79,-20.72,-1.61,18.0,"Positive 1M return, Positive 6M return",87.5,Lower Range Watch,69.3,4612.03,6248.52,35.48,35.12,80.0% of closes stayed inside the range | Range width 35.5% | Currently 35.1% through the range,22.69,14.98,13.23,12.47,29.17,62.66,0.64,2.61,1.97,505.57,4.59,27.87,17.11,104.8311,,20.3557,51.0,0.246,17766.25,36.83,Pharma / Healthcare,19.0,20.0,20.0,17.0,2.0,78.0,1.0,"Strong ROE, Cash covers debt",Very high PE,4.0,82.0,"General quality ROE, General low-debt support",54.11,3.0,Low volume participation,46.32,Neutral,"Above 200 DMA, RSI recovering, Positive day move, Strong ROE, Cash covers debt, Positive 1M return, Positive 6M return, 80.0% of closes stayed inside the range | Range width 35.5% | Currently 35.1% through the range"
BECTORFOOD,Consumer Defensive,Packaged Foods,217.04,0.03,67.07,272.24,223.6,20.28,50.21,214.0,212.68,670730.75,1045285.0,1.56,Bullish,65.0,"Above 50 DMA, Above 200 DMA, Healthy RSI momentum, Volume expansion, Positive day move",3.65,-10.81,-3.3,2.42,3.69,13.36,1.23,-14.5,-16.66,8.0,Positive 1M return,85.94,Lower Range Watch,79.7,206.35,241.63,17.1,30.32,80.0% of closes stayed inside the range | Range width 17.1% | Currently 30.3% through the range,21.17,12.76,11.17,8.83,19.87,55.83,36.94,1.67,1.25,7.64,244.9,153.41,-61.79,49.2326,32.9674,5.641,56.0,0.158,7142.17,45.62,FMCG / Consumer,17.0,18.0,13.0,9.0,9.0,66.0,1.0,Strong ROE,Negative free cash flow,8.0,74.0,"Strong ROE for a consumer staples business, Low debt, typical of a healthy consumer business",39.96,4.0,Negative free cash flow,46.14,Neutral,"Above 50 DMA, Above 200 DMA, Healthy RSI momentum, Volume expansion, Positive day move, Strong ROE, Positive 1M return, 80.0% of closes stayed inside the range | Range width 17.1% | Currently 30.3% through the range"
AWHCL,Industrials,Waste Management,504.56,-0.56,241.49,578.51,108.93,12.78,53.21,496.68,425.95,157478.1,90437.0,0.57,Bullish,60.0,"Above 50 DMA, Above 200 DMA, Healthy RSI momentum, Near 52W high momentum",10.46,-0.98,17.31,2.42,3.69,13.36,8.04,-4.67,3.95,35.0,"Strong 1M absolute return, Positive 6M return, 1M Nifty outperformance",58.73,Profit Booking Zone,78.73,433.24,528.28,21.94,75.04,80.0% of closes stayed inside the range | Range width 21.9% | Currently 75.0% through the range,15.03,5.9,14.15,9.98,1.57,26.62,77.89,1.28,1.28,70.9,446.85,139.53,-13.95,18.8101,11.844,1.4872,13.0,0.834,1098.84,57.64,Capital Goods / Infra,12.0,10.0,8.0,9.0,15.0,54.0,1.0,,Negative free cash flow,0.0,54.0,,49.69,4.0,Negative free cash flow,46.1,Neutral,"Above 50 DMA, Above 200 DMA, Healthy RSI momentum, Near 52W high momentum, Strong 1M absolute return, Positive 6M return, 1M Nifty outperformance, 80.0% of closes stayed inside the range | Range width 21.9% | Currently 75.0% through the range"
AROGRANITE,Industrials,Building Products & Equipment,53.1,0.28,36.6,69.3,45.08,23.38,57.18,51.53,51.62,56052.05,218530.0,3.9,Bullish,70.0,"Above 50 DMA, Above 200 DMA, Healthy RSI momentum, Strong volume expansion, Positive day move",10.4,-12.01,-11.65,2.42,3.69,13.36,7.98,-15.7,-25.01,25.0,"Strong 1M absolute return, 1M Nifty outperformance",73.81,Lower Range Watch,77.44,47.73,59.98,25.67,43.84,80.0% of closes stayed inside the range | Range width 25.7% | Currently 43.8% through the range,0.68,0.3,12.34,0.85,-5.37,122.7,98.29,1.54,0.41,0.75,188.75,35.03,34.88,,,0.2208,,0.496,38.4,34.99,Capital Goods / Infra,3.0,10.0,8.0,17.0,4.0,42.0,0.86,,Revenue contraction,0.0,42.0,,49.69,0.0,,45.9,Neutral,"Above 50 DMA, Above 200 DMA, Healthy RSI momentum, Strong volume expansion, Positive day move, Strong 1M absolute return, 1M Nifty outperformance, 80.0% of closes stayed inside the range | Range width 25.7% | Currently 43.8% through the range"
ALMONDZ,Financial Services,Capital Markets,18.0,1.22,9.83,25.28,83.05,28.81,44.37,18.59,16.21,412989.6,69906.0,0.17,Bearish,28.0,"Above 200 DMA, Weak but watchable RSI, Positive day move",1.08,-13.88,23.57,2.42,3.69,13.36,-1.34,-17.57,10.21,18.0,"Positive 1M return, Positive 6M return",83.75,Neutral Range,66.96,13.96,20.62,47.73,60.67,80.8% of closes stayed inside the range | Range width 47.7% | Currently 60.7% through the range,15.49,10.74,9.96,30.44,49.38,115.93,10.65,2.03,2.03,11.8,23.42,35.06,29.16,8.8796,,1.1253,,0.409,296.63,56.84,Financial Services,14.0,20.0,17.0,17.0,10.0,78.0,0.93,,,6.0,84.0,Strong ROE for a leveraged-balance-sheet business,52.42,3.0,Low volume participation,45.76,Neutral,"Above 200 DMA, Weak but watchable RSI, Positive day move, Positive 1M return, Positive 6M return, 80.8% of closes stayed inside the range | Range width 47.7% | Currently 60.7% through the range"
CONFIPET,Energy,Oil & Gas Refining & Marketing,90.66,0.17,55.06,119.61,64.66,24.21,47.33,96.0,87.81,2349326.6,995384.0,0.42,Bearish,32.0,"Above 200 DMA, RSI recovering, Positive day move",3.59,3.59,5.88,2.42,3.69,13.36,1.17,-0.1,-7.48,38.0,"Positive 1M return, Positive 3M return, Positive 6M return, Positive across 1M/3M/6M",88.89,Lower Range Watch,71.14,83.77,103.67,23.75,34.59,80.0% of closes stayed inside the range | Range width 23.7% | Currently 34.6% through the range,8.58,4.6,7.38,3.76,22.4,25.23,53.54,2.01,1.62,120.89,632.6,262.95,17.9,19.721,,1.8779,13.0,0.585,2653.61,13.91,Energy / Utilities,2.0,18.0,12.0,17.0,12.0,61.0,1.0,,,2.0,63.0,General low-debt support,59.29,3.0,Low volume participation,45.44,Neutral,"Above 200 DMA, RSI recovering, Positive day move, Positive 1M return, Positive 3M return, Positive 6M return, Positive across 1M/3M/6M, 80.0% of closes stayed inside the range | Range width 23.7% | Currently 34.6% through the range"
DCAL,Healthcare,Biotechnology,231.75,0.67,80.0,283.0,189.69,18.11,50.3,229.15,179.08,560151.5,966317.0,1.73,Bullish,65.0,"Above 50 DMA, Above 200 DMA, Healthy RSI momentum, Volume expansion, Positive day move",5.75,20.23,43.41,2.42,3.69,13.36,3.33,16.54,30.05,88.0,"Positive 1M return, Strong 3M absolute return, Strong 6M absolute return, 3M Nifty outperformance, 6M Nifty outperformance, Positive across 1M/3M/6M",20.0,Profit Booking Zone,76.04,154.55,244.19,58.0,86.13,80.0% of closes stayed inside the range | Range width 58.0% | Currently 86.1% through the range,-2.73,-1.6,-1.62,-6.03,9.87,-414.93,41.09,0.75,0.41,264.09,2312.6,379.43,76.18,28.0981,13.9816,0.4094,,0.624,2740.1,85.36,IT / Technology,0.0,5.0,7.0,17.0,11.0,40.0,0.93,,"Negative net margin, Earnings contraction",0.0,40.0,,54.11,15.0,"Negative net margin, Earnings contraction",45.37,Neutral,"Above 50 DMA, Above 200 DMA, Healthy RSI momentum, Volume expansion, Positive day move, Positive 1M return, Strong 3M absolute return, Strong 6M absolute return, 3M Nifty outperformance, 6M Nifty outperformance, Positive across 1M/3M/6M, 80.0% of closes stayed inside the range | Range width 58.0% | Currently 86.1% through the range"
ANIKINDS,Consumer Defensive,Food Distribution,55.9,-1.5,26.6,65.3,110.15,14.4,61.57,49.35,44.32,59613.75,15093.0,0.25,Bullish,60.0,"Above 50 DMA, Above 200 DMA, Healthy RSI momentum, Near 52W high momentum",25.34,13.04,40.98,2.42,3.69,13.36,22.92,9.35,27.62,80.0,"Strong 1M absolute return, Positive 3M return, Strong 6M absolute return, 1M Nifty outperformance, 6M Nifty outperformance, Positive across 1M/3M/6M",7.81,Profit Booking Zone,81.19,43.74,56.16,28.4,97.91,80.0% of closes stayed inside the range | Range width 28.4% | Currently 97.9% through the range,0.08,0.07,7.58,0.3,-14.82,-94.04,1.91,5.67,5.46,0.9,7.34,43.93,39.65,,,0.4014,,,127.83,3.21,FMCG / Consumer,0.0,0.0,17.0,17.0,4.0,38.0,0.86,,"Revenue contraction, Earnings contraction",3.0,41.0,"Low debt, typical of a healthy consumer business",39.96,10.0,"Low volume participation, Earnings contraction",45.34,Neutral,"Above 50 DMA, Above 200 DMA, Healthy RSI momentum, Near 52W high momentum, Strong 1M absolute return, Positive 3M return, Strong 6M absolute return, 1M Nifty outperformance, 6M Nifty outperformance, Positive across 1M/3M/6M, 80.0% of closes stayed inside the range | Range width 28.4% | Currently 97.9% through the range"
CEATLTD,Consumer Cyclical,Auto Parts,2451.19,0.59,1307.9,2902.45,87.41,15.55,40.78,2614.72,2326.74,121388.95,222059.0,1.83,Bearish,38.0,"Above 200 DMA, Weak but watchable RSI, Volume expansion, Positive day move",2.3,4.35,20.28,2.42,3.69,13.36,-0.12,0.66,6.92,38.0,"Positive 1M return, Positive 3M return, Positive 6M return, Positive across 1M/3M/6M",40.54,Neutral Range,69.47,2044.15,2757.8,34.91,57.04,80.0% of closes stayed inside the range | Range width 34.9% | Currently 57.0% through the range,15.9,6.43,9.71,5.45,5.67,245.2,44.32,0.63,0.37,55.16,1791.5,1719.26,851.95,24.0448,14.777,2.4142,100.0,0.469,14204.05,38.51,Automobile,6.0,12.0,7.0,17.0,13.0,55.0,1.0,,,2.0,57.0,General low-debt support,41.86,0.0,,45.23,Neutral,"Above 200 DMA, Weak but watchable RSI, Volume expansion, Positive day move, Positive 1M return, Positive 3M return, Positive 6M return, Positive across 1M/3M/6M, 80.0% of closes stayed inside the range | Range width 34.9% | Currently 57.0% through the range"
ANGELONE,Financial Services,Capital Markets,275.24,1.08,93.76,374.0,193.55,26.41,49.72,280.95,243.64,6674093.0,4091000.0,0.61,Bearish,32.0,"Above 200 DMA, RSI recovering, Positive day move",10.21,-13.98,40.03,2.42,3.69,13.36,7.79,-17.67,26.67,60.0,"Strong 1M absolute return, Strong 6M absolute return, 1M Nifty outperformance, 6M Nifty outperformance",43.75,Lower Range Watch,70.8,252.12,328.8,30.41,30.15,80.0% of closes stayed inside the range | Range width 30.4% | Currently 30.1% through the range,37.04,8.49,33.58,33.13,37.35,26.47,83.63,1.25,,1042.98,2541.12,-329.9,-537.41,26.7273,16.6436,4.3773,1.71,0.29,26862.41,84.82,Financial Services,24.0,20.0,6.0,0.0,10.0,60.0,0.93,Strong ROE,"Negative operating cash flow, Negative free cash flow",6.0,66.0,Strong ROE for a leveraged-balance-sheet business,52.42,9.0,"Negative operating cash flow, Negative free cash flow",44.96,Weak,"Above 200 DMA, RSI recovering, Positive day move, Strong ROE, Strong 1M absolute return, Strong 6M absolute return, 1M Nifty outperformance, 6M Nifty outperformance, 80.0% of closes stayed inside the range | Range width 30.4% | Currently 30.1% through the range"
APLLTD,Healthcare,Drug Manufacturers - Specialty & Generic,906.07,-1.24,440.63,1054.23,105.63,14.05,40.98,954.25,795.51,109829.9,57145.0,0.52,Bearish,23.0,"Above 200 DMA, Weak but watchable RSI",-0.55,0.95,16.54,2.42,3.69,13.36,-2.97,-2.74,3.18,20.0,"Positive 3M return, Positive 6M return",70.0,Profit Booking Zone,68.84,707.37,968.94,36.98,75.96,80.0% of closes stayed inside the range | Range width 37.0% | Currently 76.0% through the range,12.78,9.55,10.86,10.08,11.13,80.07,10.65,2.12,0.99,120.21,513.16,803.2,475.73,23.0635,16.9384,2.8176,1.48,0.301,15989.43,70.56,Pharma / Healthcare,14.0,15.0,14.0,17.0,12.0,72.0,1.0,,,2.0,74.0,General low-debt support,54.11,0.0,,44.77,Weak,"Above 200 DMA, Weak but watchable RSI, Positive 3M return, Positive 6M return, 80.0% of closes stayed inside the range | Range width 37.0% | Currently 76.0% through the range"
CROMPTON,Consumer Cyclical,"Furnishings, Fixtures & Appliances",299.49,0.24,241.58,412.89,23.97,27.47,67.82,277.71,286.31,5445916.25,4924806.0,0.9,Bullish,60.0,"Above 50 DMA, Above 200 DMA, Healthy RSI momentum, Near 52W low zone, Positive day move",16.25,-2.81,2.5,2.42,3.69,13.36,13.83,-6.5,-10.86,35.0,"Strong 1M absolute return, Positive 6M return, 1M Nifty outperformance",46.62,Profit Booking Zone,82.33,270.81,303.03,11.9,89.0,80.0% of closes stayed inside the range | Range width 11.9% | Currently 89.0% through the range,14.67,7.23,8.17,6.05,6.46,-5.03,22.78,1.31,0.91,172.06,683.19,843.41,759.62,,20.7911,5.0579,1.29,0.348,15003.22,31.54,Consumer Discretionary,9.0,2.0,9.0,17.0,3.0,40.0,0.93,,Earnings contraction,2.0,42.0,General low-debt support,41.86,0.0,,44.73,Weak,"Above 50 DMA, Above 200 DMA, Healthy RSI momentum, Near 52W low zone, Positive day move, Strong 1M absolute return, Positive 6M return, 1M Nifty outperformance, 80.0% of closes stayed inside the range | Range width 11.9% | Currently 89.0% through the range"
AVONMORE,Financial Services,Capital Markets,10.23,0.84,5.85,13.1,74.79,21.98,55.46,10.2,8.72,311546.5,277640.0,0.89,Bullish,55.0,"Above 50 DMA, Above 200 DMA, Healthy RSI momentum, Positive day move",10.24,9.48,44.73,2.42,3.69,13.36,7.82,5.79,31.37,80.0,"Strong 1M absolute return, Positive 3M return, Strong 6M absolute return, 1M Nifty outperformance, 6M Nifty outperformance, Positive across 1M/3M/6M",26.25,Neutral Range,72.63,7.76,11.44,47.52,66.91,80.0% of closes stayed inside the range | Range width 47.5% | Currently 66.9% through the range,4.11,2.39,14.54,10.4,-43.16,-89.25,7.89,3.72,3.56,12.97,23.79,42.48,35.68,25.2727,,0.9508,,0.322,392.24,58.21,Financial Services,6.0,0.0,17.0,17.0,8.0,48.0,0.93,,"Revenue contraction, Earnings contraction",-5.0,43.0,Weak ROE for a leveraged-balance-sheet business,52.42,12.0,"Revenue contraction, Earnings contraction",44.66,Weak,"Above 50 DMA, Above 200 DMA, Healthy RSI momentum, Positive day move, Strong 1M absolute return, Positive 3M return, Strong 6M absolute return, 1M Nifty outperformance, 6M Nifty outperformance, Positive across 1M/3M/6M, 80.0% of closes stayed inside the range | Range width 47.5% | Currently 66.9% through the range"
CNL,Technology,Electronics & Computer Distribution,774.18,0.13,357.48,913.79,116.56,15.28,54.23,749.48,663.77,56125.75,19794.0,0.35,Bullish,55.0,"Above 50 DMA, Above 200 DMA, Healthy RSI momentum, Positive day move",10.78,-7.85,40.82,2.42,3.69,13.36,8.36,-11.54,27.46,60.0,"Strong 1M absolute return, Strong 6M absolute return, 1M Nifty outperformance, 6M Nifty outperformance",42.31,Neutral Range,75.9,673.9,829.79,23.13,64.33,80.0% of closes stayed inside the range | Range width 23.1% | Currently 64.3% through the range,20.43,12.19,2.78,2.57,23.0,79.16,34.1,2.73,2.13,7.2,73.56,-28.18,-28.71,28.6408,,5.6581,4.0,0.592,1865.3,8.59,IT / Technology,11.0,18.0,15.0,0.0,8.0,52.0,1.0,Strong ROE,"Negative operating cash flow, Negative free cash flow",5.0,57.0,Strong ROE for an asset-light business,52.93,12.0,"Low volume participation, Negative operating cash flow, Negative free cash flow",44.64,Weak,"Above 50 DMA, Above 200 DMA, Healthy RSI momentum, Positive day move, Strong ROE, Strong 1M absolute return, Strong 6M absolute return, 1M Nifty outperformance, 6M Nifty outperformance, 80.0% of closes stayed inside the range | Range width 23.1% | Currently 64.3% through the range"
DCI,Technology,Electronics & Computer Distribution,217.5,-0.21,41.35,267.5,426.0,18.69,54.0,209.11,183.47,15979.05,5167.0,0.32,Bullish,50.0,"Above 50 DMA, Above 200 DMA, Healthy RSI momentum",16.9,4.77,31.82,2.42,3.69,13.36,14.48,1.08,18.46,80.0,"Strong 1M absolute return, Positive 3M return, Strong 6M absolute return, 1M Nifty outperformance, 6M Nifty outperformance, Positive across 1M/3M/6M",30.77,Profit Booking Zone,75.71,166.18,227.41,36.85,83.82,80.0% of closes stayed inside the range | Range width 36.8% | Currently 83.8% through the range,22.95,5.59,4.25,2.53,27.81,64.09,74.35,1.31,0.94,0.07,37.61,-7.61,-8.63,30.5779,,6.1203,2.0,-0.312,672.48,9.17,IT / Technology,8.0,20.0,6.0,0.0,6.0,40.0,1.0,Strong ROE,"Negative operating cash flow, Negative free cash flow",5.0,45.0,Strong ROE for an asset-light business,52.93,12.0,"Low volume participation, Negative operating cash flow, Negative free cash flow",44.19,Weak,"Above 50 DMA, Above 200 DMA, Healthy RSI momentum, Strong ROE, Strong 1M absolute return, Positive 3M return, Strong 6M absolute return, 1M Nifty outperformance, 6M Nifty outperformance, Positive across 1M/3M/6M, 80.0% of closes stayed inside the range | Range width 36.8% | Currently 83.8% through the range"
ASIANENE,Energy,Oil & Gas Equipment & Services,284.49,1.55,51.35,343.28,453.98,17.12,52.76,285.95,217.13,40645.25,20386.0,0.5,Bearish,40.0,"Above 200 DMA, Healthy RSI momentum, Positive day move",5.28,1.87,54.59,2.42,3.69,13.36,2.86,-1.82,41.23,63.0,"Positive 1M return, Positive 3M return, Strong 6M absolute return, 6M Nifty outperformance, Positive across 1M/3M/6M",66.67,Profit Booking Zone,68.08,181.82,309.6,70.27,80.35,80.0% of closes stayed inside the range | Range width 70.3% | Currently 80.4% through the range,9.16,6.62,8.13,8.36,179.53,157.41,8.05,2.19,2.18,8.59,22.37,-44.1,-72.67,38.1285,,4.355,20.0,0.838,2336.27,20.95,Energy / Utilities,7.0,20.0,17.0,0.0,6.0,50.0,1.0,,"Negative operating cash flow, Negative free cash flow",2.0,52.0,General low-debt support,59.29,9.0,"Negative operating cash flow, Negative free cash flow",43.84,Weak,"Above 200 DMA, Healthy RSI momentum, Positive day move, Positive 1M return, Positive 3M return, Strong 6M absolute return, 6M Nifty outperformance, Positive across 1M/3M/6M, 80.0% of closes stayed inside the range | Range width 70.3% | Currently 80.4% through the range"
ARVEE,Basic Materials,Specialty Chemicals,214.25,-4.99,82.55,315.0,159.54,31.98,52.98,166.57,139.38,25821.4,2021.0,0.08,Bullish,50.0,"Above 50 DMA, Above 200 DMA, Healthy RSI momentum",66.02,33.74,70.11,2.42,3.69,13.36,63.6,30.05,56.75,100.0,"Strong 1M absolute return, Strong 3M absolute return, Strong 6M absolute return, 1M Nifty outperformance, 3M Nifty outperformance, 6M Nifty outperformance, Positive across 1M/3M/6M",5.0,Profit Booking Zone,74.04,116.54,191.3,64.15,100.0,80.0% of closes stayed inside the range | Range width 64.1% | Currently 100.0% through the range,3.61,2.73,4.9,3.47,-50.48,-74.46,3.43,2.38,1.49,1.85,1.0,3.66,1.08,89.8936,,5.5361,,0.54,186.24,45.49,Chemicals,0.0,0.0,19.0,17.0,2.0,38.0,0.93,Cash covers debt,"Revenue contraction, Earnings contraction, Very high PE",2.0,40.0,General low-debt support,45.97,15.0,"Low volume participation, Revenue contraction, Earnings contraction",43.4,Weak,"Above 50 DMA, Above 200 DMA, Healthy RSI momentum, Cash covers debt, Strong 1M absolute return, Strong 3M absolute return, Strong 6M absolute return, 1M Nifty outperformance, 3M Nifty outperformance, 6M Nifty outperformance, Positive across 1M/3M/6M, 80.0% of closes stayed inside the range | Range width 64.1% | Currently 100.0% through the range"
BIRLACORPN,Basic Materials,Building Materials,1431.56,1.42,818.64,1753.51,74.87,18.36,46.14,1512.43,1320.99,105025.4,64523.0,0.61,Bearish,32.0,"Above 200 DMA, RSI recovering, Positive day move",3.22,5.54,15.33,2.42,3.69,13.36,0.8,1.85,1.97,38.0,"Positive 1M return, Positive 3M return, Positive 6M return, Positive across 1M/3M/6M",42.5,Neutral Range,68.28,1253.16,1630.55,30.12,47.27,80.0% of closes stayed inside the range | Range width 30.1% | Currently 47.3% through the range,6.3,2.91,9.06,4.44,11.31,938.42,58.49,1.18,0.8,156.8,3903.47,1620.09,1090.69,12.285,11.3092,0.9214,1.42,0.468,6785.71,82.08,Cement / Realty,0.0,15.0,6.0,17.0,14.0,52.0,1.0,,,2.0,54.0,General low-debt support,45.97,0.0,,43.3,Weak,"Above 200 DMA, RSI recovering, Positive day move, Positive 1M return, Positive 3M return, Positive 6M return, Positive across 1M/3M/6M, 80.0% of closes stayed inside the range | Range width 30.1% | Currently 47.3% through the range"
DYCL,Industrials,Electrical Equipment & Parts,221.93,2.18,65.52,307.61,238.7,27.85,61.66,204.54,217.59,241478.1,187752.0,0.78,Bullish,60.0,"Above 50 DMA, Above 200 DMA, Healthy RSI momentum, Strong positive day move",21.3,0.42,-6.69,2.42,3.69,13.36,18.88,-3.27,-20.05,35.0,"Strong 1M absolute return, Positive 3M return, 1M Nifty outperformance",58.73,Profit Booking Zone,79.84,193.07,229.44,18.83,79.34,80.0% of closes stayed inside the range | Range width 18.8% | Currently 79.3% through the range,17.65,7.58,9.1,4.92,14.88,21.79,55.74,1.54,1.08,0.23,119.26,1.26,-19.9,23.8086,,5.1676,10.0,0.091,2362.84,19.32,Capital Goods / Infra,6.0,13.0,10.0,9.0,8.0,46.0,1.0,,Negative free cash flow,0.0,46.0,,49.69,4.0,Negative free cash flow,43.3,Weak,"Above 50 DMA, Above 200 DMA, Healthy RSI momentum, Strong positive day move, Strong 1M absolute return, Positive 3M return, 1M Nifty outperformance, 80.0% of closes stayed inside the range | Range width 18.8% | Currently 79.3% through the range"
ADSL,Technology,Information Technology Services,133.11,0.51,68.18,193.49,95.23,31.2,43.83,142.88,132.54,436037.6,232716.0,0.53,Bearish,28.0,"Above 200 DMA, Weak but watchable RSI, Positive day move",5.69,-24.73,11.88,2.42,3.69,13.36,3.27,-28.42,-1.48,18.0,"Positive 1M return, Positive 6M return",86.54,Lower Range Watch,66.76,114.29,167.46,46.52,35.4,80.0% of closes stayed inside the range | Range width 46.5% | Currently 35.4% through the range,7.16,5.32,9.76,6.03,4.04,498.7,12.93,3.59,3.2,126.71,74.8,67.6,64.31,17.3263,10.3117,0.9808,1.41,0.706,601.69,18.43,IT / Technology,5.0,12.0,20.0,17.0,14.0,68.0,1.0,Cash covers debt,,0.0,68.0,,52.93,0.0,,43.24,Weak,"Above 200 DMA, Weak but watchable RSI, Positive day move, Cash covers debt, Positive 1M return, Positive 6M return, 80.0% of closes stayed inside the range | Range width 46.5% | Currently 35.4% through the range"
BIKAJI,Consumer Defensive,Packaged Foods,518.2,1.27,301.01,603.11,72.15,14.08,49.35,518.93,507.19,291731.3,65092.0,0.22,Bearish,32.0,"Above 200 DMA, RSI recovering, Positive day move",6.17,-9.74,5.96,2.42,3.69,13.36,3.75,-13.43,-7.4,18.0,"Positive 1M return, Positive 6M return",62.5,Lower Range Watch,71.81,487.44,571.65,17.28,36.53,80.0% of closes stayed inside the range | Range width 17.3% | Currently 36.5% through the range,21.81,17.33,14.89,11.89,13.8,93.71,13.65,2.28,1.9,8.65,166.34,244.68,116.38,60.1946,44.3151,9.655,20.0,0.237,15515.57,34.81,FMCG / Consumer,17.0,15.0,17.0,17.0,5.0,71.0,1.0,Strong ROE,,8.0,79.0,"Strong ROE for a consumer staples business, Low debt, typical of a healthy consumer business",39.96,3.0,Low volume participation,43.14,Weak,"Above 200 DMA, RSI recovering, Positive day move, Strong ROE, Positive 1M return, Positive 6M return, 80.0% of closes stayed inside the range | Range width 17.3% | Currently 36.5% through the range"
DREDGECORP,Industrials,Engineering & Construction,824.3,1.11,275.3,889.95,199.42,7.38,69.16,732.83,565.64,56409.25,110099.0,1.95,Bullish,75.0,"Above 50 DMA, Above 200 DMA, Healthy RSI momentum, Near 52W high momentum, Volume expansion, Positive day move",30.97,-4.35,59.55,2.42,3.69,13.36,28.55,-8.04,46.19,60.0,"Strong 1M absolute return, Strong 6M absolute return, 1M Nifty outperformance, 6M Nifty outperformance",38.89,Profit Booking Zone,78.86,483.83,808.13,67.03,100.0,80.0% of closes stayed inside the range | Range width 67.0% | Currently 100.0% through the range,2.64,1.39,6.47,3.52,-18.58,116.91,44.45,0.78,0.63,49.8,558.03,190.7,-100.3,63.5508,,2.5223,,0.743,3137.12,56.18,Capital Goods / Infra,0.0,10.0,7.0,9.0,4.0,30.0,0.93,,"Revenue contraction, Negative free cash flow",0.0,30.0,,49.69,9.0,"Revenue contraction, Negative free cash flow",42.7,Weak,"Above 50 DMA, Above 200 DMA, Healthy RSI momentum, Near 52W high momentum, Volume expansion, Positive day move, Strong 1M absolute return, Strong 6M absolute return, 1M Nifty outperformance, 6M Nifty outperformance, 80.0% of closes stayed inside the range | Range width 67.0% | Currently 100.0% through the range"
CELEBRITY,Consumer Cyclical,Apparel Manufacturing,22.05,7.82,12.0,27.4,83.75,19.53,72.89,17.88,17.32,538870.1,3016424.0,5.6,Bullish,62.0,"Above 50 DMA, Above 200 DMA, Strong but overbought RSI, Strong volume expansion, Strong positive day move",44.59,22.84,18.23,2.42,3.69,13.36,42.17,19.15,4.87,80.0,"Strong 1M absolute return, Strong 3M absolute return, Positive 6M return, 1M Nifty outperformance, 3M Nifty outperformance, Positive across 1M/3M/6M",10.81,Breakout Watch,86.28,16.75,19.9,18.81,100.0,82.5% of closes stayed inside the range | Range width 18.8% | Currently 100.0% through the range | Above upper band on elevated volume,5.45,1.3,3.54,0.54,-4.17,-69.92,182.93,1.19,0.77,0.26,62.14,29.09,28.35,,,3.6936,,0.123,43.89,50.18,Consumer Discretionary,0.0,0.0,2.0,17.0,2.0,21.0,0.86,,"Revenue contraction, Earnings contraction",0.0,21.0,,41.86,7.0,Earnings contraction,42.13,Weak,"Above 50 DMA, Above 200 DMA, Strong but overbought RSI, Strong volume expansion, Strong positive day move, Strong 1M absolute return, Strong 3M absolute return, Positive 6M return, 1M Nifty outperformance, 3M Nifty outperformance, Positive across 1M/3M/6M, 82.5% of closes stayed inside the range | Range width 18.8% | Currently 100.0% through the range | Above upper band on elevated volume"
DCXINDIA,Industrials,Aerospace & Defense,321.95,2.94,138.0,393.0,133.3,18.08,59.31,310.71,312.66,758361.05,1395359.0,1.84,Bullish,70.0,"Above 50 DMA, Above 200 DMA, Healthy RSI momentum, Volume expansion, Strong positive day move",19.2,-10.87,8.86,2.42,3.69,13.36,16.78,-14.56,-4.5,35.0,"Strong 1M absolute return, Positive 6M return, 1M Nifty outperformance",58.73,Neutral Range,76.15,281.59,364.47,29.44,48.7,80.0% of closes stayed inside the range | Range width 29.4% | Currently 48.7% through the range,6.73,4.1,5.25,5.32,13.56,5.72,25.8,2.55,2.26,21.45,290.6,4.43,-40.13,,37.0437,1.183,,0.57,1980.56,9.2,Capital Goods / Infra,0.0,7.0,15.0,9.0,4.0,35.0,0.86,,Negative free cash flow,0.0,35.0,,49.69,4.0,Negative free cash flow,41.95,Weak,"Above 50 DMA, Above 200 DMA, Healthy RSI momentum, Volume expansion, Strong positive day move, Strong 1M absolute return, Positive 6M return, 1M Nifty outperformance, 80.0% of closes stayed inside the range | Range width 29.4% | Currently 48.7% through the range"
AMBER,Consumer Cyclical,"Furnishings, Fixtures & Appliances",3789.3,3.58,1762.5,4614.2,115.0,17.88,58.16,3714.99,3178.89,201419.3,189312.0,0.94,Bullish,60.0,"Above 50 DMA, Above 200 DMA, Healthy RSI momentum, Strong positive day move",17.58,1.95,29.02,2.42,3.69,13.36,15.16,-1.74,15.66,70.0,"Strong 1M absolute return, Positive 3M return, Positive 6M return, 1M Nifty outperformance, 6M Nifty outperformance, Positive across 1M/3M/6M",18.24,Neutral Range,77.21,3061.64,4035.14,31.8,74.75,80.0% of closes stayed inside the range | Range width 31.8% | Currently 74.7% through the range,6.44,2.02,4.83,2.03,-3.19,-15.47,74.55,1.02,0.77,131.87,1538.95,964.84,552.8,294.0613,40.3885,6.1782,,0.196,27068.01,19.22,Consumer Discretionary,0.0,0.0,6.0,17.0,3.0,26.0,0.93,,"Revenue contraction, Earnings contraction, Very high PE",2.0,28.0,General low-debt support,41.86,7.0,Earnings contraction,41.58,Weak,"Above 50 DMA, Above 200 DMA, Healthy RSI momentum, Strong positive day move, Strong 1M absolute return, Positive 3M return, Positive 6M return, 1M Nifty outperformance, 6M Nifty outperformance, Positive across 1M/3M/6M, 80.0% of closes stayed inside the range | Range width 31.8% | Currently 74.7% through the range"
DIAMINESQ,Basic Materials,Chemicals,568.98,-1.75,443.01,619.08,28.44,8.09,57.49,529.52,,22736.25,8456.0,0.37,Bullish,45.0,"Above 50 DMA, Healthy RSI momentum, Near 52W high momentum",9.22,8.11,12.1,2.42,3.69,13.36,6.8,4.42,-1.26,48.0,"Positive 1M return, Positive 3M return, Positive 6M return, 1M Nifty outperformance, Positive across 1M/3M/6M",39.17,Profit Booking Zone,79.65,470.23,563.38,19.81,100.0,80.0% of closes stayed inside the range | Range width 19.8% | Currently 100.0% through the range,10.44,9.51,20.25,15.05,-6.84,-63.08,0.0,7.29,5.61,0.53,0.0,21.9,13.29,,,1.5547,41.0,0.284,244.62,41.72,Chemicals,16.0,0.0,20.0,17.0,6.0,59.0,0.93,Net cash position,"Revenue contraction, Earnings contraction",2.0,61.0,General low-debt support,45.97,10.0,"Low volume participation, Earnings contraction",41.5,Weak,"Above 50 DMA, Healthy RSI momentum, Near 52W high momentum, Net cash position, Positive 1M return, Positive 3M return, Positive 6M return, 1M Nifty outperformance, Positive across 1M/3M/6M, 80.0% of closes stayed inside the range | Range width 19.8% | Currently 100.0% through the range"
BEDMUTHA,Basic Materials,Steel,202.05,0.92,46.7,314.4,332.66,35.73,38.62,236.32,158.22,12036.65,9088.0,0.76,Bearish,28.0,"Above 200 DMA, Weak but watchable RSI, Positive day move",-6.31,-5.83,40.41,2.42,3.69,13.36,-8.73,-9.52,27.05,35.0,"Strong 6M absolute return, 6M Nifty outperformance",50.0,Lower Range Watch,58.92,146.14,282.1,93.03,41.12,80.0% of closes stayed inside the range | Range width 93.0% | Currently 41.1% through the range,17.39,3.7,-0.05,2.6,18.61,61.0,104.37,1.47,1.22,1.14,125.73,73.86,45.42,20.5513,,2.2564,,0.144,342.8,12.57,Metals / Mining,4.0,18.0,6.0,17.0,8.0,53.0,0.93,,,0.0,53.0,,45.97,0.0,,41.2,Weak,"Above 200 DMA, Weak but watchable RSI, Positive day move, Strong 6M absolute return, 6M Nifty outperformance, 80.0% of closes stayed inside the range | Range width 93.0% | Currently 41.1% through the range"
BHARATRAS,Basic Materials,Agricultural Inputs,2394.87,-0.19,2069.12,3235.73,15.74,25.99,65.91,2234.42,2271.66,6616.4,6792.0,1.03,Bullish,60.0,"Above 50 DMA, Above 200 DMA, Healthy RSI momentum, Near 52W low zone, Normal volume support",8.35,1.92,6.43,2.42,3.69,13.36,5.93,-1.77,-6.93,48.0,"Positive 1M return, Positive 3M return, Positive 6M return, 1M Nifty outperformance, Positive across 1M/3M/6M",39.17,Profit Booking Zone,84.71,2184.77,2338.31,7.03,100.0,80.0% of closes stayed inside the range | Range width 7.0% | Currently 100.0% through the range,9.67,7.98,8.89,9.24,-16.28,-23.35,8.15,4.6,3.25,32.43,80.47,41.08,14.02,3.5788,3.7536,1.6366,4.0,0.173,2086.28,35.0,General,7.0,0.0,17.0,17.0,12.0,53.0,1.0,,"Revenue contraction, Earnings contraction",2.0,55.0,General low-debt support,45.97,12.0,"Revenue contraction, Earnings contraction",41.15,Weak,"Above 50 DMA, Above 200 DMA, Healthy RSI momentum, Near 52W low zone, Normal volume support, Positive 1M return, Positive 3M return, Positive 6M return, 1M Nifty outperformance, Positive across 1M/3M/6M, 80.0% of closes stayed inside the range | Range width 7.0% | Currently 100.0% through the range"
DEN,Unknown,Unknown,52.75,4.87,25.2,69.4,109.33,23.99,52.93,53.8,50.58,1994345.1,4011729.0,2.01,Bearish,60.0,"Above 200 DMA, Healthy RSI momentum, Strong volume expansion, Strong positive day move",7.22,-14.51,2.83,2.42,3.69,13.36,4.8,-18.2,-10.53,18.0,"Positive 1M return, Positive 6M return",68.75,Accumulation Zone,77.86,49.33,61.52,24.69,28.04,80.0% of closes stayed inside the range | Range width 24.7% | Currently 28.0% through the range,6.28,5.47,3.95,19.86,-2.13,-11.61,0.75,7.64,,26.56,25.51,83.63,29.81,,,,,,,,General,8.0,0.0,17.0,17.0,0.0,42.0,0.71,Cash covers debt,"Revenue contraction, Earnings contraction",2.0,44.0,General low-debt support,40.16,0.0,,40.92,Weak,"Above 200 DMA, Healthy RSI momentum, Strong volume expansion, Strong positive day move, Cash covers debt, Positive 1M return, Positive 6M return, 80.0% of closes stayed inside the range | Range width 24.7% | Currently 28.0% through the range"
DHRUV,Industrials,Engineering & Construction,104.63,-0.62,42.76,141.15,144.67,25.87,47.88,103.81,69.09,18888.25,30655.0,1.62,Bullish,52.0,"Above 50 DMA, Above 200 DMA, RSI recovering, Volume expansion",-6.58,67.2,76.92,2.42,3.69,13.36,-9.0,63.51,63.56,70.0,"Strong 3M absolute return, Strong 6M absolute return, 3M Nifty outperformance, 6M Nifty outperformance",31.75,Profit Booking Zone,67.69,59.08,113.78,92.58,83.28,80.0% of closes stayed inside the range | Range width 92.6% | Currently 83.3% through the range,8.89,5.44,11.19,7.21,0.68,22.25,30.65,2.32,,0.52,20.32,-1.71,-4.61,,,0.655,,0.163,44.04,-70.94,Capital Goods / Infra,10.0,8.0,12.0,0.0,4.0,34.0,0.79,,"Negative operating cash flow, Negative free cash flow",0.0,34.0,,49.69,9.0,"Negative operating cash flow, Negative free cash flow",40.85,Weak,"Above 50 DMA, Above 200 DMA, RSI recovering, Volume expansion, Strong 3M absolute return, Strong 6M absolute return, 3M Nifty outperformance, 6M Nifty outperformance, 80.0% of closes stayed inside the range | Range width 92.6% | Currently 83.3% through the range"
AXISCADES,Industrials,Engineering & Construction,624.35,-0.08,135.1,850.0,362.14,26.55,52.32,636.82,591.64,84967.2,36711.0,0.43,Bearish,35.0,"Above 200 DMA, Healthy RSI momentum",10.07,-22.26,13.54,2.42,3.69,13.36,7.65,-25.95,0.18,35.0,"Strong 1M absolute return, Positive 6M return, 1M Nifty outperformance",58.73,Lower Range Watch,67.88,532.34,792.92,48.95,35.31,80.0% of closes stayed inside the range | Range width 49.0% | Currently 35.3% through the range,5.6,2.88,10.62,3.45,17.04,727.0,54.48,1.92,1.72,55.57,318.92,78.93,58.58,107.4596,,9.3375,,0.396,6782.82,30.9,Capital Goods / Infra,3.0,18.0,11.0,17.0,0.0,49.0,0.93,,Very high PE,5.0,54.0,Strong order-book-driven revenue growth,49.69,3.0,Low volume participation,40.85,Weak,"Above 200 DMA, Healthy RSI momentum, Strong 1M absolute return, Positive 6M return, 1M Nifty outperformance, 80.0% of closes stayed inside the range | Range width 49.0% | Currently 35.3% through the range"
BALAXI,Healthcare,Drug Manufacturers - Specialty & Generic,114.64,0.17,79.99,141.2,43.32,18.81,56.43,111.69,95.82,43622.75,18585.0,0.43,Bullish,55.0,"Above 50 DMA, Above 200 DMA, Healthy RSI momentum, Positive day move",18.37,31.29,30.94,2.42,3.69,13.36,15.95,27.6,17.58,100.0,"Strong 1M absolute return, Strong 3M absolute return, Strong 6M absolute return, 1M Nifty outperformance, 3M Nifty outperformance, 6M Nifty outperformance, Positive across 1M/3M/6M",7.5,Profit Booking Zone,76.95,83.19,118.08,41.94,90.14,80.0% of closes stayed inside the range | Range width 41.9% | Currently 90.1% through the range,-1.19,-0.92,18.98,-0.99,-28.28,-105.19,9.64,3.88,2.36,62.29,19.4,4.87,3.3,86.6923,,0.4996,,0.699,124.44,44.16,Pharma / Healthcare,5.0,0.0,20.0,17.0,4.0,46.0,0.93,Cash covers debt,"Negative net margin, Revenue contraction, Earnings contraction, Very high PE",2.0,48.0,General low-debt support,54.11,23.0,"Low volume participation, Negative net margin, Revenue contraction, Earnings contraction",40.67,Weak,"Above 50 DMA, Above 200 DMA, Healthy RSI momentum, Positive day move, Cash covers debt, Strong 1M absolute return, Strong 3M absolute return, Strong 6M absolute return, 1M Nifty outperformance, 3M Nifty outperformance, 6M Nifty outperformance, Positive across 1M/3M/6M, 80.0% of closes stayed inside the range | Range width 41.9% | Currently 90.1% through the range"
DHANBANK,Financial Services,Banks - Regional,43.65,0.46,11.35,59.0,284.58,26.02,45.67,45.55,32.91,1194222.1,660128.0,0.55,Bearish,32.0,"Above 200 DMA, RSI recovering, Positive day move",2.22,8.99,48.47,2.42,3.69,13.36,-0.2,5.3,35.11,63.0,"Positive 1M return, Positive 3M return, Strong 6M absolute return, 6M Nifty outperformance, Positive across 1M/3M/6M",38.75,Neutral Range,65.39,28.79,49.0,70.15,73.54,80.0% of closes stayed inside the range | Range width 70.2% | Currently 73.5% through the range,5.62,0.36,,9.96,5.65,17.14,29.04,,,1211.53,299.04,17.29,-24.61,11.0514,,0.8432,,0.668,1273.69,0.0,Banking,3.0,10.0,10.0,9.0,10.0,42.0,0.71,Cash covers debt,Negative free cash flow,-5.0,37.0,Weak ROE for a leveraged-balance-sheet business,52.42,4.0,Negative free cash flow,40.56,Weak,"Above 200 DMA, RSI recovering, Positive day move, Cash covers debt, Positive 1M return, Positive 3M return, Strong 6M absolute return, 6M Nifty outperformance, Positive across 1M/3M/6M, 80.0% of closes stayed inside the range | Range width 70.2% | Currently 73.5% through the range"
DONEAR,Consumer Cyclical,Textile Manufacturing,106.55,-0.65,51.05,121.23,108.73,12.1,55.3,102.66,101.17,129746.15,67978.0,0.52,Bullish,60.0,"Above 50 DMA, Above 200 DMA, Healthy RSI momentum, Near 52W high momentum",7.65,5.37,-0.93,2.42,3.69,13.36,5.23,1.68,-14.29,28.0,"Positive 1M return, Positive 3M return, 1M Nifty outperformance",55.41,Profit Booking Zone,83.91,97.08,107.4,10.63,91.79,80.8% of closes stayed inside the range | Range width 10.6% | Currently 91.8% through the range,16.97,4.89,9.41,4.38,-3.61,-4.22,165.02,1.28,0.57,0.17,337.55,70.67,50.0,9.598,28.4396,1.5888,24.0,0.268,440.7,48.43,Consumer Discretionary,4.0,0.0,2.0,17.0,12.0,35.0,1.0,,"Revenue contraction, Earnings contraction",0.0,35.0,,41.86,0.0,,40.53,Weak,"Above 50 DMA, Above 200 DMA, Healthy RSI momentum, Near 52W high momentum, Positive 1M return, Positive 3M return, 1M Nifty outperformance, 80.8% of closes stayed inside the range | Range width 10.6% | Currently 91.8% through the range"
AXITA,Consumer Cyclical,Textile Manufacturing,16.3,1.69,12.56,42.11,29.79,61.3,59.49,15.76,15.3,2901487.35,4083758.0,1.41,Bullish,65.0,"Above 50 DMA, Above 200 DMA, Healthy RSI momentum, Volume expansion, Positive day move",11.63,-21.05,20.54,2.42,3.69,13.36,9.21,-24.74,7.18,35.0,"Strong 1M absolute return, Positive 6M return, 1M Nifty outperformance",46.62,Lower Range Watch,75.8,14.05,19.84,41.16,38.8,80.8% of closes stayed inside the range | Range width 41.2% | Currently 38.8% through the range,31.5,20.67,2.34,1.85,102.69,19.37,39.22,3.1,2.42,5.77,25.32,-13.2,-13.55,89.4444,,4.9145,,-0.166,308.05,3.72,Consumer Discretionary,13.0,18.0,15.0,0.0,2.0,48.0,0.93,Strong ROE,"Negative operating cash flow, Negative free cash flow, Very high PE",4.0,52.0,"General quality ROE, General low-debt support",41.86,9.0,"Negative operating cash flow, Negative free cash flow",40.48,Weak,"Above 50 DMA, Above 200 DMA, Healthy RSI momentum, Volume expansion, Positive day move, Strong ROE, Strong 1M absolute return, Positive 6M return, 1M Nifty outperformance, 80.8% of closes stayed inside the range | Range width 41.2% | Currently 38.8% through the range"
BALPHARMA,Healthcare,Drug Manufacturers - Specialty & Generic,99.01,3.0,61.3,129.52,61.51,23.56,50.1,103.7,98.87,18664.95,12812.0,0.69,Bearish,45.0,"Above 200 DMA, Healthy RSI momentum, Strong positive day move",7.2,-10.4,9.22,2.42,3.69,13.36,4.78,-14.09,-4.14,18.0,"Positive 1M return, Positive 6M return",87.5,Lower Range Watch,73.76,91.1,116.22,27.58,31.49,80.0% of closes stayed inside the range | Range width 27.6% | Currently 31.5% through the range,10.27,2.31,6.42,2.18,12.43,187.44,197.56,1.15,0.72,4.2,142.25,22.81,11.83,18.7196,,1.6398,1.41,0.454,135.01,47.5,Pharma / Healthcare,2.0,15.0,2.0,17.0,11.0,47.0,1.0,,,0.0,47.0,,54.11,0.0,,40.32,Weak,"Above 200 DMA, Healthy RSI momentum, Strong positive day move, Positive 1M return, Positive 6M return, 80.0% of closes stayed inside the range | Range width 27.6% | Currently 31.5% through the range"
AARTIDRUGS,Healthcare,Drug Manufacturers - Specialty & Generic,496.01,1.32,310.89,639.55,59.55,22.44,57.22,488.58,510.56,256773.35,360824.0,1.41,Bullish,50.0,"Above 50 DMA, Healthy RSI momentum, Volume expansion, Positive day move",14.2,-5.13,-4.15,2.42,3.69,13.36,11.78,-8.82,-17.51,25.0,"Strong 1M absolute return, 1M Nifty outperformance",65.0,Neutral Range,74.7,455.59,527.67,15.82,56.08,80.0% of closes stayed inside the range | Range width 15.8% | Currently 56.1% through the range,13.38,7.05,11.07,6.83,-7.27,3.07,44.03,1.66,1.05,6.74,564.28,358.92,132.59,19.9881,15.0018,2.4651,48.0,,3820.11,37.53,Pharma / Healthcare,12.0,2.0,13.0,17.0,15.0,59.0,1.0,,Revenue contraction,2.0,61.0,General low-debt support,54.11,8.0,Below 200 DMA,40.22,Weak,"Above 50 DMA, Healthy RSI momentum, Volume expansion, Positive day move, Strong 1M absolute return, 1M Nifty outperformance, 80.0% of closes stayed inside the range | Range width 15.8% | Currently 56.1% through the range"
BAGFILMS,Communication Services,Broadcasting,8.7,0.58,3.5,15.4,148.57,43.51,41.0,9.82,7.71,167421.9,73597.0,0.44,Bearish,28.0,"Above 200 DMA, Weak but watchable RSI, Positive day move",7.41,-32.03,35.94,2.42,3.69,13.36,4.99,-35.72,22.58,43.0,"Positive 1M return, Strong 6M absolute return, 6M Nifty outperformance",25.0,Lower Range Watch,58.0,5.8,13.01,124.42,40.29,80.0% of closes stayed inside the range | Range width 124.4% | Currently 40.3% through the range,2.64,1.05,12.83,3.02,18.04,337.09,71.39,1.7,1.32,10.11,107.83,19.21,15.14,23.2632,,0.3572,,0.399,96.32,94.5,Telecom,3.0,18.0,10.0,17.0,8.0,56.0,0.93,,,2.0,58.0,General low-debt support,33.96,3.0,Low volume participation,40.14,Weak,"Above 200 DMA, Weak but watchable RSI, Positive day move, Positive 1M return, Strong 6M absolute return, 6M Nifty outperformance, 80.0% of closes stayed inside the range | Range width 124.4% | Currently 40.3% through the range"
AVTNPL,Basic Materials,Specialty Chemicals,85.94,1.61,70.94,119.5,21.14,28.09,51.46,89.34,85.65,225645.65,250965.0,1.11,Bearish,50.0,"Above 200 DMA, Healthy RSI momentum, Near 52W low zone, Normal volume support, Positive day move",9.01,-3.39,8.84,2.42,3.69,13.36,6.59,-7.08,-4.52,28.0,"Positive 1M return, Positive 6M return, 1M Nifty outperformance",58.33,Lower Range Watch,76.49,81.8,94.71,15.79,32.05,80.0% of closes stayed inside the range | Range width 15.8% | Currently 32.0% through the range,11.35,8.91,12.77,10.3,-11.15,-31.15,9.07,4.53,2.57,25.44,42.6,98.52,86.06,15.4891,47.8596,2.3194,1.05,0.426,1297.31,49.68,Chemicals,12.0,0.0,17.0,17.0,11.0,57.0,1.0,,"Revenue contraction, Earnings contraction",2.0,59.0,General low-debt support,45.97,7.0,Earnings contraction,40.05,Weak,"Above 200 DMA, Healthy RSI momentum, Near 52W low zone, Normal volume support, Positive day move, Positive 1M return, Positive 6M return, 1M Nifty outperformance, 80.0% of closes stayed inside the range | Range width 15.8% | Currently 32.0% through the range"
CHEMFAB,Basic Materials,Specialty Chemicals,623.0,-0.3,211.58,741.62,194.45,15.99,48.59,577.39,417.17,29568.45,19442.0,0.66,Bullish,42.0,"Above 50 DMA, Above 200 DMA, RSI recovering",4.48,55.92,61.19,2.42,3.69,13.36,2.06,52.23,47.83,88.0,"Positive 1M return, Strong 3M absolute return, Strong 6M absolute return, 3M Nifty outperformance, 6M Nifty outperformance, Positive across 1M/3M/6M",13.33,Profit Booking Zone,68.29,360.83,653.12,81.0,89.7,80.0% of closes stayed inside the range | Range width 81.0% | Currently 89.7% through the range,6.8,5.26,9.85,8.04,-1.16,-59.24,5.19,1.09,0.92,2.34,20.11,31.35,-60.57,,,1.4038,34.0,0.052,531.47,30.25,Chemicals,5.0,0.0,11.0,9.0,6.0,31.0,0.93,,"Revenue contraction, Earnings contraction, Negative free cash flow",2.0,33.0,General low-debt support,45.97,11.0,"Earnings contraction, Negative free cash flow",39.95,Weak,"Above 50 DMA, Above 200 DMA, RSI recovering, Positive 1M return, Strong 3M absolute return, Strong 6M absolute return, 3M Nifty outperformance, 6M Nifty outperformance, Positive across 1M/3M/6M, 80.0% of closes stayed inside the range | Range width 81.0% | Currently 89.7% through the range"
BBOX,Technology,Software - Application,251.36,-1.79,84.1,304.62,198.87,17.48,44.24,257.2,235.22,115344.8,113517.0,0.98,Bearish,23.0,"Above 200 DMA, Weak but watchable RSI",9.67,-12.22,20.78,2.42,3.69,13.36,7.25,-15.91,7.42,28.0,"Positive 1M return, Positive 6M return, 1M Nifty outperformance",73.08,Lower Range Watch,68.7,230.76,283.33,22.78,39.18,80.0% of closes stayed inside the range | Range width 22.8% | Currently 39.2% through the range,28.63,4.92,5.07,2.19,0.06,480.89,148.1,1.17,1.01,213.93,712.25,129.45,78.73,57.3328,26.0349,10.2877,13.0,0.929,13247.13,17.38,IT / Technology,8.0,10.0,6.0,17.0,7.0,48.0,1.0,Strong ROE,,5.0,53.0,Strong ROE for an asset-light business,52.93,0.0,,39.24,Weak,"Above 200 DMA, Weak but watchable RSI, Strong ROE, Positive 1M return, Positive 6M return, 1M Nifty outperformance, 80.0% of closes stayed inside the range | Range width 22.8% | Currently 39.2% through the range"
AGROPHOS,Basic Materials,Agricultural Inputs,46.57,8.54,29.22,64.26,59.36,27.53,58.81,43.99,39.49,204263.15,539964.0,2.64,Bullish,75.0,"Above 50 DMA, Above 200 DMA, Healthy RSI momentum, Strong volume expansion, Strong positive day move",20.33,8.05,19.72,2.42,3.69,13.36,17.91,4.36,6.36,55.0,"Strong 1M absolute return, Positive 3M return, Positive 6M return, 1M Nifty outperformance, Positive across 1M/3M/6M",31.67,Profit Booking Zone,81.34,35.47,48.39,36.43,85.93,80.0% of closes stayed inside the range | Range width 36.4% | Currently 85.9% through the range,-12.76,-6.97,-11.05,-11.71,-8.74,-253.45,47.73,1.63,0.93,0.09,28.72,2.82,1.33,7.569,,0.7649,3.8,0.152,53.4,33.31,General,0.0,0.0,11.0,17.0,12.0,40.0,1.0,,"Negative net margin, Revenue contraction, Earnings contraction",2.0,42.0,General low-debt support,45.97,15.0,"Negative net margin, Earnings contraction",39.1,Weak,"Above 50 DMA, Above 200 DMA, Healthy RSI momentum, Strong volume expansion, Strong positive day move, Strong 1M absolute return, Positive 3M return, Positive 6M return, 1M Nifty outperformance, Positive across 1M/3M/6M, 80.0% of closes stayed inside the range | Range width 36.4% | Currently 85.9% through the range"
AYMSYNTEX,Consumer Cyclical,Textile Manufacturing,94.0,-0.42,58.0,106.0,62.07,11.32,53.82,88.11,75.59,100057.65,22564.0,0.23,Bullish,60.0,"Above 50 DMA, Above 200 DMA, Healthy RSI momentum, Near 52W high momentum",9.24,8.36,38.64,2.42,3.69,13.36,6.82,4.67,25.28,73.0,"Positive 1M return, Positive 3M return, Strong 6M absolute return, 1M Nifty outperformance, 6M Nifty outperformance, Positive across 1M/3M/6M",14.19,Profit Booking Zone,79.71,66.99,94.01,40.33,99.96,80.0% of closes stayed inside the range | Range width 40.3% | Currently 100.0% through the range,0.48,0.2,2.36,0.16,-7.83,-71.52,76.45,1.05,0.59,7.05,324.03,63.64,6.12,79.5,,2.5336,,0.417,1494.2,45.27,Consumer Discretionary,0.0,0.0,6.0,17.0,4.0,27.0,0.93,,"Revenue contraction, Earnings contraction",0.0,27.0,,41.86,10.0,"Low volume participation, Earnings contraction",38.98,Weak,"Above 50 DMA, Above 200 DMA, Healthy RSI momentum, Near 52W high momentum, Positive 1M return, Positive 3M return, Strong 6M absolute return, 1M Nifty outperformance, 6M Nifty outperformance, Positive across 1M/3M/6M, 80.0% of closes stayed inside the range | Range width 40.3% | Currently 100.0% through the range"
BLAL,Financial Services,Shell Companies,258.1,-0.14,136.0,377.45,89.78,31.62,53.35,259.86,196.99,244874.25,131841.0,0.54,Bearish,35.0,"Above 200 DMA, Healthy RSI momentum",20.66,25.05,58.34,2.42,3.69,13.36,18.24,21.36,44.98,100.0,"Strong 1M absolute return, Strong 3M absolute return, Strong 6M absolute return, 1M Nifty outperformance, 3M Nifty outperformance, 6M Nifty outperformance, Positive across 1M/3M/6M",10.0,Profit Booking Zone,66.45,158.85,279.56,76.0,82.22,80.0% of closes stayed inside the range | Range width 76.0% | Currently 82.2% through the range,-76.65,-38.72,,,,-493.04,88.57,0.2,0.2,0.01,4.3,0.57,0.57,302.0727,,622.2472,,0.609,691.88,100.0,Financial Services,0.0,0.0,4.0,17.0,0.0,21.0,0.71,,"Earnings contraction, Very high PE",-9.0,12.0,"Weak ROE for a leveraged-balance-sheet business, Expensive relative to book value for this sector",52.42,7.0,Earnings contraction,38.81,Weak,"Above 200 DMA, Healthy RSI momentum, Strong 1M absolute return, Strong 3M absolute return, Strong 6M absolute return, 1M Nifty outperformance, 3M Nifty outperformance, 6M Nifty outperformance, Positive across 1M/3M/6M, 80.0% of closes stayed inside the range | Range width 76.0% | Currently 82.2% through the range"
DATAMATICS,Technology,Information Technology Services,594.8,0.26,250.41,781.06,137.53,23.85,53.11,581.5,605.71,180111.7,82649.0,0.46,Bullish,40.0,"Above 50 DMA, Healthy RSI momentum, Positive day move",16.23,-15.93,1.83,2.42,3.69,13.36,13.81,-19.62,-11.53,35.0,"Strong 1M absolute return, Positive 6M return, 1M Nifty outperformance",65.38,Accumulation Zone,72.45,544.85,725.55,33.17,27.64,80.0% of closes stayed inside the range | Range width 33.2% | Currently 27.6% through the range,16.13,13.54,13.88,12.79,6.22,4.91,1.41,4.9,,99.36,17.38,183.87,167.56,21.6012,15.9336,3.0315,63.0,0.225,4680.64,38.89,IT / Technology,17.0,4.0,17.0,17.0,11.0,66.0,0.93,Cash covers debt,,0.0,66.0,,52.93,11.0,"Below 200 DMA, Low volume participation",38.79,Weak,"Above 50 DMA, Healthy RSI momentum, Positive day move, Cash covers debt, Strong 1M absolute return, Positive 6M return, 1M Nifty outperformance, 80.0% of closes stayed inside the range | Range width 33.2% | Currently 27.6% through the range"
DHARMAJ,Basic Materials,Agricultural Inputs,239.7,-0.46,137.0,290.0,74.96,17.34,55.04,233.77,230.38,75903.75,46170.0,0.61,Bullish,50.0,"Above 50 DMA, Above 200 DMA, Healthy RSI momentum",2.0,-9.38,-0.48,2.42,3.69,13.36,-0.42,-13.07,-13.84,8.0,Positive 1M return,86.67,Accumulation Zone,77.54,230.82,264.9,14.76,26.06,80.0% of closes stayed inside the range | Range width 14.8% | Currently 26.1% through the range,12.35,7.88,9.13,6.8,24.92,65.21,31.13,1.94,1.2,3.0,111.89,7.38,-182.53,15.1768,,2.0426,,0.087,914.05,23.28,General,9.0,18.0,13.0,9.0,10.0,59.0,0.93,,Negative free cash flow,2.0,61.0,General low-debt support,45.97,4.0,Negative free cash flow,38.75,Weak,"Above 50 DMA, Above 200 DMA, Healthy RSI momentum, Positive 1M return, 80.0% of closes stayed inside the range | Range width 14.8% | Currently 26.1% through the range"
CARTRADE,Consumer Cyclical,Auto & Truck Dealerships,699.35,2.01,340.15,877.0,105.6,20.26,51.86,697.79,652.2,180932.5,93466.0,0.52,Bullish,60.0,"Above 50 DMA, Above 200 DMA, Healthy RSI momentum, Strong positive day move",8.23,-0.46,1.22,2.42,3.69,13.36,5.81,-4.15,-12.14,28.0,"Positive 1M return, Positive 6M return, 1M Nifty outperformance",55.41,Lower Range Watch,77.58,655.1,779.5,18.99,35.57,80.0% of closes stayed inside the range | Range width 19.0% | Currently 35.6% through the range,0.69,0.57,9.04,2.92,34.76,-57.93,5.43,3.33,,22.14,112.48,15.87,12.96,64.8162,37.9885,5.8094,,0.004,14624.44,60.94,Automobile,0.0,10.0,14.0,17.0,5.0,46.0,0.86,,Earnings contraction,2.0,48.0,General low-debt support,41.86,7.0,Earnings contraction,38.08,Weak,"Above 50 DMA, Above 200 DMA, Healthy RSI momentum, Strong positive day move, Positive 1M return, Positive 6M return, 1M Nifty outperformance, 80.0% of closes stayed inside the range | Range width 19.0% | Currently 35.6% through the range"
BHAGCHEM,Basic Materials,Agricultural Inputs,194.89,1.11,99.64,199.63,95.59,2.37,68.23,168.41,148.64,163599.5,146040.0,0.89,Bullish,65.0,"Above 50 DMA, Above 200 DMA, Healthy RSI momentum, Near 52W high momentum, Positive day move",27.06,32.4,18.69,2.42,3.69,13.36,24.64,28.71,5.33,80.0,"Strong 1M absolute return, Strong 3M absolute return, Positive 6M return, 1M Nifty outperformance, 3M Nifty outperformance, Positive across 1M/3M/6M",16.67,Profit Booking Zone,84.07,148.16,175.27,18.3,100.0,80.0% of closes stayed inside the range | Range width 18.3% | Currently 100.0% through the range,4.4,3.16,7.87,4.47,-18.82,-59.64,14.9,2.23,1.34,9.35,61.64,34.29,-44.77,131.0849,,5.1602,5.0,0.522,3603.5,37.59,General,0.0,0.0,16.0,9.0,4.0,29.0,1.0,,"Revenue contraction, Earnings contraction, Negative free cash flow, Very high PE",2.0,31.0,General low-debt support,45.97,16.0,"Revenue contraction, Earnings contraction, Negative free cash flow",38.0,Weak,"Above 50 DMA, Above 200 DMA, Healthy RSI momentum, Near 52W high momentum, Positive day move, Strong 1M absolute return, Strong 3M absolute return, Positive 6M return, 1M Nifty outperformance, 3M Nifty outperformance, Positive across 1M/3M/6M, 80.0% of closes stayed inside the range | Range width 18.3% | Currently 100.0% through the range"
3PLAND,Unknown,Unknown,30.75,-1.76,14.5,40.0,112.07,23.12,47.28,31.99,27.13,9488.05,12791.0,1.35,Bearish,37.0,"Above 200 DMA, RSI recovering, Volume expansion",3.36,-11.13,16.26,2.42,3.69,13.36,0.94,-14.82,2.9,18.0,"Positive 1M return, Positive 6M return",68.75,Neutral Range,68.59,26.35,35.98,36.55,45.74,80.0% of closes stayed inside the range | Range width 36.6% | Currently 45.7% through the range,1.83,1.73,60.31,62.79,55.99,17.76,,980.15,,0.22,,0.12,0.12,,,,,,,,General,12.0,18.0,5.0,17.0,0.0,52.0,0.64,,,0.0,52.0,,40.16,0.0,,37.97,Weak,"Above 200 DMA, RSI recovering, Volume expansion, Positive 1M return, Positive 6M return, 80.0% of closes stayed inside the range | Range width 36.6% | Currently 45.7% through the range"
CHEVIOT,Consumer Cyclical,Textile Manufacturing,1267.13,0.18,912.6,1580.03,38.85,19.8,49.54,1294.95,1249.66,3682.4,1997.0,0.54,Bearish,32.0,"Above 200 DMA, RSI recovering, Positive day move",3.82,-8.86,10.4,2.42,3.69,13.36,1.4,-12.55,-2.96,18.0,"Positive 1M return, Positive 6M return",75.0,Lower Range Watch,72.45,1197.2,1427.48,19.24,30.36,80.0% of closes stayed inside the range | Range width 19.2% | Currently 30.4% through the range,11.09,10.2,8.74,15.1,-17.94,27.42,1.43,4.89,2.28,1.23,8.93,35.92,26.77,9.7681,,0.9448,2.19,0.302,666.91,36.53,Consumer Discretionary,11.0,10.0,17.0,17.0,12.0,67.0,1.0,,Revenue contraction,2.0,69.0,General low-debt support,41.86,5.0,Revenue contraction,37.93,Weak,"Above 200 DMA, RSI recovering, Positive day move, Positive 1M return, Positive 6M return, 80.0% of closes stayed inside the range | Range width 19.2% | Currently 30.4% through the range"
DREAMFOLKS,Unknown,Unknown,524.12,-0.12,346.61,843.62,51.21,37.87,58.5,501.76,545.6,202854.45,125214.0,0.62,Bullish,35.0,"Above 50 DMA, Healthy RSI momentum",12.4,-3.35,6.26,2.42,3.69,13.36,9.98,-7.04,-7.1,35.0,"Strong 1M absolute return, Positive 6M return, 1M Nifty outperformance",31.25,Neutral Range,71.89,486.88,553.25,13.63,56.12,80.0% of closes stayed inside the range | Range width 13.6% | Currently 56.1% through the range,29.19,16.48,7.96,6.08,46.78,-4.87,2.58,2.3,,28.4,6.11,21.89,20.39,,,,,,,,General,16.0,10.0,17.0,17.0,0.0,60.0,0.71,"Strong ROE, Cash covers debt",Earnings contraction,4.0,64.0,"General quality ROE, General low-debt support",40.16,8.0,Below 200 DMA,37.92,Weak,"Above 50 DMA, Healthy RSI momentum, Strong ROE, Cash covers debt, Strong 1M absolute return, Positive 6M return, 1M Nifty outperformance, 80.0% of closes stayed inside the range | Range width 13.6% | Currently 56.1% through the range"
AIROLAM,Consumer Cyclical,"Furnishings, Fixtures & Appliances",169.55,-0.91,64.5,196.8,162.87,13.85,54.03,163.39,129.49,21025.5,6426.0,0.31,Bullish,60.0,"Above 50 DMA, Above 200 DMA, Healthy RSI momentum, Near 52W high momentum",6.97,22.82,55.55,2.42,3.69,13.36,4.55,19.13,42.19,88.0,"Positive 1M return, Strong 3M absolute return, Strong 6M absolute return, 3M Nifty outperformance, 6M Nifty outperformance, Positive across 1M/3M/6M",9.46,Profit Booking Zone,78.97,124.66,172.78,38.6,93.3,80.0% of closes stayed inside the range | Range width 38.6% | Currently 93.3% through the range,11.13,4.09,7.5,3.81,3.24,6.05,112.71,1.43,0.69,0.33,79.43,-0.56,-13.22,25.3943,,2.1132,,-0.558,133.34,33.27,Consumer Discretionary,2.0,4.0,4.0,0.0,8.0,18.0,0.93,,"Negative operating cash flow, Negative free cash flow",0.0,18.0,,41.86,12.0,"Low volume participation, Negative operating cash flow, Negative free cash flow",37.58,Weak,"Above 50 DMA, Above 200 DMA, Healthy RSI momentum, Near 52W high momentum, Positive 1M return, Strong 3M absolute return, Strong 6M absolute return, 3M Nifty outperformance, 6M Nifty outperformance, Positive across 1M/3M/6M, 80.0% of closes stayed inside the range | Range width 38.6% | Currently 93.3% through the range"
CREDITACC,Financial Services,Credit Services,1492.76,1.51,827.54,1781.87,80.39,16.22,58.93,1448.33,1480.46,288139.7,339303.0,1.18,Bullish,60.0,"Above 50 DMA, Above 200 DMA, Healthy RSI momentum, Normal volume support, Positive day move",8.78,-9.16,8.89,2.42,3.69,13.36,6.36,-12.85,-4.47,28.0,"Positive 1M return, Positive 6M return, 1M Nifty outperformance",70.0,Lower Range Watch,77.82,1396.96,1710.8,22.47,30.53,80.0% of closes stayed inside the range | Range width 22.5% | Currently 30.5% through the range,22.01,5.01,47.97,29.48,48.77,75.04,332.44,1.77,,1107.29,21841.01,-4733.78,-4754.09,18.9398,10.7605,2.8429,,0.113,22303.32,97.99,Financial Services,20.0,20.0,4.0,0.0,13.0,57.0,0.86,Strong ROE,"Very high debt, Negative operating cash flow, Negative free cash flow",12.0,69.0,"High leverage is structural for this sector, Strong ROE for a leveraged-balance-sheet business",52.42,17.0,"Very high debt, Negative operating cash flow, Negative free cash flow",37.01,Weak,"Above 50 DMA, Above 200 DMA, Healthy RSI momentum, Normal volume support, Positive day move, Strong ROE, Positive 1M return, Positive 6M return, 1M Nifty outperformance, 80.0% of closes stayed inside the range | Range width 22.5% | Currently 30.5% through the range"
AVROIND,Consumer Cyclical,"Furnishings, Fixtures & Appliances",12.81,1.47,9.4,17.08,36.28,25.02,51.92,12.86,11.83,1247359.0,589160.0,0.47,Bearish,40.0,"Above 200 DMA, Healthy RSI momentum, Positive day move",13.36,1.55,12.22,2.42,3.69,13.36,10.94,-2.14,-1.14,55.0,"Strong 1M absolute return, Positive 3M return, Positive 6M return, 1M Nifty outperformance, Positive across 1M/3M/6M",25.0,Neutral Range,70.67,10.47,14.19,35.51,62.86,80.0% of closes stayed inside the range | Range width 35.5% | Currently 62.9% through the range,13.99,7.41,3.4,4.32,16.69,-2.75,54.13,1.56,1.23,0.36,15.62,6.06,-3.13,inf,,1.3968,,-0.213,12.48,34.22,Consumer Discretionary,6.0,8.0,10.0,9.0,4.0,37.0,0.93,,"Earnings contraction, Negative free cash flow, Very high PE",2.0,39.0,General low-debt support,41.86,7.0,"Low volume participation, Negative free cash flow",36.68,Weak,"Above 200 DMA, Healthy RSI momentum, Positive day move, Strong 1M absolute return, Positive 3M return, Positive 6M return, 1M Nifty outperformance, Positive across 1M/3M/6M, 80.0% of closes stayed inside the range | Range width 35.5% | Currently 62.9% through the range"
APOLLO,Industrials,Aerospace & Defense,108.06,-1.37,14.68,161.49,636.31,33.09,48.87,114.08,93.09,978655.25,814725.0,0.83,Bearish,27.0,"Above 200 DMA, RSI recovering",12.12,-11.13,62.34,2.42,3.69,13.36,9.7,-14.82,48.98,60.0,"Strong 1M absolute return, Strong 6M absolute return, 1M Nifty outperformance, 6M Nifty outperformance",38.89,Accumulation Zone,69.11,97.84,131.92,34.84,29.99,80.0% of closes stayed inside the range | Range width 34.8% | Currently 30.0% through the range,6.0,3.25,19.57,8.37,24.91,65.97,40.12,1.96,0.85,0.2,208.04,-75.83,-131.32,116.3514,47.5399,10.1837,6.0,1.334,14397.62,31.91,Capital Goods / Infra,8.0,18.0,11.0,0.0,5.0,42.0,1.0,,"Negative operating cash flow, Negative free cash flow, Very high PE",5.0,47.0,Strong order-book-driven revenue growth,49.69,9.0,"Negative operating cash flow, Negative free cash flow",36.65,Weak,"Above 200 DMA, RSI recovering, Strong 1M absolute return, Strong 6M absolute return, 1M Nifty outperformance, 6M Nifty outperformance, 80.0% of closes stayed inside the range | Range width 34.8% | Currently 30.0% through the range"
ATAM,Industrials,Specialty Industrial Machinery,191.73,-3.59,134.06,263.9,43.01,27.35,52.56,177.92,186.43,136361.95,43619.0,0.32,Bullish,50.0,"Above 50 DMA, Above 200 DMA, Healthy RSI momentum",9.67,-6.89,9.7,2.42,3.69,13.36,7.25,-10.58,-3.66,28.0,"Positive 1M return, Positive 6M return, 1M Nifty outperformance",68.25,Neutral Range,73.74,152.71,208.28,36.39,70.22,80.0% of closes stayed inside the range | Range width 36.4% | Currently 70.2% through the range,18.79,11.72,17.4,11.1,7.35,-23.94,41.46,2.61,1.42,10.02,12.87,5.58,5.0,35.3481,,1.676,1.5,0.099,64.02,36.04,Capital Goods / Infra,16.0,2.0,14.0,17.0,7.0,56.0,1.0,Strong ROE,Earnings contraction,0.0,56.0,,49.69,10.0,"Low volume participation, Earnings contraction",36.55,Weak,"Above 50 DMA, Above 200 DMA, Healthy RSI momentum, Strong ROE, Positive 1M return, Positive 6M return, 1M Nifty outperformance, 80.0% of closes stayed inside the range | Range width 36.4% | Currently 70.2% through the range"
COMPUSOFT,Consumer Defensive,Education & Training Services,28.66,0.51,14.05,42.57,103.98,32.68,54.86,27.32,25.16,178474.85,72691.0,0.41,Bullish,55.0,"Above 50 DMA, Above 200 DMA, Healthy RSI momentum, Positive day move",19.8,-7.56,32.21,2.42,3.69,13.36,17.38,-11.25,18.85,60.0,"Strong 1M absolute return, Strong 6M absolute return, 1M Nifty outperformance, 6M Nifty outperformance",17.19,Neutral Range,73.23,22.84,32.0,40.09,63.49,80.0% of closes stayed inside the range | Range width 40.1% | Currently 63.5% through the range,3.73,2.61,8.06,7.55,28.73,5.79,27.19,2.65,2.65,3.07,38.64,-33.43,-37.91,36.8333,,0.7237,1.89,0.583,104.92,50.84,General,3.0,12.0,15.0,0.0,7.0,37.0,1.0,,"Negative operating cash flow, Negative free cash flow",2.0,39.0,General low-debt support,39.96,12.0,"Low volume participation, Negative operating cash flow, Negative free cash flow",36.39,Weak,"Above 50 DMA, Above 200 DMA, Healthy RSI momentum, Positive day move, Strong 1M absolute return, Strong 6M absolute return, 1M Nifty outperformance, 6M Nifty outperformance, 80.0% of closes stayed inside the range | Range width 40.1% | Currently 63.5% through the range"
CSLFINANCE,Financial Services,Credit Services,435.88,-0.02,184.63,509.55,136.08,14.46,46.07,447.43,385.46,24749.85,18503.0,0.75,Bearish,27.0,"Above 200 DMA, RSI recovering",8.65,6.02,25.4,2.42,3.69,13.36,6.23,2.33,12.04,48.0,"Positive 1M return, Positive 3M return, Positive 6M return, 1M Nifty outperformance, Positive across 1M/3M/6M",60.0,Neutral Range,69.12,368.75,474.01,28.55,63.77,80.0% of closes stayed inside the range | Range width 28.5% | Currently 63.8% through the range,13.34,6.43,53.54,38.94,42.08,38.87,106.34,1.24,,54.09,504.94,-127.67,-129.15,6.0993,,0.8466,1.3,0.448,519.28,95.44,Financial Services,18.0,20.0,4.0,0.0,11.0,53.0,0.93,,"Negative operating cash flow, Negative free cash flow",0.0,53.0,,52.42,9.0,"Negative operating cash flow, Negative free cash flow",36.16,Weak,"Above 200 DMA, RSI recovering, Positive 1M return, Positive 3M return, Positive 6M return, 1M Nifty outperformance, Positive across 1M/3M/6M, 80.0% of closes stayed inside the range | Range width 28.5% | Currently 63.8% through the range"
BAJAJHIND,Consumer Defensive,Confectioners,33.1,3.76,9.85,40.5,236.04,18.27,55.9,33.21,27.48,13758653.1,17890259.0,1.3,Bearish,55.0,"Above 200 DMA, Healthy RSI momentum, Volume expansion, Strong positive day move",14.93,24.2,27.06,2.42,3.69,13.36,12.51,20.51,13.7,80.0,"Strong 1M absolute return, Strong 3M absolute return, Positive 6M return, 1M Nifty outperformance, 3M Nifty outperformance, Positive across 1M/3M/6M",7.81,Neutral Range,74.66,27.33,36.17,32.35,65.27,80.0% of closes stayed inside the range | Range width 32.3% | Currently 65.3% through the range,-7.45,-0.54,1.79,-1.43,-2.13,35.86,330.99,0.37,0.09,51.97,3839.83,646.2,637.75,10.4183,,5.1412,,0.066,5176.72,16.74,General,0.0,10.0,0.0,17.0,8.0,35.0,0.93,,"Negative net margin, Revenue contraction, Very high debt",0.0,35.0,,39.96,16.0,"Very high debt, Negative net margin",35.99,Weak,"Above 200 DMA, Healthy RSI momentum, Volume expansion, Strong positive day move, Strong 1M absolute return, Strong 3M absolute return, Positive 6M return, 1M Nifty outperformance, 3M Nifty outperformance, Positive across 1M/3M/6M, 80.0% of closes stayed inside the range | Range width 32.3% | Currently 65.3% through the range"
AUTOIND,Consumer Cyclical,Auto Parts,128.0,1.67,61.35,165.3,108.64,22.57,49.83,133.29,110.91,225921.45,166391.0,0.74,Bearish,32.0,"Above 200 DMA, RSI recovering, Positive day move",9.4,1.43,21.73,2.42,3.69,13.36,6.98,-2.26,8.37,48.0,"Positive 1M return, Positive 3M return, Positive 6M return, 1M Nifty outperformance, Positive across 1M/3M/6M",31.76,Neutral Range,69.5,99.81,142.1,42.37,66.66,80.8% of closes stayed inside the range | Range width 42.4% | Currently 66.7% through the range,12.1,2.85,6.54,2.79,3.31,47.56,142.88,1.12,0.95,0.06,193.82,10.79,-86.1,10.027,13.4909,2.0502,,0.288,404.02,32.52,Automobile,4.0,12.0,4.0,9.0,10.0,39.0,0.93,,Negative free cash flow,0.0,39.0,,41.86,4.0,Negative free cash flow,35.93,Weak,"Above 200 DMA, RSI recovering, Positive day move, Positive 1M return, Positive 3M return, Positive 6M return, 1M Nifty outperformance, Positive across 1M/3M/6M, 80.8% of closes stayed inside the range | Range width 42.4% | Currently 66.7% through the range"
AARVI,Industrials,Staffing & Employment Services,138.39,-1.56,94.31,190.49,46.74,27.35,55.57,128.7,129.25,101606.45,38284.0,0.38,Bullish,50.0,"Above 50 DMA, Above 200 DMA, Healthy RSI momentum",17.25,-5.07,4.69,2.42,3.69,13.36,14.83,-8.76,-8.67,35.0,"Strong 1M absolute return, Positive 6M return, 1M Nifty outperformance",58.73,Neutral Range,74.18,115.93,149.93,29.33,66.05,80.0% of closes stayed inside the range | Range width 29.3% | Currently 66.1% through the range,9.72,6.63,2.91,2.84,-7.03,-21.83,8.36,2.56,,10.68,9.75,3.14,2.32,10.9592,,1.483,1.38,-0.084,210.68,27.08,Capital Goods / Infra,4.0,0.0,17.0,17.0,11.0,49.0,0.93,Cash covers debt,"Revenue contraction, Earnings contraction",0.0,49.0,,49.69,10.0,"Low volume participation, Earnings contraction",35.85,Weak,"Above 50 DMA, Above 200 DMA, Healthy RSI momentum, Cash covers debt, Strong 1M absolute return, Positive 6M return, 1M Nifty outperformance, 80.0% of closes stayed inside the range | Range width 29.3% | Currently 66.1% through the range"
ALANKIT,Technology,Information Technology Services,17.1,1.79,7.0,23.6,144.29,27.54,47.38,17.97,14.59,171763.4,38387.0,0.22,Bearish,32.0,"Above 200 DMA, RSI recovering, Positive day move",11.4,-23.15,59.81,2.42,3.69,13.36,8.98,-26.84,46.45,60.0,"Strong 1M absolute return, Strong 6M absolute return, 1M Nifty outperformance, 6M Nifty outperformance",42.31,Neutral Range,64.72,12.64,20.22,59.91,58.81,80.0% of closes stayed inside the range | Range width 59.9% | Currently 58.8% through the range,7.81,4.06,7.7,9.15,-24.38,163.9,15.8,1.16,1.13,64.93,43.64,9.6,-70.87,11.2917,,0.6854,,0.659,220.45,43.68,IT / Technology,3.0,10.0,16.0,9.0,10.0,48.0,0.93,Cash covers debt,"Revenue contraction, Negative free cash flow",0.0,48.0,,52.93,12.0,"Low volume participation, Revenue contraction, Negative free cash flow",35.74,Weak,"Above 200 DMA, RSI recovering, Positive day move, Cash covers debt, Strong 1M absolute return, Strong 6M absolute return, 1M Nifty outperformance, 6M Nifty outperformance, 80.0% of closes stayed inside the range | Range width 59.9% | Currently 58.8% through the range"
DECCANCE,Basic Materials,Building Materials,626.43,0.14,385.25,664.88,62.61,5.78,59.14,609.85,551.94,12770.55,11809.0,0.92,Bullish,65.0,"Above 50 DMA, Above 200 DMA, Healthy RSI momentum, Near 52W high momentum, Positive day move",11.86,5.74,11.79,2.42,3.69,13.36,9.44,2.05,-1.57,55.0,"Strong 1M absolute return, Positive 3M return, Positive 6M return, 1M Nifty outperformance, Positive across 1M/3M/6M",31.67,Profit Booking Zone,82.91,501.25,627.49,25.18,99.16,80.0% of closes stayed inside the range | Range width 25.2% | Currently 99.2% through the range,5.18,2.58,8.52,4.67,2.34,-24.41,72.34,1.46,1.11,230.16,520.11,56.7,-229.52,133.5094,73.8636,1.061,9.0,0.503,796.68,46.96,Cement / Realty,0.0,0.0,8.0,9.0,9.0,26.0,1.0,,"Earnings contraction, Negative free cash flow, Very high PE",2.0,28.0,General low-debt support,45.97,11.0,"Earnings contraction, Negative free cash flow",35.7,Weak,"Above 50 DMA, Above 200 DMA, Healthy RSI momentum, Near 52W high momentum, Positive day move, Strong 1M absolute return, Positive 3M return, Positive 6M return, 1M Nifty outperformance, Positive across 1M/3M/6M, 80.0% of closes stayed inside the range | Range width 25.2% | Currently 99.2% through the range"
BALAMINES,Basic Materials,Specialty Chemicals,2193.34,1.78,1842.68,3767.7,19.03,41.79,53.27,2157.64,2192.13,114800.15,52596.0,0.46,Bullish,60.0,"Above 50 DMA, Above 200 DMA, Healthy RSI momentum, Near 52W low zone, Positive day move",9.4,-9.23,1.61,2.42,3.69,13.36,6.98,-12.92,-11.75,28.0,"Positive 1M return, Positive 6M return, 1M Nifty outperformance",58.33,Lower Range Watch,76.03,1998.39,2470.25,23.61,41.32,80.0% of closes stayed inside the range | Range width 23.6% | Currently 41.3% through the range,11.9,9.55,17.4,12.74,-31.02,-37.07,1.14,6.7,4.78,81.2,19.7,334.13,68.5,37.9023,26.0559,3.9189,45.0,0.848,7745.46,44.54,Chemicals,14.0,0.0,20.0,17.0,9.0,60.0,1.0,Cash covers debt,"Revenue contraction, Earnings contraction",2.0,62.0,General low-debt support,45.97,15.0,"Low volume participation, Revenue contraction, Earnings contraction",35.6,Weak,"Above 50 DMA, Above 200 DMA, Healthy RSI momentum, Near 52W low zone, Positive day move, Cash covers debt, Positive 1M return, Positive 6M return, 1M Nifty outperformance, 80.0% of closes stayed inside the range | Range width 23.6% | Currently 41.3% through the range"
ACUTAAS,Basic Materials,Specialty Chemicals,601.82,2.07,421.4,690.74,42.82,12.87,57.6,562.46,584.79,388006.7,361852.0,0.93,Bullish,70.0,"Above 50 DMA, Above 200 DMA, Healthy RSI momentum, Near 52W high momentum, Strong positive day move",8.0,6.73,-2.69,2.42,3.69,13.36,5.58,3.04,-16.05,28.0,"Positive 1M return, Positive 3M return, 1M Nifty outperformance",58.33,Profit Booking Zone,86.56,539.28,586.41,8.74,100.0,80.0% of closes stayed inside the range | Range width 8.7% | Currently 100.0% through the range,6.35,3.9,15.77,6.0,16.3,-48.65,32.14,1.73,1.18,29.7,216.65,125.17,-189.51,92.9895,45.6023,16.2516,5.0,0.026,26866.83,58.42,Chemicals,6.0,8.0,13.0,9.0,5.0,41.0,1.0,,"Earnings contraction, Negative free cash flow, Very high PE",2.0,43.0,General low-debt support,45.97,11.0,"Earnings contraction, Negative free cash flow",35.45,Weak,"Above 50 DMA, Above 200 DMA, Healthy RSI momentum, Near 52W high momentum, Strong positive day move, Positive 1M return, Positive 3M return, 1M Nifty outperformance, 80.0% of closes stayed inside the range | Range width 8.7% | Currently 100.0% through the range"
DIGISPICE,Financial Services,Financial Conglomerates,29.45,9.89,17.75,47.5,65.92,38.0,59.02,29.34,30.15,186292.25,230849.0,1.24,Bullish,50.0,"Above 50 DMA, Healthy RSI momentum, Normal volume support, Strong positive day move",15.04,-3.92,-4.38,2.42,3.69,13.36,12.62,-7.61,-17.74,25.0,"Strong 1M absolute return, 1M Nifty outperformance",72.5,Lower Range Watch,72.87,26.1,34.66,32.8,39.19,80.0% of closes stayed inside the range | Range width 32.8% | Currently 39.2% through the range,4.76,1.8,1.53,2.66,1.83,156.67,10.61,1.19,1.18,117.89,26.04,41.76,33.17,18.3548,,1.7867,,0.237,356.09,21.03,Financial Services,0.0,10.0,16.0,17.0,10.0,53.0,0.93,Cash covers debt,,-5.0,48.0,Weak ROE for a leveraged-balance-sheet business,52.42,8.0,Below 200 DMA,35.41,Weak,"Above 50 DMA, Healthy RSI momentum, Normal volume support, Strong positive day move, Cash covers debt, Strong 1M absolute return, 1M Nifty outperformance, 80.0% of closes stayed inside the range | Range width 32.8% | Currently 39.2% through the range"
DVL,Financial Services,Capital Markets,334.08,-0.41,197.97,534.21,68.76,37.46,49.41,354.08,305.58,35306.2,99803.0,2.83,Bearish,42.0,"Above 200 DMA, RSI recovering, Strong volume expansion",9.22,4.53,30.18,2.42,3.69,13.36,6.8,0.84,16.82,73.0,"Positive 1M return, Positive 3M return, Strong 6M absolute return, 1M Nifty outperformance, 6M Nifty outperformance, Positive across 1M/3M/6M",30.0,Lower Range Watch,72.04,301.3,391.51,29.94,36.34,80.0% of closes stayed inside the range | Range width 29.9% | Currently 36.3% through the range,5.17,3.9,13.59,40.61,73.37,-71.78,12.74,4.05,3.88,26.9,376.91,-7.03,-92.13,5.1764,,0.2976,1.7,0.718,978.49,39.46,Financial Services,9.0,10.0,17.0,0.0,11.0,47.0,1.0,,"Earnings contraction, Negative operating cash flow, Negative free cash flow",-5.0,42.0,Weak ROE for a leveraged-balance-sheet business,52.42,16.0,"Earnings contraction, Negative operating cash flow, Negative free cash flow",35.31,Weak,"Above 200 DMA, RSI recovering, Strong volume expansion, Positive 1M return, Positive 3M return, Strong 6M absolute return, 1M Nifty outperformance, 6M Nifty outperformance, Positive across 1M/3M/6M, 80.0% of closes stayed inside the range | Range width 29.9% | Currently 36.3% through the range"
DIGIDRIVE,Consumer Cyclical,Internet Retail,39.95,1.91,34.7,108.7,15.13,63.25,47.42,43.71,,118109.2,6122.0,0.05,Bearish,22.0,"RSI recovering, Near 52W low zone, Positive day move",14.31,-47.57,,2.42,3.69,13.36,11.89,-51.26,,25.0,"Strong 1M absolute return, 1M Nifty outperformance",62.84,,,,,,,,1.8,1.61,-3.73,8.51,10.94,-12.76,0.04,4.75,4.05,9.99,0.09,7.62,7.59,11.8067,,0.2542,,0.795,68.29,41.0,Consumer Discretionary,3.0,5.0,20.0,17.0,10.0,55.0,0.93,Cash covers debt,Earnings contraction,2.0,57.0,General low-debt support,41.86,3.0,Low volume participation,34.98,Avoid,"RSI recovering, Near 52W low zone, Positive day move, Cash covers debt, Strong 1M absolute return, 1M Nifty outperformance"
AAREYDRUGS,Healthcare,Drug Manufacturers - Specialty & Generic,48.35,3.09,22.0,68.0,119.77,28.9,56.66,46.25,46.14,30218.35,39784.0,1.32,Bullish,70.0,"Above 50 DMA, Above 200 DMA, Healthy RSI momentum, Volume expansion, Strong positive day move",11.15,-13.89,6.03,2.42,3.69,13.36,8.73,-17.58,-7.33,35.0,"Strong 1M absolute return, Positive 6M return, 1M Nifty outperformance",57.5,Neutral Range,76.98,42.0,55.61,32.4,46.66,80.8% of closes stayed inside the range | Range width 32.4% | Currently 46.7% through the range,3.53,1.54,0.71,1.19,-4.3,24.2,23.62,1.7,1.49,1.59,31.35,-2.99,-3.72,70.0866,,1.6837,,1.245,296.89,3.82,Pharma / Healthcare,0.0,8.0,13.0,0.0,4.0,25.0,0.93,,"Revenue contraction, Negative operating cash flow, Negative free cash flow",2.0,27.0,General low-debt support,54.11,9.0,"Negative operating cash flow, Negative free cash flow",34.82,Avoid,"Above 50 DMA, Above 200 DMA, Healthy RSI momentum, Volume expansion, Strong positive day move, Strong 1M absolute return, Positive 6M return, 1M Nifty outperformance, 80.8% of closes stayed inside the range | Range width 32.4% | Currently 46.7% through the range"
5PAISA,Financial Services,Capital Markets,555.8,1.26,270.1,758.45,105.78,26.72,54.19,544.24,498.12,158082.25,145886.0,0.92,Bullish,55.0,"Above 50 DMA, Above 200 DMA, Healthy RSI momentum, Positive day move",12.42,-7.83,25.34,2.42,3.69,13.36,10.0,-11.52,11.98,35.0,"Strong 1M absolute return, Positive 6M return, 1M Nifty outperformance",65.0,Neutral Range,73.52,446.48,617.9,38.39,63.77,80.0% of closes stayed inside the range | Range width 38.4% | Currently 63.8% through the range,10.08,2.66,-13.16,20.99,9.91,24.96,62.29,1.34,,70.91,336.32,-91.69,-111.1,28.2694,23.7645,1.7749,,0.662,1726.8,100.0,Financial Services,8.0,13.0,6.0,0.0,11.0,38.0,0.86,,"Negative operating cash flow, Negative free cash flow",0.0,38.0,,52.42,9.0,"Negative operating cash flow, Negative free cash flow",34.66,Avoid,"Above 50 DMA, Above 200 DMA, Healthy RSI momentum, Positive day move, Strong 1M absolute return, Positive 6M return, 1M Nifty outperformance, 80.0% of closes stayed inside the range | Range width 38.4% | Currently 63.8% through the range"
APTUS,Financial Services,Mortgage Finance,319.15,3.58,222.38,375.35,43.52,14.97,55.0,320.63,292.27,497198.85,259946.0,0.52,Bearish,55.0,"Above 200 DMA, Healthy RSI momentum, Near 52W high momentum, Strong positive day move",7.32,-2.49,14.75,2.42,3.69,13.36,4.9,-6.18,1.39,18.0,"Positive 1M return, Positive 6M return",83.75,Neutral Range,75.01,277.37,346.68,24.99,60.28,80.0% of closes stayed inside the range | Range width 25.0% | Currently 60.3% through the range,16.24,6.8,,59.91,19.07,21.65,138.0,,,348.63,5199.61,-1355.68,-1360.56,13.0224,9.8005,2.5349,1.95,0.702,12828.45,99.82,Financial Services,12.0,16.0,2.0,0.0,14.0,44.0,0.79,,"Negative operating cash flow, Negative free cash flow",6.0,50.0,Strong ROE for a leveraged-balance-sheet business,52.42,9.0,"Negative operating cash flow, Negative free cash flow",34.61,Avoid,"Above 200 DMA, Healthy RSI momentum, Near 52W high momentum, Strong positive day move, Positive 1M return, Positive 6M return, 80.0% of closes stayed inside the range | Range width 25.0% | Currently 60.3% through the range"
CHOLAHLDNG,Financial Services,Credit Services,1099.23,4.02,510.06,1293.63,115.51,15.03,53.26,1080.88,1047.06,108586.25,89633.0,0.83,Bullish,60.0,"Above 50 DMA, Above 200 DMA, Healthy RSI momentum, Strong positive day move",10.08,8.05,-3.28,2.42,3.69,13.36,7.66,4.36,-16.64,35.0,"Strong 1M absolute return, Positive 3M return, 1M Nifty outperformance",65.0,Neutral Range,79.31,1010.79,1137.99,12.58,69.53,80.0% of closes stayed inside the range | Range width 12.6% | Currently 69.5% through the range,17.31,1.0,17.51,6.5,40.73,37.38,1308.51,0.83,,973.22,134014.0,-35726.42,-36895.13,10.6722,7.8471,1.8211,9.0,0.411,28144.08,75.67,Financial Services,10.0,20.0,0.0,0.0,15.0,45.0,0.93,,"Very high debt, Negative operating cash flow, Negative free cash flow",12.0,57.0,"High leverage is structural for this sector, Strong ROE for a leveraged-balance-sheet business",52.42,17.0,"Very high debt, Negative operating cash flow, Negative free cash flow",34.56,Avoid,"Above 50 DMA, Above 200 DMA, Healthy RSI momentum, Strong positive day move, Strong 1M absolute return, Positive 3M return, 1M Nifty outperformance, 80.0% of closes stayed inside the range | Range width 12.6% | Currently 69.5% through the range"
BCLIND,Consumer Defensive,Beverages - Wineries & Distilleries,59.26,-0.17,27.31,85.38,116.97,30.59,45.99,65.85,57.99,1234840.95,789455.0,0.64,Bearish,27.0,"Above 200 DMA, RSI recovering",8.32,-15.63,15.47,2.42,3.69,13.36,5.9,-19.32,2.11,28.0,"Positive 1M return, Positive 6M return, 1M Nifty outperformance",45.31,Lower Range Watch,66.81,51.24,75.16,46.68,33.52,80.0% of closes stayed inside the range | Range width 46.7% | Currently 33.5% through the range,13.86,6.94,7.43,4.31,16.38,36.22,73.21,1.81,0.7,2.14,477.07,39.18,-97.98,9.3724,,1.1912,95.0,0.613,1084.43,25.63,FMCG / Consumer,6.0,18.0,8.0,9.0,12.0,53.0,1.0,,Negative free cash flow,0.0,53.0,,39.96,4.0,Negative free cash flow,34.29,Avoid,"Above 200 DMA, RSI recovering, Positive 1M return, Positive 6M return, 1M Nifty outperformance, 80.0% of closes stayed inside the range | Range width 46.7% | Currently 33.5% through the range"
CENTEXT,Basic Materials,Aluminum,19.5,0.52,7.6,31.3,156.58,37.7,40.07,21.76,17.87,78126.6,45563.0,0.58,Bearish,28.0,"Above 200 DMA, Weak but watchable RSI, Positive day move",3.45,-27.37,15.73,2.42,3.69,13.36,1.03,-31.06,2.37,18.0,"Positive 1M return, Positive 6M return",75.83,Lower Range Watch,66.63,16.54,26.3,58.96,30.29,80.8% of closes stayed inside the range | Range width 59.0% | Currently 30.3% through the range,10.2,4.68,5.17,1.99,0.83,24.79,66.34,1.44,0.95,10.56,48.46,11.38,5.99,14.461,,2.149,,0.118,178.16,20.1,Metals / Mining,2.0,8.0,6.0,17.0,10.0,43.0,0.93,,,2.0,45.0,General low-debt support,45.97,0.0,,34.15,Avoid,"Above 200 DMA, Weak but watchable RSI, Positive day move, Positive 1M return, Positive 6M return, 80.8% of closes stayed inside the range | Range width 59.0% | Currently 30.3% through the range"
ASHAPURMIN,Basic Materials,Other Industrial Metals & Mining,337.41,-2.5,70.69,482.42,377.33,30.06,43.9,363.18,317.84,142974.35,90003.0,0.63,Bearish,23.0,"Above 200 DMA, Weak but watchable RSI",6.78,-21.26,4.42,2.42,3.69,13.36,4.36,-24.95,-8.94,18.0,"Positive 1M return, Positive 6M return",75.83,Accumulation Zone,69.76,316.3,432.62,36.77,18.14,80.0% of closes stayed inside the range | Range width 36.8% | Currently 18.1% through the range,30.86,8.67,6.63,10.95,45.83,145.29,105.76,1.19,0.86,134.62,983.58,148.06,-183.81,13.5688,,3.3715,17.0,0.654,5560.57,75.02,Metals / Mining,15.0,20.0,4.0,9.0,10.0,58.0,1.0,Strong ROE,Negative free cash flow,2.0,60.0,General quality ROE,45.97,4.0,Negative free cash flow,34.15,Avoid,"Above 200 DMA, Weak but watchable RSI, Strong ROE, Positive 1M return, Positive 6M return, 80.0% of closes stayed inside the range | Range width 36.8% | Currently 18.1% through the range"
BURNPUR,Basic Materials,Building Materials,34.5,0.73,19.0,44.0,81.58,21.59,56.29,32.77,29.82,113019.9,63507.0,0.56,Bullish,55.0,"Above 50 DMA, Above 200 DMA, Healthy RSI momentum, Positive day move",15.97,-10.39,38.0,2.42,3.69,13.36,13.55,-14.08,24.64,60.0,"Strong 1M absolute return, Strong 6M absolute return, 1M Nifty outperformance, 6M Nifty outperformance",23.33,Neutral Range,77.02,29.25,38.75,32.48,55.26,83.3% of closes stayed inside the range | Range width 32.5% | Currently 55.3% through the range,21.93,-4492.84,-1.63,-73.76,-8.11,-39.92,-91.94,0.0,0.0,1.08,415.56,6.65,6.25,,,-0.0485,,0.183,27.82,0.0,Cement / Realty,6.0,0.0,9.0,17.0,2.0,34.0,0.86,Strong ROE,"Negative net margin, Revenue contraction, Earnings contraction",4.0,38.0,"General quality ROE, General low-debt support",45.97,15.0,"Negative net margin, Earnings contraction",33.95,Avoid,"Above 50 DMA, Above 200 DMA, Healthy RSI momentum, Positive day move, Strong ROE, Strong 1M absolute return, Strong 6M absolute return, 1M Nifty outperformance, 6M Nifty outperformance, 83.3% of closes stayed inside the range | Range width 32.5% | Currently 55.3% through the range"
AAVAS,Financial Services,Mortgage Finance,1607.25,3.76,1307.0,2339.35,22.97,31.3,66.79,1441.28,1534.25,671592.05,443332.0,0.66,Bullish,65.0,"Above 50 DMA, Above 200 DMA, Healthy RSI momentum, Near 52W low zone, Strong positive day move",18.95,5.07,-1.56,2.42,3.69,13.36,16.53,1.38,-14.92,35.0,"Strong 1M absolute return, Positive 3M return, 1M Nifty outperformance",65.0,Profit Booking Zone,84.75,1379.04,1568.71,13.75,100.0,80.0% of closes stayed inside the range | Range width 13.8% | Currently 100.0% through the range,13.0,2.97,18.8,29.21,23.94,14.21,328.94,1.6,,20.56,12411.92,-2000.51,-2033.26,14.7269,11.0992,1.9999,,0.538,10113.44,99.34,Financial Services,15.0,13.0,4.0,0.0,13.0,45.0,0.86,,"Very high debt, Negative operating cash flow, Negative free cash flow",6.0,51.0,High leverage is structural for this sector,52.42,17.0,"Very high debt, Negative operating cash flow, Negative free cash flow",33.71,Avoid,"Above 50 DMA, Above 200 DMA, Healthy RSI momentum, Near 52W low zone, Strong positive day move, Strong 1M absolute return, Positive 3M return, 1M Nifty outperformance, 80.0% of closes stayed inside the range | Range width 13.8% | Currently 100.0% through the range"
ATL,Industrials,Integrated Freight & Logistics,59.65,0.85,30.88,82.5,93.14,27.7,49.52,61.44,,944043.6,561253.0,0.59,Bearish,17.0,"RSI recovering, Positive day move",12.97,-13.43,42.87,2.42,3.69,13.36,10.55,-17.12,29.51,60.0,"Strong 1M absolute return, Strong 6M absolute return, 1M Nifty outperformance, 6M Nifty outperformance",38.89,Neutral Range,61.28,42.49,70.15,65.1,62.04,80.0% of closes stayed inside the range | Range width 65.1% | Currently 62.0% through the range,18.68,5.62,8.81,6.08,3.82,-22.87,176.32,0.97,,20.87,419.13,99.21,74.32,18.1477,,2.2,,1.088,789.19,29.02,Capital Goods / Infra,11.0,2.0,0.0,17.0,10.0,40.0,0.86,Strong ROE,Earnings contraction,0.0,40.0,,49.69,7.0,Earnings contraction,33.7,Avoid,"RSI recovering, Positive day move, Strong ROE, Strong 1M absolute return, Strong 6M absolute return, 1M Nifty outperformance, 6M Nifty outperformance, 80.0% of closes stayed inside the range | Range width 65.1% | Currently 62.0% through the range"
ABREL,Real Estate,Real Estate Services,1909.32,2.33,582.03,1932.7,228.04,1.21,73.69,1535.8,1241.36,558284.7,310958.0,0.56,Bullish,57.0,"Above 50 DMA, Above 200 DMA, Strong but overbought RSI, Near 52W high momentum, Strong positive day move",34.71,37.24,61.66,2.42,3.69,13.36,32.29,33.55,48.3,100.0,"Strong 1M absolute return, Strong 3M absolute return, Strong 6M absolute return, 1M Nifty outperformance, 3M Nifty outperformance, 6M Nifty outperformance, Positive across 1M/3M/6M",17.86,Profit Booking Zone,78.68,1165.39,1666.75,43.02,100.0,80.0% of closes stayed inside the range | Range width 43.0% | Currently 100.0% through the range,1.27,0.48,17.53,4.63,-71.25,-81.41,62.87,1.72,0.37,336.72,2501.69,-315.33,-496.22,,23.7319,4.1455,18.0,0.428,15337.15,58.74,Cement / Realty,3.0,0.0,8.0,0.0,4.0,15.0,0.93,,"Revenue contraction, Earnings contraction, Negative operating cash flow, Negative free cash flow",2.0,17.0,General low-debt support,61.92,21.0,"Revenue contraction, Earnings contraction, Negative operating cash flow, Negative free cash flow",33.49,Avoid,"Above 50 DMA, Above 200 DMA, Strong but overbought RSI, Near 52W high momentum, Strong positive day move, Strong 1M absolute return, Strong 3M absolute return, Strong 6M absolute return, 1M Nifty outperformance, 3M Nifty outperformance, 6M Nifty outperformance, Positive across 1M/3M/6M, 80.0% of closes stayed inside the range | Range width 43.0% | Currently 100.0% through the range"
ASHOKLEY,Industrials,Farm & Heavy Construction Machinery,83.04,1.13,60.54,88.5,37.16,6.17,57.13,79.86,81.18,30665245.2,18262806.0,0.6,Bullish,65.0,"Above 50 DMA, Above 200 DMA, Healthy RSI momentum, Near 52W high momentum, Positive day move",11.23,4.84,1.92,2.42,3.69,13.36,8.81,1.15,-11.44,55.0,"Strong 1M absolute return, Positive 3M return, Positive 6M return, 1M Nifty outperformance, Positive across 1M/3M/6M",45.24,Profit Booking Zone,85.48,77.6,83.14,7.13,98.2,80.0% of closes stayed inside the range | Range width 7.1% | Currently 98.2% through the range,27.58,3.67,16.48,5.46,9.71,100.49,453.12,1.09,0.94,5217.32,40802.18,-6257.98,-7391.52,29.9438,21.4534,7.2494,1.97,0.446,,40.06,Capital Goods / Infra,11.0,15.0,2.0,0.0,8.0,36.0,1.0,Strong ROE,"Very high debt, Negative operating cash flow, Negative free cash flow",0.0,36.0,,49.69,17.0,"Very high debt, Negative operating cash flow, Negative free cash flow",33.05,Avoid,"Above 50 DMA, Above 200 DMA, Healthy RSI momentum, Near 52W high momentum, Positive day move, Strong ROE, Strong 1M absolute return, Positive 3M return, Positive 6M return, 1M Nifty outperformance, Positive across 1M/3M/6M, 80.0% of closes stayed inside the range | Range width 7.1% | Currently 98.2% through the range"
APOLSINHOT,Industrials,Specialty Business Services,1845.95,1.43,831.43,2644.06,122.02,30.18,50.64,1909.49,1698.03,3306.3,1061.0,0.32,Bearish,40.0,"Above 200 DMA, Healthy RSI momentum, Positive day move",7.7,-19.76,16.19,2.42,3.69,13.36,5.28,-23.45,2.83,28.0,"Positive 1M return, Positive 6M return, 1M Nifty outperformance",68.25,Neutral Range,68.4,1550.17,2139.31,38.0,50.21,80.0% of closes stayed inside the range | Range width 38.0% | Currently 50.2% through the range,8.19,3.5,3.46,2.13,41.53,-34.56,64.58,1.62,1.59,39.57,87.24,14.13,5.19,37.9931,,2.0114,25.0,-0.332,316.05,13.2,Capital Goods / Infra,2.0,10.0,11.0,17.0,8.0,48.0,1.0,,Earnings contraction,5.0,53.0,Strong order-book-driven revenue growth,49.69,10.0,"Low volume participation, Earnings contraction",33.0,Avoid,"Above 200 DMA, Healthy RSI momentum, Positive day move, Positive 1M return, Positive 6M return, 1M Nifty outperformance, 80.0% of closes stayed inside the range | Range width 38.0% | Currently 50.2% through the range"
BLKASHYAP,Industrials,Engineering & Construction,66.65,-0.74,22.75,88.8,192.97,24.94,45.01,71.8,62.11,589953.8,239870.0,0.41,Bearish,27.0,"Above 200 DMA, RSI recovering",6.81,0.23,-8.89,2.42,3.69,13.36,4.39,-3.46,-22.25,18.0,"Positive 1M return, Positive 3M return",79.37,Accumulation Zone,72.89,64.14,77.27,20.47,19.15,80.0% of closes stayed inside the range | Range width 20.5% | Currently 19.2% through the range,10.58,3.72,9.13,4.39,10.15,137.27,62.37,1.34,1.1,17.53,309.58,78.8,43.82,1952.3334,55.781,2.486,,0.321,1320.65,17.8,Capital Goods / Infra,2.0,15.0,8.0,17.0,7.0,49.0,0.93,,Very high PE,0.0,49.0,,49.69,3.0,Low volume participation,32.85,Avoid,"Above 200 DMA, RSI recovering, Positive 1M return, Positive 3M return, 80.0% of closes stayed inside the range | Range width 20.5% | Currently 19.2% through the range"
ARENTERP,Basic Materials,Other Industrial Metals & Mining,47.05,-4.95,26.45,64.4,77.88,26.94,54.23,44.87,40.21,8889.25,5979.0,0.67,Bullish,50.0,"Above 50 DMA, Above 200 DMA, Healthy RSI momentum",24.31,10.71,20.64,2.42,3.69,13.36,21.89,7.02,7.28,55.0,"Strong 1M absolute return, Positive 3M return, Positive 6M return, 1M Nifty outperformance, Positive across 1M/3M/6M",31.67,Profit Booking Zone,75.66,36.59,49.41,35.02,81.62,80.0% of closes stayed inside the range | Range width 35.0% | Currently 81.6% through the range,3.35,3.23,-12.22,45.54,-17.07,143.68,2.33,9.53,9.53,0.11,0.5,-0.25,-0.46,,,0.5577,,0.088,12.06,35.22,Metals / Mining,6.0,10.0,17.0,0.0,4.0,37.0,0.86,,"Revenue contraction, Negative operating cash flow, Negative free cash flow",2.0,39.0,General low-debt support,45.97,14.0,"Revenue contraction, Negative operating cash flow, Negative free cash flow",32.8,Avoid,"Above 50 DMA, Above 200 DMA, Healthy RSI momentum, Strong 1M absolute return, Positive 3M return, Positive 6M return, 1M Nifty outperformance, Positive across 1M/3M/6M, 80.0% of closes stayed inside the range | Range width 35.0% | Currently 81.6% through the range"
AUTOAXLES,Consumer Cyclical,Auto Parts,1779.14,0.14,1658.66,2526.78,7.26,29.59,52.15,1791.5,2023.52,21487.2,14493.0,0.67,Bearish,33.0,"Healthy RSI momentum, Near 52W low with stable RSI, Positive day move",1.47,-14.38,-19.22,2.42,3.69,13.36,-0.95,-18.07,-32.58,8.0,Positive 1M return,86.49,Accumulation Zone,75.32,1754.23,2218.36,26.46,5.37,80.0% of closes stayed inside the range | Range width 26.5% | Currently 5.4% through the range,18.97,13.51,9.64,7.63,-3.51,2.55,2.49,2.92,2.17,32.96,21.78,260.15,241.16,15.0915,12.601,2.3934,1.86,0.555,2629.79,31.96,Automobile,14.0,0.0,20.0,17.0,14.0,65.0,1.0,"Strong ROE, Cash covers debt",Revenue contraction,4.0,69.0,"General quality ROE, General low-debt support",41.86,8.0,Below 200 DMA,32.68,Avoid,"Healthy RSI momentum, Near 52W low with stable RSI, Positive day move, Strong ROE, Cash covers debt, Positive 1M return, 80.0% of closes stayed inside the range | Range width 26.5% | Currently 5.4% through the range"
AFFLE,Communication Services,Advertising Agencies,1066.0,0.47,866.5,1363.0,23.02,21.79,45.95,1092.72,1115.94,205706.8,183136.0,0.89,Bearish,22.0,"RSI recovering, Near 52W low zone, Positive day move",3.93,-17.09,0.49,2.42,3.69,13.36,1.51,-20.78,-12.87,18.0,"Positive 1M return, Positive 6M return",64.29,Accumulation Zone,72.25,1033.01,1271.84,23.12,13.81,80.0% of closes stayed inside the range | Range width 23.1% | Currently 13.8% through the range,11.9,9.05,15.69,16.14,28.51,21.54,7.31,3.07,,805.1,182.63,262.28,146.65,47.8924,32.6885,6.2302,,0.105,22802.77,28.42,Telecom,14.0,18.0,17.0,17.0,5.0,71.0,0.86,Cash covers debt,,2.0,73.0,General low-debt support,33.96,8.0,Below 200 DMA,32.64,Avoid,"RSI recovering, Near 52W low zone, Positive day move, Cash covers debt, Positive 1M return, Positive 6M return, 80.0% of closes stayed inside the range | Range width 23.1% | Currently 13.8% through the range"
CALSOFT,Technology,Software - Application,16.5,0.3,11.3,25.35,46.02,34.91,50.99,17.09,15.87,55080.1,5889.0,0.11,Bearish,40.0,"Above 200 DMA, Healthy RSI momentum, Positive day move",13.79,-9.84,18.71,2.42,3.69,13.36,11.37,-13.53,5.35,35.0,"Strong 1M absolute return, Positive 6M return, 1M Nifty outperformance",65.38,Neutral Range,68.65,13.6,19.47,43.13,49.45,80.8% of closes stayed inside the range | Range width 43.1% | Currently 49.4% through the range,5.11,2.85,19.86,14.57,54.85,181.87,68.1,1.96,,0.04,8.31,-1.96,-1.96,14.9789,,5.3176,,0.655,219.49,85.1,IT / Technology,10.0,20.0,8.0,0.0,8.0,46.0,0.86,,"Negative operating cash flow, Negative free cash flow",5.0,51.0,Strong operating margin,52.93,12.0,"Low volume participation, Negative operating cash flow, Negative free cash flow",32.54,Avoid,"Above 200 DMA, Healthy RSI momentum, Positive day move, Strong 1M absolute return, Positive 6M return, 1M Nifty outperformance, 80.8% of closes stayed inside the range | Range width 43.1% | Currently 49.4% through the range"
AGRITECH,Consumer Defensive,Farm Products,216.45,7.13,83.55,261.5,159.07,17.23,59.98,194.88,183.44,70329.8,71356.0,1.01,Bullish,65.0,"Above 50 DMA, Above 200 DMA, Healthy RSI momentum, Normal volume support, Strong positive day move",26.47,-5.29,14.46,2.42,3.69,13.36,24.05,-8.98,1.1,35.0,"Strong 1M absolute return, Positive 6M return, 1M Nifty outperformance",39.06,Profit Booking Zone,81.35,175.35,221.17,26.13,89.7,80.0% of closes stayed inside the range | Range width 26.1% | Currently 89.7% through the range,9.62,9.47,-450.84,6277.19,-33.45,2607.64,0.0,64.01,64.0,0.63,0.0,-10.66,-30.93,,,,,,61.12,0.0,General,12.0,10.0,20.0,0.0,0.0,42.0,0.79,Net cash position,"Revenue contraction, Negative operating cash flow, Negative free cash flow",2.0,44.0,General low-debt support,39.96,14.0,"Revenue contraction, Negative operating cash flow, Negative free cash flow",32.39,Avoid,"Above 50 DMA, Above 200 DMA, Healthy RSI momentum, Normal volume support, Strong positive day move, Net cash position, Strong 1M absolute return, Positive 6M return, 1M Nifty outperformance, 80.0% of closes stayed inside the range | Range width 26.1% | Currently 89.7% through the range"
ASPINWALL,Consumer Defensive,Farm Products,253.86,0.26,167.49,335.87,51.57,24.42,55.4,245.96,237.77,31769.15,20907.0,0.66,Bullish,55.0,"Above 50 DMA, Above 200 DMA, Healthy RSI momentum, Positive day move",15.62,-12.86,10.37,2.42,3.69,13.36,13.2,-16.55,-2.99,35.0,"Strong 1M absolute return, Positive 6M return, 1M Nifty outperformance",39.06,Neutral Range,73.51,218.45,288.25,31.95,50.74,80.8% of closes stayed inside the range | Range width 32.0% | Currently 50.7% through the range,5.83,4.26,1.8,3.68,-0.44,-62.59,15.95,2.48,1.34,35.11,29.23,4.45,-7.87,15.5983,,1.0216,2.49,-0.025,205.25,39.68,General,0.0,0.0,19.0,9.0,12.0,40.0,1.0,Cash covers debt,"Revenue contraction, Earnings contraction, Negative free cash flow",2.0,42.0,General low-debt support,39.96,11.0,"Earnings contraction, Negative free cash flow",32.19,Avoid,"Above 50 DMA, Above 200 DMA, Healthy RSI momentum, Positive day move, Cash covers debt, Strong 1M absolute return, Positive 6M return, 1M Nifty outperformance, 80.8% of closes stayed inside the range | Range width 32.0% | Currently 50.7% through the range"
BALAJITELE,Communication Services,Entertainment,77.05,1.12,35.0,143.7,120.14,46.38,40.07,98.44,75.52,370221.7,137256.0,0.37,Bearish,28.0,"Above 200 DMA, Weak but watchable RSI, Positive day move",2.6,-15.79,1.92,2.42,3.69,13.36,0.18,-19.48,-11.44,18.0,"Positive 1M return, Positive 6M return",64.29,Accumulation Zone,65.39,69.73,123.75,77.47,13.55,80.0% of closes stayed inside the range | Range width 77.5% | Currently 13.6% through the range,4.59,2.79,6.27,3.17,5.9,153.29,18.41,1.8,1.11,38.37,79.36,65.85,58.71,,,1.8118,,0.62,1146.49,7.14,Telecom,0.0,12.0,15.0,17.0,4.0,48.0,0.86,,,2.0,50.0,General low-debt support,33.96,3.0,Low volume participation,31.09,Avoid,"Above 200 DMA, Weak but watchable RSI, Positive day move, Positive 1M return, Positive 6M return, 80.0% of closes stayed inside the range | Range width 77.5% | Currently 13.6% through the range"
CERA,Industrials,Building Products & Equipment,7108.68,1.96,4691.42,9475.2,51.53,24.98,53.32,7129.7,7840.9,27829.55,15971.0,0.57,Bearish,25.0,"Healthy RSI momentum, Positive day move",4.5,-8.98,-18.81,2.42,3.69,13.36,2.08,-12.67,-32.17,8.0,Positive 1M return,90.48,Accumulation Zone,72.37,6831.99,8300.32,21.49,18.84,80.0% of closes stayed inside the range | Range width 21.5% | Currently 18.8% through the range,17.76,12.95,15.21,12.8,3.67,14.13,3.3,3.74,2.79,14.22,44.47,236.05,171.26,35.9244,24.1557,4.9533,1.33,-0.107,7291.46,47.78,Capital Goods / Infra,17.0,7.0,17.0,17.0,8.0,66.0,1.0,,,0.0,66.0,,49.69,8.0,Below 200 DMA,30.8,Avoid,"Healthy RSI momentum, Positive day move, Positive 1M return, 80.0% of closes stayed inside the range | Range width 21.5% | Currently 18.8% through the range"
AHLEAST,Unknown,Unknown,147.8,2.89,80.01,179.15,84.73,17.5,55.18,148.94,138.19,25629.15,49552.0,1.93,Bearish,55.0,"Above 200 DMA, Healthy RSI momentum, Volume expansion, Strong positive day move",7.06,-2.07,5.94,2.42,3.69,13.36,4.64,-5.76,-7.42,18.0,"Positive 1M return, Positive 6M return",68.75,Neutral Range,74.25,128.82,162.5,26.14,56.33,80.0% of closes stayed inside the range | Range width 26.1% | Currently 56.3% through the range,13.77,5.24,24.82,29.41,16.58,29.27,144.86,1.96,1.95,1.16,333.58,-385.18,-387.33,,,,,,,,General,17.0,18.0,9.0,0.0,0.0,44.0,0.79,,"Negative operating cash flow, Negative free cash flow",0.0,44.0,,40.16,9.0,"Negative operating cash flow, Negative free cash flow",30.67,Avoid,"Above 200 DMA, Healthy RSI momentum, Volume expansion, Strong positive day move, Positive 1M return, Positive 6M return, 80.0% of closes stayed inside the range | Range width 26.1% | Currently 56.3% through the range"
BANARISUG,Consumer Defensive,Confectioners,2535.23,-0.46,2234.25,3157.23,13.47,19.7,52.19,2497.87,2579.04,1469.2,914.0,0.62,Bullish,40.0,"Above 50 DMA, Healthy RSI momentum, Near 52W low zone",9.16,-0.78,-2.59,2.42,3.69,13.36,6.74,-4.47,-15.95,18.0,"Positive 1M return, 1M Nifty outperformance",62.5,Neutral Range,75.89,2357.33,2602.55,10.4,72.55,80.0% of closes stayed inside the range | Range width 10.4% | Currently 72.5% through the range,9.02,6.25,11.22,6.87,-11.97,6.21,28.79,2.09,0.32,6.37,486.08,274.22,133.12,40.4518,,2.5764,33.0,0.166,4928.98,31.74,General,10.0,2.0,12.0,17.0,8.0,49.0,1.0,,Revenue contraction,2.0,51.0,General low-debt support,39.96,8.0,Below 200 DMA,30.34,Avoid,"Above 50 DMA, Healthy RSI momentum, Near 52W low zone, Positive 1M return, 1M Nifty outperformance, 80.0% of closes stayed inside the range | Range width 10.4% | Currently 72.5% through the range"
ALKYLAMINE,Basic Materials,Specialty Chemicals,2079.66,4.48,1781.03,3139.76,16.77,33.76,55.78,2053.84,2254.82,163186.9,112367.0,0.69,Bullish,50.0,"Above 50 DMA, Healthy RSI momentum, Near 52W low zone, Strong positive day move",10.32,-12.22,-8.36,2.42,3.69,13.36,7.9,-15.91,-21.72,25.0,"Strong 1M absolute return, 1M Nifty outperformance",65.83,Accumulation Zone,75.96,1951.05,2428.89,24.49,26.92,80.0% of closes stayed inside the range | Range width 24.5% | Currently 26.9% through the range,11.75,9.4,13.85,10.49,-14.36,-34.89,0.25,1.95,1.19,30.37,3.17,274.79,152.47,46.5749,44.3909,6.8306,76.0,0.273,10474.23,45.43,Chemicals,12.0,0.0,18.0,17.0,7.0,54.0,1.0,Cash covers debt,"Revenue contraction, Earnings contraction",2.0,56.0,General low-debt support,45.97,15.0,"Below 200 DMA, Earnings contraction",30.25,Avoid,"Above 50 DMA, Healthy RSI momentum, Near 52W low zone, Strong positive day move, Cash covers debt, Strong 1M absolute return, 1M Nifty outperformance, 80.0% of closes stayed inside the range | Range width 24.5% | Currently 26.9% through the range"
BCONCEPTS,Consumer Cyclical,Footwear & Accessories,767.9,-1.98,132.66,966.1,478.85,20.52,55.36,750.28,600.35,9294.4,4009.0,0.43,Bullish,50.0,"Above 50 DMA, Above 200 DMA, Healthy RSI momentum",1.96,-6.89,54.37,2.42,3.69,13.36,-0.46,-10.58,41.01,43.0,"Positive 1M return, Strong 6M absolute return, 6M Nifty outperformance",36.49,Profit Booking Zone,69.67,503.56,851.96,69.19,75.87,80.0% of closes stayed inside the range | Range width 69.2% | Currently 75.9% through the range,18.24,6.22,8.02,4.15,77.77,23.23,121.21,1.34,0.71,0.51,80.05,-2.72,-22.67,209.0641,,2.4555,,-0.196,203.54,55.43,Consumer Discretionary,8.0,18.0,4.0,0.0,4.0,34.0,0.93,Strong ROE,"Negative operating cash flow, Negative free cash flow, Very high PE",2.0,36.0,General quality ROE,41.86,12.0,"Low volume participation, Negative operating cash flow, Negative free cash flow",30.13,Avoid,"Above 50 DMA, Above 200 DMA, Healthy RSI momentum, Strong ROE, Positive 1M return, Strong 6M absolute return, 6M Nifty outperformance, 80.0% of closes stayed inside the range | Range width 69.2% | Currently 75.9% through the range"
CRAFTSMAN,Consumer Cyclical,Auto Parts,4283.07,0.94,2565.91,5488.24,66.92,21.96,50.56,4207.29,4612.42,37501.3,22355.0,0.6,Bullish,40.0,"Above 50 DMA, Healthy RSI momentum, Positive day move",11.93,-10.78,-4.03,2.42,3.69,13.36,9.51,-14.47,-17.39,25.0,"Strong 1M absolute return, 1M Nifty outperformance",62.84,Accumulation Zone,75.21,4111.49,5211.42,26.75,15.6,80.0% of closes stayed inside the range | Range width 26.8% | Currently 15.6% through the range,18.36,6.47,13.67,6.89,39.68,22.58,105.84,1.16,0.48,63.49,1754.82,513.31,-117.69,57.3152,31.4219,8.1257,10.0,0.325,29078.5,42.79,Automobile,14.0,18.0,4.0,9.0,7.0,52.0,1.0,Strong ROE,Negative free cash flow,2.0,54.0,General quality ROE,41.86,12.0,"Below 200 DMA, Negative free cash flow",29.43,Avoid,"Above 50 DMA, Healthy RSI momentum, Positive day move, Strong ROE, Strong 1M absolute return, 1M Nifty outperformance, 80.0% of closes stayed inside the range | Range width 26.8% | Currently 15.6% through the range"
BORORENEW,Technology,Solar,533.0,2.45,380.0,669.35,40.26,20.37,52.07,533.5,478.27,794079.7,1187368.0,1.5,Bearish,55.0,"Above 200 DMA, Healthy RSI momentum, Volume expansion, Strong positive day move",10.03,6.9,27.31,2.42,3.69,13.36,7.61,3.21,13.95,55.0,"Strong 1M absolute return, Positive 3M return, Positive 6M return, 1M Nifty outperformance, Positive across 1M/3M/6M",50.0,Profit Booking Zone,75.48,416.12,570.74,37.16,75.59,80.0% of closes stayed inside the range | Range width 37.2% | Currently 75.6% through the range,-5.37,-2.78,-4.88,-3.44,52.97,-167.35,65.97,1.82,1.08,147.77,575.92,68.75,-147.93,18.3504,,4.6584,,0.116,7392.3,54.92,IT / Technology,0.0,10.0,10.0,9.0,8.0,37.0,0.93,,"Negative net margin, Earnings contraction, Negative free cash flow",0.0,37.0,,52.93,19.0,"Negative net margin, Earnings contraction, Negative free cash flow",29.39,Avoid,"Above 200 DMA, Healthy RSI momentum, Volume expansion, Strong positive day move, Strong 1M absolute return, Positive 3M return, Positive 6M return, 1M Nifty outperformance, Positive across 1M/3M/6M, 80.0% of closes stayed inside the range | Range width 37.2% | Currently 75.6% through the range"
CLSEL,Consumer Defensive,Packaged Foods,218.47,0.91,100.2,265.06,118.03,17.58,52.18,219.34,214.19,104077.85,73814.0,0.71,Bearish,40.0,"Above 200 DMA, Healthy RSI momentum, Positive day move",7.83,-6.36,0.82,2.42,3.69,13.36,5.41,-10.05,-12.54,28.0,"Positive 1M return, Positive 6M return, 1M Nifty outperformance",45.31,Lower Range Watch,73.81,205.2,248.47,21.09,30.66,80.0% of closes stayed inside the range | Range width 21.1% | Currently 30.7% through the range,16.2,11.63,11.63,8.68,-1.44,-1.73,24.51,3.8,1.56,0.3,175.03,-38.21,-51.91,11.722,,1.7374,85.0,0.533,1457.21,23.34,FMCG / Consumer,14.0,0.0,15.0,0.0,12.0,41.0,1.0,,"Revenue contraction, Earnings contraction, Negative operating cash flow, Negative free cash flow",3.0,44.0,"Low debt, typical of a healthy consumer business",39.96,9.0,"Negative operating cash flow, Negative free cash flow",29.39,Avoid,"Above 200 DMA, Healthy RSI momentum, Positive day move, Positive 1M return, Positive 6M return, 1M Nifty outperformance, 80.0% of closes stayed inside the range | Range width 21.1% | Currently 30.7% through the range"
COHANCE,Healthcare,Drug Manufacturers - Specialty & Generic,645.45,1.26,390.5,768.0,65.29,15.96,50.88,647.77,599.1,180221.35,70579.0,0.39,Bearish,40.0,"Above 200 DMA, Healthy RSI momentum, Positive day move",4.1,-3.4,10.82,2.42,3.69,13.36,1.68,-7.09,-2.54,18.0,"Positive 1M return, Positive 6M return",87.5,Neutral Range,70.82,577.63,709.94,22.91,51.26,80.0% of closes stayed inside the range | Range width 22.9% | Currently 51.3% through the range,14.64,13.32,34.27,29.04,-22.32,-26.99,3.17,10.67,8.7,47.23,65.01,384.77,332.89,164.1971,45.7359,4.4093,,0.604,17213.05,70.36,Pharma / Healthcare,21.0,0.0,17.0,17.0,5.0,60.0,0.93,,"Revenue contraction, Earnings contraction, Very high PE",2.0,62.0,General low-debt support,54.11,15.0,"Low volume participation, Revenue contraction, Earnings contraction",29.32,Avoid,"Above 200 DMA, Healthy RSI momentum, Positive day move, Positive 1M return, Positive 6M return, 80.0% of closes stayed inside the range | Range width 22.9% | Currently 51.3% through the range"
BHANDARI,Consumer Cyclical,Apparel Manufacturing,8.0,1.9,3.5,12.38,128.94,35.34,45.02,8.99,6.9,715468.45,734077.0,1.03,Bearish,37.0,"Above 200 DMA, RSI recovering, Normal volume support, Positive day move",4.55,-9.04,28.8,2.42,3.69,13.36,2.13,-12.73,15.44,33.0,"Positive 1M return, Positive 6M return, 6M Nifty outperformance",52.03,Neutral Range,68.2,6.01,10.24,70.33,47.0,84.2% of closes stayed inside the range | Range width 70.3% | Currently 47.0% through the range,6.56,2.61,7.35,2.45,-5.82,0.42,117.93,1.65,0.82,0.64,117.44,10.19,-21.05,10.4483,,0.5195,33.0,0.51,100.89,29.97,Consumer Discretionary,0.0,0.0,6.0,9.0,12.0,27.0,1.0,,"Revenue contraction, Negative free cash flow",0.0,27.0,,41.86,4.0,Negative free cash flow,29.23,Avoid,"Above 200 DMA, RSI recovering, Normal volume support, Positive day move, Positive 1M return, Positive 6M return, 6M Nifty outperformance, 84.2% of closes stayed inside the range | Range width 70.3% | Currently 47.0% through the range"
DCBBANK,Financial Services,Banks - Regional,120.53,1.06,88.77,159.01,35.78,24.2,49.6,123.02,121.71,1715412.75,1902967.0,1.11,Bearish,22.0,"RSI recovering, Normal volume support, Positive day move",4.38,-17.32,1.72,2.42,3.69,13.36,1.96,-21.01,-11.64,18.0,"Positive 1M return, Positive 6M return",83.75,Lower Range Watch,69.44,109.93,143.79,30.81,31.31,80.8% of closes stayed inside the range | Range width 30.8% | Currently 31.3% through the range,10.57,0.85,,22.33,12.83,15.12,105.37,,,3960.48,5343.48,484.92,349.68,8.9034,6.2084,1.0491,67.0,0.455,6859.28,0.0,Banking,8.0,13.0,2.0,17.0,15.0,55.0,0.79,,,0.0,55.0,,52.42,8.0,Below 200 DMA,29.11,Avoid,"RSI recovering, Normal volume support, Positive day move, Positive 1M return, Positive 6M return, 80.8% of closes stayed inside the range | Range width 30.8% | Currently 31.3% through the range"
A2ZINFRA,Industrials,Engineering & Construction,13.8,-1.08,5.1,16.7,170.59,17.37,50.24,13.9,11.0,327538.2,124417.0,0.38,Bearish,35.0,"Above 200 DMA, Healthy RSI momentum",12.2,0.73,47.59,2.42,3.69,13.36,9.78,-2.96,34.23,80.0,"Strong 1M absolute return, Positive 3M return, Strong 6M absolute return, 1M Nifty outperformance, 6M Nifty outperformance, Positive across 1M/3M/6M",26.98,Profit Booking Zone,72.62,9.95,14.66,47.34,81.74,81.7% of closes stayed inside the range | Range width 47.3% | Currently 81.7% through the range,-17.69,-0.83,-13.84,-1.47,11.17,95.37,615.15,0.72,0.72,1.44,197.95,95.33,84.66,79.1905,,5.935,,0.048,295.22,12.98,Capital Goods / Infra,0.0,15.0,0.0,17.0,2.0,34.0,0.93,,"Negative net margin, Very high debt",0.0,34.0,,49.69,19.0,"Low volume participation, Very high debt, Negative net margin",29.1,Avoid,"Above 200 DMA, Healthy RSI momentum, Strong 1M absolute return, Positive 3M return, Strong 6M absolute return, 1M Nifty outperformance, 6M Nifty outperformance, Positive across 1M/3M/6M, 81.7% of closes stayed inside the range | Range width 47.3% | Currently 81.7% through the range"
ARTEMISMED,Unknown,Unknown,181.42,0.11,56.66,195.79,220.18,7.34,56.45,172.47,154.51,140957.1,87986.0,0.62,Bullish,65.0,"Above 50 DMA, Above 200 DMA, Healthy RSI momentum, Near 52W high momentum, Positive day move",12.03,-0.87,15.76,2.42,3.69,13.36,9.61,-4.56,2.4,35.0,"Strong 1M absolute return, Positive 6M return, 1M Nifty outperformance",31.25,Profit Booking Zone,82.13,151.79,184.59,21.61,90.36,80.0% of closes stayed inside the range | Range width 21.6% | Currently 90.4% through the range,,,,,,,,,,,,,,139.4105,25.6942,5.4069,,0.323,,22.91,General,0.0,0.0,0.0,0.0,5.0,5.0,0.14,,Very high PE,0.0,5.0,,40.16,4.0,Limited fundamental data coverage,28.77,Avoid,"Above 50 DMA, Above 200 DMA, Healthy RSI momentum, Near 52W high momentum, Positive day move, Strong 1M absolute return, Positive 6M return, 1M Nifty outperformance, 80.0% of closes stayed inside the range | Range width 21.6% | Currently 90.4% through the range"
CREST,Financial Services,Financial Conglomerates,379.72,0.16,140.62,521.04,170.03,27.12,40.19,421.86,306.66,56419.35,11415.0,0.2,Bearish,28.0,"Above 200 DMA, Weak but watchable RSI, Positive day move",-3.0,23.3,58.0,2.42,3.69,13.36,-5.42,19.61,44.64,70.0,"Strong 3M absolute return, Strong 6M absolute return, 3M Nifty outperformance, 6M Nifty outperformance",33.75,Neutral Range,60.61,256.66,466.16,81.62,58.74,80.0% of closes stayed inside the range | Range width 81.6% | Currently 58.7% through the range,5.44,4.39,45.4,41.69,50.52,-84.81,18.53,5.79,5.22,95.7,204.68,-7.36,-20.31,32.0647,,0.8044,27.0,0.007,1051.46,98.49,Financial Services,12.0,10.0,17.0,0.0,10.0,49.0,1.0,,"Earnings contraction, Negative operating cash flow, Negative free cash flow",-5.0,44.0,Weak ROE for a leveraged-balance-sheet business,52.42,19.0,"Low volume participation, Earnings contraction, Negative operating cash flow, Negative free cash flow",28.76,Avoid,"Above 200 DMA, Weak but watchable RSI, Positive day move, Strong 3M absolute return, Strong 6M absolute return, 3M Nifty outperformance, 6M Nifty outperformance, 80.0% of closes stayed inside the range | Range width 81.6% | Currently 58.7% through the range"
ABCOTS,Consumer Cyclical,Textile Manufacturing,222.0,0.0,36.2,386.0,513.26,42.49,35.45,271.52,141.17,1200.0,0.0,0.0,Bearish,23.0,"Above 200 DMA, Weak but watchable RSI",-13.7,79.98,133.68,2.42,3.69,13.36,-16.12,76.29,120.32,70.0,"Strong 3M absolute return, Strong 6M absolute return, 3M Nifty outperformance, 6M Nifty outperformance",18.24,Neutral Range,56.35,114.86,307.28,167.53,55.68,80.0% of closes stayed inside the range | Range width 167.5% | Currently 55.7% through the range,9.78,3.38,6.58,2.66,49.92,246.53,177.71,1.45,0.66,0.02,121.67,-32.18,-36.76,32.0283,,2.9214,,-0.663,447.4,25.44,Consumer Discretionary,2.0,20.0,2.0,0.0,8.0,32.0,0.93,,"Negative operating cash flow, Negative free cash flow",0.0,32.0,,41.86,12.0,"Low volume participation, Negative operating cash flow, Negative free cash flow",28.73,Avoid,"Above 200 DMA, Weak but watchable RSI, Strong 3M absolute return, Strong 6M absolute return, 3M Nifty outperformance, 6M Nifty outperformance, 80.0% of closes stayed inside the range | Range width 167.5% | Currently 55.7% through the range"
BTML,Communication Services,Entertainment,18.15,-1.89,3.87,22.13,369.54,17.98,54.1,17.93,16.42,2024334.9,1985412.0,0.98,Bullish,50.0,"Above 50 DMA, Above 200 DMA, Healthy RSI momentum",4.22,-15.09,17.76,2.42,3.69,13.36,1.8,-18.78,4.4,18.0,"Positive 1M return, Positive 6M return",64.29,Neutral Range,71.88,15.8,20.83,31.88,46.69,80.0% of closes stayed inside the range | Range width 31.9% | Currently 46.7% through the range,12.45,5.5,9.08,5.3,50.19,4.17,21.71,1.6,1.11,0.82,5.91,-1.93,-1.97,19.1333,,1.6751,,-0.092,156.44,16.17,Telecom,6.0,12.0,13.0,0.0,10.0,41.0,0.93,,"Negative operating cash flow, Negative free cash flow",2.0,43.0,General low-debt support,33.96,9.0,"Negative operating cash flow, Negative free cash flow",28.14,Avoid,"Above 50 DMA, Above 200 DMA, Healthy RSI momentum, Positive 1M return, Positive 6M return, 80.0% of closes stayed inside the range | Range width 31.9% | Currently 46.7% through the range"
CORALFINAC,Real Estate,Real Estate Services,42.15,1.89,25.46,72.86,65.53,42.15,46.66,46.31,45.19,25860.35,7720.0,0.3,Bearish,17.0,"RSI recovering, Positive day move",5.38,-38.43,5.77,2.42,3.69,13.36,2.96,-42.12,-7.59,18.0,"Positive 1M return, Positive 6M return",100.0,Accumulation Zone,67.43,40.04,60.83,51.92,10.14,80.0% of closes stayed inside the range | Range width 51.9% | Currently 10.1% through the range,11.32,10.75,65.59,102.22,-28.69,13.36,0.0,37.81,35.7,2.23,0.0,5.02,4.95,9.2905,,0.6449,59.0,0.453,134.05,100.0,Cement / Realty,18.0,5.0,20.0,17.0,12.0,72.0,1.0,Net cash position,Revenue contraction,2.0,74.0,General low-debt support,61.92,16.0,"Below 200 DMA, Low volume participation, Revenue contraction",27.94,Avoid,"RSI recovering, Positive day move, Net cash position, Positive 1M return, Positive 6M return, 80.0% of closes stayed inside the range | Range width 51.9% | Currently 10.1% through the range"
AGARIND,Basic Materials,Specialty Chemicals,890.31,-2.14,526.75,1148.11,69.02,22.45,57.62,896.62,896.31,57240.5,187521.0,3.28,Bearish,35.0,"Healthy RSI momentum, Strong volume expansion",12.29,-9.4,-3.5,2.42,3.69,13.36,9.87,-13.09,-16.86,25.0,"Strong 1M absolute return, 1M Nifty outperformance",65.83,Lower Range Watch,71.18,812.9,1032.14,26.97,35.31,80.0% of closes stayed inside the range | Range width 27.0% | Currently 35.3% through the range,21.37,9.75,6.73,5.14,5.47,18.39,70.61,1.23,0.93,42.7,360.82,112.28,-157.93,17.0377,42.1467,1.01,71.0,0.185,695.99,28.89,Chemicals,10.0,10.0,6.0,9.0,12.0,47.0,1.0,Strong ROE,Negative free cash flow,4.0,51.0,"General quality ROE, General low-debt support",45.97,12.0,"Below 200 DMA, Negative free cash flow",27.75,Avoid,"Healthy RSI momentum, Strong volume expansion, Strong ROE, Strong 1M absolute return, 1M Nifty outperformance, 80.0% of closes stayed inside the range | Range width 27.0% | Currently 35.3% through the range"
DCMFINSERV,Financial Services,Credit Services,5.55,-2.63,3.35,11.2,65.67,50.45,57.85,5.42,4.88,20123.9,39457.0,1.96,Bullish,60.0,"Above 50 DMA, Above 200 DMA, Healthy RSI momentum, Volume expansion",6.73,4.72,-13.95,2.42,3.69,13.36,4.31,1.03,-27.31,18.0,"Positive 1M return, Positive 3M return",83.75,Profit Booking Zone,78.57,4.55,5.81,27.72,79.76,80.0% of closes stayed inside the range | Range width 27.7% | Currently 79.8% through the range,1.92,-3.97,-35782.22,-20844.44,102.44,80.65,-142.73,0.11,0.11,0.02,69.57,3.43,-1.44,,,-0.2214,,-0.26,11.9,0.0,Financial Services,0.0,20.0,9.0,9.0,2.0,40.0,0.86,,"Negative net margin, Negative free cash flow",-5.0,35.0,Weak ROE for a leveraged-balance-sheet business,52.42,12.0,"Negative net margin, Negative free cash flow",27.61,Avoid,"Above 50 DMA, Above 200 DMA, Healthy RSI momentum, Volume expansion, Positive 1M return, Positive 3M return, 80.0% of closes stayed inside the range | Range width 27.7% | Currently 79.8% through the range"
DICIND,Basic Materials,Specialty Chemicals,457.7,6.17,356.85,548.47,28.26,16.55,60.21,446.62,453.73,4835.45,18432.0,3.81,Bullish,75.0,"Above 50 DMA, Above 200 DMA, Healthy RSI momentum, Strong volume expansion, Strong positive day move",5.98,-11.83,7.72,2.42,3.69,13.36,3.56,-15.52,-5.64,18.0,"Positive 1M return, Positive 6M return",75.83,Neutral Range,79.85,418.57,501.81,19.89,47.01,80.8% of closes stayed inside the range | Range width 19.9% | Currently 47.0% through the range,-5.72,-3.9,-0.89,-2.75,-4.86,-155.33,4.97,2.22,1.64,46.96,19.68,5.26,-28.06,19.2193,14.1595,1.2516,50.0,0.104,555.88,26.51,Chemicals,0.0,0.0,20.0,9.0,15.0,44.0,1.0,Cash covers debt,"Negative net margin, Revenue contraction, Earnings contraction, Negative free cash flow",2.0,46.0,General low-debt support,45.97,19.0,"Negative net margin, Earnings contraction, Negative free cash flow",27.25,Avoid,"Above 50 DMA, Above 200 DMA, Healthy RSI momentum, Strong volume expansion, Strong positive day move, Cash covers debt, Positive 1M return, Positive 6M return, 80.8% of closes stayed inside the range | Range width 19.9% | Currently 47.0% through the range"
ANNAPURNA,Consumer Defensive,Packaged Foods,362.1,-0.75,109.3,427.0,231.29,15.2,48.67,370.43,325.7,44950.0,28000.0,0.62,Bearish,27.0,"Above 200 DMA, RSI recovering",5.31,12.49,8.95,2.42,3.69,13.36,2.89,8.8,-4.41,38.0,"Positive 1M return, Positive 3M return, Positive 6M return, Positive across 1M/3M/6M",32.81,Neutral Range,69.49,301.73,391.35,29.7,67.36,80.0% of closes stayed inside the range | Range width 29.7% | Currently 67.4% through the range,11.46,5.56,8.85,4.96,65.43,83.58,55.21,1.14,0.62,3.3,63.27,-10.22,-72.45,10.1866,,0.8916,,0.043,254.44,32.33,FMCG / Consumer,4.0,20.0,6.0,0.0,10.0,40.0,0.93,,"Negative operating cash flow, Negative free cash flow",0.0,40.0,,39.96,9.0,"Negative operating cash flow, Negative free cash flow",27.24,Avoid,"Above 200 DMA, RSI recovering, Positive 1M return, Positive 3M return, Positive 6M return, Positive across 1M/3M/6M, 80.0% of closes stayed inside the range | Range width 29.7% | Currently 67.4% through the range"
BALRAMCHIN,Consumer Defensive,Confectioners,374.01,1.21,299.13,479.44,25.03,21.99,52.66,369.66,393.42,1472481.0,1566160.0,1.06,Bullish,45.0,"Above 50 DMA, Healthy RSI momentum, Normal volume support, Positive day move",6.07,-1.62,-9.81,2.42,3.69,13.36,3.65,-5.31,-23.17,8.0,Positive 1M return,85.94,Accumulation Zone,77.03,361.46,428.74,18.61,18.65,80.0% of closes stayed inside the range | Range width 18.6% | Currently 18.7% through the range,15.72,8.78,11.46,9.55,19.89,88.08,59.08,1.43,0.08,0.32,2009.15,177.83,-90.94,35.7061,17.5328,3.1964,1.07,0.349,13856.46,26.26,General,14.0,18.0,6.0,9.0,8.0,55.0,1.0,,Negative free cash flow,2.0,57.0,General low-debt support,39.96,12.0,"Below 200 DMA, Negative free cash flow",27.19,Avoid,"Above 50 DMA, Healthy RSI momentum, Normal volume support, Positive day move, Positive 1M return, 80.0% of closes stayed inside the range | Range width 18.6% | Currently 18.7% through the range"
ACEINTEG,Industrials,Staffing & Employment Services,35.45,-2.07,29.6,82.3,19.76,56.93,51.18,35.8,36.67,18137.25,4305.0,0.24,Bearish,25.0,"Healthy RSI momentum, Near 52W low zone",2.6,-13.85,4.42,2.42,3.69,13.36,0.18,-17.54,-8.94,18.0,"Positive 1M return, Positive 6M return",79.37,Accumulation Zone,70.23,33.0,41.91,27.0,27.55,80.0% of closes stayed inside the range | Range width 27.0% | Currently 27.6% through the range,2.15,2.01,0.33,4.49,32.27,-12.77,1.05,12.27,11.62,1.27,0.2,0.37,0.19,,,1.4803,,0.184,17.79,-120.0,Capital Goods / Infra,0.0,10.0,20.0,17.0,4.0,51.0,0.86,Cash covers debt,Earnings contraction,5.0,56.0,Strong order-book-driven revenue growth,49.69,11.0,"Below 200 DMA, Low volume participation",26.8,Avoid,"Healthy RSI momentum, Near 52W low zone, Cash covers debt, Positive 1M return, Positive 6M return, 80.0% of closes stayed inside the range | Range width 27.0% | Currently 27.6% through the range"
AKASH,Industrials,Engineering & Construction,41.1,1.86,22.5,50.6,82.67,18.77,60.07,36.7,32.78,73598.4,33293.0,0.45,Bullish,55.0,"Above 50 DMA, Above 200 DMA, Healthy RSI momentum, Positive day move",18.61,2.75,42.46,2.42,3.69,13.36,16.19,-0.94,29.1,80.0,"Strong 1M absolute return, Positive 3M return, Strong 6M absolute return, 1M Nifty outperformance, 6M Nifty outperformance, Positive across 1M/3M/6M",26.98,Profit Booking Zone,81.77,29.55,41.1,39.09,100.0,82.5% of closes stayed inside the range | Range width 39.1% | Currently 100.0% through the range,0.27,0.11,3.75,0.38,-3.65,-83.65,108.34,1.75,1.47,0.39,90.79,-22.68,-24.8,60.9,,0.4863,,0.599,41.08,26.54,Capital Goods / Infra,0.0,0.0,8.0,0.0,4.0,12.0,0.93,,"Revenue contraction, Earnings contraction, Negative operating cash flow, Negative free cash flow",0.0,12.0,,49.69,19.0,"Low volume participation, Earnings contraction, Negative operating cash flow, Negative free cash flow",26.4,Avoid,"Above 50 DMA, Above 200 DMA, Healthy RSI momentum, Positive day move, Strong 1M absolute return, Positive 3M return, Strong 6M absolute return, 1M Nifty outperformance, 6M Nifty outperformance, Positive across 1M/3M/6M, 82.5% of closes stayed inside the range | Range width 39.1% | Currently 100.0% through the range"
AEROENTER,Basic Materials,Steel,99.04,0.61,54.58,144.63,81.46,31.52,50.32,100.79,106.86,810711.45,288756.0,0.36,Bearish,25.0,"Healthy RSI momentum, Positive day move",10.49,-18.5,0.91,2.42,3.69,13.36,8.07,-22.19,-12.45,35.0,"Strong 1M absolute return, Positive 6M return, 1M Nifty outperformance",50.0,Accumulation Zone,68.65,89.62,121.59,35.67,29.46,80.0% of closes stayed inside the range | Range width 35.7% | Currently 29.5% through the range,39.78,28.87,13.48,51.52,7.7,502.59,9.73,4.51,3.93,85.8,63.06,-245.71,-291.25,10.7172,,2.0054,27.0,1.576,1655.48,54.88,Metals / Mining,22.0,12.0,20.0,0.0,12.0,66.0,1.0,"Strong ROE, Cash covers debt","Negative operating cash flow, Negative free cash flow",4.0,70.0,"General quality ROE, General low-debt support",45.97,20.0,"Below 200 DMA, Low volume participation, Negative operating cash flow, Negative free cash flow",26.4,Avoid,"Healthy RSI momentum, Positive day move, Strong ROE, Cash covers debt, Strong 1M absolute return, Positive 6M return, 1M Nifty outperformance, 80.0% of closes stayed inside the range | Range width 35.7% | Currently 29.5% through the range"
CYBERMEDIA,Communication Services,Publishing,26.0,3.79,12.7,44.0,104.72,40.91,57.17,27.27,22.88,10039.55,28298.0,2.82,Bearish,60.0,"Above 200 DMA, Healthy RSI momentum, Strong volume expansion, Strong positive day move",1.36,-18.88,40.92,2.42,3.69,13.36,-1.06,-22.57,27.56,43.0,"Positive 1M return, Strong 6M absolute return, 6M Nifty outperformance",25.0,Neutral Range,66.2,17.7,34.26,93.56,50.12,81.7% of closes stayed inside the range | Range width 93.6% | Currently 50.1% through the range,-30.55,3.29,4.93,1.39,29.8,-65.05,-225.25,1.15,1.15,4.32,10.4,-0.6,-1.35,8.1299,,-4.0051,,0.195,39.12,19.35,Telecom,0.0,10.0,13.0,0.0,8.0,31.0,0.93,,"Earnings contraction, Negative operating cash flow, Negative free cash flow",2.0,33.0,General low-debt support,33.96,16.0,"Earnings contraction, Negative operating cash flow, Negative free cash flow",26.39,Avoid,"Above 200 DMA, Healthy RSI momentum, Strong volume expansion, Strong positive day move, Positive 1M return, Strong 6M absolute return, 6M Nifty outperformance, 81.7% of closes stayed inside the range | Range width 93.6% | Currently 50.1% through the range"
ANTGRAPHIC,Consumer Cyclical,Packaging & Containers,1.55,3.33,0.55,1.95,181.82,20.51,50.67,1.6,1.13,489922.65,880726.0,1.8,Bearish,55.0,"Above 200 DMA, Healthy RSI momentum, Volume expansion, Strong positive day move",0.0,3.33,106.67,2.42,3.69,13.36,-2.42,-0.36,93.31,45.0,"Positive 3M return, Strong 6M absolute return, 6M Nifty outperformance",33.78,Profit Booking Zone,73.18,0.75,1.7,126.67,84.21,85.8% of closes stayed inside the range | Range width 126.7% | Currently 84.2% through the range,-2.64,-2.23,-55.05,-51.2,23.99,-8494.0,17.42,81.9,41.79,0.05,2.84,0.04,-0.02,,,0.7282,,0.599,11.63,10.09,Consumer Discretionary,0.0,8.0,17.0,9.0,4.0,38.0,0.86,,"Negative net margin, Earnings contraction, Negative free cash flow",2.0,40.0,General low-debt support,41.86,19.0,"Negative net margin, Earnings contraction, Negative free cash flow",26.28,Avoid,"Above 200 DMA, Healthy RSI momentum, Volume expansion, Strong positive day move, Positive 3M return, Strong 6M absolute return, 6M Nifty outperformance, 85.8% of closes stayed inside the range | Range width 126.7% | Currently 84.2% through the range"
CANTABIL,Consumer Cyclical,Apparel Manufacturing,214.5,1.64,159.09,310.26,34.83,30.87,50.98,219.54,220.1,152178.1,263380.0,1.73,Bearish,35.0,"Healthy RSI momentum, Volume expansion, Positive day move",-4.15,-19.05,-3.58,2.42,3.69,13.36,-6.57,-22.74,-16.94,0.0,,95.95,Accumulation Zone,72.34,199.69,256.2,28.3,26.2,80.0% of closes stayed inside the range | Range width 28.3% | Currently 26.2% through the range,19.06,8.04,16.33,10.12,11.38,-7.46,102.9,2.12,0.45,38.09,335.94,132.72,77.65,20.8911,,4.2564,62.0,-0.219,2037.34,71.04,Consumer Discretionary,16.0,5.0,7.0,17.0,8.0,53.0,1.0,Strong ROE,Earnings contraction,2.0,55.0,General quality ROE,41.86,8.0,Below 200 DMA,26.28,Avoid,"Healthy RSI momentum, Volume expansion, Positive day move, Strong ROE, 80.0% of closes stayed inside the range | Range width 28.3% | Currently 26.2% through the range"
CENTENKA,Consumer Cyclical,Textile Manufacturing,422.09,1.25,315.17,478.32,33.92,11.76,60.32,408.34,408.98,48227.5,50157.0,1.04,Bullish,70.0,"Above 50 DMA, Above 200 DMA, Healthy RSI momentum, Near 52W high momentum, Normal volume support, Positive day move",9.95,-3.48,-0.1,2.42,3.69,13.36,7.53,-7.17,-13.46,18.0,"Positive 1M return, 1M Nifty outperformance",75.0,Neutral Range,81.94,391.51,434.33,10.94,71.41,80.0% of closes stayed inside the range | Range width 10.9% | Currently 71.4% through the range,3.13,2.54,1.94,2.46,-15.69,-52.67,3.83,4.57,3.02,0.87,52.25,88.06,-26.95,8.1253,,0.7996,2.01,0.219,1196.1,28.84,Consumer Discretionary,0.0,0.0,17.0,9.0,12.0,38.0,1.0,,"Revenue contraction, Earnings contraction, Negative free cash flow",2.0,40.0,General low-debt support,41.86,16.0,"Revenue contraction, Earnings contraction, Negative free cash flow",26.28,Avoid,"Above 50 DMA, Above 200 DMA, Healthy RSI momentum, Near 52W high momentum, Normal volume support, Positive day move, Positive 1M return, 1M Nifty outperformance, 80.0% of closes stayed inside the range | Range width 10.9% | Currently 71.4% through the range"
CYIENTDLM,Industrials,Aerospace & Defense,686.5,2.49,403.0,883.8,70.35,22.32,44.69,737.89,,173545.25,482472.0,2.78,Bearish,33.0,"Weak but watchable RSI, Strong volume expansion, Strong positive day move",4.36,1.12,-0.33,2.42,3.69,13.36,1.94,-2.57,-13.69,18.0,"Positive 1M return, Positive 3M return",79.37,Lower Range Watch,71.68,637.87,784.97,23.06,33.06,80.0% of closes stayed inside the range | Range width 23.1% | Currently 33.1% through the range,6.73,3.82,7.44,5.13,43.25,92.88,21.14,2.45,1.59,41.69,192.12,-70.54,-104.31,78.1584,46.7729,6.423,,0.398,6500.74,38.65,Capital Goods / Infra,0.0,20.0,15.0,0.0,3.0,38.0,0.93,,"Negative operating cash flow, Negative free cash flow",5.0,43.0,Strong order-book-driven revenue growth,49.69,9.0,"Negative operating cash flow, Negative free cash flow",26.25,Avoid,"Weak but watchable RSI, Strong volume expansion, Strong positive day move, Positive 1M return, Positive 3M return, 80.0% of closes stayed inside the range | Range width 23.1% | Currently 33.1% through the range"
BOSCH-HCIL,Consumer Cyclical,"Furnishings, Fixtures & Appliances",1146.18,1.21,911.39,1665.37,25.76,31.18,59.55,1066.95,1106.17,76024.75,67097.0,0.88,Bullish,55.0,"Above 50 DMA, Above 200 DMA, Healthy RSI momentum, Positive day move",20.53,-1.49,-6.01,2.42,3.69,13.36,18.11,-5.18,-19.37,25.0,"Strong 1M absolute return, 1M Nifty outperformance",62.84,Profit Booking Zone,81.03,1027.52,1161.64,13.05,88.47,80.0% of closes stayed inside the range | Range width 13.1% | Currently 88.5% through the range,-12.99,-4.57,-3.23,-3.99,-19.3,7.83,8.25,1.17,0.51,71.82,48.08,254.39,217.48,1130.1333,,9.2283,3.81,0.628,4609.4,30.48,Consumer Discretionary,0.0,2.0,14.0,17.0,2.0,35.0,1.0,Cash covers debt,"Negative net margin, Revenue contraction, Very high PE",2.0,37.0,General low-debt support,41.86,13.0,"Negative net margin, Revenue contraction",26.23,Avoid,"Above 50 DMA, Above 200 DMA, Healthy RSI momentum, Positive day move, Cash covers debt, Strong 1M absolute return, 1M Nifty outperformance, 80.0% of closes stayed inside the range | Range width 13.1% | Currently 88.5% through the range"
DCW,Basic Materials,Chemicals,56.66,0.62,39.7,72.16,42.73,21.48,54.46,56.33,54.19,6776634.15,2501460.0,0.37,Bullish,55.0,"Above 50 DMA, Above 200 DMA, Healthy RSI momentum, Positive day move",14.96,-5.56,-1.39,2.42,3.69,13.36,12.54,-9.25,-14.75,25.0,"Strong 1M absolute return, 1M Nifty outperformance",65.83,Neutral Range,76.15,51.23,62.55,22.09,48.0,81.7% of closes stayed inside the range | Range width 22.1% | Currently 48.0% through the range,1.52,0.75,4.57,0.84,-29.14,-91.84,42.55,1.13,0.51,10.72,438.97,252.09,158.5,19.2531,,1.2796,44.0,-0.144,1369.52,29.12,Chemicals,0.0,0.0,9.0,17.0,12.0,38.0,1.0,,"Revenue contraction, Earnings contraction",2.0,40.0,General low-debt support,45.97,15.0,"Low volume participation, Revenue contraction, Earnings contraction",25.9,Avoid,"Above 50 DMA, Above 200 DMA, Healthy RSI momentum, Positive day move, Strong 1M absolute return, 1M Nifty outperformance, 81.7% of closes stayed inside the range | Range width 22.1% | Currently 48.0% through the range"
CANFINHOME,Financial Services,Mortgage Finance,717.91,-1.15,432.62,875.4,65.95,17.99,38.59,750.56,742.27,565661.8,894176.0,1.58,Bearish,18.0,"Weak but watchable RSI, Volume expansion",3.64,-2.6,0.97,2.42,3.69,13.36,1.22,-6.29,-12.39,18.0,"Positive 1M return, Positive 6M return",83.75,Accumulation Zone,75.7,719.17,778.81,8.29,0.0,80.0% of closes stayed inside the range | Range width 8.3% | Currently 0.0% through the range,17.28,2.03,,59.19,25.31,20.84,729.58,,,4.38,31692.07,224.82,204.88,9.4693,8.603,1.8157,1.99,0.417,10858.76,98.93,Financial Services,10.0,18.0,0.0,17.0,14.0,59.0,0.79,,Very high debt,12.0,71.0,"High leverage is structural for this sector, Strong ROE for a leveraged-balance-sheet business",52.42,16.0,"Below 200 DMA, Very high debt",25.71,Avoid,"Weak but watchable RSI, Volume expansion, Positive 1M return, Positive 6M return, 80.0% of closes stayed inside the range | Range width 8.3% | Currently 0.0% through the range"
ANMOL,Energy,Thermal Coal,42.4,0.24,26.88,68.0,57.74,37.65,33.91,50.98,52.26,530178.3,549296.0,1.04,Bearish,18.0,"Weak but watchable RSI, Normal volume support, Positive day move",-4.93,-30.03,-9.98,2.42,3.69,13.36,-7.35,-33.72,-23.34,0.0,,100.0,Accumulation Zone,72.44,45.75,62.47,36.54,0.0,80.8% of closes stayed inside the range | Range width 36.5% | Currently 0.0% through the range,20.84,7.4,1.85,1.39,6.43,12.02,85.06,1.97,1.56,150.1,85.3,191.07,190.43,4.9752,,0.4819,,0.619,57.2,1.7,Metals / Mining,8.0,7.0,14.0,17.0,10.0,56.0,0.93,"Strong ROE, Cash covers debt",,2.0,58.0,General quality ROE,59.29,8.0,Below 200 DMA,25.69,Avoid,"Weak but watchable RSI, Normal volume support, Positive day move, Strong ROE, Cash covers debt, 80.8% of closes stayed inside the range | Range width 36.5% | Currently 0.0% through the range"
BANDHANBNK,Financial Services,Banks - Regional,178.27,1.13,166.03,304.9,7.37,41.53,47.27,186.63,215.69,19036614.6,11422429.0,0.6,Bearish,25.0,"RSI recovering, Near 52W low with stable RSI, Positive day move",2.81,-19.91,-25.09,2.42,3.69,13.36,0.39,-23.6,-38.45,8.0,Positive 1M return,96.25,Accumulation Zone,73.22,176.76,233.31,31.99,2.67,80.0% of closes stayed inside the range | Range width 32.0% | Currently 2.7% through the range,10.32,1.25,,17.86,6.52,1.59,75.76,,,22415.14,16371.52,14808.42,14251.0,20.0776,8.2281,1.0584,89.0,0.805,27106.95,0.0,Banking,7.0,2.0,7.0,17.0,13.0,46.0,0.79,Cash covers debt,,0.0,46.0,,52.42,8.0,Below 200 DMA,24.21,Avoid,"RSI recovering, Near 52W low with stable RSI, Positive day move, Cash covers debt, Positive 1M return, 80.0% of closes stayed inside the range | Range width 32.0% | Currently 2.7% through the range"
BRNL,Industrials,Infrastructure Operations,56.8,-1.98,23.0,98.5,146.96,42.34,36.32,67.32,50.33,48154.05,30237.0,0.63,Bearish,23.0,"Above 200 DMA, Weak but watchable RSI",-1.3,-11.66,31.94,2.42,3.69,13.36,-3.72,-15.35,18.58,35.0,"Strong 6M absolute return, 6M Nifty outperformance",58.73,Lower Range Watch,57.51,41.04,80.83,96.95,39.61,80.0% of closes stayed inside the range | Range width 97.0% | Currently 39.6% through the range,-58.92,-4.1,30.15,-29.5,16.36,46.56,698.64,0.49,,62.3,1328.08,264.43,160.32,,,0.2062,,-0.087,145.15,96.98,Capital Goods / Infra,6.0,18.0,0.0,17.0,4.0,45.0,0.79,,"Negative net margin, Very high debt",5.0,50.0,Strong order-book-driven revenue growth,49.69,16.0,"Very high debt, Negative net margin",23.45,Avoid,"Above 200 DMA, Weak but watchable RSI, Strong 6M absolute return, 6M Nifty outperformance, 80.0% of closes stayed inside the range | Range width 97.0% | Currently 39.6% through the range"
ASHOKAMET,Basic Materials,Steel,18.7,-1.32,16.05,35.7,16.51,47.62,34.83,22.61,21.97,41894.05,5296.0,0.13,Bearish,13.0,"Weak but watchable RSI, Near 52W low zone",-6.03,-24.6,-6.27,2.42,3.69,13.36,-8.45,-28.29,-19.63,0.0,,96.67,Accumulation Zone,70.3,19.75,27.11,37.33,0.0,80.0% of closes stayed inside the range | Range width 37.3% | Currently 0.0% through the range,4.58,3.48,9.45,7.24,31.34,48.84,15.92,4.02,2.57,0.51,16.65,15.9,7.1,1.9811,,0.1998,,1.009,34.12,35.63,Metals / Mining,3.0,20.0,17.0,17.0,10.0,67.0,0.93,,,2.0,69.0,General low-debt support,45.97,11.0,"Below 200 DMA, Low volume participation",23.3,Avoid,"Weak but watchable RSI, Near 52W low zone, 80.0% of closes stayed inside the range | Range width 37.3% | Currently 0.0% through the range"
BUTTERFLY,Consumer Cyclical,"Furnishings, Fixtures & Appliances",858.3,4.61,756.0,1903.35,13.53,54.91,54.98,852.52,1063.24,22627.85,8176.0,0.36,Bullish,50.0,"Above 50 DMA, Healthy RSI momentum, Near 52W low zone, Strong positive day move",11.74,-17.74,-30.36,2.42,3.69,13.36,9.32,-21.43,-43.72,25.0,"Strong 1M absolute return, 1M Nifty outperformance",62.84,Accumulation Zone,75.69,806.01,1081.67,34.2,18.97,80.0% of closes stayed inside the range | Range width 34.2% | Currently 19.0% through the range,2.53,1.51,1.06,0.8,-11.75,-85.7,1.28,1.72,1.01,40.91,3.73,36.85,17.84,23.3119,,3.041,,0.023,1132.04,37.69,Consumer Discretionary,0.0,0.0,18.0,17.0,6.0,41.0,0.93,Cash covers debt,"Revenue contraction, Earnings contraction",2.0,43.0,General low-debt support,41.86,18.0,"Below 200 DMA, Low volume participation, Earnings contraction",22.08,Avoid,"Above 50 DMA, Healthy RSI momentum, Near 52W low zone, Strong positive day move, Cash covers debt, Strong 1M absolute return, 1M Nifty outperformance, 80.0% of closes stayed inside the range | Range width 34.2% | Currently 19.0% through the range"
BLUEDART,Industrials,Integrated Freight & Logistics,6208.54,-1.13,5447.07,9531.43,13.98,34.86,60.48,5973.06,6592.91,37028.4,22534.0,0.61,Bullish,40.0,"Above 50 DMA, Healthy RSI momentum, Near 52W low zone",11.33,-10.81,-6.49,2.42,3.69,13.36,8.91,-14.5,-19.85,25.0,"Strong 1M absolute return, 1M Nifty outperformance",73.81,Accumulation Zone,74.18,5853.94,7309.76,24.87,24.36,80.0% of closes stayed inside the range | Range width 24.9% | Currently 24.4% through the range,22.02,8.7,8.14,5.71,1.85,-18.76,78.56,0.86,0.83,164.61,1074.07,846.73,579.19,41.1913,27.0629,6.6622,50.0,0.227,11839.05,25.16,Capital Goods / Infra,10.0,0.0,4.0,17.0,7.0,38.0,1.0,Strong ROE,Earnings contraction,0.0,38.0,,49.69,15.0,"Below 200 DMA, Earnings contraction",22.0,Avoid,"Above 50 DMA, Healthy RSI momentum, Near 52W low zone, Strong ROE, Strong 1M absolute return, 1M Nifty outperformance, 80.0% of closes stayed inside the range | Range width 24.9% | Currently 24.4% through the range"
ARIHANTCAP,Financial Services,Capital Markets,60.54,2.6,32.68,85.21,85.26,28.95,56.09,61.88,62.73,297759.75,147108.0,0.49,Bearish,30.0,"Healthy RSI momentum, Strong positive day move",9.01,-12.4,-8.19,2.42,3.69,13.36,6.59,-16.09,-21.55,18.0,"Positive 1M return, 1M Nifty outperformance",83.75,Accumulation Zone,71.59,56.66,72.74,28.38,24.15,80.0% of closes stayed inside the range | Range width 28.4% | Currently 24.2% through the range,21.86,9.03,-7.34,57.91,53.41,142.16,30.78,1.77,,24.14,99.28,-29.63,-32.69,21.9917,,1.7942,64.0,0.276,870.21,46.93,Financial Services,16.0,20.0,11.0,0.0,10.0,57.0,0.93,Strong ROE,"Negative operating cash flow, Negative free cash flow",6.0,63.0,Strong ROE for a leveraged-balance-sheet business,52.42,20.0,"Below 200 DMA, Low volume participation, Negative operating cash flow, Negative free cash flow",21.91,Avoid,"Healthy RSI momentum, Strong positive day move, Strong ROE, Positive 1M return, 1M Nifty outperformance, 80.0% of closes stayed inside the range | Range width 28.4% | Currently 24.2% through the range"
AURUM,Real Estate,Real Estate Services,143.3,3.35,99.85,186.4,43.52,23.12,51.65,143.79,136.28,63284.9,219371.0,3.47,Bearish,60.0,"Above 200 DMA, Healthy RSI momentum, Strong volume expansion, Strong positive day move",7.87,-13.54,10.87,2.42,3.69,13.36,5.45,-17.23,-2.49,28.0,"Positive 1M return, Positive 6M return, 1M Nifty outperformance",89.29,Neutral Range,74.93,128.57,158.84,23.54,48.68,80.0% of closes stayed inside the range | Range width 23.5% | Currently 48.7% through the range,-30.91,-8.65,-32.38,-26.05,68.72,-92.97,179.2,0.44,,7.26,323.24,20.2,-84.25,30.2965,110.9429,2.8362,,-0.029,1787.8,73.88,Cement / Realty,0.0,10.0,0.0,9.0,8.0,27.0,0.86,,"Negative net margin, Earnings contraction, Negative free cash flow",0.0,27.0,,61.92,19.0,"Negative net margin, Earnings contraction, Negative free cash flow",21.74,Avoid,"Above 200 DMA, Healthy RSI momentum, Strong volume expansion, Strong positive day move, Positive 1M return, Positive 6M return, 1M Nifty outperformance, 80.0% of closes stayed inside the range | Range width 23.5% | Currently 48.7% through the range"
AMDIND,Consumer Cyclical,Packaging & Containers,70.75,-1.12,43.25,103.75,63.58,31.81,62.6,63.63,67.55,55233.85,105143.0,1.9,Bullish,60.0,"Above 50 DMA, Above 200 DMA, Healthy RSI momentum, Volume expansion",21.98,-2.28,7.03,2.42,3.69,13.36,19.56,-5.97,-6.33,35.0,"Strong 1M absolute return, Positive 6M return, 1M Nifty outperformance",46.62,Neutral Range,72.81,59.49,81.63,37.22,50.86,80.0% of closes stayed inside the range | Range width 37.2% | Currently 50.9% through the range,-1.07,-0.52,3.0,-0.61,-20.65,-108.71,66.78,1.45,0.83,3.05,104.25,24.4,10.24,30.6316,,0.6546,,0.207,100.4,34.2,Consumer Discretionary,0.0,0.0,6.0,17.0,8.0,31.0,0.93,,"Negative net margin, Revenue contraction, Earnings contraction",2.0,33.0,General low-debt support,41.86,20.0,"Negative net margin, Revenue contraction, Earnings contraction",21.58,Avoid,"Above 50 DMA, Above 200 DMA, Healthy RSI momentum, Volume expansion, Strong 1M absolute return, Positive 6M return, 1M Nifty outperformance, 80.0% of closes stayed inside the range | Range width 37.2% | Currently 50.9% through the range"
BOROLTD,Consumer Cyclical,"Furnishings, Fixtures & Appliances",354.15,-1.32,251.7,420.0,40.7,15.68,39.91,374.48,355.37,109041.45,136061.0,1.25,Bearish,13.0,"Weak but watchable RSI, Normal volume support",-2.97,3.22,5.34,2.42,3.69,13.36,-5.39,-0.47,-8.02,20.0,"Positive 3M return, Positive 6M return",68.92,Lower Range Watch,68.42,336.76,386.17,14.67,35.19,80.0% of closes stayed inside the range | Range width 14.7% | Currently 35.2% through the range,11.36,6.1,9.52,6.99,27.06,26.98,45.29,1.18,0.53,5.39,262.66,48.03,-127.13,40.9232,28.048,3.217,,0.074,2867.83,61.03,Consumer Discretionary,7.0,20.0,9.0,9.0,7.0,52.0,0.93,,Negative free cash flow,2.0,54.0,General low-debt support,41.86,12.0,"Below 200 DMA, Negative free cash flow",21.43,Avoid,"Weak but watchable RSI, Normal volume support, Positive 3M return, Positive 6M return, 80.0% of closes stayed inside the range | Range width 14.7% | Currently 35.2% through the range"
ATUL,Basic Materials,Specialty Chemicals,5841.78,0.27,5666.26,9658.03,3.1,39.51,45.98,6009.11,6556.34,79607.05,159723.0,2.01,Bearish,40.0,"RSI recovering, Near 52W low with stable RSI, Strong volume expansion, Positive day move",0.49,-10.88,-14.11,2.42,3.69,13.36,-1.93,-14.57,-27.47,8.0,Positive 1M return,86.67,Accumulation Zone,78.77,5838.75,6909.61,18.34,0.28,80.0% of closes stayed inside the range | Range width 18.3% | Currently 0.3% through the range,6.32,4.99,8.53,6.92,-13.01,-37.17,4.63,2.56,1.83,60.26,236.55,667.46,163.58,23.925,20.8272,3.0566,46.0,0.196,19017.9,35.05,Chemicals,3.0,0.0,17.0,17.0,11.0,48.0,1.0,,"Revenue contraction, Earnings contraction",2.0,50.0,General low-debt support,45.97,15.0,"Below 200 DMA, Earnings contraction",21.4,Avoid,"RSI recovering, Near 52W low with stable RSI, Strong volume expansion, Positive day move, Positive 1M return, 80.0% of closes stayed inside the range | Range width 18.3% | Currently 0.3% through the range"
BLUECHIP,Financial Services,Capital Markets,3.35,1.52,0.25,3.45,1240.0,2.9,74.22,2.99,2.01,64580.7,8535.0,0.13,Bullish,52.0,"Above 50 DMA, Above 200 DMA, Strong but overbought RSI, Near 52W high momentum, Positive day move",13.56,34.0,204.55,2.42,3.69,13.36,11.14,30.31,191.19,100.0,"Strong 1M absolute return, Strong 3M absolute return, Strong 6M absolute return, 1M Nifty outperformance, 3M Nifty outperformance, 6M Nifty outperformance, Positive across 1M/3M/6M",10.0,Profit Booking Zone,71.03,1.2,3.2,166.67,100.0,81.7% of closes stayed inside the range | Range width 166.7% | Currently 100.0% through the range,-144.79,-43.83,-116.01,-2832.21,188.86,-526.15,,0.6,0.6,0.05,,-0.01,-0.01,,,-13.8065,,0.311,11.84,100.0,Financial Services,0.0,10.0,0.0,0.0,2.0,12.0,0.79,,"Negative net margin, Earnings contraction, Negative operating cash flow, Negative free cash flow",-5.0,7.0,Weak ROE for a leveraged-balance-sheet business,52.42,27.0,"Low volume participation, Negative net margin, Earnings contraction, Negative operating cash flow, Negative free cash flow",21.31,Avoid,"Above 50 DMA, Above 200 DMA, Strong but overbought RSI, Near 52W high momentum, Positive day move, Strong 1M absolute return, Strong 3M absolute return, Strong 6M absolute return, 1M Nifty outperformance, 3M Nifty outperformance, 6M Nifty outperformance, Positive across 1M/3M/6M, 81.7% of closes stayed inside the range | Range width 166.7% | Currently 100.0% through the range"
BEARDSELL,Industrials,Building Products & Equipment,39.33,1.8,16.86,58.58,133.31,32.85,49.01,41.31,39.39,70929.3,39808.0,0.56,Bearish,17.0,"RSI recovering, Positive day move",7.18,-12.31,-13.17,2.42,3.69,13.36,4.76,-16.0,-26.53,8.0,Positive 1M return,90.48,Accumulation Zone,71.14,38.43,49.7,29.31,7.99,80.0% of closes stayed inside the range | Range width 29.3% | Currently 8.0% through the range,11.58,5.11,6.44,3.36,5.89,-3.22,46.59,1.16,0.86,3.15,33.06,15.3,1.77,8.9517,,1.1137,38.0,0.219,102.38,33.21,Capital Goods / Infra,4.0,2.0,9.0,17.0,12.0,44.0,1.0,,Earnings contraction,0.0,44.0,,49.69,8.0,Below 200 DMA,21.1,Avoid,"RSI recovering, Positive day move, Positive 1M return, 80.0% of closes stayed inside the range | Range width 29.3% | Currently 8.0% through the range"
CCCL,Industrials,Engineering & Construction,1.5,0.0,1.15,2.4,30.43,37.5,62.82,1.5,1.5,0.0,0.0,0.0,Bearish,20.0,Healthy RSI momentum,0.0,0.0,0.0,2.42,3.69,13.36,-2.42,-3.69,-13.36,0.0,,98.41,,,,,,,,2437.47,124.04,39.81,516.59,-6.17,697.51,510.35,0.49,0.36,8.71,140.82,50.54,50.49,,,2.3654,,6.497,659.42,13.32,Capital Goods / Infra,25.0,10.0,0.0,17.0,4.0,56.0,0.86,Strong ROE,"Revenue contraction, Very high debt",0.0,56.0,,49.69,11.0,"Low volume participation, Very high debt",21.05,Avoid,"Healthy RSI momentum, Strong ROE"
DELTACORP,Consumer Cyclical,Resorts & Casinos,118.98,1.24,106.59,250.42,11.63,52.49,46.78,126.54,149.2,2857673.0,2550313.0,0.89,Bearish,22.0,"RSI recovering, Near 52W low zone, Positive day move",2.42,-16.02,-3.98,2.42,3.69,13.36,0.0,-19.71,-17.34,8.0,Positive 1M return,86.49,Accumulation Zone,74.06,118.32,144.7,22.3,2.51,80.0% of closes stayed inside the range | Range width 22.3% | Currently 2.5% through the range,9.7,8.52,30.57,28.79,-12.05,-6.56,2.05,3.55,3.48,126.95,51.51,170.29,-40.59,,,0.7118,84.0,0.581,1591.36,48.91,Consumer Discretionary,18.0,0.0,20.0,9.0,6.0,53.0,0.93,Cash covers debt,"Revenue contraction, Earnings contraction, Negative free cash flow",2.0,55.0,General low-debt support,41.86,12.0,"Below 200 DMA, Negative free cash flow",21.03,Avoid,"RSI recovering, Near 52W low zone, Positive day move, Cash covers debt, Positive 1M return, 80.0% of closes stayed inside the range | Range width 22.3% | Currently 2.5% through the range"
DCMNVL,Consumer Cyclical,Textile Manufacturing,204.55,2.1,129.0,233.5,58.57,12.4,53.48,195.32,176.89,93545.45,47266.0,0.51,Bullish,70.0,"Above 50 DMA, Above 200 DMA, Healthy RSI momentum, Near 52W high momentum, Strong positive day move",4.87,16.82,24.76,2.42,3.69,13.36,2.45,13.13,11.4,53.0,"Positive 1M return, Positive 3M return, Positive 6M return, 3M Nifty outperformance, Positive across 1M/3M/6M",29.05,Profit Booking Zone,84.17,164.49,204.65,24.41,99.75,80.0% of closes stayed inside the range | Range width 24.4% | Currently 99.8% through the range,-1.03,-0.43,1.64,-0.34,23.5,-126.56,117.99,1.2,0.44,0.74,372.32,-46.08,-89.12,12.1519,,1.0959,,0.976,360.2,28.76,Consumer Discretionary,0.0,8.0,4.0,0.0,10.0,22.0,0.93,,"Negative net margin, Earnings contraction, Negative operating cash flow, Negative free cash flow",0.0,22.0,,41.86,24.0,"Negative net margin, Earnings contraction, Negative operating cash flow, Negative free cash flow",20.73,Avoid,"Above 50 DMA, Above 200 DMA, Healthy RSI momentum, Near 52W high momentum, Strong positive day move, Positive 1M return, Positive 3M return, Positive 6M return, 3M Nifty outperformance, Positive across 1M/3M/6M, 80.0% of closes stayed inside the range | Range width 24.4% | Currently 99.8% through the range"
DIAMONDYD,Consumer Defensive,Packaged Foods,890.31,-0.02,658.61,1445.71,35.18,38.42,34.91,1032.66,966.52,32791.65,30462.0,0.93,Bearish,8.0,Weak but watchable RSI,-7.12,-28.17,2.43,2.42,3.69,13.36,-9.54,-31.86,-10.93,10.0,Positive 6M return,71.88,Lower Range Watch,64.96,828.97,1256.34,51.55,14.35,80.0% of closes stayed inside the range | Range width 51.6% | Currently 14.4% through the range,7.29,5.25,4.75,3.3,-1.92,161.54,11.13,1.7,0.94,29.82,81.09,126.7,50.92,241.2448,43.3073,3.937,4.0,0.079,2782.58,28.83,FMCG / Consumer,2.0,10.0,13.0,17.0,7.0,49.0,1.0,,"Revenue contraction, Very high PE",3.0,52.0,"Low debt, typical of a healthy consumer business",39.96,8.0,Below 200 DMA,20.69,Avoid,"Weak but watchable RSI, Positive 6M return, 80.0% of closes stayed inside the range | Range width 51.6% | Currently 14.4% through the range"
BBTCL,Consumer Cyclical,Packaging & Containers,260.48,-0.23,177.04,342.08,47.13,23.86,42.44,269.23,254.94,11070.5,2459.0,0.22,Bearish,23.0,"Above 200 DMA, Weak but watchable RSI",0.27,-2.52,2.21,2.42,3.69,13.36,-2.15,-6.21,-11.15,18.0,"Positive 1M return, Positive 6M return",75.0,Neutral Range,68.88,245.55,276.57,12.63,48.13,80.0% of closes stayed inside the range | Range width 12.6% | Currently 48.1% through the range,14.42,4.55,7.79,4.57,11.54,-4.24,169.88,1.18,0.73,0.16,202.17,59.18,-49.11,6.7893,,3.6587,42.0,0.046,483.22,41.37,Consumer Discretionary,4.0,5.0,2.0,9.0,10.0,30.0,1.0,,"Earnings contraction, Negative free cash flow",0.0,30.0,,41.86,7.0,"Low volume participation, Negative free cash flow",20.03,Avoid,"Above 200 DMA, Weak but watchable RSI, Positive 1M return, Positive 6M return, 80.0% of closes stayed inside the range | Range width 12.6% | Currently 48.1% through the range"
APCOTEXIND,Basic Materials,Specialty Chemicals,440.75,-1.9,377.29,631.08,16.82,30.16,52.78,434.36,476.19,50595.45,22020.0,0.44,Bullish,40.0,"Above 50 DMA, Healthy RSI momentum, Near 52W low zone",9.94,-7.32,-12.05,2.42,3.69,13.36,7.52,-11.01,-25.41,18.0,"Positive 1M return, 1M Nifty outperformance",75.83,Accumulation Zone,74.8,419.79,501.56,19.48,25.64,80.0% of closes stayed inside the range | Range width 19.5% | Currently 25.6% through the range,10.33,5.84,7.4,4.84,4.11,-50.08,36.1,1.57,1.11,15.19,188.35,40.21,12.44,19.6867,22.3304,5.2201,1.31,0.212,3241.61,32.81,Chemicals,4.0,2.0,13.0,17.0,9.0,45.0,1.0,,Earnings contraction,2.0,47.0,General low-debt support,45.97,18.0,"Below 200 DMA, Low volume participation, Earnings contraction",19.85,Avoid,"Above 50 DMA, Healthy RSI momentum, Near 52W low zone, Positive 1M return, 1M Nifty outperformance, 80.0% of closes stayed inside the range | Range width 19.5% | Currently 25.6% through the range"
BANARBEADS,Consumer Cyclical,Footwear & Accessories,91.34,-0.69,68.5,115.73,33.34,21.08,44.62,96.09,90.19,11142.65,7322.0,0.66,Bearish,23.0,"Above 200 DMA, Weak but watchable RSI",3.39,-3.99,3.46,2.42,3.69,13.36,0.97,-7.68,-9.9,18.0,"Positive 1M return, Positive 6M return",75.0,Accumulation Zone,72.18,88.25,100.83,14.26,24.54,80.0% of closes stayed inside the range | Range width 14.3% | Currently 24.5% through the range,5.07,4.6,4.72,10.09,4.98,8.15,6.07,9.26,4.71,0.3,3.29,-3.47,-4.49,40.6796,,1.3222,,0.455,76.22,64.44,Consumer Discretionary,3.0,7.0,17.0,0.0,6.0,33.0,0.93,,"Negative operating cash flow, Negative free cash flow",2.0,35.0,General low-debt support,41.86,9.0,"Negative operating cash flow, Negative free cash flow",19.78,Avoid,"Above 200 DMA, Weak but watchable RSI, Positive 1M return, Positive 6M return, 80.0% of closes stayed inside the range | Range width 14.3% | Currently 24.5% through the range"
BSHSL,Basic Materials,Agricultural Inputs,220.15,-1.08,51.51,665.7,327.39,66.93,46.61,224.91,247.91,58972.4,9704.0,0.16,Bearish,12.0,RSI recovering,4.91,-20.16,-8.97,2.42,3.69,13.36,2.49,-23.85,-22.33,8.0,Positive 1M return,86.67,Accumulation Zone,70.89,216.27,269.65,24.69,7.28,80.0% of closes stayed inside the range | Range width 24.7% | Currently 7.3% through the range,28.38,13.7,10.58,8.65,12.71,32.38,61.34,1.87,0.17,0.18,48.02,11.54,11.41,33.6447,,7.3633,,0.891,963.85,18.73,General,19.0,15.0,8.0,17.0,4.0,63.0,0.93,Strong ROE,,4.0,67.0,"General quality ROE, General low-debt support",45.97,16.0,"Below 200 DMA, Far from 52W high, Low volume participation",19.35,Avoid,"RSI recovering, Strong ROE, Positive 1M return, 80.0% of closes stayed inside the range | Range width 24.7% | Currently 7.3% through the range"
ABFRL,Consumer Cyclical,Apparel Manufacturing,263.5,9.45,184.4,359.5,42.9,26.7,74.19,227.84,223.86,9725029.5,31008521.0,3.19,Bullish,62.0,"Above 50 DMA, Above 200 DMA, Strong but overbought RSI, Strong volume expansion, Strong positive day move",30.35,17.82,16.0,2.42,3.69,13.36,27.93,14.13,2.64,70.0,"Strong 1M absolute return, Positive 3M return, Positive 6M return, 1M Nifty outperformance, 3M Nifty outperformance, Positive across 1M/3M/6M",18.24,Breakout Watch,84.07,211.96,241.94,14.14,100.0,80.0% of closes stayed inside the range | Range width 14.1% | Currently 100.0% through the range | Above upper band on elevated volume,-15.61,-2.8,-9.65,-9.84,-48.35,-1644.5,234.94,1.01,0.49,454.03,9450.29,1341.4,594.37,,-9.1952,1.094,,0.026,6386.86,54.8,Consumer Discretionary,0.0,0.0,2.0,17.0,4.0,23.0,0.86,,"Negative net margin, Revenue contraction, Earnings contraction, Very high debt",0.0,23.0,,41.86,28.0,"Very high debt, Negative net margin, Revenue contraction, Earnings contraction",19.33,Avoid,"Above 50 DMA, Above 200 DMA, Strong but overbought RSI, Strong volume expansion, Strong positive day move, Strong 1M absolute return, Positive 3M return, Positive 6M return, 1M Nifty outperformance, 3M Nifty outperformance, Positive across 1M/3M/6M, 80.0% of closes stayed inside the range | Range width 14.1% | Currently 100.0% through the range | Above upper band on elevated volume"
ANDHRSUGAR,Basic Materials,Chemicals,104.0,0.09,90.41,146.55,15.03,29.03,52.58,103.61,107.88,269788.65,129421.0,0.48,Bullish,45.0,"Above 50 DMA, Healthy RSI momentum, Near 52W low zone, Positive day move",13.37,-3.59,-10.81,2.42,3.69,13.36,10.95,-7.28,-24.17,25.0,"Strong 1M absolute return, 1M Nifty outperformance",65.83,Lower Range Watch,74.82,99.47,110.55,11.14,40.86,80.0% of closes stayed inside the range | Range width 11.1% | Currently 40.9% through the range,4.74,3.62,2.44,3.97,-19.75,-59.61,1.96,4.08,1.96,25.62,30.97,141.69,6.94,13.1043,,0.787,82.0,0.345,1328.52,27.22,Chemicals,0.0,0.0,17.0,17.0,12.0,46.0,1.0,,"Revenue contraction, Earnings contraction",2.0,48.0,General low-debt support,45.97,23.0,"Below 200 DMA, Low volume participation, Revenue contraction, Earnings contraction",18.2,Avoid,"Above 50 DMA, Healthy RSI momentum, Near 52W low zone, Positive day move, Strong 1M absolute return, 1M Nifty outperformance, 80.0% of closes stayed inside the range | Range width 11.1% | Currently 40.9% through the range"
APOLLOPIPE,Industrials,Building Products & Equipment,651.78,0.18,434.67,794.9,49.95,18.01,46.3,681.63,688.41,50035.25,19788.0,0.4,Bearish,17.0,"RSI recovering, Positive day move",4.67,-3.66,-5.86,2.42,3.69,13.36,2.25,-7.35,-19.22,8.0,Positive 1M return,90.48,Accumulation Zone,73.61,645.15,728.03,12.85,7.99,80.0% of closes stayed inside the range | Range width 12.8% | Currently 8.0% through the range,7.43,4.22,6.81,4.34,7.82,78.36,14.29,1.14,0.53,54.44,82.03,124.66,26.13,,46.2271,3.3931,11.0,0.084,2771.31,27.81,Capital Goods / Infra,0.0,12.0,11.0,17.0,4.0,44.0,0.93,,,0.0,44.0,,49.69,11.0,"Below 200 DMA, Low volume participation",18.1,Avoid,"RSI recovering, Positive day move, Positive 1M return, 80.0% of closes stayed inside the range | Range width 12.8% | Currently 8.0% through the range"
CAMPUS,Consumer Cyclical,Footwear & Accessories,234.02,1.28,210.77,632.6,11.03,63.01,51.8,235.46,272.86,874686.3,642046.0,0.73,Bearish,30.0,"Healthy RSI momentum, Near 52W low zone, Positive day move",6.8,-16.8,-18.48,2.42,3.69,13.36,4.38,-20.49,-31.84,8.0,Positive 1M return,86.49,Accumulation Zone,74.12,227.57,281.48,23.69,11.97,80.0% of closes stayed inside the range | Range width 23.7% | Currently 12.0% through the range,13.72,8.16,9.63,6.18,-2.42,-23.63,27.28,2.4,0.97,21.5,177.76,264.47,219.17,44.6035,33.0397,7.6257,66.0,0.116,6912.64,52.29,Consumer Discretionary,11.0,0.0,12.0,17.0,7.0,47.0,1.0,,"Revenue contraction, Earnings contraction",2.0,49.0,General low-debt support,41.86,15.0,"Below 200 DMA, Earnings contraction",17.93,Avoid,"Healthy RSI momentum, Near 52W low zone, Positive day move, Positive 1M return, 80.0% of closes stayed inside the range | Range width 23.7% | Currently 12.0% through the range"
CCL,Consumer Defensive,Packaged Foods,578.77,3.44,459.5,735.3,25.95,21.29,48.72,602.12,622.48,157178.95,155885.0,0.99,Bearish,22.0,"RSI recovering, Strong positive day move",2.04,-6.5,-8.7,2.42,3.69,13.36,-0.38,-10.19,-22.06,8.0,Positive 1M return,85.94,Accumulation Zone,75.05,574.72,647.7,12.7,5.54,80.0% of closes stayed inside the range | Range width 12.7% | Currently 5.5% through the range,14.94,7.07,12.45,9.42,28.12,-11.93,96.86,1.36,0.75,169.09,1621.33,55.38,-457.89,34.5995,23.6669,6.3795,51.0,0.047,14974.89,35.57,FMCG / Consumer,12.0,10.0,6.0,9.0,9.0,46.0,1.0,,"Earnings contraction, Negative free cash flow",0.0,46.0,,39.96,12.0,"Below 200 DMA, Negative free cash flow",17.59,Avoid,"RSI recovering, Strong positive day move, Positive 1M return, 80.0% of closes stayed inside the range | Range width 12.7% | Currently 5.5% through the range"
DUCON,Industrials,Specialty Industrial Machinery,7.75,-1.9,5.05,17.4,53.47,55.46,36.24,9.48,8.4,468905.3,92634.0,0.2,Bearish,8.0,Weak but watchable RSI,-3.73,-35.42,6.16,2.42,3.69,13.36,-6.15,-39.11,-7.2,10.0,Positive 6M return,83.33,Accumulation Zone,67.35,7.45,11.6,55.7,7.23,81.7% of closes stayed inside the range | Range width 55.7% | Currently 7.2% through the range,6.33,2.61,4.77,1.82,5.86,86.08,85.61,1.74,,0.05,103.08,12.17,12.06,9.4091,,0.2777,,-0.2,67.26,4.8,Capital Goods / Infra,0.0,12.0,8.0,17.0,10.0,47.0,0.86,,,0.0,47.0,,49.69,11.0,"Below 200 DMA, Low volume participation",17.4,Avoid,"Weak but watchable RSI, Positive 6M return, 81.7% of closes stayed inside the range | Range width 55.7% | Currently 7.2% through the range"
AKI,Consumer Cyclical,Footwear & Accessories,21.25,2.16,10.6,32.5,100.47,34.62,49.81,23.2,21.56,46610.85,41962.0,0.9,Bearish,22.0,"RSI recovering, Strong positive day move",5.46,-24.78,36.22,2.42,3.69,13.36,3.04,-28.47,22.86,43.0,"Positive 1M return, Strong 6M absolute return, 6M Nifty outperformance",36.49,Accumulation Zone,67.81,19.75,29.97,51.79,14.72,80.0% of closes stayed inside the range | Range width 51.8% | Currently 14.7% through the range,2.29,1.31,1.41,1.97,-1.02,18.31,36.57,1.63,1.0,1.81,21.84,-17.62,-22.58,15.8846,,0.5355,,0.073,42.62,14.88,Consumer Discretionary,0.0,8.0,13.0,0.0,10.0,31.0,0.93,,"Revenue contraction, Negative operating cash flow, Negative free cash flow",2.0,33.0,General low-debt support,41.86,17.0,"Below 200 DMA, Negative operating cash flow, Negative free cash flow",17.08,Avoid,"RSI recovering, Strong positive day move, Positive 1M return, Strong 6M absolute return, 6M Nifty outperformance, 80.0% of closes stayed inside the range | Range width 51.8% | Currently 14.7% through the range"
DEVIT,Technology,Information Technology Services,47.95,0.08,32.16,69.5,49.08,31.02,50.72,49.79,53.75,168852.05,49605.0,0.29,Bearish,25.0,"Healthy RSI momentum, Positive day move",15.64,-17.91,-16.6,2.42,3.69,13.36,13.22,-21.6,-29.96,25.0,"Strong 1M absolute return, 1M Nifty outperformance",78.85,Accumulation Zone,67.67,43.01,63.4,47.43,24.21,80.0% of closes stayed inside the range | Range width 47.4% | Currently 24.2% through the range,16.75,9.73,7.65,5.69,31.56,3.49,26.29,2.1,1.89,3.4,14.58,-0.79,-2.78,1.8814,,1.3019,80.0,-0.372,140.4,8.97,IT / Technology,8.0,12.0,15.0,0.0,12.0,47.0,1.0,,"Negative operating cash flow, Negative free cash flow",0.0,47.0,,52.93,20.0,"Below 200 DMA, Low volume participation, Negative operating cash flow, Negative free cash flow",16.89,Avoid,"Healthy RSI momentum, Positive day move, Strong 1M absolute return, 1M Nifty outperformance, 80.0% of closes stayed inside the range | Range width 47.4% | Currently 24.2% through the range"
CLEAN,Basic Materials,Specialty Chemicals,1288.24,-0.35,1211.3,1951.88,6.35,34.0,41.38,1348.57,1381.61,128827.6,117856.0,0.91,Bearish,16.0,"Weak but watchable RSI, Near 52W low with stable RSI",-0.05,-11.67,-5.48,2.42,3.69,13.36,-2.47,-15.36,-18.84,0.0,,96.67,Accumulation Zone,74.07,1295.03,1506.87,16.36,0.0,80.0% of closes stayed inside the range | Range width 16.4% | Currently 0.0% through the range,20.28,17.45,36.74,31.29,-15.84,-17.33,0.17,4.1,3.33,10.45,2.03,236.44,4.81,37.8827,25.8616,5.616,72.0,0.252,8890.0,61.48,Chemicals,23.0,0.0,20.0,17.0,9.0,69.0,1.0,"Strong ROE, Cash covers debt","Revenue contraction, Earnings contraction",4.0,73.0,"General quality ROE, General low-debt support",45.97,20.0,"Below 200 DMA, Revenue contraction, Earnings contraction",16.45,Avoid,"Weak but watchable RSI, Near 52W low with stable RSI, Strong ROE, Cash covers debt, 80.0% of closes stayed inside the range | Range width 16.4% | Currently 0.0% through the range"
AURUS,Consumer Cyclical,Luxury Goods,6.75,-6.25,3.25,8.8,107.69,23.3,54.67,6.69,5.9,149607.55,446390.0,2.98,Bullish,65.0,"Above 50 DMA, Above 200 DMA, Healthy RSI momentum, Strong volume expansion",9.76,-0.74,21.62,2.42,3.69,13.36,7.34,-4.43,8.26,28.0,"Positive 1M return, Positive 6M return, 1M Nifty outperformance",55.41,Neutral Range,81.76,5.25,7.31,39.14,72.99,84.2% of closes stayed inside the range | Range width 39.1% | Currently 73.0% through the range,-103.17,-43.32,-0.68,-344.86,-28.11,25.82,19.35,1.67,1.65,0.45,6.14,-0.16,-0.16,7.6393,,0.7407,,0.416,13.74,13.69,Consumer Discretionary,0.0,10.0,16.0,0.0,10.0,36.0,0.93,,"Negative net margin, Revenue contraction, Negative operating cash flow, Negative free cash flow",2.0,38.0,General low-debt support,41.86,27.0,"Sharp daily fall, Negative net margin, Revenue contraction, Negative operating cash flow, Negative free cash flow",15.83,Avoid,"Above 50 DMA, Above 200 DMA, Healthy RSI momentum, Strong volume expansion, Positive 1M return, Positive 6M return, 1M Nifty outperformance, 84.2% of closes stayed inside the range | Range width 39.1% | Currently 73.0% through the range"
DALMIASUG,Consumer Defensive,Confectioners,369.76,1.84,293.06,466.73,26.17,20.78,57.64,365.25,384.19,68788.7,55260.0,0.8,Bullish,40.0,"Above 50 DMA, Healthy RSI momentum, Positive day move",7.39,-1.52,-14.8,2.42,3.69,13.36,4.97,-5.21,-28.16,8.0,Positive 1M return,85.94,Accumulation Zone,74.06,348.02,431.99,24.13,25.89,80.0% of closes stayed inside the range | Range width 24.1% | Currently 25.9% through the range,9.29,5.28,11.57,9.4,-10.68,8.96,48.78,1.55,0.45,470.64,1430.17,-239.31,-624.31,19.0418,10.2564,1.204,1.26,-0.007,3868.49,26.41,General,10.0,5.0,11.0,0.0,14.0,40.0,1.0,,"Revenue contraction, Negative operating cash flow, Negative free cash flow",2.0,42.0,General low-debt support,39.96,17.0,"Below 200 DMA, Negative operating cash flow, Negative free cash flow",15.69,Avoid,"Above 50 DMA, Healthy RSI momentum, Positive day move, Positive 1M return, 80.0% of closes stayed inside the range | Range width 24.1% | Currently 25.9% through the range"
DELTAMAGNT,Consumer Cyclical,Textile Manufacturing,100.6,-0.98,63.2,132.75,59.18,24.22,52.29,97.85,91.9,26552.2,9679.0,0.36,Bullish,50.0,"Above 50 DMA, Above 200 DMA, Healthy RSI momentum",1.36,2.03,16.57,2.42,3.69,13.36,-1.06,-1.66,3.21,38.0,"Positive 1M return, Positive 3M return, Positive 6M return, Positive across 1M/3M/6M",40.54,Profit Booking Zone,78.87,82.18,102.14,24.28,92.28,80.0% of closes stayed inside the range | Range width 24.3% | Currently 92.3% through the range,-38.67,-10.92,-8.32,-15.42,-15.28,37.94,148.38,0.75,0.48,0.38,39.86,1.61,-0.3,91.3492,,27.0188,,0.382,62.45,54.27,Consumer Discretionary,0.0,10.0,2.0,9.0,0.0,21.0,0.93,,"Negative net margin, Revenue contraction, Negative free cash flow, Very high PE",0.0,21.0,,41.86,20.0,"Low volume participation, Negative net margin, Revenue contraction, Negative free cash flow",15.63,Avoid,"Above 50 DMA, Above 200 DMA, Healthy RSI momentum, Positive 1M return, Positive 3M return, Positive 6M return, Positive across 1M/3M/6M, 80.0% of closes stayed inside the range | Range width 24.3% | Currently 92.3% through the range"
DIVGIITTS,Consumer Cyclical,Auto Parts,819.97,-1.33,553.62,1141.19,48.11,28.15,53.6,804.91,929.42,38424.1,25544.0,0.66,Bullish,35.0,"Above 50 DMA, Healthy RSI momentum",5.73,-16.8,-26.4,2.42,3.69,13.36,3.31,-20.49,-39.76,8.0,Positive 1M return,86.49,Accumulation Zone,73.14,781.79,1058.47,35.39,13.8,80.0% of closes stayed inside the range | Range width 35.4% | Currently 13.8% through the range,6.85,6.2,13.86,15.87,-6.26,-22.33,0.27,6.94,6.28,31.57,1.56,32.46,-45.27,56.8254,35.3961,5.6579,28.0,0.406,3593.95,61.4,Automobile,10.0,0.0,20.0,9.0,9.0,48.0,1.0,Cash covers debt,"Revenue contraction, Earnings contraction, Negative free cash flow",2.0,50.0,General low-debt support,41.86,19.0,"Below 200 DMA, Earnings contraction, Negative free cash flow",15.53,Avoid,"Above 50 DMA, Healthy RSI momentum, Cash covers debt, Positive 1M return, 80.0% of closes stayed inside the range | Range width 35.4% | Currently 13.8% through the range"
AARON,Industrials,Specialty Industrial Machinery,126.3,0.51,73.49,161.6,71.85,21.84,44.54,129.19,130.22,13505.3,12896.0,0.95,Bearish,13.0,"Weak but watchable RSI, Positive day move",-0.6,-7.82,-9.52,2.42,3.69,13.36,-3.02,-11.51,-22.88,0.0,,98.41,Accumulation Zone,73.66,126.04,142.87,13.35,1.54,80.0% of closes stayed inside the range | Range width 13.4% | Currently 1.5% through the range,17.66,8.48,15.54,10.02,13.22,17.14,88.06,1.47,0.43,0.09,31.56,5.6,-27.74,41.6481,,5.8144,37.0,0.149,282.65,35.54,Capital Goods / Infra,14.0,13.0,6.0,9.0,6.0,48.0,1.0,,Negative free cash flow,0.0,48.0,,49.69,12.0,"Below 200 DMA, Negative free cash flow",15.5,Avoid,"Weak but watchable RSI, Positive day move, 80.0% of closes stayed inside the range | Range width 13.4% | Currently 1.5% through the range"
AHLADA,Industrials,Building Products & Equipment,108.0,1.99,75.93,157.51,42.23,31.43,49.83,111.91,111.81,113406.05,25266.0,0.22,Bearish,17.0,"RSI recovering, Positive day move",11.93,-19.41,-0.57,2.42,3.69,13.36,9.51,-23.1,-13.93,25.0,"Strong 1M absolute return, 1M Nifty outperformance",73.81,Accumulation Zone,70.64,105.01,138.3,31.69,8.97,80.0% of closes stayed inside the range | Range width 31.7% | Currently 9.0% through the range,9.93,5.96,9.6,5.26,59.19,167.93,31.22,1.75,1.56,0.2,42.92,-0.2,-3.93,271.8571,,0.3588,4.16,0.799,49.18,43.64,Capital Goods / Infra,4.0,20.0,14.0,0.0,6.0,44.0,1.0,,"Negative operating cash flow, Negative free cash flow, Very high PE",5.0,49.0,Strong order-book-driven revenue growth,49.69,20.0,"Below 200 DMA, Low volume participation, Negative operating cash flow, Negative free cash flow",15.1,Avoid,"RSI recovering, Positive day move, Strong 1M absolute return, 1M Nifty outperformance, 80.0% of closes stayed inside the range | Range width 31.7% | Currently 9.0% through the range"
ARCHIES,Consumer Cyclical,Specialty Retail,30.75,2.16,16.05,42.5,91.59,27.65,42.48,33.56,28.76,33867.3,17360.0,0.51,Bearish,33.0,"Above 200 DMA, Weak but watchable RSI, Strong positive day move",3.89,-5.09,18.96,2.42,3.69,13.36,1.47,-8.78,5.6,18.0,"Positive 1M return, Positive 6M return",75.0,Neutral Range,66.4,24.49,35.85,46.41,55.08,80.0% of closes stayed inside the range | Range width 46.4% | Currently 55.1% through the range,-8.27,-4.79,-9.14,-10.35,-4.64,-441.1,56.67,1.64,0.23,0.14,56.25,3.99,3.47,,,0.3628,,0.843,45.27,64.54,Consumer Discretionary,0.0,0.0,8.0,17.0,4.0,29.0,0.86,,"Negative net margin, Revenue contraction, Earnings contraction",2.0,31.0,General low-debt support,41.86,15.0,"Negative net margin, Earnings contraction",14.88,Avoid,"Above 200 DMA, Weak but watchable RSI, Strong positive day move, Positive 1M return, Positive 6M return, 80.0% of closes stayed inside the range | Range width 46.4% | Currently 55.1% through the range"
APEX,Consumer Defensive,Farm Products,214.21,2.57,179.03,350.09,19.65,38.81,57.15,211.69,218.32,115759.5,194217.0,1.68,Bullish,60.0,"Above 50 DMA, Healthy RSI momentum, Near 52W low zone, Volume expansion, Strong positive day move",9.78,-17.54,-2.38,2.42,3.69,13.36,7.36,-21.23,-15.74,18.0,"Positive 1M return, 1M Nifty outperformance",62.5,Accumulation Zone,77.87,200.33,251.28,25.44,27.24,80.0% of closes stayed inside the range | Range width 25.4% | Currently 27.2% through the range,2.94,2.31,4.21,1.92,-24.96,-59.3,21.51,3.01,1.37,2.95,106.89,11.16,-1.03,23.1763,22.1657,2.2581,52.0,-0.097,1191.41,35.23,General,0.0,0.0,14.0,9.0,13.0,36.0,1.0,,"Revenue contraction, Earnings contraction, Negative free cash flow",2.0,38.0,General low-debt support,39.96,24.0,"Below 200 DMA, Revenue contraction, Earnings contraction, Negative free cash flow",14.79,Avoid,"Above 50 DMA, Healthy RSI momentum, Near 52W low zone, Volume expansion, Strong positive day move, Positive 1M return, 1M Nifty outperformance, 80.0% of closes stayed inside the range | Range width 25.4% | Currently 27.2% through the range"
CENTURYPLY,Basic Materials,Lumber & Wood Production,638.04,0.07,434.24,847.37,46.93,24.7,42.89,676.36,681.48,226369.1,52950.0,0.23,Bearish,13.0,"Weak but watchable RSI, Positive day move",1.53,-18.53,0.31,2.42,3.69,13.36,-0.89,-22.22,-13.05,18.0,"Positive 1M return, Positive 6M return",75.83,Accumulation Zone,71.6,631.69,786.99,24.58,4.09,80.0% of closes stayed inside the range | Range width 24.6% | Currently 4.1% through the range,14.76,9.18,11.33,8.45,6.35,-13.25,34.85,1.17,0.58,40.7,770.88,251.68,-598.37,57.63,29.175,6.4246,13.0,0.211,16747.4,48.18,General,14.0,2.0,9.0,9.0,7.0,41.0,1.0,,"Earnings contraction, Negative free cash flow",2.0,43.0,General low-debt support,45.97,15.0,"Below 200 DMA, Low volume participation, Negative free cash flow",14.7,Avoid,"Weak but watchable RSI, Positive day move, Positive 1M return, Positive 6M return, 80.0% of closes stayed inside the range | Range width 24.6% | Currently 4.1% through the range"
BAIDFIN,Financial Services,Credit Services,21.45,2.84,18.24,47.94,17.57,55.26,48.45,23.39,27.91,152590.75,112599.0,0.74,Bearish,27.0,"RSI recovering, Near 52W low zone, Strong positive day move",5.58,-22.6,-5.64,2.42,3.69,13.36,3.16,-26.29,-19.0,8.0,Positive 1M return,96.25,Accumulation Zone,72.28,20.7,27.48,32.72,10.99,80.0% of closes stayed inside the range | Range width 32.7% | Currently 11.0% through the range,7.75,3.03,24.21,20.42,18.7,24.52,145.02,33.71,33.68,32.57,241.86,-21.77,-25.06,8.9358,,0.648,1.02,0.168,157.88,70.82,Financial Services,11.0,16.0,10.0,0.0,11.0,48.0,1.0,,"Negative operating cash flow, Negative free cash flow",-5.0,43.0,Weak ROE for a leveraged-balance-sheet business,52.42,17.0,"Below 200 DMA, Negative operating cash flow, Negative free cash flow",14.66,Avoid,"RSI recovering, Near 52W low zone, Strong positive day move, Positive 1M return, 80.0% of closes stayed inside the range | Range width 32.7% | Currently 11.0% through the range"
COMSYN,Consumer Cyclical,Packaging & Containers,71.02,-1.45,61.84,111.51,14.84,36.31,50.09,75.6,,21002.05,7157.0,0.34,Bearish,25.0,"Healthy RSI momentum, Near 52W low zone",4.48,,,2.42,3.69,13.36,2.06,,,8.0,Positive 1M return,86.49,,,,,,,,6.1,2.88,4.98,2.72,-0.53,-2.83,84.32,1.27,0.54,0.46,108.54,6.1,-6.38,39.7743,,6.3374,14.0,0.079,1137.57,48.2,Consumer Discretionary,0.0,0.0,6.0,9.0,4.0,19.0,1.0,,"Revenue contraction, Earnings contraction, Negative free cash flow",0.0,19.0,,41.86,7.0,"Low volume participation, Negative free cash flow",14.18,Avoid,"Healthy RSI momentum, Near 52W low zone, Positive 1M return"
ASTEC,Basic Materials,Agricultural Inputs,1264.8,0.2,825.05,2286.2,53.3,44.68,65.82,1044.17,1189.22,72910.45,24860.0,0.34,Bullish,55.0,"Above 50 DMA, Above 200 DMA, Healthy RSI momentum, Positive day move",13.82,24.73,-4.17,2.42,3.69,13.36,11.4,21.04,-17.53,60.0,"Strong 1M absolute return, Strong 3M absolute return, 1M Nifty outperformance, 3M Nifty outperformance",23.33,Profit Booking Zone,78.64,897.65,1261.06,40.48,100.0,80.0% of closes stayed inside the range | Range width 40.5% | Currently 100.0% through the range,-12.71,-4.81,-9.09,-10.25,-27.14,-283.57,133.74,1.0,0.51,0.47,493.89,10.22,-125.28,,52.8591,3.3169,,0.196,1295.6,34.86,General,0.0,0.0,4.0,9.0,2.0,15.0,0.86,,"Negative net margin, Revenue contraction, Earnings contraction, Negative free cash flow",0.0,15.0,,45.97,27.0,"Low volume participation, Negative net margin, Revenue contraction, Earnings contraction, Negative free cash flow",13.9,Avoid,"Above 50 DMA, Above 200 DMA, Healthy RSI momentum, Positive day move, Strong 1M absolute return, Strong 3M absolute return, 1M Nifty outperformance, 3M Nifty outperformance, 80.0% of closes stayed inside the range | Range width 40.5% | Currently 100.0% through the range"
ATLASCYCLE,Consumer Cyclical,Leisure,28.85,0.0,28.85,28.85,0.0,0.0,100.0,28.85,28.85,0.0,0.0,0.0,Bearish,25.0,"Strong but overbought RSI, Near 52W high momentum, Near 52W low with stable RSI",0.0,0.0,0.0,2.42,3.69,13.36,-2.42,-3.69,-13.36,0.0,,95.95,,,,,,,,0.14,0.11,-500.55,8.63,259.56,102.31,2.38,0.28,0.24,0.27,9.0,-51.2,-51.21,,,0.1647,,0.502,62.51,5.92,Consumer Discretionary,3.0,20.0,9.0,0.0,4.0,36.0,0.86,,"Negative operating cash flow, Negative free cash flow",2.0,38.0,General low-debt support,41.86,12.0,"Low volume participation, Negative operating cash flow, Negative free cash flow",13.83,Avoid,"Strong but overbought RSI, Near 52W high momentum, Near 52W low with stable RSI"
ANDHRAPAP,Basic Materials,Paper & Paper Products,96.76,1.68,69.27,129.86,39.69,25.49,48.59,98.83,101.63,428362.0,275245.0,0.64,Bearish,17.0,"RSI recovering, Positive day move",1.33,-18.9,-17.92,2.42,3.69,13.36,-1.09,-22.59,-31.28,8.0,Positive 1M return,86.67,Accumulation Zone,72.72,95.8,117.15,22.29,4.49,80.0% of closes stayed inside the range | Range width 22.3% | Currently 4.5% through the range,17.95,13.86,20.87,19.05,-14.39,-34.97,5.78,3.04,2.48,11.05,109.34,318.74,-12.31,43.3121,,0.6262,82.0,0.084,1214.38,32.81,General,20.0,0.0,17.0,9.0,8.0,54.0,1.0,,"Revenue contraction, Earnings contraction, Negative free cash flow",2.0,56.0,General low-debt support,45.97,19.0,"Below 200 DMA, Earnings contraction, Negative free cash flow",13.75,Avoid,"RSI recovering, Positive day move, Positive 1M return, 80.0% of closes stayed inside the range | Range width 22.3% | Currently 4.5% through the range"
ARMANFIN,Financial Services,Credit Services,2039.05,1.7,1190.0,2680.0,71.35,23.92,52.83,2059.88,2241.11,29504.25,14560.0,0.49,Bearish,25.0,"Healthy RSI momentum, Positive day move",8.89,-15.65,-11.93,2.42,3.69,13.36,6.47,-19.34,-25.29,18.0,"Positive 1M return, 1M Nifty outperformance",83.75,Accumulation Zone,70.35,1904.88,2498.63,31.17,22.6,80.0% of closes stayed inside the range | Range width 31.2% | Currently 22.6% through the range,21.36,6.59,31.32,28.16,58.64,85.02,212.25,1.85,,118.59,1724.93,-302.4,-304.78,18.4659,,2.2885,,0.205,2138.91,100.0,Financial Services,20.0,20.0,4.0,0.0,10.0,54.0,0.86,Strong ROE,"Very high debt, Negative operating cash flow, Negative free cash flow",12.0,66.0,"High leverage is structural for this sector, Strong ROE for a leveraged-balance-sheet business",52.42,28.0,"Below 200 DMA, Low volume participation, Very high debt, Negative operating cash flow, Negative free cash flow",13.71,Avoid,"Healthy RSI momentum, Positive day move, Strong ROE, Positive 1M return, 1M Nifty outperformance, 80.0% of closes stayed inside the range | Range width 31.2% | Currently 22.6% through the range"
BANG,Consumer Cyclical,Apparel Manufacturing,50.9,4.95,33.35,75.8,52.62,32.85,54.54,50.96,50.44,6814.3,7665.0,1.12,Bearish,50.0,"Above 200 DMA, Healthy RSI momentum, Normal volume support, Strong positive day move",15.03,-20.16,3.04,2.42,3.69,13.36,12.61,-23.85,-10.32,35.0,"Strong 1M absolute return, Positive 6M return, 1M Nifty outperformance",46.62,Lower Range Watch,74.42,45.64,62.5,36.94,31.2,80.8% of closes stayed inside the range | Range width 36.9% | Currently 31.2% through the range,-9.38,-5.27,-7.11,-6.37,14.12,-827.65,33.89,2.14,0.92,0.23,30.27,-13.09,-15.84,10.2507,,0.5037,,,47.12,10.83,Consumer Discretionary,0.0,5.0,12.0,0.0,10.0,27.0,0.93,,"Negative net margin, Earnings contraction, Negative operating cash flow, Negative free cash flow",2.0,29.0,General low-debt support,41.86,24.0,"Negative net margin, Earnings contraction, Negative operating cash flow, Negative free cash flow",13.68,Avoid,"Above 200 DMA, Healthy RSI momentum, Normal volume support, Strong positive day move, Strong 1M absolute return, Positive 6M return, 1M Nifty outperformance, 80.8% of closes stayed inside the range | Range width 36.9% | Currently 31.2% through the range"
BAJAJELEC,Consumer Cyclical,"Furnishings, Fixtures & Appliances",929.38,-0.67,875.52,1224.89,6.15,24.13,45.06,963.63,1032.18,109915.7,304026.0,2.77,Bearish,35.0,"RSI recovering, Near 52W low with stable RSI, Strong volume expansion",-0.51,-8.68,-12.79,2.42,3.69,13.36,-2.93,-12.37,-26.15,0.0,,95.95,Accumulation Zone,79.04,933.91,1026.05,9.87,0.0,80.0% of closes stayed inside the range | Range width 9.9% | Currently 0.0% through the range,9.09,3.42,3.47,2.84,-5.04,-39.37,14.91,1.21,0.86,114.02,214.9,353.79,222.62,,20.8845,2.4085,87.0,-0.14,3839.69,31.01,Consumer Discretionary,2.0,0.0,11.0,17.0,6.0,36.0,0.93,,"Revenue contraction, Earnings contraction",2.0,38.0,General low-debt support,41.86,15.0,"Below 200 DMA, Earnings contraction",13.33,Avoid,"RSI recovering, Near 52W low with stable RSI, Strong volume expansion, 80.0% of closes stayed inside the range | Range width 9.9% | Currently 0.0% through the range"
AKSHAR,Consumer Cyclical,Textile Manufacturing,2.35,-2.08,2.15,10.57,9.3,77.76,30.58,3.04,4.84,1488806.95,386853.0,0.26,Bearish,16.0,"Weak but watchable RSI, Near 52W low with stable RSI",-12.96,-40.63,-58.46,2.42,3.69,13.36,-15.38,-44.32,-71.82,0.0,,95.95,Lower Range Watch,63.47,2.55,5.91,131.66,0.0,81.7% of closes stayed inside the range | Range width 131.7% | Currently 0.0% through the range,7.87,4.68,3.67,1.97,28.12,224.99,43.25,1.58,0.4,0.01,18.98,4.77,0.16,,,0.4046,,1.118,33.07,14.82,Consumer Discretionary,0.0,20.0,11.0,17.0,4.0,52.0,0.86,,,2.0,54.0,General low-debt support,41.86,16.0,"Below 200 DMA, Far from 52W high, Low volume participation",13.18,Avoid,"Weak but watchable RSI, Near 52W low with stable RSI, 81.7% of closes stayed inside the range | Range width 131.7% | Currently 0.0% through the range"
BATAINDIA,Consumer Cyclical,Footwear & Accessories,1261.92,0.7,1219.88,1838.19,3.45,31.35,44.38,1302.17,1465.81,511327.2,455490.0,0.89,Bearish,21.0,"Weak but watchable RSI, Near 52W low with stable RSI, Positive day move",-1.67,-12.39,-17.26,2.42,3.69,13.36,-4.09,-16.08,-30.62,0.0,,95.95,Accumulation Zone,74.62,1278.18,1530.53,19.74,0.0,80.0% of closes stayed inside the range | Range width 19.7% | Currently 0.0% through the range,17.19,7.84,13.24,7.55,0.77,-18.73,88.89,2.11,0.84,50.1,1357.29,453.11,352.21,59.8682,32.3414,5.4879,4.99,0.379,8756.58,55.1,Consumer Discretionary,12.0,0.0,9.0,17.0,9.0,47.0,1.0,,Earnings contraction,0.0,47.0,,41.86,15.0,"Below 200 DMA, Earnings contraction",12.98,Avoid,"Weak but watchable RSI, Near 52W low with stable RSI, Positive day move, 80.0% of closes stayed inside the range | Range width 19.7% | Currently 0.0% through the range"
BANKA,Industrials,Pollution & Treatment Controls,104.5,-1.55,66.05,166.8,58.21,37.35,43.12,114.78,90.12,17848.8,3348.0,0.19,Bearish,23.0,"Above 200 DMA, Weak but watchable RSI",-3.82,-18.23,45.54,2.42,3.69,13.36,-6.24,-21.92,32.18,35.0,"Strong 6M absolute return, 6M Nifty outperformance",58.73,Neutral Range,58.02,69.95,137.83,97.03,50.9,81.7% of closes stayed inside the range | Range width 97.0% | Currently 50.9% through the range,-1.64,-0.84,3.47,-1.31,18.06,-125.7,65.24,1.95,1.62,0.31,25.91,2.76,-7.21,247.5,,2.2151,,1.111,86.12,30.27,Capital Goods / Infra,0.0,8.0,11.0,9.0,4.0,32.0,0.93,,"Negative net margin, Earnings contraction, Negative free cash flow, Very high PE",5.0,37.0,Strong order-book-driven revenue growth,49.69,22.0,"Low volume participation, Negative net margin, Earnings contraction, Negative free cash flow",12.9,Avoid,"Above 200 DMA, Weak but watchable RSI, Strong 6M absolute return, 6M Nifty outperformance, 81.7% of closes stayed inside the range | Range width 97.0% | Currently 50.9% through the range"
BODALCHEM,Unknown,Unknown,80.05,1.65,54.88,103.89,45.86,22.95,48.69,81.7,79.07,1218361.2,1680154.0,1.38,Bearish,42.0,"Above 200 DMA, RSI recovering, Volume expansion, Positive day move",4.5,-2.67,-1.6,2.42,3.69,13.36,2.08,-6.36,-14.96,8.0,Positive 1M return,100.0,Neutral Range,72.71,74.14,85.26,15.0,53.15,80.0% of closes stayed inside the range | Range width 15.0% | Currently 53.1% through the range,0.6,0.28,3.7,0.47,-11.75,-82.99,83.51,1.17,0.79,23.91,903.8,204.25,-40.72,,,,,,,,General,0.0,0.0,6.0,9.0,0.0,15.0,0.79,,"Revenue contraction, Earnings contraction, Negative free cash flow",0.0,15.0,,40.16,11.0,"Earnings contraction, Negative free cash flow",12.77,Avoid,"Above 200 DMA, RSI recovering, Volume expansion, Positive day move, Positive 1M return, 80.0% of closes stayed inside the range | Range width 15.0% | Currently 53.1% through the range"
BSL,Consumer Cyclical,Textile Manufacturing,187.19,2.88,109.14,236.55,71.51,20.87,58.43,180.96,182.1,22794.0,12326.0,0.54,Bullish,60.0,"Above 50 DMA, Above 200 DMA, Healthy RSI momentum, Strong positive day move",14.37,-8.91,-0.76,2.42,3.69,13.36,11.95,-12.6,-14.12,25.0,"Strong 1M absolute return, 1M Nifty outperformance",62.84,Lower Range Watch,76.06,171.08,208.89,22.1,42.62,80.0% of closes stayed inside the range | Range width 22.1% | Currently 42.6% through the range,9.97,1.82,7.15,1.71,39.82,-33.57,388.01,1.11,0.5,0.08,437.22,-39.47,-62.01,34.8527,118.2981,1.056,66.0,0.555,126.62,42.57,Consumer Discretionary,2.0,10.0,2.0,0.0,10.0,24.0,1.0,,"Earnings contraction, Very high debt, Negative operating cash flow, Negative free cash flow",0.0,24.0,,41.86,24.0,"Very high debt, Earnings contraction, Negative operating cash flow, Negative free cash flow",11.93,Avoid,"Above 50 DMA, Above 200 DMA, Healthy RSI momentum, Strong positive day move, Strong 1M absolute return, 1M Nifty outperformance, 80.0% of closes stayed inside the range | Range width 22.1% | Currently 42.6% through the range"
CCHHL,Consumer Cyclical,Lodging,15.05,0.67,5.5,18.85,173.64,20.16,55.36,14.79,11.58,94726.3,94813.0,1.0,Bullish,60.0,"Above 50 DMA, Above 200 DMA, Healthy RSI momentum, Normal volume support, Positive day move",24.38,-1.95,61.83,2.42,3.69,13.36,21.96,-5.64,48.47,60.0,"Strong 1M absolute return, Strong 6M absolute return, 1M Nifty outperformance, 6M Nifty outperformance",21.62,Profit Booking Zone,70.95,9.43,16.65,76.52,77.77,80.0% of closes stayed inside the range | Range width 76.5% | Currently 77.8% through the range,-1.56,-0.79,-22.43,-9.28,-18.39,-138.44,23.86,0.49,0.31,1.38,74.37,-5.14,-5.14,,,0.7066,,0.333,210.71,75.21,Consumer Discretionary,0.0,0.0,7.0,0.0,4.0,11.0,0.86,,"Negative net margin, Revenue contraction, Earnings contraction, Negative operating cash flow, Negative free cash flow",2.0,13.0,General low-debt support,41.86,29.0,"Negative net margin, Revenue contraction, Earnings contraction, Negative operating cash flow, Negative free cash flow",11.83,Avoid,"Above 50 DMA, Above 200 DMA, Healthy RSI momentum, Normal volume support, Positive day move, Strong 1M absolute return, Strong 6M absolute return, 1M Nifty outperformance, 6M Nifty outperformance, 80.0% of closes stayed inside the range | Range width 76.5% | Currently 77.8% through the range"
DEEPAKFERT,Basic Materials,Chemicals,542.1,0.14,440.25,1020.79,23.13,46.89,57.74,505.02,578.69,770478.6,345943.0,0.45,Bullish,45.0,"Above 50 DMA, Healthy RSI momentum, Near 52W low zone, Positive day move",14.55,-15.22,-18.63,2.42,3.69,13.36,12.13,-18.91,-31.99,25.0,"Strong 1M absolute return, 1M Nifty outperformance",65.83,Lower Range Watch,72.18,483.59,657.15,35.89,33.71,80.0% of closes stayed inside the range | Range width 35.9% | Currently 33.7% through the range,8.17,3.72,13.73,6.38,-18.41,-62.58,74.86,1.36,0.97,224.85,4148.85,731.79,-153.0,18.6557,11.5057,2.6495,69.0,0.069,18149.85,32.62,Chemicals,8.0,0.0,6.0,9.0,15.0,38.0,1.0,,"Revenue contraction, Earnings contraction, Negative free cash flow",2.0,40.0,General low-debt support,45.97,27.0,"Below 200 DMA, Low volume participation, Revenue contraction, Earnings contraction, Negative free cash flow",11.4,Avoid,"Above 50 DMA, Healthy RSI momentum, Near 52W low zone, Positive day move, Strong 1M absolute return, 1M Nifty outperformance, 80.0% of closes stayed inside the range | Range width 35.9% | Currently 33.7% through the range"
CINEVISTA,Communication Services,Entertainment,20.35,-1.21,9.9,25.25,105.56,19.41,49.29,20.36,17.34,163905.1,26959.0,0.16,Bearish,27.0,"Above 200 DMA, RSI recovering",12.74,13.06,19.01,2.42,3.69,13.36,10.32,9.37,5.65,55.0,"Strong 1M absolute return, Positive 3M return, Positive 6M return, 1M Nifty outperformance, Positive across 1M/3M/6M",14.29,Profit Booking Zone,72.33,17.15,21.41,24.87,75.03,80.8% of closes stayed inside the range | Range width 24.9% | Currently 75.0% through the range,-9.13,-4.21,-903.06,-1702.57,-44.94,73.2,29.39,0.28,0.05,1.71,24.14,-9.86,-10.85,13.5943,,1.4618,,0.355,82.77,49.03,Telecom,0.0,10.0,7.0,0.0,10.0,27.0,0.93,,"Negative net margin, Revenue contraction, Negative operating cash flow, Negative free cash flow",2.0,29.0,General low-debt support,33.96,25.0,"Low volume participation, Negative net margin, Revenue contraction, Negative operating cash flow, Negative free cash flow",10.74,Avoid,"Above 200 DMA, RSI recovering, Strong 1M absolute return, Positive 3M return, Positive 6M return, 1M Nifty outperformance, Positive across 1M/3M/6M, 80.8% of closes stayed inside the range | Range width 24.9% | Currently 75.0% through the range"
ADL,Consumer Cyclical,"Furnishings, Fixtures & Appliances",85.6,3.19,54.35,105.1,57.5,18.55,48.97,86.85,84.15,12716.0,10109.0,0.79,Bearish,37.0,"Above 200 DMA, RSI recovering, Strong positive day move",0.77,-3.98,1.48,2.42,3.69,13.36,-1.65,-7.67,-11.88,18.0,"Positive 1M return, Positive 6M return",75.0,Accumulation Zone,75.83,83.52,92.45,10.7,23.32,80.0% of closes stayed inside the range | Range width 10.7% | Currently 23.3% through the range,0.06,0.04,5.28,0.06,-6.61,-96.08,43.35,1.97,0.83,0.32,22.0,-0.62,-2.45,,,0.7266,,0.389,41.75,30.77,Consumer Discretionary,0.0,0.0,11.0,0.0,4.0,15.0,0.86,,"Revenue contraction, Earnings contraction, Negative operating cash flow, Negative free cash flow",2.0,17.0,General low-debt support,41.86,16.0,"Earnings contraction, Negative operating cash flow, Negative free cash flow",9.98,Avoid,"Above 200 DMA, RSI recovering, Strong positive day move, Positive 1M return, Positive 6M return, 80.0% of closes stayed inside the range | Range width 10.7% | Currently 23.3% through the range"
ATULAUTO,Consumer Cyclical,Auto Manufacturers,496.25,0.23,180.95,693.0,174.25,28.39,46.71,521.42,530.19,118752.5,164284.0,1.38,Bearish,27.0,"RSI recovering, Volume expansion, Positive day move",2.97,-15.62,-18.26,2.42,3.69,13.36,0.55,-19.31,-31.62,8.0,Positive 1M return,86.49,Accumulation Zone,74.82,494.28,618.7,25.17,1.58,80.0% of closes stayed inside the range | Range width 25.2% | Currently 1.6% through the range,2.14,1.37,7.7,1.72,3.32,124.5,26.13,1.67,1.19,19.8,109.69,-0.79,-9.43,28.3823,,5.8605,1.25,0.623,1341.36,26.93,Automobile,0.0,12.0,13.0,0.0,7.0,32.0,1.0,,"Negative operating cash flow, Negative free cash flow",2.0,34.0,General low-debt support,41.86,17.0,"Below 200 DMA, Negative operating cash flow, Negative free cash flow",9.93,Avoid,"RSI recovering, Volume expansion, Positive day move, Positive 1M return, 80.0% of closes stayed inside the range | Range width 25.2% | Currently 1.6% through the range"
ALOKINDS,Consumer Cyclical,Textile Manufacturing,27.4,0.0,10.1,39.05,171.29,29.83,46.66,28.33,22.63,3775798.3,5040344.0,1.33,Bearish,37.0,"Above 200 DMA, RSI recovering, Volume expansion",3.01,-17.22,37.34,2.42,3.69,13.36,0.59,-20.91,23.98,43.0,"Positive 1M return, Strong 6M absolute return, 6M Nifty outperformance",36.49,Neutral Range,66.5,19.3,32.07,66.17,63.43,80.8% of closes stayed inside the range | Range width 66.2% | Currently 63.4% through the range,4.28,-11.43,-4.98,-15.62,-21.44,3.82,-113.64,0.66,0.31,19.12,22473.39,-1160.73,-1196.88,,,-0.2131,,0.241,4587.88,48.19,Consumer Discretionary,0.0,2.0,9.0,0.0,2.0,13.0,0.86,,"Negative net margin, Revenue contraction, Negative operating cash flow, Negative free cash flow",2.0,15.0,General low-debt support,41.86,22.0,"Negative net margin, Revenue contraction, Negative operating cash flow, Negative free cash flow",9.53,Avoid,"Above 200 DMA, RSI recovering, Volume expansion, Positive 1M return, Strong 6M absolute return, 6M Nifty outperformance, 80.8% of closes stayed inside the range | Range width 66.2% | Currently 63.4% through the range"
ALLCARGO,Industrials,Integrated Freight & Logistics,71.72,3.41,59.36,118.57,20.82,39.51,51.44,73.12,70.23,5606107.35,2761695.0,0.49,Bearish,50.0,"Above 200 DMA, Healthy RSI momentum, Near 52W low zone, Strong positive day move",17.13,-7.65,8.64,2.42,3.69,13.36,14.71,-11.34,-4.72,35.0,"Strong 1M absolute return, Positive 6M return, 1M Nifty outperformance",58.73,Neutral Range,72.53,63.78,80.12,25.62,48.6,80.0% of closes stayed inside the range | Range width 25.6% | Currently 48.6% through the range,5.94,2.05,1.48,1.16,-28.16,-76.22,73.21,1.08,1.08,409.93,1846.14,-145.73,-293.66,60.95,12.19,3.2672,,0.643,1825.79,19.5,Capital Goods / Infra,0.0,0.0,8.0,0.0,5.0,13.0,0.93,,"Revenue contraction, Earnings contraction, Negative operating cash flow, Negative free cash flow",0.0,13.0,,49.69,24.0,"Low volume participation, Revenue contraction, Earnings contraction, Negative operating cash flow, Negative free cash flow",9.25,Avoid,"Above 200 DMA, Healthy RSI momentum, Near 52W low zone, Strong positive day move, Strong 1M absolute return, Positive 6M return, 1M Nifty outperformance, 80.0% of closes stayed inside the range | Range width 25.6% | Currently 48.6% through the range"
COSMOFIRST,Consumer Cyclical,Packaging & Containers,563.59,3.81,446.11,906.65,26.33,37.84,59.32,525.91,610.81,74711.15,53132.0,0.71,Bullish,45.0,"Above 50 DMA, Healthy RSI momentum, Strong positive day move",13.75,-10.14,-15.55,2.42,3.69,13.36,11.33,-13.83,-28.91,25.0,"Strong 1M absolute return, 1M Nifty outperformance",62.84,Neutral Range,71.96,505.9,630.01,24.53,46.48,80.0% of closes stayed inside the range | Range width 24.5% | Currently 46.5% through the range,4.62,1.76,3.92,2.45,-16.16,-74.51,77.78,1.19,0.75,24.75,1048.05,245.22,-52.29,14.7123,,1.5236,43.0,0.501,2435.78,34.68,Consumer Discretionary,0.0,0.0,6.0,9.0,12.0,27.0,1.0,,"Revenue contraction, Earnings contraction, Negative free cash flow",0.0,27.0,,41.86,24.0,"Below 200 DMA, Revenue contraction, Earnings contraction, Negative free cash flow",9.23,Avoid,"Above 50 DMA, Healthy RSI momentum, Strong positive day move, Strong 1M absolute return, 1M Nifty outperformance, 80.0% of closes stayed inside the range | Range width 24.5% | Currently 46.5% through the range"
AERONEU,Consumer Cyclical,Packaging & Containers,96.05,0.47,66.9,134.3,43.57,28.48,47.04,103.1,106.62,81537.95,96539.0,1.18,Bearish,22.0,"RSI recovering, Normal volume support, Positive day move",6.96,-21.21,2.02,2.42,3.69,13.36,4.54,-24.9,-11.34,18.0,"Positive 1M return, Positive 6M return",75.0,Accumulation Zone,70.06,91.47,126.71,38.52,12.98,80.0% of closes stayed inside the range | Range width 38.5% | Currently 13.0% through the range,0.95,0.61,2.43,0.73,14.45,-76.67,36.42,2.2,1.36,7.29,30.59,0.19,-5.59,288.1429,,2.0027,,0.272,208.12,38.31,Consumer Discretionary,0.0,5.0,14.0,9.0,4.0,32.0,0.93,,"Earnings contraction, Negative free cash flow, Very high PE",2.0,34.0,General low-debt support,41.86,19.0,"Below 200 DMA, Earnings contraction, Negative free cash flow",9.18,Avoid,"RSI recovering, Normal volume support, Positive day move, Positive 1M return, Positive 6M return, 80.0% of closes stayed inside the range | Range width 38.5% | Currently 13.0% through the range"
BIRLANU,Industrials,Building Products & Equipment,2610.16,0.47,2104.75,3601.38,24.01,27.52,44.51,2674.45,2767.47,10896.8,8966.0,0.82,Bearish,18.0,"Weak but watchable RSI, Near 52W low zone, Positive day move",0.15,-6.99,-7.67,2.42,3.69,13.36,-2.27,-10.68,-21.03,8.0,Positive 1M return,90.48,Accumulation Zone,72.21,2554.25,2816.84,10.28,21.29,80.0% of closes stayed inside the range | Range width 10.3% | Currently 21.3% through the range,2.78,1.27,0.7,1.04,-3.08,-64.18,61.94,1.41,0.58,134.59,776.0,173.3,58.87,,11.4106,0.9795,1.03,0.573,,41.09,Capital Goods / Infra,0.0,0.0,6.0,17.0,5.0,28.0,0.93,,"Revenue contraction, Earnings contraction",0.0,28.0,,49.69,15.0,"Below 200 DMA, Earnings contraction",8.75,Avoid,"Weak but watchable RSI, Near 52W low zone, Positive day move, Positive 1M return, 80.0% of closes stayed inside the range | Range width 10.3% | Currently 21.3% through the range"
AVADHSUGAR,Consumer Defensive,Confectioners,551.98,-0.23,364.07,809.03,51.61,31.77,49.82,561.97,598.9,51382.85,32200.0,0.63,Bearish,12.0,RSI recovering,10.51,-9.21,-15.04,2.42,3.69,13.36,8.09,-12.9,-28.4,25.0,"Strong 1M absolute return, 1M Nifty outperformance",51.56,Accumulation Zone,69.98,540.73,710.46,31.39,6.63,80.0% of closes stayed inside the range | Range width 31.4% | Currently 6.6% through the range,12.46,4.49,10.26,4.77,-3.81,27.81,128.1,1.05,0.05,1.25,1317.33,-76.94,-155.66,24.3917,,1.4777,1.2,-0.05,1661.63,18.51,General,7.0,10.0,4.0,0.0,9.0,30.0,1.0,,"Revenue contraction, Negative operating cash flow, Negative free cash flow",0.0,30.0,,39.96,17.0,"Below 200 DMA, Negative operating cash flow, Negative free cash flow",8.74,Avoid,"RSI recovering, Strong 1M absolute return, 1M Nifty outperformance, 80.0% of closes stayed inside the range | Range width 31.4% | Currently 6.6% through the range"
DEVYANI,Consumer Cyclical,Restaurants,166.5,2.15,133.95,227.5,24.3,26.81,61.43,156.96,183.97,2545149.6,3180201.0,1.25,Bullish,55.0,"Above 50 DMA, Healthy RSI momentum, Near 52W low zone, Normal volume support, Strong positive day move",6.08,-10.82,-21.18,2.42,3.69,13.36,3.66,-14.51,-34.54,8.0,Positive 1M return,86.49,Lower Range Watch,75.95,153.91,189.61,23.19,35.26,80.0% of closes stayed inside the range | Range width 23.2% | Currently 35.3% through the range,4.48,0.96,7.27,1.34,18.8,-82.16,275.22,0.52,0.38,167.64,2905.68,592.47,114.01,,135.0981,11.1907,,0.316,17253.76,50.78,Consumer Discretionary,0.0,8.0,0.0,17.0,0.0,25.0,0.86,,"Earnings contraction, Very high debt",0.0,25.0,,41.86,23.0,"Below 200 DMA, Very high debt, Earnings contraction",7.78,Avoid,"Above 50 DMA, Healthy RSI momentum, Near 52W low zone, Normal volume support, Strong positive day move, Positive 1M return, 80.0% of closes stayed inside the range | Range width 23.2% | Currently 35.3% through the range"
CAMLINFINE,Basic Materials,Specialty Chemicals,111.15,0.18,88.35,186.35,25.81,40.35,57.85,110.43,138.58,1761807.35,545211.0,0.31,Bullish,40.0,"Above 50 DMA, Healthy RSI momentum, Positive day move",13.42,-14.07,-31.03,2.42,3.69,13.36,11.0,-17.76,-44.39,25.0,"Strong 1M absolute return, 1M Nifty outperformance",65.83,Accumulation Zone,71.83,100.67,136.9,35.99,28.93,80.0% of closes stayed inside the range | Range width 36.0% | Currently 28.9% through the range,-10.73,-4.75,11.4,-6.46,-14.07,-278.01,78.99,1.37,0.67,80.25,683.03,138.98,78.41,,12.7018,1.9104,,0.681,1988.53,43.58,Chemicals,3.0,0.0,6.0,17.0,4.0,30.0,0.86,,"Negative net margin, Revenue contraction, Earnings contraction",0.0,30.0,,45.97,26.0,"Below 200 DMA, Low volume participation, Negative net margin, Earnings contraction",7.65,Avoid,"Above 50 DMA, Healthy RSI momentum, Positive day move, Strong 1M absolute return, 1M Nifty outperformance, 80.0% of closes stayed inside the range | Range width 36.0% | Currently 28.9% through the range"
ASIANHOTNR,Consumer Cyclical,Lodging,142.4,0.21,66.6,238.95,113.81,40.41,53.83,134.54,166.49,31096.55,7310.0,0.24,Bullish,40.0,"Above 50 DMA, Healthy RSI momentum, Positive day move",28.64,-28.28,-13.59,2.42,3.69,13.36,26.22,-31.97,-26.95,25.0,"Strong 1M absolute return, 1M Nifty outperformance",62.84,Accumulation Zone,67.07,125.64,226.06,79.93,16.69,80.0% of closes stayed inside the range | Range width 79.9% | Currently 16.7% through the range,-116.81,-5.14,20.7,-29.35,16.54,-3.16,1405.01,0.23,0.21,53.42,1052.41,72.5,72.5,,,1.2347,,-0.005,1347.0,64.25,Consumer Discretionary,5.0,8.0,0.0,17.0,4.0,34.0,0.86,,"Negative net margin, Earnings contraction, Very high debt",0.0,34.0,,41.86,27.0,"Below 200 DMA, Low volume participation, Very high debt, Negative net margin",7.43,Avoid,"Above 50 DMA, Healthy RSI momentum, Positive day move, Strong 1M absolute return, 1M Nifty outperformance, 80.0% of closes stayed inside the range | Range width 79.9% | Currently 16.7% through the range"
AWL,Consumer Defensive,Packaged Foods,340.32,1.0,284.31,837.33,19.7,59.36,47.81,349.03,356.1,1842176.9,1431610.0,0.78,Bearish,22.0,"RSI recovering, Near 52W low zone, Positive day move",3.37,-3.86,0.1,2.42,3.69,13.36,0.95,-7.55,-13.26,18.0,"Positive 1M return, Positive 6M return",62.5,Lower Range Watch,69.37,313.76,375.76,19.76,42.84,80.8% of closes stayed inside the range | Range width 19.8% | Currently 42.8% through the range,1.78,0.75,2.28,0.29,-12.02,-74.58,81.87,1.22,0.53,258.6,6808.33,289.17,-643.13,22.3797,18.4756,2.4313,50.0,-0.162,25354.5,10.73,FMCG / Consumer,0.0,0.0,6.0,9.0,13.0,28.0,1.0,,"Revenue contraction, Earnings contraction, Negative free cash flow",0.0,28.0,,39.96,19.0,"Below 200 DMA, Earnings contraction, Negative free cash flow",6.79,Avoid,"RSI recovering, Near 52W low zone, Positive day move, Positive 1M return, Positive 6M return, 80.8% of closes stayed inside the range | Range width 19.8% | Currently 42.8% through the range"
CINELINE,Communication Services,Entertainment,122.5,-0.37,71.65,184.9,70.97,33.75,47.65,125.22,119.17,79273.7,57641.0,0.73,Bearish,27.0,"Above 200 DMA, RSI recovering",5.15,-14.99,4.75,2.42,3.69,13.36,2.73,-18.68,-8.61,18.0,"Positive 1M return, Positive 6M return",64.29,Accumulation Zone,71.55,115.75,146.82,26.84,21.73,80.0% of closes stayed inside the range | Range width 26.8% | Currently 21.7% through the range,-3.02,-0.78,11.48,-2.38,34.88,-357.54,233.9,0.64,0.61,12.15,349.61,41.76,24.29,24.3712,,1.9416,,0.178,335.31,57.95,Telecom,3.0,10.0,0.0,17.0,8.0,38.0,0.93,,"Negative net margin, Earnings contraction, Very high debt",0.0,38.0,,33.96,23.0,"Very high debt, Negative net margin, Earnings contraction",6.64,Avoid,"Above 200 DMA, RSI recovering, Positive 1M return, Positive 6M return, 80.0% of closes stayed inside the range | Range width 26.8% | Currently 21.7% through the range"
BLBLIMITED,Financial Services,Capital Markets,20.45,-4.88,17.6,52.55,16.19,61.08,22.25,37.45,26.01,221498.55,268365.0,1.21,Bearish,14.0,"Oversold RSI, Near 52W low zone, Normal volume support",-48.1,-8.09,-9.51,2.42,3.69,13.36,-50.52,-11.78,-22.87,0.0,,100.0,Lower Range Watch,62.08,21.25,46.22,117.48,0.0,80.8% of closes stayed inside the range | Range width 117.5% | Currently 0.0% through the range,2.71,2.65,1.08,0.84,43.88,-56.83,0.26,40.54,26.23,13.27,0.25,5.45,5.45,3.0849,,0.6482,,0.212,84.48,5.69,Financial Services,0.0,10.0,20.0,17.0,10.0,57.0,0.93,Cash covers debt,Earnings contraction,-5.0,52.0,Weak ROE for a leveraged-balance-sheet business,52.42,23.0,"Below 200 DMA, Extreme RSI weakness, Earnings contraction",6.56,Avoid,"Oversold RSI, Near 52W low zone, Normal volume support, Cash covers debt, 80.8% of closes stayed inside the range | Range width 117.5% | Currently 0.0% through the range"
ATALREAL,Industrials,Engineering & Construction,11.35,-9.92,10.0,29.51,13.5,61.54,22.8,15.27,17.22,1332308.4,9612399.0,7.21,Bearish,24.0,"Oversold RSI, Near 52W low zone, Strong volume expansion",-28.62,-9.2,-23.16,2.42,3.69,13.36,-31.04,-12.89,-36.52,0.0,,98.41,Breakdown Risk,35.0,12.35,16.11,30.46,0.0,80.0% of closes stayed inside the range | Range width 30.5% | Currently 0.0% through the range | Below lower band on elevated volume,5.69,3.73,11.63,5.25,0.48,3.15,24.41,2.69,0.82,0.22,9.21,1.67,0.79,35.1584,,2.3748,,0.536,439.96,14.53,Capital Goods / Infra,3.0,2.0,12.0,17.0,6.0,40.0,0.93,,,0.0,40.0,,49.69,21.0,"Below 200 DMA, Extreme RSI weakness, Sharp daily fall",6.45,Avoid,"Oversold RSI, Near 52W low zone, Strong volume expansion, 80.0% of closes stayed inside the range | Range width 30.5% | Currently 0.0% through the range | Below lower band on elevated volume"
AVALON,Technology,Electronic Components,515.65,-1.05,348.0,732.1,48.18,29.57,52.64,505.96,533.17,106573.9,39607.0,0.37,Bullish,35.0,"Above 50 DMA, Healthy RSI momentum",5.12,-4.97,-2.55,2.42,3.69,13.36,2.7,-8.66,-15.91,8.0,Positive 1M return,96.15,Neutral Range,72.09,479.77,542.76,13.13,56.96,80.0% of closes stayed inside the range | Range width 13.1% | Currently 57.0% through the range,5.11,3.03,4.79,3.23,-8.22,-46.7,28.43,2.58,1.43,42.34,155.61,17.29,-18.23,113.6304,61.0152,20.6574,,,14910.38,35.31,IT / Technology,0.0,0.0,14.0,9.0,3.0,26.0,0.93,,"Revenue contraction, Earnings contraction, Negative free cash flow, Very high PE",0.0,26.0,,52.93,22.0,"Below 200 DMA, Low volume participation, Earnings contraction, Negative free cash flow",5.79,Avoid,"Above 50 DMA, Healthy RSI momentum, Positive 1M return, 80.0% of closes stayed inside the range | Range width 13.1% | Currently 57.0% through the range"
APCL,Basic Materials,Building Materials,184.05,0.19,140.65,273.93,30.86,32.81,46.54,195.66,199.03,27593.75,8617.0,0.31,Bearish,17.0,"RSI recovering, Positive day move",6.39,-13.61,-1.84,2.42,3.69,13.36,3.97,-17.3,-15.2,8.0,Positive 1M return,86.67,Accumulation Zone,72.94,182.6,222.11,21.63,3.66,80.0% of closes stayed inside the range | Range width 21.6% | Currently 3.7% through the range,-13.27,-3.9,-3.1,-6.27,-5.74,32.8,144.93,0.69,0.4,2.45,426.73,52.64,37.63,,,0.8061,,0.647,294.54,34.4,Cement / Realty,0.0,10.0,2.0,17.0,4.0,33.0,0.86,,"Negative net margin, Revenue contraction",0.0,33.0,,45.97,19.0,"Below 200 DMA, Low volume participation, Negative net margin",5.7,Avoid,"RSI recovering, Positive day move, Positive 1M return, 80.0% of closes stayed inside the range | Range width 21.6% | Currently 3.7% through the range"
AMBIKCO,Consumer Cyclical,Textile Manufacturing,1513.28,-0.3,1230.21,1803.85,23.01,16.11,53.79,1519.24,1535.46,11187.25,7785.0,0.7,Bearish,25.0,"Healthy RSI momentum, Near 52W low zone",6.21,-8.92,2.24,2.42,3.69,13.36,3.79,-12.61,-11.12,18.0,"Positive 1M return, Positive 6M return",75.0,Accumulation Zone,71.62,1442.28,1703.81,18.13,27.15,80.0% of closes stayed inside the range | Range width 18.1% | Currently 27.1% through the range,7.33,5.89,9.88,7.86,-1.9,-43.72,9.54,4.48,1.62,48.32,81.98,-137.75,-188.68,11.5316,13.176,0.9828,2.26,0.621,937.93,36.24,Consumer Discretionary,5.0,0.0,17.0,0.0,12.0,34.0,1.0,,"Revenue contraction, Earnings contraction, Negative operating cash flow, Negative free cash flow",2.0,36.0,General low-debt support,41.86,24.0,"Below 200 DMA, Earnings contraction, Negative operating cash flow, Negative free cash flow",5.63,Avoid,"Healthy RSI momentum, Near 52W low zone, Positive 1M return, Positive 6M return, 80.0% of closes stayed inside the range | Range width 18.1% | Currently 27.1% through the range"
ASIANTILES,Industrials,Building Products & Equipment,62.0,-0.88,34.05,86.1,82.09,27.99,51.31,61.99,64.97,658709.0,341158.0,0.52,Bullish,35.0,"Above 50 DMA, Healthy RSI momentum",5.71,-17.39,-20.87,2.42,3.69,13.36,3.29,-21.08,-34.23,8.0,Positive 1M return,90.48,Accumulation Zone,73.73,59.69,79.85,33.79,11.48,80.0% of closes stayed inside the range | Range width 33.8% | Currently 11.5% through the range,-0.97,-0.64,-0.22,-0.8,-2.09,83.14,19.58,2.27,1.72,12.17,248.21,-82.42,-161.47,84.0,2.5401,0.9323,,0.364,1419.52,25.11,Capital Goods / Infra,0.0,10.0,17.0,0.0,7.0,34.0,0.93,,"Negative net margin, Revenue contraction, Negative operating cash flow, Negative free cash flow, Very high PE",0.0,34.0,,49.69,25.0,"Below 200 DMA, Negative net margin, Negative operating cash flow, Negative free cash flow",5.1,Avoid,"Above 50 DMA, Healthy RSI momentum, Positive 1M return, 80.0% of closes stayed inside the range | Range width 33.8% | Currently 11.5% through the range"
DHAMPURSUG,Consumer Defensive,Confectioners,225.75,0.68,188.64,321.27,19.67,29.73,51.04,230.72,257.86,254984.3,87424.0,0.34,Bearish,30.0,"Healthy RSI momentum, Near 52W low zone, Positive day move",5.85,-12.82,-21.97,2.42,3.69,13.36,3.43,-16.51,-35.33,8.0,Positive 1M return,85.94,Accumulation Zone,74.33,219.58,264.87,20.63,13.63,80.0% of closes stayed inside the range | Range width 20.6% | Currently 13.6% through the range,12.21,5.7,9.78,6.22,-11.02,-14.72,89.14,1.2,0.27,2.78,980.83,-52.55,-126.47,15.6735,,0.9411,2.34,0.284,1126.84,21.53,General,9.0,0.0,6.0,0.0,12.0,27.0,1.0,,"Revenue contraction, Earnings contraction, Negative operating cash flow, Negative free cash flow",0.0,27.0,,39.96,20.0,"Below 200 DMA, Low volume participation, Negative operating cash flow, Negative free cash flow",4.94,Avoid,"Healthy RSI momentum, Near 52W low zone, Positive day move, Positive 1M return, 80.0% of closes stayed inside the range | Range width 20.6% | Currently 13.6% through the range"
ANURAS,Basic Materials,Specialty Chemicals,841.47,-1.01,567.48,1231.32,48.28,31.66,36.82,899.0,944.03,163360.75,176770.0,1.08,Bearish,13.0,"Weak but watchable RSI, Normal volume support",-5.36,-10.44,-4.34,2.42,3.69,13.36,-7.78,-14.13,-17.7,0.0,,96.67,Accumulation Zone,72.77,864.51,1044.48,20.82,0.0,80.0% of closes stayed inside the range | Range width 20.8% | Currently 0.0% through the range,4.66,2.79,20.9,8.91,-7.7,-28.89,38.72,1.69,0.89,249.8,1069.06,59.03,-656.96,81.9506,33.6555,4.2999,12.0,0.105,14349.63,46.18,Chemicals,8.0,0.0,11.0,9.0,7.0,35.0,1.0,,"Revenue contraction, Earnings contraction, Negative free cash flow, Very high PE",2.0,37.0,General low-debt support,45.97,19.0,"Below 200 DMA, Earnings contraction, Negative free cash flow",4.1,Avoid,"Weak but watchable RSI, Normal volume support, 80.0% of closes stayed inside the range | Range width 20.8% | Currently 0.0% through the range"
DISHTV,Communication Services,Entertainment,18.15,4.01,12.05,26.05,50.62,30.33,48.09,19.53,19.07,34404061.6,30476852.0,0.89,Bearish,22.0,"RSI recovering, Strong positive day move",9.01,-11.25,-1.89,2.42,3.69,13.36,6.59,-14.94,-15.25,18.0,"Positive 1M return, 1M Nifty outperformance",64.29,Accumulation Zone,70.27,17.1,21.96,28.43,21.71,80.0% of closes stayed inside the range | Range width 28.4% | Currently 21.7% through the range,71.35,-72.59,15.79,-107.47,-18.19,-16.81,-0.08,0.15,0.15,29.75,2.25,676.39,84.93,,-1.5667,-0.1342,,0.906,519.23,35.07,Telecom,11.0,0.0,12.0,17.0,2.0,42.0,0.86,"Strong ROE, Cash covers debt","Negative net margin, Revenue contraction, Earnings contraction",4.0,46.0,"General quality ROE, General low-debt support",33.96,28.0,"Below 200 DMA, Negative net margin, Revenue contraction, Earnings contraction",3.19,Avoid,"RSI recovering, Strong positive day move, Strong ROE, Cash covers debt, Positive 1M return, 1M Nifty outperformance, 80.0% of closes stayed inside the range | Range width 28.4% | Currently 21.7% through the range"
BANSWRAS,Consumer Cyclical,Textile Manufacturing,145.96,-0.86,91.2,181.11,60.04,19.41,48.39,148.29,149.0,53414.25,47312.0,0.89,Bearish,12.0,RSI recovering,-0.23,-5.9,-2.49,2.42,3.69,13.36,-2.65,-9.59,-15.85,0.0,,95.95,Lower Range Watch,68.73,140.17,157.02,12.02,34.37,80.0% of closes stayed inside the range | Range width 12.0% | Currently 34.4% through the range,6.64,3.32,5.09,2.86,-15.96,-68.48,66.31,1.6,0.84,8.56,354.76,142.44,44.69,10.7624,,0.6841,99.0,-0.085,400.1,56.54,Consumer Discretionary,0.0,0.0,8.0,17.0,12.0,37.0,1.0,,"Revenue contraction, Earnings contraction",2.0,39.0,General low-debt support,41.86,20.0,"Below 200 DMA, Revenue contraction, Earnings contraction",2.93,Avoid,"RSI recovering, 80.0% of closes stayed inside the range | Range width 12.0% | Currently 34.4% through the range"
CREATIVEYE,Communication Services,Entertainment,4.5,-1.1,3.1,6.25,45.16,28.0,52.67,4.52,4.16,10412.35,19248.0,1.85,Bearish,45.0,"Above 200 DMA, Healthy RSI momentum, Volume expansion",9.76,-3.23,4.65,2.42,3.69,13.36,7.34,-6.92,-8.71,28.0,"Positive 1M return, Positive 6M return, 1M Nifty outperformance",35.71,Neutral Range,73.54,3.9,5.16,32.18,47.81,82.5% of closes stayed inside the range | Range width 32.2% | Currently 47.8% through the range,-12.54,-8.86,-512.62,-548.68,-75.94,-595.63,30.88,2.78,1.21,9.53,6.38,-1.81,-1.81,,,0.8196,,0.144,12.4,-15.86,Telecom,0.0,0.0,17.0,0.0,4.0,21.0,0.86,Cash covers debt,"Negative net margin, Revenue contraction, Earnings contraction, Negative operating cash flow, Negative free cash flow",2.0,23.0,General low-debt support,33.96,29.0,"Negative net margin, Revenue contraction, Earnings contraction, Negative operating cash flow, Negative free cash flow",2.39,Avoid,"Above 200 DMA, Healthy RSI momentum, Volume expansion, Cash covers debt, Positive 1M return, Positive 6M return, 1M Nifty outperformance, 82.5% of closes stayed inside the range | Range width 32.2% | Currently 47.8% through the range"
CHEMPLASTS,Basic Materials,Chemicals,488.55,-0.67,342.05,543.25,42.83,10.07,61.99,461.05,469.1,154440.0,49149.0,0.32,Bullish,60.0,"Above 50 DMA, Above 200 DMA, Healthy RSI momentum, Near 52W high momentum",15.44,-0.71,3.2,2.42,3.69,13.36,13.02,-4.4,-10.16,35.0,"Strong 1M absolute return, Positive 6M return, 1M Nifty outperformance",50.0,Profit Booking Zone,80.91,439.68,499.81,13.68,81.27,80.0% of closes stayed inside the range | Range width 13.7% | Currently 81.3% through the range,-9.32,-2.63,-2.31,-4.05,-20.64,-203.99,91.0,0.74,0.51,688.15,1547.51,-244.93,-863.87,,62.2773,1.6461,,-0.112,2888.35,34.39,Chemicals,0.0,0.0,4.0,0.0,4.0,8.0,0.86,,"Negative net margin, Revenue contraction, Earnings contraction, Negative operating cash flow, Negative free cash flow",0.0,8.0,,45.97,32.0,"Low volume participation, Negative net margin, Revenue contraction, Earnings contraction, Negative operating cash flow, Negative free cash flow",1.45,Avoid,"Above 50 DMA, Above 200 DMA, Healthy RSI momentum, Near 52W high momentum, Strong 1M absolute return, Positive 6M return, 1M Nifty outperformance, 80.0% of closes stayed inside the range | Range width 13.7% | Currently 81.3% through the range"
DCMSHRIRAM,Industrials,Conglomerates,892.7,-0.87,710.15,1147.3,25.71,22.19,46.39,917.11,937.0,48137.4,18924.0,0.39,Bearish,12.0,RSI recovering,3.44,-7.25,-8.76,2.42,3.69,13.36,1.02,-10.94,-22.12,8.0,Positive 1M return,90.48,Accumulation Zone,70.12,863.03,1015.7,17.69,19.43,80.0% of closes stayed inside the range | Range width 17.7% | Currently 19.4% through the range,6.86,3.87,6.51,4.12,-5.35,-50.91,32.99,1.62,0.65,343.22,2151.55,793.81,-524.72,11.1313,23.8576,2.1189,1.42,-0.375,15830.81,33.1,Capital Goods / Infra,0.0,0.0,11.0,9.0,11.0,31.0,1.0,,"Revenue contraction, Earnings contraction, Negative free cash flow",0.0,31.0,,49.69,22.0,"Below 200 DMA, Low volume participation, Earnings contraction, Negative free cash flow",1.3,Avoid,"RSI recovering, Positive 1M return, 80.0% of closes stayed inside the range | Range width 17.7% | Currently 19.4% through the range"
AETHER,Basic Materials,Specialty Chemicals,834.95,0.09,761.55,1209.0,9.64,30.94,52.11,837.77,918.57,79737.25,26637.0,0.33,Bearish,33.0,"Healthy RSI momentum, Near 52W low with stable RSI, Positive day move",3.54,-4.73,-10.19,2.42,3.69,13.36,1.12,-8.42,-23.55,8.0,Positive 1M return,86.67,Lower Range Watch,72.16,794.56,894.83,12.62,40.28,80.0% of closes stayed inside the range | Range width 12.6% | Currently 40.3% through the range,4.0,3.44,15.48,13.79,-8.13,-36.75,8.87,4.51,3.32,5.37,183.08,-16.46,-444.2,94.3191,59.3861,9.167,,-0.133,22521.26,48.7,Chemicals,8.0,0.0,17.0,0.0,3.0,28.0,0.93,,"Revenue contraction, Earnings contraction, Negative operating cash flow, Negative free cash flow, Very high PE",2.0,30.0,General low-debt support,45.97,27.0,"Below 200 DMA, Low volume participation, Earnings contraction, Negative operating cash flow, Negative free cash flow",0.65,Avoid,"Healthy RSI momentum, Near 52W low with stable RSI, Positive day move, Positive 1M return, 80.0% of closes stayed inside the range | Range width 12.6% | Currently 40.3% through the range"
BAJAJHCARE,Healthcare,Drug Manufacturers - Specialty & Generic,317.26,0.38,273.7,510.84,15.92,37.89,51.35,318.81,361.01,139776.05,58012.0,0.42,Bearish,30.0,"Healthy RSI momentum, Near 52W low zone, Positive day move",7.74,-9.29,-31.91,2.42,3.69,13.36,5.32,-12.98,-45.27,18.0,"Positive 1M return, 1M Nifty outperformance",87.5,Accumulation Zone,73.82,308.82,394.58,27.77,9.84,80.0% of closes stayed inside the range | Range width 27.8% | Currently 9.8% through the range,-30.1,-10.95,10.3,-17.72,-26.77,-294.76,119.57,1.09,0.76,2.17,332.82,92.29,62.01,45.8689,,1.928,31.0,0.279,1084.02,48.73,Pharma / Healthcare,3.0,0.0,4.0,17.0,8.0,32.0,1.0,,"Negative net margin, Revenue contraction, Earnings contraction",0.0,32.0,,54.11,31.0,"Below 200 DMA, Low volume participation, Negative net margin, Revenue contraction, Earnings contraction",0.32,Avoid,"Healthy RSI momentum, Near 52W low zone, Positive day move, Positive 1M return, 1M Nifty outperformance, 80.0% of closes stayed inside the range | Range width 27.8% | Currently 9.8% through the range"
CGCL,Financial Services,Credit Services,227.0,-0.52,190.86,874.31,18.93,74.04,50.51,227.42,567.63,1748493.0,170806.0,0.1,Bearish,25.0,"Healthy RSI momentum, Near 52W low zone",9.17,-7.98,-69.95,2.42,3.69,13.36,6.75,-11.67,-83.31,18.0,"Positive 1M return, 1M Nifty outperformance",83.75,Lower Range Watch,62.81,204.56,763.61,273.3,4.01,80.0% of closes stayed inside the range | Range width 273.3% | Currently 4.0% through the range,7.28,1.84,15.22,13.42,57.05,36.53,271.26,1.47,,639.65,10406.91,-3698.57,-3766.37,20.8385,13.3323,3.4527,8.0,-0.03,24821.65,94.76,Financial Services,8.0,20.0,2.0,0.0,11.0,41.0,0.93,,"Very high debt, Negative operating cash flow, Negative free cash flow",1.0,42.0,"High leverage is structural for this sector, Weak ROE for a leveraged-balance-sheet business",52.42,33.0,"Below 200 DMA, Far from 52W high, Low volume participation, Very high debt, Negative operating cash flow, Negative free cash flow",0.31,Avoid,"Healthy RSI momentum, Near 52W low zone, Positive 1M return, 1M Nifty outperformance, 80.0% of closes stayed inside the range | Range width 273.3% | Currently 4.0% through the range"
DIGJAMLMTD,Consumer Cyclical,Textile Manufacturing,88.2,-0.9,72.1,157.7,22.33,44.07,47.16,91.2,86.36,2214.9,420.0,0.19,Bearish,32.0,"Above 200 DMA, RSI recovering, Near 52W low zone",2.08,5.0,6.46,2.42,3.69,13.36,-0.34,1.31,-6.9,38.0,"Positive 1M return, Positive 3M return, Positive 6M return, Positive across 1M/3M/6M",40.54,Neutral Range,70.63,77.93,94.99,21.89,60.17,80.0% of closes stayed inside the range | Range width 21.9% | Currently 60.2% through the range,-76.14,-14.46,-7.43,-476.61,-92.38,1.18,150.1,0.79,0.44,5.81,23.78,-4.62,-4.76,26.5855,,23.4828,,0.177,102.62,28.54,Consumer Discretionary,0.0,0.0,0.0,0.0,4.0,4.0,0.93,,"Negative net margin, Revenue contraction, Negative operating cash flow, Negative free cash flow",0.0,4.0,,41.86,25.0,"Low volume participation, Negative net margin, Revenue contraction, Negative operating cash flow, Negative free cash flow",0.18,Avoid,"Above 200 DMA, RSI recovering, Near 52W low zone, Positive 1M return, Positive 3M return, Positive 6M return, Positive across 1M/3M/6M, 80.0% of closes stayed inside the range | Range width 21.9% | Currently 60.2% through the range"
BOHRAIND,Basic Materials,Agricultural Inputs,18.8,-3.34,17.5,206.9,7.43,90.91,41.62,21.35,39.34,37539.2,30576.0,0.81,Bearish,16.0,"Weak but watchable RSI, Near 52W low with stable RSI",-1.05,-30.37,-60.0,2.42,3.69,13.36,-3.47,-34.06,-73.36,0.0,,96.67,Lower Range Watch,62.5,19.45,48.3,148.3,0.0,80.8% of closes stayed inside the range | Range width 148.3% | Currently 0.0% through the range,-4.53,-4.24,,,,12.31,0.98,11.8,10.99,0.0,0.56,-0.07,-0.08,,,0.3616,,-1.341,13.02,100.0,General,0.0,5.0,17.0,0.0,4.0,26.0,0.64,,"Negative operating cash flow, Negative free cash flow",2.0,28.0,General low-debt support,45.97,22.0,"Below 200 DMA, Far from 52W high, Negative operating cash flow, Negative free cash flow",0.0,Avoid,"Weak but watchable RSI, Near 52W low with stable RSI, 80.8% of closes stayed inside the range | Range width 148.3% | Currently 0.0% through the range"
DNAMEDIA,Communication Services,Publishing,4.1,-1.2,2.1,6.8,95.24,39.71,28.25,5.06,4.31,29887.95,24082.0,0.81,Bearish,4.0,Oversold RSI,-6.82,-15.46,-28.7,2.42,3.69,13.36,-9.24,-19.15,-42.06,0.0,,96.43,Accumulation Zone,69.59,4.15,5.91,42.41,0.0,81.7% of closes stayed inside the range | Range width 42.4% | Currently 0.0% through the range,-53.15,40.28,-85.86,1410.15,2.73,-14.86,-169.49,1.59,,0.52,436.27,-6.08,-6.08,,,-0.1202,,-0.576,30.25,54.24,Telecom,11.0,0.0,13.0,0.0,2.0,26.0,0.79,,"Earnings contraction, Negative operating cash flow, Negative free cash flow",2.0,28.0,General low-debt support,33.96,17.0,"Below 200 DMA, Negative operating cash flow, Negative free cash flow",0.0,Avoid,"Oversold RSI, 81.7% of closes stayed inside the range | Range width 42.4% | Currently 0.0% through the range"
DTIL,Consumer Defensive,Packaged Foods,197.8,-0.42,174.59,269.62,13.29,26.64,47.83,205.1,213.04,8959.65,4412.0,0.49,Bearish,17.0,"RSI recovering, Near 52W low zone",2.83,-9.95,-6.14,2.42,3.69,13.36,0.41,-13.64,-19.5,8.0,Positive 1M return,85.94,Accumulation Zone,72.56,194.57,231.87,19.17,8.66,80.0% of closes stayed inside the range | Range width 19.2% | Currently 8.7% through the range,-27.03,-14.81,-27.41,-35.8,16.89,-493.21,48.82,0.47,0.2,12.57,254.85,-83.46,-126.33,,,0.3316,1.15,0.435,175.57,80.27,FMCG / Consumer,0.0,8.0,7.0,0.0,5.0,20.0,0.93,,"Negative net margin, Earnings contraction, Negative operating cash flow, Negative free cash flow",3.0,23.0,"Low debt, typical of a healthy consumer business",39.96,35.0,"Below 200 DMA, Low volume participation, Negative net margin, Earnings contraction, Negative operating cash flow, Negative free cash flow",0.0,Avoid,"RSI recovering, Near 52W low zone, Positive 1M return, 80.0% of closes stayed inside the range | Range width 19.2% | Currently 8.7% through the range"
ACL,Basic Materials,Building Materials,89.05,0.85,54.9,177.0,62.2,49.69,47.06,96.97,101.41,99338.15,31010.0,0.31,Bearish,17.0,"RSI recovering, Positive day move",6.2,-28.56,-7.72,2.42,3.69,13.36,3.78,-32.25,-21.08,8.0,Positive 1M return,86.67,Accumulation Zone,68.83,85.88,124.02,44.41,8.32,80.0% of closes stayed inside the range | Range width 44.4% | Currently 8.3% through the range,-22.11,-6.08,-22.43,-24.7,,-106.91,227.54,1.01,0.58,10.71,675.36,-26.72,-140.68,,,5.0388,,1.029,406.85,39.14,Cement / Realty,0.0,0.0,2.0,0.0,2.0,4.0,0.79,,"Negative net margin, Earnings contraction, Very high debt, Negative operating cash flow, Negative free cash flow",0.0,4.0,,45.97,43.0,"Below 200 DMA, Low volume participation, Very high debt, Negative net margin, Earnings contraction, Negative operating cash flow, Negative free cash flow",0.0,Avoid,"RSI recovering, Positive day move, Positive 1M return, 80.0% of closes stayed inside the range | Range width 44.4% | Currently 8.3% through the range"
BESTAGRO,Basic Materials,Agricultural Inputs,40.84,-1.9,39.9,116.75,2.37,65.02,2.02,69.29,73.15,195274.5,1339200.0,6.86,Bearish,24.0,"Oversold RSI, Near 52W low zone, Strong volume expansion",-45.13,-45.13,-45.13,2.42,3.69,13.36,-47.55,-48.82,-58.49,0.0,,96.67,,,,,,,,16.42,5.28,10.6,5.67,7.31,-44.69,98.39,1.21,0.47,32.94,636.6,35.53,-10.12,20.9643,,0.8124,1.14,0.048,624.58,32.68,General,9.0,2.0,6.0,9.0,9.0,35.0,1.0,,"Earnings contraction, Negative free cash flow",0.0,35.0,,45.97,32.0,"Below 200 DMA, Extreme RSI weakness, Far from 52W high, Earnings contraction, Negative free cash flow",0.0,Avoid,"Oversold RSI, Near 52W low zone, Strong volume expansion"
BCG,Communication Services,Advertising Agencies,15.05,1.35,9.35,44.09,60.96,65.86,41.75,16.67,19.33,25226572.7,13716400.0,0.54,Bearish,13.0,"Weak but watchable RSI, Positive day move",1.01,-23.6,-14.0,2.42,3.69,13.36,-1.41,-27.29,-27.36,8.0,Positive 1M return,85.71,Accumulation Zone,71.18,15.18,19.96,31.41,0.0,80.0% of closes stayed inside the range | Range width 31.4% | Currently 0.0% through the range,8.83,7.84,20.48,14.75,-36.97,-49.85,0.0,7.0,,1207.82,0.0,133.68,-276.65,1.7956,,0.1728,,0.551,1826.76,33.37,Telecom,14.0,0.0,17.0,9.0,10.0,50.0,0.86,Net cash position,"Revenue contraction, Earnings contraction, Negative free cash flow",2.0,52.0,General low-debt support,33.96,29.0,"Below 200 DMA, Far from 52W high, Revenue contraction, Earnings contraction, Negative free cash flow",0.0,Avoid,"Weak but watchable RSI, Positive day move, Net cash position, Positive 1M return, 80.0% of closes stayed inside the range | Range width 31.4% | Currently 0.0% through the range"
BALKRISHNA,Consumer Cyclical,Packaging & Containers,23.95,1.91,16.21,39.13,47.72,38.8,42.39,25.8,22.82,9546.7,21322.0,2.23,Bearish,43.0,"Above 200 DMA, Weak but watchable RSI, Strong volume expansion, Positive day move",-8.24,-14.26,9.62,2.42,3.69,13.36,-10.66,-17.95,-3.74,10.0,Positive 6M return,81.08,Lower Range Watch,70.92,20.53,29.04,41.44,40.19,80.8% of closes stayed inside the range | Range width 41.4% | Currently 40.2% through the range,32.06,-156.96,-29.59,-2073.79,-96.7,-37.13,-36.57,0.18,0.12,0.43,81.15,-8.4,-8.4,,,-0.3087,,0.395,54.42,7.01,Consumer Discretionary,8.0,0.0,9.0,0.0,2.0,19.0,0.86,Strong ROE,"Negative net margin, Revenue contraction, Earnings contraction, Negative operating cash flow, Negative free cash flow",4.0,23.0,"General quality ROE, General low-debt support",41.86,29.0,"Negative net margin, Revenue contraction, Earnings contraction, Negative operating cash flow, Negative free cash flow",0.0,Avoid,"Above 200 DMA, Weak but watchable RSI, Strong volume expansion, Positive day move, Strong ROE, Positive 6M return, 80.8% of closes stayed inside the range | Range width 41.4% | Currently 40.2% through the range"
COASTCORP,Consumer Defensive,Packaged Foods,49.62,2.5,32.45,73.88,52.92,32.83,47.38,52.59,52.38,146103.75,136570.0,0.93,Bearish,22.0,"RSI recovering, Strong positive day move",3.74,-20.85,-4.9,2.42,3.69,13.36,1.32,-24.54,-18.26,8.0,Positive 1M return,85.94,Accumulation Zone,72.93,48.18,61.78,28.22,10.63,80.8% of closes stayed inside the range | Range width 28.2% | Currently 10.6% through the range,1.74,0.72,3.99,1.1,22.67,-32.5,128.31,1.27,0.59,15.81,332.91,-62.06,-145.42,8.358,,0.9576,69.0,0.338,272.06,34.2,FMCG / Consumer,0.0,8.0,4.0,0.0,12.0,24.0,1.0,,"Earnings contraction, Negative operating cash flow, Negative free cash flow",0.0,24.0,,39.96,24.0,"Below 200 DMA, Earnings contraction, Negative operating cash flow, Negative free cash flow",0.0,Avoid,"RSI recovering, Strong positive day move, Positive 1M return, 80.8% of closes stayed inside the range | Range width 28.2% | Currently 10.6% through the range"
DBOL,Consumer Defensive,Farm Products,129.76,-1.81,108.73,214.47,19.34,39.5,56.24,126.81,146.63,206290.65,124390.0,0.6,Bullish,40.0,"Above 50 DMA, Healthy RSI momentum, Near 52W low zone",12.68,-9.37,-14.55,2.42,3.69,13.36,10.26,-13.06,-27.91,25.0,"Strong 1M absolute return, 1M Nifty outperformance",51.56,Lower Range Watch,72.45,118.84,152.36,28.21,32.57,80.0% of closes stayed inside the range | Range width 28.2% | Currently 32.6% through the range,4.6,2.01,5.05,2.53,-22.28,-58.15,104.5,1.19,0.16,5.99,1056.95,-101.33,-272.02,32.2416,,0.811,1.2,0.516,825.12,23.1,General,0.0,0.0,4.0,0.0,9.0,13.0,1.0,,"Revenue contraction, Earnings contraction, Negative operating cash flow, Negative free cash flow",0.0,13.0,,39.96,29.0,"Below 200 DMA, Revenue contraction, Earnings contraction, Negative operating cash flow, Negative free cash flow",0.0,Avoid,"Above 50 DMA, Healthy RSI momentum, Near 52W low zone, Strong 1M absolute return, 1M Nifty outperformance, 80.0% of closes stayed inside the range | Range width 28.2% | Currently 32.6% through the range"
CURAA,Technology,Software - Application,32.0,0.0,32.0,32.0,0.0,0.0,100.0,32.0,32.0,0.0,0.0,0.0,Bearish,25.0,"Strong but overbought RSI, Near 52W high momentum, Near 52W low with stable RSI",0.0,0.0,0.0,2.42,3.69,13.36,-2.42,-3.69,-13.36,0.0,,100.0,,,,,,,,-121.61,-121.61,,,,-26780.0,0.0,,,0.77,0.0,-0.99,-0.99,,,10.8655,,-0.21,69.35,16.38,IT / Technology,0.0,0.0,12.0,0.0,0.0,12.0,0.5,Net cash position,"Earnings contraction, Negative operating cash flow, Negative free cash flow",0.0,12.0,,52.93,19.0,"Low volume participation, Earnings contraction, Negative operating cash flow, Negative free cash flow",0.0,Avoid,"Strong but overbought RSI, Near 52W high momentum, Near 52W low with stable RSI, Net cash position"
AQYLON,Communication Services,Broadcasting,89.1,4.95,41.25,375.0,116.0,76.24,21.27,287.44,211.91,93.3,124.0,1.33,Bearish,24.0,"Oversold RSI, Volume expansion, Strong positive day move",-76.24,-74.9,-46.0,2.42,3.69,13.36,-78.66,-78.59,-59.36,0.0,,96.43,Accumulation Zone,68.8,84.5,375.0,343.79,1.58,90.0% of closes stayed inside the range | Range width 343.8% | Currently 1.6% through the range,-188.42,-28.79,-782.24,-770.5,,0.0,482.02,0.48,0.48,24.69,54.4,-10.72,-10.72,20.8585,,-97.4009,,0.004,561.0,38.14,Telecom,0.0,0.0,0.0,0.0,6.0,6.0,0.86,,"Negative net margin, Very high debt, Negative operating cash flow, Negative free cash flow",0.0,6.0,,33.96,46.0,"Below 200 DMA, Extreme RSI weakness, Far from 52W high, Very high debt, Negative net margin, Negative operating cash flow, Negative free cash flow",0.0,Avoid,"Oversold RSI, Volume expansion, Strong positive day move, 90.0% of closes stayed inside the range | Range width 343.8% | Currently 1.6% through the range"
DANGEE,Consumer Cyclical,Restaurants,8.5,3.03,7.65,32.45,11.11,73.81,41.11,10.13,11.34,750430.65,511637.0,0.68,Bearish,23.0,"Weak but watchable RSI, Near 52W low zone, Strong positive day move",-3.95,-26.41,-23.08,2.42,3.69,13.36,-6.37,-30.1,-36.44,0.0,,95.95,Accumulation Zone,72.5,8.89,12.15,36.65,0.0,80.0% of closes stayed inside the range | Range width 36.6% | Currently 0.0% through the range,-5.4,-2.22,-0.22,-3.53,-2.39,-39.95,126.7,0.26,0.11,0.38,20.65,5.67,5.41,,,3.0074,,0.202,44.04,47.01,Consumer Discretionary,0.0,0.0,2.0,17.0,2.0,21.0,0.86,,"Negative net margin, Revenue contraction, Earnings contraction",0.0,21.0,,41.86,28.0,"Below 200 DMA, Far from 52W high, Negative net margin, Earnings contraction",0.0,Avoid,"Weak but watchable RSI, Near 52W low zone, Strong positive day move, 80.0% of closes stayed inside the range | Range width 36.6% | Currently 0.0% through the range"
AMBICAAGAR,Consumer Defensive,Household & Personal Products,29.15,-1.52,19.15,43.2,52.22,32.52,53.6,30.83,33.25,49702.2,34857.0,0.7,Bearish,20.0,Healthy RSI momentum,4.86,-6.57,-22.58,2.42,3.69,13.36,2.44,-10.26,-35.94,8.0,Positive 1M return,85.94,Accumulation Zone,71.4,27.7,35.05,26.55,19.71,80.8% of closes stayed inside the range | Range width 26.6% | Currently 19.7% through the range,-3.62,-1.73,3.35,-3.74,-16.54,-244.86,66.47,3.66,3.39,1.43,67.32,4.52,1.36,12.6834,,0.5858,,-0.034,43.36,14.81,FMCG / Consumer,0.0,0.0,12.0,17.0,10.0,39.0,0.93,,"Negative net margin, Revenue contraction, Earnings contraction",0.0,39.0,,39.96,28.0,"Below 200 DMA, Negative net margin, Revenue contraction, Earnings contraction",0.0,Avoid,"Healthy RSI momentum, Positive 1M return, 80.8% of closes stayed inside the range | Range width 26.6% | Currently 19.7% through the range"
AKG,Industrials,Industrial Distribution,20.55,1.73,17.6,45.35,16.76,54.69,51.65,21.06,24.71,80395.0,62245.0,0.77,Bearish,30.0,"Healthy RSI momentum, Near 52W low zone, Positive day move",3.79,-13.11,-20.35,2.42,3.69,13.36,1.37,-16.8,-33.71,8.0,Positive 1M return,90.48,Accumulation Zone,72.06,19.85,27.9,40.61,8.75,80.0% of closes stayed inside the range | Range width 40.6% | Currently 8.7% through the range,3.05,2.04,1.66,0.87,-16.98,-37.54,26.95,2.92,2.62,1.35,14.17,-3.04,-4.95,83.2727,,0.5933,,0.544,29.11,9.23,Capital Goods / Infra,0.0,0.0,15.0,0.0,4.0,19.0,0.93,,"Revenue contraction, Earnings contraction, Negative operating cash flow, Negative free cash flow, Very high PE",0.0,19.0,,49.69,29.0,"Below 200 DMA, Revenue contraction, Earnings contraction, Negative operating cash flow, Negative free cash flow",0.0,Avoid,"Healthy RSI momentum, Near 52W low zone, Positive day move, Positive 1M return, 80.0% of closes stayed inside the range | Range width 40.6% | Currently 8.7% through the range"
DWARKESH,Consumer Defensive,Confectioners,72.35,-0.07,66.34,108.8,9.06,33.5,42.02,77.11,86.89,1493365.8,794014.0,0.53,Bearish,16.0,"Weak but watchable RSI, Near 52W low with stable RSI",-5.1,-13.49,-27.56,2.42,3.69,13.36,-7.52,-17.18,-40.92,0.0,,100.0,Accumulation Zone,73.67,75.19,89.5,19.03,0.0,80.0% of closes stayed inside the range | Range width 19.0% | Currently 0.0% through the range,10.16,5.9,8.92,4.89,-18.27,-20.27,55.44,2.16,0.22,0.57,455.77,13.37,-37.41,65.6835,,1.1603,20.0,-0.022,961.53,16.54,General,4.0,0.0,9.0,9.0,6.0,28.0,1.0,,"Revenue contraction, Earnings contraction, Negative free cash flow",2.0,30.0,General low-debt support,39.96,24.0,"Below 200 DMA, Revenue contraction, Earnings contraction, Negative free cash flow",0.0,Avoid,"Weak but watchable RSI, Near 52W low with stable RSI, 80.0% of closes stayed inside the range | Range width 19.0% | Currently 0.0% through the range"
