symbol,sector,industry,current_price,day_change_pct,low_52w,high_52w,distance_from_low_pct,distance_from_high_pct,rsi,sma50,sma200,avg_volume_20d,latest_volume,volume_ratio,trend,technical_score,technical_reasons,return_1m,return_3m,return_6m,nifty_return_1m,nifty_return_3m,nifty_return_6m,return_vs_nifty_1m,return_vs_nifty_3m,return_vs_nifty_6m,relative_strength_score,relative_strength_reasons,sector_rank_pct,range_status,range_score,range_low,range_high,range_width_pct,range_position_pct,range_reasons,company_name,sector_yf,industry_yf,sector_bucket,market_cap_cr,market_cap_cr_known,trailing_pe,trailing_pe_known,forward_pe,forward_pe_known,price_to_book,price_to_book_known,debt_to_equity,debt_to_equity_known,roe,roe_known,roa,roa_known,operating_margin,operating_margin_known,net_profit_margin,net_profit_margin_known,gross_margin,gross_margin_known,revenue_growth,revenue_growth_known,earnings_growth,earnings_growth_known,current_ratio,current_ratio_known,quick_ratio,quick_ratio_known,total_cash_cr,total_cash_cr_known,total_debt_cr,total_debt_cr_known,free_cashflow_cr,free_cashflow_cr_known,operating_cashflow_cr,operating_cashflow_cr_known,dividend_yield,dividend_yield_known,beta,beta_known,profitability_score,growth_score,balance_sheet_score,cashflow_score,valuation_score,fundamental_score,fundamental_data_coverage,fundamental_reasons,fundamental_risk_reasons,sector_adjustment,sector_adjusted_fundamental_score,sector_adjustment_reasons,sector_score,risk_penalty,risk_reasons,final_score,score_band,reasons,scan_time
OFSS,Technology,Software - Infrastructure,12540.0,2.87,6060.86,12540.0,106.9,0.0,69.07,11410.66,8778.63,220066.95,480609.0,2.18,Bullish,85.0,"Above 50 DMA, Above 200 DMA, Healthy RSI momentum, Near 52W high momentum, Strong volume expansion, Strong positive day move",10.66,24.18,88.37,-2.8,2.88,-5.5,13.46,21.3,93.87,100.0,"Strong 1M absolute return, Strong 3M absolute return, Strong 6M absolute return, 1M Nifty outperformance, 3M Nifty outperformance, 6M Nifty outperformance, Positive across 1M/3M/6M",4.78,Breakout Watch,79.62,6682.46,11760.2,75.99,100.0,80.0% of closes stayed inside the range | Range width 76.0% | Currently 100.0% through the range | Above upper band on elevated volume,Oracle Financial Services Software Limited,Technology,Software - Infrastructure,IT / Technology,106154.33,True,30.303,True,26.8887,True,15.3221,True,0.567,True,49.9,True,30.94,True,59.57,True,38.15,True,58.6,True,68.7,True,120.2,True,4.413,True,3.946,True,4773.4,True,39.3,True,3088.42,True,3601.2,True,5.46,True,0.496,True,25.0,20.0,20.0,17.0,9.0,91.0,1.0,"Strong ROE, Cash covers debt",,10.0,100.0,"Strong ROE for an asset-light business, Strong operating margin",35.62,0.0,,86.59,High Conviction,"Above 50 DMA, Above 200 DMA, Healthy RSI momentum, Near 52W high momentum, Strong volume expansion, Strong positive day move, Strong ROE, Cash covers debt, Strong 1M absolute return, Strong 3M absolute return, Strong 6M absolute return, 1M Nifty outperformance, 3M Nifty outperformance, 6M Nifty outperformance, Positive across 1M/3M/6M, 80.0% of closes stayed inside the range | Range width 76.0% | Currently 100.0% through the range | Above upper band on elevated volume",2026-08-31 23:07 IST
CRISIL,Financial Services,Financial Data & Stock Exchanges,4821.8,2.52,3669.91,5038.99,31.39,4.31,71.99,4317.45,4283.57,50552.75,120030.0,2.37,Bullish,72.0,"Above 50 DMA, Above 200 DMA, Strong but overbought RSI, Near 52W high momentum, Strong volume expansion, Strong positive day move",10.6,24.29,11.48,-2.8,2.88,-5.5,13.4,21.41,16.98,95.0,"Strong 1M absolute return, Strong 3M absolute return, Positive 6M return, 1M Nifty outperformance, 3M Nifty outperformance, 6M Nifty outperformance, Positive across 1M/3M/6M",6.56,Breakout Watch,85.94,3878.42,4485.0,15.64,100.0,80.0% of closes stayed inside the range | Range width 15.6% | Currently 100.0% through the range | Above upper band on elevated volume,CRISIL Limited,Financial Services,Financial Data & Stock Exchanges,Financial Services,34610.24,True,39.1553,True,31.4424,True,10.5795,True,10.23,True,29.05,True,14.87,True,24.68,True,21.43,True,47.0,True,27.6,True,26.2,True,1.868,True,1.402,True,916.31,True,334.66,True,507.05,True,865.11,True,85.0,True,0.166,True,24.0,20.0,18.0,17.0,7.0,86.0,1.0,"Strong ROE, Cash covers debt",,2.0,88.0,"Strong ROE for a leveraged-balance-sheet business, Expensive relative to book value for this sector",38.62,0.0,,78.34,High Conviction,"Above 50 DMA, Above 200 DMA, Strong but overbought RSI, Near 52W high momentum, Strong volume expansion, Strong positive day move, Strong ROE, Cash covers debt, Strong 1M absolute return, Strong 3M absolute return, Positive 6M return, 1M Nifty outperformance, 3M Nifty outperformance, 6M Nifty outperformance, Positive across 1M/3M/6M, 80.0% of closes stayed inside the range | Range width 15.6% | Currently 100.0% through the range | Above upper band on elevated volume",2026-08-31 23:07 IST
PERSISTENT,Technology,Information Technology Services,5594.5,-4.77,4229.81,6552.65,32.26,14.62,53.93,5223.0,5428.9,450851.95,1111436.0,2.47,Bullish,75.0,"Above 50 DMA, Above 200 DMA, Healthy RSI momentum, Near 52W high momentum, Strong volume expansion",0.35,9.61,20.13,-2.8,2.88,-5.5,3.15,6.73,25.63,53.0,"Positive 1M return, Positive 3M return, Positive 6M return, 6M Nifty outperformance, Positive across 1M/3M/6M",27.71,Profit Booking Zone,86.23,4696.86,5537.3,17.89,100.0,80.0% of closes stayed inside the range | Range width 17.9% | Currently 100.0% through the range,Persistent Systems Limited,Technology,Information Technology Services,IT / Technology,91785.74,True,46.2963,True,33.25,True,10.9172,True,6.94,True,25.2,True,14.81,True,15.96,True,12.24,True,31.68,True,29.1,True,12.1,True,2.711,True,2.074,True,1952.19,True,584.13,True,842.49,True,1464.72,True,61.0,True,0.082,True,21.0,15.0,20.0,17.0,7.0,80.0,1.0,"Strong ROE, Cash covers debt",,5.0,85.0,Strong ROE for an asset-light business,35.62,0.0,,67.09,Strong,"Above 50 DMA, Above 200 DMA, Healthy RSI momentum, Near 52W high momentum, Strong volume expansion, Strong ROE, Cash covers debt, Positive 1M return, Positive 3M return, Positive 6M return, 6M Nifty outperformance, Positive across 1M/3M/6M, 80.0% of closes stayed inside the range | Range width 17.9% | Currently 100.0% through the range",2026-08-31 23:07 IST
AUROPHARMA,Healthcare,Drug Manufacturers - Specialty & Generic,1717.0,4.89,1016.1,1717.0,68.98,0.0,68.33,1586.22,1364.5,1092415.75,2416699.0,2.21,Bullish,85.0,"Above 50 DMA, Above 200 DMA, Healthy RSI momentum, Near 52W high momentum, Strong volume expansion, Strong positive day move",8.66,19.2,40.69,-2.8,2.88,-5.5,11.46,16.32,46.19,88.0,"Positive 1M return, Positive 3M return, Strong 6M absolute return, 1M Nifty outperformance, 3M Nifty outperformance, 6M Nifty outperformance, Positive across 1M/3M/6M",29.8,Breakout Watch,87.47,1311.49,1621.38,23.63,100.0,80.0% of closes stayed inside the range | Range width 23.6% | Currently 100.0% through the range | Above upper band on elevated volume,Aurobindo Pharma Limited,Healthcare,Drug Manufacturers - Specialty & Generic,Pharma / Healthcare,94666.93,True,25.7038,True,17.6951,True,2.522,True,21.31,True,,False,,False,15.24,True,10.63,True,58.85,True,16.3,True,25.8,True,,False,,False,10584.92,True,8072.84,True,,False,,False,24.0,True,0.022,True,6.0,18.0,10.0,0.0,13.0,47.0,0.57,Cash covers debt,,2.0,49.0,General low-debt support,44.2,0.0,,67.03,Strong,"Above 50 DMA, Above 200 DMA, Healthy RSI momentum, Near 52W high momentum, Strong volume expansion, Strong positive day move, Cash covers debt, Positive 1M return, Positive 3M return, Strong 6M absolute return, 1M Nifty outperformance, 3M Nifty outperformance, 6M Nifty outperformance, Positive across 1M/3M/6M, 80.0% of closes stayed inside the range | Range width 23.6% | Currently 100.0% through the range | Above upper band on elevated volume",2026-08-31 23:07 IST
DIVISLAB,Healthcare,Drug Manufacturers - Specialty & Generic,9467.0,2.47,5613.35,9467.0,68.65,0.0,83.9,7715.04,6697.42,440853.6,680784.0,1.54,Bullish,67.0,"Above 50 DMA, Above 200 DMA, Strong but overbought RSI, Near 52W high momentum, Volume expansion, Strong positive day move",10.27,44.11,48.33,-2.8,2.88,-5.5,13.07,41.23,53.83,100.0,"Strong 1M absolute return, Strong 3M absolute return, Strong 6M absolute return, 1M Nifty outperformance, 3M Nifty outperformance, 6M Nifty outperformance, Positive across 1M/3M/6M",7.28,Breakout Watch,81.11,6040.69,8506.0,40.81,100.0,80.0% of closes stayed inside the range | Range width 40.8% | Currently 100.0% through the range | Above upper band on elevated volume,Divi's Laboratories Limited,Healthcare,Drug Manufacturers - Specialty & Generic,Pharma / Healthcare,245266.41,True,93.4554,True,61.3993,True,14.6332,True,0.042,True,,False,,False,36.66,True,26.05,True,61.24,True,27.8,True,65.7,True,,False,,False,3233.0,True,7.0,True,,False,,False,32.0,True,0.22,True,12.0,20.0,12.0,0.0,5.0,49.0,0.57,Cash covers debt,Very high PE,2.0,51.0,General low-debt support,44.2,0.0,,66.23,Strong,"Above 50 DMA, Above 200 DMA, Strong but overbought RSI, Near 52W high momentum, Volume expansion, Strong positive day move, Cash covers debt, Strong 1M absolute return, Strong 3M absolute return, Strong 6M absolute return, 1M Nifty outperformance, 3M Nifty outperformance, 6M Nifty outperformance, Positive across 1M/3M/6M, 80.0% of closes stayed inside the range | Range width 40.8% | Currently 100.0% through the range | Above upper band on elevated volume",2026-08-31 23:07 IST
LAURUSLABS,Healthcare,Drug Manufacturers - Specialty & Generic,1915.0,-1.21,821.6,1949.0,133.08,1.74,69.25,1684.21,1254.03,3392609.25,30521088.0,9.0,Bullish,75.0,"Above 50 DMA, Above 200 DMA, Healthy RSI momentum, Near 52W high momentum, Strong volume expansion",5.72,34.18,79.99,-2.8,2.88,-5.5,8.52,31.3,85.49,98.0,"Positive 1M return, Strong 3M absolute return, Strong 6M absolute return, 1M Nifty outperformance, 3M Nifty outperformance, 6M Nifty outperformance, Positive across 1M/3M/6M",16.56,Breakout Watch,77.51,1039.74,1830.5,76.05,100.0,80.0% of closes stayed inside the range | Range width 76.1% | Currently 100.0% through the range | Above upper band on elevated volume,Laurus Labs Limited,Healthcare,Drug Manufacturers - Specialty & Generic,Pharma / Healthcare,104739.52,True,95.258,True,68.5997,True,19.7454,True,46.369,True,,False,,False,25.39,True,15.04,True,59.45,True,29.1,True,125.2,True,,False,,False,113.7,True,2518.48,True,,False,,False,12.0,True,0.357,True,11.0,20.0,7.0,0.0,5.0,43.0,0.57,,Very high PE,2.0,45.0,General low-debt support,44.2,0.0,,65.63,Strong,"Above 50 DMA, Above 200 DMA, Healthy RSI momentum, Near 52W high momentum, Strong volume expansion, Positive 1M return, Strong 3M absolute return, Strong 6M absolute return, 1M Nifty outperformance, 3M Nifty outperformance, 6M Nifty outperformance, Positive across 1M/3M/6M, 80.0% of closes stayed inside the range | Range width 76.1% | Currently 100.0% through the range | Above upper band on elevated volume",2026-08-31 23:07 IST
POLYCAB,Industrials,Electrical Equipment & Parts,9445.0,3.93,6631.53,10126.0,42.43,6.73,59.94,9253.83,8280.08,267402.8,386387.0,1.44,Bullish,80.0,"Above 50 DMA, Above 200 DMA, Healthy RSI momentum, Near 52W high momentum, Volume expansion, Strong positive day move",4.55,-2.34,11.01,-2.8,2.88,-5.5,7.35,-5.22,16.51,43.0,"Positive 1M return, Positive 6M return, 1M Nifty outperformance, 6M Nifty outperformance",38.54,Profit Booking Zone,83.74,7158.19,9620.03,34.39,92.89,80.0% of closes stayed inside the range | Range width 34.4% | Currently 92.9% through the range,Polycab India Limited,Industrials,Electrical Equipment & Parts,Capital Goods / Infra,136897.14,True,47.8467,True,35.7224,True,11.3129,True,1.738,True,25.55,True,13.4,True,12.72,True,9.18,True,24.48,True,39.0,True,32.5,True,1.74,True,0.836,True,4027.66,True,212.57,True,1802.32,True,3560.47,True,52.0,True,0.636,True,19.0,20.0,16.0,17.0,7.0,79.0,1.0,"Strong ROE, Cash covers debt",,5.0,84.0,Strong order-book-driven revenue growth,35.91,0.0,,65.54,Strong,"Above 50 DMA, Above 200 DMA, Healthy RSI momentum, Near 52W high momentum, Volume expansion, Strong positive day move, Strong ROE, Cash covers debt, Positive 1M return, Positive 6M return, 1M Nifty outperformance, 6M Nifty outperformance, 80.0% of closes stayed inside the range | Range width 34.4% | Currently 92.9% through the range",2026-08-31 23:07 IST
ANANDRATHI,Financial Services,Asset Management,2204.2,0.98,1351.2,2239.0,63.13,1.55,66.7,2080.45,1722.72,220353.2,421826.0,1.91,Bullish,75.0,"Above 50 DMA, Above 200 DMA, Healthy RSI momentum, Near 52W high momentum, Volume expansion, Positive day move",6.29,23.47,43.6,-2.8,2.88,-5.5,9.09,20.59,49.1,98.0,"Positive 1M return, Strong 3M absolute return, Strong 6M absolute return, 1M Nifty outperformance, 3M Nifty outperformance, 6M Nifty outperformance, Positive across 1M/3M/6M",4.52,Profit Booking Zone,83.0,1552.28,2164.75,39.46,100.0,80.0% of closes stayed inside the range | Range width 39.5% | Currently 100.0% through the range,Anand Rathi Wealth Limited,Financial Services,Asset Management,Financial Services,36751.57,True,80.4873,True,65.7673,True,36.8194,True,8.25,True,,False,,False,48.53,True,33.19,True,57.81,True,52.1,True,71.0,True,,False,,False,454.8,True,83.48,True,,False,,False,32.0,True,0.337,True,12.0,20.0,12.0,0.0,5.0,49.0,0.57,Cash covers debt,Very high PE,-4.0,45.0,Expensive relative to book value for this sector,38.62,0.0,,64.79,Watchlist,"Above 50 DMA, Above 200 DMA, Healthy RSI momentum, Near 52W high momentum, Volume expansion, Positive day move, Cash covers debt, Positive 1M return, Strong 3M absolute return, Strong 6M absolute return, 1M Nifty outperformance, 3M Nifty outperformance, 6M Nifty outperformance, Positive across 1M/3M/6M, 80.0% of closes stayed inside the range | Range width 39.5% | Currently 100.0% through the range",2026-08-31 23:07 IST
NAVINFLUOR,Basic Materials,Chemicals,8675.5,1.26,4488.29,8775.5,93.29,1.14,67.69,7856.9,6720.29,354106.55,216394.0,0.61,Bullish,65.0,"Above 50 DMA, Above 200 DMA, Healthy RSI momentum, Near 52W high momentum, Positive day move",14.64,23.46,38.83,-2.8,2.88,-5.5,17.44,20.58,44.33,100.0,"Strong 1M absolute return, Strong 3M absolute return, Strong 6M absolute return, 1M Nifty outperformance, 3M Nifty outperformance, 6M Nifty outperformance, Positive across 1M/3M/6M",4.73,Profit Booking Zone,81.87,6172.67,8206.75,32.95,100.0,80.0% of closes stayed inside the range | Range width 33.0% | Currently 100.0% through the range,Navin Fluorine International Limited,Basic Materials,Chemicals,Chemicals,43701.69,True,55.2331,True,42.4903,True,10.9825,True,32.091,True,,False,,False,30.18,True,21.73,True,56.75,True,44.1,True,100.9,True,,False,,False,1303.05,True,1275.48,True,,False,,False,18.0,True,0.239,True,12.0,20.0,10.0,0.0,7.0,49.0,0.57,Cash covers debt,,2.0,51.0,General low-debt support,36.18,0.0,,64.53,Watchlist,"Above 50 DMA, Above 200 DMA, Healthy RSI momentum, Near 52W high momentum, Positive day move, Cash covers debt, Strong 1M absolute return, Strong 3M absolute return, Strong 6M absolute return, 1M Nifty outperformance, 3M Nifty outperformance, 6M Nifty outperformance, Positive across 1M/3M/6M, 80.0% of closes stayed inside the range | Range width 33.0% | Currently 100.0% through the range",2026-08-31 23:07 IST
ETERNAL,Consumer Cyclical,Internet Retail,328.1,0.03,212.6,368.45,54.33,10.95,65.77,298.97,273.24,37311640.45,271308343.0,7.27,Bullish,80.0,"Above 50 DMA, Above 200 DMA, Healthy RSI momentum, Near 52W high momentum, Strong volume expansion, Positive day move",5.67,29.0,35.09,-2.8,2.88,-5.5,8.47,26.12,40.59,98.0,"Positive 1M return, Strong 3M absolute return, Strong 6M absolute return, 1M Nifty outperformance, 3M Nifty outperformance, 6M Nifty outperformance, Positive across 1M/3M/6M",11.79,Breakout Watch,86.57,234.48,318.0,35.62,100.0,81.7% of closes stayed inside the range | Range width 35.6% | Currently 100.0% through the range | Above upper band on elevated volume,Eternal Limited,Consumer Cyclical,Internet Retail,Consumer Discretionary,301936.91,True,713.0435,True,88.3554,True,9.6958,True,14.826,True,,False,,False,0.24,True,0.64,True,35.19,True,182.0,True,233.3,True,,False,,False,6614.0,True,4592.0,True,,False,,False,,False,0.225,True,0.0,20.0,12.0,0.0,3.0,35.0,0.5,Cash covers debt,Very high PE,2.0,37.0,General low-debt support,36.37,0.0,,62.91,Watchlist,"Above 50 DMA, Above 200 DMA, Healthy RSI momentum, Near 52W high momentum, Strong volume expansion, Positive day move, Cash covers debt, Positive 1M return, Strong 3M absolute return, Strong 6M absolute return, 1M Nifty outperformance, 3M Nifty outperformance, 6M Nifty outperformance, Positive across 1M/3M/6M, 81.7% of closes stayed inside the range | Range width 35.6% | Currently 100.0% through the range | Above upper band on elevated volume",2026-08-31 23:07 IST
LENSKART,Healthcare,Medical Instruments & Supplies,662.4,4.13,356.1,674.9,86.02,1.85,73.03,570.69,501.4,13715765.7,111703317.0,8.14,Bullish,72.0,"Above 50 DMA, Above 200 DMA, Strong but overbought RSI, Near 52W high momentum, Strong volume expansion, Strong positive day move",16.55,29.11,25.97,-2.8,2.88,-5.5,19.35,26.23,31.47,95.0,"Strong 1M absolute return, Strong 3M absolute return, Positive 6M return, 1M Nifty outperformance, 3M Nifty outperformance, 6M Nifty outperformance, Positive across 1M/3M/6M",22.85,Breakout Watch,85.17,495.18,597.97,20.76,100.0,80.0% of closes stayed inside the range | Range width 20.8% | Currently 100.0% through the range | Above upper band on elevated volume,Lenskart Solutions Limited,Healthcare,Medical Instruments & Supplies,Pharma / Healthcare,110145.57,True,169.64,True,90.0432,True,12.6408,True,34.983,True,,False,,False,10.46,True,6.8,True,68.97,True,43.3,True,258.1,True,,False,,False,3674.03,True,3096.6,True,,False,,False,,False,,False,6.0,20.0,10.0,0.0,3.0,39.0,0.5,Cash covers debt,Very high PE,2.0,41.0,General low-debt support,44.2,0.0,,62.73,Watchlist,"Above 50 DMA, Above 200 DMA, Strong but overbought RSI, Near 52W high momentum, Strong volume expansion, Strong positive day move, Cash covers debt, Strong 1M absolute return, Strong 3M absolute return, Positive 6M return, 1M Nifty outperformance, 3M Nifty outperformance, 6M Nifty outperformance, Positive across 1M/3M/6M, 80.0% of closes stayed inside the range | Range width 20.8% | Currently 100.0% through the range | Above upper band on elevated volume",2026-08-31 23:07 IST
GLAND,Healthcare,Drug Manufacturers - Specialty & Generic,2885.8,0.43,1561.8,3039.8,84.77,5.07,64.8,2566.02,2007.87,881370.75,370764.0,0.42,Bullish,65.0,"Above 50 DMA, Above 200 DMA, Healthy RSI momentum, Near 52W high momentum, Positive day move",16.17,30.25,59.57,-2.8,2.88,-5.5,18.97,27.37,65.07,100.0,"Strong 1M absolute return, Strong 3M absolute return, Strong 6M absolute return, 1M Nifty outperformance, 3M Nifty outperformance, 6M Nifty outperformance, Positive across 1M/3M/6M",7.28,Profit Booking Zone,76.68,1682.64,2819.37,67.56,100.0,80.0% of closes stayed inside the range | Range width 67.6% | Currently 100.0% through the range,Gland Pharma Limited,Healthcare,Drug Manufacturers - Specialty & Generic,Pharma / Healthcare,47642.37,True,42.2284,True,29.9517,True,4.5937,True,2.738,True,,False,,False,21.0,True,16.78,True,59.16,True,19.6,True,46.9,True,,False,,False,3359.11,True,283.59,True,,False,,False,70.0,True,0.566,True,10.0,18.0,12.0,0.0,9.0,49.0,0.57,Cash covers debt,,2.0,51.0,General low-debt support,44.2,3.0,Low volume participation,62.73,Watchlist,"Above 50 DMA, Above 200 DMA, Healthy RSI momentum, Near 52W high momentum, Positive day move, Cash covers debt, Strong 1M absolute return, Strong 3M absolute return, Strong 6M absolute return, 1M Nifty outperformance, 3M Nifty outperformance, 6M Nifty outperformance, Positive across 1M/3M/6M, 80.0% of closes stayed inside the range | Range width 67.6% | Currently 100.0% through the range",2026-08-31 23:07 IST
AJANTPHARM,Healthcare,Drug Manufacturers - Specialty & Generic,3601.9,1.26,2283.14,3796.0,57.76,5.11,58.47,3437.7,2975.91,78537.95,61973.0,0.79,Bullish,65.0,"Above 50 DMA, Above 200 DMA, Healthy RSI momentum, Near 52W high momentum, Positive day move",3.44,23.31,22.48,-2.8,2.88,-5.5,6.24,20.43,27.98,88.0,"Positive 1M return, Strong 3M absolute return, Positive 6M return, 1M Nifty outperformance, 3M Nifty outperformance, 6M Nifty outperformance, Positive across 1M/3M/6M",29.8,Profit Booking Zone,82.63,2770.86,3544.42,27.92,100.0,80.0% of closes stayed inside the range | Range width 27.9% | Currently 100.0% through the range,Ajanta Pharma Limited,Healthcare,Drug Manufacturers - Specialty & Generic,Pharma / Healthcare,44447.92,True,39.0622,True,30.5092,True,9.8164,True,5.874,True,,False,,False,25.2,True,19.65,True,77.22,True,24.8,True,30.8,True,,False,,False,663.11,True,265.91,True,,False,,False,1.8,True,0.216,True,12.0,18.0,12.0,0.0,6.0,48.0,0.57,Cash covers debt,,2.0,50.0,General low-debt support,44.2,0.0,,62.38,Watchlist,"Above 50 DMA, Above 200 DMA, Healthy RSI momentum, Near 52W high momentum, Positive day move, Cash covers debt, Positive 1M return, Strong 3M absolute return, Positive 6M return, 1M Nifty outperformance, 3M Nifty outperformance, 6M Nifty outperformance, Positive across 1M/3M/6M, 80.0% of closes stayed inside the range | Range width 27.9% | Currently 100.0% through the range",2026-08-31 23:07 IST
NAUKRI,Communication Services,Internet Content & Information,1313.0,-3.03,905.51,1423.55,45.0,7.77,53.92,1209.16,1147.71,1968830.55,2322268.0,1.18,Bullish,65.0,"Above 50 DMA, Above 200 DMA, Healthy RSI momentum, Near 52W high momentum, Normal volume support",3.48,30.55,31.9,-2.8,2.88,-5.5,6.28,27.67,37.4,98.0,"Positive 1M return, Strong 3M absolute return, Strong 6M absolute return, 1M Nifty outperformance, 3M Nifty outperformance, 6M Nifty outperformance, Positive across 1M/3M/6M",3.79,Profit Booking Zone,80.17,953.45,1330.9,39.59,95.26,80.0% of closes stayed inside the range | Range width 39.6% | Currently 95.3% through the range,Info Edge (India) Limited,Communication Services,Internet Content & Information,Telecom,87703.67,True,54.0519,True,58.55,True,2.3133,True,0.64,True,,False,,False,34.81,True,47.4,True,56.39,True,11.4,True,50.7,True,,False,,False,4588.54,True,258.53,True,,False,,False,1.08,True,0.288,True,12.0,15.0,12.0,0.0,7.0,46.0,0.57,Cash covers debt,,2.0,48.0,General low-debt support,29.28,0.0,,61.94,Watchlist,"Above 50 DMA, Above 200 DMA, Healthy RSI momentum, Near 52W high momentum, Normal volume support, Cash covers debt, Positive 1M return, Strong 3M absolute return, Strong 6M absolute return, 1M Nifty outperformance, 3M Nifty outperformance, 6M Nifty outperformance, Positive across 1M/3M/6M, 80.0% of closes stayed inside the range | Range width 39.6% | Currently 95.3% through the range",2026-08-31 23:07 IST
KPRMILL,Consumer Cyclical,Textile Manufacturing,1177.6,4.54,794.35,1331.08,48.25,11.53,63.8,1116.02,981.45,294564.1,908859.0,3.09,Bullish,85.0,"Above 50 DMA, Above 200 DMA, Healthy RSI momentum, Near 52W high momentum, Strong volume expansion, Strong positive day move",12.17,8.69,31.45,-2.8,2.88,-5.5,14.97,5.81,36.95,80.0,"Strong 1M absolute return, Positive 3M return, Strong 6M absolute return, 1M Nifty outperformance, 6M Nifty outperformance, Positive across 1M/3M/6M",22.28,Profit Booking Zone,85.38,837.3,1151.76,37.56,100.0,80.0% of closes stayed inside the range | Range width 37.6% | Currently 100.0% through the range,K.P.R. Mill Limited,Consumer Cyclical,Textile Manufacturing,Consumer Discretionary,38711.9,True,42.3296,True,30.8568,True,6.7804,True,10.463,True,,False,,False,16.45,True,13.38,True,38.66,True,9.6,True,21.5,True,,False,,False,1429.89,True,596.14,True,,False,,False,44.0,True,0.283,True,8.0,13.0,12.0,0.0,7.0,40.0,0.57,Cash covers debt,,2.0,42.0,General low-debt support,36.37,0.0,,61.41,Watchlist,"Above 50 DMA, Above 200 DMA, Healthy RSI momentum, Near 52W high momentum, Strong volume expansion, Strong positive day move, Cash covers debt, Strong 1M absolute return, Positive 3M return, Strong 6M absolute return, 1M Nifty outperformance, 6M Nifty outperformance, Positive across 1M/3M/6M, 80.0% of closes stayed inside the range | Range width 37.6% | Currently 100.0% through the range",2026-08-31 23:07 IST
SONACOMS,Consumer Cyclical,Auto Parts,813.05,-0.24,399.83,844.0,103.35,3.67,61.53,733.01,579.08,2067523.75,1604737.0,0.78,Bullish,60.0,"Above 50 DMA, Above 200 DMA, Healthy RSI momentum, Near 52W high momentum",3.57,35.64,57.64,-2.8,2.88,-5.5,6.37,32.76,63.14,98.0,"Positive 1M return, Strong 3M absolute return, Strong 6M absolute return, 1M Nifty outperformance, 3M Nifty outperformance, 6M Nifty outperformance, Positive across 1M/3M/6M",11.79,Profit Booking Zone,77.02,508.73,805.47,58.33,100.0,80.0% of closes stayed inside the range | Range width 58.3% | Currently 100.0% through the range,Sona BLW Precision Forgings Limited,Consumer Cyclical,Auto Parts,Automobile,50847.09,True,72.9633,True,48.3133,True,8.4709,True,7.213,True,,False,,False,16.64,True,14.21,True,49.92,True,52.4,True,44.3,True,,False,,False,1228.9,True,442.29,True,,False,,False,44.0,True,0.449,True,8.0,20.0,12.0,0.0,5.0,45.0,0.57,Cash covers debt,,2.0,47.0,General low-debt support,36.37,0.0,,61.41,Watchlist,"Above 50 DMA, Above 200 DMA, Healthy RSI momentum, Near 52W high momentum, Cash covers debt, Positive 1M return, Strong 3M absolute return, Strong 6M absolute return, 1M Nifty outperformance, 3M Nifty outperformance, 6M Nifty outperformance, Positive across 1M/3M/6M, 80.0% of closes stayed inside the range | Range width 58.3% | Currently 100.0% through the range",2026-08-31 23:07 IST
RADICO,Consumer Defensive,Beverages - Wineries & Distilleries,4485.0,-2.63,2494.47,4747.0,79.8,5.52,50.4,4259.96,3387.8,324241.35,480515.0,1.48,Bullish,70.0,"Above 50 DMA, Above 200 DMA, Healthy RSI momentum, Near 52W high momentum, Volume expansion",3.32,29.76,69.65,-2.8,2.88,-5.5,6.12,26.88,75.15,98.0,"Positive 1M return, Strong 3M absolute return, Strong 6M absolute return, 1M Nifty outperformance, 3M Nifty outperformance, 6M Nifty outperformance, Positive across 1M/3M/6M",14.58,Profit Booking Zone,78.31,2730.84,4550.0,66.62,96.43,80.8% of closes stayed inside the range | Range width 66.6% | Currently 96.4% through the range,Radico Khaitan Limited,Consumer Defensive,Beverages - Wineries & Distilleries,FMCG / Consumer,61698.89,True,87.6976,True,57.7615,True,18.5962,True,20.939,True,,False,,False,14.87,True,8.84,True,43.35,True,19.5,True,62.1,True,,False,,False,53.91,True,623.5,True,,False,,False,15.0,True,0.244,True,6.0,18.0,7.0,0.0,5.0,36.0,0.57,,Very high PE,3.0,39.0,"Low debt, typical of a healthy consumer business",37.87,0.0,,61.33,Watchlist,"Above 50 DMA, Above 200 DMA, Healthy RSI momentum, Near 52W high momentum, Volume expansion, Positive 1M return, Strong 3M absolute return, Strong 6M absolute return, 1M Nifty outperformance, 3M Nifty outperformance, 6M Nifty outperformance, Positive across 1M/3M/6M, 80.8% of closes stayed inside the range | Range width 66.6% | Currently 96.4% through the range",2026-08-31 23:07 IST
IPCALAB,Healthcare,Drug Manufacturers - Specialty & Generic,1974.9,0.77,1247.27,1992.0,58.34,0.86,70.29,1781.15,1564.94,717255.9,357017.0,0.5,Bullish,52.0,"Above 50 DMA, Above 200 DMA, Strong but overbought RSI, Near 52W high momentum, Positive day move",13.39,27.47,29.62,-2.8,2.88,-5.5,16.19,24.59,35.12,95.0,"Strong 1M absolute return, Strong 3M absolute return, Positive 6M return, 1M Nifty outperformance, 3M Nifty outperformance, 6M Nifty outperformance, Positive across 1M/3M/6M",22.85,Profit Booking Zone,80.17,1485.03,1872.56,26.1,100.0,80.0% of closes stayed inside the range | Range width 26.1% | Currently 100.0% through the range,Ipca Laboratories Limited,Healthcare,Drug Manufacturers - Specialty & Generic,Pharma / Healthcare,49479.94,True,37.8405,True,27.7393,True,6.136,True,8.492,True,,False,,False,20.04,True,12.93,True,67.73,True,20.8,True,72.4,True,,False,,False,1195.58,True,808.76,True,,False,,False,31.0,True,0.035,True,10.0,18.0,12.0,0.0,7.0,47.0,0.57,Cash covers debt,,2.0,49.0,General low-debt support,44.2,0.0,,60.53,Watchlist,"Above 50 DMA, Above 200 DMA, Strong but overbought RSI, Near 52W high momentum, Positive day move, Cash covers debt, Strong 1M absolute return, Strong 3M absolute return, Positive 6M return, 1M Nifty outperformance, 3M Nifty outperformance, 6M Nifty outperformance, Positive across 1M/3M/6M, 80.0% of closes stayed inside the range | Range width 26.1% | Currently 100.0% through the range",2026-08-31 23:07 IST
ABB,Industrials,Specialty Industrial Machinery,7638.5,1.98,4564.87,7832.29,67.33,2.47,57.71,7279.14,6261.1,249819.4,220705.0,0.88,Bullish,65.0,"Above 50 DMA, Above 200 DMA, Healthy RSI momentum, Near 52W high momentum, Positive day move",6.09,7.4,27.78,-2.8,2.88,-5.5,8.89,4.52,33.28,63.0,"Positive 1M return, Positive 3M return, Positive 6M return, 1M Nifty outperformance, 6M Nifty outperformance, Positive across 1M/3M/6M",27.44,Profit Booking Zone,83.37,6180.56,7600.1,22.97,100.0,80.0% of closes stayed inside the range | Range width 23.0% | Currently 100.0% through the range,ABB India Limited,Industrials,Specialty Industrial Machinery,Capital Goods / Infra,159122.0,True,100.2537,True,71.5957,True,17.0446,True,1.547,True,19.13,True,7.91,True,11.46,True,21.35,True,37.28,True,12.1,True,3.0,True,2.193,True,1.691,True,7335.52,True,144.52,True,1082.38,True,1470.96,True,53.0,True,0.486,True,17.0,7.0,20.0,17.0,5.0,66.0,1.0,"Strong ROE, Cash covers debt",Very high PE,0.0,66.0,,35.91,0.0,,60.49,Watchlist,"Above 50 DMA, Above 200 DMA, Healthy RSI momentum, Near 52W high momentum, Positive day move, Strong ROE, Cash covers debt, Positive 1M return, Positive 3M return, Positive 6M return, 1M Nifty outperformance, 6M Nifty outperformance, Positive across 1M/3M/6M, 80.0% of closes stayed inside the range | Range width 23.0% | Currently 100.0% through the range",2026-08-31 23:07 IST
GLAXO,Healthcare,Drug Manufacturers - General,3050.1,-1.81,2088.1,3120.7,46.07,2.26,70.89,2610.32,2429.25,188633.95,205652.0,1.09,Bullish,52.0,"Above 50 DMA, Above 200 DMA, Strong but overbought RSI, Near 52W high momentum, Normal volume support",14.57,40.78,23.5,-2.8,2.88,-5.5,17.37,37.9,29.0,95.0,"Strong 1M absolute return, Strong 3M absolute return, Positive 6M return, 1M Nifty outperformance, 3M Nifty outperformance, 6M Nifty outperformance, Positive across 1M/3M/6M",22.85,Profit Booking Zone,80.91,2203.35,2669.81,21.17,100.0,80.0% of closes stayed inside the range | Range width 21.2% | Currently 100.0% through the range,GlaxoSmithKline Pharmaceuticals Limited,Healthcare,Drug Manufacturers - General,Pharma / Healthcare,52624.29,True,48.7814,True,39.3838,True,23.2089,True,1.467,True,,False,,False,29.8,True,27.01,True,64.2,True,16.6,True,15.7,True,,False,,False,2756.8,True,33.27,True,,False,,False,1.86,True,0.057,True,12.0,16.0,12.0,0.0,6.0,46.0,0.57,Cash covers debt,,2.0,48.0,General low-debt support,44.2,0.0,,60.18,Watchlist,"Above 50 DMA, Above 200 DMA, Strong but overbought RSI, Near 52W high momentum, Normal volume support, Cash covers debt, Strong 1M absolute return, Strong 3M absolute return, Positive 6M return, 1M Nifty outperformance, 3M Nifty outperformance, 6M Nifty outperformance, Positive across 1M/3M/6M, 80.0% of closes stayed inside the range | Range width 21.2% | Currently 100.0% through the range",2026-08-31 23:07 IST
PIDILITIND,Basic Materials,Specialty Chemicals,1687.7,1.91,1250.0,1707.5,35.02,1.16,60.87,1616.05,1480.28,1058505.15,1893016.0,1.79,Bullish,75.0,"Above 50 DMA, Above 200 DMA, Healthy RSI momentum, Near 52W high momentum, Volume expansion, Positive day move",4.74,15.7,13.93,-2.8,2.88,-5.5,7.54,12.82,19.43,78.0,"Positive 1M return, Positive 3M return, Positive 6M return, 1M Nifty outperformance, 3M Nifty outperformance, 6M Nifty outperformance, Positive across 1M/3M/6M",19.05,Profit Booking Zone,87.13,1329.65,1660.0,24.85,100.0,81.7% of closes stayed inside the range | Range width 24.8% | Currently 100.0% through the range,Pidilite Industries Limited,Basic Materials,Specialty Chemicals,Chemicals,165863.49,True,62.6731,True,51.3577,True,15.3104,True,3.776,True,,False,,False,24.09,True,17.2,True,54.79,True,21.3,True,29.6,True,,False,,False,4215.98,True,417.21,True,,False,,False,69.0,True,0.397,True,10.0,18.0,12.0,0.0,5.0,45.0,0.57,Cash covers debt,,2.0,47.0,General low-debt support,36.18,0.0,,60.13,Watchlist,"Above 50 DMA, Above 200 DMA, Healthy RSI momentum, Near 52W high momentum, Volume expansion, Positive day move, Cash covers debt, Positive 1M return, Positive 3M return, Positive 6M return, 1M Nifty outperformance, 3M Nifty outperformance, 6M Nifty outperformance, Positive across 1M/3M/6M, 81.7% of closes stayed inside the range | Range width 24.8% | Currently 100.0% through the range",2026-08-31 23:07 IST
APARINDS,Industrials,Electrical Equipment & Parts,17702.0,-0.57,6801.0,18465.0,160.29,4.13,64.28,15411.8,11682.17,171487.85,88236.0,0.51,Bullish,60.0,"Above 50 DMA, Above 200 DMA, Healthy RSI momentum, Near 52W high momentum",20.05,29.13,65.53,-2.8,2.88,-5.5,22.85,26.25,71.03,100.0,"Strong 1M absolute return, Strong 3M absolute return, Strong 6M absolute return, 1M Nifty outperformance, 3M Nifty outperformance, 6M Nifty outperformance, Positive across 1M/3M/6M",5.12,Profit Booking Zone,75.42,9878.8,16692.4,68.97,100.0,80.0% of closes stayed inside the range | Range width 69.0% | Currently 100.0% through the range,APAR Industries Limited,Industrials,Electrical Equipment & Parts,Capital Goods / Infra,74545.32,True,60.9754,True,47.3409,True,13.2597,True,17.716,True,,False,,False,10.8,True,4.84,True,21.59,True,29.1,True,77.4,True,,False,,False,776.19,True,955.51,True,,False,,False,34.0,True,0.152,True,3.0,20.0,9.0,0.0,5.0,37.0,0.57,,,5.0,42.0,Strong order-book-driven revenue growth,35.91,0.0,,60.09,Watchlist,"Above 50 DMA, Above 200 DMA, Healthy RSI momentum, Near 52W high momentum, Strong 1M absolute return, Strong 3M absolute return, Strong 6M absolute return, 1M Nifty outperformance, 3M Nifty outperformance, 6M Nifty outperformance, Positive across 1M/3M/6M, 80.0% of closes stayed inside the range | Range width 69.0% | Currently 100.0% through the range",2026-08-31 23:07 IST
AIIL,Financial Services,Capital Markets,560.9,1.26,400.0,683.0,40.23,17.88,52.38,543.73,520.36,581017.4,1824874.0,3.14,Bullish,70.0,"Above 50 DMA, Above 200 DMA, Healthy RSI momentum, Strong volume expansion, Positive day move",4.01,23.41,16.41,-2.8,2.88,-5.5,6.81,20.53,21.91,88.0,"Positive 1M return, Strong 3M absolute return, Positive 6M return, 1M Nifty outperformance, 3M Nifty outperformance, 6M Nifty outperformance, Positive across 1M/3M/6M",9.05,Profit Booking Zone,84.29,451.11,558.56,23.82,100.0,80.0% of closes stayed inside the range | Range width 23.8% | Currently 100.0% through the range,Authum Investment & Infrastructure Limited,Financial Services,Capital Markets,Financial Services,46359.22,True,28.4917,True,,False,2.8762,True,24.59,True,,False,,False,92.41,True,82.05,True,97.86,True,14.1,True,17.5,True,,False,,False,486.75,True,3630.97,True,,False,,False,4.0,True,-0.018,True,12.0,13.0,7.0,0.0,10.0,42.0,0.57,,,0.0,42.0,,38.62,0.0,,59.99,Watchlist,"Above 50 DMA, Above 200 DMA, Healthy RSI momentum, Strong volume expansion, Positive day move, Positive 1M return, Strong 3M absolute return, Positive 6M return, 1M Nifty outperformance, 3M Nifty outperformance, 6M Nifty outperformance, Positive across 1M/3M/6M, 80.0% of closes stayed inside the range | Range width 23.8% | Currently 100.0% through the range",2026-08-31 23:07 IST
FLUOROCHEM,Basic Materials,Specialty Chemicals,4693.5,0.46,2916.6,4958.9,60.92,5.35,60.26,4325.81,3672.31,243765.8,202363.0,0.83,Bullish,65.0,"Above 50 DMA, Above 200 DMA, Healthy RSI momentum, Near 52W high momentum, Positive day move",7.48,28.84,34.74,-2.8,2.88,-5.5,10.28,25.96,40.24,98.0,"Positive 1M return, Strong 3M absolute return, Strong 6M absolute return, 1M Nifty outperformance, 3M Nifty outperformance, 6M Nifty outperformance, Positive across 1M/3M/6M",10.21,Profit Booking Zone,80.43,3231.67,4607.67,42.58,100.0,80.0% of closes stayed inside the range | Range width 42.6% | Currently 100.0% through the range,Gujarat Fluorochemicals Limited,Basic Materials,Specialty Chemicals,Chemicals,52411.63,True,85.813,True,43.4085,True,6.8483,True,28.94,True,,False,,False,19.71,True,11.63,True,52.37,True,24.0,True,20.4,True,,False,,False,592.0,True,2290.0,True,,False,,False,6.0,True,-0.005,True,8.0,16.0,7.0,0.0,5.0,36.0,0.57,,Very high PE,2.0,38.0,General low-debt support,36.18,0.0,,59.48,Watchlist,"Above 50 DMA, Above 200 DMA, Healthy RSI momentum, Near 52W high momentum, Positive day move, Positive 1M return, Strong 3M absolute return, Strong 6M absolute return, 1M Nifty outperformance, 3M Nifty outperformance, 6M Nifty outperformance, Positive across 1M/3M/6M, 80.0% of closes stayed inside the range | Range width 42.6% | Currently 100.0% through the range",2026-08-31 23:07 IST
OBEROIRLTY,Real Estate,Real Estate - Development,1868.0,-0.26,1387.98,1983.95,34.58,5.84,53.29,1840.55,1665.44,493921.05,777559.0,1.57,Bullish,70.0,"Above 50 DMA, Above 200 DMA, Healthy RSI momentum, Near 52W high momentum, Volume expansion",2.2,14.21,21.23,-2.8,2.88,-5.5,5.0,11.33,26.73,68.0,"Positive 1M return, Positive 3M return, Positive 6M return, 3M Nifty outperformance, 6M Nifty outperformance, Positive across 1M/3M/6M",20.27,Profit Booking Zone,83.21,1470.92,1880.88,27.87,96.86,80.0% of closes stayed inside the range | Range width 27.9% | Currently 96.9% through the range,Oberoi Realty Limited,Real Estate,Real Estate - Development,Cement / Realty,67993.62,True,25.868,True,17.4946,True,3.7939,True,15.765,True,,False,,False,53.74,True,41.59,True,62.61,True,31.7,True,28.9,True,,False,,False,3288.8,True,2825.39,True,,False,,False,43.0,True,0.324,True,12.0,20.0,12.0,0.0,11.0,55.0,0.57,Cash covers debt,,2.0,57.0,General low-debt support,33.18,0.0,,59.43,Watchlist,"Above 50 DMA, Above 200 DMA, Healthy RSI momentum, Near 52W high momentum, Volume expansion, Cash covers debt, Positive 1M return, Positive 3M return, Positive 6M return, 3M Nifty outperformance, 6M Nifty outperformance, Positive across 1M/3M/6M, 80.0% of closes stayed inside the range | Range width 27.9% | Currently 96.9% through the range",2026-08-31 23:07 IST
GLENMARK,Healthcare,Drug Manufacturers - Specialty & Generic,2480.0,-1.29,1790.82,2535.08,38.48,2.17,68.08,2266.67,2148.64,509676.15,911001.0,1.79,Bullish,70.0,"Above 50 DMA, Above 200 DMA, Healthy RSI momentum, Near 52W high momentum, Volume expansion",11.32,13.84,16.92,-2.8,2.88,-5.5,14.12,10.96,22.42,85.0,"Strong 1M absolute return, Positive 3M return, Positive 6M return, 1M Nifty outperformance, 3M Nifty outperformance, 6M Nifty outperformance, Positive across 1M/3M/6M",34.11,Breakout Watch,86.2,2151.05,2390.69,11.14,100.0,80.0% of closes stayed inside the range | Range width 11.1% | Currently 100.0% through the range | Above upper band on elevated volume,Glenmark Pharmaceuticals Limited,Healthcare,Drug Manufacturers - Specialty & Generic,Pharma / Healthcare,70979.51,True,38.6091,True,25.7508,True,6.7521,True,5.646,True,,False,,False,15.72,True,10.14,True,71.94,True,23.1,True,9.31,True,,False,,False,1176.26,True,593.53,True,,False,,False,30.0,True,0.248,True,6.0,13.0,12.0,0.0,7.0,38.0,0.57,Cash covers debt,,2.0,40.0,General low-debt support,44.2,0.0,,59.38,Watchlist,"Above 50 DMA, Above 200 DMA, Healthy RSI momentum, Near 52W high momentum, Volume expansion, Cash covers debt, Strong 1M absolute return, Positive 3M return, Positive 6M return, 1M Nifty outperformance, 3M Nifty outperformance, 6M Nifty outperformance, Positive across 1M/3M/6M, 80.0% of closes stayed inside the range | Range width 11.1% | Currently 100.0% through the range | Above upper band on elevated volume",2026-08-31 23:07 IST
MOTHERSON,Consumer Cyclical,Auto Parts,170.68,3.07,92.97,173.27,83.59,1.49,67.7,153.99,130.68,20374633.6,19969045.0,0.98,Bullish,70.0,"Above 50 DMA, Above 200 DMA, Healthy RSI momentum, Near 52W high momentum, Strong positive day move",10.11,18.48,33.31,-2.8,2.88,-5.5,12.91,15.6,38.81,95.0,"Strong 1M absolute return, Positive 3M return, Strong 6M absolute return, 1M Nifty outperformance, 3M Nifty outperformance, 6M Nifty outperformance, Positive across 1M/3M/6M",16.19,Profit Booking Zone,80.68,113.22,167.46,47.9,100.0,80.0% of closes stayed inside the range | Range width 47.9% | Currently 100.0% through the range,Samvardhana Motherson International Limited,Consumer Cyclical,Auto Parts,Automobile,174397.18,True,39.8077,True,23.8993,True,4.2558,True,43.908,True,,False,,False,4.98,True,3.36,True,43.82,True,16.6,True,104.2,True,,False,,False,7952.5,True,19169.7,True,,False,,False,30.0,True,1.034,True,0.0,18.0,7.0,0.0,9.0,34.0,0.57,,,2.0,36.0,General low-debt support,36.37,0.0,,59.31,Watchlist,"Above 50 DMA, Above 200 DMA, Healthy RSI momentum, Near 52W high momentum, Strong positive day move, Strong 1M absolute return, Positive 3M return, Strong 6M absolute return, 1M Nifty outperformance, 3M Nifty outperformance, 6M Nifty outperformance, Positive across 1M/3M/6M, 80.0% of closes stayed inside the range | Range width 47.9% | Currently 100.0% through the range",2026-08-31 23:07 IST
CUPID,Consumer Defensive,Household & Personal Products,280.46,-0.66,32.87,299.0,753.29,6.2,61.45,235.32,132.12,31682341.3,10056870.0,0.32,Bullish,60.0,"Above 50 DMA, Above 200 DMA, Healthy RSI momentum, Near 52W high momentum",21.44,110.73,264.75,-2.8,2.88,-5.5,24.24,107.85,270.25,100.0,"Strong 1M absolute return, Strong 3M absolute return, Strong 6M absolute return, 1M Nifty outperformance, 3M Nifty outperformance, 6M Nifty outperformance, Positive across 1M/3M/6M",6.6,Profit Booking Zone,70.77,86.17,277.03,221.49,100.0,80.0% of closes stayed inside the range | Range width 221.5% | Currently 100.0% through the range,Cupid Limited,Consumer Defensive,Household & Personal Products,FMCG / Consumer,37963.81,True,271.4712,True,,False,84.1019,True,12.506,True,,False,,False,37.98,True,30.35,True,58.28,True,158.7,True,190.9,True,,False,,False,186.45,True,56.38,True,,False,,False,,False,0.288,True,12.0,20.0,12.0,0.0,0.0,44.0,0.5,Cash covers debt,Very high PE,3.0,47.0,"Low debt, typical of a healthy consumer business",37.87,3.0,Low volume participation,59.13,Watchlist,"Above 50 DMA, Above 200 DMA, Healthy RSI momentum, Near 52W high momentum, Cash covers debt, Strong 1M absolute return, Strong 3M absolute return, Strong 6M absolute return, 1M Nifty outperformance, 3M Nifty outperformance, 6M Nifty outperformance, Positive across 1M/3M/6M, 80.0% of closes stayed inside the range | Range width 221.5% | Currently 100.0% through the range",2026-08-31 23:07 IST
BAJAJ-AUTO,Consumer Cyclical,Auto Manufacturers,12130.0,1.85,8373.65,12130.0,44.86,0.0,69.2,10967.1,9858.69,231808.0,355399.0,1.53,Bullish,75.0,"Above 50 DMA, Above 200 DMA, Healthy RSI momentum, Near 52W high momentum, Volume expansion, Positive day move",2.31,17.06,25.83,-2.8,2.88,-5.5,5.11,14.18,31.33,78.0,"Positive 1M return, Positive 3M return, Positive 6M return, 1M Nifty outperformance, 3M Nifty outperformance, 6M Nifty outperformance, Positive across 1M/3M/6M",24.22,Breakout Watch,86.24,8944.92,11700.0,30.8,100.0,81.7% of closes stayed inside the range | Range width 30.8% | Currently 100.0% through the range | Above upper band on elevated volume,Bajaj Auto Limited,Consumer Cyclical,Auto Manufacturers,Automobile,327291.37,True,27.8551,True,25.1364,True,8.5724,True,56.352,True,,False,,False,21.51,True,16.25,True,34.19,True,64.0,True,45.8,True,,False,,False,10803.1,True,22664.96,True,,False,,False,1.28,True,0.633,True,10.0,20.0,4.0,0.0,8.0,42.0,0.57,,,2.0,44.0,General low-debt support,36.37,0.0,,59.11,Watchlist,"Above 50 DMA, Above 200 DMA, Healthy RSI momentum, Near 52W high momentum, Volume expansion, Positive day move, Positive 1M return, Positive 3M return, Positive 6M return, 1M Nifty outperformance, 3M Nifty outperformance, 6M Nifty outperformance, Positive across 1M/3M/6M, 81.7% of closes stayed inside the range | Range width 30.8% | Currently 100.0% through the range | Above upper band on elevated volume",2026-08-31 23:07 IST
COFORGE,Technology,Information Technology Services,1985.3,-1.45,1003.45,2021.2,97.85,1.78,72.76,1649.73,1513.0,2110478.1,2163046.0,1.02,Bullish,52.0,"Above 50 DMA, Above 200 DMA, Strong but overbought RSI, Near 52W high momentum, Normal volume support",12.29,38.84,71.54,-2.8,2.88,-5.5,15.09,35.96,77.04,100.0,"Strong 1M absolute return, Strong 3M absolute return, Strong 6M absolute return, 1M Nifty outperformance, 3M Nifty outperformance, 6M Nifty outperformance, Positive across 1M/3M/6M",4.78,Profit Booking Zone,75.37,1144.98,1810.2,58.1,100.0,80.0% of closes stayed inside the range | Range width 58.1% | Currently 100.0% through the range,Coforge Limited,Technology,Information Technology Services,IT / Technology,89230.76,True,38.9069,True,28.2035,True,7.0946,True,7.518,True,,False,,False,15.96,True,9.64,True,37.25,True,49.9,True,30.9,True,,False,,False,1099.2,True,727.8,True,,False,,False,84.0,True,0.294,True,6.0,20.0,12.0,0.0,7.0,45.0,0.57,Cash covers debt,,0.0,45.0,,35.62,0.0,,59.09,Watchlist,"Above 50 DMA, Above 200 DMA, Strong but overbought RSI, Near 52W high momentum, Normal volume support, Cash covers debt, Strong 1M absolute return, Strong 3M absolute return, Strong 6M absolute return, 1M Nifty outperformance, 3M Nifty outperformance, 6M Nifty outperformance, Positive across 1M/3M/6M, 80.0% of closes stayed inside the range | Range width 58.1% | Currently 100.0% through the range",2026-08-31 23:07 IST
WELCORP,Basic Materials,Steel,2391.0,0.72,707.65,2443.9,237.88,2.16,78.81,1761.55,1167.89,2543812.85,1286923.0,0.51,Bullish,52.0,"Above 50 DMA, Above 200 DMA, Strong but overbought RSI, Near 52W high momentum, Positive day move",39.39,71.02,193.39,-2.8,2.88,-5.5,42.19,68.14,198.89,100.0,"Strong 1M absolute return, Strong 3M absolute return, Strong 6M absolute return, 1M Nifty outperformance, 3M Nifty outperformance, 6M Nifty outperformance, Positive across 1M/3M/6M",4.73,Profit Booking Zone,69.09,832.48,1874.17,125.13,100.0,80.0% of closes stayed inside the range | Range width 125.1% | Currently 100.0% through the range,Welspun Corp Limited,Basic Materials,Steel,Metals / Mining,62598.04,True,27.4714,True,22.412,True,6.8394,True,25.042,True,,False,,False,13.91,True,13.35,True,38.4,True,14.9,True,198.3,True,,False,,False,3763.73,True,2355.45,True,,False,,False,21.0,True,0.473,True,8.0,15.0,10.0,0.0,9.0,42.0,0.57,Cash covers debt,,2.0,44.0,General low-debt support,36.18,0.0,,58.83,Watchlist,"Above 50 DMA, Above 200 DMA, Strong but overbought RSI, Near 52W high momentum, Positive day move, Cash covers debt, Strong 1M absolute return, Strong 3M absolute return, Strong 6M absolute return, 1M Nifty outperformance, 3M Nifty outperformance, 6M Nifty outperformance, Positive across 1M/3M/6M, 80.0% of closes stayed inside the range | Range width 125.1% | Currently 100.0% through the range",2026-08-31 23:07 IST
NYKAA,Consumer Cyclical,Internet Retail,349.55,3.42,227.9,349.55,53.38,0.0,67.01,324.53,276.16,6563653.8,7868964.0,1.2,Bullish,75.0,"Above 50 DMA, Above 200 DMA, Healthy RSI momentum, Near 52W high momentum, Normal volume support, Strong positive day move",4.84,29.75,31.67,-2.8,2.88,-5.5,7.64,26.87,37.17,98.0,"Positive 1M return, Strong 3M absolute return, Strong 6M absolute return, 1M Nifty outperformance, 3M Nifty outperformance, 6M Nifty outperformance, Positive across 1M/3M/6M",11.79,Profit Booking Zone,83.63,244.86,331.23,35.27,100.0,80.0% of closes stayed inside the range | Range width 35.3% | Currently 100.0% through the range,FSN E-Commerce Ventures Limited,Consumer Cyclical,Internet Retail,Consumer Discretionary,96166.74,True,368.8461,True,114.3487,True,66.8359,True,82.829,True,,False,,False,5.27,True,2.4,True,45.35,True,29.1,True,250.0,True,,False,,False,418.11,True,1244.18,True,,False,,False,,False,0.351,True,0.0,20.0,4.0,0.0,3.0,27.0,0.5,,Very high PE,0.0,27.0,,36.37,0.0,,58.16,Watchlist,"Above 50 DMA, Above 200 DMA, Healthy RSI momentum, Near 52W high momentum, Normal volume support, Strong positive day move, Positive 1M return, Strong 3M absolute return, Strong 6M absolute return, 1M Nifty outperformance, 3M Nifty outperformance, 6M Nifty outperformance, Positive across 1M/3M/6M, 80.0% of closes stayed inside the range | Range width 35.3% | Currently 100.0% through the range",2026-08-31 23:07 IST
CPPLUS,Industrials,Building Products & Equipment,3566.0,-0.3,1200.26,4094.0,197.1,12.9,52.12,3560.01,2355.21,269813.15,360502.0,1.34,Bullish,70.0,"Above 50 DMA, Above 200 DMA, Healthy RSI momentum, Near 52W high momentum, Volume expansion",4.0,0.85,104.74,-2.8,2.88,-5.5,6.8,-2.03,110.24,73.0,"Positive 1M return, Positive 3M return, Strong 6M absolute return, 1M Nifty outperformance, 6M Nifty outperformance, Positive across 1M/3M/6M",21.71,Profit Booking Zone,72.28,1798.65,3638.23,102.28,96.07,80.0% of closes stayed inside the range | Range width 102.3% | Currently 96.1% through the range,Aditya Infotech Limited,Industrials,Building Products & Equipment,Capital Goods / Infra,42311.33,True,89.2811,True,47.435,True,22.448,True,9.604,True,,False,,False,13.61,True,9.77,True,30.2,True,89.5,True,303.7,True,,False,,False,288.23,True,180.26,True,,False,,False,5.0,True,,False,6.0,20.0,12.0,0.0,5.0,43.0,0.57,Cash covers debt,Very high PE,5.0,48.0,Strong order-book-driven revenue growth,35.91,0.0,,57.94,Watchlist,"Above 50 DMA, Above 200 DMA, Healthy RSI momentum, Near 52W high momentum, Volume expansion, Cash covers debt, Positive 1M return, Positive 3M return, Strong 6M absolute return, 1M Nifty outperformance, 6M Nifty outperformance, Positive across 1M/3M/6M, 80.0% of closes stayed inside the range | Range width 102.3% | Currently 96.1% through the range",2026-08-31 23:07 IST
PAYTM,Technology,Software - Infrastructure,1717.1,4.01,930.6,1732.3,84.52,0.88,70.24,1394.92,1227.34,5029431.75,2673159.0,0.53,Bullish,57.0,"Above 50 DMA, Above 200 DMA, Strong but overbought RSI, Near 52W high momentum, Strong positive day move",21.78,62.22,62.08,-2.8,2.88,-5.5,24.58,59.34,67.58,100.0,"Strong 1M absolute return, Strong 3M absolute return, Strong 6M absolute return, 1M Nifty outperformance, 3M Nifty outperformance, 6M Nifty outperformance, Positive across 1M/3M/6M",4.78,Profit Booking Zone,77.03,1029.03,1585.06,54.03,100.0,80.0% of closes stayed inside the range | Range width 54.0% | Currently 100.0% through the range,One97 Communications Limited,Technology,Software - Infrastructure,IT / Technology,105844.67,True,166.5893,True,52.2276,True,6.6044,True,1.073,True,,False,,False,2.94,True,7.25,True,36.98,True,27.7,True,79.9,True,,False,,False,14591.0,True,172.0,True,,False,,False,,False,-0.307,True,3.0,20.0,12.0,0.0,3.0,38.0,0.5,Cash covers debt,Very high PE,0.0,38.0,,35.62,0.0,,57.89,Watchlist,"Above 50 DMA, Above 200 DMA, Strong but overbought RSI, Near 52W high momentum, Strong positive day move, Cash covers debt, Strong 1M absolute return, Strong 3M absolute return, Strong 6M absolute return, 1M Nifty outperformance, 3M Nifty outperformance, 6M Nifty outperformance, Positive across 1M/3M/6M, 80.0% of closes stayed inside the range | Range width 54.0% | Currently 100.0% through the range",2026-08-31 23:07 IST
HFCL,Technology,Communication Equipment,249.09,-0.95,59.82,256.7,316.4,2.96,67.79,215.87,125.44,19516605.5,16602797.0,0.85,Bullish,60.0,"Above 50 DMA, Above 200 DMA, Healthy RSI momentum, Near 52W high momentum",23.0,26.39,269.02,-2.8,2.88,-5.5,25.8,23.51,274.52,100.0,"Strong 1M absolute return, Strong 3M absolute return, Strong 6M absolute return, 1M Nifty outperformance, 3M Nifty outperformance, 6M Nifty outperformance, Positive across 1M/3M/6M",4.78,Profit Booking Zone,70.77,72.43,224.44,209.87,100.0,80.0% of closes stayed inside the range | Range width 209.9% | Currently 100.0% through the range,HFCL Limited,Technology,Communication Equipment,IT / Technology,38481.54,True,64.1505,True,48.3596,True,7.5851,True,38.321,True,,False,,False,18.95,True,9.55,True,37.62,True,119.9,True,,False,,False,,False,509.71,True,1896.33,True,,False,,False,4.0,True,0.926,True,8.0,10.0,7.0,0.0,5.0,30.0,0.5,,,5.0,35.0,Strong operating margin,35.62,0.0,,57.59,Watchlist,"Above 50 DMA, Above 200 DMA, Healthy RSI momentum, Near 52W high momentum, Strong 1M absolute return, Strong 3M absolute return, Strong 6M absolute return, 1M Nifty outperformance, 3M Nifty outperformance, 6M Nifty outperformance, Positive across 1M/3M/6M, 80.0% of closes stayed inside the range | Range width 209.9% | Currently 100.0% through the range",2026-08-31 23:07 IST
KEI,Industrials,Electrical Equipment & Parts,5740.3,3.06,3724.29,5899.0,54.13,2.69,62.02,5318.44,4775.25,527961.9,296316.0,0.56,Bullish,70.0,"Above 50 DMA, Above 200 DMA, Healthy RSI momentum, Near 52W high momentum, Strong positive day move",14.27,8.39,10.26,-2.8,2.88,-5.5,17.07,5.51,15.76,70.0,"Strong 1M absolute return, Positive 3M return, Positive 6M return, 1M Nifty outperformance, 6M Nifty outperformance, Positive across 1M/3M/6M",24.27,Profit Booking Zone,82.83,4216.15,5632.25,33.59,100.0,80.0% of closes stayed inside the range | Range width 33.6% | Currently 100.0% through the range,KEI Industries Limited,Industrials,Electrical Equipment & Parts,Capital Goods / Infra,53249.53,True,53.1895,True,37.9638,True,7.9894,True,3.796,True,,False,,False,11.53,True,8.08,True,23.88,True,23.0,True,40.0,True,,False,,False,1512.64,True,253.02,True,,False,,False,8.0,True,0.529,True,6.0,18.0,12.0,0.0,7.0,43.0,0.57,Cash covers debt,,5.0,48.0,Strong order-book-driven revenue growth,35.91,0.0,,57.19,Watchlist,"Above 50 DMA, Above 200 DMA, Healthy RSI momentum, Near 52W high momentum, Strong positive day move, Cash covers debt, Strong 1M absolute return, Positive 3M return, Positive 6M return, 1M Nifty outperformance, 6M Nifty outperformance, Positive across 1M/3M/6M, 80.0% of closes stayed inside the range | Range width 33.6% | Currently 100.0% through the range",2026-08-31 23:07 IST
MOTILALOFS,Financial Services,Capital Markets,1042.9,0.44,614.9,1088.32,69.6,4.17,75.31,937.31,846.82,1254955.1,635671.0,0.51,Bullish,52.0,"Above 50 DMA, Above 200 DMA, Strong but overbought RSI, Near 52W high momentum, Positive day move",20.16,21.1,45.35,-2.8,2.88,-5.5,22.96,18.22,50.85,100.0,"Strong 1M absolute return, Strong 3M absolute return, Strong 6M absolute return, 1M Nifty outperformance, 3M Nifty outperformance, 6M Nifty outperformance, Positive across 1M/3M/6M",1.81,Profit Booking Zone,78.24,696.16,967.54,38.98,100.0,80.0% of closes stayed inside the range | Range width 39.0% | Currently 100.0% through the range,Motilal Oswal Financial Services Limited,Financial Services,Capital Markets,Financial Services,62520.89,True,32.1555,True,17.5938,True,4.8487,True,165.8,True,,False,,False,51.27,True,22.96,True,62.9,True,23.9,True,8.7,True,,False,,False,5262.33,True,21474.73,True,,False,,False,1.06,True,0.334,True,12.0,13.0,0.0,0.0,10.0,35.0,0.57,,,0.0,35.0,,38.62,0.0,,56.04,Watchlist,"Above 50 DMA, Above 200 DMA, Strong but overbought RSI, Near 52W high momentum, Positive day move, Strong 1M absolute return, Strong 3M absolute return, Strong 6M absolute return, 1M Nifty outperformance, 3M Nifty outperformance, 6M Nifty outperformance, Positive across 1M/3M/6M, 80.0% of closes stayed inside the range | Range width 39.0% | Currently 100.0% through the range",2026-08-31 23:07 IST
POLICYBZR,Financial Services,Insurance Brokers,1875.0,3.51,1364.0,1974.0,37.46,5.02,72.92,1652.98,1650.77,1339352.35,1149087.0,0.86,Bullish,57.0,"Above 50 DMA, Above 200 DMA, Strong but overbought RSI, Near 52W high momentum, Strong positive day move",13.64,22.05,27.65,-2.8,2.88,-5.5,16.44,19.17,33.15,95.0,"Strong 1M absolute return, Strong 3M absolute return, Positive 6M return, 1M Nifty outperformance, 3M Nifty outperformance, 6M Nifty outperformance, Positive across 1M/3M/6M",6.56,Profit Booking Zone,81.92,1469.83,1785.4,21.47,100.0,80.0% of closes stayed inside the range | Range width 21.5% | Currently 100.0% through the range,PB Fintech Limited,Financial Services,Insurance Brokers,Financial Services,83698.91,True,113.6449,True,54.0837,True,11.4496,True,4.922,True,,False,,False,5.25,True,10.2,True,64.25,True,40.1,True,92.3,True,,False,,False,2551.65,True,360.15,True,,False,,False,,False,0.375,True,3.0,20.0,12.0,0.0,3.0,38.0,0.5,Cash covers debt,Very high PE,-4.0,34.0,Expensive relative to book value for this sector,38.62,0.0,,55.69,Watchlist,"Above 50 DMA, Above 200 DMA, Strong but overbought RSI, Near 52W high momentum, Strong positive day move, Cash covers debt, Strong 1M absolute return, Strong 3M absolute return, Positive 6M return, 1M Nifty outperformance, 3M Nifty outperformance, 6M Nifty outperformance, Positive across 1M/3M/6M, 80.0% of closes stayed inside the range | Range width 21.5% | Currently 100.0% through the range",2026-08-31 23:07 IST
DIXON,Technology,Consumer Electronics,14850.0,1.37,9600.0,18471.0,54.69,19.6,61.85,13728.98,12180.72,358615.95,190649.0,0.53,Bullish,55.0,"Above 50 DMA, Above 200 DMA, Healthy RSI momentum, Positive day move",6.9,29.27,46.29,-2.8,2.88,-5.5,9.7,26.39,51.79,98.0,"Positive 1M return, Strong 3M absolute return, Strong 6M absolute return, 1M Nifty outperformance, 3M Nifty outperformance, 6M Nifty outperformance, Positive across 1M/3M/6M",10.83,Profit Booking Zone,78.91,10333.1,14329.9,38.68,100.0,80.0% of closes stayed inside the range | Range width 38.7% | Currently 100.0% through the range,Dixon Technologies (India) Limited,Technology,Consumer Electronics,IT / Technology,89074.77,True,43.1034,True,52.0236,True,16.319,True,18.457,True,,False,,False,2.29,True,3.64,True,6.87,True,21.1,True,154.6,True,,False,,False,1241.37,True,994.22,True,,False,,False,5.0,True,-0.156,True,0.0,18.0,12.0,0.0,4.0,34.0,0.57,Cash covers debt,,0.0,34.0,,35.62,0.0,,55.49,Watchlist,"Above 50 DMA, Above 200 DMA, Healthy RSI momentum, Positive day move, Cash covers debt, Positive 1M return, Strong 3M absolute return, Strong 6M absolute return, 1M Nifty outperformance, 3M Nifty outperformance, 6M Nifty outperformance, Positive across 1M/3M/6M, 80.0% of closes stayed inside the range | Range width 38.7% | Currently 100.0% through the range",2026-08-31 23:07 IST
MEDANTA,Healthcare,Medical Care Facilities,1479.7,0.51,955.66,1544.0,54.84,4.16,60.67,1383.36,1209.35,292264.7,246463.0,0.84,Bullish,65.0,"Above 50 DMA, Above 200 DMA, Healthy RSI momentum, Near 52W high momentum, Positive day move",2.44,20.17,29.98,-2.8,2.88,-5.5,5.24,17.29,35.48,88.0,"Positive 1M return, Strong 3M absolute return, Positive 6M return, 1M Nifty outperformance, 3M Nifty outperformance, 6M Nifty outperformance, Positive across 1M/3M/6M",29.8,Profit Booking Zone,81.29,1040.04,1423.58,36.88,100.0,80.0% of closes stayed inside the range | Range width 36.9% | Currently 100.0% through the range,Global Health Limited,Healthcare,Medical Care Facilities,Pharma / Healthcare,39560.79,True,72.9896,True,43.6168,True,9.983,True,29.869,True,,False,,False,16.7,True,11.88,True,52.79,True,26.5,True,-0.2,True,,False,,False,1130.23,True,1190.05,True,,False,,False,3.0,True,0.14,True,6.0,10.0,7.0,0.0,5.0,28.0,0.57,,Earnings contraction,2.0,30.0,General low-debt support,44.2,0.0,,55.38,Watchlist,"Above 50 DMA, Above 200 DMA, Healthy RSI momentum, Near 52W high momentum, Positive day move, Positive 1M return, Strong 3M absolute return, Positive 6M return, 1M Nifty outperformance, 3M Nifty outperformance, 6M Nifty outperformance, Positive across 1M/3M/6M, 80.0% of closes stayed inside the range | Range width 36.9% | Currently 100.0% through the range",2026-08-31 23:07 IST
SHRIRAMFIN,Financial Services,Credit Services,1109.9,2.12,571.86,1153.7,94.09,3.8,53.13,1070.08,984.58,3869823.3,5831666.0,1.51,Bullish,80.0,"Above 50 DMA, Above 200 DMA, Healthy RSI momentum, Near 52W high momentum, Volume expansion, Strong positive day move",1.81,21.88,6.05,-2.8,2.88,-5.5,4.61,19.0,11.55,63.0,"Positive 1M return, Strong 3M absolute return, Positive 6M return, 3M Nifty outperformance, Positive across 1M/3M/6M",22.62,Profit Booking Zone,86.01,909.43,1117.23,22.85,96.47,80.0% of closes stayed inside the range | Range width 22.9% | Currently 96.5% through the range,Shriram Finance Limited,Financial Services,Credit Services,Financial Services,255745.8,True,19.4541,True,15.1436,True,3.1024,True,276.215,True,18.5,True,,False,68.52,True,50.01,True,96.81,True,42.8,True,29.5,True,,False,,False,10429.88,True,182077.27,True,,False,,False,1.25,True,0.606,True,18.0,20.0,0.0,0.0,12.0,50.0,0.64,Strong ROE,Very high debt,12.0,62.0,"High leverage is structural for this sector, Strong ROE for a leveraged-balance-sheet business",38.62,8.0,Very high debt,55.24,Watchlist,"Above 50 DMA, Above 200 DMA, Healthy RSI momentum, Near 52W high momentum, Volume expansion, Strong positive day move, Strong ROE, Positive 1M return, Strong 3M absolute return, Positive 6M return, 3M Nifty outperformance, Positive across 1M/3M/6M, 80.0% of closes stayed inside the range | Range width 22.9% | Currently 96.5% through the range",2026-08-31 23:07 IST
KARURVYSYA,Financial Services,Banks - Regional,347.6,0.46,200.26,358.65,73.57,3.08,61.89,322.11,290.87,1598509.6,1814552.0,1.14,Bullish,70.0,"Above 50 DMA, Above 200 DMA, Healthy RSI momentum, Near 52W high momentum, Normal volume support, Positive day move",-0.14,23.37,11.1,-2.8,2.88,-5.5,2.66,20.49,16.6,60.0,"Strong 3M absolute return, Positive 6M return, 3M Nifty outperformance, 6M Nifty outperformance",26.02,Profit Booking Zone,84.52,277.03,338.81,22.3,100.0,80.0% of closes stayed inside the range | Range width 22.3% | Currently 100.0% through the range,The Karur Vysya Bank Limited,Financial Services,Banks - Regional,Banking,33446.69,True,12.196,True,10.503,True,2.3707,True,,False,,False,,False,56.66,True,41.31,True,0.0,True,26.0,True,45.0,True,,False,,False,892.28,True,2622.56,True,,False,,False,75.0,True,-0.126,True,12.0,20.0,0.0,0.0,15.0,47.0,0.5,,,0.0,47.0,,38.62,0.0,,54.74,Neutral,"Above 50 DMA, Above 200 DMA, Healthy RSI momentum, Near 52W high momentum, Normal volume support, Positive day move, Strong 3M absolute return, Positive 6M return, 3M Nifty outperformance, 6M Nifty outperformance, 80.0% of closes stayed inside the range | Range width 22.3% | Currently 100.0% through the range",2026-08-31 23:07 IST
BHEL,Industrials,Specialty Industrial Machinery,442.65,2.0,208.38,446.5,112.43,0.86,65.68,409.81,330.78,7995019.5,9075551.0,1.14,Bullish,75.0,"Above 50 DMA, Above 200 DMA, Healthy RSI momentum, Near 52W high momentum, Normal volume support, Strong positive day move",8.76,9.3,67.61,-2.8,2.88,-5.5,11.56,6.42,73.11,73.0,"Positive 1M return, Positive 3M return, Strong 6M absolute return, 1M Nifty outperformance, 6M Nifty outperformance, Positive across 1M/3M/6M",21.71,Profit Booking Zone,79.57,257.64,418.23,62.33,100.0,80.0% of closes stayed inside the range | Range width 62.3% | Currently 100.0% through the range,Bharat Heavy Electricals Limited,Industrials,Specialty Industrial Machinery,Capital Goods / Infra,150024.7,True,61.6381,True,31.2588,True,5.7379,True,31.312,True,,False,,False,5.48,True,6.76,True,31.47,True,40.3,True,,False,,False,,False,11201.65,True,8186.95,True,,False,,False,32.0,True,0.845,True,3.0,10.0,10.0,0.0,7.0,30.0,0.5,Cash covers debt,,5.0,35.0,Strong order-book-driven revenue growth,35.91,0.0,,54.64,Neutral,"Above 50 DMA, Above 200 DMA, Healthy RSI momentum, Near 52W high momentum, Normal volume support, Strong positive day move, Cash covers debt, Positive 1M return, Positive 3M return, Strong 6M absolute return, 1M Nifty outperformance, 6M Nifty outperformance, Positive across 1M/3M/6M, 80.0% of closes stayed inside the range | Range width 62.3% | Currently 100.0% through the range",2026-08-31 23:07 IST
JSWINFRA,Industrials,Marine Shipping,340.0,-0.86,232.72,355.8,46.1,4.44,54.58,332.14,284.27,2388494.45,782122.0,0.33,Bullish,60.0,"Above 50 DMA, Above 200 DMA, Healthy RSI momentum, Near 52W high momentum",3.34,25.01,35.49,-2.8,2.88,-5.5,6.14,22.13,40.99,98.0,"Positive 1M return, Strong 3M absolute return, Strong 6M absolute return, 1M Nifty outperformance, 3M Nifty outperformance, 6M Nifty outperformance, Positive across 1M/3M/6M",11.46,Profit Booking Zone,80.51,252.62,340.32,34.71,99.64,80.0% of closes stayed inside the range | Range width 34.7% | Currently 99.6% through the range,JSW Infrastructure Limited,Industrials,Marine Shipping,Capital Goods / Infra,79398.48,True,47.6319,True,30.6064,True,6.5742,True,59.002,True,,False,,False,35.16,True,26.58,True,52.82,True,18.1,True,-10.3,True,,False,,False,2312.9,True,6898.92,True,,False,,False,27.0,True,0.554,True,12.0,8.0,4.0,0.0,7.0,31.0,0.57,,Earnings contraction,5.0,36.0,Strong order-book-driven revenue growth,35.91,3.0,Low volume participation,54.49,Neutral,"Above 50 DMA, Above 200 DMA, Healthy RSI momentum, Near 52W high momentum, Positive 1M return, Strong 3M absolute return, Strong 6M absolute return, 1M Nifty outperformance, 3M Nifty outperformance, 6M Nifty outperformance, Positive across 1M/3M/6M, 80.0% of closes stayed inside the range | Range width 34.7% | Currently 99.6% through the range",2026-08-31 23:07 IST
SOLARINDS,Basic Materials,Specialty Chemicals,20108.0,-1.43,11639.12,20672.0,72.76,2.73,59.65,18809.43,15503.52,150292.6,100994.0,0.67,Bullish,60.0,"Above 50 DMA, Above 200 DMA, Healthy RSI momentum, Near 52W high momentum",7.77,9.99,43.83,-2.8,2.88,-5.5,10.57,7.11,49.33,73.0,"Positive 1M return, Positive 3M return, Strong 6M absolute return, 1M Nifty outperformance, 6M Nifty outperformance, Positive across 1M/3M/6M",21.49,Profit Booking Zone,79.15,13687.21,19724.9,44.11,100.0,80.0% of closes stayed inside the range | Range width 44.1% | Currently 100.0% through the range,Solar Industries India Limited,Basic Materials,Specialty Chemicals,Chemicals,184599.72,True,93.4579,True,57.9459,True,29.408,True,23.271,True,,False,,False,25.5,True,17.54,True,49.46,True,70.3,True,92.7,True,,False,,False,480.63,True,1524.02,True,,False,,False,5.0,True,0.238,True,11.0,20.0,7.0,0.0,5.0,43.0,0.57,,Very high PE,2.0,45.0,General low-debt support,36.18,0.0,,54.43,Neutral,"Above 50 DMA, Above 200 DMA, Healthy RSI momentum, Near 52W high momentum, Positive 1M return, Positive 3M return, Strong 6M absolute return, 1M Nifty outperformance, 6M Nifty outperformance, Positive across 1M/3M/6M, 80.0% of closes stayed inside the range | Range width 44.1% | Currently 100.0% through the range",2026-08-31 23:07 IST
FEDERALBNK,Financial Services,Banks - Regional,356.7,3.45,187.76,370.43,89.98,3.71,55.43,343.83,293.96,4782496.75,6670472.0,1.39,Bullish,80.0,"Above 50 DMA, Above 200 DMA, Healthy RSI momentum, Near 52W high momentum, Volume expansion, Strong positive day move",-0.26,18.89,19.37,-2.8,2.88,-5.5,2.54,16.01,24.87,50.0,"Positive 3M return, Positive 6M return, 3M Nifty outperformance, 6M Nifty outperformance",29.86,Profit Booking Zone,85.17,269.25,355.33,31.97,100.0,80.0% of closes stayed inside the range | Range width 32.0% | Currently 100.0% through the range,The Federal Bank Limited,Financial Services,Banks - Regional,Banking,85016.1,True,18.4189,True,12.7547,True,2.1192,True,,False,,False,,False,42.96,True,30.72,True,0.0,True,21.4,True,32.7,True,,False,,False,26897.32,True,33193.25,True,,False,,False,35.0,True,0.276,True,12.0,18.0,0.0,0.0,15.0,45.0,0.5,,,0.0,45.0,,38.62,0.0,,54.04,Neutral,"Above 50 DMA, Above 200 DMA, Healthy RSI momentum, Near 52W high momentum, Volume expansion, Strong positive day move, Positive 3M return, Positive 6M return, 3M Nifty outperformance, 6M Nifty outperformance, 80.0% of closes stayed inside the range | Range width 32.0% | Currently 100.0% through the range",2026-08-31 23:07 IST
MAHABANK,Financial Services,Banks - Regional,82.07,-3.09,50.17,94.5,63.58,13.15,52.29,82.61,71.48,13545914.75,13732308.0,1.01,Bearish,50.0,"Above 200 DMA, Healthy RSI momentum, Near 52W high momentum, Normal volume support",3.45,4.54,11.45,-2.8,2.88,-5.5,6.25,1.66,16.95,63.0,"Positive 1M return, Positive 3M return, Positive 6M return, 1M Nifty outperformance, 6M Nifty outperformance, Positive across 1M/3M/6M",22.62,Neutral Range,75.02,64.52,88.53,37.2,73.09,80.8% of closes stayed inside the range | Range width 37.2% | Currently 73.1% through the range,Bank of Maharashtra,Financial Services,Banks - Regional,Banking,64455.23,True,8.5598,True,6.704,True,1.8061,True,,False,22.96,True,1.9,True,57.52,True,53.41,True,0.0,True,21.8,True,34.2,True,,False,,False,14879.82,True,38748.6,True,,False,,False,2.6,True,0.78,True,18.0,18.0,0.0,0.0,15.0,51.0,0.64,Strong ROE,,6.0,57.0,Strong ROE for a leveraged-balance-sheet business,38.62,0.0,,53.99,Neutral,"Above 200 DMA, Healthy RSI momentum, Near 52W high momentum, Normal volume support, Strong ROE, Positive 1M return, Positive 3M return, Positive 6M return, 1M Nifty outperformance, 6M Nifty outperformance, Positive across 1M/3M/6M, 80.8% of closes stayed inside the range | Range width 37.2% | Currently 73.1% through the range",2026-08-31 23:07 IST
LTF,Financial Services,Credit Services,321.0,2.13,214.39,338.6,49.73,5.2,55.2,313.36,291.45,4389987.5,4484105.0,1.02,Bullish,75.0,"Above 50 DMA, Above 200 DMA, Healthy RSI momentum, Near 52W high momentum, Normal volume support, Strong positive day move",0.94,20.36,17.59,-2.8,2.88,-5.5,3.74,17.48,23.09,78.0,"Positive 1M return, Strong 3M absolute return, Positive 6M return, 3M Nifty outperformance, 6M Nifty outperformance, Positive across 1M/3M/6M",15.61,Profit Booking Zone,85.46,258.48,318.04,23.04,100.0,80.0% of closes stayed inside the range | Range width 23.0% | Currently 100.0% through the range,L&T Finance Limited,Financial Services,Credit Services,Financial Services,78765.01,True,25.3877,True,16.0914,True,2.8041,True,393.442,True,,False,,False,45.95,True,33.08,True,99.53,True,29.3,True,28.2,True,,False,,False,11209.38,True,110297.66,True,,False,,False,85.0,True,0.64,True,12.0,20.0,0.0,0.0,13.0,45.0,0.57,,Very high debt,6.0,51.0,High leverage is structural for this sector,38.62,8.0,Very high debt,53.89,Neutral,"Above 50 DMA, Above 200 DMA, Healthy RSI momentum, Near 52W high momentum, Normal volume support, Strong positive day move, Positive 1M return, Strong 3M absolute return, Positive 6M return, 3M Nifty outperformance, 6M Nifty outperformance, Positive across 1M/3M/6M, 80.0% of closes stayed inside the range | Range width 23.0% | Currently 100.0% through the range",2026-08-31 23:07 IST
PIRAMALFIN,Financial Services,Credit Services,2300.4,0.97,1252.89,2324.0,83.61,1.02,74.45,2130.39,1861.98,286212.2,710907.0,2.48,Bullish,67.0,"Above 50 DMA, Above 200 DMA, Strong but overbought RSI, Near 52W high momentum, Strong volume expansion, Positive day move",12.34,17.71,28.45,-2.8,2.88,-5.5,15.14,14.83,33.95,85.0,"Strong 1M absolute return, Positive 3M return, Positive 6M return, 1M Nifty outperformance, 3M Nifty outperformance, 6M Nifty outperformance, Positive across 1M/3M/6M",11.54,Breakout Watch,83.64,1752.72,2172.71,23.96,100.0,80.0% of closes stayed inside the range | Range width 24.0% | Currently 100.0% through the range | Above upper band on elevated volume,Piramal Finance Limited,Financial Services,Credit Services,Financial Services,51492.96,True,29.8493,True,15.4913,True,1.8298,True,285.784,True,,False,,False,14.53,True,32.56,True,98.62,True,30.4,True,505.75,True,,False,,False,9361.56,True,80566.65,True,,False,,False,48.0,True,,False,9.0,20.0,0.0,0.0,13.0,42.0,0.57,,Very high debt,6.0,48.0,High leverage is structural for this sector,38.62,8.0,Very high debt,52.59,Neutral,"Above 50 DMA, Above 200 DMA, Strong but overbought RSI, Near 52W high momentum, Strong volume expansion, Positive day move, Strong 1M absolute return, Positive 3M return, Positive 6M return, 1M Nifty outperformance, 3M Nifty outperformance, 6M Nifty outperformance, Positive across 1M/3M/6M, 80.0% of closes stayed inside the range | Range width 24.0% | Currently 100.0% through the range | Above upper band on elevated volume",2026-08-31 23:07 IST
SUNPHARMA,Healthcare,Drug Manufacturers - Specialty & Generic,1984.8,3.74,1533.99,2046.9,29.39,3.03,63.57,1923.41,1792.86,1734493.4,2374990.0,1.37,Bullish,80.0,"Above 50 DMA, Above 200 DMA, Healthy RSI momentum, Near 52W high momentum, Volume expansion, Strong positive day move",-0.29,11.27,14.57,-2.8,2.88,-5.5,2.51,8.39,20.07,35.0,"Positive 3M return, Positive 6M return, 6M Nifty outperformance",57.95,Profit Booking Zone,87.84,1708.32,1951.05,14.21,100.0,80.0% of closes stayed inside the range | Range width 14.2% | Currently 100.0% through the range,Sun Pharmaceutical Industries Limited,Healthcare,Drug Manufacturers - Specialty & Generic,Pharma / Healthcare,460672.31,True,38.1558,True,29.7523,True,5.5124,True,5.517,True,,False,,False,23.25,True,20.19,True,78.92,True,10.5,True,27.4,True,,False,,False,33516.58,True,4627.32,True,,False,,False,84.0,True,0.124,True,11.0,15.0,12.0,0.0,9.0,47.0,0.57,Cash covers debt,,2.0,49.0,General low-debt support,44.2,0.0,,52.53,Neutral,"Above 50 DMA, Above 200 DMA, Healthy RSI momentum, Near 52W high momentum, Volume expansion, Strong positive day move, Cash covers debt, Positive 3M return, Positive 6M return, 6M Nifty outperformance, 80.0% of closes stayed inside the range | Range width 14.2% | Currently 100.0% through the range",2026-08-31 23:07 IST
POWERINDIA,Industrials,Electrical Equipment & Parts,33760.0,1.29,16107.15,38775.74,109.6,12.94,50.7,33234.19,27470.83,120773.8,74377.0,0.62,Bullish,65.0,"Above 50 DMA, Above 200 DMA, Healthy RSI momentum, Near 52W high momentum, Positive day move",5.53,-7.55,32.42,-2.8,2.88,-5.5,8.33,-10.43,37.92,53.0,"Positive 1M return, Strong 6M absolute return, 1M Nifty outperformance, 6M Nifty outperformance",32.32,Profit Booking Zone,78.16,25019.03,35991.91,43.86,79.66,80.8% of closes stayed inside the range | Range width 43.9% | Currently 79.7% through the range,Hitachi Energy India Limited,Industrials,Electrical Equipment & Parts,Capital Goods / Infra,148559.69,True,131.5779,True,67.2285,True,28.7019,True,1.663,True,,False,,False,15.84,True,12.55,True,38.99,True,68.6,True,123.5,True,,False,,False,4689.17,True,86.1,True,,False,,False,2.0,True,0.572,True,8.0,20.0,12.0,0.0,5.0,45.0,0.57,Cash covers debt,Very high PE,5.0,50.0,Strong order-book-driven revenue growth,35.91,0.0,,52.39,Neutral,"Above 50 DMA, Above 200 DMA, Healthy RSI momentum, Near 52W high momentum, Positive day move, Cash covers debt, Positive 1M return, Strong 6M absolute return, 1M Nifty outperformance, 6M Nifty outperformance, 80.8% of closes stayed inside the range | Range width 43.9% | Currently 79.7% through the range",2026-08-31 23:07 IST
ANTHEM,Healthcare,Biotechnology,893.05,-3.41,577.64,942.6,54.6,5.26,60.08,811.47,720.1,767548.45,1181123.0,1.54,Bullish,70.0,"Above 50 DMA, Above 200 DMA, Healthy RSI momentum, Near 52W high momentum, Volume expansion",10.36,19.34,27.68,-2.8,2.88,-5.5,13.16,16.46,33.18,85.0,"Strong 1M absolute return, Positive 3M return, Positive 6M return, 1M Nifty outperformance, 3M Nifty outperformance, 6M Nifty outperformance, Positive across 1M/3M/6M",34.11,Profit Booking Zone,82.95,658.58,874.52,32.79,100.0,80.0% of closes stayed inside the range | Range width 32.8% | Currently 100.0% through the range,Anthem Biosciences Limited,Healthcare,Biotechnology,IT / Technology,50559.86,True,89.2956,True,59.5487,True,16.6177,True,1.772,True,,False,,False,28.83,True,28.69,True,61.66,True,-22.6,True,-12.8,True,,False,,False,938.5,True,53.92,True,,False,,False,22.0,True,,False,12.0,0.0,12.0,0.0,5.0,29.0,0.57,Cash covers debt,"Revenue contraction, Earnings contraction, Very high PE",5.0,34.0,Strong operating margin,44.2,5.0,Revenue contraction,52.28,Neutral,"Above 50 DMA, Above 200 DMA, Healthy RSI momentum, Near 52W high momentum, Volume expansion, Cash covers debt, Strong 1M absolute return, Positive 3M return, Positive 6M return, 1M Nifty outperformance, 3M Nifty outperformance, 6M Nifty outperformance, Positive across 1M/3M/6M, 80.0% of closes stayed inside the range | Range width 32.8% | Currently 100.0% through the range",2026-08-31 23:07 IST
INDHOTEL,Consumer Cyclical,Lodging,737.9,4.46,562.49,789.04,31.18,6.48,56.12,729.44,686.43,1583992.0,5170401.0,3.26,Bullish,85.0,"Above 50 DMA, Above 200 DMA, Healthy RSI momentum, Near 52W high momentum, Strong volume expansion, Strong positive day move",-1.87,12.04,13.85,-2.8,2.88,-5.5,0.93,9.16,19.35,35.0,"Positive 3M return, Positive 6M return, 6M Nifty outperformance",44.43,Profit Booking Zone,88.04,614.39,736.19,19.82,100.0,80.0% of closes stayed inside the range | Range width 19.8% | Currently 100.0% through the range,The Indian Hotels Company Limited,Consumer Cyclical,Lodging,Consumer Discretionary,102188.23,True,47.6332,True,37.7787,True,7.7037,True,18.987,True,,False,,False,24.4,True,20.87,True,63.01,True,15.1,True,20.7,True,,False,,False,4331.05,True,2836.55,True,,False,,False,45.0,True,-0.154,True,11.0,16.0,12.0,0.0,7.0,46.0,0.57,Cash covers debt,,2.0,48.0,General low-debt support,36.37,0.0,,52.26,Neutral,"Above 50 DMA, Above 200 DMA, Healthy RSI momentum, Near 52W high momentum, Strong volume expansion, Strong positive day move, Cash covers debt, Positive 3M return, Positive 6M return, 6M Nifty outperformance, 80.0% of closes stayed inside the range | Range width 19.8% | Currently 100.0% through the range",2026-08-31 23:07 IST
ICICIBANK,Financial Services,Banks - Regional,1454.0,2.19,1177.67,1467.63,23.46,0.93,60.37,1412.45,1344.54,9583387.5,15327613.0,1.6,Bullish,85.0,"Above 50 DMA, Above 200 DMA, Healthy RSI momentum, Near 52W high momentum, Near 52W low zone, Volume expansion, Strong positive day move",-0.41,17.14,6.71,-2.8,2.88,-5.5,2.39,14.26,12.21,35.0,"Positive 3M return, Positive 6M return, 3M Nifty outperformance",44.8,Profit Booking Zone,88.6,1231.5,1430.17,16.13,100.0,80.0% of closes stayed inside the range | Range width 16.1% | Currently 100.0% through the range,ICICI Bank Limited,Financial Services,Banks - Regional,Banking,1021090.31,True,18.3824,True,15.1362,True,2.6826,True,,False,16.07,True,2.11,True,38.51,True,27.53,True,0.0,True,11.4,True,13.8,True,,False,,False,74009.08,True,226317.72,True,,False,,False,84.0,True,0.261,True,16.0,10.0,0.0,0.0,15.0,41.0,0.64,,,6.0,47.0,Strong ROE for a leveraged-balance-sheet business,38.62,0.0,,52.24,Neutral,"Above 50 DMA, Above 200 DMA, Healthy RSI momentum, Near 52W high momentum, Near 52W low zone, Volume expansion, Strong positive day move, Positive 3M return, Positive 6M return, 3M Nifty outperformance, 80.0% of closes stayed inside the range | Range width 16.1% | Currently 100.0% through the range",2026-08-31 23:07 IST
MPHASIS,Technology,Information Technology Services,2427.4,-1.12,1960.44,2957.9,23.82,17.94,51.04,2355.45,2404.34,407705.7,354311.0,0.87,Bullish,55.0,"Above 50 DMA, Above 200 DMA, Healthy RSI momentum, Near 52W low zone",-0.07,7.62,10.51,-2.8,2.88,-5.5,2.73,4.74,16.01,35.0,"Positive 3M return, Positive 6M return, 6M Nifty outperformance",40.13,Profit Booking Zone,82.98,2070.98,2430.0,17.34,99.28,80.8% of closes stayed inside the range | Range width 17.3% | Currently 99.3% through the range,Mphasis Limited,Technology,Information Technology Services,IT / Technology,46845.59,True,24.1539,True,19.3664,True,4.1326,True,24.675,True,17.74,True,9.04,True,14.78,True,11.56,True,44.45,True,17.5,True,10.7,True,1.459,True,1.265,True,3358.86,True,2797.79,True,394.12,True,1426.41,True,2.57,True,0.485,True,14.0,13.0,14.0,17.0,11.0,69.0,1.0,Cash covers debt,,0.0,69.0,,35.62,0.0,,51.99,Neutral,"Above 50 DMA, Above 200 DMA, Healthy RSI momentum, Near 52W low zone, Cash covers debt, Positive 3M return, Positive 6M return, 6M Nifty outperformance, 80.8% of closes stayed inside the range | Range width 17.3% | Currently 99.3% through the range",2026-08-31 23:07 IST
AUBANK,Financial Services,Banks - Regional,1086.2,-0.44,681.49,1144.1,59.39,5.06,53.14,1055.4,993.6,1700869.15,1482912.0,0.87,Bullish,60.0,"Above 50 DMA, Above 200 DMA, Healthy RSI momentum, Near 52W high momentum",3.71,12.02,13.45,-2.8,2.88,-5.5,6.51,9.14,18.95,63.0,"Positive 1M return, Positive 3M return, Positive 6M return, 1M Nifty outperformance, 6M Nifty outperformance, Positive across 1M/3M/6M",22.62,Profit Booking Zone,82.87,901.12,1075.07,19.3,100.0,80.0% of closes stayed inside the range | Range width 19.3% | Currently 100.0% through the range,AU Small Finance Bank Limited,Financial Services,Banks - Regional,Banking,80675.24,True,28.5325,True,17.7896,True,4.0305,True,,False,,False,,False,35.31,True,21.37,True,0.0,True,29.8,True,35.1,True,,False,,False,8523.41,True,13871.54,True,,False,,False,9.0,True,,False,12.0,20.0,0.0,0.0,11.0,43.0,0.5,,,0.0,43.0,,38.62,0.0,,51.59,Neutral,"Above 50 DMA, Above 200 DMA, Healthy RSI momentum, Near 52W high momentum, Positive 1M return, Positive 3M return, Positive 6M return, 1M Nifty outperformance, 6M Nifty outperformance, Positive across 1M/3M/6M, 80.0% of closes stayed inside the range | Range width 19.3% | Currently 100.0% through the range",2026-08-31 23:07 IST
GRASIM,Basic Materials,Building Materials,3371.0,3.47,2494.73,3411.1,35.12,1.18,63.16,3186.88,2917.15,1156330.0,1019046.0,0.88,Bullish,70.0,"Above 50 DMA, Above 200 DMA, Healthy RSI momentum, Near 52W high momentum, Strong positive day move",9.05,9.02,20.78,-2.8,2.88,-5.5,11.85,6.14,26.28,63.0,"Positive 1M return, Positive 3M return, Positive 6M return, 1M Nifty outperformance, 6M Nifty outperformance, Positive across 1M/3M/6M",27.44,Profit Booking Zone,84.39,2645.5,3259.2,23.2,100.0,80.0% of closes stayed inside the range | Range width 23.2% | Currently 100.0% through the range,Grasim Industries Limited,Basic Materials,Building Materials,Cement / Realty,223145.15,True,39.293,True,21.7842,True,2.1566,True,135.044,True,,False,,False,18.81,True,3.09,True,56.36,True,21.4,True,51.3,True,,False,,False,22970.58,True,229392.99,True,,False,,False,31.0,True,0.355,True,5.0,18.0,2.0,0.0,11.0,36.0,0.57,,,0.0,36.0,,36.18,0.0,,51.28,Neutral,"Above 50 DMA, Above 200 DMA, Healthy RSI momentum, Near 52W high momentum, Strong positive day move, Positive 1M return, Positive 3M return, Positive 6M return, 1M Nifty outperformance, 6M Nifty outperformance, Positive across 1M/3M/6M, 80.0% of closes stayed inside the range | Range width 23.2% | Currently 100.0% through the range",2026-08-31 23:07 IST
KOTAKBANK,Financial Services,Banks - Regional,419.4,-1.01,344.9,452.42,21.6,7.3,68.47,393.0,399.87,12133364.15,18989838.0,1.57,Bullish,75.0,"Above 50 DMA, Above 200 DMA, Healthy RSI momentum, Near 52W high momentum, Near 52W low zone, Volume expansion",5.51,10.12,1.7,-2.8,2.88,-5.5,8.31,7.24,7.2,48.0,"Positive 1M return, Positive 3M return, Positive 6M return, 1M Nifty outperformance, Positive across 1M/3M/6M",32.81,Breakout Watch,87.58,369.44,402.29,8.89,100.0,80.0% of closes stayed inside the range | Range width 8.9% | Currently 100.0% through the range | Above upper band on elevated volume,Kotak Mahindra Bank Limited,Financial Services,Banks - Regional,Banking,421482.2,True,20.79,True,16.5832,True,2.3255,True,,False,,False,,False,34.76,True,28.47,True,0.0,True,21.0,True,22.5,True,,False,,False,72932.22,True,111529.13,True,,False,,False,15.0,True,0.275,True,12.0,16.0,0.0,0.0,13.0,41.0,0.5,,,0.0,41.0,,38.62,0.0,,50.89,Neutral,"Above 50 DMA, Above 200 DMA, Healthy RSI momentum, Near 52W high momentum, Near 52W low zone, Volume expansion, Positive 1M return, Positive 3M return, Positive 6M return, 1M Nifty outperformance, Positive across 1M/3M/6M, 80.0% of closes stayed inside the range | Range width 8.9% | Currently 100.0% through the range | Above upper band on elevated volume",2026-08-31 23:07 IST
TATATECH,Technology,Information Technology Services,831.05,-0.4,499.73,891.0,66.3,6.73,57.53,768.59,661.58,2390105.45,1402306.0,0.59,Bullish,60.0,"Above 50 DMA, Above 200 DMA, Healthy RSI momentum, Near 52W high momentum",8.8,12.76,45.38,-2.8,2.88,-5.5,11.6,9.88,50.88,73.0,"Positive 1M return, Positive 3M return, Strong 6M absolute return, 1M Nifty outperformance, 6M Nifty outperformance, Positive across 1M/3M/6M",17.83,Profit Booking Zone,77.99,535.57,813.37,51.87,100.0,80.0% of closes stayed inside the range | Range width 51.9% | Currently 100.0% through the range,Tata Technologies Limited,Technology,Information Technology Services,IT / Technology,33878.93,True,58.1429,True,35.3916,True,8.6336,True,23.908,True,,False,,False,13.26,True,9.4,True,24.55,True,33.8,True,6.2,True,,False,,False,1576.52,True,937.98,True,,False,,False,100.0,True,0.833,True,6.0,12.0,10.0,0.0,7.0,35.0,0.57,Cash covers debt,,0.0,35.0,,35.62,0.0,,50.84,Neutral,"Above 50 DMA, Above 200 DMA, Healthy RSI momentum, Near 52W high momentum, Cash covers debt, Positive 1M return, Positive 3M return, Strong 6M absolute return, 1M Nifty outperformance, 6M Nifty outperformance, Positive across 1M/3M/6M, 80.0% of closes stayed inside the range | Range width 51.9% | Currently 100.0% through the range",2026-08-31 23:07 IST
TITAN,Consumer Cyclical,Luxury Goods,5102.4,-1.29,3292.3,5186.7,54.98,1.63,62.52,4775.1,4286.58,864810.7,630586.0,0.73,Bullish,60.0,"Above 50 DMA, Above 200 DMA, Healthy RSI momentum, Near 52W high momentum",2.05,20.99,19.88,-2.8,2.88,-5.5,4.85,18.11,25.38,78.0,"Positive 1M return, Strong 3M absolute return, Positive 6M return, 3M Nifty outperformance, 6M Nifty outperformance, Positive across 1M/3M/6M",24.22,Profit Booking Zone,83.02,4061.4,5068.0,24.78,100.0,80.8% of closes stayed inside the range | Range width 24.8% | Currently 100.0% through the range,Titan Company Limited,Consumer Cyclical,Luxury Goods,Consumer Discretionary,458669.48,True,79.3674,True,58.1651,True,29.2247,True,195.001,True,,False,,False,12.33,True,6.23,True,20.47,True,29.3,True,62.8,True,,False,,False,3861.0,True,30621.0,True,,False,,False,29.0,True,0.18,True,6.0,20.0,0.0,0.0,5.0,31.0,0.57,,,0.0,31.0,,36.37,0.0,,50.81,Neutral,"Above 50 DMA, Above 200 DMA, Healthy RSI momentum, Near 52W high momentum, Positive 1M return, Strong 3M absolute return, Positive 6M return, 3M Nifty outperformance, 6M Nifty outperformance, Positive across 1M/3M/6M, 80.8% of closes stayed inside the range | Range width 24.8% | Currently 100.0% through the range",2026-08-31 23:07 IST
NESTLEIND,Consumer Defensive,Packaged Foods,1496.5,2.88,1133.4,1553.0,32.04,3.64,55.7,1463.14,1343.66,1791674.9,2308730.0,1.29,Bullish,75.0,"Above 50 DMA, Above 200 DMA, Healthy RSI momentum, Near 52W high momentum, Normal volume support, Strong positive day move",-2.19,8.73,17.5,-2.8,2.88,-5.5,0.61,5.85,23.0,35.0,"Positive 3M return, Positive 6M return, 6M Nifty outperformance",48.61,Profit Booking Zone,85.3,1206.95,1496.76,24.01,99.91,80.0% of closes stayed inside the range | Range width 24.0% | Currently 99.9% through the range,Nestlé India Limited,Consumer Defensive,Packaged Foods,FMCG / Consumer,280492.61,True,73.5389,True,58.5917,True,54.3918,True,8.621,True,,False,,False,21.17,True,15.62,True,55.13,True,25.2,True,48.1,True,,False,,False,1320.57,True,444.56,True,,False,,False,83.0,True,0.426,True,10.0,20.0,12.0,0.0,5.0,47.0,0.57,Cash covers debt,,3.0,50.0,"Low debt, typical of a healthy consumer business",37.87,0.0,,50.68,Neutral,"Above 50 DMA, Above 200 DMA, Healthy RSI momentum, Near 52W high momentum, Normal volume support, Strong positive day move, Cash covers debt, Positive 3M return, Positive 6M return, 6M Nifty outperformance, 80.0% of closes stayed inside the range | Range width 24.0% | Currently 99.9% through the range",2026-08-31 23:07 IST
APLAPOLLO,Basic Materials,Steel,2223.4,-1.86,1592.6,2301.4,39.61,3.39,74.56,1925.81,1937.28,616129.7,1080567.0,1.75,Bullish,57.0,"Above 50 DMA, Above 200 DMA, Strong but overbought RSI, Near 52W high momentum, Volume expansion",14.52,22.95,0.05,-2.8,2.88,-5.5,17.32,20.07,5.55,80.0,"Strong 1M absolute return, Strong 3M absolute return, Positive 6M return, 1M Nifty outperformance, 3M Nifty outperformance, Positive across 1M/3M/6M",17.38,Breakout Watch,83.48,1793.5,2107.44,17.5,100.0,80.8% of closes stayed inside the range | Range width 17.5% | Currently 100.0% through the range | Above upper band on elevated volume,APL Apollo Tubes Limited,Basic Materials,Steel,Metals / Mining,62906.29,True,49.4997,True,35.5595,True,11.8788,True,9.396,True,,False,,False,6.28,True,5.23,True,15.61,True,8.5,True,11.0,True,,False,,False,886.23,True,497.65,True,,False,,False,38.0,True,0.301,True,0.0,10.0,12.0,0.0,7.0,29.0,0.57,Cash covers debt,,2.0,31.0,General low-debt support,36.18,0.0,,50.53,Neutral,"Above 50 DMA, Above 200 DMA, Strong but overbought RSI, Near 52W high momentum, Volume expansion, Cash covers debt, Strong 1M absolute return, Strong 3M absolute return, Positive 6M return, 1M Nifty outperformance, 3M Nifty outperformance, Positive across 1M/3M/6M, 80.8% of closes stayed inside the range | Range width 17.5% | Currently 100.0% through the range | Above upper band on elevated volume",2026-08-31 23:07 IST
TMCV,Consumer Cyclical,Auto Manufacturers,471.1,1.03,302.88,503.32,55.54,6.4,59.1,438.86,416.93,8457362.15,15309105.0,1.81,Bullish,75.0,"Above 50 DMA, Above 200 DMA, Healthy RSI momentum, Near 52W high momentum, Volume expansion, Positive day move",4.11,27.52,-4.33,-2.8,2.88,-5.5,6.91,24.64,1.17,53.0,"Positive 1M return, Strong 3M absolute return, 1M Nifty outperformance, 3M Nifty outperformance",33.29,Profit Booking Zone,85.26,375.26,466.71,24.37,100.0,80.0% of closes stayed inside the range | Range width 24.4% | Currently 100.0% through the range,Tata Motors Limited,Consumer Cyclical,Auto Manufacturers,Automobile,171724.31,True,41.4858,True,19.9085,True,13.4843,True,44.095,True,,False,,False,6.85,True,4.81,True,31.65,True,19.3,True,83.4,True,,False,,False,13048.0,True,5615.0,True,,False,,False,86.0,True,,False,0.0,18.0,10.0,0.0,7.0,35.0,0.57,Cash covers debt,,2.0,37.0,General low-debt support,36.37,0.0,,50.41,Neutral,"Above 50 DMA, Above 200 DMA, Healthy RSI momentum, Near 52W high momentum, Volume expansion, Positive day move, Cash covers debt, Positive 1M return, Strong 3M absolute return, 1M Nifty outperformance, 3M Nifty outperformance, 80.0% of closes stayed inside the range | Range width 24.4% | Currently 100.0% through the range",2026-08-31 23:07 IST
NATIONALUM,Basic Materials,Aluminum,381.5,-2.0,178.23,443.37,114.05,13.96,50.46,362.68,358.41,8908247.65,11953343.0,1.34,Bullish,70.0,"Above 50 DMA, Above 200 DMA, Healthy RSI momentum, Near 52W high momentum, Volume expansion",9.26,-12.46,8.4,-2.8,2.88,-5.5,12.06,-15.34,13.9,28.0,"Positive 1M return, Positive 6M return, 1M Nifty outperformance",48.17,Lower Range Watch,77.4,342.93,429.52,25.25,44.54,80.0% of closes stayed inside the range | Range width 25.3% | Currently 44.5% through the range,National Aluminium Company Limited,Basic Materials,Aluminum,Metals / Mining,72537.77,True,10.7469,True,10.1848,True,3.357,True,0.277,True,,False,,False,47.62,True,34.91,True,71.34,True,39.3,True,91.1,True,,False,,False,8700.67,True,59.83,True,,False,,False,1.01,True,0.709,True,12.0,20.0,12.0,0.0,12.0,56.0,0.57,Cash covers debt,,2.0,58.0,General low-debt support,36.18,0.0,,50.23,Neutral,"Above 50 DMA, Above 200 DMA, Healthy RSI momentum, Near 52W high momentum, Volume expansion, Cash covers debt, Positive 1M return, Positive 6M return, 1M Nifty outperformance, 80.0% of closes stayed inside the range | Range width 25.3% | Currently 44.5% through the range",2026-08-31 23:07 IST
EICHERMOT,Consumer Cyclical,Auto Manufacturers,7953.5,-1.31,6021.94,8165.0,32.08,2.59,52.48,7687.71,7299.03,365546.05,742668.0,2.03,Bullish,75.0,"Above 50 DMA, Above 200 DMA, Healthy RSI momentum, Near 52W high momentum, Strong volume expansion",-1.2,13.03,2.69,-2.8,2.88,-5.5,1.6,10.15,8.19,35.0,"Positive 3M return, Positive 6M return, 3M Nifty outperformance",44.43,Profit Booking Zone,85.45,6810.04,8018.65,17.75,94.61,80.0% of closes stayed inside the range | Range width 17.7% | Currently 94.6% through the range,Eicher Motors Limited,Consumer Cyclical,Auto Manufacturers,Automobile,221237.03,True,38.6097,True,29.6683,True,8.8075,True,2.048,True,,False,,False,19.8,True,23.21,True,42.31,True,31.5,True,21.3,True,,False,,False,6078.23,True,513.95,True,,False,,False,1.01,True,0.226,True,11.0,18.0,12.0,0.0,6.0,47.0,0.57,Cash covers debt,,2.0,49.0,General low-debt support,36.37,0.0,,50.11,Neutral,"Above 50 DMA, Above 200 DMA, Healthy RSI momentum, Near 52W high momentum, Strong volume expansion, Cash covers debt, Positive 3M return, Positive 6M return, 3M Nifty outperformance, 80.0% of closes stayed inside the range | Range width 17.7% | Currently 94.6% through the range",2026-08-31 23:07 IST
GAIL,Utilities,Utilities - Regulated Gas,177.5,3.74,134.36,182.38,32.11,2.68,56.81,173.76,165.14,8723554.9,13002281.0,1.49,Bullish,80.0,"Above 50 DMA, Above 200 DMA, Healthy RSI momentum, Near 52W high momentum, Volume expansion, Strong positive day move",1.84,5.94,7.53,-2.8,2.88,-5.5,4.64,3.06,13.03,38.0,"Positive 1M return, Positive 3M return, Positive 6M return, Positive across 1M/3M/6M",13.51,Profit Booking Zone,87.16,147.55,175.17,18.72,100.0,80.0% of closes stayed inside the range | Range width 18.7% | Currently 100.0% through the range,GAIL (India) Limited,Utilities,Utilities - Regulated Gas,Energy / Utilities,112499.61,True,11.4678,True,9.3538,True,1.2623,True,27.809,True,,False,,False,14.83,True,6.7,True,18.75,True,16.7,True,97.2,True,,False,,False,2126.66,True,24831.49,True,,False,,False,3.21,True,0.515,True,6.0,18.0,7.0,0.0,15.0,46.0,0.57,,,2.0,48.0,General low-debt support,25.41,0.0,,50.11,Neutral,"Above 50 DMA, Above 200 DMA, Healthy RSI momentum, Near 52W high momentum, Volume expansion, Strong positive day move, Positive 1M return, Positive 3M return, Positive 6M return, Positive across 1M/3M/6M, 80.0% of closes stayed inside the range | Range width 18.7% | Currently 100.0% through the range",2026-08-31 23:07 IST
INDIANB,Financial Services,Banks - Regional,898.75,1.85,639.38,980.02,40.57,8.29,63.16,847.63,849.4,1267125.65,1640489.0,1.29,Bullish,70.0,"Above 50 DMA, Above 200 DMA, Healthy RSI momentum, Near 52W high momentum, Normal volume support, Positive day move",6.36,9.63,-6.02,-2.8,2.88,-5.5,9.16,6.75,-0.52,28.0,"Positive 1M return, Positive 3M return, 1M Nifty outperformance",50.68,Profit Booking Zone,86.13,804.19,897.17,11.56,100.0,80.0% of closes stayed inside the range | Range width 11.6% | Currently 100.0% through the range,Indian Bank,Financial Services,Banks - Regional,Banking,118856.1,True,9.3198,True,8.0422,True,1.4166,True,,False,16.17,True,1.34,True,48.04,True,36.41,True,0.0,True,10.3,True,47.5,True,,False,,False,59976.0,True,48253.0,True,,False,,False,2.06,True,0.28,True,16.0,15.0,3.0,0.0,15.0,49.0,0.64,Cash covers debt,,6.0,55.0,Strong ROE for a leveraged-balance-sheet business,38.62,0.0,,49.54,Neutral,"Above 50 DMA, Above 200 DMA, Healthy RSI momentum, Near 52W high momentum, Normal volume support, Positive day move, Cash covers debt, Positive 1M return, Positive 3M return, 1M Nifty outperformance, 80.0% of closes stayed inside the range | Range width 11.6% | Currently 100.0% through the range",2026-08-31 23:07 IST
CGPOWER,Industrials,Electrical Equipment & Parts,916.0,3.04,524.34,980.9,74.69,6.62,58.23,897.5,773.85,2346467.2,3341893.0,1.42,Bullish,80.0,"Above 50 DMA, Above 200 DMA, Healthy RSI momentum, Near 52W high momentum, Volume expansion, Strong positive day move",10.88,-2.34,28.68,-2.8,2.88,-5.5,13.68,-5.22,34.18,50.0,"Strong 1M absolute return, Positive 6M return, 1M Nifty outperformance, 6M Nifty outperformance",33.78,Profit Booking Zone,83.61,706.3,938.18,32.83,90.43,80.0% of closes stayed inside the range | Range width 32.8% | Currently 90.4% through the range,CG Power and Industrial Solutions Limited,Industrials,Electrical Equipment & Parts,Capital Goods / Infra,140057.51,True,113.6829,True,63.8581,True,17.566,True,1.446,True,,False,,False,10.45,True,9.75,True,30.72,True,14.0,True,13.1,True,,False,,False,2983.87,True,118.51,True,,False,,False,14.0,True,0.42,True,6.0,10.0,12.0,0.0,5.0,33.0,0.57,Cash covers debt,Very high PE,0.0,33.0,,35.91,0.0,,49.44,Neutral,"Above 50 DMA, Above 200 DMA, Healthy RSI momentum, Near 52W high momentum, Volume expansion, Strong positive day move, Cash covers debt, Strong 1M absolute return, Positive 6M return, 1M Nifty outperformance, 6M Nifty outperformance, 80.0% of closes stayed inside the range | Range width 32.8% | Currently 90.4% through the range",2026-08-31 23:07 IST
DLF,Real Estate,Real Estate - Development,691.05,1.65,483.33,784.95,42.98,11.96,62.19,654.13,626.72,3208315.05,3120480.0,0.97,Bullish,65.0,"Above 50 DMA, Above 200 DMA, Healthy RSI momentum, Near 52W high momentum, Positive day move",3.37,21.1,18.56,-2.8,2.88,-5.5,6.17,18.22,24.06,88.0,"Positive 1M return, Strong 3M absolute return, Positive 6M return, 1M Nifty outperformance, 3M Nifty outperformance, 6M Nifty outperformance, Positive across 1M/3M/6M",9.46,Profit Booking Zone,83.07,535.97,669.94,24.99,100.0,80.0% of closes stayed inside the range | Range width 25.0% | Currently 100.0% through the range,DLF Limited,Real Estate,Real Estate - Development,Cement / Realty,168271.68,True,37.5996,True,26.7422,True,3.7004,True,0.673,True,10.1,True,,False,8.99,True,65.79,True,46.51,True,-52.9,True,4.2,True,,False,,False,9586.05,True,305.89,True,,False,,False,1.18,True,0.386,True,8.0,2.0,12.0,0.0,8.0,30.0,0.64,Cash covers debt,Revenue contraction,2.0,32.0,General low-debt support,33.18,5.0,Revenue contraction,49.43,Neutral,"Above 50 DMA, Above 200 DMA, Healthy RSI momentum, Near 52W high momentum, Positive day move, Cash covers debt, Positive 1M return, Strong 3M absolute return, Positive 6M return, 1M Nifty outperformance, 3M Nifty outperformance, 6M Nifty outperformance, Positive across 1M/3M/6M, 80.0% of closes stayed inside the range | Range width 25.0% | Currently 100.0% through the range",2026-08-31 23:07 IST
OIL,Energy,Oil & Gas Integrated,483.15,2.83,378.46,531.0,27.66,9.01,62.1,446.02,451.74,3084907.25,4789891.0,1.55,Bullish,80.0,"Above 50 DMA, Above 200 DMA, Healthy RSI momentum, Near 52W high momentum, Volume expansion, Strong positive day move",5.35,-1.59,-0.15,-2.8,2.88,-5.5,8.15,-4.47,5.35,18.0,"Positive 1M return, 1M Nifty outperformance",67.74,Profit Booking Zone,86.76,420.16,490.95,16.85,88.98,80.8% of closes stayed inside the range | Range width 16.8% | Currently 89.0% through the range,Oil India Limited,Energy,Oil & Gas Integrated,Energy / Utilities,78540.75,True,9.4031,True,7.4868,True,1.354,True,58.741,True,,False,,False,40.75,True,21.68,True,56.89,True,57.7,True,91.4,True,,False,,False,6045.41,True,37477.98,True,,False,,False,2.77,True,0.253,True,12.0,20.0,4.0,0.0,15.0,51.0,0.57,,,2.0,53.0,General low-debt support,40.72,0.0,,49.16,Neutral,"Above 50 DMA, Above 200 DMA, Healthy RSI momentum, Near 52W high momentum, Volume expansion, Strong positive day move, Positive 1M return, 1M Nifty outperformance, 80.8% of closes stayed inside the range | Range width 16.8% | Currently 89.0% through the range",2026-08-31 23:07 IST
LTM,Technology,Information Technology Services,4540.0,1.7,3528.0,6344.47,28.68,28.44,54.57,4217.84,4786.58,430498.6,344356.0,0.8,Bullish,40.0,"Above 50 DMA, Healthy RSI momentum, Positive day move",4.08,12.02,3.11,-2.8,2.88,-5.5,6.88,9.14,8.61,48.0,"Positive 1M return, Positive 3M return, Positive 6M return, 1M Nifty outperformance, Positive across 1M/3M/6M",29.3,Profit Booking Zone,77.92,3829.67,4576.08,19.49,95.17,80.0% of closes stayed inside the range | Range width 19.5% | Currently 95.2% through the range,LTM Limited,Technology,Information Technology Services,IT / Technology,138595.62,True,26.5128,True,20.315,True,5.6492,True,9.874,True,21.97,True,12.69,True,15.5,True,11.87,True,29.77,True,18.0,True,16.9,True,2.932,True,2.575,True,14912.3,True,2430.9,True,5183.36,True,4922.6,True,1.6,True,0.261,True,17.0,16.0,20.0,17.0,10.0,80.0,1.0,"Strong ROE, Cash covers debt",,5.0,85.0,Strong ROE for an asset-light business,35.62,8.0,Below 200 DMA,49.09,Neutral,"Above 50 DMA, Healthy RSI momentum, Positive day move, Strong ROE, Cash covers debt, Positive 1M return, Positive 3M return, Positive 6M return, 1M Nifty outperformance, Positive across 1M/3M/6M, 80.0% of closes stayed inside the range | Range width 19.5% | Currently 95.2% through the range",2026-08-31 23:07 IST
HAL,Industrials,Aerospace & Defense,4801.6,-1.22,3472.06,5149.9,38.29,6.76,48.09,4650.85,4357.02,1126839.0,681270.0,0.6,Bullish,42.0,"Above 50 DMA, Above 200 DMA, RSI recovering",2.59,14.8,21.76,-2.8,2.88,-5.5,5.39,11.92,27.26,78.0,"Positive 1M return, Positive 3M return, Positive 6M return, 1M Nifty outperformance, 3M Nifty outperformance, 6M Nifty outperformance, Positive across 1M/3M/6M",20.24,Profit Booking Zone,76.68,3904.63,4900.01,25.49,90.11,80.0% of closes stayed inside the range | Range width 25.5% | Currently 90.1% through the range,Hindustan Aeronautics Limited,Industrials,Aerospace & Defense,Capital Goods / Infra,325098.22,True,35.0881,True,28.2646,True,7.9213,True,0.16,True,,False,,False,15.67,True,27.59,True,51.7,True,14.4,True,14.9,True,,False,,False,46195.78,True,65.82,True,,False,,False,41.0,True,0.502,True,9.0,10.0,12.0,0.0,7.0,38.0,0.57,Cash covers debt,,0.0,38.0,,35.91,0.0,,48.69,Neutral,"Above 50 DMA, Above 200 DMA, RSI recovering, Cash covers debt, Positive 1M return, Positive 3M return, Positive 6M return, 1M Nifty outperformance, 3M Nifty outperformance, 6M Nifty outperformance, Positive across 1M/3M/6M, 80.0% of closes stayed inside the range | Range width 25.5% | Currently 90.1% through the range",2026-08-31 23:07 IST
PREMIERENE,Technology,Solar,1036.3,2.21,666.41,1134.0,55.51,8.62,51.52,1042.46,935.23,1097972.55,1312591.0,1.2,Bearish,60.0,"Above 200 DMA, Healthy RSI momentum, Near 52W high momentum, Normal volume support, Strong positive day move",1.53,-3.85,45.48,-2.8,2.88,-5.5,4.33,-6.73,50.98,43.0,"Positive 1M return, Strong 6M absolute return, 6M Nifty outperformance",31.85,Neutral Range,79.12,913.92,1079.65,18.13,73.84,80.0% of closes stayed inside the range | Range width 18.1% | Currently 73.8% through the range,Premier Energies Limited,Technology,Solar,IT / Technology,45772.16,True,26.8086,True,20.5114,True,10.6038,True,86.005,True,,False,,False,25.12,True,19.67,True,39.49,True,35.3,True,53.0,True,,False,,False,2493.26,True,3707.15,True,,False,,False,15.0,True,,False,12.0,20.0,4.0,0.0,9.0,45.0,0.57,,,5.0,50.0,Strong operating margin,35.62,0.0,,48.59,Neutral,"Above 200 DMA, Healthy RSI momentum, Near 52W high momentum, Normal volume support, Strong positive day move, Positive 1M return, Strong 6M absolute return, 6M Nifty outperformance, 80.0% of closes stayed inside the range | Range width 18.1% | Currently 73.8% through the range",2026-08-31 23:07 IST
TORNTPHARM,Healthcare,Drug Manufacturers - Specialty & Generic,5066.0,1.34,3450.04,5250.0,46.84,3.5,59.51,4875.23,4298.95,404889.35,648028.0,1.6,Bullish,75.0,"Above 50 DMA, Above 200 DMA, Healthy RSI momentum, Near 52W high momentum, Volume expansion, Positive day move",-1.11,15.97,17.14,-2.8,2.88,-5.5,1.69,13.09,22.64,50.0,"Positive 3M return, Positive 6M return, 3M Nifty outperformance, 6M Nifty outperformance",49.67,Profit Booking Zone,85.85,4150.71,5000.5,20.47,100.0,80.0% of closes stayed inside the range | Range width 20.5% | Currently 100.0% through the range,Torrent Pharmaceuticals Limited,Healthcare,Drug Manufacturers - Specialty & Generic,Pharma / Healthcare,192085.78,True,80.8129,True,54.2131,True,20.3751,True,85.446,True,,False,,False,21.76,True,13.87,True,75.98,True,54.8,True,-8.2,True,,False,,False,2355.21,True,15025.5,True,,False,,False,76.0,True,0.145,True,10.0,10.0,4.0,0.0,5.0,29.0,0.57,,"Earnings contraction, Very high PE",0.0,29.0,,44.2,0.0,,48.03,Neutral,"Above 50 DMA, Above 200 DMA, Healthy RSI momentum, Near 52W high momentum, Volume expansion, Positive day move, Positive 3M return, Positive 6M return, 3M Nifty outperformance, 6M Nifty outperformance, 80.0% of closes stayed inside the range | Range width 20.5% | Currently 100.0% through the range",2026-08-31 23:07 IST
BAJAJHLDNG,Financial Services,Asset Management,11644.0,2.15,8482.6,13642.17,37.27,14.65,61.57,10959.36,10615.74,42382.7,50584.0,1.19,Bullish,75.0,"Above 50 DMA, Above 200 DMA, Healthy RSI momentum, Near 52W high momentum, Normal volume support, Strong positive day move",2.65,15.69,9.11,-2.8,2.88,-5.5,5.45,12.81,14.61,63.0,"Positive 1M return, Positive 3M return, Positive 6M return, 1M Nifty outperformance, 3M Nifty outperformance, Positive across 1M/3M/6M",22.62,Profit Booking Zone,86.02,9541.24,11380.7,19.28,100.0,80.0% of closes stayed inside the range | Range width 19.3% | Currently 100.0% through the range,Bajaj Holdings & Investment Limited,Financial Services,Asset Management,Financial Services,126206.84,True,14.2525,True,,False,1.7253,True,0.012,True,11.6,True,,False,84.84,True,7.35,True,98.98,True,24.2,True,-22.4,True,,False,,False,100.56,True,9.62,True,,False,,False,1.4,True,0.154,True,11.0,8.0,12.0,0.0,11.0,42.0,0.64,Cash covers debt,Earnings contraction,0.0,42.0,,38.62,7.0,Earnings contraction,47.99,Neutral,"Above 50 DMA, Above 200 DMA, Healthy RSI momentum, Near 52W high momentum, Normal volume support, Strong positive day move, Cash covers debt, Positive 1M return, Positive 3M return, Positive 6M return, 1M Nifty outperformance, 3M Nifty outperformance, Positive across 1M/3M/6M, 80.0% of closes stayed inside the range | Range width 19.3% | Currently 100.0% through the range",2026-08-31 23:07 IST
LGEINDIA,Technology,Consumer Electronics,1697.8,-0.15,1304.1,1755.0,30.19,3.26,62.91,1581.55,1543.73,1056726.85,565204.0,0.53,Bullish,60.0,"Above 50 DMA, Above 200 DMA, Healthy RSI momentum, Near 52W high momentum",13.91,11.83,6.85,-2.8,2.88,-5.5,16.71,8.95,12.35,55.0,"Strong 1M absolute return, Positive 3M return, Positive 6M return, 1M Nifty outperformance, Positive across 1M/3M/6M",26.75,Profit Booking Zone,84.44,1491.49,1623.67,8.86,100.0,80.0% of closes stayed inside the range | Range width 8.9% | Currently 100.0% through the range,LG Electronics India Limited,Technology,Consumer Electronics,IT / Technology,114807.56,True,62.9475,True,42.2839,True,14.977,True,5.99,True,,False,,False,10.96,True,7.13,True,29.94,True,15.5,True,27.2,True,,False,,False,4476.26,True,459.16,True,,False,,False,,False,,False,6.0,18.0,12.0,0.0,3.0,39.0,0.5,Cash covers debt,,0.0,39.0,,35.62,0.0,,47.74,Neutral,"Above 50 DMA, Above 200 DMA, Healthy RSI momentum, Near 52W high momentum, Cash covers debt, Strong 1M absolute return, Positive 3M return, Positive 6M return, 1M Nifty outperformance, Positive across 1M/3M/6M, 80.0% of closes stayed inside the range | Range width 8.9% | Currently 100.0% through the range",2026-08-31 23:07 IST
360ONE,Financial Services,Asset Management,1175.0,-2.41,900.82,1229.07,30.44,4.4,51.62,1137.77,1106.71,849710.75,1412598.0,1.66,Bullish,70.0,"Above 50 DMA, Above 200 DMA, Healthy RSI momentum, Near 52W high momentum, Volume expansion",3.5,9.56,7.09,-2.8,2.88,-5.5,6.3,6.68,12.59,48.0,"Positive 1M return, Positive 3M return, Positive 6M return, 1M Nifty outperformance, Positive across 1M/3M/6M",32.81,Profit Booking Zone,85.35,1006.49,1175.06,16.75,99.96,80.0% of closes stayed inside the range | Range width 16.7% | Currently 100.0% through the range,360 One Wam Limited,Financial Services,Asset Management,Financial Services,48907.74,True,39.8671,True,29.2979,True,4.9478,True,161.977,True,,False,,False,61.07,True,26.46,True,72.87,True,29.9,True,12.8,True,,False,,False,1481.59,True,15931.31,True,,False,,False,1.5,True,0.47,True,12.0,15.0,0.0,0.0,8.0,35.0,0.57,,,0.0,35.0,,38.62,0.0,,47.54,Neutral,"Above 50 DMA, Above 200 DMA, Healthy RSI momentum, Near 52W high momentum, Volume expansion, Positive 1M return, Positive 3M return, Positive 6M return, 1M Nifty outperformance, Positive across 1M/3M/6M, 80.0% of closes stayed inside the range | Range width 16.7% | Currently 100.0% through the range",2026-08-31 23:07 IST
AEGISLOG,Energy,Oil & Gas Refining & Marketing,1264.6,-1.92,573.05,1497.8,120.68,15.57,45.39,1293.61,860.1,1007728.1,552905.0,0.55,Bearish,27.0,"Above 200 DMA, RSI recovering",-8.91,68.21,87.55,-2.8,2.88,-5.5,-6.11,65.33,93.05,70.0,"Strong 3M absolute return, Strong 6M absolute return, 3M Nifty outperformance, 6M Nifty outperformance",25.81,Profit Booking Zone,62.08,606.94,1351.96,122.75,88.27,80.0% of closes stayed inside the range | Range width 122.7% | Currently 88.3% through the range,Aegis Logistics Limited,Energy,Oil & Gas Refining & Marketing,Energy / Utilities,45257.94,True,36.3621,True,30.6611,True,7.4744,True,47.243,True,,False,,False,28.03,True,13.95,True,26.48,True,37.1,True,269.0,True,,False,,False,4413.86,True,4149.94,True,,False,,False,1.04,True,0.55,True,11.0,20.0,10.0,0.0,6.0,47.0,0.57,Cash covers debt,,2.0,49.0,General low-debt support,40.72,0.0,,47.51,Neutral,"Above 200 DMA, RSI recovering, Cash covers debt, Strong 3M absolute return, Strong 6M absolute return, 3M Nifty outperformance, 6M Nifty outperformance, 80.0% of closes stayed inside the range | Range width 122.7% | Currently 88.3% through the range",2026-08-31 23:07 IST
UNITDSPR,Consumer Defensive,Beverages - Wineries & Distilleries,1490.0,-1.32,1201.55,1563.4,24.01,4.69,45.78,1456.76,1365.69,554766.25,1523091.0,2.75,Bullish,62.0,"Above 50 DMA, Above 200 DMA, RSI recovering, Near 52W low zone, Strong volume expansion",-2.61,20.15,9.87,-2.8,2.88,-5.5,0.19,17.27,15.37,60.0,"Strong 3M absolute return, Positive 6M return, 3M Nifty outperformance, 6M Nifty outperformance",34.38,Profit Booking Zone,82.84,1240.15,1525.0,22.97,87.71,81.7% of closes stayed inside the range | Range width 23.0% | Currently 87.7% through the range,United Spirits Limited,Consumer Defensive,Beverages - Wineries & Distilleries,FMCG / Consumer,107218.37,True,64.0917,True,49.9616,True,11.9757,True,4.611,True,,False,,False,13.16,True,14.92,True,46.86,True,-10.2,True,11.2,True,,False,,False,3129.0,True,413.0,True,,False,,False,1.12,True,0.148,True,8.0,5.0,12.0,0.0,4.0,29.0,0.57,Cash covers debt,Revenue contraction,3.0,32.0,"Low debt, typical of a healthy consumer business",37.87,0.0,,47.38,Neutral,"Above 50 DMA, Above 200 DMA, RSI recovering, Near 52W low zone, Strong volume expansion, Cash covers debt, Strong 3M absolute return, Positive 6M return, 3M Nifty outperformance, 6M Nifty outperformance, 81.7% of closes stayed inside the range | Range width 23.0% | Currently 87.7% through the range",2026-08-31 23:07 IST
MAZDOCK,Industrials,Aerospace & Defense,2480.0,-2.94,2053.69,3039.74,20.76,18.41,45.86,2460.53,2466.06,975662.4,607160.0,0.62,Bullish,47.0,"Above 50 DMA, Above 200 DMA, RSI recovering, Near 52W low zone",3.95,1.61,12.43,-2.8,2.88,-5.5,6.75,-1.27,17.93,63.0,"Positive 1M return, Positive 3M return, Positive 6M return, 1M Nifty outperformance, 6M Nifty outperformance, Positive across 1M/3M/6M",27.44,Neutral Range,73.88,2313.57,2629.76,13.67,52.64,80.0% of closes stayed inside the range | Range width 13.7% | Currently 52.6% through the range,Mazagon Dock Shipbuilders Limited,Industrials,Aerospace & Defense,Capital Goods / Infra,103063.59,True,38.4615,True,32.2002,True,10.5653,True,4.481,True,,False,,False,14.19,True,20.12,True,32.58,True,12.1,True,21.5,True,,False,,False,13096.49,True,447.37,True,,False,,False,80.0,True,0.624,True,9.0,13.0,12.0,0.0,7.0,41.0,0.57,Cash covers debt,,0.0,41.0,,35.91,0.0,,47.24,Neutral,"Above 50 DMA, Above 200 DMA, RSI recovering, Near 52W low zone, Cash covers debt, Positive 1M return, Positive 3M return, Positive 6M return, 1M Nifty outperformance, 6M Nifty outperformance, Positive across 1M/3M/6M, 80.0% of closes stayed inside the range | Range width 13.7% | Currently 52.6% through the range",2026-08-31 23:07 IST
TECHM,Technology,Information Technology Services,1628.0,-0.79,1271.07,1807.04,28.08,9.91,58.03,1544.09,1482.96,2546165.95,2975217.0,1.17,Bullish,65.0,"Above 50 DMA, Above 200 DMA, Healthy RSI momentum, Near 52W high momentum, Normal volume support",-1.27,12.3,24.15,-2.8,2.88,-5.5,1.53,9.42,29.65,35.0,"Positive 3M return, Positive 6M return, 6M Nifty outperformance",40.13,Profit Booking Zone,84.36,1348.94,1633.02,21.06,98.23,80.8% of closes stayed inside the range | Range width 21.1% | Currently 98.2% through the range,Tech Mahindra Limited,Technology,Information Technology Services,IT / Technology,145367.03,True,27.3986,True,18.8669,True,4.9069,True,7.269,True,,False,,False,14.41,True,8.68,True,35.76,True,17.7,True,28.3,True,,False,,False,8385.7,True,2186.2,True,,False,,False,3.22,True,0.162,True,6.0,18.0,12.0,0.0,11.0,47.0,0.57,Cash covers debt,,0.0,47.0,,35.62,0.0,,46.79,Neutral,"Above 50 DMA, Above 200 DMA, Healthy RSI momentum, Near 52W high momentum, Normal volume support, Cash covers debt, Positive 3M return, Positive 6M return, 6M Nifty outperformance, 80.8% of closes stayed inside the range | Range width 21.1% | Currently 98.2% through the range",2026-08-31 23:07 IST
JSWSTEEL,Basic Materials,Steel,1307.7,-2.23,1020.24,1351.0,28.18,3.21,54.54,1263.9,1216.58,1790125.2,1979896.0,1.11,Bullish,65.0,"Above 50 DMA, Above 200 DMA, Healthy RSI momentum, Near 52W high momentum, Normal volume support",2.97,0.18,3.99,-2.8,2.88,-5.5,5.77,-2.7,9.49,48.0,"Positive 1M return, Positive 3M return, Positive 6M return, 1M Nifty outperformance, Positive across 1M/3M/6M",35.82,Profit Booking Zone,85.0,1159.42,1300.18,12.14,100.0,80.0% of closes stayed inside the range | Range width 12.1% | Currently 100.0% through the range,JSW Steel Limited,Basic Materials,Steel,Metals / Mining,325846.17,True,13.1673,True,18.3219,True,3.2565,True,95.374,True,,False,,False,15.3,True,13.06,True,42.29,True,9.8,True,113.0,True,,False,,False,49008.0,True,100596.0,True,,False,,False,53.0,True,0.627,True,8.0,15.0,4.0,0.0,10.0,37.0,0.57,,,0.0,37.0,,36.18,0.0,,46.63,Neutral,"Above 50 DMA, Above 200 DMA, Healthy RSI momentum, Near 52W high momentum, Normal volume support, Positive 1M return, Positive 3M return, Positive 6M return, 1M Nifty outperformance, Positive across 1M/3M/6M, 80.0% of closes stayed inside the range | Range width 12.1% | Currently 100.0% through the range",2026-08-31 23:07 IST
SIEMENS,Industrials,Specialty Industrial Machinery,4030.0,-1.44,2812.18,4149.4,43.31,2.88,58.97,3756.06,3427.87,448948.6,222112.0,0.49,Bullish,60.0,"Above 50 DMA, Above 200 DMA, Healthy RSI momentum, Near 52W high momentum",3.33,9.84,21.19,-2.8,2.88,-5.5,6.13,6.96,26.69,63.0,"Positive 1M return, Positive 3M return, Positive 6M return, 1M Nifty outperformance, 6M Nifty outperformance, Positive across 1M/3M/6M",27.44,Profit Booking Zone,81.98,3155.6,3952.5,25.25,100.0,80.0% of closes stayed inside the range | Range width 25.3% | Currently 100.0% through the range,Siemens Limited,Industrials,Specialty Industrial Machinery,Capital Goods / Infra,145617.68,True,86.2113,True,60.3524,True,10.5214,True,2.213,True,,False,,False,7.49,True,19.02,True,28.2,True,14.8,True,406.1,True,,False,,False,5616.0,True,306.6,True,,False,,False,44.0,True,0.57,True,6.0,15.0,12.0,0.0,5.0,38.0,0.57,Cash covers debt,Very high PE,0.0,38.0,,35.91,3.0,Low volume participation,46.44,Neutral,"Above 50 DMA, Above 200 DMA, Healthy RSI momentum, Near 52W high momentum, Cash covers debt, Positive 1M return, Positive 3M return, Positive 6M return, 1M Nifty outperformance, 6M Nifty outperformance, Positive across 1M/3M/6M, 80.0% of closes stayed inside the range | Range width 25.3% | Currently 100.0% through the range",2026-08-31 23:07 IST
LODHA,Real Estate,Real Estate - Development,1198.6,-5.92,648.52,1340.24,84.82,10.57,46.78,1165.88,1015.73,1223093.6,2178510.0,1.78,Bullish,52.0,"Above 50 DMA, Above 200 DMA, RSI recovering, Volume expansion",-2.98,36.41,24.49,-2.8,2.88,-5.5,-0.18,33.53,29.99,60.0,"Strong 3M absolute return, Positive 6M return, 3M Nifty outperformance, 6M Nifty outperformance",25.68,Profit Booking Zone,74.74,812.99,1240.2,52.55,90.26,80.0% of closes stayed inside the range | Range width 52.5% | Currently 90.3% through the range,Lodha Developers Limited,Real Estate,Real Estate - Development,Cement / Realty,127263.31,True,30.2111,True,25.8142,True,5.4651,True,42.238,True,,False,,False,37.09,True,22.69,True,43.66,True,43.1,True,103.3,True,,False,,False,5992.8,True,9896.0,True,,False,,False,33.0,True,0.623,True,12.0,20.0,7.0,0.0,11.0,50.0,0.57,,,2.0,52.0,General low-debt support,33.18,5.0,Sharp daily fall,46.18,Neutral,"Above 50 DMA, Above 200 DMA, RSI recovering, Volume expansion, Strong 3M absolute return, Positive 6M return, 3M Nifty outperformance, 6M Nifty outperformance, 80.0% of closes stayed inside the range | Range width 52.5% | Currently 90.3% through the range",2026-08-31 23:07 IST
KALYANKJIL,Consumer Cyclical,Luxury Goods,601.0,-2.4,327.05,648.95,83.76,7.39,54.66,535.76,449.27,12699462.65,4771770.0,0.38,Bullish,60.0,"Above 50 DMA, Above 200 DMA, Healthy RSI momentum, Near 52W high momentum",-1.15,65.98,49.6,-2.8,2.88,-5.5,1.65,63.1,55.1,70.0,"Strong 3M absolute return, Strong 6M absolute return, 3M Nifty outperformance, 6M Nifty outperformance",27.59,Profit Booking Zone,74.6,354.09,607.96,71.7,97.26,80.0% of closes stayed inside the range | Range width 71.7% | Currently 97.3% through the range,Kalyan Jewellers India Limited,Consumer Cyclical,Luxury Goods,Consumer Discretionary,63596.8,True,45.4465,True,32.3003,True,10.0685,True,96.966,True,,False,,False,4.89,True,3.67,True,12.7,True,45.7,True,31.6,True,,False,,False,860.91,True,6117.34,True,,False,,False,40.0,True,-0.216,True,0.0,20.0,4.0,0.0,7.0,31.0,0.57,,,0.0,31.0,,36.37,3.0,Low volume participation,45.81,Neutral,"Above 50 DMA, Above 200 DMA, Healthy RSI momentum, Near 52W high momentum, Strong 3M absolute return, Strong 6M absolute return, 3M Nifty outperformance, 6M Nifty outperformance, 80.0% of closes stayed inside the range | Range width 71.7% | Currently 97.3% through the range",2026-08-31 23:07 IST
AXISBANK,Financial Services,Banks - Regional,1300.0,2.77,1044.19,1417.21,24.5,8.27,64.4,1279.73,1288.03,4755312.15,6093505.0,1.28,Bullish,80.0,"Above 50 DMA, Above 200 DMA, Healthy RSI momentum, Near 52W high momentum, Near 52W low zone, Normal volume support, Strong positive day move",2.2,3.81,-5.2,-2.8,2.88,-5.5,5.0,0.93,0.3,18.0,"Positive 1M return, Positive 3M return",63.35,Neutral Range,81.81,1221.74,1359.3,11.26,56.89,80.0% of closes stayed inside the range | Range width 11.3% | Currently 56.9% through the range,Axis Bank Limited,Financial Services,Banks - Regional,Banking,393804.99,True,14.1436,True,10.0,True,1.763,True,,False,13.35,True,1.54,True,49.18,True,36.03,True,0.0,True,14.0,True,21.8,True,,False,,False,135597.25,True,285257.97,True,,False,,False,8.0,True,0.416,True,16.0,13.0,0.0,0.0,15.0,44.0,0.64,,,0.0,44.0,,38.62,0.0,,45.69,Neutral,"Above 50 DMA, Above 200 DMA, Healthy RSI momentum, Near 52W high momentum, Near 52W low zone, Normal volume support, Strong positive day move, Positive 1M return, Positive 3M return, 80.0% of closes stayed inside the range | Range width 11.3% | Currently 56.9% through the range",2026-08-31 23:07 IST
TATACAP,Financial Services,Credit Services,367.9,-2.15,295.51,390.2,24.5,5.72,54.19,359.81,336.81,1627188.8,544817.0,0.33,Bullish,65.0,"Above 50 DMA, Above 200 DMA, Healthy RSI momentum, Near 52W high momentum, Near 52W low zone",0.68,19.22,10.47,-2.8,2.88,-5.5,3.48,16.34,15.97,68.0,"Positive 1M return, Positive 3M return, Positive 6M return, 3M Nifty outperformance, 6M Nifty outperformance, Positive across 1M/3M/6M",19.68,Profit Booking Zone,83.98,307.48,365.61,18.9,100.0,80.0% of closes stayed inside the range | Range width 18.9% | Currently 100.0% through the range,Tata Capital Limited,Financial Services,Credit Services,Financial Services,158421.16,True,29.3058,True,17.6282,True,3.4543,True,502.931,True,,False,,False,57.05,True,39.68,True,99.92,True,40.3,True,47.2,True,,False,,False,7552.85,True,236917.04,True,,False,,False,15.0,True,,False,12.0,20.0,0.0,0.0,11.0,43.0,0.57,,Very high debt,6.0,49.0,High leverage is structural for this sector,38.62,11.0,"Low volume participation, Very high debt",45.19,Neutral,"Above 50 DMA, Above 200 DMA, Healthy RSI momentum, Near 52W high momentum, Near 52W low zone, Positive 1M return, Positive 3M return, Positive 6M return, 3M Nifty outperformance, 6M Nifty outperformance, Positive across 1M/3M/6M, 80.0% of closes stayed inside the range | Range width 18.9% | Currently 100.0% through the range",2026-08-31 23:07 IST
ASTRAL,Industrials,Building Products & Equipment,1522.2,-0.66,1309.54,1765.92,16.24,13.8,55.98,1445.7,1504.49,1530839.75,11496022.0,7.51,Bullish,80.0,"Above 50 DMA, Above 200 DMA, Healthy RSI momentum, Near 52W high momentum, Near 52W low zone, Strong volume expansion",6.2,-1.59,-8.7,-2.8,2.88,-5.5,9.0,-4.47,-3.2,18.0,"Positive 1M return, 1M Nifty outperformance",60.12,Neutral Range,81.79,1375.56,1610.0,17.04,62.55,80.0% of closes stayed inside the range | Range width 17.0% | Currently 62.6% through the range,Astral Limited,Industrials,Building Products & Equipment,Capital Goods / Infra,41165.27,True,71.4359,True,45.5027,True,10.1445,True,6.168,True,,False,,False,9.87,True,8.48,True,39.64,True,15.9,True,48.0,True,,False,,False,944.6,True,250.3,True,,False,,False,26.0,True,0.166,True,3.0,18.0,12.0,0.0,5.0,38.0,0.57,Cash covers debt,,5.0,43.0,Strong order-book-driven revenue growth,35.91,0.0,,44.94,Weak,"Above 50 DMA, Above 200 DMA, Healthy RSI momentum, Near 52W high momentum, Near 52W low zone, Strong volume expansion, Cash covers debt, Positive 1M return, 1M Nifty outperformance, 80.0% of closes stayed inside the range | Range width 17.0% | Currently 62.6% through the range",2026-08-31 23:07 IST
NAM-INDIA,Financial Services,Asset Management,1172.3,-2.63,769.03,1269.5,52.44,7.66,45.73,1182.51,992.45,1341728.35,6319023.0,4.71,Bearish,42.0,"Above 200 DMA, RSI recovering, Strong volume expansion",0.94,9.96,27.27,-2.8,2.88,-5.5,3.74,7.08,32.77,53.0,"Positive 1M return, Positive 3M return, Positive 6M return, 6M Nifty outperformance, Positive across 1M/3M/6M",27.83,Profit Booking Zone,74.09,846.22,1208.02,42.75,90.13,80.0% of closes stayed inside the range | Range width 42.8% | Currently 90.1% through the range,Nippon Life India Asset Management Limited,Financial Services,Asset Management,Financial Services,76415.51,True,47.0236,True,35.8403,True,16.3585,True,1.617,True,,False,,False,71.08,True,52.51,True,83.17,True,24.5,True,26.4,True,,False,,False,3930.0,True,75.34,True,,False,,False,1.79,True,0.634,True,12.0,18.0,12.0,0.0,6.0,48.0,0.57,Cash covers debt,,-4.0,44.0,Expensive relative to book value for this sector,38.62,0.0,,44.94,Weak,"Above 200 DMA, RSI recovering, Strong volume expansion, Cash covers debt, Positive 1M return, Positive 3M return, Positive 6M return, 6M Nifty outperformance, Positive across 1M/3M/6M, 80.0% of closes stayed inside the range | Range width 42.8% | Currently 90.1% through the range",2026-08-31 23:07 IST
PETRONET,Energy,Oil & Gas Refining & Marketing,300.6,3.32,232.67,322.68,29.2,6.84,68.0,281.23,277.47,2020068.5,2785817.0,1.38,Bullish,80.0,"Above 50 DMA, Above 200 DMA, Healthy RSI momentum, Near 52W high momentum, Volume expansion, Strong positive day move",7.07,12.64,-5.98,-2.8,2.88,-5.5,9.87,9.76,-0.48,28.0,"Positive 1M return, Positive 3M return, 1M Nifty outperformance",54.84,Breakout Watch,88.43,261.43,288.25,10.26,100.0,80.0% of closes stayed inside the range | Range width 10.3% | Currently 100.0% through the range | Above upper band on elevated volume,Petronet LNG Limited,Energy,Oil & Gas Refining & Marketing,Energy / Utilities,43800.0,True,10.41,True,10.2948,True,1.9651,True,10.507,True,,False,,False,24.0,True,11.32,True,18.13,True,-53.2,True,35.1,True,,False,,False,10114.13,True,2341.46,True,,False,,False,3.42,True,0.45,True,8.0,10.0,12.0,0.0,15.0,45.0,0.57,Cash covers debt,Revenue contraction,2.0,47.0,General low-debt support,40.72,5.0,Revenue contraction,44.56,Weak,"Above 50 DMA, Above 200 DMA, Healthy RSI momentum, Near 52W high momentum, Volume expansion, Strong positive day move, Cash covers debt, Positive 1M return, Positive 3M return, 1M Nifty outperformance, 80.0% of closes stayed inside the range | Range width 10.3% | Currently 100.0% through the range | Above upper band on elevated volume",2026-08-31 23:07 IST
IDFCFIRSTB,Financial Services,Banks - Regional,85.97,3.43,57.91,88.5,48.45,2.86,57.67,82.49,76.88,11831901.6,19767656.0,1.67,Bullish,80.0,"Above 50 DMA, Above 200 DMA, Healthy RSI momentum, Near 52W high momentum, Volume expansion, Strong positive day move",0.26,19.49,20.12,-2.8,2.88,-5.5,3.06,16.61,25.62,68.0,"Positive 1M return, Positive 3M return, Positive 6M return, 3M Nifty outperformance, 6M Nifty outperformance, Positive across 1M/3M/6M",19.68,Profit Booking Zone,85.69,63.03,85.1,35.02,100.0,80.8% of closes stayed inside the range | Range width 35.0% | Currently 100.0% through the range,IDFC First Bank Limited,Financial Services,Banks - Regional,Banking,71663.65,True,32.3424,True,12.3169,True,1.5083,True,,False,,False,,False,33.4,True,32.78,True,0.0,True,-1.1,True,-23.2,True,,False,,False,,False,,False,,False,,False,30.0,True,,False,12.0,0.0,0.0,0.0,13.0,25.0,0.5,,"Revenue contraction, Earnings contraction",0.0,25.0,,38.62,7.0,Earnings contraction,44.54,Weak,"Above 50 DMA, Above 200 DMA, Healthy RSI momentum, Near 52W high momentum, Volume expansion, Strong positive day move, Positive 1M return, Positive 3M return, Positive 6M return, 3M Nifty outperformance, 6M Nifty outperformance, Positive across 1M/3M/6M, 80.8% of closes stayed inside the range | Range width 35.0% | Currently 100.0% through the range",2026-08-31 23:07 IST
RBLBANK,Financial Services,Banks - Regional,380.35,-0.43,257.44,394.5,47.74,3.59,49.28,374.65,331.83,2109558.7,2113603.0,1.0,Bullish,47.0,"Above 50 DMA, Above 200 DMA, RSI recovering, Normal volume support",0.36,7.8,21.77,-2.8,2.88,-5.5,3.16,4.92,27.27,53.0,"Positive 1M return, Positive 3M return, Positive 6M return, 6M Nifty outperformance, Positive across 1M/3M/6M",27.83,Profit Booking Zone,78.19,300.54,384.1,27.8,95.51,80.0% of closes stayed inside the range | Range width 27.8% | Currently 95.5% through the range,RBL Bank Limited,Financial Services,Banks - Regional,Banking,59245.89,True,31.8599,True,19.1152,True,1.4098,True,,False,,False,,False,13.97,True,9.08,True,0.0,True,40.8,True,367.9,True,,False,,False,10838.8,True,15225.32,True,,False,,False,33.0,True,0.642,True,6.0,20.0,0.0,0.0,13.0,39.0,0.5,,,0.0,39.0,,38.62,0.0,,44.44,Weak,"Above 50 DMA, Above 200 DMA, RSI recovering, Normal volume support, Positive 1M return, Positive 3M return, Positive 6M return, 6M Nifty outperformance, Positive across 1M/3M/6M, 80.0% of closes stayed inside the range | Range width 27.8% | Currently 95.5% through the range",2026-08-31 23:07 IST
ATHERENERG,Consumer Cyclical,Auto Manufacturers,1717.7,6.27,445.3,1717.7,285.74,0.0,78.36,1309.37,912.06,5729774.45,19711186.0,3.44,Bullish,72.0,"Above 50 DMA, Above 200 DMA, Strong but overbought RSI, Near 52W high momentum, Strong volume expansion, Strong positive day move",34.97,73.83,143.65,-2.8,2.88,-5.5,37.77,70.95,149.15,100.0,"Strong 1M absolute return, Strong 3M absolute return, Strong 6M absolute return, 1M Nifty outperformance, 3M Nifty outperformance, 6M Nifty outperformance, Positive across 1M/3M/6M",4.92,Breakout Watch,74.73,769.85,1465.84,90.41,100.0,80.0% of closes stayed inside the range | Range width 90.4% | Currently 100.0% through the range | Above upper band on elevated volume,Ather Energy Limited,Consumer Cyclical,Auto Manufacturers,Automobile,64024.75,True,,False,618.6392,True,24.0421,True,25.819,True,,False,,False,-5.94,True,-9.19,True,20.9,True,88.8,True,,False,,False,,False,2489.02,True,664.22,True,,False,,False,,False,,False,0.0,10.0,10.0,0.0,0.0,20.0,0.36,Cash covers debt,Negative net margin,2.0,22.0,General low-debt support,36.37,12.0,"Negative net margin, Limited fundamental data coverage",44.16,Weak,"Above 50 DMA, Above 200 DMA, Strong but overbought RSI, Near 52W high momentum, Strong volume expansion, Strong positive day move, Cash covers debt, Strong 1M absolute return, Strong 3M absolute return, Strong 6M absolute return, 1M Nifty outperformance, 3M Nifty outperformance, 6M Nifty outperformance, Positive across 1M/3M/6M, 80.0% of closes stayed inside the range | Range width 90.4% | Currently 100.0% through the range | Above upper band on elevated volume",2026-08-31 23:07 IST
UNOMINDA,Consumer Cyclical,Auto Parts,1276.0,-0.31,992.46,1378.85,28.57,7.46,63.91,1186.45,1170.23,835787.6,693452.0,0.83,Bullish,60.0,"Above 50 DMA, Above 200 DMA, Healthy RSI momentum, Near 52W high momentum",8.09,17.85,7.53,-2.8,2.88,-5.5,10.89,14.97,13.03,63.0,"Positive 1M return, Positive 3M return, Positive 6M return, 1M Nifty outperformance, 3M Nifty outperformance, Positive across 1M/3M/6M",29.79,Profit Booking Zone,82.9,1052.81,1254.06,19.12,100.0,80.0% of closes stayed inside the range | Range width 19.1% | Currently 100.0% through the range,Uno Minda Limited,Consumer Cyclical,Auto Parts,Automobile,73684.81,True,61.1697,True,40.3156,True,10.7882,True,37.74,True,,False,,False,7.11,True,5.8,True,34.04,True,23.8,True,1.2,True,,False,,False,360.74,True,2740.12,True,,False,,False,21.0,True,0.289,True,0.0,8.0,7.0,0.0,5.0,20.0,0.57,,,2.0,22.0,General low-debt support,36.37,0.0,,43.91,Weak,"Above 50 DMA, Above 200 DMA, Healthy RSI momentum, Near 52W high momentum, Positive 1M return, Positive 3M return, Positive 6M return, 1M Nifty outperformance, 3M Nifty outperformance, Positive across 1M/3M/6M, 80.0% of closes stayed inside the range | Range width 19.1% | Currently 100.0% through the range",2026-08-31 23:07 IST
YESBANK,Financial Services,Banks - Regional,22.83,3.3,17.2,25.78,32.73,11.44,50.96,23.3,21.87,48933103.3,100405660.0,2.05,Bearish,70.0,"Above 200 DMA, Healthy RSI momentum, Near 52W high momentum, Strong volume expansion, Strong positive day move",-0.74,0.26,13.13,-2.8,2.88,-5.5,2.06,-2.62,18.63,35.0,"Positive 3M return, Positive 6M return, 6M Nifty outperformance",44.8,Neutral Range,79.55,18.63,24.25,30.14,74.7,80.0% of closes stayed inside the range | Range width 30.1% | Currently 74.7% through the range,Yes Bank Limited,Financial Services,Banks - Regional,Banking,69368.13,True,18.5714,True,12.1705,True,1.3286,True,,False,7.47,True,0.86,True,54.69,True,23.18,True,0.0,True,19.8,True,11.8,True,,False,,False,,False,,False,,False,,False,,False,0.485,True,12.0,13.0,0.0,0.0,13.0,38.0,0.57,,,-5.0,33.0,Weak ROE for a leveraged-balance-sheet business,38.62,0.0,,43.59,Weak,"Above 200 DMA, Healthy RSI momentum, Near 52W high momentum, Strong volume expansion, Strong positive day move, Positive 3M return, Positive 6M return, 6M Nifty outperformance, 80.0% of closes stayed inside the range | Range width 30.1% | Currently 74.7% through the range",2026-08-31 23:07 IST
SAIL,Basic Materials,Steel,195.0,-2.5,117.03,209.7,66.62,7.01,67.25,171.57,163.55,25342383.5,22052687.0,0.87,Bullish,60.0,"Above 50 DMA, Above 200 DMA, Healthy RSI momentum, Near 52W high momentum",18.18,-1.17,17.76,-2.8,2.88,-5.5,20.98,-4.05,23.26,50.0,"Strong 1M absolute return, Positive 6M return, 1M Nifty outperformance, 6M Nifty outperformance",33.84,Profit Booking Zone,80.14,155.09,199.04,28.34,90.81,80.0% of closes stayed inside the range | Range width 28.3% | Currently 90.8% through the range,Steel Authority of India Limited,Basic Materials,Steel,Metals / Mining,82610.5,True,18.6567,True,12.6089,True,1.3699,True,52.899,True,,False,,False,9.88,True,3.84,True,51.8,True,1.3,True,121.1,True,,False,,False,732.51,True,31927.71,True,,False,,False,1.22,True,1.029,True,0.0,10.0,4.0,0.0,14.0,28.0,0.57,,,2.0,30.0,General low-debt support,36.18,0.0,,43.43,Weak,"Above 50 DMA, Above 200 DMA, Healthy RSI momentum, Near 52W high momentum, Strong 1M absolute return, Positive 6M return, 1M Nifty outperformance, 6M Nifty outperformance, 80.0% of closes stayed inside the range | Range width 28.3% | Currently 90.8% through the range",2026-08-31 23:07 IST
ABCAPITAL,Financial Services,Financial Conglomerates,409.4,0.95,272.7,430.7,50.13,4.95,53.08,402.77,359.68,3116419.4,5824840.0,1.87,Bullish,75.0,"Above 50 DMA, Above 200 DMA, Healthy RSI momentum, Near 52W high momentum, Volume expansion, Positive day move",-3.52,15.76,21.09,-2.8,2.88,-5.5,-0.72,12.88,26.59,50.0,"Positive 3M return, Positive 6M return, 3M Nifty outperformance, 6M Nifty outperformance",29.86,Profit Booking Zone,84.42,314.69,409.08,30.0,100.0,80.0% of closes stayed inside the range | Range width 30.0% | Currently 100.0% through the range,Aditya Birla Capital Limited,Financial Services,Financial Conglomerates,Financial Services,111014.05,True,26.5239,True,15.986,True,3.0862,True,495.936,True,,False,,False,17.87,True,11.94,True,28.11,True,31.4,True,39.1,True,,False,,False,17120.35,True,182342.79,True,,False,,False,,False,0.687,True,6.0,20.0,0.0,0.0,9.0,35.0,0.5,,Very high debt,6.0,41.0,High leverage is structural for this sector,38.62,8.0,Very high debt,43.39,Weak,"Above 50 DMA, Above 200 DMA, Healthy RSI momentum, Near 52W high momentum, Volume expansion, Positive day move, Positive 3M return, Positive 6M return, 3M Nifty outperformance, 6M Nifty outperformance, 80.0% of closes stayed inside the range | Range width 30.0% | Currently 100.0% through the range",2026-08-31 23:07 IST
HCLTECH,Technology,Information Technology Services,1312.2,-0.3,1019.59,1729.01,28.7,24.11,52.08,1244.97,1359.5,1931790.1,3124504.0,1.62,Bullish,45.0,"Above 50 DMA, Healthy RSI momentum, Volume expansion",-4.71,13.46,-1.46,-2.8,2.88,-5.5,-1.91,10.58,4.04,25.0,"Positive 3M return, 3M Nifty outperformance",54.46,Profit Booking Zone,75.8,1118.43,1369.91,22.48,77.05,80.0% of closes stayed inside the range | Range width 22.5% | Currently 77.1% through the range,HCL Technologies Limited,Technology,Information Technology Services,IT / Technology,356105.95,True,19.9591,True,16.4304,True,4.8087,True,7.058,True,24.07,True,13.31,True,16.88,True,12.97,True,34.0,True,3.0,True,8.4,True,2.222,True,2.033,True,259.0,True,54.8,True,181.3,True,213.5,True,4.56,True,0.006,True,19.0,7.0,20.0,17.0,13.0,76.0,1.0,"Strong ROE, Cash covers debt",,5.0,81.0,Strong ROE for an asset-light business,35.62,8.0,Below 200 DMA,43.19,Weak,"Above 50 DMA, Healthy RSI momentum, Volume expansion, Strong ROE, Cash covers debt, Positive 3M return, 3M Nifty outperformance, 80.0% of closes stayed inside the range | Range width 22.5% | Currently 77.1% through the range",2026-08-31 23:07 IST
APOLLOHOSP,Healthcare,Medical Care Facilities,8898.5,1.12,6679.85,9039.48,33.21,1.56,54.69,8795.51,7854.76,418344.85,405209.0,0.97,Bullish,65.0,"Above 50 DMA, Above 200 DMA, Healthy RSI momentum, Near 52W high momentum, Positive day move",-0.54,7.46,13.9,-2.8,2.88,-5.5,2.26,4.58,19.4,35.0,"Positive 3M return, Positive 6M return, 6M Nifty outperformance",57.95,Profit Booking Zone,83.97,7480.44,8898.61,18.96,99.99,80.0% of closes stayed inside the range | Range width 19.0% | Currently 100.0% through the range,Apollo Hospitals Enterprise Limited,Healthcare,Medical Care Facilities,Pharma / Healthcare,127084.07,True,60.8712,True,40.5646,True,13.4054,True,85.146,True,,False,,False,12.17,True,7.91,True,35.21,True,20.6,True,34.1,True,,False,,False,1855.9,True,8492.9,True,,False,,False,23.0,True,0.201,True,6.0,18.0,4.0,0.0,5.0,33.0,0.57,,,0.0,33.0,,44.2,0.0,,43.18,Weak,"Above 50 DMA, Above 200 DMA, Healthy RSI momentum, Near 52W high momentum, Positive day move, Positive 3M return, Positive 6M return, 6M Nifty outperformance, 80.0% of closes stayed inside the range | Range width 19.0% | Currently 100.0% through the range",2026-08-31 23:07 IST
NMDC,Basic Materials,Steel,88.2,1.66,66.8,97.49,32.04,9.53,60.08,84.89,82.7,19612548.7,16902983.0,0.86,Bullish,65.0,"Above 50 DMA, Above 200 DMA, Healthy RSI momentum, Near 52W high momentum, Positive day move",5.25,-6.86,8.54,-2.8,2.88,-5.5,8.05,-9.74,14.04,28.0,"Positive 1M return, Positive 6M return, 1M Nifty outperformance",48.17,Profit Booking Zone,81.09,79.71,90.9,14.05,75.86,80.0% of closes stayed inside the range | Range width 14.0% | Currently 75.9% through the range,NMDC Limited,Basic Materials,Steel,Metals / Mining,76277.81,True,10.1119,True,8.3925,True,2.2353,True,18.802,True,,False,,False,34.81,True,23.22,True,46.61,True,0.8,True,0.4,True,,False,,False,11394.76,True,6406.81,True,,False,,False,4.03,True,0.643,True,12.0,0.0,12.0,0.0,15.0,39.0,0.57,Cash covers debt,,2.0,41.0,General low-debt support,36.18,0.0,,43.03,Weak,"Above 50 DMA, Above 200 DMA, Healthy RSI momentum, Near 52W high momentum, Positive day move, Cash covers debt, Positive 1M return, Positive 6M return, 1M Nifty outperformance, 80.0% of closes stayed inside the range | Range width 14.0% | Currently 75.9% through the range",2026-08-31 23:07 IST
ZYDUSLIFE,Healthcare,Drug Manufacturers - Specialty & Generic,1161.3,-2.35,834.75,1205.0,39.12,3.63,55.83,1129.4,986.37,1749120.55,1498228.0,0.86,Bullish,60.0,"Above 50 DMA, Above 200 DMA, Healthy RSI momentum, Near 52W high momentum",3.06,7.96,26.11,-2.8,2.88,-5.5,5.86,5.08,31.61,63.0,"Positive 1M return, Positive 3M return, Positive 6M return, 1M Nifty outperformance, 6M Nifty outperformance, Positive across 1M/3M/6M",44.04,Profit Booking Zone,81.46,891.06,1147.07,28.73,100.0,80.0% of closes stayed inside the range | Range width 28.7% | Currently 100.0% through the range,Zydus Lifesciences Limited,Healthcare,Drug Manufacturers - Specialty & Generic,Pharma / Healthcare,118802.7,True,26.567,True,24.2135,True,4.4204,True,42.304,True,,False,,False,16.44,True,15.78,True,72.11,True,22.0,True,-35.9,True,,False,,False,4971.1,True,12514.6,True,,False,,False,8.0,True,0.37,True,8.0,8.0,7.0,0.0,11.0,34.0,0.57,,Earnings contraction,2.0,36.0,General low-debt support,44.2,7.0,Earnings contraction,42.98,Weak,"Above 50 DMA, Above 200 DMA, Healthy RSI momentum, Near 52W high momentum, Positive 1M return, Positive 3M return, Positive 6M return, 1M Nifty outperformance, 6M Nifty outperformance, Positive across 1M/3M/6M, 80.0% of closes stayed inside the range | Range width 28.7% | Currently 100.0% through the range",2026-08-31 23:07 IST
HINDZINC,Basic Materials,Other Industrial Metals & Mining,595.45,-4.27,416.39,719.85,43.0,17.28,54.73,554.03,572.15,7583738.55,8581027.0,1.13,Bullish,55.0,"Above 50 DMA, Above 200 DMA, Healthy RSI momentum, Normal volume support",8.86,-1.39,-1.83,-2.8,2.88,-5.5,11.66,-4.27,3.67,18.0,"Positive 1M return, 1M Nifty outperformance",58.08,Neutral Range,76.47,518.32,633.11,22.15,67.2,80.0% of closes stayed inside the range | Range width 22.1% | Currently 67.2% through the range,Hindustan Zinc Limited,Basic Materials,Other Industrial Metals & Mining,Metals / Mining,262814.83,True,15.1044,True,14.0329,True,11.614,True,39.034,True,,False,,False,54.71,True,38.07,True,75.8,True,71.7,True,144.6,True,,False,,False,13651.0,True,8833.0,True,,False,,False,3.44,True,0.661,True,12.0,20.0,10.0,0.0,11.0,53.0,0.57,Cash covers debt,,2.0,55.0,General low-debt support,36.18,0.0,,42.93,Weak,"Above 50 DMA, Above 200 DMA, Healthy RSI momentum, Normal volume support, Cash covers debt, Positive 1M return, 1M Nifty outperformance, 80.0% of closes stayed inside the range | Range width 22.1% | Currently 67.2% through the range",2026-08-31 23:07 IST
GVT&D,Industrials,Specialty Industrial Machinery,4445.2,2.44,2516.97,5636.05,76.61,21.13,55.92,4453.23,3915.12,989192.75,846918.0,0.86,Bearish,45.0,"Above 200 DMA, Healthy RSI momentum, Strong positive day move",1.97,-12.39,18.13,-2.8,2.88,-5.5,4.77,-15.27,23.63,33.0,"Positive 1M return, Positive 6M return, 6M Nifty outperformance",47.68,Neutral Range,71.61,3751.31,5030.55,34.1,54.24,80.8% of closes stayed inside the range | Range width 34.1% | Currently 54.2% through the range,GE Vernova T&D India Limited,Industrials,Specialty Industrial Machinery,Capital Goods / Infra,111103.72,True,86.215,True,55.0629,True,41.2935,True,0.892,True,,False,,False,24.44,True,19.44,True,43.57,True,38.0,True,24.7,True,,False,,False,1527.72,True,24.0,True,,False,,False,23.0,True,0.634,True,11.0,18.0,12.0,0.0,5.0,46.0,0.57,Cash covers debt,Very high PE,5.0,51.0,Strong order-book-driven revenue growth,35.91,0.0,,42.74,Weak,"Above 200 DMA, Healthy RSI momentum, Strong positive day move, Cash covers debt, Positive 1M return, Positive 6M return, 6M Nifty outperformance, 80.8% of closes stayed inside the range | Range width 34.1% | Currently 54.2% through the range",2026-08-31 23:07 IST
SBIN,Financial Services,Banks - Regional,1060.0,1.19,788.44,1212.84,34.44,12.6,54.61,1043.23,1028.08,9591946.75,5137433.0,0.54,Bullish,65.0,"Above 50 DMA, Above 200 DMA, Healthy RSI momentum, Near 52W high momentum, Positive day move",1.44,8.25,-9.31,-2.8,2.88,-5.5,4.24,5.37,-3.81,18.0,"Positive 1M return, Positive 3M return",63.35,Profit Booking Zone,83.46,963.14,1072.05,11.31,88.94,80.0% of closes stayed inside the range | Range width 11.3% | Currently 88.9% through the range,State Bank of India,Financial Services,Banks - Regional,Banking,966907.24,True,11.1484,True,9.9956,True,1.5547,True,,False,15.18,True,1.13,True,35.72,True,22.38,True,0.0,True,10.3,True,9.9,True,,False,,False,212013.35,True,820334.03,True,,False,,False,1.66,True,0.385,True,16.0,10.0,0.0,0.0,14.0,40.0,0.64,,,6.0,46.0,Strong ROE for a leveraged-balance-sheet business,38.62,0.0,,42.64,Weak,"Above 50 DMA, Above 200 DMA, Healthy RSI momentum, Near 52W high momentum, Positive day move, Positive 1M return, Positive 3M return, 80.0% of closes stayed inside the range | Range width 11.3% | Currently 88.9% through the range",2026-08-31 23:07 IST
UNIONBANK,Financial Services,Banks - Regional,188.63,1.41,121.85,199.6,54.8,5.49,63.21,174.83,167.66,11374867.45,9727704.0,0.86,Bullish,65.0,"Above 50 DMA, Above 200 DMA, Healthy RSI momentum, Near 52W high momentum, Positive day move",8.41,16.61,-1.98,-2.8,2.88,-5.5,11.21,13.73,3.52,43.0,"Positive 1M return, Positive 3M return, 1M Nifty outperformance, 3M Nifty outperformance",38.46,Profit Booking Zone,84.38,158.94,184.76,16.25,100.0,80.0% of closes stayed inside the range | Range width 16.2% | Currently 100.0% through the range,Union Bank of India,Financial Services,Banks - Regional,Banking,141985.07,True,6.8207,True,6.9483,True,1.0177,True,,False,15.8,True,1.35,True,-8.88,True,40.46,True,0.0,True,,False,,False,,False,,False,,False,,False,,False,,False,2.69,True,0.893,True,10.0,0.0,0.0,0.0,12.0,22.0,0.5,,,6.0,28.0,Strong ROE for a leveraged-balance-sheet business,38.62,0.0,,42.59,Weak,"Above 50 DMA, Above 200 DMA, Healthy RSI momentum, Near 52W high momentum, Positive day move, Positive 1M return, Positive 3M return, 1M Nifty outperformance, 3M Nifty outperformance, 80.0% of closes stayed inside the range | Range width 16.2% | Currently 100.0% through the range",2026-08-31 23:07 IST
INDUSINDBK,Financial Services,Banks - Regional,1016.6,2.27,709.45,1077.85,43.29,5.68,53.18,1000.11,911.1,1039949.8,1476564.0,1.42,Bullish,80.0,"Above 50 DMA, Above 200 DMA, Healthy RSI momentum, Near 52W high momentum, Volume expansion, Strong positive day move",-1.2,12.74,8.04,-2.8,2.88,-5.5,1.6,9.86,13.54,20.0,"Positive 3M return, Positive 6M return",57.24,Profit Booking Zone,86.14,817.26,1018.46,24.62,99.08,80.0% of closes stayed inside the range | Range width 24.6% | Currently 99.1% through the range,IndusInd Bank Limited,Financial Services,Banks - Regional,Banking,77446.57,True,59.1667,True,12.6028,True,1.1775,True,,False,,False,,False,27.31,True,7.65,True,0.0,True,1.0,True,71.7,True,,False,,False,48932.35,True,42789.19,True,,False,,False,15.0,True,0.494,True,9.0,10.0,3.0,0.0,11.0,33.0,0.5,Cash covers debt,,0.0,33.0,,38.62,0.0,,42.34,Weak,"Above 50 DMA, Above 200 DMA, Healthy RSI momentum, Near 52W high momentum, Volume expansion, Strong positive day move, Cash covers debt, Positive 3M return, Positive 6M return, 80.0% of closes stayed inside the range | Range width 24.6% | Currently 99.1% through the range",2026-08-31 23:07 IST
LT,Industrials,Engineering & Construction,4044.9,-0.02,3256.29,4397.05,24.22,8.01,52.27,3998.04,3960.45,1379579.9,1552848.0,1.13,Bullish,70.0,"Above 50 DMA, Above 200 DMA, Healthy RSI momentum, Near 52W high momentum, Near 52W low zone, Normal volume support",0.49,2.61,0.44,-2.8,2.88,-5.5,3.29,-0.27,5.94,38.0,"Positive 1M return, Positive 3M return, Positive 6M return, Positive across 1M/3M/6M",39.88,Profit Booking Zone,83.5,3610.42,4121.44,14.15,85.02,80.0% of closes stayed inside the range | Range width 14.2% | Currently 85.0% through the range,Larsen & Toubro Limited,Industrials,Engineering & Construction,Capital Goods / Infra,556647.89,True,33.4447,True,22.4462,True,5.0925,True,97.64,True,,False,,False,10.61,True,5.59,True,37.43,True,8.1,True,14.0,True,,False,,False,76614.65,True,125496.59,True,,False,,False,94.0,True,0.508,True,3.0,10.0,4.0,0.0,11.0,28.0,0.57,,,0.0,28.0,,35.91,0.0,,42.19,Weak,"Above 50 DMA, Above 200 DMA, Healthy RSI momentum, Near 52W high momentum, Near 52W low zone, Normal volume support, Positive 1M return, Positive 3M return, Positive 6M return, Positive across 1M/3M/6M, 80.0% of closes stayed inside the range | Range width 14.2% | Currently 85.0% through the range",2026-08-31 23:07 IST
PHOENIXLTD,Real Estate,Real Estate - Diversified,1900.0,-0.09,1465.6,2169.8,29.64,12.43,41.98,1976.17,1800.16,390052.4,789449.0,2.02,Bearish,38.0,"Above 200 DMA, Weak but watchable RSI, Strong volume expansion",0.35,11.09,10.73,-2.8,2.88,-5.5,3.15,8.21,16.23,53.0,"Positive 1M return, Positive 3M return, Positive 6M return, 6M Nifty outperformance, Positive across 1M/3M/6M",28.38,Neutral Range,71.94,1575.24,2048.4,30.04,68.64,80.0% of closes stayed inside the range | Range width 30.0% | Currently 68.6% through the range,The Phoenix Mills Limited,Real Estate,Real Estate - Diversified,Cement / Realty,68564.14,True,52.5062,True,38.399,True,6.2381,True,37.211,True,,False,,False,50.8,True,28.16,True,93.68,True,12.8,True,23.3,True,,False,,False,823.07,True,5323.01,True,,False,,False,13.0,True,0.324,True,12.0,13.0,7.0,0.0,7.0,39.0,0.57,,,2.0,41.0,General low-debt support,33.18,0.0,,42.08,Weak,"Above 200 DMA, Weak but watchable RSI, Strong volume expansion, Positive 1M return, Positive 3M return, Positive 6M return, 6M Nifty outperformance, Positive across 1M/3M/6M, 80.0% of closes stayed inside the range | Range width 30.0% | Currently 68.6% through the range",2026-08-31 23:07 IST
ASIANPAINT,Basic Materials,Specialty Chemicals,2653.6,1.72,2096.81,2960.02,26.55,10.35,45.95,2690.94,2591.14,681764.5,1376371.0,2.02,Bearish,47.0,"Above 200 DMA, RSI recovering, Strong volume expansion, Positive day move",-5.57,0.56,16.02,-2.8,2.88,-5.5,-2.77,-2.32,21.52,35.0,"Positive 3M return, Positive 6M return, 6M Nifty outperformance",43.6,Profit Booking Zone,77.04,2206.2,2738.02,24.11,84.13,80.0% of closes stayed inside the range | Range width 24.1% | Currently 84.1% through the range,Asian Paints Limited,Basic Materials,Specialty Chemicals,Chemicals,250081.52,True,52.9148,True,43.0572,True,11.7083,True,17.847,True,,False,,False,17.69,True,12.81,True,43.53,True,17.9,True,39.9,True,,False,,False,8601.64,True,3928.93,True,,False,,False,1.05,True,0.289,True,8.0,18.0,12.0,0.0,6.0,44.0,0.57,Cash covers debt,,2.0,46.0,General low-debt support,36.18,0.0,,42.03,Weak,"Above 200 DMA, RSI recovering, Strong volume expansion, Positive day move, Cash covers debt, Positive 3M return, Positive 6M return, 6M Nifty outperformance, 80.0% of closes stayed inside the range | Range width 24.1% | Currently 84.1% through the range",2026-08-31 23:07 IST
SCHAEFFLER,Consumer Cyclical,Auto Parts,4014.8,-0.46,3489.69,4445.0,15.05,9.68,43.94,4103.01,3985.11,62496.25,51696.0,0.83,Bearish,28.0,"Above 200 DMA, Weak but watchable RSI, Near 52W low zone",-1.34,0.44,-5.99,-2.8,2.88,-5.5,1.46,-2.44,-0.49,10.0,Positive 3M return,69.43,Lower Range Watch,71.54,3881.48,4200.44,8.22,41.8,80.0% of closes stayed inside the range | Range width 8.2% | Currently 41.8% through the range,Schaeffler India Limited,Consumer Cyclical,Auto Parts,Automobile,63043.52,True,50.5059,True,40.0735,True,10.2766,True,0.783,True,21.64,True,12.27,True,14.77,True,11.93,True,38.41,True,17.3,True,13.0,True,2.487,True,1.423,True,1506.61,True,48.11,True,394.14,True,968.48,True,86.0,True,0.118,True,17.0,13.0,19.0,17.0,7.0,73.0,1.0,"Strong ROE, Cash covers debt",,4.0,77.0,"General quality ROE, General low-debt support",36.37,0.0,,41.91,Weak,"Above 200 DMA, Weak but watchable RSI, Near 52W low zone, Strong ROE, Cash covers debt, Positive 3M return, 80.0% of closes stayed inside the range | Range width 8.2% | Currently 41.8% through the range",2026-08-31 23:07 IST
PRESTIGE,Real Estate,Real Estate - Diversified,1633.0,2.83,1088.63,1802.93,50.01,9.43,54.08,1623.65,1500.66,498174.1,698760.0,1.4,Bullish,80.0,"Above 50 DMA, Above 200 DMA, Healthy RSI momentum, Near 52W high momentum, Volume expansion, Strong positive day move",-2.09,20.51,18.71,-2.8,2.88,-5.5,0.71,17.63,24.21,60.0,"Strong 3M absolute return, Positive 6M return, 3M Nifty outperformance, 6M Nifty outperformance",25.68,Profit Booking Zone,83.75,1254.99,1668.2,32.93,91.48,80.0% of closes stayed inside the range | Range width 32.9% | Currently 91.5% through the range,Prestige Estates Projects Limited,Real Estate,Real Estate - Diversified,Cement / Realty,68399.96,True,61.3601,True,27.7331,True,4.2033,True,105.493,True,7.75,True,,False,23.7,True,8.72,True,58.8,True,15.9,True,-19.3,True,,False,,False,3279.6,True,17659.4,True,,False,,False,12.0,True,0.445,True,8.0,8.0,2.0,0.0,7.0,25.0,0.64,,Earnings contraction,0.0,25.0,,33.18,7.0,Earnings contraction,41.73,Weak,"Above 50 DMA, Above 200 DMA, Healthy RSI momentum, Near 52W high momentum, Volume expansion, Strong positive day move, Strong 3M absolute return, Positive 6M return, 3M Nifty outperformance, 6M Nifty outperformance, 80.0% of closes stayed inside the range | Range width 32.9% | Currently 91.5% through the range",2026-08-31 23:07 IST
ENDURANCE,Consumer Cyclical,Auto Parts,2871.2,-2.5,2134.01,3072.0,34.54,6.54,47.18,2794.17,2580.83,156412.25,113416.0,0.73,Bullish,42.0,"Above 50 DMA, Above 200 DMA, RSI recovering",4.09,9.4,8.32,-2.8,2.88,-5.5,6.89,6.52,13.82,48.0,"Positive 1M return, Positive 3M return, Positive 6M return, 1M Nifty outperformance, Positive across 1M/3M/6M",37.05,Profit Booking Zone,76.11,2318.45,2947.22,27.12,87.91,80.0% of closes stayed inside the range | Range width 27.1% | Currently 87.9% through the range,Endurance Technologies Limited,Consumer Cyclical,Auto Parts,Automobile,41202.96,True,42.5076,True,28.4776,True,6.0231,True,19.393,True,,False,,False,7.27,True,6.22,True,41.43,True,30.0,True,8.0,True,,False,,False,1889.37,True,1326.66,True,,False,,False,39.0,True,0.723,True,3.0,15.0,12.0,0.0,7.0,37.0,0.57,Cash covers debt,,2.0,39.0,General low-debt support,36.37,0.0,,41.61,Weak,"Above 50 DMA, Above 200 DMA, RSI recovering, Cash covers debt, Positive 1M return, Positive 3M return, Positive 6M return, 1M Nifty outperformance, Positive across 1M/3M/6M, 80.0% of closes stayed inside the range | Range width 27.1% | Currently 87.9% through the range",2026-08-31 23:07 IST
CHOLAFIN,Financial Services,Credit Services,1857.4,-0.3,1298.89,1952.5,43.0,4.87,50.73,1827.26,1674.64,1030983.4,1269127.0,1.23,Bullish,65.0,"Above 50 DMA, Above 200 DMA, Healthy RSI momentum, Near 52W high momentum, Normal volume support",-1.63,25.04,9.06,-2.8,2.88,-5.5,1.17,22.16,14.56,45.0,"Strong 3M absolute return, Positive 6M return, 3M Nifty outperformance",36.2,Profit Booking Zone,82.08,1468.56,1873.65,27.58,95.99,80.0% of closes stayed inside the range | Range width 27.6% | Currently 96.0% through the range,Cholamandalam Investment and Finance Company Limited,Financial Services,Credit Services,Financial Services,159103.95,True,27.7011,True,18.9737,True,5.2112,True,695.283,True,,False,,False,56.59,True,40.55,True,99.93,True,34.6,True,43.7,True,,False,,False,10015.91,True,211772.2,True,,False,,False,11.0,True,0.477,True,12.0,20.0,0.0,0.0,11.0,43.0,0.57,,Very high debt,2.0,45.0,"High leverage is structural for this sector, Expensive relative to book value for this sector",38.62,8.0,Very high debt,41.04,Weak,"Above 50 DMA, Above 200 DMA, Healthy RSI momentum, Near 52W high momentum, Normal volume support, Strong 3M absolute return, Positive 6M return, 3M Nifty outperformance, 80.0% of closes stayed inside the range | Range width 27.6% | Currently 96.0% through the range",2026-08-31 23:07 IST
GROWW,Financial Services,Capital Markets,192.06,0.31,112.0,227.2,71.48,15.47,44.52,198.69,180.44,46372678.3,235447820.0,5.08,Bearish,43.0,"Above 200 DMA, Weak but watchable RSI, Strong volume expansion, Positive day move",-0.28,1.0,19.26,-2.8,2.88,-5.5,2.52,-1.88,24.76,35.0,"Positive 3M return, Positive 6M return, 6M Nifty outperformance",44.8,Neutral Range,71.84,162.27,211.09,30.08,61.03,80.0% of closes stayed inside the range | Range width 30.1% | Currently 61.0% through the range,Billionbrains Garage Ventures Limited,Financial Services,Capital Markets,Financial Services,118543.94,True,49.9896,True,30.0037,True,12.2636,True,3.028,True,,False,,False,64.42,True,45.35,True,100.0,True,65.2,True,85.7,True,,False,,False,8338.84,True,292.22,True,,False,,False,,False,,False,12.0,20.0,12.0,0.0,5.0,49.0,0.5,Cash covers debt,,-4.0,45.0,Expensive relative to book value for this sector,38.62,0.0,,41.04,Weak,"Above 200 DMA, Weak but watchable RSI, Strong volume expansion, Positive day move, Cash covers debt, Positive 3M return, Positive 6M return, 6M Nifty outperformance, 80.0% of closes stayed inside the range | Range width 30.1% | Currently 61.0% through the range",2026-08-31 23:07 IST
CONCOR,Industrials,Railroads,511.9,-0.79,420.17,561.44,21.83,8.82,51.23,497.1,492.94,1589404.7,1393551.0,0.88,Bullish,65.0,"Above 50 DMA, Above 200 DMA, Healthy RSI momentum, Near 52W high momentum, Near 52W low zone",-2.2,13.01,7.2,-2.8,2.88,-5.5,0.6,10.13,12.7,35.0,"Positive 3M return, Positive 6M return, 3M Nifty outperformance",44.02,Profit Booking Zone,82.54,448.54,520.86,16.12,87.61,80.0% of closes stayed inside the range | Range width 16.1% | Currently 87.6% through the range,Container Corporation of India Limited,Industrials,Railroads,Capital Goods / Infra,39299.48,True,30.1226,True,22.1174,True,3.0365,True,7.39,True,,False,,False,13.64,True,13.67,True,39.47,True,0.3,True,0.6,True,,False,,False,3487.32,True,964.57,True,,False,,False,1.3,True,0.228,True,8.0,0.0,12.0,0.0,10.0,30.0,0.57,Cash covers debt,,0.0,30.0,,35.91,0.0,,40.89,Weak,"Above 50 DMA, Above 200 DMA, Healthy RSI momentum, Near 52W high momentum, Near 52W low zone, Cash covers debt, Positive 3M return, Positive 6M return, 3M Nifty outperformance, 80.0% of closes stayed inside the range | Range width 16.1% | Currently 87.6% through the range",2026-08-31 23:07 IST
HDFCAMC,Financial Services,Asset Management,2622.1,1.83,2158.39,2903.74,21.48,9.7,53.35,2618.11,2580.23,836279.1,829477.0,0.99,Bullish,70.0,"Above 50 DMA, Above 200 DMA, Healthy RSI momentum, Near 52W high momentum, Near 52W low zone, Positive day move",0.24,6.75,-0.71,-2.8,2.88,-5.5,3.04,3.87,4.79,18.0,"Positive 1M return, Positive 3M return",63.35,Neutral Range,81.08,2335.49,2734.49,17.08,71.83,80.0% of closes stayed inside the range | Range width 17.1% | Currently 71.8% through the range,HDFC Asset Management Company Limited,Financial Services,Asset Management,Financial Services,110161.43,True,37.5091,True,29.2197,True,11.9254,True,2.364,True,,False,,False,80.2,True,61.62,True,88.85,True,13.4,True,11.8,True,,False,,False,9169.06,True,218.2,True,,False,,False,2.1,True,0.554,True,12.0,10.0,12.0,0.0,7.0,41.0,0.57,Cash covers debt,,-4.0,37.0,Expensive relative to book value for this sector,38.62,0.0,,40.74,Weak,"Above 50 DMA, Above 200 DMA, Healthy RSI momentum, Near 52W high momentum, Near 52W low zone, Positive day move, Cash covers debt, Positive 1M return, Positive 3M return, 80.0% of closes stayed inside the range | Range width 17.1% | Currently 71.8% through the range",2026-08-31 23:07 IST
IDBI,Financial Services,Banks - Regional,90.88,-1.92,61.01,118.38,48.96,23.23,63.08,84.96,88.87,11106212.85,6740323.0,0.61,Bullish,50.0,"Above 50 DMA, Above 200 DMA, Healthy RSI momentum",7.28,24.6,-20.83,-2.8,2.88,-5.5,10.08,21.72,-15.33,53.0,"Positive 1M return, Strong 3M absolute return, 1M Nifty outperformance, 3M Nifty outperformance",27.83,Profit Booking Zone,80.29,70.96,86.93,22.5,100.0,80.0% of closes stayed inside the range | Range width 22.5% | Currently 100.0% through the range,IDBI Bank Limited,Financial Services,Banks - Regional,Banking,99631.77,True,10.6383,True,18.9102,True,1.4104,True,,False,13.87,True,2.2,True,15.58,True,48.59,True,0.0,True,,False,,False,,False,,False,30494.96,True,36748.86,True,,False,,False,2.43,True,0.832,True,13.0,0.0,0.0,0.0,12.0,25.0,0.5,,,0.0,25.0,,38.62,0.0,,40.29,Weak,"Above 50 DMA, Above 200 DMA, Healthy RSI momentum, Positive 1M return, Strong 3M absolute return, 1M Nifty outperformance, 3M Nifty outperformance, 80.0% of closes stayed inside the range | Range width 22.5% | Currently 100.0% through the range",2026-08-31 23:07 IST
EXIDEIND,Consumer Cyclical,Auto Parts,440.25,-0.98,285.63,496.4,54.13,11.31,42.93,438.21,370.08,3427803.0,2568075.0,0.75,Bullish,38.0,"Above 50 DMA, Above 200 DMA, Weak but watchable RSI",-1.0,9.66,37.04,-2.8,2.88,-5.5,1.8,6.78,42.54,45.0,"Positive 3M return, Strong 6M absolute return, 6M Nifty outperformance",39.25,Profit Booking Zone,71.43,301.13,459.51,52.59,87.84,80.0% of closes stayed inside the range | Range width 52.6% | Currently 87.8% through the range,Exide Industries Limited,Consumer Cyclical,Auto Parts,Automobile,37791.0,True,39.982,True,24.0121,True,2.7178,True,11.308,True,,False,,False,8.67,True,4.95,True,31.41,True,17.7,True,28.3,True,,False,,False,1082.02,True,1575.4,True,,False,,False,46.0,True,0.552,True,0.0,18.0,9.0,0.0,11.0,38.0,0.57,,,2.0,40.0,General low-debt support,36.37,0.0,,40.21,Weak,"Above 50 DMA, Above 200 DMA, Weak but watchable RSI, Positive 3M return, Strong 6M absolute return, 6M Nifty outperformance, 80.0% of closes stayed inside the range | Range width 52.6% | Currently 87.8% through the range",2026-08-31 23:07 IST
HSCL,Basic Materials,Specialty Chemicals,659.2,-2.04,417.93,819.5,57.73,19.56,35.22,715.46,560.02,7177973.2,4860140.0,0.68,Bearish,23.0,"Above 200 DMA, Weak but watchable RSI",-12.18,2.68,44.3,-2.8,2.88,-5.5,-9.38,-0.2,49.8,45.0,"Positive 3M return, Strong 6M absolute return, 6M Nifty outperformance",38.41,Neutral Range,62.66,451.83,762.99,68.86,66.65,80.0% of closes stayed inside the range | Range width 68.9% | Currently 66.6% through the range,Himadri Speciality Chemical Limited,Basic Materials,Specialty Chemicals,Chemicals,33955.32,True,42.3772,True,32.6675,True,7.2138,True,16.169,True,,False,,False,20.38,True,16.07,True,36.82,True,28.0,True,24.7,True,,False,,False,348.57,True,769.98,True,,False,,False,12.0,True,0.264,True,10.0,18.0,9.0,0.0,7.0,44.0,0.57,,,2.0,46.0,General low-debt support,36.18,0.0,,38.53,Weak,"Above 200 DMA, Weak but watchable RSI, Positive 3M return, Strong 6M absolute return, 6M Nifty outperformance, 80.0% of closes stayed inside the range | Range width 68.9% | Currently 66.6% through the range",2026-08-31 23:07 IST
HEXT,Technology,Information Technology Services,554.75,-0.33,392.78,792.77,41.24,30.02,49.35,550.38,568.76,366342.2,200003.0,0.55,Bullish,27.0,"Above 50 DMA, RSI recovering",-1.23,3.21,19.37,-2.8,2.88,-5.5,1.57,0.33,24.87,35.0,"Positive 3M return, Positive 6M return, 6M Nifty outperformance",40.13,Profit Booking Zone,73.18,432.93,564.42,30.37,92.65,80.0% of closes stayed inside the range | Range width 30.4% | Currently 92.6% through the range,Hexaware Technologies Limited,Technology,Information Technology Services,IT / Technology,33886.14,True,25.4675,True,19.9062,True,5.0488,True,10.18,True,21.47,True,11.84,True,13.74,True,9.32,True,40.67,True,17.9,True,-12.5,True,1.432,True,1.121,True,1653.9,True,683.0,True,1471.26,True,1675.4,True,2.56,True,,False,16.0,8.0,16.0,17.0,11.0,68.0,1.0,"Strong ROE, Cash covers debt",Earnings contraction,5.0,73.0,Strong ROE for an asset-light business,35.62,8.0,Below 200 DMA,38.39,Weak,"Above 50 DMA, RSI recovering, Strong ROE, Cash covers debt, Positive 3M return, Positive 6M return, 6M Nifty outperformance, 80.0% of closes stayed inside the range | Range width 30.4% | Currently 92.6% through the range",2026-08-31 23:07 IST
MARICO,Consumer Defensive,Household & Personal Products,820.0,-1.62,687.16,889.1,19.33,7.77,35.75,848.02,786.42,1585797.25,3963719.0,2.5,Bearish,43.0,"Above 200 DMA, Weak but watchable RSI, Near 52W low zone, Strong volume expansion",-5.82,1.54,4.45,-2.8,2.88,-5.5,-3.02,-1.34,9.95,20.0,"Positive 3M return, Positive 6M return",56.25,Neutral Range,74.75,748.79,858.39,14.64,64.97,80.0% of closes stayed inside the range | Range width 14.6% | Currently 65.0% through the range,Marico Limited,Consumer Defensive,Household & Personal Products,FMCG / Consumer,107537.29,True,56.8643,True,42.5807,True,25.582,True,12.394,True,,False,,False,19.28,True,13.16,True,43.87,True,21.4,True,24.7,True,,False,,False,2440.0,True,557.0,True,,False,,False,48.0,True,0.184,True,10.0,16.0,12.0,0.0,7.0,45.0,0.57,Cash covers debt,,3.0,48.0,"Low debt, typical of a healthy consumer business",37.87,0.0,,38.23,Weak,"Above 200 DMA, Weak but watchable RSI, Near 52W low zone, Strong volume expansion, Cash covers debt, Positive 3M return, Positive 6M return, 80.0% of closes stayed inside the range | Range width 14.6% | Currently 65.0% through the range",2026-08-31 23:07 IST
SUPREMEIND,Industrials,Building Products & Equipment,3559.0,-2.14,3140.0,4596.8,13.34,22.58,52.41,3441.22,3549.06,198542.85,559695.0,2.82,Bullish,70.0,"Above 50 DMA, Above 200 DMA, Healthy RSI momentum, Near 52W low zone, Strong volume expansion",0.82,-1.61,-9.36,-2.8,2.88,-5.5,3.62,-4.49,-3.86,8.0,Positive 1M return,71.71,Neutral Range,79.4,3389.68,3762.3,10.99,45.44,80.0% of closes stayed inside the range | Range width 11.0% | Currently 45.4% through the range,The Supreme Industries Limited,Industrials,Building Products & Equipment,Capital Goods / Infra,46218.38,True,44.0516,True,34.8338,True,7.4887,True,1.473,True,,False,,False,10.14,True,9.12,True,32.69,True,4.2,True,38.7,True,,False,,False,648.84,True,90.84,True,,False,,False,100.0,True,0.182,True,6.0,12.0,12.0,0.0,7.0,37.0,0.57,Cash covers debt,,0.0,37.0,,35.91,0.0,,37.84,Weak,"Above 50 DMA, Above 200 DMA, Healthy RSI momentum, Near 52W low zone, Strong volume expansion, Cash covers debt, Positive 1M return, 80.0% of closes stayed inside the range | Range width 11.0% | Currently 45.4% through the range",2026-08-31 23:07 IST
M&MFIN,Financial Services,Credit Services,373.0,-0.96,247.92,415.0,50.45,10.12,46.65,358.93,337.07,2214449.4,1571551.0,0.71,Bullish,42.0,"Above 50 DMA, Above 200 DMA, RSI recovering",-8.01,31.95,4.21,-2.8,2.88,-5.5,-5.21,29.07,9.71,45.0,"Strong 3M absolute return, Positive 6M return, 3M Nifty outperformance",36.2,Profit Booking Zone,74.19,284.6,388.97,36.67,84.7,80.0% of closes stayed inside the range | Range width 36.7% | Currently 84.7% through the range,Mahindra & Mahindra Financial Services Limited,Financial Services,Credit Services,Financial Services,52331.72,True,16.3384,True,12.3556,True,1.9639,True,429.851,True,,False,,False,43.8,True,30.89,True,86.34,True,36.7,True,64.0,True,,False,,False,2143.51,True,114735.61,True,,False,,False,1.99,True,0.343,True,12.0,20.0,0.0,0.0,14.0,46.0,0.57,,Very high debt,6.0,52.0,High leverage is structural for this sector,38.62,8.0,Very high debt,37.74,Weak,"Above 50 DMA, Above 200 DMA, RSI recovering, Strong 3M absolute return, Positive 6M return, 3M Nifty outperformance, 80.0% of closes stayed inside the range | Range width 36.7% | Currently 84.7% through the range",2026-08-31 23:07 IST
LLOYDSME,Basic Materials,Steel,1794.6,-0.22,1042.28,2125.0,72.18,15.55,35.37,1883.74,1525.46,513225.55,449652.0,0.88,Bearish,23.0,"Above 200 DMA, Weak but watchable RSI",-12.33,0.16,45.63,-2.8,2.88,-5.5,-9.53,-2.72,51.13,45.0,"Positive 3M return, Strong 6M absolute return, 6M Nifty outperformance",38.41,Profit Booking Zone,66.75,1276.88,1945.71,52.38,77.41,80.0% of closes stayed inside the range | Range width 52.4% | Currently 77.4% through the range,Lloyds Metals and Energy Limited,Basic Materials,Steel,Metals / Mining,101839.98,True,21.1447,True,12.6006,True,7.3445,True,145.214,True,,False,,False,34.26,True,21.51,True,54.45,True,208.6,True,169.3,True,,False,,False,2807.99,True,20716.36,True,,False,,False,6.0,True,0.109,True,12.0,20.0,2.0,0.0,9.0,43.0,0.57,,,0.0,43.0,,36.18,0.0,,37.48,Weak,"Above 200 DMA, Weak but watchable RSI, Positive 3M return, Strong 6M absolute return, 6M Nifty outperformance, 80.0% of closes stayed inside the range | Range width 52.4% | Currently 77.4% through the range",2026-08-31 23:07 IST
IDEA,Communication Services,Telecom Services,14.33,-2.38,6.46,15.37,121.83,6.77,55.74,13.78,11.84,418302851.1,418611351.0,1.0,Bullish,65.0,"Above 50 DMA, Above 200 DMA, Healthy RSI momentum, Near 52W high momentum, Normal volume support",11.43,-4.02,39.26,-2.8,2.88,-5.5,14.23,-6.9,44.76,60.0,"Strong 1M absolute return, Strong 6M absolute return, 1M Nifty outperformance, 6M Nifty outperformance",17.42,Profit Booking Zone,76.97,9.24,14.69,58.94,93.32,80.0% of closes stayed inside the range | Range width 58.9% | Currently 93.3% through the range,Vodafone Idea Limited,Communication Services,Telecom Services,Telecom,159047.58,True,4.2924,True,-9.6397,True,-4.4485,True,,False,,False,,False,-3.77,True,82.28,True,45.2,True,6.1,True,,False,,False,,False,3715.0,True,192528.0,True,,False,,False,,False,0.436,True,6.0,2.0,0.0,0.0,8.0,16.0,0.36,,,0.0,16.0,,29.28,4.0,Limited fundamental data coverage,37.24,Weak,"Above 50 DMA, Above 200 DMA, Healthy RSI momentum, Near 52W high momentum, Normal volume support, Strong 1M absolute return, Strong 6M absolute return, 1M Nifty outperformance, 6M Nifty outperformance, 80.0% of closes stayed inside the range | Range width 58.9% | Currently 93.3% through the range",2026-08-31 23:07 IST
PNB,Financial Services,Banks - Regional,114.23,-1.01,95.72,131.33,19.34,13.02,49.35,111.1,112.56,12992558.45,18422542.0,1.42,Bullish,57.0,"Above 50 DMA, Above 200 DMA, RSI recovering, Near 52W low zone, Volume expansion",1.09,11.24,-6.74,-2.8,2.88,-5.5,3.89,8.36,-1.24,18.0,"Positive 1M return, Positive 3M return",63.35,Profit Booking Zone,82.76,101.14,115.4,14.1,91.8,80.8% of closes stayed inside the range | Range width 14.1% | Currently 91.8% through the range,Punjab National Bank,Financial Services,Banks - Regional,Banking,132628.56,True,6.001,True,6.7284,True,0.8482,True,,False,14.97,True,1.13,True,29.4,True,38.15,True,0.0,True,15.2,True,1.9,True,,False,,False,2406.68,True,6316.49,True,,False,,False,2.6,True,0.504,True,16.0,8.0,0.0,0.0,12.0,36.0,0.64,,,0.0,36.0,,38.62,0.0,,37.14,Weak,"Above 50 DMA, Above 200 DMA, RSI recovering, Near 52W low zone, Volume expansion, Positive 1M return, Positive 3M return, 80.8% of closes stayed inside the range | Range width 14.1% | Currently 91.8% through the range",2026-08-31 23:07 IST
HINDALCO,Basic Materials,Aluminum,1015.45,-2.12,698.75,1169.9,45.32,13.2,47.67,991.79,958.21,4652161.7,5758677.0,1.24,Bullish,47.0,"Above 50 DMA, Above 200 DMA, RSI recovering, Normal volume support",2.07,-9.32,8.59,-2.8,2.88,-5.5,4.87,-12.2,14.09,18.0,"Positive 1M return, Positive 6M return",58.08,Neutral Range,73.68,927.65,1087.6,17.24,54.89,80.0% of closes stayed inside the range | Range width 17.2% | Currently 54.9% through the range,Hindalco Industries Limited,Basic Materials,Aluminum,Metals / Mining,230285.9,True,13.8894,True,9.3339,True,1.6861,True,72.598,True,,False,,False,13.67,True,5.55,True,31.31,True,32.1,True,75.1,True,,False,,False,22805.0,True,99165.0,True,,False,,False,49.0,True,0.925,True,3.0,20.0,4.0,0.0,15.0,42.0,0.57,,,2.0,44.0,General low-debt support,36.18,0.0,,37.08,Weak,"Above 50 DMA, Above 200 DMA, RSI recovering, Normal volume support, Positive 1M return, Positive 6M return, 80.0% of closes stayed inside the range | Range width 17.2% | Currently 54.9% through the range",2026-08-31 23:07 IST
INFY,Technology,Information Technology Services,1133.8,-0.89,982.4,1691.4,15.41,32.97,50.55,1102.44,1293.2,8028082.2,8807393.0,1.1,Bullish,45.0,"Above 50 DMA, Healthy RSI momentum, Near 52W low zone, Normal volume support",-3.92,-3.58,-10.13,-2.8,2.88,-5.5,-1.12,-6.46,-4.63,0.0,,85.67,Lower Range Watch,73.58,1051.34,1251.3,19.02,41.24,80.0% of closes stayed inside the range | Range width 19.0% | Currently 41.2% through the range,Infosys Limited,Technology,Information Technology Services,IT / Technology,463354.25,True,14.2253,True,14.315,True,5.0452,True,9.541,True,32.0,True,15.3,True,21.17,True,16.37,True,29.68,True,2.9,True,5.3,True,1.862,True,1.594,True,312.4,True,92.3,True,316.56,True,409.2,True,4.5,True,0.107,True,23.0,2.0,19.0,17.0,10.0,71.0,1.0,"Strong ROE, Cash covers debt",,10.0,81.0,"Strong ROE for an asset-light business, Strong operating margin",35.62,8.0,Below 200 DMA,36.94,Weak,"Above 50 DMA, Healthy RSI momentum, Near 52W low zone, Normal volume support, Strong ROE, Cash covers debt, 80.0% of closes stayed inside the range | Range width 19.0% | Currently 41.2% through the range",2026-08-31 23:07 IST
BAJAJFINSV,Financial Services,Financial Conglomerates,2021.0,0.95,1595.64,2193.13,26.66,7.85,57.62,1932.42,1904.37,991351.5,724583.0,0.73,Bullish,65.0,"Above 50 DMA, Above 200 DMA, Healthy RSI momentum, Near 52W high momentum, Positive day move",-3.58,18.3,4.16,-2.8,2.88,-5.5,-0.78,15.42,9.66,35.0,"Positive 3M return, Positive 6M return, 3M Nifty outperformance",44.8,Profit Booking Zone,84.07,1700.9,2012.4,18.31,100.0,80.0% of closes stayed inside the range | Range width 18.3% | Currently 100.0% through the range,Bajaj Finserv Ltd.,Financial Services,Financial Conglomerates,Financial Services,320368.99,True,31.8486,True,21.0905,True,4.1079,True,256.404,True,,False,,False,40.22,True,6.47,True,51.48,True,19.3,True,12.7,True,,False,,False,9079.05,True,361440.08,True,,False,,False,6.0,True,0.374,True,9.0,13.0,0.0,0.0,11.0,33.0,0.57,,Very high debt,6.0,39.0,High leverage is structural for this sector,38.62,8.0,Very high debt,36.44,Weak,"Above 50 DMA, Above 200 DMA, Healthy RSI momentum, Near 52W high momentum, Positive day move, Positive 3M return, Positive 6M return, 3M Nifty outperformance, 80.0% of closes stayed inside the range | Range width 18.3% | Currently 100.0% through the range",2026-08-31 23:07 IST
BEL,Industrials,Aerospace & Defense,414.45,0.62,365.5,472.81,13.39,12.34,58.05,406.97,418.21,10299741.0,12594039.0,1.22,Bullish,60.0,"Above 50 DMA, Healthy RSI momentum, Near 52W high momentum, Near 52W low zone, Normal volume support, Positive day move",5.83,1.25,-8.19,-2.8,2.88,-5.5,8.63,-1.63,-2.69,28.0,"Positive 1M return, Positive 3M return, 1M Nifty outperformance",49.39,Accumulation Zone,80.21,404.16,441.04,9.13,27.9,80.0% of closes stayed inside the range | Range width 9.1% | Currently 27.9% through the range,Bharat Electronics Limited,Industrials,Aerospace & Defense,Capital Goods / Infra,301089.79,True,49.0357,True,36.4998,True,12.5514,True,0.273,True,,False,,False,22.13,True,21.4,True,47.84,True,24.9,True,8.3,True,,False,,False,8572.03,True,65.46,True,,False,,False,61.0,True,0.28,True,11.0,13.0,12.0,0.0,7.0,43.0,0.57,Cash covers debt,,5.0,48.0,Strong order-book-driven revenue growth,35.91,8.0,Below 200 DMA,36.19,Weak,"Above 50 DMA, Healthy RSI momentum, Near 52W high momentum, Near 52W low zone, Normal volume support, Positive day move, Cash covers debt, Positive 1M return, Positive 3M return, 1M Nifty outperformance, 80.0% of closes stayed inside the range | Range width 9.1% | Currently 27.9% through the range",2026-08-31 23:07 IST
WIPRO,Technology,Information Technology Services,184.5,1.96,167.09,263.22,10.42,29.91,56.99,177.99,206.4,8089777.75,16657011.0,2.06,Bullish,60.0,"Above 50 DMA, Healthy RSI momentum, Near 52W low zone, Strong volume expansion, Positive day move",-2.21,-8.67,-6.02,-2.8,2.88,-5.5,0.59,-11.55,-0.52,0.0,,85.67,Lower Range Watch,77.27,172.98,201.81,16.67,39.96,80.0% of closes stayed inside the range | Range width 16.7% | Currently 40.0% through the range,Wipro Limited,Technology,Information Technology Services,IT / Technology,179009.59,True,14.3725,True,13.0185,True,2.3104,True,27.398,True,16.13,True,7.26,True,15.7,True,13.92,True,29.04,True,10.6,True,0.9,True,1.672,True,1.575,True,39475.0,True,21282.2,True,10850.81,True,14107.7,True,4.54,True,0.394,True,14.0,5.0,17.0,17.0,15.0,68.0,1.0,Cash covers debt,,0.0,68.0,,35.62,8.0,Below 200 DMA,36.14,Weak,"Above 50 DMA, Healthy RSI momentum, Near 52W low zone, Strong volume expansion, Positive day move, Cash covers debt, 80.0% of closes stayed inside the range | Range width 16.7% | Currently 40.0% through the range",2026-08-31 23:07 IST
HINDCOPPER,Basic Materials,Copper,525.35,-1.54,226.57,758.83,131.87,30.77,47.54,511.98,510.0,18222384.15,8801860.0,0.48,Bullish,42.0,"Above 50 DMA, Above 200 DMA, RSI recovering",6.12,-2.96,-8.79,-2.8,2.88,-5.5,8.92,-5.84,-3.29,18.0,"Positive 1M return, 1M Nifty outperformance",58.08,Neutral Range,71.95,484.26,566.57,17.0,49.92,80.0% of closes stayed inside the range | Range width 17.0% | Currently 49.9% through the range,Hindustan Copper Limited,Basic Materials,Copper,Metals / Mining,51595.57,True,45.6806,True,25.7754,True,15.4518,True,3.319,True,,False,,False,48.89,True,32.49,True,91.08,True,81.4,True,161.9,True,,False,,False,809.65,True,110.92,True,,False,,False,46.0,True,1.513,True,12.0,20.0,12.0,0.0,7.0,51.0,0.57,Cash covers debt,,2.0,53.0,General low-debt support,36.18,3.0,Low volume participation,35.98,Weak,"Above 50 DMA, Above 200 DMA, RSI recovering, Cash covers debt, Positive 1M return, 1M Nifty outperformance, 80.0% of closes stayed inside the range | Range width 17.0% | Currently 49.9% through the range",2026-08-31 23:07 IST
BSE,Financial Services,Financial Data & Stock Exchanges,3282.0,-3.61,2016.19,4435.12,62.78,26.0,38.82,3595.72,3266.76,4725834.85,6120539.0,1.3,Bearish,28.0,"Above 200 DMA, Weak but watchable RSI, Normal volume support",-8.2,-18.42,24.48,-2.8,2.88,-5.5,-5.4,-21.3,29.98,25.0,"Positive 6M return, 6M Nifty outperformance",53.17,Lower Range Watch,67.9,2886.91,4061.31,40.68,33.64,80.0% of closes stayed inside the range | Range width 40.7% | Currently 33.6% through the range,BSE Limited,Financial Services,Financial Data & Stock Exchanges,Financial Services,138286.95,True,48.3116,True,37.3522,True,17.5363,True,0.0,True,,False,,False,80.11,True,48.92,True,99.59,True,64.0,True,62.1,True,,False,,False,5503.38,True,0.02,True,,False,,False,29.0,True,0.471,True,12.0,20.0,12.0,0.0,7.0,51.0,0.57,Cash covers debt,,-4.0,47.0,Expensive relative to book value for this sector,38.62,0.0,,35.49,Weak,"Above 200 DMA, Weak but watchable RSI, Normal volume support, Cash covers debt, Positive 6M return, 6M Nifty outperformance, 80.0% of closes stayed inside the range | Range width 40.7% | Currently 33.6% through the range",2026-08-31 23:07 IST
INDUSTOWER,Communication Services,Telecom Services,388.8,2.32,301.21,464.04,29.08,16.21,57.84,378.94,402.78,5236062.4,5409807.0,1.03,Bullish,50.0,"Above 50 DMA, Healthy RSI momentum, Normal volume support, Strong positive day move",2.06,-6.28,-10.06,-2.8,2.88,-5.5,4.86,-9.16,-4.56,8.0,Positive 1M return,59.85,Lower Range Watch,77.48,372.4,418.94,12.5,35.24,80.8% of closes stayed inside the range | Range width 12.5% | Currently 35.2% through the range,Indus Towers Limited,Communication Services,Telecom Services,Telecom,100213.69,True,14.0066,True,12.436,True,2.4216,True,51.79,True,18.91,True,9.73,True,31.21,True,21.78,True,55.94,True,4.6,True,0.6,True,1.845,True,1.319,True,7355.8,True,21432.4,True,3776.82,True,15512.9,True,3.68,True,0.05,True,22.0,2.0,10.0,17.0,15.0,66.0,1.0,Strong ROE,,4.0,70.0,"General quality ROE, General low-debt support",29.28,8.0,Below 200 DMA,35.39,Weak,"Above 50 DMA, Healthy RSI momentum, Normal volume support, Strong positive day move, Strong ROE, Positive 1M return, 80.8% of closes stayed inside the range | Range width 12.5% | Currently 35.2% through the range",2026-08-31 23:07 IST
MANKIND,Healthcare,Drug Manufacturers - Specialty & Generic,2419.2,1.52,1909.7,2674.0,26.68,9.53,48.6,2478.01,2279.82,344229.45,391798.0,1.14,Bearish,37.0,"Above 200 DMA, RSI recovering, Normal volume support, Positive day move",-2.57,2.81,7.63,-2.8,2.88,-5.5,0.23,-0.07,13.13,20.0,"Positive 3M return, Positive 6M return",71.52,Neutral Range,73.61,2052.97,2541.66,23.8,74.94,80.0% of closes stayed inside the range | Range width 23.8% | Currently 74.9% through the range,Mankind Pharma Limited,Healthcare,Drug Manufacturers - Specialty & Generic,Pharma / Healthcare,98412.8,True,49.0208,True,33.7951,True,6.035,True,38.111,True,,False,,False,20.61,True,13.86,True,70.76,True,12.9,True,29.6,True,,False,,False,2207.65,True,6311.54,True,,False,,False,8.0,True,0.46,True,10.0,15.0,7.0,0.0,7.0,39.0,0.57,,,2.0,41.0,General low-debt support,44.2,0.0,,35.23,Weak,"Above 200 DMA, RSI recovering, Normal volume support, Positive day move, Positive 3M return, Positive 6M return, 80.0% of closes stayed inside the range | Range width 23.8% | Currently 74.9% through the range",2026-08-31 23:07 IST
EMCURE,Healthcare,Drug Manufacturers - Specialty & Generic,1855.3,-1.23,1260.0,2048.0,47.25,9.41,43.21,1879.52,1626.21,138511.55,99100.0,0.72,Bearish,23.0,"Above 200 DMA, Weak but watchable RSI",-5.35,9.09,27.47,-2.8,2.88,-5.5,-2.55,6.21,32.97,35.0,"Positive 3M return, Positive 6M return, 6M Nifty outperformance",57.95,Profit Booking Zone,71.64,1559.58,1924.53,23.4,81.03,80.0% of closes stayed inside the range | Range width 23.4% | Currently 81.0% through the range,Emcure Pharmaceuticals Limited,Healthcare,Drug Manufacturers - Specialty & Generic,Pharma / Healthcare,35462.38,True,35.0403,True,24.0519,True,7.1591,True,30.567,True,,False,,False,15.44,True,10.44,True,59.43,True,22.8,True,41.9,True,,False,,False,147.52,True,1521.24,True,,False,,False,19.0,True,-0.056,True,6.0,18.0,7.0,0.0,7.0,38.0,0.57,,,2.0,40.0,General low-debt support,44.2,0.0,,35.13,Weak,"Above 200 DMA, Weak but watchable RSI, Positive 3M return, Positive 6M return, 6M Nifty outperformance, 80.0% of closes stayed inside the range | Range width 23.4% | Currently 81.0% through the range",2026-08-31 23:07 IST
MEESHO,Consumer Cyclical,Internet Retail,205.39,-1.55,125.56,254.4,63.58,19.26,61.72,191.9,,13289766.8,12726156.0,0.96,Bullish,35.0,"Above 50 DMA, Healthy RSI momentum",7.21,24.22,32.08,-2.8,2.88,-5.5,10.01,21.34,37.58,98.0,"Positive 1M return, Strong 3M absolute return, Strong 6M absolute return, 1M Nifty outperformance, 3M Nifty outperformance, 6M Nifty outperformance, Positive across 1M/3M/6M",11.79,Profit Booking Zone,75.37,147.99,198.81,34.34,100.0,80.0% of closes stayed inside the range | Range width 34.3% | Currently 100.0% through the range,Meesho Limited,Consumer Cyclical,Internet Retail,Consumer Discretionary,96488.63,True,,False,137.5153,True,21.9772,True,1.428,True,,False,,False,-6.58,True,-8.68,True,93.15,True,48.3,True,,False,,False,,False,2844.91,True,62.63,True,,False,,False,,False,,False,0.0,10.0,12.0,0.0,0.0,22.0,0.36,Cash covers debt,Negative net margin,2.0,24.0,General low-debt support,36.37,12.0,"Negative net margin, Limited fundamental data coverage",35.11,Weak,"Above 50 DMA, Healthy RSI momentum, Cash covers debt, Positive 1M return, Strong 3M absolute return, Strong 6M absolute return, 1M Nifty outperformance, 3M Nifty outperformance, 6M Nifty outperformance, Positive across 1M/3M/6M, 80.0% of closes stayed inside the range | Range width 34.3% | Currently 100.0% through the range",2026-08-31 23:07 IST
LICI,Financial Services,Insurance - Life,418.0,-0.95,352.49,457.74,18.59,8.68,51.38,422.04,409.99,21552784.2,7461104.0,0.35,Bearish,50.0,"Above 200 DMA, Healthy RSI momentum, Near 52W high momentum, Near 52W low zone",-2.45,7.31,1.62,-2.8,2.88,-5.5,0.35,4.43,7.12,20.0,"Positive 3M return, Positive 6M return",57.24,Neutral Range,77.65,379.95,431.69,13.62,73.53,80.0% of closes stayed inside the range | Range width 13.6% | Currently 73.5% through the range,Life Insurance Corporation of India,Financial Services,Insurance - Life,Financial Services,533829.78,True,8.719,True,7.176,True,3.0227,True,0.431,True,,False,,False,6.43,True,6.51,True,11.08,True,6.8,True,40.0,True,,False,,False,73141.75,True,761.92,True,,False,,False,2.42,True,0.543,True,3.0,12.0,12.0,0.0,13.0,40.0,0.57,Cash covers debt,,0.0,40.0,,38.62,3.0,Low volume participation,34.29,Avoid,"Above 200 DMA, Healthy RSI momentum, Near 52W high momentum, Near 52W low zone, Cash covers debt, Positive 3M return, Positive 6M return, 80.0% of closes stayed inside the range | Range width 13.6% | Currently 73.5% through the range",2026-08-31 23:07 IST
BHARATFORG,Consumer Cyclical,Auto Parts,2104.9,2.68,1100.0,2295.0,91.35,8.28,51.11,2129.59,1790.39,1286834.75,753159.0,0.59,Bearish,55.0,"Above 200 DMA, Healthy RSI momentum, Near 52W high momentum, Strong positive day move",-4.31,9.03,10.47,-2.8,2.88,-5.5,-1.51,6.15,15.97,35.0,"Positive 3M return, Positive 6M return, 6M Nifty outperformance",44.43,Profit Booking Zone,78.61,1730.11,2171.88,25.53,84.84,80.0% of closes stayed inside the range | Range width 25.5% | Currently 84.8% through the range,Bharat Forge Limited,Consumer Cyclical,Auto Parts,Automobile,97420.12,True,138.0556,True,42.2904,True,10.1693,True,76.475,True,,False,,False,9.62,True,4.03,True,53.26,True,18.7,True,,False,,False,,False,2385.49,True,7308.61,True,,False,,False,41.0,True,0.54,True,0.0,8.0,4.0,0.0,5.0,17.0,0.5,,Very high PE,0.0,17.0,,36.37,0.0,,33.91,Avoid,"Above 200 DMA, Healthy RSI momentum, Near 52W high momentum, Strong positive day move, Positive 3M return, Positive 6M return, 6M Nifty outperformance, 80.0% of closes stayed inside the range | Range width 25.5% | Currently 84.8% through the range",2026-08-31 23:07 IST
LTTS,Technology,Information Technology Services,3608.4,1.11,2976.44,4673.3,21.23,22.79,57.62,3428.85,3655.7,113472.5,685730.0,6.04,Bullish,60.0,"Above 50 DMA, Healthy RSI momentum, Near 52W low zone, Strong volume expansion, Positive day move",1.22,10.28,5.98,-2.8,2.88,-5.5,4.02,7.4,11.48,38.0,"Positive 1M return, Positive 3M return, Positive 6M return, Positive across 1M/3M/6M",33.76,Profit Booking Zone,83.71,3165.15,3598.76,13.7,100.0,80.0% of closes stayed inside the range | Range width 13.7% | Currently 100.0% through the range,L&T Technology Services Limited,Technology,Information Technology Services,IT / Technology,37855.89,True,29.3262,True,21.9733,True,5.8442,True,8.911,True,,False,,False,15.69,True,11.68,True,40.76,True,2.6,True,12.8,True,,False,,False,3078.4,True,578.5,True,,False,,False,1.64,True,0.154,True,6.0,5.0,12.0,0.0,10.0,33.0,0.57,Cash covers debt,,0.0,33.0,,35.62,8.0,Below 200 DMA,33.39,Avoid,"Above 50 DMA, Healthy RSI momentum, Near 52W low zone, Strong volume expansion, Positive day move, Cash covers debt, Positive 1M return, Positive 3M return, Positive 6M return, Positive across 1M/3M/6M, 80.0% of closes stayed inside the range | Range width 13.7% | Currently 100.0% through the range",2026-08-31 23:07 IST
HYUNDAI,Consumer Cyclical,Auto Manufacturers,2205.0,-2.73,1642.32,2862.66,34.26,22.97,56.23,2064.9,2062.51,657052.65,619167.0,0.94,Bullish,50.0,"Above 50 DMA, Above 200 DMA, Healthy RSI momentum",0.86,15.2,3.63,-2.8,2.88,-5.5,3.66,12.32,9.13,53.0,"Positive 1M return, Positive 3M return, Positive 6M return, 3M Nifty outperformance, Positive across 1M/3M/6M",33.29,Profit Booking Zone,79.97,1770.12,2205.2,24.58,99.95,80.0% of closes stayed inside the range | Range width 24.6% | Currently 100.0% through the range,Hyundai Motor India Limited,Consumer Cyclical,Auto Manufacturers,Automobile,184203.07,True,37.0364,True,24.8031,True,9.2051,True,5.484,True,,False,,False,5.84,True,7.0,True,28.22,True,-0.5,True,-35.1,True,,False,,False,10551.98,True,1097.56,True,,False,,False,93.0,True,,False,3.0,0.0,12.0,0.0,7.0,22.0,0.57,Cash covers debt,"Revenue contraction, Earnings contraction",2.0,24.0,General low-debt support,36.37,7.0,Earnings contraction,32.61,Avoid,"Above 50 DMA, Above 200 DMA, Healthy RSI momentum, Cash covers debt, Positive 1M return, Positive 3M return, Positive 6M return, 3M Nifty outperformance, Positive across 1M/3M/6M, 80.0% of closes stayed inside the range | Range width 24.6% | Currently 100.0% through the range",2026-08-31 23:07 IST
POONAWALLA,Financial Services,Credit Services,463.8,-3.85,361.2,570.4,28.41,18.69,42.66,469.61,442.48,1289347.55,1065924.0,0.83,Bearish,23.0,"Above 200 DMA, Weak but watchable RSI",0.05,16.15,1.98,-2.8,2.88,-5.5,2.85,13.27,7.48,53.0,"Positive 1M return, Positive 3M return, Positive 6M return, 3M Nifty outperformance, Positive across 1M/3M/6M",27.83,Profit Booking Zone,71.57,391.77,481.68,22.95,80.12,80.0% of closes stayed inside the range | Range width 22.9% | Currently 80.1% through the range,Poonawalla Fincorp Limited,Financial Services,Credit Services,Financial Services,41958.4,True,50.1623,True,19.5109,True,3.7404,True,468.058,True,,False,,False,38.98,True,22.67,True,99.87,True,100.3,True,337.0,True,,False,,False,626.26,True,48435.8,True,,False,,False,,False,0.318,True,12.0,20.0,0.0,0.0,7.0,39.0,0.5,,Very high debt,6.0,45.0,High leverage is structural for this sector,38.62,8.0,Very high debt,32.54,Avoid,"Above 200 DMA, Weak but watchable RSI, Positive 1M return, Positive 3M return, Positive 6M return, 3M Nifty outperformance, Positive across 1M/3M/6M, 80.0% of closes stayed inside the range | Range width 22.9% | Currently 80.1% through the range",2026-08-31 23:07 IST
NH,Healthcare,Medical Care Facilities,1907.2,0.18,1585.49,2092.9,20.29,8.87,53.27,1940.02,1857.14,399012.15,240559.0,0.6,Bearish,55.0,"Above 200 DMA, Healthy RSI momentum, Near 52W high momentum, Near 52W low zone, Positive day move",-6.01,-3.49,4.4,-2.8,2.88,-5.5,-3.21,-6.37,9.9,10.0,Positive 6M return,78.81,Neutral Range,77.54,1685.85,1998.81,18.56,70.73,80.0% of closes stayed inside the range | Range width 18.6% | Currently 70.7% through the range,Narayana Hrudayalaya Limited,Healthcare,Medical Care Facilities,Pharma / Healthcare,39240.92,True,47.8717,True,27.5691,True,8.6486,True,129.033,True,,False,,False,12.84,True,8.98,True,39.83,True,80.4,True,5.4,True,,False,,False,,False,,False,,False,,False,23.0,True,,False,6.0,12.0,2.0,0.0,7.0,27.0,0.57,,,0.0,27.0,,44.2,0.0,,32.33,Avoid,"Above 200 DMA, Healthy RSI momentum, Near 52W high momentum, Near 52W low zone, Positive day move, Positive 6M return, 80.0% of closes stayed inside the range | Range width 18.6% | Currently 70.7% through the range",2026-08-31 23:07 IST
ADANIPOWER,Utilities,Utilities - Independent Power Producers,198.0,-6.88,120.0,254.2,65.0,22.11,36.69,214.26,182.1,19068658.35,53722599.0,2.82,Bearish,38.0,"Above 200 DMA, Weak but watchable RSI, Strong volume expansion",-7.33,-13.92,43.51,-2.8,2.88,-5.5,-4.53,-16.8,49.01,35.0,"Strong 6M absolute return, 6M Nifty outperformance",18.92,Neutral Range,67.38,155.45,230.65,48.38,56.58,80.0% of closes stayed inside the range | Range width 48.4% | Currently 56.6% through the range,Adani Power Limited,Utilities,Utilities - Independent Power Producers,Energy / Utilities,410050.47,True,29.0876,True,26.7748,True,6.3146,True,82.332,True,,False,,False,35.88,True,24.15,True,43.48,True,34.0,True,44.4,True,,False,,False,2436.19,True,54670.29,True,,False,,False,,False,0.475,True,12.0,20.0,4.0,0.0,7.0,43.0,0.5,,,0.0,43.0,,25.41,5.0,Sharp daily fall,32.11,Avoid,"Above 200 DMA, Weak but watchable RSI, Strong volume expansion, Strong 6M absolute return, 6M Nifty outperformance, 80.0% of closes stayed inside the range | Range width 48.4% | Currently 56.6% through the range",2026-08-31 23:07 IST
BAJFINANCE,Financial Services,Credit Services,1057.0,-2.12,783.09,1176.4,34.98,10.15,43.45,1057.05,971.43,5482349.65,7001483.0,1.28,Bearish,28.0,"Above 200 DMA, Weak but watchable RSI, Normal volume support",-8.33,21.63,8.71,-2.8,2.88,-5.5,-5.53,18.75,14.21,45.0,"Strong 3M absolute return, Positive 6M return, 3M Nifty outperformance",36.2,Profit Booking Zone,72.96,862.75,1089.45,26.28,85.69,80.0% of closes stayed inside the range | Range width 26.3% | Currently 85.7% through the range,Bajaj Finance Limited,Financial Services,Credit Services,Financial Services,671796.43,True,33.1156,True,21.3768,True,5.8901,True,314.833,True,,False,,False,61.55,True,43.49,True,91.55,True,26.1,True,27.2,True,,False,,False,4741.06,True,368309.17,True,,False,,False,50.0,True,0.323,True,12.0,20.0,0.0,0.0,11.0,43.0,0.57,,Very high debt,2.0,45.0,"High leverage is structural for this sector, Expensive relative to book value for this sector",38.62,8.0,Very high debt,31.79,Avoid,"Above 200 DMA, Weak but watchable RSI, Normal volume support, Strong 3M absolute return, Positive 6M return, 3M Nifty outperformance, 80.0% of closes stayed inside the range | Range width 26.3% | Currently 85.7% through the range",2026-08-31 23:07 IST
HEROMOTOCO,Consumer Cyclical,Auto Manufacturers,5450.0,-2.68,4603.78,6175.52,18.38,11.75,45.25,5242.13,5312.55,637327.35,485141.0,0.76,Bullish,47.0,"Above 50 DMA, Above 200 DMA, RSI recovering, Near 52W low zone",-0.18,13.27,-1.1,-2.8,2.88,-5.5,2.62,10.39,4.4,25.0,"Positive 3M return, 3M Nifty outperformance",52.72,Neutral Range,76.28,4803.55,5685.5,18.36,73.3,80.0% of closes stayed inside the range | Range width 18.4% | Currently 73.3% through the range,Hero MotoCorp Limited,Consumer Cyclical,Auto Manufacturers,Automobile,112079.08,True,20.5761,True,17.1979,True,5.1848,True,3.57,True,,False,,False,11.63,True,10.72,True,31.65,True,34.9,True,-17.2,True,,False,,False,12941.27,True,778.61,True,,False,,False,3.3,True,0.468,True,6.0,10.0,12.0,0.0,11.0,39.0,0.57,Cash covers debt,Earnings contraction,2.0,41.0,General low-debt support,36.37,7.0,Earnings contraction,30.81,Avoid,"Above 50 DMA, Above 200 DMA, RSI recovering, Near 52W low zone, Cash covers debt, Positive 3M return, 3M Nifty outperformance, 80.0% of closes stayed inside the range | Range width 18.4% | Currently 73.3% through the range",2026-08-31 23:07 IST
MRF,Consumer Cyclical,Auto Parts,133745.0,0.11,121787.44,163308.49,9.82,18.1,53.14,132410.44,137443.64,4467.1,12794.0,2.86,Bullish,63.0,"Above 50 DMA, Healthy RSI momentum, Near 52W low with stable RSI, Strong volume expansion, Positive day move",0.73,7.36,-4.97,-2.8,2.88,-5.5,3.53,4.48,0.53,18.0,"Positive 1M return, Positive 3M return",59.97,Profit Booking Zone,83.42,125242.4,134914.37,7.72,87.91,80.0% of closes stayed inside the range | Range width 7.7% | Currently 87.9% through the range,MRF Limited,Consumer Cyclical,Auto Parts,Automobile,56017.01,True,23.1528,True,19.7262,True,2.6707,True,15.288,True,,False,,False,6.45,True,7.58,True,35.83,True,9.6,True,-1.0,True,,False,,False,5228.46,True,3206.66,True,,False,,False,35.0,True,0.148,True,3.0,5.0,12.0,0.0,13.0,33.0,0.57,Cash covers debt,Earnings contraction,2.0,35.0,General low-debt support,36.37,8.0,Below 200 DMA,29.96,Avoid,"Above 50 DMA, Healthy RSI momentum, Near 52W low with stable RSI, Strong volume expansion, Positive day move, Cash covers debt, Positive 1M return, Positive 3M return, 80.0% of closes stayed inside the range | Range width 7.7% | Currently 87.9% through the range",2026-08-31 23:07 IST
BHARTIARTL,Communication Services,Telecom Services,1811.9,-3.75,1718.87,2147.47,5.41,15.63,31.99,1908.95,1918.81,7127826.9,16816995.0,2.36,Bearish,31.0,"Weak but watchable RSI, Near 52W low with stable RSI, Strong volume expansion",-8.05,0.87,-2.06,-2.8,2.88,-5.5,-5.25,-2.01,3.44,10.0,Positive 3M return,50.0,Accumulation Zone,75.11,1776.56,1945.1,9.49,20.97,80.0% of closes stayed inside the range | Range width 9.5% | Currently 21.0% through the range,Bharti Airtel Limited,Communication Services,Telecom Services,Telecom,1174364.96,True,39.2167,True,22.8976,True,7.2545,True,100.415,True,20.15,True,8.16,True,32.57,True,13.14,True,67.86,True,18.4,True,35.1,True,0.57,True,0.358,True,58409.3,True,201480.2,True,63056.59,True,125174.4,True,1.27,True,0.01,True,21.0,18.0,2.0,17.0,6.0,64.0,1.0,Strong ROE,,2.0,66.0,General quality ROE,29.28,8.0,Below 200 DMA,29.74,Avoid,"Weak but watchable RSI, Near 52W low with stable RSI, Strong volume expansion, Strong ROE, Positive 3M return, 80.0% of closes stayed inside the range | Range width 9.5% | Currently 21.0% through the range",2026-08-31 23:07 IST
ENRIN,Utilities,Utilities - Renewable,3229.6,-0.4,2111.59,3968.0,52.95,18.61,37.82,3430.61,3082.26,823010.05,688077.0,0.84,Bearish,23.0,"Above 200 DMA, Weak but watchable RSI",-0.81,-12.73,8.64,-2.8,2.88,-5.5,1.99,-15.61,14.14,10.0,Positive 6M return,44.59,Neutral Range,65.56,2771.15,3685.88,33.01,50.12,80.0% of closes stayed inside the range | Range width 33.0% | Currently 50.1% through the range,Siemens Energy India Limited,Utilities,Utilities - Renewable,Energy / Utilities,115475.64,True,78.1161,True,57.3849,True,23.9985,True,4.483,True,,False,,False,21.94,True,15.77,True,40.71,True,39.3,True,67.8,True,,False,,False,3295.0,True,215.7,True,,False,,False,12.0,True,,False,10.0,20.0,12.0,0.0,5.0,47.0,0.57,Cash covers debt,,2.0,49.0,General low-debt support,25.41,0.0,,29.21,Avoid,"Above 200 DMA, Weak but watchable RSI, Cash covers debt, Positive 6M return, 80.0% of closes stayed inside the range | Range width 33.0% | Currently 50.1% through the range",2026-08-31 23:07 IST
SUZLON,Industrials,Specialty Industrial Machinery,47.52,1.56,38.19,61.5,24.43,22.73,43.44,51.14,50.45,41797717.95,58634296.0,1.4,Bearish,28.0,"Weak but watchable RSI, Near 52W low zone, Volume expansion, Positive day move",-1.21,-14.56,16.04,-2.8,2.88,-5.5,1.59,-17.44,21.54,25.0,"Positive 6M return, 6M Nifty outperformance",53.66,Lower Range Watch,67.75,41.62,57.34,37.78,37.54,80.0% of closes stayed inside the range | Range width 37.8% | Currently 37.5% through the range,Suzlon Energy Limited,Industrials,Specialty Industrial Machinery,Capital Goods / Infra,64316.51,True,20.4323,True,22.1106,True,6.5781,True,2.807,True,39.37,True,,False,13.05,True,18.09,True,34.49,True,22.5,True,-8.3,True,1.969,True,1.112,True,2599.0,True,277.0,True,,False,,False,,False,0.657,True,17.0,8.0,18.0,0.0,4.0,47.0,0.71,"Strong ROE, Cash covers debt",Earnings contraction,5.0,52.0,Strong order-book-driven revenue growth,35.91,8.0,Below 200 DMA,28.84,Avoid,"Weak but watchable RSI, Near 52W low zone, Volume expansion, Positive day move, Strong ROE, Cash covers debt, Positive 6M return, 6M Nifty outperformance, 80.0% of closes stayed inside the range | Range width 37.8% | Currently 37.5% through the range",2026-08-31 23:07 IST
VBL,Consumer Defensive,Beverages - Non-Alcoholic,400.45,-3.27,379.74,555.18,5.45,27.87,28.79,459.05,470.15,5596300.0,7706888.0,1.38,Bearish,19.0,"Oversold RSI, Near 52W low zone, Volume expansion",-10.01,-24.13,-9.77,-2.8,2.88,-5.5,-7.21,-27.01,-4.27,0.0,,88.19,Accumulation Zone,72.48,403.22,528.94,31.18,0.0,80.0% of closes stayed inside the range | Range width 31.2% | Currently 0.0% through the range,Varun Beverages Limited,Consumer Defensive,Beverages - Non-Alcoholic,FMCG / Consumer,140034.03,True,41.8605,True,35.4769,True,6.432,True,15.869,True,16.85,True,9.78,True,24.12,True,14.04,True,55.45,True,20.4,True,15.7,True,2.034,True,0.814,True,2568.4,True,3483.53,True,129.19,True,3479.89,True,48.0,True,0.298,True,18.0,16.0,14.0,17.0,7.0,72.0,1.0,,,3.0,75.0,"Low debt, typical of a healthy consumer business",37.87,8.0,Below 200 DMA,28.68,Avoid,"Oversold RSI, Near 52W low zone, Volume expansion, 80.0% of closes stayed inside the range | Range width 31.2% | Currently 0.0% through the range",2026-08-31 23:07 IST
STARHEALTH,Financial Services,Insurance - Life,567.75,-1.0,416.55,624.9,36.3,9.15,40.88,585.44,508.25,325122.65,353781.0,1.09,Bearish,28.0,"Above 200 DMA, Weak but watchable RSI, Normal volume support",-4.19,7.89,23.08,-2.8,2.88,-5.5,-1.39,5.01,28.58,35.0,"Positive 3M return, Positive 6M return, 6M Nifty outperformance",44.8,Profit Booking Zone,72.4,461.62,589.03,27.6,83.3,80.0% of closes stayed inside the range | Range width 27.6% | Currently 83.3% through the range,Star Health and Allied Insurance Company Limited,Financial Services,Insurance - Life,Financial Services,33744.94,True,51.5274,True,20.4571,True,3.3275,True,,False,7.51,True,2.53,True,13.66,True,3.62,True,21.95,True,14.08,True,109.6,True,,False,,False,,False,0.0,True,,False,,False,,False,0.197,True,3.0,15.0,0.0,0.0,7.0,25.0,0.57,,,-5.0,20.0,Weak ROE for a leveraged-balance-sheet business,38.62,0.0,,28.54,Avoid,"Above 200 DMA, Weak but watchable RSI, Normal volume support, Positive 3M return, Positive 6M return, 6M Nifty outperformance, 80.0% of closes stayed inside the range | Range width 27.6% | Currently 83.3% through the range",2026-08-31 23:07 IST
INDIAMART,Communication Services,Internet Content & Information,1755.4,0.0,1722.3,2558.9,1.92,31.4,41.13,1839.66,2029.54,106056.95,79282.0,0.75,Bearish,16.0,"Weak but watchable RSI, Near 52W low with stable RSI",-2.47,-8.78,-15.29,-2.8,2.88,-5.5,0.33,-11.66,-9.79,0.0,,81.82,Accumulation Zone,74.88,1755.4,2061.49,17.44,0.0,80.8% of closes stayed inside the range | Range width 17.4% | Currently 0.0% through the range,IndiaMART InterMESH Limited,Communication Services,Internet Content & Information,Telecom,105664.72,True,21.478,True,16.8874,True,4.7598,True,0.974,True,23.15,True,7.25,True,33.81,True,30.62,True,55.62,True,11.4,True,11.9,True,1.996,True,1.975,True,3388.66,True,21.63,True,905.11,True,696.69,True,1.71,True,0.258,True,20.0,10.0,19.0,17.0,10.0,76.0,1.0,"Strong ROE, Cash covers debt",,4.0,80.0,"General quality ROE, General low-debt support",29.28,8.0,Below 200 DMA,28.39,Avoid,"Weak but watchable RSI, Near 52W low with stable RSI, Strong ROE, Cash covers debt, 80.8% of closes stayed inside the range | Range width 17.4% | Currently 0.0% through the range",2026-08-31 23:07 IST
GODREJPROP,Real Estate,Real Estate - Development,2014.7,-2.64,1427.1,2340.69,41.17,13.93,47.32,2023.54,1862.16,602115.1,707091.0,1.17,Bearish,32.0,"Above 200 DMA, RSI recovering, Normal volume support",-4.32,18.75,16.95,-2.8,2.88,-5.5,-1.52,15.87,22.45,50.0,"Positive 3M return, Positive 6M return, 3M Nifty outperformance, 6M Nifty outperformance",30.41,Profit Booking Zone,72.73,1577.03,2092.22,32.67,84.95,80.0% of closes stayed inside the range | Range width 32.7% | Currently 85.0% through the range,Godrej Properties Limited,Real Estate,Real Estate - Development,Cement / Realty,61121.87,True,38.1553,True,18.1867,True,3.1906,True,82.119,True,,False,,False,-62.25,True,30.75,True,42.86,True,16.5,True,-41.7,True,,False,,False,8417.7,True,15894.09,True,,False,,False,48.0,True,0.478,True,6.0,8.0,4.0,0.0,9.0,27.0,0.57,,Earnings contraction,0.0,27.0,,33.18,7.0,Earnings contraction,27.93,Avoid,"Above 200 DMA, RSI recovering, Normal volume support, Positive 3M return, Positive 6M return, 3M Nifty outperformance, 6M Nifty outperformance, 80.0% of closes stayed inside the range | Range width 32.7% | Currently 85.0% through the range",2026-08-31 23:07 IST
ADANIENSOL,Utilities,Utilities - Independent Power Producers,1417.4,-10.37,744.9,1789.0,90.28,20.77,30.36,1611.19,1248.41,4005589.35,34994154.0,8.74,Bearish,38.0,"Above 200 DMA, Weak but watchable RSI, Strong volume expansion",-13.94,-6.75,45.78,-2.8,2.88,-5.5,-11.14,-9.63,51.28,35.0,"Strong 6M absolute return, 6M Nifty outperformance",18.92,Neutral Range,65.86,1000.19,1655.85,65.55,63.63,80.0% of closes stayed inside the range | Range width 65.6% | Currently 63.6% through the range,Adani Energy Solutions Limited,Utilities,Utilities - Independent Power Producers,Energy / Utilities,193398.02,True,66.6695,True,43.7396,True,7.4711,True,194.5,True,,False,,False,24.95,True,9.58,True,43.66,True,42.4,True,124.1,True,,False,,False,4882.56,True,51592.35,True,,False,,False,,False,0.679,True,8.0,20.0,0.0,0.0,3.0,31.0,0.5,,,0.0,31.0,,25.41,5.0,Sharp daily fall,27.91,Avoid,"Above 200 DMA, Weak but watchable RSI, Strong volume expansion, Strong 6M absolute return, 6M Nifty outperformance, 80.0% of closes stayed inside the range | Range width 65.6% | Currently 63.6% through the range",2026-08-31 23:07 IST
ADANIENT,Energy,Thermal Coal,2859.1,-9.76,1752.22,3245.0,63.17,11.89,35.22,3067.15,2505.7,1687894.85,12690120.0,7.52,Bearish,38.0,"Above 200 DMA, Weak but watchable RSI, Strong volume expansion",-6.81,-3.78,34.63,-2.8,2.88,-5.5,-4.01,-6.66,40.13,35.0,"Strong 6M absolute return, 6M Nifty outperformance",45.16,Profit Booking Zone,68.47,1972.46,3150.68,59.73,75.25,80.0% of closes stayed inside the range | Range width 59.7% | Currently 75.3% through the range,Adani Enterprises Limited,Energy,Thermal Coal,Metals / Mining,450869.12,True,54.9419,True,48.1242,True,5.0613,True,119.56,True,,False,,False,9.4,True,6.55,True,43.31,True,49.9,True,,False,,False,,False,9808.4,True,106621.79,True,,False,,False,4.0,True,0.808,True,3.0,10.0,2.0,0.0,9.0,24.0,0.5,,,0.0,24.0,,40.72,5.0,Sharp daily fall,27.76,Avoid,"Above 200 DMA, Weak but watchable RSI, Strong volume expansion, Strong 6M absolute return, 6M Nifty outperformance, 80.0% of closes stayed inside the range | Range width 59.7% | Currently 75.3% through the range",2026-08-31 23:07 IST
CUMMINSIND,Industrials,Specialty Industrial Machinery,5105.0,-1.64,3743.78,6049.82,36.36,15.62,35.27,5450.51,4908.54,516246.2,507189.0,0.98,Bearish,23.0,"Above 200 DMA, Weak but watchable RSI",-7.5,-9.58,5.08,-2.8,2.88,-5.5,-4.7,-12.46,10.58,10.0,Positive 6M return,66.46,Neutral Range,67.53,4611.13,5662.58,22.8,46.97,80.0% of closes stayed inside the range | Range width 22.8% | Currently 47.0% through the range,Cummins India Limited,Industrials,Specialty Industrial Machinery,Capital Goods / Infra,143949.96,True,60.6376,True,43.992,True,16.9849,True,0.431,True,,False,,False,20.46,True,18.69,True,35.46,True,17.9,True,0.9,True,,False,,False,3907.07,True,36.51,True,,False,,False,1.27,True,0.546,True,11.0,8.0,12.0,0.0,4.0,35.0,0.57,Cash covers debt,,5.0,40.0,Strong order-book-driven revenue growth,35.91,0.0,,27.64,Avoid,"Above 200 DMA, Weak but watchable RSI, Cash covers debt, Positive 6M return, 80.0% of closes stayed inside the range | Range width 22.8% | Currently 47.0% through the range",2026-08-31 23:07 IST
JINDALSTEL,Basic Materials,Steel,1192.9,1.16,941.61,1303.87,26.69,8.51,70.9,1082.02,1124.9,810086.55,765373.0,0.94,Bullish,52.0,"Above 50 DMA, Above 200 DMA, Strong but overbought RSI, Near 52W high momentum, Positive day move",8.14,-0.18,-3.45,-2.8,2.88,-5.5,10.94,-3.06,2.05,18.0,"Positive 1M return, 1M Nifty outperformance",58.08,Neutral Range,76.93,1041.77,1250.73,20.06,72.32,80.0% of closes stayed inside the range | Range width 20.1% | Currently 72.3% through the range,Jindal Steel Limited,Basic Materials,Steel,Metals / Mining,119982.19,True,43.8527,True,13.3959,True,2.3568,True,43.613,True,,False,,False,11.2,True,4.82,True,50.8,True,25.9,True,-43.7,True,,False,,False,6248.56,True,22609.55,True,,False,,False,17.0,True,0.666,True,3.0,10.0,7.0,0.0,11.0,31.0,0.57,,Earnings contraction,2.0,33.0,General low-debt support,36.18,7.0,Earnings contraction,27.48,Avoid,"Above 50 DMA, Above 200 DMA, Strong but overbought RSI, Near 52W high momentum, Positive day move, Positive 1M return, 1M Nifty outperformance, 80.0% of closes stayed inside the range | Range width 20.1% | Currently 72.3% through the range",2026-08-31 23:07 IST
JIOFIN,Financial Services,Asset Management,241.35,1.24,222.78,320.85,8.34,24.78,44.61,243.32,256.35,13524578.9,21981429.0,1.63,Bearish,31.0,"Weak but watchable RSI, Near 52W low with stable RSI, Volume expansion, Positive day move",-8.02,2.62,-2.85,-2.8,2.88,-5.5,-5.22,-0.26,2.65,10.0,Positive 3M return,72.17,Neutral Range,71.41,232.15,251.88,8.5,46.63,80.0% of closes stayed inside the range | Range width 8.5% | Currently 46.6% through the range,Jio Financial Services Limited,Financial Services,Asset Management,Financial Services,157418.89,True,74.0373,True,53.4529,True,1.1275,True,16.286,True,,False,,False,63.31,True,55.01,True,100.0,True,208.2,True,170.2,True,,False,,False,3598.29,True,21798.94,True,,False,,False,25.0,True,0.502,True,12.0,20.0,9.0,0.0,9.0,50.0,0.57,,,0.0,50.0,,38.62,8.0,Below 200 DMA,25.54,Avoid,"Weak but watchable RSI, Near 52W low with stable RSI, Volume expansion, Positive day move, Positive 3M return, 80.0% of closes stayed inside the range | Range width 8.5% | Currently 46.6% through the range",2026-08-31 23:07 IST
ICICIAMC,Financial Services,Asset Management,3065.1,-0.92,2506.98,3597.03,22.26,14.79,42.83,3184.33,,550130.65,687993.0,1.25,Bearish,18.0,"Weak but watchable RSI, Near 52W low zone, Normal volume support",-1.63,-7.95,-1.13,-2.8,2.88,-5.5,1.17,-10.83,4.37,0.0,,90.05,Lower Range Watch,69.79,2921.88,3359.68,14.98,32.71,80.0% of closes stayed inside the range | Range width 15.0% | Currently 32.7% through the range,ICICI Prudential Asset Management Company Limited,Financial Services,Asset Management,Financial Services,155177.41,True,44.7109,True,33.5979,True,37.2026,True,4.066,True,,False,,False,73.66,True,55.5,True,82.33,True,18.1,True,23.1,True,,False,,False,3990.55,True,169.6,True,,False,,False,79.0,True,,False,12.0,16.0,12.0,0.0,7.0,47.0,0.57,Cash covers debt,,-4.0,43.0,Expensive relative to book value for this sector,38.62,0.0,,25.34,Avoid,"Weak but watchable RSI, Near 52W low zone, Normal volume support, Cash covers debt, 80.0% of closes stayed inside the range | Range width 15.0% | Currently 32.7% through the range",2026-08-31 23:07 IST
BDL,Industrials,Aerospace & Defense,1275.0,-2.37,1086.0,1648.13,17.4,22.64,41.14,1320.27,1351.04,1989684.5,1108777.0,0.56,Bearish,13.0,"Weak but watchable RSI, Near 52W low zone",0.79,5.13,0.55,-2.8,2.88,-5.5,3.59,2.25,6.05,38.0,"Positive 1M return, Positive 3M return, Positive 6M return, Positive across 1M/3M/6M",39.88,Lower Range Watch,67.93,1203.99,1394.26,15.8,37.32,80.0% of closes stayed inside the range | Range width 15.8% | Currently 37.3% through the range,Bharat Dynamics Limited,Industrials,Aerospace & Defense,Capital Goods / Infra,47873.06,True,95.2589,True,42.0737,True,11.2797,True,0.007,True,,False,,False,10.98,True,18.83,True,47.92,True,130.8,True,5.48,True,,False,,False,4709.31,True,0.32,True,,False,,False,38.0,True,0.326,True,9.0,12.0,12.0,0.0,5.0,38.0,0.57,Cash covers debt,Very high PE,5.0,43.0,Strong order-book-driven revenue growth,35.91,8.0,Below 200 DMA,25.19,Avoid,"Weak but watchable RSI, Near 52W low zone, Cash covers debt, Positive 1M return, Positive 3M return, Positive 6M return, Positive across 1M/3M/6M, 80.0% of closes stayed inside the range | Range width 15.8% | Currently 37.3% through the range",2026-08-31 23:07 IST
CIPLA,Healthcare,Drug Manufacturers - Specialty & Generic,1409.2,-1.0,1154.87,1657.45,22.02,14.98,41.26,1441.93,1385.47,763847.3,977887.0,1.28,Bearish,33.0,"Above 200 DMA, Weak but watchable RSI, Near 52W low zone, Normal volume support",-4.42,1.7,5.24,-2.8,2.88,-5.5,-1.62,-1.18,10.74,20.0,"Positive 3M return, Positive 6M return",71.52,Profit Booking Zone,75.01,1218.07,1458.92,19.77,79.36,80.8% of closes stayed inside the range | Range width 19.8% | Currently 79.4% through the range,Cipla Limited,Healthcare,Drug Manufacturers - Specialty & Generic,Pharma / Healthcare,114998.65,True,34.0143,True,22.4272,True,3.3396,True,1.778,True,,False,,False,12.55,True,12.01,True,63.28,True,3.5,True,-39.2,True,,False,,False,10028.12,True,613.77,True,,False,,False,92.0,True,0.086,True,8.0,2.0,12.0,0.0,11.0,33.0,0.57,Cash covers debt,Earnings contraction,2.0,35.0,General low-debt support,44.2,7.0,Earnings contraction,25.13,Avoid,"Above 200 DMA, Weak but watchable RSI, Near 52W low zone, Normal volume support, Cash covers debt, Positive 3M return, Positive 6M return, 80.8% of closes stayed inside the range | Range width 19.8% | Currently 79.4% through the range",2026-08-31 23:07 IST
MAXHEALTH,Healthcare,Medical Care Facilities,1042.1,2.76,901.4,1219.73,15.61,14.56,51.76,1075.12,1043.07,1961337.6,1646346.0,0.84,Bearish,45.0,"Healthy RSI momentum, Near 52W high momentum, Near 52W low zone, Strong positive day move",-5.3,8.05,-3.66,-2.8,2.88,-5.5,-2.5,5.17,1.84,10.0,Positive 3M return,78.81,Neutral Range,73.59,960.25,1108.43,15.43,55.24,80.0% of closes stayed inside the range | Range width 15.4% | Currently 55.2% through the range,Max Healthcare Institute Limited,Healthcare,Medical Care Facilities,Pharma / Healthcare,98699.97,True,67.5616,True,43.4206,True,9.1829,True,32.367,True,,False,,False,19.73,True,16.72,True,62.52,True,16.7,True,4.8,True,,False,,False,665.8,True,3478.36,True,,False,,False,20.0,True,0.128,True,10.0,10.0,7.0,0.0,5.0,32.0,0.57,,,2.0,34.0,General low-debt support,44.2,8.0,Below 200 DMA,24.28,Avoid,"Healthy RSI momentum, Near 52W high momentum, Near 52W low zone, Strong positive day move, Positive 3M return, 80.0% of closes stayed inside the range | Range width 15.4% | Currently 55.2% through the range",2026-08-31 23:07 IST
ATGL,Utilities,Utilities - Regulated Gas,621.2,-3.74,462.64,859.55,34.27,27.73,31.3,682.53,614.41,1013824.85,785600.0,0.77,Bearish,23.0,"Above 200 DMA, Weak but watchable RSI",-4.64,-13.4,21.37,-2.8,2.88,-5.5,-1.84,-16.28,26.87,25.0,"Positive 6M return, 6M Nifty outperformance",28.38,Neutral Range,65.38,528.35,731.83,38.51,45.63,80.0% of closes stayed inside the range | Range width 38.5% | Currently 45.6% through the range,Adani Total Gas Limited,Utilities,Utilities - Regulated Gas,Energy / Utilities,70002.91,True,110.8885,True,,False,14.3897,True,58.65,True,,False,,False,11.6,True,10.08,True,28.25,True,27.2,True,-14.0,True,,False,,False,544.92,True,2853.23,True,,False,,False,4.0,True,0.606,True,6.0,10.0,4.0,0.0,2.0,22.0,0.57,,"Earnings contraction, Very high PE",2.0,24.0,General low-debt support,25.41,0.0,,24.21,Avoid,"Above 200 DMA, Weak but watchable RSI, Positive 6M return, 6M Nifty outperformance, 80.0% of closes stayed inside the range | Range width 38.5% | Currently 45.6% through the range",2026-08-31 23:07 IST
BPCL,Energy,Oil & Gas Refining & Marketing,324.05,1.5,266.6,391.65,21.55,17.26,60.59,314.01,326.97,4953564.2,7954756.0,1.61,Bullish,55.0,"Above 50 DMA, Healthy RSI momentum, Near 52W low zone, Volume expansion, Positive day move",-1.79,9.79,-13.54,-2.8,2.88,-5.5,1.01,6.91,-8.04,10.0,Positive 3M return,79.03,Profit Booking Zone,82.96,285.91,319.3,11.68,100.0,80.0% of closes stayed inside the range | Range width 11.7% | Currently 100.0% through the range,Bharat Petroleum Corporation Limited,Energy,Oil & Gas Refining & Marketing,Energy / Utilities,136402.28,True,7.9297,True,7.9979,True,1.3621,True,54.332,True,,False,,False,-4.05,True,3.47,True,12.75,True,34.4,True,,False,,False,,False,20168.61,True,54424.42,True,,False,,False,6.29,True,0.873,True,0.0,10.0,4.0,0.0,12.0,26.0,0.5,,,2.0,28.0,General low-debt support,40.72,8.0,Below 200 DMA,24.16,Avoid,"Above 50 DMA, Healthy RSI momentum, Near 52W low zone, Volume expansion, Positive day move, Positive 3M return, 80.0% of closes stayed inside the range | Range width 11.7% | Currently 100.0% through the range",2026-08-31 23:07 IST
BANKINDIA,Financial Services,Banks - Regional,141.59,-1.67,107.18,172.72,32.11,18.02,46.8,142.49,144.61,6055413.3,8242618.0,1.36,Bearish,22.0,"RSI recovering, Volume expansion",0.78,1.36,-15.14,-2.8,2.88,-5.5,3.58,-1.52,-9.64,18.0,"Positive 1M return, Positive 3M return",63.35,Neutral Range,71.23,135.45,146.1,7.87,57.65,80.8% of closes stayed inside the range | Range width 7.9% | Currently 57.6% through the range,Bank of India Limited,Financial Services,Banks - Regional,Banking,65558.41,True,5.3532,True,5.5449,True,0.7209,True,,False,13.7,True,,False,48.54,True,34.99,True,0.0,True,18.5,True,80.3,True,,False,,False,102247.5,True,115375.75,True,,False,,False,3.22,True,0.777,True,16.0,18.0,0.0,0.0,12.0,46.0,0.57,,,0.0,46.0,,38.62,8.0,Below 200 DMA,23.89,Avoid,"RSI recovering, Volume expansion, Positive 1M return, Positive 3M return, 80.8% of closes stayed inside the range | Range width 7.9% | Currently 57.6% through the range",2026-08-31 23:07 IST
ITCHOTELS,Consumer Cyclical,Resorts & Casinos,160.09,-1.62,136.41,252.02,17.36,36.48,38.51,170.5,172.74,1499375.65,2137215.0,1.43,Bearish,23.0,"Weak but watchable RSI, Near 52W low zone, Volume expansion",-3.1,3.06,-6.6,-2.8,2.88,-5.5,-0.3,0.18,-1.1,10.0,Positive 3M return,69.43,Lower Range Watch,69.87,150.3,177.4,18.02,36.12,80.0% of closes stayed inside the range | Range width 18.0% | Currently 36.1% through the range,ITC Hotels Limited,Consumer Cyclical,Resorts & Casinos,Consumer Discretionary,33896.75,True,39.4976,True,27.9289,True,2.9076,True,0.634,True,,False,,False,20.09,True,20.28,True,61.83,True,14.8,True,35.9,True,,False,,False,1591.7,True,74.19,True,,False,,False,61.0,True,,False,11.0,15.0,12.0,0.0,11.0,49.0,0.57,Cash covers debt,,2.0,51.0,General low-debt support,36.37,8.0,Below 200 DMA,23.56,Avoid,"Weak but watchable RSI, Near 52W low zone, Volume expansion, Cash covers debt, Positive 3M return, 80.0% of closes stayed inside the range | Range width 18.0% | Currently 36.1% through the range",2026-08-31 23:07 IST
NHPC,Utilities,Utilities - Renewable,76.72,2.54,71.42,87.4,7.41,12.22,47.89,78.3,77.4,8846237.35,16594488.0,1.88,Bearish,40.0,"RSI recovering, Near 52W low with stable RSI, Volume expansion, Strong positive day move",-2.93,1.06,5.18,-2.8,2.88,-5.5,-0.13,-1.82,10.68,20.0,"Positive 3M return, Positive 6M return",32.43,Accumulation Zone,75.81,74.75,81.46,8.98,29.39,80.0% of closes stayed inside the range | Range width 9.0% | Currently 29.4% through the range,NHPC Limited,Utilities,Utilities - Renewable,Energy / Utilities,75156.95,True,28.0225,True,11.6906,True,1.8183,True,113.111,True,,False,,False,46.02,True,31.09,True,93.4,True,18.5,True,2.8,True,,False,,False,3661.84,True,54751.0,True,,False,,False,2.1,True,0.191,True,12.0,8.0,2.0,0.0,13.0,35.0,0.57,,,0.0,35.0,,25.41,8.0,Below 200 DMA,23.06,Avoid,"RSI recovering, Near 52W low with stable RSI, Volume expansion, Strong positive day move, Positive 3M return, Positive 6M return, 80.0% of closes stayed inside the range | Range width 9.0% | Currently 29.4% through the range",2026-08-31 23:07 IST
SBICARD,Financial Services,Credit Services,644.75,0.58,565.45,961.63,14.02,32.95,50.63,634.05,712.47,3007528.25,25677218.0,8.54,Bullish,60.0,"Above 50 DMA, Healthy RSI momentum, Near 52W low zone, Strong volume expansion, Positive day move",-3.05,9.37,-13.33,-2.8,2.88,-5.5,-0.25,6.49,-7.83,10.0,Positive 3M return,72.17,Neutral Range,76.56,600.47,684.61,14.01,52.63,80.0% of closes stayed inside the range | Range width 14.0% | Currently 52.6% through the range,SBI Cards and Payment Services Limited,Financial Services,Credit Services,Financial Services,61005.08,True,26.9575,True,18.1088,True,3.881,True,280.206,True,,False,,False,26.67,True,18.2,True,24.65,True,23.4,True,19.5,True,,False,,False,2319.78,True,44063.73,True,,False,,False,39.0,True,0.246,True,12.0,16.0,0.0,0.0,11.0,39.0,0.57,,Very high debt,6.0,45.0,High leverage is structural for this sector,38.62,16.0,"Below 200 DMA, Very high debt",23.04,Avoid,"Above 50 DMA, Healthy RSI momentum, Near 52W low zone, Strong volume expansion, Positive day move, Positive 3M return, 80.0% of closes stayed inside the range | Range width 14.0% | Currently 52.6% through the range",2026-08-31 23:07 IST
SRF,Industrials,Conglomerates,2560.4,-1.71,2350.53,3198.01,8.93,19.94,39.46,2686.53,2724.67,279086.3,311910.0,1.12,Bearish,21.0,"Weak but watchable RSI, Near 52W low with stable RSI, Normal volume support",-2.37,-5.63,0.12,-2.8,2.88,-5.5,0.43,-8.51,5.62,10.0,Positive 6M return,66.46,Lower Range Watch,71.1,2466.85,2769.44,12.27,30.92,80.0% of closes stayed inside the range | Range width 12.3% | Currently 30.9% through the range,SRF Limited,Industrials,Conglomerates,Capital Goods / Infra,76766.19,True,35.2559,True,28.645,True,5.4669,True,36.195,True,,False,,False,22.17,True,12.72,True,48.32,True,31.8,True,75.6,True,,False,,False,1239.29,True,5082.79,True,,False,,False,39.0,True,0.132,True,10.0,20.0,7.0,0.0,9.0,46.0,0.57,,,5.0,51.0,Strong order-book-driven revenue growth,35.91,8.0,Below 200 DMA,22.99,Avoid,"Weak but watchable RSI, Near 52W low with stable RSI, Normal volume support, Positive 6M return, 80.0% of closes stayed inside the range | Range width 12.3% | Currently 30.9% through the range",2026-08-31 23:07 IST
PWL,Consumer Defensive,Education & Training Services,116.3,-2.65,77.72,161.99,49.64,28.21,38.23,128.75,,15507113.3,9875962.0,0.64,Bearish,8.0,Weak but watchable RSI,-7.72,9.24,43.92,-2.8,2.88,-5.5,-4.92,6.36,49.42,45.0,"Positive 3M return, Strong 6M absolute return, 6M Nifty outperformance",43.4,Neutral Range,61.69,89.45,133.26,48.98,61.29,80.0% of closes stayed inside the range | Range width 49.0% | Currently 61.3% through the range,Physicswallah Limited,Consumer Defensive,Education & Training Services,General,34654.15,True,1706.5714,True,55.7956,True,7.6118,True,23.018,True,,False,,False,-11.69,True,0.5,True,32.53,True,23.9,True,,False,,False,,False,3355.96,True,1052.11,True,,False,,False,,False,,False,0.0,8.0,10.0,0.0,3.0,21.0,0.43,Cash covers debt,Very high PE,2.0,23.0,General low-debt support,37.87,4.0,Limited fundamental data coverage,22.98,Avoid,"Weak but watchable RSI, Cash covers debt, Positive 3M return, Strong 6M absolute return, 6M Nifty outperformance, 80.0% of closes stayed inside the range | Range width 49.0% | Currently 61.3% through the range",2026-08-31 23:07 IST
BERGEPAINT,Basic Materials,Specialty Chemicals,497.75,-0.65,388.17,590.09,28.23,15.65,37.62,516.27,497.76,525468.75,261757.0,0.5,Bearish,8.0,Weak but watchable RSI,-3.64,1.1,9.96,-2.8,2.88,-5.5,-0.84,-1.78,15.46,35.0,"Positive 3M return, Positive 6M return, 6M Nifty outperformance",43.6,Neutral Range,65.87,419.49,535.05,27.55,67.73,80.0% of closes stayed inside the range | Range width 27.5% | Currently 67.7% through the range,Berger Paints India Limited,Basic Materials,Specialty Chemicals,Chemicals,57641.35,True,47.4424,True,38.1441,True,8.3343,True,9.165,True,,False,,False,14.07,True,9.92,True,40.89,True,12.0,True,28.5,True,,False,,False,1279.94,True,635.13,True,,False,,False,80.0,True,0.449,True,6.0,15.0,12.0,0.0,7.0,40.0,0.57,Cash covers debt,,2.0,42.0,General low-debt support,36.18,8.0,Below 200 DMA,22.88,Avoid,"Weak but watchable RSI, Cash covers debt, Positive 3M return, Positive 6M return, 6M Nifty outperformance, 80.0% of closes stayed inside the range | Range width 27.5% | Currently 67.7% through the range",2026-08-31 23:07 IST
ICICIPRULI,Financial Services,Insurance - Life,517.05,1.38,459.5,704.36,12.52,26.59,57.16,503.42,567.48,1563231.55,3454194.0,2.21,Bullish,60.0,"Above 50 DMA, Healthy RSI momentum, Near 52W low zone, Strong volume expansion, Positive day move",0.32,8.8,-20.73,-2.8,2.88,-5.5,3.12,5.92,-15.23,18.0,"Positive 1M return, Positive 3M return",63.35,Lower Range Watch,77.16,486.06,559.38,15.09,42.26,80.0% of closes stayed inside the range | Range width 15.1% | Currently 42.3% through the range,ICICI Prudential Life Insurance Company Limited,Financial Services,Insurance - Life,Financial Services,73357.47,True,43.5082,True,35.645,True,5.3798,True,19.037,True,12.58,True,0.34,True,12.45,True,2.55,True,10.44,True,-83.1,True,61.4,True,1.474,True,0.673,True,3533.18,True,2595.0,True,2168.01,True,-5355.08,True,33.0,True,0.471,True,7.0,10.0,14.0,8.0,9.0,48.0,1.0,Cash covers debt,"Revenue contraction, Negative operating cash flow",-4.0,44.0,Expensive relative to book value for this sector,38.62,18.0,"Below 200 DMA, Revenue contraction, Negative operating cash flow",22.69,Avoid,"Above 50 DMA, Healthy RSI momentum, Near 52W low zone, Strong volume expansion, Positive day move, Cash covers debt, Positive 1M return, Positive 3M return, 80.0% of closes stayed inside the range | Range width 15.1% | Currently 42.3% through the range",2026-08-31 23:07 IST
DELHIVERY,Industrials,Integrated Freight & Logistics,456.2,-2.1,374.45,524.0,21.83,12.94,45.47,477.56,442.81,3183573.25,2282146.0,0.72,Bearish,32.0,"Above 200 DMA, RSI recovering, Near 52W low zone",-5.34,4.18,5.26,-2.8,2.88,-5.5,-2.54,1.3,10.76,20.0,"Positive 3M return, Positive 6M return",57.2,Neutral Range,70.77,426.21,492.6,15.58,45.17,80.0% of closes stayed inside the range | Range width 15.6% | Currently 45.2% through the range,Delhivery Limited,Industrials,Integrated Freight & Logistics,Capital Goods / Infra,35220.55,True,388.595,True,42.6879,True,3.6228,True,15.098,True,,False,,False,-1.61,True,0.84,True,84.92,True,27.8,True,-65.0,True,,False,,False,1982.49,True,1462.57,True,,False,,False,,False,0.174,True,0.0,10.0,12.0,0.0,5.0,27.0,0.5,Cash covers debt,"Earnings contraction, Very high PE",5.0,32.0,Strong order-book-driven revenue growth,35.91,7.0,Earnings contraction,22.59,Avoid,"Above 200 DMA, RSI recovering, Near 52W low zone, Cash covers debt, Positive 3M return, Positive 6M return, 80.0% of closes stayed inside the range | Range width 15.6% | Currently 45.2% through the range",2026-08-31 23:07 IST
COLPAL,Consumer Defensive,Household & Personal Products,1897.6,3.87,1761.24,2448.35,7.74,22.49,41.24,2010.06,2056.29,354907.1,1130179.0,3.18,Bearish,41.0,"Weak but watchable RSI, Near 52W low with stable RSI, Strong volume expansion, Strong positive day move",-8.64,-5.33,-13.32,-2.8,2.88,-5.5,-5.84,-8.21,-7.82,0.0,,88.19,Accumulation Zone,78.3,1873.38,2132.25,13.82,9.36,80.0% of closes stayed inside the range | Range width 13.8% | Currently 9.4% through the range,Colgate-Palmolive (India) Limited,Consumer Defensive,Household & Personal Products,FMCG / Consumer,49689.05,True,37.1775,True,31.2544,True,31.3674,True,2.993,True,,False,,False,27.68,True,21.72,True,68.93,True,11.8,True,7.0,True,,False,,False,1426.04,True,47.41,True,,False,,False,2.63,True,0.522,True,12.0,7.0,12.0,0.0,7.0,38.0,0.57,Cash covers debt,,3.0,41.0,"Low debt, typical of a healthy consumer business",37.87,8.0,Below 200 DMA,22.28,Avoid,"Weak but watchable RSI, Near 52W low with stable RSI, Strong volume expansion, Strong positive day move, Cash covers debt, 80.0% of closes stayed inside the range | Range width 13.8% | Currently 9.4% through the range",2026-08-31 23:07 IST
ASTERDM,Healthcare,Medical Care Facilities,756.0,0.16,516.84,891.3,46.27,15.18,34.32,801.19,696.2,5737057.35,1529867.0,0.27,Bearish,28.0,"Above 200 DMA, Weak but watchable RSI, Positive day move",-8.05,3.49,16.0,-2.8,2.88,-5.5,-5.25,0.61,21.5,35.0,"Positive 3M return, Positive 6M return, 6M Nifty outperformance",57.95,Neutral Range,69.36,665.95,819.77,23.1,58.54,80.0% of closes stayed inside the range | Range width 23.1% | Currently 58.5% through the range,Aster DM Quality Care Limited,Healthcare,Medical Care Facilities,Pharma / Healthcare,65235.97,True,120.9047,True,38.4385,True,8.4284,True,45.921,True,,False,,False,14.88,True,6.54,True,58.62,True,21.6,True,-81.4,True,,False,,False,1326.77,True,2219.66,True,,False,,False,53.0,True,-0.059,True,6.0,8.0,7.0,0.0,5.0,26.0,0.57,,"Earnings contraction, Very high PE",2.0,28.0,General low-debt support,44.2,10.0,"Low volume participation, Earnings contraction",22.18,Avoid,"Above 200 DMA, Weak but watchable RSI, Positive day move, Positive 3M return, Positive 6M return, 6M Nifty outperformance, 80.0% of closes stayed inside the range | Range width 23.1% | Currently 58.5% through the range",2026-08-31 23:07 IST
M&M,Consumer Cyclical,Auto Manufacturers,3282.0,-1.56,2865.9,3799.99,14.52,13.63,42.21,3264.69,3314.06,1855971.85,3611061.0,1.95,Bullish,38.0,"Above 50 DMA, Weak but watchable RSI, Near 52W low zone, Volume expansion",-4.28,9.96,-0.53,-2.8,2.88,-5.5,-1.48,7.08,4.97,10.0,Positive 3M return,69.43,Neutral Range,74.37,2984.32,3414.19,14.4,69.25,80.0% of closes stayed inside the range | Range width 14.4% | Currently 69.2% through the range,Mahindra & Mahindra Limited,Consumer Cyclical,Auto Manufacturers,Automobile,400334.13,True,20.2429,True,21.1631,True,4.0023,True,125.278,True,,False,,False,17.03,True,8.61,True,38.59,True,27.5,True,33.4,True,,False,,False,51340.37,True,137168.6,True,,False,,False,99.0,True,0.291,True,6.0,20.0,2.0,0.0,8.0,36.0,0.57,,,0.0,36.0,,36.37,8.0,Below 200 DMA,22.06,Avoid,"Above 50 DMA, Weak but watchable RSI, Near 52W low zone, Volume expansion, Positive 3M return, 80.0% of closes stayed inside the range | Range width 14.4% | Currently 69.2% through the range",2026-08-31 23:07 IST
3MINDIA,Industrials,Conglomerates,33320.0,-2.7,28319.86,37487.1,17.66,11.12,38.35,34611.39,33647.24,4180.25,7423.0,1.78,Bearish,23.0,"Weak but watchable RSI, Near 52W low zone, Volume expansion",-3.74,4.18,-7.28,-2.8,2.88,-5.5,-0.94,1.3,-1.78,10.0,Positive 3M return,66.46,Neutral Range,68.75,30746.71,35522.5,15.53,53.88,80.0% of closes stayed inside the range | Range width 15.5% | Currently 53.9% through the range,3M India Limited,Industrials,Conglomerates,Capital Goods / Infra,38768.74,True,67.4473,True,44.2807,True,21.9262,True,9.6,True,,False,,False,15.55,True,10.87,True,40.66,True,19.0,True,31.2,True,,False,,False,812.14,True,169.75,True,,False,,False,46.0,True,0.273,True,6.0,18.0,12.0,0.0,5.0,41.0,0.57,Cash covers debt,,5.0,46.0,Strong order-book-driven revenue growth,35.91,8.0,Below 200 DMA,21.74,Avoid,"Weak but watchable RSI, Near 52W low zone, Volume expansion, Cash covers debt, Positive 3M return, 80.0% of closes stayed inside the range | Range width 15.5% | Currently 53.9% through the range",2026-08-31 23:07 IST
HDFCBANK,Financial Services,Banks - Regional,709.0,-1.57,704.15,1003.9,0.69,29.38,33.2,762.5,833.83,28348758.8,78106017.0,2.76,Bearish,31.0,"Weak but watchable RSI, Near 52W low with stable RSI, Strong volume expansion",-5.84,-4.44,-18.04,-2.8,2.88,-5.5,-3.04,-7.32,-12.54,0.0,,90.05,Accumulation Zone,77.95,727.18,810.81,11.5,0.0,80.0% of closes stayed inside the range | Range width 11.5% | Currently 0.0% through the range,HDFC Bank Limited,Financial Services,Banks - Regional,Banking,1110054.33,True,15.5505,True,11.5064,True,1.829,True,,False,13.84,True,1.75,True,33.29,True,26.79,True,0.0,True,16.6,True,18.1,True,,False,,False,237766.63,True,565871.38,True,,False,,False,1.83,True,0.414,True,16.0,16.0,0.0,0.0,14.0,46.0,0.64,,,0.0,46.0,,38.62,8.0,Below 200 DMA,21.64,Avoid,"Weak but watchable RSI, Near 52W low with stable RSI, Strong volume expansion, 80.0% of closes stayed inside the range | Range width 11.5% | Currently 0.0% through the range",2026-08-31 23:07 IST
TIINDIA,Industrials,Conglomerates,2780.0,-3.14,2161.89,3415.14,28.59,18.6,43.23,2901.66,2769.99,480900.75,176760.0,0.37,Bearish,23.0,"Above 200 DMA, Weak but watchable RSI",1.04,-9.4,1.02,-2.8,2.88,-5.5,3.84,-12.28,6.52,18.0,"Positive 1M return, Positive 6M return",60.12,Lower Range Watch,69.03,2567.07,3128.53,21.87,37.92,80.0% of closes stayed inside the range | Range width 21.9% | Currently 37.9% through the range,Tube Investments of India Limited,Industrials,Conglomerates,Capital Goods / Infra,54974.54,True,90.7928,True,38.1977,True,7.0915,True,27.724,True,,False,,False,7.28,True,2.82,True,31.7,True,20.7,True,-14.2,True,,False,,False,2399.99,True,3147.22,True,,False,,False,16.0,True,-0.3,True,0.0,8.0,7.0,0.0,5.0,20.0,0.57,,"Earnings contraction, Very high PE",5.0,25.0,Strong order-book-driven revenue growth,35.91,3.0,Low volume participation,21.39,Avoid,"Above 200 DMA, Weak but watchable RSI, Positive 1M return, Positive 6M return, 80.0% of closes stayed inside the range | Range width 21.9% | Currently 37.9% through the range",2026-08-31 23:07 IST
IOB,Financial Services,Banks - Regional,32.47,-1.04,31.2,41.8,4.07,22.32,32.66,33.92,34.76,2144510.15,2323300.0,1.08,Bearish,21.0,"Weak but watchable RSI, Near 52W low with stable RSI, Normal volume support",-4.78,-1.37,-7.76,-2.8,2.88,-5.5,-1.98,-4.25,-2.26,0.0,,90.05,Accumulation Zone,76.51,32.7,35.02,7.09,0.0,80.0% of closes stayed inside the range | Range width 7.1% | Currently 0.0% through the range,Indian Overseas Bank,Financial Services,Banks - Regional,Banking,63180.88,True,11.0471,True,36.4556,True,1.6246,True,,False,16.53,True,1.33,True,37.08,True,36.56,True,0.0,True,48.1,True,45.9,True,,False,,False,19735.71,True,47239.9,True,,False,,False,,False,0.253,True,16.0,20.0,0.0,0.0,10.0,46.0,0.57,,,6.0,52.0,Strong ROE for a leveraged-balance-sheet business,38.62,8.0,Below 200 DMA,21.24,Avoid,"Weak but watchable RSI, Near 52W low with stable RSI, Normal volume support, 80.0% of closes stayed inside the range | Range width 7.1% | Currently 0.0% through the range",2026-08-31 23:07 IST
BALKRISIND,Consumer Cyclical,Auto Parts,2279.2,-3.1,1963.17,2765.38,16.1,17.58,44.08,2261.28,2285.85,690981.6,9678311.0,14.01,Bullish,43.0,"Above 50 DMA, Weak but watchable RSI, Near 52W low zone, Strong volume expansion",-7.71,3.94,-7.12,-2.8,2.88,-5.5,-4.91,1.06,-1.62,10.0,Positive 3M return,69.43,Neutral Range,75.26,2061.79,2376.83,15.28,69.01,80.0% of closes stayed inside the range | Range width 15.3% | Currently 69.0% through the range,Balkrishna Industries Limited,Consumer Cyclical,Auto Parts,Automobile,45238.16,True,32.1973,True,23.2139,True,4.1293,True,35.269,True,,False,,False,16.36,True,12.33,True,50.17,True,6.9,True,-15.0,True,,False,,False,1425.84,True,3681.97,True,,False,,False,75.0,True,0.321,True,8.0,2.0,7.0,0.0,11.0,28.0,0.57,,Earnings contraction,2.0,30.0,General low-debt support,36.37,8.0,Below 200 DMA,21.21,Avoid,"Above 50 DMA, Weak but watchable RSI, Near 52W low zone, Strong volume expansion, Positive 3M return, 80.0% of closes stayed inside the range | Range width 15.3% | Currently 69.0% through the range",2026-08-31 23:07 IST
WAAREEENER,Technology,Solar,2605.0,-1.33,2403.0,3862.83,8.41,32.56,34.51,2766.67,2950.94,464218.8,950902.0,2.05,Bearish,31.0,"Weak but watchable RSI, Near 52W low with stable RSI, Strong volume expansion",-2.65,-15.19,-1.45,-2.8,2.88,-5.5,0.15,-18.07,4.05,0.0,,85.67,Accumulation Zone,76.28,2677.98,3283.83,22.62,0.0,80.0% of closes stayed inside the range | Range width 22.6% | Currently 0.0% through the range,Waaree Energies Limited,Technology,Solar,IT / Technology,75939.95,True,19.802,True,15.956,True,5.2569,True,21.402,True,,False,,False,13.99,True,12.7,True,30.23,True,79.2,True,14.2,True,,False,,False,7388.9,True,3212.62,True,,False,,False,15.0,True,,False,8.0,15.0,10.0,0.0,13.0,46.0,0.57,Cash covers debt,,0.0,46.0,,35.62,8.0,Below 200 DMA,21.19,Avoid,"Weak but watchable RSI, Near 52W low with stable RSI, Strong volume expansion, Cash covers debt, 80.0% of closes stayed inside the range | Range width 22.6% | Currently 0.0% through the range",2026-08-31 23:07 IST
MARUTI,Consumer Cyclical,Auto Manufacturers,13547.0,1.28,12079.68,17197.29,12.15,21.23,45.13,13731.58,14213.34,290348.4,442963.0,1.53,Bearish,32.0,"RSI recovering, Near 52W low zone, Volume expansion, Positive day move",-3.3,4.74,-4.9,-2.8,2.88,-5.5,-0.5,1.86,0.6,10.0,Positive 3M return,69.43,Neutral Range,73.28,12666.69,13991.93,10.46,66.43,80.0% of closes stayed inside the range | Range width 10.5% | Currently 66.4% through the range,Maruti Suzuki India Limited,Consumer Cyclical,Auto Manufacturers,Automobile,420544.85,True,29.4983,True,22.0776,True,3.9246,True,0.096,True,,False,,False,4.83,True,7.27,True,26.35,True,35.9,True,-9.1,True,,False,,False,17345.8,True,102.5,True,,False,,False,1.04,True,0.239,True,3.0,10.0,12.0,0.0,10.0,35.0,0.57,Cash covers debt,Earnings contraction,2.0,37.0,General low-debt support,36.37,8.0,Below 200 DMA,20.91,Avoid,"RSI recovering, Near 52W low zone, Volume expansion, Positive day move, Cash covers debt, Positive 3M return, 80.0% of closes stayed inside the range | Range width 10.5% | Currently 66.4% through the range",2026-08-31 23:07 IST
ABBOTINDIA,Healthcare,Drug Manufacturers - Specialty & Generic,25850.0,-1.24,24574.94,32025.59,5.19,19.28,32.92,26748.08,26637.87,9067.55,6682.0,0.74,Bearish,16.0,"Weak but watchable RSI, Near 52W low with stable RSI",-7.33,2.46,-1.31,-2.8,2.88,-5.5,-4.53,-0.42,4.19,10.0,Positive 3M return,78.81,Lower Range Watch,70.79,24889.09,27800.0,11.7,33.01,80.8% of closes stayed inside the range | Range width 11.7% | Currently 33.0% through the range,Abbott India Limited,Healthcare,Drug Manufacturers - Specialty & Generic,Pharma / Healthcare,55620.05,True,34.7222,True,28.8089,True,11.6502,True,3.602,True,,False,,False,27.72,True,23.05,True,47.24,True,4.3,True,17.1,True,,False,,False,2232.33,True,171.99,True,,False,,False,2.01,True,0.056,True,12.0,10.0,12.0,0.0,9.0,43.0,0.57,Cash covers debt,,2.0,45.0,General low-debt support,44.2,8.0,Below 200 DMA,20.88,Avoid,"Weak but watchable RSI, Near 52W low with stable RSI, Cash covers debt, Positive 3M return, 80.8% of closes stayed inside the range | Range width 11.7% | Currently 33.0% through the range",2026-08-31 23:07 IST
TRENT,Consumer Cyclical,Apparel Retail,2879.9,-0.62,2180.44,5665.63,32.08,49.17,39.58,3010.24,3013.34,1013251.65,976867.0,0.96,Bearish,8.0,Weak but watchable RSI,-5.58,1.64,12.41,-2.8,2.88,-5.5,-2.78,-1.24,17.91,35.0,"Positive 3M return, Positive 6M return, 6M Nifty outperformance",44.43,Neutral Range,64.83,2412.61,3146.58,30.42,63.67,80.0% of closes stayed inside the range | Range width 30.4% | Currently 63.7% through the range,Trent Limited,Consumer Cyclical,Apparel Retail,Consumer Discretionary,154530.72,True,84.7368,True,56.8809,True,22.1242,True,36.034,True,,False,,False,12.49,True,8.64,True,43.01,True,17.8,True,20.7,True,,False,,False,928.89,True,2561.25,True,,False,,False,14.0,True,0.384,True,6.0,16.0,7.0,0.0,5.0,34.0,0.57,,Very high PE,2.0,36.0,General low-debt support,36.37,8.0,Below 200 DMA,20.81,Avoid,"Weak but watchable RSI, Positive 3M return, Positive 6M return, 6M Nifty outperformance, 80.0% of closes stayed inside the range | Range width 30.4% | Currently 63.7% through the range",2026-08-31 23:07 IST
MUTHOOTFIN,Financial Services,Credit Services,2978.1,-3.47,2628.97,4114.71,13.28,27.62,47.89,3010.22,3393.0,1485804.9,894481.0,0.6,Bearish,17.0,"RSI recovering, Near 52W low zone",-4.54,-7.46,-10.44,-2.8,2.88,-5.5,-1.74,-10.34,-4.94,0.0,,90.05,Accumulation Zone,71.58,2898.34,3529.12,21.76,12.64,80.0% of closes stayed inside the range | Range width 21.8% | Currently 12.6% through the range,Muthoot Finance Limited,Financial Services,Credit Services,Financial Services,124093.91,True,10.9145,True,9.6828,True,3.0564,True,393.56,True,31.74,True,6.4,True,74.57,True,55.5,True,100.0,True,35.3,True,38.8,True,106.853,True,106.853,True,16163.92,True,162418.22,True,,False,,False,97.0,True,0.529,True,22.0,20.0,8.0,0.0,13.0,63.0,0.86,Strong ROE,Very high debt,12.0,75.0,"High leverage is structural for this sector, Strong ROE for a leveraged-balance-sheet business",38.62,16.0,"Below 200 DMA, Very high debt",20.29,Avoid,"RSI recovering, Near 52W low zone, Strong ROE, 80.0% of closes stayed inside the range | Range width 21.8% | Currently 12.6% through the range",2026-08-31 23:07 IST
DALBHARAT,Basic Materials,Building Materials,1856.2,0.59,1600.31,2484.34,15.99,25.28,52.54,1808.47,1914.42,306669.1,2142047.0,6.98,Bullish,60.0,"Above 50 DMA, Healthy RSI momentum, Near 52W low zone, Strong volume expansion, Positive day move",0.63,7.9,-6.59,-2.8,2.88,-5.5,3.43,5.02,-1.09,18.0,"Positive 1M return, Positive 3M return",58.08,Neutral Range,77.5,1707.45,1957.32,14.63,59.53,80.0% of closes stayed inside the range | Range width 14.6% | Currently 59.5% through the range,Dalmia Bharat Limited,Basic Materials,Building Materials,Cement / Realty,34641.6,True,37.5978,True,25.2361,True,1.9251,True,40.987,True,,False,,False,11.41,True,6.2,True,61.49,True,7.0,True,-52.1,True,,False,,False,5321.0,True,7428.0,True,,False,,False,53.0,True,0.184,True,6.0,2.0,7.0,0.0,11.0,26.0,0.57,,Earnings contraction,2.0,28.0,General low-debt support,36.18,15.0,"Below 200 DMA, Earnings contraction",19.73,Avoid,"Above 50 DMA, Healthy RSI momentum, Near 52W low zone, Strong volume expansion, Positive day move, Positive 1M return, Positive 3M return, 80.0% of closes stayed inside the range | Range width 14.6% | Currently 59.5% through the range",2026-08-31 23:07 IST
ULTRACEMCO,Basic Materials,Building Materials,11450.0,-1.2,10118.47,12847.76,13.16,10.88,42.46,11580.53,11565.13,227506.3,380953.0,1.67,Bearish,23.0,"Weak but watchable RSI, Near 52W low zone, Volume expansion",-5.01,6.24,-6.69,-2.8,2.88,-5.5,-2.21,3.36,-1.19,10.0,Positive 3M return,64.79,Neutral Range,71.12,10713.13,11851.2,10.62,64.75,80.0% of closes stayed inside the range | Range width 10.6% | Currently 64.7% through the range,UltraTech Cement Limited,Basic Materials,Building Materials,Cement / Realty,340913.19,True,40.3222,True,26.8185,True,4.4486,True,29.432,True,,False,,False,15.48,True,9.29,True,58.4,True,15.9,True,16.8,True,,False,,False,5119.97,True,23755.09,True,,False,,False,2.07,True,0.505,True,6.0,16.0,7.0,0.0,9.0,38.0,0.57,,,2.0,40.0,General low-debt support,36.18,8.0,Below 200 DMA,19.68,Avoid,"Weak but watchable RSI, Near 52W low zone, Volume expansion, Positive 3M return, 80.0% of closes stayed inside the range | Range width 10.6% | Currently 64.7% through the range",2026-08-31 23:07 IST
VEDL,Basic Materials,Other Industrial Metals & Mining,278.2,-3.39,249.7,795.0,11.41,65.01,51.76,271.96,487.05,14407966.75,16663204.0,1.16,Bullish,45.0,"Above 50 DMA, Healthy RSI momentum, Near 52W low zone, Normal volume support",4.1,-15.05,-60.9,-2.8,2.88,-5.5,6.9,-17.93,-55.4,18.0,"Positive 1M return, 1M Nifty outperformance",58.08,Accumulation Zone,68.16,264.65,735.74,178.0,2.88,80.8% of closes stayed inside the range | Range width 178.0% | Currently 2.9% through the range,Vedanta Limited,Basic Materials,Other Industrial Metals & Mining,Metals / Mining,112438.78,True,12.3478,True,8.9558,True,2.2645,True,48.044,True,,False,,False,31.16,True,23.21,True,53.91,True,-37.3,True,72.2,True,,False,,False,15876.0,True,32947.0,True,,False,,False,11.81,True,0.363,True,12.0,10.0,7.0,0.0,15.0,44.0,0.57,,Revenue contraction,2.0,46.0,General low-debt support,36.18,18.0,"Below 200 DMA, Far from 52W high, Revenue contraction",19.28,Avoid,"Above 50 DMA, Healthy RSI momentum, Near 52W low zone, Normal volume support, Positive 1M return, 1M Nifty outperformance, 80.8% of closes stayed inside the range | Range width 178.0% | Currently 2.9% through the range",2026-08-31 23:07 IST
TATACONSUM,Consumer Defensive,Packaged Foods,1037.5,-0.31,998.75,1271.94,3.88,18.43,38.03,1087.83,1126.18,1295925.35,1686669.0,1.3,Bearish,26.0,"Weak but watchable RSI, Near 52W low with stable RSI, Volume expansion",-6.53,-9.73,-7.01,-2.8,2.88,-5.5,-3.73,-12.61,-1.51,0.0,,88.19,Accumulation Zone,76.65,1047.02,1185.11,13.19,0.0,80.0% of closes stayed inside the range | Range width 13.2% | Currently 0.0% through the range,Tata Consumer Products Limited,Consumer Defensive,Packaged Foods,FMCG / Consumer,102997.03,True,62.8822,True,43.5017,True,4.7267,True,12.159,True,,False,,False,10.46,True,7.84,True,41.11,True,11.9,True,27.9,True,,False,,False,4318.16,True,2819.51,True,,False,,False,96.0,True,0.414,True,6.0,15.0,12.0,0.0,7.0,40.0,0.57,Cash covers debt,,3.0,43.0,"Low debt, typical of a healthy consumer business",37.87,8.0,Below 200 DMA,19.23,Avoid,"Weak but watchable RSI, Near 52W low with stable RSI, Volume expansion, Cash covers debt, 80.0% of closes stayed inside the range | Range width 13.2% | Currently 0.0% through the range",2026-08-31 23:07 IST
PAGEIND,Consumer Cyclical,Apparel Manufacturing,35800.0,0.0,29525.27,45150.85,21.25,20.71,35.98,39208.99,36344.47,33992.15,28701.0,0.84,Bearish,13.0,"Weak but watchable RSI, Near 52W low zone",-10.84,-4.17,12.04,-2.8,2.88,-5.5,-8.04,-7.05,17.54,25.0,"Positive 6M return, 6M Nifty outperformance",52.72,Neutral Range,64.66,31684.81,40315.91,27.24,47.68,80.0% of closes stayed inside the range | Range width 27.2% | Currently 47.7% through the range,Page Industries Limited,Consumer Cyclical,Apparel Manufacturing,Consumer Discretionary,40137.22,True,53.1835,True,41.404,True,26.7119,True,18.422,True,,False,,False,18.33,True,14.13,True,57.98,True,7.9,True,-4.0,True,,False,,False,426.25,True,276.81,True,,False,,False,2.23,True,0.052,True,10.0,2.0,12.0,0.0,7.0,31.0,0.57,Cash covers debt,Earnings contraction,2.0,33.0,General low-debt support,36.37,8.0,Below 200 DMA,18.51,Avoid,"Weak but watchable RSI, Near 52W low zone, Cash covers debt, Positive 6M return, 6M Nifty outperformance, 80.0% of closes stayed inside the range | Range width 27.2% | Currently 47.7% through the range",2026-08-31 23:07 IST
VMM,Consumer Cyclical,Department Stores,110.64,3.4,98.77,155.32,12.02,28.77,53.15,111.72,120.09,16680509.45,15110259.0,0.91,Bearish,35.0,"Healthy RSI momentum, Near 52W low zone, Strong positive day move",-0.5,-6.44,-5.62,-2.8,2.88,-5.5,2.3,-9.32,-0.12,0.0,,89.25,Accumulation Zone,73.6,105.48,122.9,16.52,29.62,80.0% of closes stayed inside the range | Range width 16.5% | Currently 29.6% through the range,Vishal Mega Mart Limited,Consumer Cyclical,Department Stores,Consumer Discretionary,50127.45,True,56.9149,True,39.4354,True,6.7325,True,26.817,True,,False,,False,9.64,True,6.61,True,28.5,True,18.7,True,25.0,True,,False,,False,1713.92,True,1987.98,True,,False,,False,,False,,False,3.0,18.0,7.0,0.0,5.0,33.0,0.5,,,2.0,35.0,General low-debt support,36.37,8.0,Below 200 DMA,18.46,Avoid,"Healthy RSI momentum, Near 52W low zone, Strong positive day move, 80.0% of closes stayed inside the range | Range width 16.5% | Currently 29.6% through the range",2026-08-31 23:07 IST
HINDUNILVR,Consumer Defensive,Household & Personal Products,1967.4,-2.14,1967.4,2701.08,0.0,27.16,31.21,2106.6,2218.36,1139456.15,1796576.0,1.58,Bearish,26.0,"Weak but watchable RSI, Near 52W low with stable RSI, Volume expansion",-7.98,-4.42,-14.36,-2.8,2.88,-5.5,-5.18,-7.3,-8.86,0.0,,88.19,Breakdown Risk,35.0,2034.95,2250.86,10.61,0.0,80.0% of closes stayed inside the range | Range width 10.6% | Currently 0.0% through the range | Below lower band on elevated volume,Hindustan Unilever Limited,Consumer Defensive,Household & Personal Products,FMCG / Consumer,472361.83,True,44.6458,True,37.7663,True,9.6917,True,3.016,True,,False,,False,20.72,True,22.64,True,50.37,True,5.0,True,8.4,True,,False,,False,6993.0,True,1478.0,True,,False,,False,2.19,True,0.332,True,11.0,7.0,12.0,0.0,7.0,37.0,0.57,Cash covers debt,,3.0,40.0,"Low debt, typical of a healthy consumer business",37.87,8.0,Below 200 DMA,18.18,Avoid,"Weak but watchable RSI, Near 52W low with stable RSI, Volume expansion, Cash covers debt, 80.0% of closes stayed inside the range | Range width 10.6% | Currently 0.0% through the range | Below lower band on elevated volume",2026-08-31 23:07 IST
JSL,Basic Materials,Steel,702.15,-0.4,649.53,879.22,8.1,20.14,41.01,714.88,746.04,402317.65,994706.0,2.47,Bearish,31.0,"Weak but watchable RSI, Near 52W low with stable RSI, Strong volume expansion",-4.04,3.44,-9.18,-2.8,2.88,-5.5,-1.24,0.56,-3.68,10.0,Positive 3M return,64.79,Accumulation Zone,75.57,689.64,767.53,11.29,16.06,80.0% of closes stayed inside the range | Range width 11.3% | Currently 16.1% through the range,Jindal Stainless Limited,Basic Materials,Steel,Metals / Mining,58100.82,True,17.9245,True,13.5761,True,12.9085,True,37.523,True,,False,,False,9.1,True,7.38,True,21.99,True,10.5,True,7.6,True,,False,,False,2935.15,True,7460.33,True,,False,,False,57.0,True,0.554,True,3.0,7.0,7.0,0.0,11.0,28.0,0.57,,,2.0,30.0,General low-debt support,36.18,8.0,Below 200 DMA,18.18,Avoid,"Weak but watchable RSI, Near 52W low with stable RSI, Strong volume expansion, Positive 3M return, 80.0% of closes stayed inside the range | Range width 11.3% | Currently 16.1% through the range",2026-08-31 23:07 IST
ONGC,Energy,Oil & Gas Integrated,231.8,-0.19,220.06,307.5,5.33,24.62,31.86,240.56,256.12,12487640.8,11732203.0,0.94,Bearish,16.0,"Weak but watchable RSI, Near 52W low with stable RSI",-4.21,-13.36,-17.86,-2.8,2.88,-5.5,-1.41,-16.24,-12.36,0.0,,93.55,Accumulation Zone,73.9,236.4,293.06,23.97,0.0,80.8% of closes stayed inside the range | Range width 24.0% | Currently 0.0% through the range,Oil and Natural Gas Corporation Limited,Energy,Oil & Gas Integrated,Energy / Utilities,292177.0,True,6.7066,True,5.5903,True,0.786,True,42.548,True,,False,,False,2.93,True,6.18,True,35.33,True,25.7,True,21.4,True,,False,,False,35285.87,True,174316.49,True,,False,,False,6.25,True,0.107,True,3.0,18.0,7.0,0.0,15.0,43.0,0.57,,,2.0,45.0,General low-debt support,40.72,8.0,Below 200 DMA,17.86,Avoid,"Weak but watchable RSI, Near 52W low with stable RSI, 80.8% of closes stayed inside the range | Range width 24.0% | Currently 0.0% through the range",2026-08-31 23:07 IST
SUNDARMFIN,Financial Services,Credit Services,4540.0,-0.75,3979.02,5612.41,14.1,19.11,49.77,4545.31,4766.24,49060.0,232053.0,4.73,Bearish,32.0,"RSI recovering, Near 52W low zone, Strong volume expansion",-5.98,11.23,-13.9,-2.8,2.88,-5.5,-3.18,8.35,-8.4,10.0,Positive 3M return,72.17,Lower Range Watch,72.19,4327.6,4877.65,12.71,38.61,80.0% of closes stayed inside the range | Range width 12.7% | Currently 38.6% through the range,Sundaram Finance Limited,Financial Services,Credit Services,Financial Services,50417.92,True,23.0414,True,20.6594,True,3.4124,True,409.161,True,,False,,False,60.55,True,46.09,True,89.16,True,26.8,True,33.8,True,,False,,False,2459.28,True,60939.03,True,,False,,False,87.0,True,0.186,True,12.0,20.0,0.0,0.0,11.0,43.0,0.57,,Very high debt,6.0,49.0,High leverage is structural for this sector,38.62,16.0,"Below 200 DMA, Very high debt",17.44,Avoid,"RSI recovering, Near 52W low zone, Strong volume expansion, Positive 3M return, 80.0% of closes stayed inside the range | Range width 12.7% | Currently 38.6% through the range",2026-08-31 23:07 IST
ADANIGREEN,Utilities,Utilities - Renewable,1214.9,-7.33,765.0,1631.5,58.81,25.53,29.17,1425.69,1174.83,1438126.3,2415338.0,1.68,Bearish,29.0,"Above 200 DMA, Oversold RSI, Volume expansion",-12.91,-14.64,34.46,-2.8,2.88,-5.5,-10.11,-17.52,39.96,35.0,"Strong 6M absolute return, 6M Nifty outperformance",18.92,Neutral Range,60.64,866.91,1530.45,76.54,52.44,80.0% of closes stayed inside the range | Range width 76.5% | Currently 52.4% through the range,Adani Green Energy Limited,Utilities,Utilities - Renewable,Energy / Utilities,215944.8,True,126.5444,True,43.9456,True,11.1946,True,346.548,True,,False,,False,66.78,True,13.1,True,94.69,True,16.6,True,18.5,True,,False,,False,4073.0,True,103545.0,True,,False,,False,,False,1.083,True,11.0,16.0,0.0,0.0,3.0,30.0,0.5,,"Very high debt, Very high PE",0.0,30.0,,25.41,13.0,"Sharp daily fall, Very high debt",17.31,Avoid,"Above 200 DMA, Oversold RSI, Volume expansion, Strong 6M absolute return, 6M Nifty outperformance, 80.0% of closes stayed inside the range | Range width 76.5% | Currently 52.4% through the range",2026-08-31 23:07 IST
BRITANNIA,Consumer Defensive,Packaged Foods,5250.0,-1.1,4952.52,6232.21,6.01,15.76,39.77,5351.16,5567.25,345853.5,334238.0,0.97,Bearish,16.0,"Weak but watchable RSI, Near 52W low with stable RSI",-5.08,4.86,-10.43,-2.8,2.88,-5.5,-2.28,1.98,-4.93,10.0,Positive 3M return,65.97,Accumulation Zone,70.96,5107.54,5641.94,10.46,26.66,80.0% of closes stayed inside the range | Range width 10.5% | Currently 26.7% through the range,Britannia Industries Limited,Consumer Defensive,Packaged Foods,FMCG / Consumer,127864.93,True,49.0211,True,40.7876,True,25.0394,True,26.875,True,,False,,False,15.21,True,13.38,True,41.42,True,8.2,True,13.6,True,,False,,False,1858.52,True,1380.28,True,,False,,False,1.71,True,0.421,True,8.0,10.0,10.0,0.0,6.0,34.0,0.57,Cash covers debt,,3.0,37.0,"Low debt, typical of a healthy consumer business",37.87,8.0,Below 200 DMA,17.13,Avoid,"Weak but watchable RSI, Near 52W low with stable RSI, Cash covers debt, Positive 3M return, 80.0% of closes stayed inside the range | Range width 10.5% | Currently 26.7% through the range",2026-08-31 23:07 IST
PATANJALI,Consumer Defensive,Packaged Foods,345.0,-0.99,326.06,606.9,5.81,43.15,35.71,367.75,463.53,3055800.65,2180177.0,0.71,Bearish,16.0,"Weak but watchable RSI, Near 52W low with stable RSI",-4.6,-18.72,-30.67,-2.8,2.88,-5.5,-1.8,-21.6,-25.17,0.0,,88.19,Accumulation Zone,71.39,348.13,467.34,34.24,0.0,80.0% of closes stayed inside the range | Range width 34.2% | Currently 0.0% through the range,Patanjali Foods Limited,Consumer Defensive,Packaged Foods,FMCG / Consumer,37907.17,True,19.2301,True,19.0932,True,2.8924,True,21.295,True,,False,,False,4.32,True,4.61,True,13.2,True,27.4,True,86.1,True,,False,,False,788.24,True,2788.83,True,,False,,False,1.16,True,-0.175,True,0.0,20.0,7.0,0.0,14.0,41.0,0.57,,,3.0,44.0,"Low debt, typical of a healthy consumer business",37.87,8.0,Below 200 DMA,17.08,Avoid,"Weak but watchable RSI, Near 52W low with stable RSI, 80.0% of closes stayed inside the range | Range width 34.2% | Currently 0.0% through the range",2026-08-31 23:07 IST
CANBK,Financial Services,Banks - Regional,126.9,-0.97,100.68,157.69,26.04,19.52,44.46,127.88,135.73,15000079.75,15829146.0,1.06,Bearish,13.0,"Weak but watchable RSI, Normal volume support",1.54,-0.58,-16.7,-2.8,2.88,-5.5,4.34,-3.46,-11.2,8.0,Positive 1M return,78.51,Accumulation Zone,70.99,124.28,135.28,8.86,23.84,80.0% of closes stayed inside the range | Range width 8.9% | Currently 23.8% through the range,Canara Bank,Financial Services,Banks - Regional,Banking,116421.82,True,5.8607,True,5.5128,True,0.9891,True,,False,,False,,False,44.14,True,43.13,True,0.0,True,-12.9,True,62.2,True,,False,,False,155567.99,True,155287.68,True,,False,,False,3.27,True,0.503,True,12.0,10.0,3.0,0.0,15.0,40.0,0.5,Cash covers debt,Revenue contraction,0.0,40.0,,38.62,8.0,Below 200 DMA,17.04,Avoid,"Weak but watchable RSI, Normal volume support, Cash covers debt, Positive 1M return, 80.0% of closes stayed inside the range | Range width 8.9% | Currently 23.8% through the range",2026-08-31 23:07 IST
VOLTAS,Consumer Cyclical,"Furnishings, Fixtures & Appliances",1194.4,-0.47,1182.8,1577.54,0.98,24.29,32.13,1291.84,1354.58,1020990.7,1330122.0,1.3,Bearish,26.0,"Weak but watchable RSI, Near 52W low with stable RSI, Volume expansion",-9.84,-6.87,-20.08,-2.8,2.88,-5.5,-7.04,-9.75,-14.58,0.0,,89.25,Breakdown Risk,35.0,1236.36,1426.68,15.39,0.0,80.0% of closes stayed inside the range | Range width 15.4% | Currently 0.0% through the range | Below lower band on elevated volume,Voltas Limited,Consumer Cyclical,"Furnishings, Fixtures & Appliances",Consumer Discretionary,39706.17,True,90.0901,True,37.1459,True,6.2272,True,15.51,True,,False,,False,5.22,True,3.0,True,22.23,True,18.7,True,52.0,True,,False,,False,1294.93,True,992.48,True,,False,,False,33.0,True,0.138,True,0.0,18.0,12.0,0.0,5.0,35.0,0.57,Cash covers debt,Very high PE,2.0,37.0,General low-debt support,36.37,8.0,Below 200 DMA,16.91,Avoid,"Weak but watchable RSI, Near 52W low with stable RSI, Volume expansion, Cash covers debt, 80.0% of closes stayed inside the range | Range width 15.4% | Currently 0.0% through the range | Below lower band on elevated volume",2026-08-31 23:07 IST
COCHINSHIP,Industrials,Aerospace & Defense,1510.0,-1.63,1187.0,1970.73,27.21,23.38,55.44,1458.72,1515.85,1090405.6,500141.0,0.46,Bullish,35.0,"Above 50 DMA, Healthy RSI momentum",4.72,2.55,4.22,-2.8,2.88,-5.5,7.52,-0.33,9.72,48.0,"Positive 1M return, Positive 3M return, Positive 6M return, 1M Nifty outperformance, Positive across 1M/3M/6M",35.49,Neutral Range,69.9,1361.22,1654.26,21.53,50.77,80.0% of closes stayed inside the range | Range width 21.5% | Currently 50.8% through the range,Cochin Shipyard Limited,Industrials,Aerospace & Defense,Capital Goods / Infra,40382.9,True,59.5192,True,34.34,True,6.876,True,28.466,True,,False,,False,14.7,True,13.48,True,33.39,True,2.4,True,-19.3,True,,False,,False,2405.94,True,1671.75,True,,False,,False,86.0,True,0.582,True,8.0,0.0,10.0,0.0,7.0,25.0,0.57,Cash covers debt,Earnings contraction,0.0,25.0,,35.91,18.0,"Below 200 DMA, Low volume participation, Earnings contraction",16.89,Avoid,"Above 50 DMA, Healthy RSI momentum, Cash covers debt, Positive 1M return, Positive 3M return, Positive 6M return, 1M Nifty outperformance, Positive across 1M/3M/6M, 80.0% of closes stayed inside the range | Range width 21.5% | Currently 50.8% through the range",2026-08-31 23:07 IST
NTPCGREEN,Utilities,Utilities - Renewable,89.51,-1.44,84.0,119.95,6.56,25.38,33.28,92.84,95.83,1946964.35,2179535.0,1.12,Bearish,21.0,"Weak but watchable RSI, Near 52W low with stable RSI, Normal volume support",-1.31,-11.24,2.03,-2.8,2.88,-5.5,1.49,-14.12,7.53,10.0,Positive 6M return,44.59,Accumulation Zone,75.52,91.42,109.85,20.16,0.0,80.8% of closes stayed inside the range | Range width 20.2% | Currently 0.0% through the range,NTPC Green Energy Limited,Utilities,Utilities - Renewable,Energy / Utilities,76527.93,True,146.4839,True,32.3697,True,4.1028,True,165.281,True,,False,,False,58.36,True,18.48,True,100.0,True,62.7,True,38.5,True,,False,,False,617.5,True,31716.14,True,,False,,False,,False,,False,12.0,20.0,0.0,0.0,5.0,37.0,0.5,,Very high PE,0.0,37.0,,25.41,8.0,Below 200 DMA,16.51,Avoid,"Weak but watchable RSI, Near 52W low with stable RSI, Normal volume support, Positive 6M return, 80.8% of closes stayed inside the range | Range width 20.2% | Currently 0.0% through the range",2026-08-31 23:07 IST
THERMAX,Industrials,Conglomerates,3901.6,-1.08,2731.54,5256.33,42.83,25.77,34.09,4401.97,3714.31,159022.9,97446.0,0.61,Bearish,23.0,"Above 200 DMA, Weak but watchable RSI",-5.35,-19.66,26.3,-2.8,2.88,-5.5,-2.55,-22.54,31.8,25.0,"Positive 6M return, 6M Nifty outperformance",53.66,Lower Range Watch,65.47,3247.29,4809.16,48.1,41.89,80.8% of closes stayed inside the range | Range width 48.1% | Currently 41.9% through the range,Thermax Limited,Industrials,Conglomerates,Capital Goods / Infra,44430.89,True,75.1849,True,44.1123,True,8.0075,True,42.166,True,,False,,False,0.4,True,5.47,True,34.09,True,7.1,True,-83.4,True,,False,,False,2467.4,True,2352.53,True,,False,,False,35.0,True,0.321,True,0.0,2.0,10.0,0.0,5.0,17.0,0.57,Cash covers debt,Earnings contraction,0.0,17.0,,35.91,7.0,Earnings contraction,16.34,Avoid,"Above 200 DMA, Weak but watchable RSI, Cash covers debt, Positive 6M return, 6M Nifty outperformance, 80.8% of closes stayed inside the range | Range width 48.1% | Currently 41.9% through the range",2026-08-31 23:07 IST
IRCTC,Consumer Cyclical,Travel Services,481.25,-0.91,481.0,729.66,0.05,34.04,37.13,500.84,568.54,865329.8,596163.0,0.69,Bearish,16.0,"Weak but watchable RSI, Near 52W low with stable RSI",-6.28,-8.77,-15.41,-2.8,2.88,-5.5,-3.48,-11.65,-9.91,0.0,,89.25,Accumulation Zone,74.75,493.14,551.57,11.85,0.0,80.0% of closes stayed inside the range | Range width 11.8% | Currently 0.0% through the range,Indian Railway Catering & Tourism Corporation Limited,Consumer Cyclical,Travel Services,Consumer Discretionary,38852.0,True,28.0075,True,21.6808,True,9.0174,True,1.874,True,,False,,False,27.33,True,25.68,True,35.08,True,18.1,True,0.0,True,,False,,False,2867.52,True,80.73,True,,False,,False,1.95,True,0.171,True,12.0,8.0,12.0,0.0,8.0,40.0,0.57,Cash covers debt,,2.0,42.0,General low-debt support,36.37,8.0,Below 200 DMA,16.16,Avoid,"Weak but watchable RSI, Near 52W low with stable RSI, Cash covers debt, 80.0% of closes stayed inside the range | Range width 11.8% | Currently 0.0% through the range",2026-08-31 23:07 IST
ADANIPORTS,Industrials,Marine Shipping,1593.1,-6.7,1286.58,1891.1,23.82,15.76,30.89,1754.14,1599.69,2132225.8,9166870.0,4.3,Bearish,28.0,"Weak but watchable RSI, Near 52W low zone, Strong volume expansion",-6.34,-10.67,8.81,-2.8,2.88,-5.5,-3.54,-13.55,14.31,10.0,Positive 6M return,66.46,Neutral Range,67.02,1379.15,1828.15,32.56,47.65,80.0% of closes stayed inside the range | Range width 32.6% | Currently 47.7% through the range,Adani Ports and Special Economic Zone Limited,Industrials,Marine Shipping,Capital Goods / Infra,393401.0,True,29.238,True,21.8468,True,4.0997,True,64.051,True,,False,,False,44.63,True,32.43,True,64.4,True,18.6,True,2.4,True,,False,,False,7284.73,True,63398.99,True,,False,,False,44.0,True,0.507,True,12.0,8.0,4.0,0.0,11.0,35.0,0.57,,,5.0,40.0,Strong order-book-driven revenue growth,35.91,13.0,"Below 200 DMA, Sharp daily fall",15.89,Avoid,"Weak but watchable RSI, Near 52W low zone, Strong volume expansion, Positive 6M return, 80.0% of closes stayed inside the range | Range width 32.6% | Currently 47.7% through the range",2026-08-31 23:07 IST
HAVELLS,Industrials,Electrical Equipment & Parts,1244.1,1.73,1123.6,1608.14,10.72,22.64,45.87,1230.84,1294.05,821767.95,982613.0,1.2,Bullish,42.0,"Above 50 DMA, RSI recovering, Near 52W low zone, Normal volume support, Positive day move",-3.18,6.66,-7.66,-2.8,2.88,-5.5,-0.38,3.78,-2.16,10.0,Positive 3M return,66.46,Neutral Range,74.23,1171.05,1295.06,10.59,58.9,80.0% of closes stayed inside the range | Range width 10.6% | Currently 58.9% through the range,Havells India Limited,Industrials,Electrical Equipment & Parts,Capital Goods / Infra,76744.52,True,46.9443,True,37.381,True,8.1125,True,2.801,True,,False,,False,5.3,True,6.92,True,32.03,True,19.5,True,-16.6,True,,False,,False,2341.82,True,265.2,True,,False,,False,98.0,True,0.3,True,3.0,8.0,12.0,0.0,7.0,30.0,0.57,Cash covers debt,Earnings contraction,5.0,35.0,Strong order-book-driven revenue growth,35.91,15.0,"Below 200 DMA, Earnings contraction",15.64,Avoid,"Above 50 DMA, RSI recovering, Near 52W low zone, Normal volume support, Positive day move, Cash covers debt, Positive 3M return, 80.0% of closes stayed inside the range | Range width 10.6% | Currently 58.9% through the range",2026-08-31 23:07 IST
INDIGO,Industrials,Airlines,5234.0,1.32,3895.2,5970.0,34.37,12.33,51.0,5258.54,4894.38,475969.3,559777.0,1.18,Bearish,55.0,"Above 200 DMA, Healthy RSI momentum, Near 52W high momentum, Normal volume support, Positive day move",-3.07,16.08,8.43,-2.8,2.88,-5.5,-0.27,13.2,13.93,35.0,"Positive 3M return, Positive 6M return, 3M Nifty outperformance",44.02,Profit Booking Zone,79.44,4237.59,5335.95,25.92,90.72,80.0% of closes stayed inside the range | Range width 25.9% | Currently 90.7% through the range,InterGlobe Aviation Limited,Industrials,Airlines,Capital Goods / Infra,199751.96,True,,False,22.2096,True,28.6503,True,866.462,True,,False,,False,15.76,True,3.79,True,34.53,True,6.2,True,-77.6,True,,False,,False,49629.1,True,74813.8,True,,False,,False,24.0,True,0.606,True,3.0,2.0,0.0,0.0,2.0,7.0,0.5,,"Earnings contraction, Very high debt",0.0,7.0,,35.91,15.0,"Very high debt, Earnings contraction",15.34,Avoid,"Above 200 DMA, Healthy RSI momentum, Near 52W high momentum, Normal volume support, Positive day move, Positive 3M return, Positive 6M return, 3M Nifty outperformance, 80.0% of closes stayed inside the range | Range width 25.9% | Currently 90.7% through the range",2026-08-31 23:07 IST
DMART,Consumer Defensive,Discount Stores,3900.0,1.81,3600.0,4949.5,8.33,21.2,44.72,4026.42,4026.06,457889.55,546548.0,1.19,Bearish,26.0,"Weak but watchable RSI, Near 52W low with stable RSI, Normal volume support, Positive day move",-2.86,-5.78,2.56,-2.8,2.88,-5.5,-0.06,-8.66,8.06,10.0,Positive 6M return,65.97,Accumulation Zone,74.95,3848.03,4466.73,16.08,8.4,80.0% of closes stayed inside the range | Range width 16.1% | Currently 8.4% through the range,Avenue Supermarts Limited,Consumer Defensive,Discount Stores,General,249849.34,True,81.973,True,55.5892,True,10.1892,True,9.913,True,,False,,False,6.45,True,4.29,True,15.19,True,14.9,True,11.4,True,,False,,False,305.78,True,2424.99,True,,False,,False,,False,0.228,True,0.0,10.0,9.0,0.0,3.0,22.0,0.5,,Very high PE,2.0,24.0,General low-debt support,37.87,8.0,Below 200 DMA,15.08,Avoid,"Weak but watchable RSI, Near 52W low with stable RSI, Normal volume support, Positive day move, Positive 6M return, 80.0% of closes stayed inside the range | Range width 16.1% | Currently 8.4% through the range",2026-08-31 23:07 IST
HUDCO,Financial Services,Credit Services,182.05,-0.64,156.74,239.22,16.14,23.9,31.55,197.05,199.69,1759714.9,3500212.0,1.99,Bearish,23.0,"Weak but watchable RSI, Near 52W low zone, Volume expansion",-7.97,-9.77,2.33,-2.8,2.88,-5.5,-5.17,-12.65,7.83,10.0,Positive 6M return,72.17,Accumulation Zone,69.88,169.67,212.61,25.31,28.83,80.0% of closes stayed inside the range | Range width 25.3% | Currently 28.8% through the range,Housing and Urban Development Corporation Limited,Financial Services,Credit Services,Financial Services,36680.81,True,8.5902,True,7.6346,True,1.6687,True,645.775,True,,False,,False,90.61,True,90.68,True,99.96,True,9.8,True,34.9,True,,False,,False,2380.99,True,141912.02,True,,False,,False,3.27,True,0.837,True,12.0,15.0,0.0,0.0,15.0,42.0,0.57,,Very high debt,6.0,48.0,High leverage is structural for this sector,38.62,16.0,"Below 200 DMA, Very high debt",14.84,Avoid,"Weak but watchable RSI, Near 52W low zone, Volume expansion, Positive 6M return, 80.0% of closes stayed inside the range | Range width 25.3% | Currently 28.8% through the range",2026-08-31 23:07 IST
FORTIS,Healthcare,Medical Care Facilities,906.9,-0.96,765.99,1103.13,18.4,17.79,42.43,943.56,913.33,1600333.3,2196489.0,1.37,Bearish,23.0,"Weak but watchable RSI, Near 52W low zone, Volume expansion",-4.03,-2.41,-3.69,-2.8,2.88,-5.5,-1.23,-5.29,1.81,0.0,,92.38,Neutral Range,69.17,837.9,973.57,16.19,50.86,80.8% of closes stayed inside the range | Range width 16.2% | Currently 50.9% through the range,Fortis Healthcare Limited,Healthcare,Medical Care Facilities,Pharma / Healthcare,69965.75,True,66.5769,True,40.7361,True,7.0704,True,34.15,True,,False,,False,16.32,True,11.02,True,59.39,True,17.5,True,2.3,True,,False,,False,558.67,True,3472.58,True,,False,,False,11.0,True,0.665,True,6.0,8.0,7.0,0.0,5.0,26.0,0.57,,,2.0,28.0,General low-debt support,44.2,8.0,Below 200 DMA,14.18,Avoid,"Weak but watchable RSI, Near 52W low zone, Volume expansion, 80.8% of closes stayed inside the range | Range width 16.2% | Currently 50.9% through the range",2026-08-31 23:07 IST
HINDPETRO,Energy,Oil & Gas Refining & Marketing,365.75,0.48,300.71,483.54,21.63,24.36,44.48,374.38,389.93,5579545.9,7726999.0,1.38,Bearish,28.0,"Weak but watchable RSI, Near 52W low zone, Volume expansion, Positive day move",-2.63,-0.62,-9.4,-2.8,2.88,-5.5,0.17,-3.5,-3.9,0.0,,93.55,Neutral Range,71.93,331.93,381.93,15.06,67.64,80.0% of closes stayed inside the range | Range width 15.1% | Currently 67.6% through the range,Hindustan Petroleum Corporation Limited,Energy,Oil & Gas Refining & Marketing,Energy / Utilities,77452.74,True,46.2516,True,6.4314,True,1.1817,True,85.369,True,,False,,False,-12.85,True,0.36,True,6.47,True,26.9,True,,False,,False,,False,3277.77,True,55964.43,True,,False,,False,6.66,True,0.912,True,0.0,10.0,4.0,0.0,11.0,25.0,0.5,,,0.0,25.0,,40.72,8.0,Below 200 DMA,13.86,Avoid,"Weak but watchable RSI, Near 52W low zone, Volume expansion, Positive day move, 80.0% of closes stayed inside the range | Range width 15.1% | Currently 67.6% through the range",2026-08-31 23:07 IST
NLCINDIA,Utilities,Utilities - Regulated Electric,267.4,-1.18,220.49,387.8,21.27,31.05,33.37,295.19,281.72,1872638.15,2058287.0,1.1,Bearish,18.0,"Weak but watchable RSI, Near 52W low zone, Normal volume support",-10.28,-21.03,5.92,-2.8,2.88,-5.5,-7.48,-23.91,11.42,10.0,Positive 6M return,44.59,Accumulation Zone,72.68,267.45,343.52,28.45,0.0,80.0% of closes stayed inside the range | Range width 28.4% | Currently 0.0% through the range,NLC India Limited,Utilities,Utilities - Regulated Electric,Energy / Utilities,37522.39,True,11.3127,True,9.9852,True,1.7431,True,82.0,True,,False,,False,28.3,True,17.46,True,80.47,True,-0.3,True,-12.7,True,,False,,False,417.59,True,11510.87,True,,False,,False,2.66,True,0.511,True,11.0,0.0,4.0,0.0,15.0,30.0,0.57,,"Revenue contraction, Earnings contraction",0.0,30.0,,25.41,8.0,Below 200 DMA,13.31,Avoid,"Weak but watchable RSI, Near 52W low zone, Normal volume support, Positive 6M return, 80.0% of closes stayed inside the range | Range width 28.4% | Currently 0.0% through the range",2026-08-31 23:07 IST
BHARTIHEXA,Communication Services,Telecom Services,1545.5,-0.36,1414.44,1934.32,9.27,20.1,45.43,1553.94,1589.88,174556.9,30386.0,0.17,Bearish,20.0,"RSI recovering, Near 52W low with stable RSI",-3.86,4.43,-2.76,-2.8,2.88,-5.5,-1.06,1.55,2.74,10.0,Positive 3M return,50.0,Neutral Range,69.92,1450.81,1605.97,10.69,61.03,80.0% of closes stayed inside the range | Range width 10.7% | Currently 61.0% through the range,Bharti Hexacom Limited,Communication Services,Telecom Services,Telecom,77505.0,True,42.5267,True,24.3524,True,10.8169,True,85.654,True,,False,,False,31.95,True,19.0,True,59.93,True,10.9,True,23.2,True,,False,,False,664.2,True,6137.3,True,,False,,False,1.16,True,0.085,True,12.0,13.0,4.0,0.0,6.0,35.0,0.57,,,0.0,35.0,,29.28,11.0,"Below 200 DMA, Low volume participation",13.14,Avoid,"RSI recovering, Near 52W low with stable RSI, Positive 3M return, 80.0% of closes stayed inside the range | Range width 10.7% | Currently 61.0% through the range",2026-08-31 23:07 IST
HDFCLIFE,Financial Services,Insurance - Life,543.35,-0.85,530.5,800.15,2.42,32.09,46.02,556.51,643.49,3132035.0,3683422.0,1.18,Bearish,25.0,"RSI recovering, Near 52W low with stable RSI, Normal volume support",-1.76,-4.96,-22.91,-2.8,2.88,-5.5,1.04,-7.84,-17.41,0.0,,90.05,Accumulation Zone,76.3,543.28,619.59,14.05,0.09,80.0% of closes stayed inside the range | Range width 14.0% | Currently 0.1% through the range,HDFC Life Insurance Company Limited,Financial Services,Insurance - Life,Financial Services,119028.29,True,59.8907,True,45.7809,True,6.1023,True,15.885,True,10.83,True,0.38,True,2.19,True,1.9,True,10.2,True,14.3,True,11.9,True,1.235,True,0.411,True,2696.67,True,3099.0,True,,False,,False,38.0,True,0.502,True,2.0,10.0,11.0,0.0,7.0,30.0,0.86,,,-4.0,26.0,Expensive relative to book value for this sector,38.62,8.0,Below 200 DMA,13.14,Avoid,"RSI recovering, Near 52W low with stable RSI, Normal volume support, 80.0% of closes stayed inside the range | Range width 14.0% | Currently 0.1% through the range",2026-08-31 23:07 IST
ALKEM,Healthcare,Drug Manufacturers - Specialty & Generic,5329.5,0.18,5065.93,5875.53,5.2,9.29,38.98,5532.86,5508.43,124634.05,120023.0,0.96,Bearish,21.0,"Weak but watchable RSI, Near 52W low with stable RSI, Positive day move",-7.17,1.23,-5.33,-2.8,2.88,-5.5,-4.37,-1.65,0.17,10.0,Positive 3M return,78.81,Accumulation Zone,74.0,5266.82,5641.6,7.12,16.72,80.0% of closes stayed inside the range | Range width 7.1% | Currently 16.7% through the range,Alkem Laboratories Limited,Healthcare,Drug Manufacturers - Specialty & Generic,Pharma / Healthcare,64027.06,True,29.6923,True,23.9801,True,4.6329,True,14.267,True,,False,,False,17.8,True,14.31,True,64.8,True,10.9,True,-21.7,True,,False,,False,4061.45,True,2047.16,True,,False,,False,37.0,True,0.295,True,8.0,5.0,12.0,0.0,11.0,36.0,0.57,Cash covers debt,Earnings contraction,2.0,38.0,General low-debt support,44.2,15.0,"Below 200 DMA, Earnings contraction",12.68,Avoid,"Weak but watchable RSI, Near 52W low with stable RSI, Positive day move, Cash covers debt, Positive 3M return, 80.0% of closes stayed inside the range | Range width 7.1% | Currently 16.7% through the range",2026-08-31 23:07 IST
TATASTEEL,Basic Materials,Steel,184.35,-1.15,150.59,219.87,22.41,16.15,43.85,187.3,189.8,25273245.9,36791727.0,1.46,Bearish,23.0,"Weak but watchable RSI, Near 52W low zone, Volume expansion",-3.48,-10.65,-10.83,-2.8,2.88,-5.5,-0.68,-13.53,-5.33,0.0,,86.13,Accumulation Zone,76.11,184.8,208.03,12.57,0.0,80.0% of closes stayed inside the range | Range width 12.6% | Currently 0.0% through the range,Tata Steel Limited,Basic Materials,Steel,Metals / Mining,232645.98,True,21.1451,True,10.419,True,2.2788,True,89.017,True,,False,,False,9.25,True,4.6,True,56.35,True,14.3,True,11.4,True,,False,,False,9979.04,True,92381.9,True,,False,,False,2.14,True,0.867,True,0.0,10.0,4.0,0.0,13.0,27.0,0.57,,,0.0,27.0,,36.18,8.0,Below 200 DMA,12.63,Avoid,"Weak but watchable RSI, Near 52W low zone, Volume expansion, 80.0% of closes stayed inside the range | Range width 12.6% | Currently 0.0% through the range",2026-08-31 23:07 IST
NTPC,Utilities,Utilities - Regulated Electric,327.4,-0.8,313.19,414.4,4.54,20.99,30.99,345.69,357.38,8911738.4,16374681.0,1.84,Bearish,26.0,"Weak but watchable RSI, Near 52W low with stable RSI, Volume expansion",-6.7,-10.64,-13.28,-2.8,2.88,-5.5,-3.9,-13.52,-7.78,0.0,,79.73,Breakdown Risk,35.0,339.99,398.2,17.12,0.0,80.0% of closes stayed inside the range | Range width 17.1% | Currently 0.0% through the range | Below lower band on elevated volume,NTPC Limited,Utilities,Utilities - Regulated Electric,Energy / Utilities,320038.48,True,10.0902,True,11.6679,True,1.5758,True,118.127,True,,False,,False,18.43,True,14.53,True,48.18,True,8.0,True,-1.6,True,,False,,False,12811.63,True,123456.19,True,,False,,False,3.74,True,0.3,True,10.0,5.0,2.0,0.0,12.0,29.0,0.57,,Earnings contraction,0.0,29.0,,25.41,8.0,Below 200 DMA,12.46,Avoid,"Weak but watchable RSI, Near 52W low with stable RSI, Volume expansion, 80.0% of closes stayed inside the range | Range width 17.1% | Currently 0.0% through the range | Below lower band on elevated volume",2026-08-31 23:07 IST
BAJAJHFL,Financial Services,Mortgage Finance,84.02,-1.15,72.65,117.0,15.65,28.19,42.45,86.28,88.73,2511789.1,2143443.0,0.85,Bearish,13.0,"Weak but watchable RSI, Near 52W low zone",-3.26,0.72,-1.48,-2.8,2.88,-5.5,-0.46,-2.16,4.02,10.0,Positive 3M return,72.17,Lower Range Watch,70.79,81.72,89.0,8.91,31.59,80.8% of closes stayed inside the range | Range width 8.9% | Currently 31.6% through the range,Bajaj Housing Finance Limited,Financial Services,Mortgage Finance,Financial Services,70793.63,True,26.3975,True,19.4155,True,3.1431,True,460.74,True,12.68,True,,False,80.91,True,63.18,True,99.29,True,19.6,True,22.9,True,,False,,False,193.64,True,103771.55,True,,False,,False,,False,,False,16.0,16.0,0.0,0.0,9.0,41.0,0.57,,Very high debt,6.0,47.0,High leverage is structural for this sector,38.62,16.0,"Below 200 DMA, Very high debt",11.99,Avoid,"Weak but watchable RSI, Near 52W low zone, Positive 3M return, 80.8% of closes stayed inside the range | Range width 8.9% | Currently 31.6% through the range",2026-08-31 23:07 IST
RVNL,Industrials,Engineering & Construction,210.0,-1.97,209.5,398.2,0.24,47.26,30.44,227.73,279.77,4047528.05,3630170.0,0.9,Bearish,16.0,"Weak but watchable RSI, Near 52W low with stable RSI",-9.55,-10.91,-29.65,-2.8,2.88,-5.5,-6.75,-13.79,-24.15,0.0,,86.46,Accumulation Zone,71.6,223.49,296.85,32.82,0.0,80.0% of closes stayed inside the range | Range width 32.8% | Currently 0.0% through the range,Rail Vikas Nigam Limited,Industrials,Engineering & Construction,Capital Goods / Infra,44665.3,True,50.0514,True,38.9491,True,4.5475,True,49.078,True,,False,,False,4.03,True,4.32,True,6.4,True,10.6,True,16.9,True,,False,,False,635.71,True,4818.49,True,,False,,False,1.6,True,0.835,True,0.0,13.0,7.0,0.0,8.0,28.0,0.57,,,0.0,28.0,,35.91,8.0,Below 200 DMA,11.19,Avoid,"Weak but watchable RSI, Near 52W low with stable RSI, 80.0% of closes stayed inside the range | Range width 32.8% | Currently 0.0% through the range",2026-08-31 23:07 IST
HDBFS,Financial Services,Credit Services,682.35,0.44,553.72,796.67,23.23,14.35,44.93,709.11,698.77,675509.05,213323.0,0.32,Bearish,18.0,"Weak but watchable RSI, Near 52W low zone, Positive day move",-0.37,6.18,-2.26,-2.8,2.88,-5.5,2.43,3.3,3.24,10.0,Positive 3M return,72.17,Neutral Range,66.76,621.12,740.49,19.22,51.3,80.0% of closes stayed inside the range | Range width 19.2% | Currently 51.3% through the range,HDB Financial Services Limited,Financial Services,Credit Services,Financial Services,56281.06,True,20.4932,True,14.3785,True,2.7298,True,484.313,True,,False,,False,42.42,True,29.79,True,99.79,True,21.0,True,32.6,True,,False,,False,2588.94,True,100078.67,True,,False,,False,59.0,True,,False,12.0,18.0,0.0,0.0,13.0,43.0,0.57,,Very high debt,6.0,49.0,High leverage is structural for this sector,38.62,19.0,"Below 200 DMA, Low volume participation, Very high debt",10.94,Avoid,"Weak but watchable RSI, Near 52W low zone, Positive day move, Positive 3M return, 80.0% of closes stayed inside the range | Range width 19.2% | Currently 51.3% through the range",2026-08-31 23:07 IST
SBILIFE,Financial Services,Insurance - Life,1740.5,-1.84,1700.4,2129.04,2.36,18.25,32.91,1817.73,1911.68,860289.0,795728.0,0.92,Bearish,16.0,"Weak but watchable RSI, Near 52W low with stable RSI",-7.52,-2.45,-14.45,-2.8,2.88,-5.5,-4.72,-5.33,-8.95,0.0,,90.05,Accumulation Zone,75.28,1765.62,1911.88,8.28,0.0,80.0% of closes stayed inside the range | Range width 8.3% | Currently 0.0% through the range,SBI Life Insurance Company Limited,Financial Services,Insurance - Life,Financial Services,176699.89,True,68.0224,True,50.4018,True,8.7759,True,,False,13.7,True,0.35,True,1.71,True,2.14,True,9.71,True,18.8,True,21.8,True,1.063,True,0.193,True,1526.74,True,0.0,True,,False,,False,15.0,True,0.366,True,4.0,16.0,5.0,0.0,5.0,30.0,0.79,Net cash position,,-4.0,26.0,Expensive relative to book value for this sector,38.62,8.0,Below 200 DMA,10.89,Avoid,"Weak but watchable RSI, Near 52W low with stable RSI, Net cash position, 80.0% of closes stayed inside the range | Range width 8.3% | Currently 0.0% through the range",2026-08-31 23:07 IST
DABUR,Consumer Defensive,Household & Personal Products,381.0,-1.3,381.0,566.62,0.0,32.76,22.01,417.92,457.66,1836367.7,3273360.0,1.78,Bearish,19.0,"Oversold RSI, Near 52W low zone, Volume expansion",-10.52,-9.12,-23.97,-2.8,2.88,-5.5,-7.72,-12.0,-18.47,0.0,,88.19,Breakdown Risk,35.0,406.64,453.53,11.53,0.0,80.0% of closes stayed inside the range | Range width 11.5% | Currently 0.0% through the range | Below lower band on elevated volume,Dabur India Limited,Consumer Defensive,Household & Personal Products,FMCG / Consumer,68474.74,True,34.8375,True,29.2915,True,5.9954,True,10.907,True,,False,,False,16.48,True,14.55,True,47.74,True,10.6,True,15.3,True,,False,,False,5147.86,True,1287.32,True,,False,,False,2.14,True,0.429,True,8.0,13.0,12.0,0.0,11.0,44.0,0.57,Cash covers debt,,3.0,47.0,"Low debt, typical of a healthy consumer business",37.87,16.0,"Below 200 DMA, Extreme RSI weakness",10.88,Avoid,"Oversold RSI, Near 52W low zone, Volume expansion, Cash covers debt, 80.0% of closes stayed inside the range | Range width 11.5% | Currently 0.0% through the range | Below lower band on elevated volume",2026-08-31 23:07 IST
UPL,Basic Materials,Agricultural Inputs,562.25,-1.53,557.75,804.41,0.81,30.1,40.76,585.8,657.5,2147308.45,2572067.0,1.2,Bearish,21.0,"Weak but watchable RSI, Near 52W low with stable RSI, Normal volume support",-9.31,-11.18,-8.86,-2.8,2.88,-5.5,-6.51,-14.06,-3.36,0.0,,86.13,Accumulation Zone,75.59,568.92,644.4,13.27,0.0,80.0% of closes stayed inside the range | Range width 13.3% | Currently 0.0% through the range,UPL Limited,Basic Materials,Agricultural Inputs,General,48265.72,True,23.6929,True,12.1182,True,1.3893,True,57.128,True,,False,,False,6.56,True,3.82,True,49.95,True,10.5,True,,False,,False,,False,6634.0,True,23576.0,True,,False,,False,1.05,True,0.555,True,0.0,5.0,4.0,0.0,12.0,21.0,0.5,,,2.0,23.0,General low-debt support,36.18,8.0,Below 200 DMA,10.73,Avoid,"Weak but watchable RSI, Near 52W low with stable RSI, Normal volume support, 80.0% of closes stayed inside the range | Range width 13.3% | Currently 0.0% through the range",2026-08-31 23:07 IST
POWERGRID,Utilities,Utilities - Regulated Electric,263.55,-0.94,247.22,324.95,6.6,18.9,36.15,279.18,284.07,8531688.1,11549152.0,1.35,Bearish,26.0,"Weak but watchable RSI, Near 52W low with stable RSI, Volume expansion",-8.17,-7.4,-11.2,-2.8,2.88,-5.5,-5.37,-10.28,-5.7,0.0,,79.73,Accumulation Zone,76.04,270.04,316.57,17.23,0.0,80.0% of closes stayed inside the range | Range width 17.2% | Currently 0.0% through the range,Power Grid Corporation of India Limited,Utilities,Utilities - Regulated Electric,Energy / Utilities,247442.55,True,12.9717,True,13.6655,True,2.4623,True,150.813,True,,False,,False,55.74,True,33.8,True,97.6,True,2.7,True,-0.8,True,,False,,False,5785.76,True,151558.09,True,,False,,False,4.62,True,0.171,True,12.0,0.0,0.0,0.0,12.0,24.0,0.57,,Earnings contraction,0.0,24.0,,25.41,8.0,Below 200 DMA,10.71,Avoid,"Weak but watchable RSI, Near 52W low with stable RSI, Volume expansion, 80.0% of closes stayed inside the range | Range width 17.2% | Currently 0.0% through the range",2026-08-31 23:07 IST
BANKBARODA,Financial Services,Banks - Regional,238.6,-1.36,224.46,315.3,6.3,24.33,38.66,250.45,269.63,7512594.15,9865432.0,1.31,Bearish,26.0,"Weak but watchable RSI, Near 52W low with stable RSI, Volume expansion",-3.5,-9.21,-21.85,-2.8,2.88,-5.5,-0.7,-12.09,-16.35,0.0,,90.05,Accumulation Zone,76.65,243.09,275.17,13.19,0.0,80.0% of closes stayed inside the range | Range width 13.2% | Currently 0.0% through the range,Bank of Baroda Limited,Financial Services,Banks - Regional,Banking,125095.25,True,6.8644,True,5.6784,True,0.7421,True,,False,11.32,True,0.93,True,45.54,True,27.39,True,0.0,True,18.0,True,-48.6,True,,False,,False,50665.14,True,173285.81,True,,False,,False,3.53,True,0.43,True,14.0,8.0,0.0,0.0,15.0,37.0,0.64,,Earnings contraction,0.0,37.0,,38.62,15.0,"Below 200 DMA, Earnings contraction",10.24,Avoid,"Weak but watchable RSI, Near 52W low with stable RSI, Volume expansion, 80.0% of closes stayed inside the range | Range width 13.2% | Currently 0.0% through the range",2026-08-31 23:07 IST
GODREJCP,Consumer Defensive,Household & Personal Products,901.3,-1.5,901.3,1284.14,0.0,29.81,28.52,1018.42,1083.21,2645736.7,1151072.0,0.44,Bearish,9.0,"Oversold RSI, Near 52W low zone",-16.54,-8.95,-22.55,-2.8,2.88,-5.5,-13.74,-11.83,-17.05,0.0,,88.19,Accumulation Zone,72.76,936.64,1080.09,15.32,0.0,80.0% of closes stayed inside the range | Range width 15.3% | Currently 0.0% through the range,Godrej Consumer Products Limited,Consumer Defensive,Household & Personal Products,FMCG / Consumer,93632.4,True,49.273,True,33.5069,True,7.4024,True,34.899,True,,False,,False,17.19,True,12.09,True,49.72,True,15.4,True,11.5,True,,False,,False,2832.7,True,4415.81,True,,False,,False,2.19,True,0.368,True,8.0,13.0,7.0,0.0,7.0,35.0,0.57,,,3.0,38.0,"Low debt, typical of a healthy consumer business",37.87,11.0,"Below 200 DMA, Low volume participation",10.23,Avoid,"Oversold RSI, Near 52W low zone, 80.0% of closes stayed inside the range | Range width 15.3% | Currently 0.0% through the range",2026-08-31 23:07 IST
COROMANDEL,Basic Materials,Agricultural Inputs,1905.9,-1.17,1704.84,2486.77,11.79,23.36,32.91,2027.91,2096.38,139636.25,211748.0,1.52,Bearish,23.0,"Weak but watchable RSI, Near 52W low zone, Volume expansion",-8.09,9.29,-14.07,-2.8,2.88,-5.5,-5.29,6.41,-8.57,10.0,Positive 3M return,64.79,Accumulation Zone,71.93,1839.28,2085.32,13.38,27.08,80.0% of closes stayed inside the range | Range width 13.4% | Currently 27.1% through the range,Coromandel International Limited,Basic Materials,Agricultural Inputs,General,56366.33,True,30.8214,True,19.806,True,4.4878,True,11.469,True,,False,,False,6.77,True,5.62,True,23.99,True,15.9,True,-24.5,True,,False,,False,2294.4,True,1506.19,True,,False,,False,57.0,True,0.143,True,0.0,8.0,12.0,0.0,11.0,31.0,0.57,Cash covers debt,Earnings contraction,2.0,33.0,General low-debt support,36.18,15.0,"Below 200 DMA, Earnings contraction",10.23,Avoid,"Weak but watchable RSI, Near 52W low zone, Volume expansion, Cash covers debt, Positive 3M return, 80.0% of closes stayed inside the range | Range width 13.4% | Currently 27.1% through the range",2026-08-31 23:07 IST
SHREECEM,Basic Materials,Building Materials,23200.0,-3.33,22491.54,30583.61,3.15,24.14,29.21,25817.3,25586.74,27558.9,20506.0,0.74,Bearish,9.0,"Oversold RSI, Near 52W low zone",-14.07,-5.0,-10.97,-2.8,2.88,-5.5,-11.27,-7.88,-5.47,0.0,,86.13,Accumulation Zone,72.98,23470.49,26722.0,13.85,0.0,80.0% of closes stayed inside the range | Range width 13.9% | Currently 0.0% through the range,Shree Cement Limited,Basic Materials,Building Materials,Cement / Realty,86593.8,True,53.1915,True,34.8089,True,9.3978,True,38.149,True,,False,,False,18.6,True,14.53,True,73.54,True,5.2,True,3.4,True,,False,,False,2525.0,True,3393.99,True,,False,,False,57.0,True,,False,10.0,4.0,7.0,0.0,7.0,28.0,0.57,,,2.0,30.0,General low-debt support,36.18,8.0,Below 200 DMA,10.18,Avoid,"Oversold RSI, Near 52W low zone, 80.0% of closes stayed inside the range | Range width 13.9% | Currently 0.0% through the range",2026-08-31 23:07 IST
LINDEINDIA,Basic Materials,Specialty Chemicals,6385.5,-1.82,5663.4,8035.37,12.75,20.53,31.54,6900.57,6689.11,23834.55,26826.0,1.13,Bearish,18.0,"Weak but watchable RSI, Near 52W low zone, Normal volume support",-8.37,-9.52,-4.02,-2.8,2.88,-5.5,-5.57,-12.4,1.48,0.0,,86.13,Accumulation Zone,75.46,6697.93,7362.31,9.92,0.0,80.0% of closes stayed inside the range | Range width 9.9% | Currently 0.0% through the range,Linde India Limited,Basic Materials,Specialty Chemicals,Chemicals,55468.86,True,102.0395,True,75.584,True,13.0009,True,,False,,False,,False,20.44,True,20.59,True,58.52,True,13.1,True,6.76,True,,False,,False,,False,,False,,False,,False,6.0,True,-0.052,True,11.0,7.0,0.0,0.0,5.0,23.0,0.5,,Very high PE,0.0,23.0,,36.18,8.0,Below 200 DMA,9.98,Avoid,"Weak but watchable RSI, Near 52W low zone, Normal volume support, 80.0% of closes stayed inside the range | Range width 9.9% | Currently 0.0% through the range",2026-08-31 23:07 IST
SWIGGY,Consumer Cyclical,Internet Retail,281.9,0.5,235.75,474.0,19.58,40.53,53.33,270.22,304.33,13836698.05,16129392.0,1.17,Bullish,50.0,"Above 50 DMA, Healthy RSI momentum, Near 52W low zone, Normal volume support, Positive day move",-2.12,11.14,-2.46,-2.8,2.88,-5.5,0.68,8.26,3.04,10.0,Positive 3M return,69.43,Profit Booking Zone,79.54,249.68,286.6,14.79,87.26,80.0% of closes stayed inside the range | Range width 14.8% | Currently 87.3% through the range,Swiggy Limited,Consumer Cyclical,Internet Retail,Consumer Discretionary,73491.05,True,,False,-52.3839,True,3.9915,True,13.929,True,,False,,False,-13.92,True,-15.05,True,44.37,True,37.3,True,,False,,False,,False,11152.0,True,2551.0,True,,False,,False,,False,,False,0.0,10.0,12.0,0.0,2.0,24.0,0.36,Cash covers debt,Negative net margin,2.0,26.0,General low-debt support,36.37,20.0,"Below 200 DMA, Negative net margin, Limited fundamental data coverage",9.56,Avoid,"Above 50 DMA, Healthy RSI momentum, Near 52W low zone, Normal volume support, Positive day move, Cash covers debt, Positive 3M return, 80.0% of closes stayed inside the range | Range width 14.8% | Currently 87.3% through the range",2026-08-31 23:07 IST
GICRE,Financial Services,Insurance - Reinsurance,354.75,0.41,346.7,417.95,2.32,15.12,47.15,358.95,375.06,720699.55,1071016.0,1.49,Bearish,35.0,"RSI recovering, Near 52W low with stable RSI, Volume expansion, Positive day move",-0.92,-8.6,-4.75,-2.8,2.88,-5.5,1.88,-11.48,0.75,0.0,,90.05,Accumulation Zone,78.75,355.84,397.76,11.78,0.0,80.0% of closes stayed inside the range | Range width 11.8% | Currently 0.0% through the range,General Insurance Corporation of India,Financial Services,Insurance - Reinsurance,Financial Services,61982.95,True,6.9547,True,5.459,True,0.6276,True,,False,9.11,True,3.03,True,15.1,True,16.82,True,20.67,True,-0.8,True,-31.1,True,0.518,True,0.248,True,29609.45,True,0.0,True,,False,,False,3.77,True,0.34,True,10.0,0.0,3.0,0.0,15.0,28.0,0.79,Net cash position,"Revenue contraction, Earnings contraction",0.0,28.0,,38.62,15.0,"Below 200 DMA, Earnings contraction",9.34,Avoid,"RSI recovering, Near 52W low with stable RSI, Volume expansion, Positive day move, Net cash position, 80.0% of closes stayed inside the range | Range width 11.8% | Currently 0.0% through the range",2026-08-31 23:07 IST
DRREDDY,Healthcare,Drug Manufacturers - Specialty & Generic,1154.4,-2.0,1101.0,1405.98,4.85,17.89,37.93,1224.15,1249.92,1720945.65,2001369.0,1.16,Bearish,21.0,"Weak but watchable RSI, Near 52W low with stable RSI, Normal volume support",-2.17,-8.35,-10.25,-2.8,2.88,-5.5,0.63,-11.23,-4.75,0.0,,92.38,Accumulation Zone,75.6,1172.54,1326.93,13.17,0.0,80.0% of closes stayed inside the range | Range width 13.2% | Currently 0.0% through the range,Dr. Reddy's Laboratories Limited,Healthcare,Drug Manufacturers - Specialty & Generic,Pharma / Healthcare,98126.01,True,29.6725,True,19.8697,True,2.5592,True,18.605,True,8.84,True,4.01,True,4.25,True,10.0,True,50.18,True,-5.6,True,-68.7,True,1.902,True,1.161,True,8142.7,True,7195.2,True,-390.96,True,4119.9,True,68.0,True,0.242,True,5.0,0.0,18.0,9.0,13.0,45.0,1.0,Cash covers debt,"Revenue contraction, Earnings contraction, Negative free cash flow",2.0,47.0,General low-debt support,44.2,19.0,"Below 200 DMA, Earnings contraction, Negative free cash flow",9.33,Avoid,"Weak but watchable RSI, Near 52W low with stable RSI, Normal volume support, Cash covers debt, 80.0% of closes stayed inside the range | Range width 13.2% | Currently 0.0% through the range",2026-08-31 23:07 IST
IRFC,Financial Services,Credit Services,83.34,-0.67,82.9,135.73,0.53,38.6,28.11,88.55,102.61,6779292.05,8455064.0,1.25,Bearish,14.0,"Oversold RSI, Near 52W low zone, Normal volume support",-7.66,-13.24,-15.22,-2.8,2.88,-5.5,-4.86,-16.12,-9.72,0.0,,90.05,Accumulation Zone,74.14,87.14,104.21,19.59,0.0,80.8% of closes stayed inside the range | Range width 19.6% | Currently 0.0% through the range,Indian Railway Finance Corporation Limited,Financial Services,Credit Services,Financial Services,109644.77,True,15.3945,True,11.4932,True,1.9304,True,773.347,True,,False,,False,97.76,True,97.27,True,100.0,True,10.3,True,9.7,True,,False,,False,3454.18,True,438865.05,True,,False,,False,3.43,True,0.33,True,12.0,10.0,0.0,0.0,15.0,37.0,0.57,,Very high debt,6.0,43.0,High leverage is structural for this sector,38.62,16.0,"Below 200 DMA, Very high debt",8.34,Avoid,"Oversold RSI, Near 52W low zone, Normal volume support, 80.8% of closes stayed inside the range | Range width 19.6% | Currently 0.0% through the range",2026-08-31 23:07 IST
ICICIGI,Financial Services,Insurance - Diversified,1566.9,0.31,1540.0,2057.09,1.75,23.83,32.84,1684.83,1814.79,1073098.95,1409379.0,1.31,Bearish,31.0,"Weak but watchable RSI, Near 52W low with stable RSI, Volume expansion, Positive day move",-6.45,-9.58,-17.02,-2.8,2.88,-5.5,-3.65,-12.46,-11.52,0.0,,90.05,Breakdown Risk,35.0,1623.49,1843.51,13.55,0.0,80.0% of closes stayed inside the range | Range width 13.6% | Currently 0.0% through the range | Below lower band on elevated volume,ICICI Lombard General Insurance Company Limited,Financial Services,Insurance - Diversified,Financial Services,78037.3,True,32.8981,True,22.3655,True,4.5745,True,,False,14.63,True,2.65,True,7.44,True,8.76,True,21.54,True,10.9,True,-46.2,True,0.283,True,0.013,True,776.26,True,0.0,True,,False,,False,88.0,True,0.452,True,7.0,5.0,3.0,0.0,11.0,26.0,0.79,Net cash position,Earnings contraction,0.0,26.0,,38.62,15.0,"Below 200 DMA, Earnings contraction",7.64,Avoid,"Weak but watchable RSI, Near 52W low with stable RSI, Volume expansion, Positive day move, Net cash position, 80.0% of closes stayed inside the range | Range width 13.6% | Currently 0.0% through the range | Below lower band on elevated volume",2026-08-31 23:07 IST
UBL,Consumer Defensive,Beverages - Brewers,1308.5,-2.83,1266.98,1860.76,3.28,29.68,31.79,1363.15,1481.53,93880.75,61014.0,0.65,Bearish,16.0,"Weak but watchable RSI, Near 52W low with stable RSI",-7.12,-1.66,-17.89,-2.8,2.88,-5.5,-4.32,-4.54,-12.39,0.0,,88.19,Accumulation Zone,73.91,1318.73,1548.97,17.46,0.0,80.0% of closes stayed inside the range | Range width 17.5% | Currently 0.0% through the range,United Breweries Limited,Consumer Defensive,Beverages - Brewers,FMCG / Consumer,35274.29,True,89.2375,True,47.7873,True,7.7992,True,29.076,True,,False,,False,6.42,True,4.19,True,42.07,True,7.1,True,-9.5,True,,False,,False,463.84,True,1316.53,True,,False,,False,74.0,True,-0.03,True,0.0,2.0,7.0,0.0,5.0,14.0,0.57,,"Earnings contraction, Very high PE",3.0,17.0,"Low debt, typical of a healthy consumer business",37.87,8.0,Below 200 DMA,7.63,Avoid,"Weak but watchable RSI, Near 52W low with stable RSI, 80.0% of closes stayed inside the range | Range width 17.5% | Currently 0.0% through the range",2026-08-31 23:07 IST
JSWENERGY,Utilities,Utilities - Independent Power Producers,520.4,-2.78,426.3,615.26,22.07,15.42,29.96,555.29,520.25,1755130.55,5941669.0,3.39,Bearish,39.0,"Above 200 DMA, Oversold RSI, Near 52W low zone, Strong volume expansion",-8.54,-11.5,8.49,-2.8,2.88,-5.5,-5.74,-14.38,13.99,10.0,Positive 6M return,44.59,Accumulation Zone,75.06,499.82,578.02,15.65,26.32,80.0% of closes stayed inside the range | Range width 15.6% | Currently 26.3% through the range,JSW Energy Limited,Utilities,Utilities - Independent Power Producers,Energy / Utilities,98086.93,True,42.5517,True,31.5065,True,3.057,True,229.16,True,,False,,False,38.09,True,10.37,True,66.89,True,1.2,True,-39.5,True,,False,,False,7978.39,True,76945.78,True,,False,,False,37.0,True,0.133,True,9.0,0.0,0.0,0.0,9.0,18.0,0.57,,"Earnings contraction, Very high debt",0.0,18.0,,25.41,15.0,"Very high debt, Earnings contraction",7.36,Avoid,"Above 200 DMA, Oversold RSI, Near 52W low zone, Strong volume expansion, Positive 6M return, 80.0% of closes stayed inside the range | Range width 15.6% | Currently 26.3% through the range",2026-08-31 23:07 IST
GODREJIND,Industrials,Conglomerates,1134.5,-1.39,744.2,1443.0,52.45,21.38,30.64,1257.23,1064.57,129432.1,71622.0,0.55,Bearish,23.0,"Above 200 DMA, Weak but watchable RSI",-13.9,7.58,14.24,-2.8,2.88,-5.5,-11.1,4.7,19.74,35.0,"Positive 3M return, Positive 6M return, 6M Nifty outperformance",44.02,Neutral Range,63.22,842.48,1332.27,58.14,59.62,80.0% of closes stayed inside the range | Range width 58.1% | Currently 59.6% through the range,Godrej Industries Limited,Industrials,Conglomerates,Capital Goods / Infra,39327.36,True,33.4911,True,,False,3.5183,True,222.411,True,,False,,False,8.1,True,4.76,True,40.59,True,-4.7,True,-18.6,True,,False,,False,11227.9,True,51564.41,True,,False,,False,,False,0.635,True,0.0,0.0,0.0,0.0,6.0,6.0,0.5,,"Revenue contraction, Earnings contraction, Very high debt",0.0,6.0,,35.91,15.0,"Very high debt, Earnings contraction",6.99,Avoid,"Above 200 DMA, Weak but watchable RSI, Positive 3M return, Positive 6M return, 6M Nifty outperformance, 80.0% of closes stayed inside the range | Range width 58.1% | Currently 59.6% through the range",2026-08-31 23:07 IST
MFSL,Financial Services,Insurance - Life,1573.1,0.56,1433.6,1892.5,9.73,16.88,53.2,1563.85,1641.74,773392.9,389651.0,0.5,Bullish,48.0,"Above 50 DMA, Healthy RSI momentum, Near 52W low with stable RSI, Positive day move",1.98,-0.53,-12.93,-2.8,2.88,-5.5,4.78,-3.41,-7.43,8.0,Positive 1M return,78.51,Lower Range Watch,76.29,1512.27,1686.76,11.54,34.86,80.0% of closes stayed inside the range | Range width 11.5% | Currently 34.9% through the range,Max Financial Services Limited,Financial Services,Insurance - Life,Financial Services,53705.66,True,499.8083,True,125.9061,True,19.6289,True,12.673,True,,False,,False,4.6,True,0.22,True,11.77,True,-40.2,True,,False,,False,,False,449.11,True,357.24,True,,False,,False,,False,0.704,True,0.0,0.0,12.0,0.0,3.0,15.0,0.43,Cash covers debt,"Revenue contraction, Very high PE",-4.0,11.0,Expensive relative to book value for this sector,38.62,17.0,"Below 200 DMA, Revenue contraction, Limited fundamental data coverage",6.64,Avoid,"Above 50 DMA, Healthy RSI momentum, Near 52W low with stable RSI, Positive day move, Cash covers debt, Positive 1M return, 80.0% of closes stayed inside the range | Range width 11.5% | Currently 34.9% through the range",2026-08-31 23:07 IST
TATACOMM,Communication Services,Telecom Services,1723.4,2.0,1310.58,2110.0,31.5,18.32,48.48,1811.11,1709.98,256196.05,325281.0,1.27,Bearish,42.0,"Above 200 DMA, RSI recovering, Normal volume support, Strong positive day move",-1.88,-10.07,8.86,-2.8,2.88,-5.5,0.92,-12.95,14.36,10.0,Positive 6M return,50.0,Neutral Range,69.85,1427.33,1955.23,36.99,56.08,80.0% of closes stayed inside the range | Range width 37.0% | Currently 56.1% through the range,Tata Communications Limited,Communication Services,Telecom Services,Telecom,48313.46,True,51.1685,True,21.6379,True,14.0117,True,335.854,True,,False,,False,7.45,True,3.72,True,27.46,True,10.5,True,-29.4,True,,False,,False,990.51,True,12262.38,True,,False,,False,1.04,True,0.816,True,0.0,5.0,0.0,0.0,6.0,11.0,0.57,,"Earnings contraction, Very high debt",0.0,11.0,,29.28,15.0,"Very high debt, Earnings contraction",6.24,Avoid,"Above 200 DMA, RSI recovering, Normal volume support, Strong positive day move, Positive 6M return, 80.0% of closes stayed inside the range | Range width 37.0% | Currently 56.1% through the range",2026-08-31 23:07 IST
PIIND,Basic Materials,Agricultural Inputs,2370.0,-2.07,2370.0,3812.93,0.0,37.84,27.81,2619.38,2961.8,309521.9,355799.0,1.15,Bearish,14.0,"Oversold RSI, Near 52W low zone, Normal volume support",-14.84,-12.15,-23.26,-2.8,2.88,-5.5,-12.04,-15.03,-17.76,0.0,,86.13,Accumulation Zone,72.74,2508.27,3070.42,22.41,0.0,80.0% of closes stayed inside the range | Range width 22.4% | Currently 0.0% through the range,PI Industries Limited,Basic Materials,Agricultural Inputs,General,36714.4,True,32.1523,True,22.7881,True,3.2692,True,3.048,True,,False,,False,15.49,True,17.88,True,57.63,True,-10.4,True,-38.9,True,,False,,False,3502.7,True,342.3,True,,False,,False,62.0,True,0.388,True,8.0,0.0,12.0,0.0,11.0,31.0,0.57,Cash covers debt,"Revenue contraction, Earnings contraction",2.0,33.0,General low-debt support,36.18,15.0,"Below 200 DMA, Earnings contraction",5.48,Avoid,"Oversold RSI, Near 52W low zone, Normal volume support, Cash covers debt, 80.0% of closes stayed inside the range | Range width 22.4% | Currently 0.0% through the range",2026-08-31 23:07 IST
PFC,Financial Services,Credit Services,336.3,-4.46,317.66,476.83,5.87,29.47,16.98,395.94,392.64,9135406.45,13161178.0,1.44,Bearish,19.0,"Oversold RSI, Near 52W low zone, Volume expansion",-19.35,-19.16,-14.86,-2.8,2.88,-5.5,-16.55,-22.04,-9.36,0.0,,90.05,Breakdown Risk,35.0,371.97,448.59,20.6,0.0,80.0% of closes stayed inside the range | Range width 20.6% | Currently 0.0% through the range | Below lower band on elevated volume,Power Finance Corporation Limited,Financial Services,Credit Services,Financial Services,116163.58,True,4.5088,True,3.8938,True,0.8127,True,536.837,True,,False,,False,85.53,True,54.48,True,99.22,True,0.8,True,2.1,True,36.784,True,36.625,True,38833.27,True,1004455.17,True,,False,15517.24,True,4.38,True,0.639,True,12.0,0.0,8.0,9.0,15.0,44.0,0.79,,Very high debt,6.0,50.0,High leverage is structural for this sector,38.62,24.0,"Below 200 DMA, Extreme RSI weakness, Very high debt",4.04,Avoid,"Oversold RSI, Near 52W low zone, Volume expansion, 80.0% of closes stayed inside the range | Range width 20.6% | Currently 0.0% through the range | Below lower band on elevated volume",2026-08-31 23:07 IST
AMBUJACEM,Basic Materials,Building Materials,401.15,-2.65,392.06,597.84,2.32,32.9,36.29,426.2,470.9,2752706.35,2209958.0,0.8,Bearish,16.0,"Weak but watchable RSI, Near 52W low with stable RSI",-9.65,-5.44,-17.85,-2.8,2.88,-5.5,-6.85,-8.32,-12.35,0.0,,86.13,Accumulation Zone,75.18,412.36,449.26,8.95,0.0,80.0% of closes stayed inside the range | Range width 8.9% | Currently 0.0% through the range,Ambuja Cements Limited,Basic Materials,Building Materials,Cement / Realty,102386.89,True,23.0453,True,28.3505,True,1.7162,True,1.205,True,,False,,False,7.95,True,11.13,True,56.82,True,-7.7,True,-27.5,True,,False,,False,908.95,True,865.93,True,,False,,False,49.0,True,0.221,True,3.0,0.0,12.0,0.0,10.0,25.0,0.57,Cash covers debt,"Revenue contraction, Earnings contraction",2.0,27.0,General low-debt support,36.18,15.0,"Below 200 DMA, Earnings contraction",3.88,Avoid,"Weak but watchable RSI, Near 52W low with stable RSI, Cash covers debt, 80.0% of closes stayed inside the range | Range width 8.9% | Currently 0.0% through the range",2026-08-31 23:07 IST
TMPV,Consumer Cyclical,Auto Manufacturers,308.85,-3.3,291.88,733.61,5.81,57.9,31.66,335.49,349.14,9594251.4,9969618.0,1.04,Bearish,21.0,"Weak but watchable RSI, Near 52W low with stable RSI, Normal volume support",-11.58,-22.09,-15.97,-2.8,2.88,-5.5,-8.78,-24.97,-10.47,0.0,,89.25,Accumulation Zone,74.17,311.78,382.65,22.73,0.0,80.0% of closes stayed inside the range | Range width 22.7% | Currently 0.0% through the range,Tata Motors Passenger Vehicles Limited,Consumer Cyclical,Auto Manufacturers,Automobile,117631.55,True,,False,6.7015,True,1.0495,True,70.364,True,,False,,False,2.69,True,22.81,True,46.47,True,-8.2,True,-80.3,True,,False,,False,47664.0,True,85231.0,True,,False,,False,95.0,True,0.793,True,6.0,0.0,4.0,0.0,6.0,16.0,0.5,,"Revenue contraction, Earnings contraction",2.0,18.0,General low-debt support,36.37,15.0,"Below 200 DMA, Earnings contraction",2.01,Avoid,"Weak but watchable RSI, Near 52W low with stable RSI, Normal volume support, 80.0% of closes stayed inside the range | Range width 22.7% | Currently 0.0% through the range",2026-08-31 23:07 IST
ITC,Consumer Defensive,Tobacco,255.5,-3.95,255.5,407.14,0.0,37.25,24.11,280.72,309.75,12586270.75,24555781.0,1.95,Bearish,19.0,"Oversold RSI, Near 52W low zone, Volume expansion",-10.98,-8.85,-16.65,-2.8,2.88,-5.5,-8.18,-11.73,-11.15,0.0,,88.19,Breakdown Risk,35.0,276.09,299.9,8.62,0.0,80.0% of closes stayed inside the range | Range width 8.6% | Currently 0.0% through the range | Below lower band on elevated volume,ITC Limited,Consumer Defensive,Tobacco,FMCG / Consumer,333292.19,True,16.9751,True,15.8839,True,4.5966,True,3.293,True,,False,,False,24.87,True,25.94,True,58.28,True,-11.1,True,-16.0,True,,False,,False,24510.97,True,2399.36,True,,False,,False,6.02,True,-0.078,True,11.0,0.0,12.0,0.0,13.0,36.0,0.57,Cash covers debt,"Revenue contraction, Earnings contraction",3.0,39.0,"Low debt, typical of a healthy consumer business",37.87,23.0,"Below 200 DMA, Extreme RSI weakness, Earnings contraction",1.08,Avoid,"Oversold RSI, Near 52W low zone, Volume expansion, Cash covers debt, 80.0% of closes stayed inside the range | Range width 8.6% | Currently 0.0% through the range | Below lower band on elevated volume",2026-08-31 23:07 IST
TATAPOWER,Utilities,Utilities - Independent Power Producers,347.0,-1.38,340.39,462.04,1.94,24.9,19.15,377.61,387.13,4775668.2,6001090.0,1.26,Bearish,14.0,"Oversold RSI, Near 52W low zone, Normal volume support",-9.16,-15.01,-5.21,-2.8,2.88,-5.5,-6.36,-17.89,0.29,0.0,,79.73,Accumulation Zone,73.83,375.43,432.42,15.18,0.0,80.0% of closes stayed inside the range | Range width 15.2% | Currently 0.0% through the range,The Tata Power Company Limited,Utilities,Utilities - Independent Power Producers,Energy / Utilities,112428.02,True,29.1508,True,21.0409,True,2.848,True,168.051,True,,False,,False,14.45,True,6.09,True,35.71,True,5.6,True,10.9,True,,False,,False,15050.69,True,79903.32,True,,False,,False,71.0,True,0.342,True,6.0,7.0,0.0,0.0,13.0,26.0,0.57,,,0.0,26.0,,25.41,16.0,"Below 200 DMA, Extreme RSI weakness",0.41,Avoid,"Oversold RSI, Near 52W low zone, Normal volume support, 80.0% of closes stayed inside the range | Range width 15.2% | Currently 0.0% through the range",2026-08-31 23:07 IST
TORNTPOWER,Utilities,Utilities - Independent Power Producers,1215.1,-1.22,1171.76,1817.8,3.7,33.16,23.67,1370.4,1406.07,291833.8,486515.0,1.67,Bearish,19.0,"Oversold RSI, Near 52W low zone, Volume expansion",-14.02,-15.13,-22.16,-2.8,2.88,-5.5,-11.22,-18.01,-16.66,0.0,,79.73,Breakdown Risk,35.0,1317.48,1676.95,27.28,0.0,80.0% of closes stayed inside the range | Range width 27.3% | Currently 0.0% through the range | Below lower band on elevated volume,Torrent Power Limited,Utilities,Utilities - Independent Power Producers,Energy / Utilities,61360.33,True,26.3971,True,20.3065,True,3.2167,True,70.885,True,,False,,False,14.0,True,7.96,True,26.63,True,2.8,True,-12.7,True,,False,,False,2319.41,True,13970.56,True,,False,,False,1.63,True,0.655,True,6.0,0.0,4.0,0.0,10.0,20.0,0.57,,Earnings contraction,2.0,22.0,General low-debt support,25.41,16.0,"Below 200 DMA, Extreme RSI weakness",0.26,Avoid,"Oversold RSI, Near 52W low zone, Volume expansion, 80.0% of closes stayed inside the range | Range width 27.3% | Currently 0.0% through the range | Below lower band on elevated volume",2026-08-31 23:07 IST
GMRAIRPORT,Industrials,Airports & Air Services,93.63,-4.76,84.11,115.64,11.32,19.03,21.62,106.89,100.66,12577645.15,59706242.0,4.75,Bearish,24.0,"Oversold RSI, Near 52W low zone, Strong volume expansion",-11.29,-8.2,-2.96,-2.8,2.88,-5.5,-8.49,-11.08,2.54,0.0,,86.46,Accumulation Zone,72.81,90.89,111.57,22.74,13.24,80.0% of closes stayed inside the range | Range width 22.7% | Currently 13.2% through the range,GMR Airports Limited,Industrials,Airports & Air Services,Capital Goods / Infra,103805.29,True,245.775,True,64.2259,True,-41.3415,True,,False,,False,,False,25.01,True,3.07,True,57.35,True,23.7,True,,False,,False,,False,5283.51,True,43282.52,True,,False,,False,,False,0.573,True,6.0,8.0,0.0,0.0,5.0,19.0,0.36,,Very high PE,5.0,24.0,Strong order-book-driven revenue growth,35.91,20.0,"Below 200 DMA, Extreme RSI weakness, Limited fundamental data coverage",0.0,Avoid,"Oversold RSI, Near 52W low zone, Strong volume expansion, 80.0% of closes stayed inside the range | Range width 22.7% | Currently 13.2% through the range",2026-08-31 23:07 IST
FACT,Basic Materials,Agricultural Inputs,821.25,-1.35,652.1,1058.6,25.94,22.42,48.51,838.95,845.79,1923953.65,159589.0,0.08,Bearish,12.0,RSI recovering,-2.61,-5.11,15.55,-2.8,2.88,-5.5,0.19,-7.99,21.05,25.0,"Positive 6M return, 6M Nifty outperformance",51.52,Accumulation Zone,69.53,790.73,906.37,14.62,26.39,80.0% of closes stayed inside the range | Range width 14.6% | Currently 26.4% through the range,The Fertilisers and Chemicals Travancore Limited,Basic Materials,Agricultural Inputs,General,53868.74,True,,False,,False,38.9638,True,295.147,True,,False,,False,-2.91,True,7.69,True,47.47,True,20.2,True,,False,,False,,False,1670.69,True,3985.45,True,,False,,False,5.0,True,,False,3.0,8.0,0.0,0.0,2.0,13.0,0.43,,Very high debt,0.0,13.0,,36.18,23.0,"Below 200 DMA, Low volume participation, Very high debt, Limited fundamental data coverage",0.0,Avoid,"RSI recovering, Positive 6M return, 6M Nifty outperformance, 80.0% of closes stayed inside the range | Range width 14.6% | Currently 26.4% through the range",2026-08-31 23:07 IST
