symbol,sector,industry,current_price,day_change_pct,low_52w,high_52w,distance_from_low_pct,distance_from_high_pct,rsi,sma50,sma200,avg_volume_20d,latest_volume,volume_ratio,trend,technical_score,technical_reasons,return_1m,return_3m,return_6m,nifty_return_1m,nifty_return_3m,nifty_return_6m,return_vs_nifty_1m,return_vs_nifty_3m,return_vs_nifty_6m,relative_strength_score,relative_strength_reasons,sector_rank_pct,range_status,range_score,range_low,range_high,range_width_pct,range_position_pct,range_reasons,roe,roa,operating_margin,net_profit_margin,revenue_growth,earnings_growth,debt_to_equity,current_ratio,quick_ratio,total_cash_cr,total_debt_cr,operating_cashflow_cr,free_cashflow_cr,trailing_pe,forward_pe,price_to_book,dividend_yield,beta,market_cap_cr,gross_margin,sector_bucket,profitability_score,growth_score,balance_sheet_score,cashflow_score,valuation_score,fundamental_score,fundamental_data_coverage,fundamental_reasons,fundamental_risk_reasons,sector_adjustment,sector_adjusted_fundamental_score,sector_adjustment_reasons,sector_score,risk_penalty,risk_reasons,final_score,score_band,reasons
OFSS,Technology,Software - Infrastructure,7465.4,3.69,2435.42,7540.22,206.53,0.99,75.35,5773.95,4124.3,234485.75,457762.0,1.95,Bullish,67.0,"Above 50 DMA, Above 200 DMA, Strong but overbought RSI, Near 52W high momentum, Volume expansion, Strong positive day move",14.77,100.81,100.52,3.57,7.62,15.18,11.2,93.19,85.34,100.0,"Strong 1M absolute return, Strong 3M absolute return, Strong 6M absolute return, 1M Nifty outperformance, 3M Nifty outperformance, 6M Nifty outperformance, Positive across 1M/3M/6M",4.41,Breakout Watch,73.13,3593.93,6972.93,94.02,100.0,80.0% of closes stayed inside the range | Range width 94.0% | Currently 100.0% through the range | Above upper band on elevated volume,24.21,19.47,42.4,31.7,,,0.93,6.55,,2036.27,69.4,1758.41,1720.29,30.3951,25.7616,14.6798,5.59,0.496,101695.49,58.6,IT / Technology,23.0,0.0,17.0,17.0,9.0,66.0,0.79,"Strong ROE, Cash covers debt",,10.0,76.0,"Strong ROE for an asset-light business, Strong operating margin",45.97,0.0,,75.25,High Conviction,"Above 50 DMA, Above 200 DMA, Strong but overbought RSI, Near 52W high momentum, Volume expansion, Strong positive day move, Strong ROE, Cash covers debt, Strong 1M absolute return, Strong 3M absolute return, Strong 6M absolute return, 1M Nifty outperformance, 3M Nifty outperformance, 6M Nifty outperformance, Positive across 1M/3M/6M, 80.0% of closes stayed inside the range | Range width 94.0% | Currently 100.0% through the range | Above upper band on elevated volume"
COALINDIA,Energy,Thermal Coal,397.89,-0.65,153.6,418.24,159.04,4.86,61.22,359.62,259.25,15645676.25,9680802.0,0.62,Bullish,60.0,"Above 50 DMA, Above 200 DMA, Healthy RSI momentum, Near 52W high momentum",1.02,31.8,95.79,3.57,7.62,15.18,-2.55,24.18,80.61,88.0,"Positive 1M return, Strong 3M absolute return, Strong 6M absolute return, 3M Nifty outperformance, 6M Nifty outperformance, Positive across 1M/3M/6M",35.71,Profit Booking Zone,76.16,236.23,387.45,64.02,100.0,80.0% of closes stayed inside the range | Range width 64.0% | Currently 100.0% through the range,52.21,14.28,29.57,24.93,,,7.12,1.57,1.45,5627.43,4331.42,35733.97,20415.86,8.1631,7.2265,2.1177,5.09,-0.04,252240.46,74.76,Metals / Mining,25.0,0.0,18.0,17.0,15.0,75.0,0.86,"Strong ROE, Cash covers debt",,4.0,79.0,"General quality ROE, General low-debt support",60.1,0.0,,73.67,Strong,"Above 50 DMA, Above 200 DMA, Healthy RSI momentum, Near 52W high momentum, Strong ROE, Cash covers debt, Positive 1M return, Strong 3M absolute return, Strong 6M absolute return, 3M Nifty outperformance, 6M Nifty outperformance, Positive across 1M/3M/6M, 80.0% of closes stayed inside the range | Range width 64.0% | Currently 100.0% through the range"
HCLTECH,Technology,Information Technology Services,1480.08,-0.4,749.44,1534.04,97.49,3.52,52.79,1424.18,1172.43,2519555.55,3181239.0,1.26,Bullish,65.0,"Above 50 DMA, Above 200 DMA, Healthy RSI momentum, Near 52W high momentum, Normal volume support",0.24,24.27,35.18,3.57,7.62,15.18,-3.33,16.65,20.0,88.0,"Positive 1M return, Strong 3M absolute return, Strong 6M absolute return, 3M Nifty outperformance, 6M Nifty outperformance, Positive across 1M/3M/6M",16.18,Profit Booking Zone,81.31,1115.15,1491.25,33.73,97.03,80.0% of closes stayed inside the range | Range width 33.7% | Currently 97.0% through the range,22.71,15.9,32.95,14.64,,,7.32,2.5,2.49,9057.0,4786.0,18009.0,16348.0,21.2315,17.0459,4.9998,4.39,0.006,369445.39,34.0,IT / Technology,22.0,0.0,20.0,17.0,11.0,70.0,0.86,"Strong ROE, Cash covers debt",,10.0,80.0,"Strong ROE for an asset-light business, Strong operating margin",45.97,0.0,,73.15,Strong,"Above 50 DMA, Above 200 DMA, Healthy RSI momentum, Near 52W high momentum, Normal volume support, Strong ROE, Cash covers debt, Positive 1M return, Strong 3M absolute return, Strong 6M absolute return, 3M Nifty outperformance, 6M Nifty outperformance, Positive across 1M/3M/6M, 80.0% of closes stayed inside the range | Range width 33.7% | Currently 97.0% through the range"
BAJAJ-AUTO,Consumer Cyclical,Auto Manufacturers,8470.56,3.18,3203.99,8560.05,164.38,1.05,71.16,7292.87,5450.22,568322.55,1243547.0,2.19,Bullish,72.0,"Above 50 DMA, Above 200 DMA, Strong but overbought RSI, Near 52W high momentum, Strong volume expansion, Strong positive day move",14.46,45.71,91.48,3.57,7.62,15.18,10.89,38.09,76.3,100.0,"Strong 1M absolute return, Strong 3M absolute return, Strong 6M absolute return, 1M Nifty outperformance, 3M Nifty outperformance, 6M Nifty outperformance, Positive across 1M/3M/6M",7.14,Breakout Watch,78.9,4805.31,7813.7,62.61,100.0,80.0% of closes stayed inside the range | Range width 62.6% | Currently 100.0% through the range | Above upper band on elevated volume,20.64,17.25,17.13,17.12,,,0.0,1.83,1.53,241.62,0.0,5277.42,4167.22,27.8148,24.7664,8.4212,1.28,0.633,321520.48,34.19,Automobile,19.0,0.0,19.0,17.0,8.0,63.0,0.86,"Strong ROE, Net cash position",,4.0,67.0,"General quality ROE, General low-debt support",43.25,0.0,,72.94,Strong,"Above 50 DMA, Above 200 DMA, Strong but overbought RSI, Near 52W high momentum, Strong volume expansion, Strong positive day move, Strong ROE, Net cash position, Strong 1M absolute return, Strong 3M absolute return, Strong 6M absolute return, 1M Nifty outperformance, 3M Nifty outperformance, 6M Nifty outperformance, Positive across 1M/3M/6M, 80.0% of closes stayed inside the range | Range width 62.6% | Currently 100.0% through the range | Above upper band on elevated volume"
SIEMENS,Industrials,Specialty Industrial Machinery,2717.52,-0.85,1540.11,2770.49,76.45,1.91,69.36,2486.49,2223.34,382328.1,244233.0,0.64,Bullish,60.0,"Above 50 DMA, Above 200 DMA, Healthy RSI momentum, Near 52W high momentum",10.46,22.31,20.42,3.57,7.62,15.18,6.89,14.69,5.24,80.0,"Strong 1M absolute return, Strong 3M absolute return, Positive 6M return, 1M Nifty outperformance, 3M Nifty outperformance, Positive across 1M/3M/6M",27.71,Profit Booking Zone,81.27,1986.71,2582.22,29.97,100.0,80.0% of closes stayed inside the range | Range width 30.0% | Currently 100.0% through the range,14.98,9.01,11.04,10.17,21.45,27.09,1.34,2.2,1.87,1191.7,175.2,1400.0,1198.0,84.7533,59.3557,10.3412,45.0,0.57,143124.83,28.2,Capital Goods / Infra,14.0,18.0,20.0,17.0,5.0,74.0,1.0,Cash covers debt,Very high PE,5.0,79.0,Strong order-book-driven revenue growth,49.07,0.0,,70.01,Strong,"Above 50 DMA, Above 200 DMA, Healthy RSI momentum, Near 52W high momentum, Cash covers debt, Strong 1M absolute return, Strong 3M absolute return, Positive 6M return, 1M Nifty outperformance, 3M Nifty outperformance, Positive across 1M/3M/6M, 80.0% of closes stayed inside the range | Range width 30.0% | Currently 100.0% through the range"
NMDC,Basic Materials,Steel,73.14,-0.89,24.26,75.41,201.51,3.01,58.86,67.62,47.47,78388290.9,45042561.0,0.57,Bullish,60.0,"Above 50 DMA, Above 200 DMA, Healthy RSI momentum, Near 52W high momentum",0.16,32.97,77.38,3.57,7.62,15.18,-3.41,25.35,62.2,88.0,"Positive 1M return, Strong 3M absolute return, Strong 6M absolute return, 3M Nifty outperformance, 6M Nifty outperformance, Positive across 1M/3M/6M",7.89,Profit Booking Zone,76.3,44.15,72.0,63.09,100.0,80.0% of closes stayed inside the range | Range width 63.1% | Currently 100.0% through the range,24.76,18.7,32.39,31.72,,,9.41,2.97,2.52,93.0,2127.87,1837.59,590.37,10.094,8.3816,2.2131,4.1,0.643,75521.71,45.64,Metals / Mining,23.0,0.0,17.0,17.0,15.0,72.0,0.86,Strong ROE,,4.0,76.0,"General quality ROE, General low-debt support",41.06,0.0,,69.76,Strong,"Above 50 DMA, Above 200 DMA, Healthy RSI momentum, Near 52W high momentum, Strong ROE, Positive 1M return, Strong 3M absolute return, Strong 6M absolute return, 3M Nifty outperformance, 6M Nifty outperformance, Positive across 1M/3M/6M, 80.0% of closes stayed inside the range | Range width 63.1% | Currently 100.0% through the range"
ANANDRATHI,Financial Services,Asset Management,975.42,2.08,155.16,1000.49,528.67,2.51,75.34,789.23,483.1,259436.0,320712.0,1.24,Bullish,62.0,"Above 50 DMA, Above 200 DMA, Strong but overbought RSI, Near 52W high momentum, Normal volume support, Strong positive day move",16.18,52.96,182.74,3.57,7.62,15.18,12.61,45.34,167.56,100.0,"Strong 1M absolute return, Strong 3M absolute return, Strong 6M absolute return, 1M Nifty outperformance, 3M Nifty outperformance, 6M Nifty outperformance, Positive across 1M/3M/6M",4.65,Profit Booking Zone,71.19,418.03,903.46,116.12,100.0,80.0% of closes stayed inside the range | Range width 116.1% | Currently 100.0% through the range,35.97,26.98,40.47,30.7,,,7.84,2.95,,64.76,36.72,83.89,66.96,78.1228,65.0423,36.4135,32.0,0.337,36346.43,57.81,Financial Services,25.0,0.0,17.0,17.0,5.0,64.0,0.79,"Strong ROE, Cash covers debt",,2.0,66.0,"Strong ROE for a leveraged-balance-sheet business, Expensive relative to book value for this sector",40.8,0.0,,69.72,Strong,"Above 50 DMA, Above 200 DMA, Strong but overbought RSI, Near 52W high momentum, Normal volume support, Strong positive day move, Strong ROE, Cash covers debt, Strong 1M absolute return, Strong 3M absolute return, Strong 6M absolute return, 1M Nifty outperformance, 3M Nifty outperformance, 6M Nifty outperformance, Positive across 1M/3M/6M, 80.0% of closes stayed inside the range | Range width 116.1% | Currently 100.0% through the range"
ABB,Industrials,Specialty Industrial Machinery,5607.45,1.23,2557.9,5628.1,119.22,0.37,77.33,4720.51,4324.39,850606.25,289128.0,0.34,Bullish,52.0,"Above 50 DMA, Above 200 DMA, Strong but overbought RSI, Near 52W high momentum, Positive day move",29.67,21.62,33.91,3.57,7.62,15.18,26.1,14.0,18.73,100.0,"Strong 1M absolute return, Strong 3M absolute return, Strong 6M absolute return, 1M Nifty outperformance, 3M Nifty outperformance, 6M Nifty outperformance, Positive across 1M/3M/6M",6.02,Profit Booking Zone,81.0,3981.88,4800.79,20.57,100.0,80.0% of closes stayed inside the range | Range width 20.6% | Currently 100.0% through the range,20.89,11.29,13.64,11.98,21.98,22.22,0.82,1.9,1.59,876.88,48.98,1351.48,1168.4,102.0381,73.5122,17.5008,52.0,0.486,163381.35,37.28,Capital Goods / Infra,16.0,16.0,19.0,17.0,5.0,73.0,1.0,"Strong ROE, Cash covers debt",Very high PE,5.0,78.0,Strong order-book-driven revenue growth,49.07,3.0,Low volume participation,69.66,Strong,"Above 50 DMA, Above 200 DMA, Strong but overbought RSI, Near 52W high momentum, Positive day move, Strong ROE, Cash covers debt, Strong 1M absolute return, Strong 3M absolute return, Strong 6M absolute return, 1M Nifty outperformance, 3M Nifty outperformance, 6M Nifty outperformance, Positive across 1M/3M/6M, 80.0% of closes stayed inside the range | Range width 20.6% | Currently 100.0% through the range"
SOLARINDS,Basic Materials,Specialty Chemicals,7498.61,4.08,3150.56,7817.8,138.01,4.08,62.28,6813.43,5298.52,142712.75,227768.0,1.6,Bullish,80.0,"Above 50 DMA, Above 200 DMA, Healthy RSI momentum, Near 52W high momentum, Volume expansion, Strong positive day move",8.72,19.37,60.23,3.57,7.62,15.18,5.15,11.75,45.05,88.0,"Positive 1M return, Positive 3M return, Strong 6M absolute return, 1M Nifty outperformance, 3M Nifty outperformance, 6M Nifty outperformance, Positive across 1M/3M/6M",7.89,Breakout Watch,83.33,4800.56,6925.23,44.26,100.0,80.0% of closes stayed inside the range | Range width 44.3% | Currently 100.0% through the range | Above upper band on elevated volume,29.01,15.03,19.88,11.18,,,45.77,1.53,0.86,245.04,1194.69,656.48,177.37,100.7965,56.2038,27.0006,6.0,0.238,169487.88,49.2,Chemicals,21.0,0.0,11.0,17.0,5.0,54.0,0.86,Strong ROE,Very high PE,4.0,58.0,"General quality ROE, General low-debt support",41.06,0.0,,68.46,Strong,"Above 50 DMA, Above 200 DMA, Healthy RSI momentum, Near 52W high momentum, Volume expansion, Strong positive day move, Strong ROE, Positive 1M return, Positive 3M return, Strong 6M absolute return, 1M Nifty outperformance, 3M Nifty outperformance, 6M Nifty outperformance, Positive across 1M/3M/6M, 80.0% of closes stayed inside the range | Range width 44.3% | Currently 100.0% through the range | Above upper band on elevated volume"
GODFRYPHLP,Consumer Defensive,Tobacco,1054.66,4.24,328.0,1067.59,221.54,1.21,84.51,785.06,668.79,387617.1,373704.0,0.96,Bullish,57.0,"Above 50 DMA, Above 200 DMA, Strong but overbought RSI, Near 52W high momentum, Strong positive day move",38.24,56.74,54.57,3.57,7.62,15.18,34.67,49.12,39.39,100.0,"Strong 1M absolute return, Strong 3M absolute return, Strong 6M absolute return, 1M Nifty outperformance, 3M Nifty outperformance, 6M Nifty outperformance, Positive across 1M/3M/6M",6.52,Profit Booking Zone,80.82,660.44,850.37,28.76,100.0,80.0% of closes stayed inside the range | Range width 28.8% | Currently 100.0% through the range,19.46,13.9,18.77,19.56,,,9.97,1.37,0.47,15.73,353.76,735.92,649.23,25.0856,19.6164,5.5211,2.25,0.33,34300.39,43.61,FMCG / Consumer,22.0,0.0,11.0,17.0,11.0,61.0,0.86,Strong ROE,,3.0,64.0,"Low debt, typical of a healthy consumer business",39.98,0.0,,67.65,Strong,"Above 50 DMA, Above 200 DMA, Strong but overbought RSI, Near 52W high momentum, Strong positive day move, Strong ROE, Strong 1M absolute return, Strong 3M absolute return, Strong 6M absolute return, 1M Nifty outperformance, 3M Nifty outperformance, 6M Nifty outperformance, Positive across 1M/3M/6M, 80.0% of closes stayed inside the range | Range width 28.8% | Currently 100.0% through the range"
OIL,Energy,Oil & Gas Integrated,391.72,-0.59,95.09,402.22,311.96,2.61,70.37,293.58,204.23,13939274.9,6128920.0,0.44,Bullish,47.0,"Above 50 DMA, Above 200 DMA, Strong but overbought RSI, Near 52W high momentum",22.79,99.05,129.31,3.57,7.62,15.18,19.22,91.43,114.13,100.0,"Strong 1M absolute return, Strong 3M absolute return, Strong 6M absolute return, 1M Nifty outperformance, 3M Nifty outperformance, 6M Nifty outperformance, Positive across 1M/3M/6M",10.71,Profit Booking Zone,68.58,180.58,354.58,96.35,100.0,80.0% of closes stayed inside the range | Range width 96.4% | Currently 100.0% through the range,22.68,11.81,40.98,24.19,,,48.94,1.69,1.1,340.64,18831.75,11410.41,2885.86,9.1579,7.5062,1.3235,4.04,0.253,76775.88,56.89,Energy / Utilities,22.0,0.0,13.0,17.0,15.0,67.0,0.86,Strong ROE,,4.0,71.0,"General quality ROE, General low-debt support",60.1,3.0,Low volume participation,67.61,Strong,"Above 50 DMA, Above 200 DMA, Strong but overbought RSI, Near 52W high momentum, Strong ROE, Strong 1M absolute return, Strong 3M absolute return, Strong 6M absolute return, 1M Nifty outperformance, 3M Nifty outperformance, 6M Nifty outperformance, Positive across 1M/3M/6M, 80.0% of closes stayed inside the range | Range width 96.4% | Currently 100.0% through the range"
INDHOTEL,Consumer Cyclical,Lodging,581.63,2.37,259.95,596.52,123.75,2.5,66.11,503.05,425.17,4302199.9,2853111.0,0.66,Bullish,70.0,"Above 50 DMA, Above 200 DMA, Healthy RSI momentum, Near 52W high momentum, Strong positive day move",11.92,33.43,39.65,3.57,7.62,15.18,8.35,25.81,24.47,100.0,"Strong 1M absolute return, Strong 3M absolute return, Strong 6M absolute return, 1M Nifty outperformance, 3M Nifty outperformance, 6M Nifty outperformance, Positive across 1M/3M/6M",7.14,Profit Booking Zone,82.52,400.95,543.81,35.63,100.0,80.0% of closes stayed inside the range | Range width 35.6% | Currently 100.0% through the range,12.56,7.33,24.88,17.96,,,39.33,1.22,1.17,736.39,3139.01,1618.99,1129.65,48.0744,38.7458,7.8957,45.0,-0.154,103056.49,63.01,Consumer Discretionary,16.0,0.0,11.0,17.0,7.0,51.0,0.86,,,2.0,53.0,General low-debt support,43.25,0.0,,67.54,Strong,"Above 50 DMA, Above 200 DMA, Healthy RSI momentum, Near 52W high momentum, Strong positive day move, Strong 1M absolute return, Strong 3M absolute return, Strong 6M absolute return, 1M Nifty outperformance, 3M Nifty outperformance, 6M Nifty outperformance, Positive across 1M/3M/6M, 80.0% of closes stayed inside the range | Range width 35.6% | Currently 100.0% through the range"
HAL,Industrials,Aerospace & Defense,3239.84,2.76,1047.95,3256.15,209.16,0.5,72.61,2909.12,2179.42,1757710.25,2251410.0,1.28,Bullish,62.0,"Above 50 DMA, Above 200 DMA, Strong but overbought RSI, Near 52W high momentum, Normal volume support, Strong positive day move",7.89,24.24,68.5,3.57,7.62,15.18,4.32,16.62,53.32,88.0,"Positive 1M return, Strong 3M absolute return, Strong 6M absolute return, 3M Nifty outperformance, 6M Nifty outperformance, Positive across 1M/3M/6M",18.07,Profit Booking Zone,77.46,1860.15,2941.85,58.15,100.0,80.0% of closes stayed inside the range | Range width 58.2% | Currently 100.0% through the range,24.72,8.67,21.66,22.11,,,0.01,1.68,1.29,4440.77,2.65,8829.72,7048.5,36.6014,29.4868,8.1395,41.0,0.502,334053.09,51.85,Capital Goods / Infra,21.0,0.0,18.0,17.0,7.0,63.0,0.86,"Strong ROE, Cash covers debt",,0.0,63.0,,49.07,0.0,,66.91,Strong,"Above 50 DMA, Above 200 DMA, Strong but overbought RSI, Near 52W high momentum, Normal volume support, Strong positive day move, Strong ROE, Cash covers debt, Positive 1M return, Strong 3M absolute return, Strong 6M absolute return, 3M Nifty outperformance, 6M Nifty outperformance, Positive across 1M/3M/6M, 80.0% of closes stayed inside the range | Range width 58.2% | Currently 100.0% through the range"
TATACONSUM,Consumer Defensive,Packaged Foods,1233.26,3.4,663.99,1240.44,85.74,0.58,78.09,1117.35,919.65,1447900.9,3522952.0,2.43,Bullish,72.0,"Above 50 DMA, Above 200 DMA, Strong but overbought RSI, Near 52W high momentum, Strong volume expansion, Strong positive day move",10.87,31.84,49.11,3.57,7.62,15.18,7.3,24.22,33.93,100.0,"Strong 1M absolute return, Strong 3M absolute return, Strong 6M absolute return, 1M Nifty outperformance, 3M Nifty outperformance, 6M Nifty outperformance, Positive across 1M/3M/6M",6.52,Breakout Watch,83.5,860.87,1135.75,31.93,100.0,80.0% of closes stayed inside the range | Range width 31.9% | Currently 100.0% through the range | Above upper band on elevated volume,7.4,5.28,11.37,8.81,,,9.83,2.12,1.43,1539.56,1600.04,1461.29,1149.54,64.3966,44.4085,4.823,93.0,0.414,105095.18,41.11,FMCG / Consumer,8.0,0.0,16.0,17.0,7.0,48.0,0.86,,,3.0,51.0,"Low debt, typical of a healthy consumer business",39.98,0.0,,66.85,Strong,"Above 50 DMA, Above 200 DMA, Strong but overbought RSI, Near 52W high momentum, Strong volume expansion, Strong positive day move, Strong 1M absolute return, Strong 3M absolute return, Strong 6M absolute return, 1M Nifty outperformance, 3M Nifty outperformance, 6M Nifty outperformance, Positive across 1M/3M/6M, 80.0% of closes stayed inside the range | Range width 31.9% | Currently 100.0% through the range | Above upper band on elevated volume"
IRCTC,Consumer Cyclical,Travel Services,911.78,0.88,538.33,1018.51,69.37,10.48,50.38,910.9,719.54,3017501.5,1565514.0,0.52,Bullish,65.0,"Above 50 DMA, Above 200 DMA, Healthy RSI momentum, Near 52W high momentum, Positive day move",-0.76,23.67,33.76,3.57,7.62,15.18,-4.33,16.05,18.58,70.0,"Strong 3M absolute return, Strong 6M absolute return, 3M Nifty outperformance, 6M Nifty outperformance",25.51,Profit Booking Zone,79.42,650.66,929.69,42.88,93.58,80.0% of closes stayed inside the range | Range width 42.9% | Currently 93.6% through the range,40.59,19.77,35.31,28.41,,,3.4,1.82,1.82,428.85,84.16,811.73,744.18,29.5824,22.5736,9.5354,1.84,0.171,41084.0,36.63,Consumer Discretionary,25.0,0.0,19.0,17.0,8.0,69.0,0.86,"Strong ROE, Cash covers debt",,4.0,73.0,"General quality ROE, General low-debt support",43.25,0.0,,65.79,Strong,"Above 50 DMA, Above 200 DMA, Healthy RSI momentum, Near 52W high momentum, Positive day move, Strong ROE, Cash covers debt, Strong 3M absolute return, Strong 6M absolute return, 3M Nifty outperformance, 6M Nifty outperformance, 80.0% of closes stayed inside the range | Range width 42.9% | Currently 93.6% through the range"
COLPAL,Consumer Defensive,Household & Personal Products,2441.91,0.9,1327.04,2482.63,84.01,1.64,57.1,2384.85,1981.41,182074.1,235648.0,1.29,Bullish,70.0,"Above 50 DMA, Above 200 DMA, Healthy RSI momentum, Near 52W high momentum, Normal volume support, Positive day move",3.22,11.86,34.26,3.57,7.62,15.18,-0.35,4.24,19.08,63.0,"Positive 1M return, Positive 3M return, Strong 6M absolute return, 6M Nifty outperformance, Positive across 1M/3M/6M",19.57,Profit Booking Zone,83.59,1874.71,2408.98,28.5,100.0,80.0% of closes stayed inside the range | Range width 28.5% | Currently 100.0% through the range,61.01,36.32,26.47,20.18,,,4.02,1.43,1.12,806.06,68.96,1176.26,1106.17,40.4887,34.0636,34.4253,2.39,0.522,54533.12,68.93,FMCG / Consumer,25.0,0.0,16.0,17.0,7.0,65.0,0.86,"Strong ROE, Cash covers debt",,8.0,73.0,"Strong ROE for a consumer staples business, Low debt, typical of a healthy consumer business",39.98,0.0,,64.8,Watchlist,"Above 50 DMA, Above 200 DMA, Healthy RSI momentum, Near 52W high momentum, Normal volume support, Positive day move, Strong ROE, Cash covers debt, Positive 1M return, Positive 3M return, Strong 6M absolute return, 6M Nifty outperformance, Positive across 1M/3M/6M, 80.0% of closes stayed inside the range | Range width 28.5% | Currently 100.0% through the range"
PETRONET,Energy,Oil & Gas Refining & Marketing,261.0,-1.42,166.97,274.72,56.32,4.99,55.78,240.13,208.58,6036495.45,2703291.0,0.45,Bullish,60.0,"Above 50 DMA, Above 200 DMA, Healthy RSI momentum, Near 52W high momentum",1.22,32.35,33.27,3.57,7.62,15.18,-2.35,24.73,18.09,88.0,"Positive 1M return, Strong 3M absolute return, Strong 6M absolute return, 3M Nifty outperformance, 6M Nifty outperformance, Positive across 1M/3M/6M",35.71,Profit Booking Zone,79.2,181.32,260.64,43.75,100.0,80.0% of closes stayed inside the range | Range width 43.7% | Currently 100.0% through the range,21.79,14.59,7.37,5.64,,,21.91,4.04,3.65,62.66,3345.01,2518.52,1459.68,10.7263,9.9224,1.8833,3.61,0.45,41977.51,14.66,Energy / Utilities,11.0,0.0,15.0,17.0,15.0,58.0,0.86,Strong ROE,,4.0,62.0,"General quality ROE, General low-debt support",60.1,3.0,Low volume participation,64.72,Watchlist,"Above 50 DMA, Above 200 DMA, Healthy RSI momentum, Near 52W high momentum, Strong ROE, Positive 1M return, Strong 3M absolute return, Strong 6M absolute return, 3M Nifty outperformance, 6M Nifty outperformance, Positive across 1M/3M/6M, 80.0% of closes stayed inside the range | Range width 43.7% | Currently 100.0% through the range"
ZYDUSLIFE,Healthcare,Drug Manufacturers - Specialty & Generic,962.42,1.55,341.92,967.54,181.47,0.53,81.39,789.46,641.7,1413555.95,921521.0,0.65,Bullish,52.0,"Above 50 DMA, Above 200 DMA, Strong but overbought RSI, Near 52W high momentum, Positive day move",21.78,48.45,57.41,3.57,7.62,15.18,18.21,40.83,42.23,100.0,"Strong 1M absolute return, Strong 3M absolute return, Strong 6M absolute return, 1M Nifty outperformance, 3M Nifty outperformance, 6M Nifty outperformance, Positive across 1M/3M/6M",3.57,Profit Booking Zone,76.28,581.01,883.45,52.05,100.0,80.0% of closes stayed inside the range | Range width 52.1% | Currently 100.0% through the range,11.19,7.61,16.9,11.61,,,6.82,1.81,1.19,487.8,1194.9,2688.8,1657.9,26.8374,24.5592,4.4723,8.0,0.37,120199.21,72.11,Pharma / Healthcare,10.0,0.0,15.0,17.0,11.0,53.0,0.86,,,2.0,55.0,General low-debt support,47.16,0.0,,64.32,Watchlist,"Above 50 DMA, Above 200 DMA, Strong but overbought RSI, Near 52W high momentum, Positive day move, Strong 1M absolute return, Strong 3M absolute return, Strong 6M absolute return, 1M Nifty outperformance, 3M Nifty outperformance, 6M Nifty outperformance, Positive across 1M/3M/6M, 80.0% of closes stayed inside the range | Range width 52.1% | Currently 100.0% through the range"
SUNPHARMA,Healthcare,Drug Manufacturers - Specialty & Generic,1571.46,0.11,824.65,1585.41,90.56,0.88,74.35,1396.98,1161.32,2459266.7,2440999.0,0.99,Bullish,52.0,"Above 50 DMA, Above 200 DMA, Strong but overbought RSI, Near 52W high momentum, Positive day move",7.69,30.3,45.63,3.57,7.62,15.18,4.12,22.68,30.45,88.0,"Positive 1M return, Strong 3M absolute return, Strong 6M absolute return, 3M Nifty outperformance, 6M Nifty outperformance, Positive across 1M/3M/6M",10.71,Profit Booking Zone,78.43,1096.17,1509.43,37.7,100.0,80.0% of closes stayed inside the range | Range width 37.7% | Currently 100.0% through the range,15.13,10.49,21.44,19.58,,,12.3,2.0,1.48,4623.73,6885.87,4959.33,2873.75,38.5027,30.1242,5.5813,82.0,0.124,466430.72,78.92,Pharma / Healthcare,19.0,0.0,16.0,17.0,9.0,61.0,0.86,,,2.0,63.0,General low-debt support,47.16,0.0,,64.12,Watchlist,"Above 50 DMA, Above 200 DMA, Strong but overbought RSI, Near 52W high momentum, Positive day move, Positive 1M return, Strong 3M absolute return, Strong 6M absolute return, 3M Nifty outperformance, 6M Nifty outperformance, Positive across 1M/3M/6M, 80.0% of closes stayed inside the range | Range width 37.7% | Currently 100.0% through the range"
DLF,Real Estate,Real Estate - Development,897.16,-0.26,325.47,918.22,175.65,2.29,68.83,795.63,592.59,4420562.55,2108204.0,0.48,Bullish,60.0,"Above 50 DMA, Above 200 DMA, Healthy RSI momentum, Near 52W high momentum",10.77,41.89,79.08,3.57,7.62,15.18,7.2,34.27,63.9,100.0,"Strong 1M absolute return, Strong 3M absolute return, Strong 6M absolute return, 1M Nifty outperformance, 3M Nifty outperformance, 6M Nifty outperformance, Positive across 1M/3M/6M",15.0,Profit Booking Zone,76.22,516.05,844.42,63.63,100.0,80.0% of closes stayed inside the range | Range width 63.6% | Currently 100.0% through the range,5.4,3.78,29.12,35.83,,,8.85,2.3,0.57,165.52,3334.0,2375.26,2311.52,36.8868,25.8892,3.6022,1.23,0.386,163803.75,46.51,Cement / Realty,12.0,0.0,14.0,17.0,8.0,51.0,0.86,,,2.0,53.0,General low-debt support,53.37,3.0,Low volume participation,63.56,Watchlist,"Above 50 DMA, Above 200 DMA, Healthy RSI momentum, Near 52W high momentum, Strong 1M absolute return, Strong 3M absolute return, Strong 6M absolute return, 1M Nifty outperformance, 3M Nifty outperformance, 6M Nifty outperformance, Positive across 1M/3M/6M, 80.0% of closes stayed inside the range | Range width 63.6% | Currently 100.0% through the range"
TORNTPHARM,Healthcare,Drug Manufacturers - Specialty & Generic,2610.49,-0.98,1388.75,2686.71,87.97,2.84,60.51,2456.74,2025.0,219676.45,414029.0,1.88,Bullish,70.0,"Above 50 DMA, Above 200 DMA, Healthy RSI momentum, Near 52W high momentum, Volume expansion",1.56,27.92,47.07,3.57,7.62,15.18,-2.01,20.3,31.89,88.0,"Positive 1M return, Strong 3M absolute return, Strong 6M absolute return, 3M Nifty outperformance, 6M Nifty outperformance, Positive across 1M/3M/6M",10.71,Profit Booking Zone,81.69,1820.76,2570.8,41.19,100.0,80.0% of closes stayed inside the range | Range width 41.2% | Currently 100.0% through the range,20.09,8.29,22.61,13.16,,,86.62,0.98,0.57,508.53,5368.56,2368.13,1794.19,78.2379,52.2222,19.7416,78.0,0.145,186114.0,75.98,Pharma / Healthcare,20.0,0.0,4.0,17.0,5.0,46.0,0.86,Strong ROE,,2.0,48.0,General quality ROE,47.16,0.0,,63.37,Watchlist,"Above 50 DMA, Above 200 DMA, Healthy RSI momentum, Near 52W high momentum, Volume expansion, Strong ROE, Positive 1M return, Strong 3M absolute return, Strong 6M absolute return, 3M Nifty outperformance, 6M Nifty outperformance, Positive across 1M/3M/6M, 80.0% of closes stayed inside the range | Range width 41.2% | Currently 100.0% through the range"
CUMMINSIND,Industrials,Specialty Industrial Machinery,2694.07,0.1,1088.43,2733.7,147.52,1.45,71.51,2259.79,1860.74,684088.9,479478.0,0.7,Bullish,52.0,"Above 50 DMA, Above 200 DMA, Strong but overbought RSI, Near 52W high momentum, Positive day move",8.55,43.4,62.59,3.57,7.62,15.18,4.98,35.78,47.41,88.0,"Positive 1M return, Strong 3M absolute return, Strong 6M absolute return, 3M Nifty outperformance, 6M Nifty outperformance, Positive across 1M/3M/6M",18.07,Profit Booking Zone,75.82,1631.19,2530.55,55.14,100.0,80.0% of closes stayed inside the range | Range width 55.1% | Currently 100.0% through the range,21.33,15.51,14.49,16.07,,,6.53,2.7,2.22,396.69,376.09,819.66,657.6,62.7339,45.4491,17.5475,1.23,0.546,148717.8,35.46,Capital Goods / Infra,19.0,0.0,20.0,17.0,4.0,60.0,0.86,"Strong ROE, Cash covers debt",,0.0,60.0,,49.07,0.0,,63.36,Watchlist,"Above 50 DMA, Above 200 DMA, Strong but overbought RSI, Near 52W high momentum, Positive day move, Strong ROE, Cash covers debt, Positive 1M return, Strong 3M absolute return, Strong 6M absolute return, 3M Nifty outperformance, 6M Nifty outperformance, Positive across 1M/3M/6M, 80.0% of closes stayed inside the range | Range width 55.1% | Currently 100.0% through the range"
VBL,Consumer Defensive,Beverages - Non-Alcoholic,564.89,-0.73,179.77,619.9,214.23,8.87,54.01,530.52,404.35,5245779.3,3851625.0,0.73,Bullish,60.0,"Above 50 DMA, Above 200 DMA, Healthy RSI momentum, Near 52W high momentum",3.49,32.16,54.2,3.57,7.62,15.18,-0.08,24.54,39.02,88.0,"Positive 1M return, Strong 3M absolute return, Strong 6M absolute return, 3M Nifty outperformance, 6M Nifty outperformance, Positive across 1M/3M/6M",13.04,Profit Booking Zone,78.49,364.43,564.78,54.98,100.0,80.8% of closes stayed inside the range | Range width 55.0% | Currently 100.0% through the range,29.64,13.54,20.01,13.16,20.9,37.3,78.3,1.02,0.5,242.21,5431.31,2390.78,-873.27,44.006,37.7022,7.6091,46.0,0.298,148997.58,55.45,FMCG / Consumer,23.0,18.0,6.0,9.0,7.0,63.0,1.0,Strong ROE,Negative free cash flow,5.0,68.0,Strong ROE for a consumer staples business,39.98,4.0,Negative free cash flow,62.8,Watchlist,"Above 50 DMA, Above 200 DMA, Healthy RSI momentum, Near 52W high momentum, Strong ROE, Positive 1M return, Strong 3M absolute return, Strong 6M absolute return, 3M Nifty outperformance, 6M Nifty outperformance, Positive across 1M/3M/6M, 80.8% of closes stayed inside the range | Range width 55.0% | Currently 100.0% through the range"
SONACOMS,Consumer Cyclical,Auto Parts,674.14,0.45,388.88,708.13,73.36,4.8,62.27,616.46,564.83,2150555.5,2177919.0,1.01,Bullish,70.0,"Above 50 DMA, Above 200 DMA, Healthy RSI momentum, Near 52W high momentum, Normal volume support, Positive day move",12.64,18.84,17.62,3.57,7.62,15.18,9.07,11.22,2.44,70.0,"Strong 1M absolute return, Positive 3M return, Positive 6M return, 1M Nifty outperformance, 3M Nifty outperformance, Positive across 1M/3M/6M",25.51,Profit Booking Zone,85.34,543.08,634.62,16.86,100.0,80.0% of closes stayed inside the range | Range width 16.9% | Currently 100.0% through the range,17.26,12.92,19.36,15.39,,,12.89,2.37,1.78,44.11,295.19,533.29,198.05,71.4476,47.8131,8.3617,45.0,0.449,50164.83,49.92,Automobile,19.0,0.0,17.0,17.0,5.0,58.0,0.86,,,2.0,60.0,General low-debt support,43.25,0.0,,62.49,Watchlist,"Above 50 DMA, Above 200 DMA, Healthy RSI momentum, Near 52W high momentum, Normal volume support, Positive day move, Strong 1M absolute return, Positive 3M return, Positive 6M return, 1M Nifty outperformance, 3M Nifty outperformance, Positive across 1M/3M/6M, 80.0% of closes stayed inside the range | Range width 16.9% | Currently 100.0% through the range"
ONGC,Energy,Oil & Gas Integrated,250.53,-0.77,96.9,256.7,158.55,2.4,63.2,221.34,171.34,19389371.7,11386963.0,0.59,Bullish,60.0,"Above 50 DMA, Above 200 DMA, Healthy RSI momentum, Near 52W high momentum",3.3,41.87,58.85,3.57,7.62,15.18,-0.27,34.25,43.67,88.0,"Positive 1M return, Strong 3M absolute return, Strong 6M absolute return, 3M Nifty outperformance, 6M Nifty outperformance, Positive across 1M/3M/6M",35.71,Profit Booking Zone,77.86,159.26,243.16,52.69,100.0,80.0% of closes stayed inside the range | Range width 52.7% | Currently 100.0% through the range,12.9,5.71,10.69,5.83,,,62.11,0.87,0.53,2643.66,176744.04,86062.1,35131.85,6.909,5.754,0.809,6.06,0.107,300731.57,35.33,Energy / Utilities,9.0,0.0,4.0,17.0,15.0,45.0,0.86,,,2.0,47.0,General low-debt support,60.1,0.0,,62.46,Watchlist,"Above 50 DMA, Above 200 DMA, Healthy RSI momentum, Near 52W high momentum, Positive 1M return, Strong 3M absolute return, Strong 6M absolute return, 3M Nifty outperformance, 6M Nifty outperformance, Positive across 1M/3M/6M, 80.0% of closes stayed inside the range | Range width 52.7% | Currently 100.0% through the range"
ADANIPORTS,Industrials,Marine Shipping,1307.89,0.05,387.26,1338.57,237.73,2.29,62.27,1204.44,897.9,2725900.75,1640786.0,0.6,Bullish,65.0,"Above 50 DMA, Above 200 DMA, Healthy RSI momentum, Near 52W high momentum, Positive day move",6.44,27.49,65.46,3.57,7.62,15.18,2.87,19.87,50.28,88.0,"Positive 1M return, Strong 3M absolute return, Strong 6M absolute return, 3M Nifty outperformance, 6M Nifty outperformance, Positive across 1M/3M/6M",18.07,Profit Booking Zone,77.22,783.08,1283.89,63.95,100.0,80.0% of closes stayed inside the range | Range width 64.0% | Currently 100.0% through the range,11.65,4.63,45.62,25.46,,,115.12,1.4,1.37,1121.11,52442.84,11899.5,2758.46,28.4908,21.3027,3.9976,45.0,0.507,383609.18,64.4,Capital Goods / Infra,14.0,0.0,6.0,17.0,11.0,48.0,0.86,,,0.0,48.0,,49.07,0.0,,62.41,Watchlist,"Above 50 DMA, Above 200 DMA, Healthy RSI momentum, Near 52W high momentum, Positive day move, Positive 1M return, Strong 3M absolute return, Strong 6M absolute return, 3M Nifty outperformance, 6M Nifty outperformance, Positive across 1M/3M/6M, 80.0% of closes stayed inside the range | Range width 64.0% | Currently 100.0% through the range"
HDFCAMC,Financial Services,Asset Management,1767.68,-0.46,732.04,1919.02,141.47,7.89,52.78,1683.58,1314.45,1088433.5,291510.0,0.27,Bullish,60.0,"Above 50 DMA, Above 200 DMA, Healthy RSI momentum, Near 52W high momentum",2.81,25.03,52.72,3.57,7.62,15.18,-0.76,17.41,37.54,88.0,"Positive 1M return, Strong 3M absolute return, Strong 6M absolute return, 3M Nifty outperformance, 6M Nifty outperformance, Positive across 1M/3M/6M",12.79,Profit Booking Zone,79.34,1260.47,1777.1,40.99,98.18,80.0% of closes stayed inside the range | Range width 41.0% | Currently 98.2% through the range,23.3,21.78,72.18,65.69,,,2.14,6.15,,4.46,130.47,1149.35,1135.25,36.6284,28.3148,11.5587,2.15,0.554,106767.91,88.85,Financial Services,23.0,0.0,14.0,17.0,7.0,61.0,0.79,Strong ROE,,2.0,63.0,"Strong ROE for a leveraged-balance-sheet business, Expensive relative to book value for this sector",40.8,3.0,Low volume participation,62.17,Watchlist,"Above 50 DMA, Above 200 DMA, Healthy RSI momentum, Near 52W high momentum, Strong ROE, Positive 1M return, Strong 3M absolute return, Strong 6M absolute return, 3M Nifty outperformance, 6M Nifty outperformance, Positive across 1M/3M/6M, 80.0% of closes stayed inside the range | Range width 41.0% | Currently 98.2% through the range"
JSL,Basic Materials,Steel,686.16,-1.05,115.54,702.23,493.88,2.29,67.07,603.83,467.15,2259435.9,1758365.0,0.78,Bullish,60.0,"Above 50 DMA, Above 200 DMA, Healthy RSI momentum, Near 52W high momentum",10.21,30.25,46.04,3.57,7.62,15.18,6.64,22.63,30.86,100.0,"Strong 1M absolute return, Strong 3M absolute return, Strong 6M absolute return, 1M Nifty outperformance, 3M Nifty outperformance, 6M Nifty outperformance, Positive across 1M/3M/6M",1.75,Profit Booking Zone,79.67,450.02,633.01,40.66,100.0,80.0% of closes stayed inside the range | Range width 40.7% | Currently 100.0% through the range,17.72,7.8,7.86,5.94,,,33.18,1.38,0.61,469.91,3958.17,3095.63,1439.92,18.7427,14.2066,13.508,55.0,0.554,60799.26,21.99,Metals / Mining,6.0,0.0,9.0,17.0,11.0,43.0,0.86,,,2.0,45.0,General low-debt support,41.06,0.0,,61.91,Watchlist,"Above 50 DMA, Above 200 DMA, Healthy RSI momentum, Near 52W high momentum, Strong 1M absolute return, Strong 3M absolute return, Strong 6M absolute return, 1M Nifty outperformance, 3M Nifty outperformance, 6M Nifty outperformance, Positive across 1M/3M/6M, 80.0% of closes stayed inside the range | Range width 40.7% | Currently 100.0% through the range"
WIPRO,Technology,Information Technology Services,238.89,0.46,162.77,252.97,46.76,5.57,53.88,227.83,197.89,16033752.1,9707982.0,0.61,Bullish,65.0,"Above 50 DMA, Above 200 DMA, Healthy RSI momentum, Near 52W high momentum, Positive day move",5.45,23.51,19.0,3.57,7.62,15.18,1.88,15.89,3.82,63.0,"Positive 1M return, Strong 3M absolute return, Positive 6M return, 3M Nifty outperformance, Positive across 1M/3M/6M",32.35,Profit Booking Zone,81.27,177.35,239.94,35.29,98.31,80.0% of closes stayed inside the range | Range width 35.3% | Currently 98.3% through the range,14.53,9.65,14.93,12.54,,,22.36,2.47,2.46,9188.0,17466.6,13060.1,11576.7,14.6683,13.2285,2.3486,4.33,0.394,181959.9,29.04,IT / Technology,16.0,0.0,15.0,17.0,15.0,63.0,0.86,,,0.0,63.0,,45.97,0.0,,60.95,Watchlist,"Above 50 DMA, Above 200 DMA, Healthy RSI momentum, Near 52W high momentum, Positive day move, Positive 1M return, Strong 3M absolute return, Positive 6M return, 3M Nifty outperformance, Positive across 1M/3M/6M, 80.0% of closes stayed inside the range | Range width 35.3% | Currently 98.3% through the range"
KEI,Industrials,Electrical Equipment & Parts,3383.82,1.14,1330.3,3433.86,154.37,1.46,59.27,3207.47,2687.31,184867.35,198796.0,1.08,Bullish,70.0,"Above 50 DMA, Above 200 DMA, Healthy RSI momentum, Near 52W high momentum, Normal volume support, Positive day move",5.15,11.95,30.37,3.57,7.62,15.18,1.58,4.33,15.19,63.0,"Positive 1M return, Positive 3M return, Strong 6M absolute return, 6M Nifty outperformance, Positive across 1M/3M/6M",49.4,Profit Booking Zone,83.52,2547.81,3285.64,28.96,100.0,80.0% of closes stayed inside the range | Range width 29.0% | Currently 100.0% through the range,18.44,12.66,9.59,6.97,,,6.25,2.83,1.84,479.89,161.83,513.91,415.97,55.0991,39.2189,8.2533,8.0,0.529,55008.58,23.88,Capital Goods / Infra,14.0,0.0,20.0,17.0,7.0,58.0,0.86,"Strong ROE, Cash covers debt",,0.0,58.0,,49.07,0.0,,60.91,Watchlist,"Above 50 DMA, Above 200 DMA, Healthy RSI momentum, Near 52W high momentum, Normal volume support, Positive day move, Strong ROE, Cash covers debt, Positive 1M return, Positive 3M return, Strong 6M absolute return, 6M Nifty outperformance, Positive across 1M/3M/6M, 80.0% of closes stayed inside the range | Range width 29.0% | Currently 100.0% through the range"
HEROMOTOCO,Consumer Cyclical,Auto Manufacturers,4290.83,0.38,2004.26,4466.07,114.09,3.92,59.47,4057.64,3124.09,812929.2,684934.0,0.84,Bullish,65.0,"Above 50 DMA, Above 200 DMA, Healthy RSI momentum, Near 52W high momentum, Positive day move",-1.1,26.04,61.57,3.57,7.62,15.18,-4.67,18.42,46.39,70.0,"Strong 3M absolute return, Strong 6M absolute return, 3M Nifty outperformance, 6M Nifty outperformance",25.51,Profit Booking Zone,78.4,2727.47,4258.7,56.14,100.0,80.0% of closes stayed inside the range | Range width 56.1% | Currently 100.0% through the range,16.87,11.75,10.22,8.33,,,3.41,1.57,1.28,226.3,567.54,2613.84,2009.59,21.5516,18.1039,5.458,3.15,0.468,117983.24,31.65,Automobile,14.0,0.0,15.0,17.0,11.0,57.0,0.86,,,2.0,59.0,General low-debt support,43.25,0.0,,60.89,Watchlist,"Above 50 DMA, Above 200 DMA, Healthy RSI momentum, Near 52W high momentum, Positive day move, Strong 3M absolute return, Strong 6M absolute return, 3M Nifty outperformance, 6M Nifty outperformance, 80.0% of closes stayed inside the range | Range width 56.1% | Currently 100.0% through the range"
UNIONBANK,Financial Services,Banks - Regional,144.02,1.52,34.45,148.19,318.12,2.81,65.24,126.54,95.06,39206122.25,28694977.0,0.73,Bullish,65.0,"Above 50 DMA, Above 200 DMA, Healthy RSI momentum, Near 52W high momentum, Positive day move",5.29,34.95,78.6,3.57,7.62,15.18,1.72,27.33,63.42,88.0,"Positive 1M return, Strong 3M absolute return, Strong 6M absolute return, 3M Nifty outperformance, 6M Nifty outperformance, Positive across 1M/3M/6M",12.79,Profit Booking Zone,80.77,91.26,133.94,46.78,100.0,80.8% of closes stayed inside the range | Range width 46.8% | Currently 100.0% through the range,10.8,0.66,,18.06,,,37.25,,,112598.86,29354.59,6055.85,2990.3,6.9131,6.9857,1.0231,2.74,0.893,142748.43,0.0,Banking,8.0,0.0,10.0,17.0,12.0,47.0,0.64,Cash covers debt,,0.0,47.0,,40.8,0.0,,60.82,Watchlist,"Above 50 DMA, Above 200 DMA, Healthy RSI momentum, Near 52W high momentum, Positive day move, Cash covers debt, Positive 1M return, Strong 3M absolute return, Strong 6M absolute return, 3M Nifty outperformance, 6M Nifty outperformance, Positive across 1M/3M/6M, 80.8% of closes stayed inside the range | Range width 46.8% | Currently 100.0% through the range"
INDUSTOWER,Communication Services,Telecom Services,246.14,0.97,130.25,261.51,88.98,5.88,62.61,215.47,180.67,23342905.8,9619303.0,0.41,Bullish,65.0,"Above 50 DMA, Above 200 DMA, Healthy RSI momentum, Near 52W high momentum, Positive day move",12.21,31.79,42.6,3.57,7.62,15.18,8.64,24.17,27.42,100.0,"Strong 1M absolute return, Strong 3M absolute return, Strong 6M absolute return, 1M Nifty outperformance, 3M Nifty outperformance, 6M Nifty outperformance, Positive across 1M/3M/6M",7.14,Profit Booking Zone,83.83,175.33,221.61,26.4,100.0,80.8% of closes stayed inside the range | Range width 26.4% | Currently 100.0% through the range,9.66,4.38,15.65,7.19,,,90.88,1.07,,22.4,19184.9,7904.8,4282.2,14.1424,12.5435,2.4433,3.79,0.05,101110.34,55.94,Telecom,8.0,0.0,6.0,17.0,15.0,46.0,0.79,,,0.0,46.0,,40.19,3.0,Low volume participation,60.38,Watchlist,"Above 50 DMA, Above 200 DMA, Healthy RSI momentum, Near 52W high momentum, Positive day move, Strong 1M absolute return, Strong 3M absolute return, Strong 6M absolute return, 1M Nifty outperformance, 3M Nifty outperformance, 6M Nifty outperformance, Positive across 1M/3M/6M, 80.8% of closes stayed inside the range | Range width 26.4% | Currently 100.0% through the range"
LODHA,Real Estate,Real Estate - Development,1162.71,-2.0,352.0,1223.44,230.32,4.96,58.91,1095.66,827.17,1241933.0,1223851.0,0.99,Bullish,60.0,"Above 50 DMA, Above 200 DMA, Healthy RSI momentum, Near 52W high momentum",5.76,30.85,67.34,3.57,7.62,15.18,2.19,23.23,52.16,88.0,"Positive 1M return, Strong 3M absolute return, Strong 6M absolute return, 3M Nifty outperformance, 6M Nifty outperformance, Positive across 1M/3M/6M",35.0,Profit Booking Zone,78.87,772.23,1127.3,45.98,100.0,80.0% of closes stayed inside the range | Range width 46.0% | Currently 100.0% through the range,3.84,1.24,21.26,5.21,,,71.55,1.5,0.24,1310.8,9060.3,2750.0,2659.6,29.4089,24.8976,5.1863,35.0,0.623,120770.28,43.66,Cement / Realty,5.0,0.0,8.0,17.0,11.0,41.0,0.86,,,2.0,43.0,General low-debt support,53.37,0.0,,60.06,Watchlist,"Above 50 DMA, Above 200 DMA, Healthy RSI momentum, Near 52W high momentum, Positive 1M return, Strong 3M absolute return, Strong 6M absolute return, 3M Nifty outperformance, 6M Nifty outperformance, Positive across 1M/3M/6M, 80.0% of closes stayed inside the range | Range width 46.0% | Currently 100.0% through the range"
CIPLA,Healthcare,Drug Manufacturers - Specialty & Generic,1441.61,-0.14,821.48,1453.42,75.49,0.81,63.59,1344.37,1167.65,1386363.55,1569074.0,1.13,Bullish,65.0,"Above 50 DMA, Above 200 DMA, Healthy RSI momentum, Near 52W high momentum, Normal volume support",4.43,21.29,19.72,3.57,7.62,15.18,0.86,13.67,4.54,63.0,"Positive 1M return, Strong 3M absolute return, Positive 6M return, 3M Nifty outperformance, Positive across 1M/3M/6M",28.57,Profit Booking Zone,83.18,1137.58,1413.03,24.21,100.0,80.0% of closes stayed inside the range | Range width 24.2% | Currently 100.0% through the range,11.97,9.51,17.88,12.47,,,3.43,3.38,2.37,627.63,803.12,3237.65,2054.76,35.0839,23.0495,3.4322,89.0,0.086,118188.92,63.28,Pharma / Healthcare,14.0,0.0,17.0,17.0,9.0,57.0,0.86,,,2.0,59.0,General low-debt support,47.16,0.0,,59.72,Watchlist,"Above 50 DMA, Above 200 DMA, Healthy RSI momentum, Near 52W high momentum, Normal volume support, Positive 1M return, Strong 3M absolute return, Positive 6M return, 3M Nifty outperformance, Positive across 1M/3M/6M, 80.0% of closes stayed inside the range | Range width 24.2% | Currently 100.0% through the range"
NTPC,Utilities,Utilities - Regulated Electric,335.75,0.07,139.29,343.14,141.04,2.15,63.92,308.15,234.54,15259329.2,9172926.0,0.6,Bullish,65.0,"Above 50 DMA, Above 200 DMA, Healthy RSI momentum, Near 52W high momentum, Positive day move",6.44,25.31,52.28,3.57,7.62,15.18,2.87,17.69,37.1,88.0,"Positive 1M return, Strong 3M absolute return, Strong 6M absolute return, 3M Nifty outperformance, 6M Nifty outperformance, Positive across 1M/3M/6M",11.76,Profit Booking Zone,80.04,220.83,320.55,45.15,100.0,80.0% of closes stayed inside the range | Range width 45.2% | Currently 100.0% through the range,11.5,3.78,19.09,9.72,,,151.62,0.79,0.63,465.65,222913.16,47151.78,22333.26,10.3522,12.0003,1.6207,3.65,0.3,329153.35,48.18,Energy / Utilities,10.0,0.0,0.0,17.0,12.0,39.0,0.86,,,0.0,39.0,,48.28,0.0,,59.14,Watchlist,"Above 50 DMA, Above 200 DMA, Healthy RSI momentum, Near 52W high momentum, Positive day move, Positive 1M return, Strong 3M absolute return, Strong 6M absolute return, 3M Nifty outperformance, 6M Nifty outperformance, Positive across 1M/3M/6M, 80.0% of closes stayed inside the range | Range width 45.2% | Currently 100.0% through the range"
DIXON,Technology,Consumer Electronics,7137.22,-0.13,2549.37,7230.2,179.96,1.29,66.94,6434.66,5279.54,398609.65,274115.0,0.69,Bullish,60.0,"Above 50 DMA, Above 200 DMA, Healthy RSI momentum, Near 52W high momentum",14.77,19.28,39.52,3.57,7.62,15.18,11.2,11.66,24.34,95.0,"Strong 1M absolute return, Positive 3M return, Strong 6M absolute return, 1M Nifty outperformance, 3M Nifty outperformance, 6M Nifty outperformance, Positive across 1M/3M/6M",8.82,Profit Booking Zone,81.12,5100.48,6680.75,30.98,100.0,80.0% of closes stayed inside the range | Range width 31.0% | Currently 100.0% through the range,19.89,5.46,3.35,2.1,,,35.26,1.07,0.74,214.56,453.09,725.75,264.55,40.4977,49.0426,15.3722,6.0,-0.156,83906.61,6.87,IT / Technology,8.0,0.0,9.0,17.0,4.0,38.0,0.86,Strong ROE,,0.0,38.0,,45.97,0.0,,58.95,Watchlist,"Above 50 DMA, Above 200 DMA, Healthy RSI momentum, Near 52W high momentum, Strong ROE, Strong 1M absolute return, Positive 3M return, Strong 6M absolute return, 1M Nifty outperformance, 3M Nifty outperformance, 6M Nifty outperformance, Positive across 1M/3M/6M, 80.0% of closes stayed inside the range | Range width 31.0% | Currently 100.0% through the range"
NESTLEIND,Consumer Defensive,Packaged Foods,1248.75,1.1,860.07,1346.54,45.19,7.26,53.97,1239.62,1146.77,1359413.5,1297304.0,0.95,Bullish,65.0,"Above 50 DMA, Above 200 DMA, Healthy RSI momentum, Near 52W high momentum, Positive day move",5.99,2.83,18.83,3.57,7.62,15.18,2.42,-4.79,3.65,38.0,"Positive 1M return, Positive 3M return, Positive 6M return, Positive across 1M/3M/6M",28.26,Profit Booking Zone,83.54,1105.49,1260.81,14.05,92.24,80.0% of closes stayed inside the range | Range width 14.0% | Currently 92.2% through the range,97.21,26.62,19.93,14.24,14.49,12.85,11.0,1.13,0.51,926.55,270.52,2737.43,2187.51,76.4587,60.7096,56.3512,80.0,0.426,290596.98,55.13,FMCG / Consumer,23.0,10.0,14.0,17.0,5.0,69.0,1.0,"Strong ROE, Cash covers debt",,8.0,77.0,"Strong ROE for a consumer staples business, Low debt, typical of a healthy consumer business",39.98,0.0,,58.7,Watchlist,"Above 50 DMA, Above 200 DMA, Healthy RSI momentum, Near 52W high momentum, Positive day move, Strong ROE, Cash covers debt, Positive 1M return, Positive 3M return, Positive 6M return, Positive across 1M/3M/6M, 80.0% of closes stayed inside the range | Range width 14.0% | Currently 92.2% through the range"
LT,Industrials,Engineering & Construction,3579.6,0.95,1730.13,3638.93,106.9,1.63,66.36,3392.22,2872.21,2294576.55,2344401.0,1.02,Bullish,70.0,"Above 50 DMA, Above 200 DMA, Healthy RSI momentum, Near 52W high momentum, Normal volume support, Positive day move",10.24,9.58,35.63,3.57,7.62,15.18,6.67,1.96,20.45,80.0,"Strong 1M absolute return, Positive 3M return, Strong 6M absolute return, 1M Nifty outperformance, 6M Nifty outperformance, Positive across 1M/3M/6M",27.71,Profit Booking Zone,84.51,2841.19,3476.65,22.37,100.0,80.0% of closes stayed inside the range | Range width 22.4% | Currently 100.0% through the range,11.72,3.17,10.74,5.76,,,135.07,1.37,1.33,16926.69,120650.44,22776.96,18633.17,33.4443,22.303,5.06,94.0,0.508,553098.2,37.43,Capital Goods / Infra,5.0,0.0,6.0,17.0,11.0,39.0,0.86,,,0.0,39.0,,49.07,0.0,,58.51,Watchlist,"Above 50 DMA, Above 200 DMA, Healthy RSI momentum, Near 52W high momentum, Normal volume support, Positive day move, Strong 1M absolute return, Positive 3M return, Strong 6M absolute return, 1M Nifty outperformance, 6M Nifty outperformance, Positive across 1M/3M/6M, 80.0% of closes stayed inside the range | Range width 22.4% | Currently 100.0% through the range"
DRREDDY,Healthcare,Drug Manufacturers - Specialty & Generic,1241.59,0.15,778.62,1277.27,59.46,2.79,55.73,1188.17,1088.75,1838348.25,1174600.0,0.64,Bullish,65.0,"Above 50 DMA, Above 200 DMA, Healthy RSI momentum, Near 52W high momentum, Positive day move",2.66,9.32,11.74,3.57,7.62,15.18,-0.91,1.7,-3.44,38.0,"Positive 1M return, Positive 3M return, Positive 6M return, Positive across 1M/3M/6M",48.81,Profit Booking Zone,84.3,1064.42,1241.77,16.66,99.9,80.0% of closes stayed inside the range | Range width 16.7% | Currently 99.9% through the range,19.51,14.0,24.02,18.33,,,5.83,2.38,1.81,577.9,1347.2,5887.5,4000.9,30.1735,20.2046,2.607,66.0,0.242,99960.01,50.18,Pharma / Healthcare,22.0,0.0,17.0,17.0,13.0,69.0,0.86,Strong ROE,,4.0,73.0,"General quality ROE, General low-debt support",47.16,0.0,,58.37,Watchlist,"Above 50 DMA, Above 200 DMA, Healthy RSI momentum, Near 52W high momentum, Positive day move, Strong ROE, Positive 1M return, Positive 3M return, Positive 6M return, Positive across 1M/3M/6M, 80.0% of closes stayed inside the range | Range width 16.7% | Currently 99.9% through the range"
JIOFIN,Financial Services,Asset Management,332.6,2.31,202.01,346.65,64.64,4.05,72.25,267.52,,56612925.75,35988723.0,0.64,Bullish,42.0,"Above 50 DMA, Strong but overbought RSI, Near 52W high momentum, Strong positive day move",27.05,34.02,31.74,3.57,7.62,15.18,23.48,26.4,16.56,100.0,"Strong 1M absolute return, Strong 3M absolute return, Strong 6M absolute return, 1M Nifty outperformance, 3M Nifty outperformance, 6M Nifty outperformance, Positive across 1M/3M/6M",4.65,Profit Booking Zone,77.05,216.77,288.08,32.89,100.0,80.0% of closes stayed inside the range | Range width 32.9% | Currently 100.0% through the range,0.03,0.03,206.89,147.48,,,0.65,20.82,,56.57,742.77,2054.9,2054.9,79.7664,57.4103,1.211,24.0,0.502,169073.43,100.0,Financial Services,12.0,0.0,14.0,17.0,9.0,52.0,0.79,,,-5.0,47.0,Weak ROE for a leveraged-balance-sheet business,40.8,0.0,,58.07,Watchlist,"Above 50 DMA, Strong but overbought RSI, Near 52W high momentum, Strong positive day move, Strong 1M absolute return, Strong 3M absolute return, Strong 6M absolute return, 1M Nifty outperformance, 3M Nifty outperformance, 6M Nifty outperformance, Positive across 1M/3M/6M, 80.0% of closes stayed inside the range | Range width 32.9% | Currently 100.0% through the range"
TRENT,Consumer Cyclical,Apparel Retail,3942.29,2.07,1150.98,4089.52,242.52,3.6,63.7,3447.81,2404.76,809214.25,680535.0,0.84,Bullish,70.0,"Above 50 DMA, Above 200 DMA, Healthy RSI momentum, Near 52W high momentum, Strong positive day move",2.87,38.91,94.56,3.57,7.62,15.18,-0.7,31.29,79.38,88.0,"Positive 1M return, Strong 3M absolute return, Strong 6M absolute return, 3M Nifty outperformance, 6M Nifty outperformance, Positive across 1M/3M/6M",18.37,Profit Booking Zone,74.55,2053.88,3876.95,88.76,100.0,80.0% of closes stayed inside the range | Range width 88.8% | Currently 100.0% through the range,17.13,5.5,7.56,5.48,,,172.0,2.17,0.93,83.23,4464.14,594.88,91.48,88.5037,58.9539,22.8036,13.0,0.384,159276.48,43.01,Consumer Discretionary,6.0,0.0,5.0,17.0,5.0,33.0,0.86,,Very high PE,0.0,33.0,,43.25,0.0,,57.54,Watchlist,"Above 50 DMA, Above 200 DMA, Healthy RSI momentum, Near 52W high momentum, Strong positive day move, Positive 1M return, Strong 3M absolute return, Strong 6M absolute return, 3M Nifty outperformance, 6M Nifty outperformance, Positive across 1M/3M/6M, 80.0% of closes stayed inside the range | Range width 88.8% | Currently 100.0% through the range"
ADANIPOWER,Utilities,Utilities - Independent Power Producers,113.37,-1.71,26.48,117.89,328.13,3.83,54.64,109.87,78.11,6474315.75,6619255.0,1.02,Bullish,65.0,"Above 50 DMA, Above 200 DMA, Healthy RSI momentum, Near 52W high momentum, Normal volume support",0.56,0.79,65.87,3.57,7.62,15.18,-3.01,-6.83,50.69,63.0,"Positive 1M return, Positive 3M return, Strong 6M absolute return, 6M Nifty outperformance, Positive across 1M/3M/6M",50.0,Profit Booking Zone,77.64,69.96,112.74,61.16,100.0,80.0% of closes stayed inside the range | Range width 61.2% | Currently 100.0% through the range,35.9,12.5,17.38,28.21,,,141.19,1.1,0.93,349.23,42180.58,8430.53,5186.85,27.9716,26.0646,6.1471,,0.475,399173.9,43.48,Energy / Utilities,22.0,0.0,4.0,17.0,7.0,50.0,0.79,Strong ROE,,2.0,52.0,General quality ROE,48.28,0.0,,57.44,Watchlist,"Above 50 DMA, Above 200 DMA, Healthy RSI momentum, Near 52W high momentum, Normal volume support, Strong ROE, Positive 1M return, Positive 3M return, Strong 6M absolute return, 6M Nifty outperformance, Positive across 1M/3M/6M, 80.0% of closes stayed inside the range | Range width 61.2% | Currently 100.0% through the range"
PIDILITIND,Basic Materials,Specialty Chemicals,1415.99,1.21,1107.06,1463.84,27.91,3.27,67.24,1328.53,1273.51,949721.5,3875992.0,4.08,Bullish,80.0,"Above 50 DMA, Above 200 DMA, Healthy RSI momentum, Near 52W high momentum, Strong volume expansion, Positive day move",9.28,10.7,15.8,3.57,7.62,15.18,5.71,3.08,0.62,48.0,"Positive 1M return, Positive 3M return, Positive 6M return, 1M Nifty outperformance, Positive across 1M/3M/6M",33.33,Breakout Watch,88.04,1198.35,1351.92,12.81,100.0,80.0% of closes stayed inside the range | Range width 12.8% | Currently 100.0% through the range | Above upper band on elevated volume,17.65,12.1,14.91,10.83,,,5.42,1.89,1.14,310.16,390.61,1557.57,1052.22,64.9428,53.7455,15.9869,68.0,0.397,173177.03,54.79,Chemicals,15.0,0.0,15.0,17.0,5.0,52.0,0.86,,,2.0,54.0,General low-debt support,41.06,0.0,,57.06,Watchlist,"Above 50 DMA, Above 200 DMA, Healthy RSI momentum, Near 52W high momentum, Strong volume expansion, Positive day move, Positive 1M return, Positive 3M return, Positive 6M return, 1M Nifty outperformance, Positive across 1M/3M/6M, 80.0% of closes stayed inside the range | Range width 12.8% | Currently 100.0% through the range | Above upper band on elevated volume"
NATIONALUM,Basic Materials,Aluminum,148.78,0.12,56.5,155.39,163.32,4.25,60.76,131.83,94.49,32430889.95,17224908.0,0.53,Bullish,65.0,"Above 50 DMA, Above 200 DMA, Healthy RSI momentum, Near 52W high momentum, Positive day move",2.7,66.83,61.69,3.57,7.62,15.18,-0.87,59.21,46.51,88.0,"Positive 1M return, Strong 3M absolute return, Strong 6M absolute return, 3M Nifty outperformance, 6M Nifty outperformance, Positive across 1M/3M/6M",7.89,Profit Booking Zone,75.51,82.28,144.31,75.39,100.0,80.0% of closes stayed inside the range | Range width 75.4% | Currently 100.0% through the range,10.93,8.14,13.05,10.12,,,0.8,1.84,1.2,63.29,104.61,908.24,-625.75,10.5607,10.8213,3.5699,1.03,0.709,77138.53,71.34,Metals / Mining,12.0,0.0,15.0,9.0,9.0,45.0,0.86,,Negative free cash flow,2.0,47.0,General low-debt support,41.06,4.0,Negative free cash flow,56.86,Watchlist,"Above 50 DMA, Above 200 DMA, Healthy RSI momentum, Near 52W high momentum, Positive day move, Positive 1M return, Strong 3M absolute return, Strong 6M absolute return, 3M Nifty outperformance, 6M Nifty outperformance, Positive across 1M/3M/6M, 80.0% of closes stayed inside the range | Range width 75.4% | Currently 100.0% through the range"
BPCL,Energy,Oil & Gas Refining & Marketing,278.57,-2.14,121.3,306.78,129.65,9.19,57.74,242.76,180.67,23123691.9,11968574.0,0.52,Bullish,60.0,"Above 50 DMA, Above 200 DMA, Healthy RSI momentum, Near 52W high momentum",0.68,37.82,89.79,3.57,7.62,15.18,-2.89,30.2,74.61,88.0,"Positive 1M return, Strong 3M absolute return, Strong 6M absolute return, 3M Nifty outperformance, 6M Nifty outperformance, Positive across 1M/3M/6M",35.71,Profit Booking Zone,72.5,147.58,278.15,88.48,100.0,80.0% of closes stayed inside the range | Range width 88.5% | Currently 100.0% through the range,3.98,1.13,1.59,0.46,,,129.62,0.75,0.24,2312.72,69376.03,12465.6,3916.98,7.9033,7.9415,1.3525,6.29,0.873,135440.94,12.75,Energy / Utilities,0.0,0.0,2.0,17.0,12.0,31.0,0.86,,,0.0,31.0,,60.1,0.0,,56.86,Watchlist,"Above 50 DMA, Above 200 DMA, Healthy RSI momentum, Near 52W high momentum, Positive 1M return, Strong 3M absolute return, Strong 6M absolute return, 3M Nifty outperformance, 6M Nifty outperformance, Positive across 1M/3M/6M, 80.0% of closes stayed inside the range | Range width 88.5% | Currently 100.0% through the range"
PERSISTENT,Technology,Information Technology Services,4122.78,0.08,1500.77,4382.74,174.71,5.93,48.85,4009.21,3049.67,491752.0,323434.0,0.66,Bullish,47.0,"Above 50 DMA, Above 200 DMA, RSI recovering, Positive day move",-2.99,33.2,45.32,3.57,7.62,15.18,-6.56,25.58,30.14,70.0,"Strong 3M absolute return, Strong 6M absolute return, 3M Nifty outperformance, 6M Nifty outperformance",26.47,Profit Booking Zone,74.24,2828.41,4244.03,50.05,91.43,80.0% of closes stayed inside the range | Range width 50.0% | Currently 91.4% through the range,23.23,13.8,15.07,11.03,,,16.58,1.71,,467.01,657.55,955.76,522.46,44.7405,30.8947,10.9263,65.0,0.082,85520.87,31.68,IT / Technology,17.0,0.0,13.0,17.0,7.0,54.0,0.79,Strong ROE,,5.0,59.0,Strong ROE for an asset-light business,45.97,0.0,,56.8,Watchlist,"Above 50 DMA, Above 200 DMA, RSI recovering, Positive day move, Strong ROE, Strong 3M absolute return, Strong 6M absolute return, 3M Nifty outperformance, 6M Nifty outperformance, 80.0% of closes stayed inside the range | Range width 50.0% | Currently 91.4% through the range"
GODREJCP,Consumer Defensive,Household & Personal Products,1178.23,-0.48,754.09,1254.65,56.25,6.09,52.68,1140.57,1015.46,754957.4,576176.0,0.76,Bullish,60.0,"Above 50 DMA, Above 200 DMA, Healthy RSI momentum, Near 52W high momentum",1.4,21.11,23.89,3.57,7.62,15.18,-2.17,13.49,8.71,63.0,"Positive 1M return, Strong 3M absolute return, Positive 6M return, 3M Nifty outperformance, Positive across 1M/3M/6M",19.57,Profit Booking Zone,81.62,933.52,1180.99,26.51,98.89,80.0% of closes stayed inside the range | Range width 26.5% | Currently 98.9% through the range,12.34,9.73,17.59,12.9,,,8.19,1.76,1.3,357.62,1129.58,2150.65,1923.25,54.9517,33.3113,7.3619,1.95,0.368,93120.75,49.72,FMCG / Consumer,16.0,0.0,15.0,17.0,6.0,54.0,0.86,,,3.0,57.0,"Low debt, typical of a healthy consumer business",39.98,0.0,,56.7,Watchlist,"Above 50 DMA, Above 200 DMA, Healthy RSI momentum, Near 52W high momentum, Positive 1M return, Strong 3M absolute return, Positive 6M return, 3M Nifty outperformance, Positive across 1M/3M/6M, 80.0% of closes stayed inside the range | Range width 26.5% | Currently 98.9% through the range"
BDL,Industrials,Aerospace & Defense,887.89,0.75,383.25,979.45,131.67,9.35,53.75,858.79,634.71,2577105.1,989838.0,0.38,Bullish,65.0,"Above 50 DMA, Above 200 DMA, Healthy RSI momentum, Near 52W high momentum, Positive day move",-5.93,38.37,52.97,3.57,7.62,15.18,-9.5,30.75,37.79,70.0,"Strong 3M absolute return, Strong 6M absolute return, 3M Nifty outperformance, 6M Nifty outperformance",39.16,Profit Booking Zone,75.35,494.16,872.06,76.47,100.0,80.0% of closes stayed inside the range | Range width 76.5% | Currently 100.0% through the range,10.97,4.06,13.39,14.2,,,0.16,3.45,2.62,1052.88,5.21,2130.25,2021.99,113.6556,43.4794,11.5734,39.0,0.326,49119.37,49.94,Capital Goods / Infra,10.0,0.0,20.0,17.0,5.0,52.0,0.86,Cash covers debt,Very high PE,0.0,52.0,,49.07,3.0,Low volume participation,56.31,Watchlist,"Above 50 DMA, Above 200 DMA, Healthy RSI momentum, Near 52W high momentum, Positive day move, Cash covers debt, Strong 3M absolute return, Strong 6M absolute return, 3M Nifty outperformance, 6M Nifty outperformance, 80.0% of closes stayed inside the range | Range width 76.5% | Currently 100.0% through the range"
SRF,Industrials,Conglomerates,2431.29,1.59,2017.83,2829.27,20.49,14.07,63.53,2340.1,2313.96,335115.95,653987.0,1.95,Bullish,80.0,"Above 50 DMA, Above 200 DMA, Healthy RSI momentum, Near 52W high momentum, Near 52W low zone, Volume expansion, Positive day move",6.71,0.48,1.76,3.57,7.62,15.18,3.14,-7.14,-13.42,38.0,"Positive 1M return, Positive 3M return, Positive 6M return, Positive across 1M/3M/6M",63.25,Profit Booking Zone,88.53,2217.32,2429.67,9.58,100.0,80.0% of closes stayed inside the range | Range width 9.6% | Currently 100.0% through the range,20.94,11.53,21.0,14.82,,,43.36,1.17,0.71,607.98,4477.53,2901.71,35.96,35.4158,28.5908,5.4566,39.0,0.132,76620.96,48.32,Capital Goods / Infra,20.0,0.0,9.0,17.0,9.0,55.0,0.86,Strong ROE,,0.0,55.0,,49.07,0.0,,56.11,Watchlist,"Above 50 DMA, Above 200 DMA, Healthy RSI momentum, Near 52W high momentum, Near 52W low zone, Volume expansion, Positive day move, Strong ROE, Positive 1M return, Positive 3M return, Positive 6M return, Positive across 1M/3M/6M, 80.0% of closes stayed inside the range | Range width 9.6% | Currently 100.0% through the range"
CONCOR,Industrials,Railroads,933.32,-0.72,530.94,994.23,75.79,6.13,53.16,886.29,732.18,2231290.5,763240.0,0.34,Bullish,60.0,"Above 50 DMA, Above 200 DMA, Healthy RSI momentum, Near 52W high momentum",1.46,14.92,42.72,3.57,7.62,15.18,-2.11,7.3,27.54,63.0,"Positive 1M return, Positive 3M return, Strong 6M absolute return, 6M Nifty outperformance, Positive across 1M/3M/6M",49.4,Profit Booking Zone,79.81,677.03,936.83,38.37,98.65,80.0% of closes stayed inside the range | Range width 38.4% | Currently 98.7% through the range,10.46,8.72,17.4,15.76,,,6.89,3.06,3.03,343.74,773.56,1405.86,751.39,31.2607,21.9481,3.0133,1.25,0.228,38998.65,39.47,Capital Goods / Infra,14.0,0.0,17.0,17.0,10.0,58.0,0.86,,,0.0,58.0,,49.07,3.0,Low volume participation,55.41,Watchlist,"Above 50 DMA, Above 200 DMA, Healthy RSI momentum, Near 52W high momentum, Positive 1M return, Positive 3M return, Strong 6M absolute return, 6M Nifty outperformance, Positive across 1M/3M/6M, 80.0% of closes stayed inside the range | Range width 38.4% | Currently 98.7% through the range"
LUPIN,Healthcare,Drug Manufacturers - Specialty & Generic,1640.29,0.26,609.38,1670.01,169.17,1.78,71.3,1482.97,1152.07,1368801.85,811352.0,0.59,Bullish,52.0,"Above 50 DMA, Above 200 DMA, Strong but overbought RSI, Near 52W high momentum, Positive day move",3.94,33.69,52.16,3.57,7.62,15.18,0.37,26.07,36.98,88.0,"Positive 1M return, Strong 3M absolute return, Strong 6M absolute return, 3M Nifty outperformance, 6M Nifty outperformance, Positive across 1M/3M/6M",10.71,Profit Booking Zone,77.94,1121.34,1580.66,40.96,100.0,80.0% of closes stayed inside the range | Range width 41.0% | Currently 100.0% through the range,3.45,1.87,5.47,2.64,,,36.44,1.34,0.86,1231.81,4541.52,1897.24,397.62,18.8684,22.3319,4.6455,79.0,0.182,104295.27,72.36,Pharma / Healthcare,0.0,0.0,9.0,17.0,10.0,36.0,0.86,,,2.0,38.0,General low-debt support,47.16,0.0,,55.37,Watchlist,"Above 50 DMA, Above 200 DMA, Strong but overbought RSI, Near 52W high momentum, Positive day move, Positive 1M return, Strong 3M absolute return, Strong 6M absolute return, 3M Nifty outperformance, 6M Nifty outperformance, Positive across 1M/3M/6M, 80.0% of closes stayed inside the range | Range width 41.0% | Currently 100.0% through the range"
KALYANKJIL,Consumer Cyclical,Luxury Goods,407.34,0.94,68.94,412.22,490.87,1.18,64.54,367.4,259.27,2830243.85,1056298.0,0.37,Bullish,65.0,"Above 50 DMA, Above 200 DMA, Healthy RSI momentum, Near 52W high momentum, Positive day move",16.3,27.2,63.23,3.57,7.62,15.18,12.73,19.58,48.05,100.0,"Strong 1M absolute return, Strong 3M absolute return, Strong 6M absolute return, 1M Nifty outperformance, 3M Nifty outperformance, 6M Nifty outperformance, Positive across 1M/3M/6M",7.14,Profit Booking Zone,76.67,227.88,381.95,67.61,100.0,80.0% of closes stayed inside the range | Range width 67.6% | Currently 100.0% through the range,11.92,4.04,6.37,3.09,,,118.18,1.34,0.24,140.91,4295.49,1013.37,826.25,43.4913,31.2985,9.7562,25.0,-0.216,61624.25,12.7,Consumer Discretionary,2.0,0.0,4.0,17.0,7.0,30.0,0.86,,,0.0,30.0,,43.25,3.0,Low volume participation,55.24,Watchlist,"Above 50 DMA, Above 200 DMA, Healthy RSI momentum, Near 52W high momentum, Positive day move, Strong 1M absolute return, Strong 3M absolute return, Strong 6M absolute return, 1M Nifty outperformance, 3M Nifty outperformance, 6M Nifty outperformance, Positive across 1M/3M/6M, 80.0% of closes stayed inside the range | Range width 67.6% | Currently 100.0% through the range"
GLAXO,Healthcare,Drug Manufacturers - General,1940.1,-1.08,1135.42,2388.75,70.87,18.78,35.17,2073.02,1565.75,171979.95,148157.0,0.86,Bearish,23.0,"Above 200 DMA, Weak but watchable RSI",-15.32,21.38,43.75,3.57,7.62,15.18,-18.89,13.76,28.57,70.0,"Strong 3M absolute return, Strong 6M absolute return, 3M Nifty outperformance, 6M Nifty outperformance",20.24,Neutral Range,65.88,1383.93,2138.09,54.49,73.75,80.0% of closes stayed inside the range | Range width 54.5% | Currently 73.7% through the range,35.07,18.36,23.2,18.93,,,0.89,1.88,1.53,34.94,15.54,484.23,440.19,41.6103,33.2197,19.5764,2.19,0.057,44387.77,64.2,Pharma / Healthcare,24.0,0.0,19.0,17.0,7.0,67.0,0.86,"Strong ROE, Cash covers debt",,4.0,71.0,"General quality ROE, General low-debt support",47.16,0.0,,55.17,Watchlist,"Above 200 DMA, Weak but watchable RSI, Strong ROE, Cash covers debt, Strong 3M absolute return, Strong 6M absolute return, 3M Nifty outperformance, 6M Nifty outperformance, 80.0% of closes stayed inside the range | Range width 54.5% | Currently 73.7% through the range"
PNB,Financial Services,Banks - Regional,121.2,-0.38,29.62,123.76,309.1,2.07,65.16,105.17,73.64,73446285.6,38719979.0,0.53,Bullish,60.0,"Above 50 DMA, Above 200 DMA, Healthy RSI momentum, Near 52W high momentum",4.47,49.6,92.66,3.57,7.62,15.18,0.9,41.98,77.48,88.0,"Positive 1M return, Strong 3M absolute return, Strong 6M absolute return, 3M Nifty outperformance, 6M Nifty outperformance, Positive across 1M/3M/6M",12.79,Profit Booking Zone,75.44,69.04,116.58,68.86,100.0,80.0% of closes stayed inside the range | Range width 68.9% | Currently 100.0% through the range,3.25,0.22,,7.11,,,68.18,,,157328.48,70148.62,22592.1,22039.71,6.1872,6.9245,0.8745,2.63,0.504,136743.04,0.0,Banking,3.0,0.0,7.0,17.0,12.0,39.0,0.64,Cash covers debt,,-5.0,34.0,Weak ROE for a leveraged-balance-sheet business,40.8,0.0,,55.02,Watchlist,"Above 50 DMA, Above 200 DMA, Healthy RSI momentum, Near 52W high momentum, Cash covers debt, Positive 1M return, Strong 3M absolute return, Strong 6M absolute return, 3M Nifty outperformance, 6M Nifty outperformance, Positive across 1M/3M/6M, 80.0% of closes stayed inside the range | Range width 68.9% | Currently 100.0% through the range"
TATASTEEL,Basic Materials,Steel,147.59,3.73,86.34,149.37,70.93,1.19,71.23,131.04,117.36,45189608.4,124847699.0,2.76,Bullish,72.0,"Above 50 DMA, Above 200 DMA, Strong but overbought RSI, Near 52W high momentum, Strong volume expansion, Strong positive day move",9.47,20.96,19.35,3.57,7.62,15.18,5.9,13.34,4.17,73.0,"Positive 1M return, Strong 3M absolute return, Positive 6M return, 1M Nifty outperformance, 3M Nifty outperformance, Positive across 1M/3M/6M",17.54,Breakout Watch,85.45,112.67,133.98,18.91,100.0,80.0% of closes stayed inside the range | Range width 18.9% | Currently 100.0% through the range | Above upper band on elevated volume,8.5,3.04,8.82,3.63,,,82.35,0.89,0.33,12129.9,84893.05,21683.08,7540.59,21.0395,10.4022,2.2751,2.12,0.867,232271.75,56.35,Metals / Mining,2.0,0.0,4.0,17.0,13.0,36.0,0.86,,,0.0,36.0,,41.06,0.0,,55.01,Watchlist,"Above 50 DMA, Above 200 DMA, Strong but overbought RSI, Near 52W high momentum, Strong volume expansion, Strong positive day move, Positive 1M return, Strong 3M absolute return, Positive 6M return, 1M Nifty outperformance, 3M Nifty outperformance, Positive across 1M/3M/6M, 80.0% of closes stayed inside the range | Range width 18.9% | Currently 100.0% through the range | Above upper band on elevated volume"
MEDANTA,Healthcare,Medical Care Facilities,1254.05,0.04,406.36,1512.82,208.61,17.1,44.28,1188.15,852.83,731867.5,411701.0,0.56,Bullish,43.0,"Above 50 DMA, Above 200 DMA, Weak but watchable RSI, Positive day move",-0.31,33.52,78.22,3.57,7.62,15.18,-3.88,25.9,63.04,70.0,"Strong 3M absolute return, Strong 6M absolute return, 3M Nifty outperformance, 6M Nifty outperformance",20.24,Profit Booking Zone,66.8,715.44,1345.86,88.12,85.44,80.0% of closes stayed inside the range | Range width 88.1% | Currently 85.4% through the range,13.43,7.92,18.6,12.15,,,46.2,2.76,2.65,767.24,1121.95,644.52,408.53,67.6456,41.3212,9.4493,3.0,0.14,37445.97,52.79,Pharma / Healthcare,16.0,0.0,15.0,17.0,5.0,53.0,0.86,,,2.0,55.0,General low-debt support,47.16,0.0,,54.57,Neutral,"Above 50 DMA, Above 200 DMA, Weak but watchable RSI, Positive day move, Strong 3M absolute return, Strong 6M absolute return, 3M Nifty outperformance, 6M Nifty outperformance, 80.0% of closes stayed inside the range | Range width 88.1% | Currently 85.4% through the range"
HINDCOPPER,Basic Materials,Copper,277.32,-0.34,92.4,303.91,200.14,8.75,57.65,267.08,174.52,9627769.2,4698074.0,0.49,Bullish,60.0,"Above 50 DMA, Above 200 DMA, Healthy RSI momentum, Near 52W high momentum",-3.3,53.01,64.2,3.57,7.62,15.18,-6.87,45.39,49.02,70.0,"Strong 3M absolute return, Strong 6M absolute return, 3M Nifty outperformance, 6M Nifty outperformance",20.18,Profit Booking Zone,71.61,144.86,279.38,92.86,98.46,80.0% of closes stayed inside the range | Range width 92.9% | Currently 98.5% through the range,14.19,9.9,21.49,17.74,,,7.53,0.95,0.77,15.56,156.86,673.58,326.26,45.4523,27.1139,15.8616,46.0,,52963.9,91.1,Metals / Mining,18.0,0.0,9.0,17.0,7.0,51.0,0.86,,,2.0,53.0,General low-debt support,41.06,3.0,Low volume participation,54.21,Neutral,"Above 50 DMA, Above 200 DMA, Healthy RSI momentum, Near 52W high momentum, Strong 3M absolute return, Strong 6M absolute return, 3M Nifty outperformance, 6M Nifty outperformance, 80.0% of closes stayed inside the range | Range width 92.9% | Currently 98.5% through the range"
TATAINVEST,Financial Services,Asset Management,962.86,5.0,143.54,962.86,570.79,0.0,90.19,548.57,351.81,1725601.5,492990.0,0.29,Bullish,57.0,"Above 50 DMA, Above 200 DMA, Strong but overbought RSI, Near 52W high momentum, Strong positive day move",76.69,131.51,296.6,3.57,7.62,15.18,73.12,123.89,281.42,100.0,"Strong 1M absolute return, Strong 3M absolute return, Strong 6M absolute return, 1M Nifty outperformance, 3M Nifty outperformance, 6M Nifty outperformance, Positive across 1M/3M/6M",4.65,Profit Booking Zone,71.2,302.52,583.65,92.93,100.0,80.0% of closes stayed inside the range | Range width 92.9% | Currently 100.0% through the range,1.29,1.19,,82.52,,,1.23,,,4.54,241.62,229.64,229.41,79.7014,,1.1785,49.0,0.314,34437.69,99.99,Financial Services,6.0,0.0,9.0,17.0,6.0,38.0,0.64,,,-5.0,33.0,Weak ROE for a leveraged-balance-sheet business,40.8,3.0,Low volume participation,53.92,Neutral,"Above 50 DMA, Above 200 DMA, Strong but overbought RSI, Near 52W high momentum, Strong positive day move, Strong 1M absolute return, Strong 3M absolute return, Strong 6M absolute return, 1M Nifty outperformance, 3M Nifty outperformance, 6M Nifty outperformance, Positive across 1M/3M/6M, 80.0% of closes stayed inside the range | Range width 92.9% | Currently 100.0% through the range"
COCHINSHIP,Industrials,Aerospace & Defense,856.04,1.44,154.78,929.15,453.09,7.87,55.01,805.87,520.54,2130031.65,1011544.0,0.47,Bullish,65.0,"Above 50 DMA, Above 200 DMA, Healthy RSI momentum, Near 52W high momentum, Positive day move",-4.47,35.87,92.66,3.57,7.62,15.18,-8.04,28.25,77.48,70.0,"Strong 3M absolute return, Strong 6M absolute return, 3M Nifty outperformance, 6M Nifty outperformance",39.16,Profit Booking Zone,75.37,490.14,859.57,75.37,99.05,80.0% of closes stayed inside the range | Range width 75.4% | Currently 99.0% through the range,6.88,3.04,11.54,13.14,,,13.27,1.39,1.32,375.02,587.33,1876.5,1537.63,55.3066,34.0724,6.7461,89.0,0.582,39619.97,34.96,Capital Goods / Infra,8.0,0.0,13.0,17.0,7.0,45.0,0.86,,,0.0,45.0,,49.07,3.0,Low volume participation,53.86,Neutral,"Above 50 DMA, Above 200 DMA, Healthy RSI momentum, Near 52W high momentum, Positive day move, Strong 3M absolute return, Strong 6M absolute return, 3M Nifty outperformance, 6M Nifty outperformance, 80.0% of closes stayed inside the range | Range width 75.4% | Currently 99.0% through the range"
ASTRAL,Industrials,Building Products & Equipment,2086.96,0.35,1287.05,2130.24,62.15,2.03,66.3,1901.32,1895.86,865364.65,415811.0,0.48,Bullish,65.0,"Above 50 DMA, Above 200 DMA, Healthy RSI momentum, Near 52W high momentum, Positive day move",12.11,6.63,11.05,3.57,7.62,15.18,8.54,-0.99,-4.13,55.0,"Strong 1M absolute return, Positive 3M return, Positive 6M return, 1M Nifty outperformance, Positive across 1M/3M/6M",53.61,Profit Booking Zone,85.58,1809.97,1959.27,8.25,100.0,80.0% of closes stayed inside the range | Range width 8.2% | Currently 100.0% through the range,16.84,10.44,12.31,8.87,,,3.21,1.69,1.03,529.5,87.1,556.9,245.9,73.3834,43.7432,9.6923,28.0,0.166,39330.39,39.36,Capital Goods / Infra,14.0,0.0,18.0,17.0,5.0,54.0,0.86,Cash covers debt,,0.0,54.0,,49.07,3.0,Low volume participation,53.26,Neutral,"Above 50 DMA, Above 200 DMA, Healthy RSI momentum, Near 52W high momentum, Positive day move, Cash covers debt, Strong 1M absolute return, Positive 3M return, Positive 6M return, 1M Nifty outperformance, Positive across 1M/3M/6M, 80.0% of closes stayed inside the range | Range width 8.2% | Currently 100.0% through the range"
VEDL,Basic Materials,Other Industrial Metals & Mining,240.19,0.14,163.09,245.62,47.28,2.21,61.61,228.23,209.96,14958804.5,9134995.0,0.61,Bullish,65.0,"Above 50 DMA, Above 200 DMA, Healthy RSI momentum, Near 52W high momentum, Positive day move",1.53,18.65,22.16,3.57,7.62,15.18,-2.04,11.03,6.98,53.0,"Positive 1M return, Positive 3M return, Positive 6M return, 3M Nifty outperformance, Positive across 1M/3M/6M",31.58,Profit Booking Zone,82.6,181.15,232.03,28.09,100.0,80.0% of closes stayed inside the range | Range width 28.1% | Currently 100.0% through the range,26.82,5.41,16.7,7.27,,,168.98,0.7,0.52,6926.0,66618.0,33065.0,19278.0,12.0753,8.5779,2.169,12.36,0.363,107694.43,53.91,Metals / Mining,16.0,0.0,0.0,17.0,15.0,48.0,0.86,Strong ROE,,2.0,50.0,General quality ROE,41.06,0.0,,53.16,Neutral,"Above 50 DMA, Above 200 DMA, Healthy RSI momentum, Near 52W high momentum, Positive day move, Strong ROE, Positive 1M return, Positive 3M return, Positive 6M return, 3M Nifty outperformance, Positive across 1M/3M/6M, 80.0% of closes stayed inside the range | Range width 28.1% | Currently 100.0% through the range"
GLENMARK,Healthcare,Drug Manufacturers - Specialty & Generic,951.55,3.11,356.64,960.56,166.81,0.94,65.98,880.8,778.37,1895433.35,1749348.0,0.92,Bullish,70.0,"Above 50 DMA, Above 200 DMA, Healthy RSI momentum, Near 52W high momentum, Strong positive day move",11.26,16.22,25.81,3.57,7.62,15.18,7.69,8.6,10.63,55.0,"Strong 1M absolute return, Positive 3M return, Positive 6M return, 1M Nifty outperformance, Positive across 1M/3M/6M",35.71,Profit Booking Zone,85.07,756.88,898.07,18.65,100.0,80.0% of closes stayed inside the range | Range width 18.7% | Currently 100.0% through the range,3.14,1.53,9.44,2.6,,,48.64,2.1,1.64,1159.2,4607.88,625.39,17.63,35.9328,23.447,6.1481,33.0,0.248,64629.45,71.94,Pharma / Healthcare,0.0,0.0,15.0,17.0,7.0,39.0,0.86,,,2.0,41.0,General low-debt support,47.16,0.0,,52.67,Neutral,"Above 50 DMA, Above 200 DMA, Healthy RSI momentum, Near 52W high momentum, Strong positive day move, Strong 1M absolute return, Positive 3M return, Positive 6M return, 1M Nifty outperformance, Positive across 1M/3M/6M, 80.0% of closes stayed inside the range | Range width 18.7% | Currently 100.0% through the range"
LAURUSLABS,Healthcare,Drug Manufacturers - Specialty & Generic,419.92,2.76,276.17,598.68,52.05,29.86,62.86,404.72,380.05,1669356.65,1744671.0,1.05,Bullish,65.0,"Above 50 DMA, Above 200 DMA, Healthy RSI momentum, Normal volume support, Strong positive day move",6.82,8.19,7.14,3.57,7.62,15.18,3.25,0.57,-8.04,38.0,"Positive 1M return, Positive 3M return, Positive 6M return, Positive across 1M/3M/6M",48.81,Profit Booking Zone,84.73,367.85,418.94,13.89,100.0,80.0% of closes stayed inside the range | Range width 13.9% | Currently 100.0% through the range,19.57,10.31,21.52,13.14,,,49.91,1.42,0.73,45.67,2015.09,993.9,3.74,91.358,64.5153,18.8439,13.0,0.357,99957.76,59.45,Pharma / Healthcare,20.0,0.0,9.0,17.0,5.0,51.0,0.86,Strong ROE,Very high PE,4.0,55.0,"General quality ROE, General low-debt support",47.16,0.0,,52.07,Neutral,"Above 50 DMA, Above 200 DMA, Healthy RSI momentum, Normal volume support, Strong positive day move, Strong ROE, Positive 1M return, Positive 3M return, Positive 6M return, Positive across 1M/3M/6M, 80.0% of closes stayed inside the range | Range width 13.9% | Currently 100.0% through the range"
TATAPOWER,Utilities,Utilities - Independent Power Producers,418.22,7.67,177.68,426.14,135.38,1.86,73.91,361.04,273.39,19252304.1,98883541.0,5.14,Bullish,72.0,"Above 50 DMA, Above 200 DMA, Strong but overbought RSI, Near 52W high momentum, Strong volume expansion, Strong positive day move",4.38,30.52,64.09,3.57,7.62,15.18,0.81,22.9,48.91,88.0,"Positive 1M return, Strong 3M absolute return, Strong 6M absolute return, 3M Nifty outperformance, 6M Nifty outperformance, Positive across 1M/3M/6M",11.76,Breakout Watch,80.24,245.65,377.47,53.66,100.0,80.0% of closes stayed inside the range | Range width 53.7% | Currently 100.0% through the range | Above upper band on elevated volume,11.59,2.6,8.13,6.17,,,183.84,0.71,0.62,4189.76,52923.09,7165.59,-490.42,31.5945,22.6373,3.0714,66.0,0.342,121247.16,35.71,Energy / Utilities,5.0,0.0,0.0,9.0,11.0,25.0,0.86,,Negative free cash flow,0.0,25.0,,48.28,4.0,Negative free cash flow,51.99,Neutral,"Above 50 DMA, Above 200 DMA, Strong but overbought RSI, Near 52W high momentum, Strong volume expansion, Strong positive day move, Positive 1M return, Strong 3M absolute return, Strong 6M absolute return, 3M Nifty outperformance, 6M Nifty outperformance, Positive across 1M/3M/6M, 80.0% of closes stayed inside the range | Range width 53.7% | Currently 100.0% through the range | Above upper band on elevated volume"
CGPOWER,Industrials,Electrical Equipment & Parts,455.74,-2.56,209.52,499.89,117.51,8.83,55.19,447.74,416.48,3298593.3,2561510.0,0.78,Bullish,60.0,"Above 50 DMA, Above 200 DMA, Healthy RSI momentum, Near 52W high momentum",5.95,0.59,5.53,3.57,7.62,15.18,2.38,-7.03,-9.65,38.0,"Positive 1M return, Positive 3M return, Positive 6M return, Positive across 1M/3M/6M",63.25,Profit Booking Zone,81.28,383.92,463.09,20.62,90.71,80.0% of closes stayed inside the range | Range width 20.6% | Currently 90.7% through the range,53.77,20.62,13.21,13.96,,,0.92,1.09,0.89,681.78,16.55,946.86,861.4,111.9798,63.7634,17.5463,15.0,0.42,139899.97,30.72,Capital Goods / Infra,21.0,0.0,14.0,17.0,5.0,57.0,0.86,"Strong ROE, Cash covers debt",Very high PE,0.0,57.0,,49.07,0.0,,51.81,Neutral,"Above 50 DMA, Above 200 DMA, Healthy RSI momentum, Near 52W high momentum, Strong ROE, Cash covers debt, Positive 1M return, Positive 3M return, Positive 6M return, Positive across 1M/3M/6M, 80.0% of closes stayed inside the range | Range width 20.6% | Currently 90.7% through the range"
MANKIND,Healthcare,Drug Manufacturers - Specialty & Generic,2153.35,0.62,1241.51,2296.49,73.45,6.23,52.12,2123.97,1850.17,366385.55,188896.0,0.52,Bullish,65.0,"Above 50 DMA, Above 200 DMA, Healthy RSI momentum, Near 52W high momentum, Positive day move",-4.25,8.13,23.05,3.57,7.62,15.18,-7.82,0.51,7.87,20.0,"Positive 3M return, Positive 6M return",72.62,Profit Booking Zone,81.76,1755.43,2191.93,24.87,91.16,80.0% of closes stayed inside the range | Range width 24.9% | Currently 91.2% through the range,17.24,13.19,18.76,14.65,,,2.29,2.32,1.52,304.82,170.37,1813.3,981.23,49.1833,34.567,6.1622,8.0,0.46,100486.05,70.76,Pharma / Healthcare,19.0,0.0,20.0,17.0,7.0,63.0,0.86,Cash covers debt,,2.0,65.0,General low-debt support,47.16,0.0,,51.07,Neutral,"Above 50 DMA, Above 200 DMA, Healthy RSI momentum, Near 52W high momentum, Positive day move, Cash covers debt, Positive 3M return, Positive 6M return, 80.0% of closes stayed inside the range | Range width 24.9% | Currently 91.2% through the range"
POWERINDIA,Industrials,Electrical Equipment & Parts,6544.6,4.11,2836.07,6591.77,130.76,0.72,68.65,5875.63,4714.53,45589.3,34922.0,0.77,Bullish,70.0,"Above 50 DMA, Above 200 DMA, Healthy RSI momentum, Near 52W high momentum, Strong positive day move",4.78,34.86,49.06,3.57,7.62,15.18,1.21,27.24,33.88,88.0,"Positive 1M return, Strong 3M absolute return, Strong 6M absolute return, 3M Nifty outperformance, 6M Nifty outperformance, Positive across 1M/3M/6M",18.07,Profit Booking Zone,80.9,4150.99,6078.78,46.44,100.0,80.0% of closes stayed inside the range | Range width 46.4% | Currently 100.0% through the range,7.73,2.4,4.89,2.17,,,27.51,1.16,0.85,163.19,334.31,5.37,-6.64,138.2239,72.2106,30.8289,2.0,0.572,159569.06,38.99,Capital Goods / Infra,0.0,0.0,9.0,9.0,5.0,23.0,0.86,,"Negative free cash flow, Very high PE",0.0,23.0,,49.07,4.0,Negative free cash flow,50.91,Neutral,"Above 50 DMA, Above 200 DMA, Healthy RSI momentum, Near 52W high momentum, Strong positive day move, Positive 1M return, Strong 3M absolute return, Strong 6M absolute return, 3M Nifty outperformance, 6M Nifty outperformance, Positive across 1M/3M/6M, 80.0% of closes stayed inside the range | Range width 46.4% | Currently 100.0% through the range"
PHOENIXLTD,Real Estate,Real Estate - Diversified,1386.76,2.76,589.78,1466.54,135.13,5.44,55.41,1282.05,1002.22,1219950.1,556528.0,0.46,Bullish,70.0,"Above 50 DMA, Above 200 DMA, Healthy RSI momentum, Near 52W high momentum, Strong positive day move",-0.88,23.18,50.85,3.57,7.62,15.18,-4.45,15.56,35.67,70.0,"Strong 3M absolute return, Strong 6M absolute return, 3M Nifty outperformance, 6M Nifty outperformance",50.0,Profit Booking Zone,80.04,904.42,1376.2,52.16,100.0,80.0% of closes stayed inside the range | Range width 52.2% | Currently 100.0% through the range,15.93,7.59,50.86,51.32,,,50.83,1.32,0.85,263.56,4259.28,1356.05,-469.68,52.0776,38.1787,6.199,13.0,0.324,68134.93,93.68,Cement / Realty,18.0,0.0,6.0,9.0,7.0,40.0,0.86,,Negative free cash flow,2.0,42.0,General low-debt support,53.37,7.0,"Low volume participation, Negative free cash flow",50.71,Neutral,"Above 50 DMA, Above 200 DMA, Healthy RSI momentum, Near 52W high momentum, Strong positive day move, Strong 3M absolute return, Strong 6M absolute return, 3M Nifty outperformance, 6M Nifty outperformance, 80.0% of closes stayed inside the range | Range width 52.2% | Currently 100.0% through the range"
GAIL,Utilities,Utilities - Regulated Gas,175.18,-1.0,72.05,182.43,143.12,3.97,62.05,157.97,120.31,19688869.4,7718111.0,0.39,Bullish,60.0,"Above 50 DMA, Above 200 DMA, Healthy RSI momentum, Near 52W high momentum",4.92,36.88,58.47,3.57,7.62,15.18,1.35,29.26,43.29,88.0,"Positive 1M return, Strong 3M absolute return, Strong 6M absolute return, 3M Nifty outperformance, 6M Nifty outperformance, Positive across 1M/3M/6M",11.76,Profit Booking Zone,77.67,109.59,168.73,53.96,100.0,80.0% of closes stayed inside the range | Range width 54.0% | Currently 100.0% through the range,8.65,5.21,3.43,3.86,,,27.44,0.95,0.67,243.77,17816.18,3204.69,-5625.87,11.6689,9.7283,1.3128,3.14,0.515,117003.53,18.75,Energy / Utilities,4.0,0.0,7.0,9.0,15.0,35.0,0.86,,Negative free cash flow,2.0,37.0,General low-debt support,48.28,7.0,"Low volume participation, Negative free cash flow",50.19,Neutral,"Above 50 DMA, Above 200 DMA, Healthy RSI momentum, Near 52W high momentum, Positive 1M return, Strong 3M absolute return, Strong 6M absolute return, 3M Nifty outperformance, 6M Nifty outperformance, Positive across 1M/3M/6M, 80.0% of closes stayed inside the range | Range width 54.0% | Currently 100.0% through the range"
LICI,Financial Services,Insurance - Life,491.44,1.44,252.0,561.31,95.02,12.45,54.23,455.17,345.04,10918719.6,3644978.0,0.33,Bullish,65.0,"Above 50 DMA, Above 200 DMA, Healthy RSI momentum, Near 52W high momentum, Positive day move",-6.92,30.98,56.2,3.57,7.62,15.18,-10.49,23.36,41.02,70.0,"Strong 3M absolute return, Strong 6M absolute return, 3M Nifty outperformance, 6M Nifty outperformance",23.84,Profit Booking Zone,75.82,291.76,497.3,70.45,97.15,80.0% of closes stayed inside the range | Range width 70.5% | Currently 97.1% through the range,77.86,0.79,4.6,4.58,,,,,,30902.33,,,53632.04,8.5468,7.091,2.9869,2.46,0.543,527504.82,11.08,Financial Services,8.0,0.0,0.0,8.0,15.0,31.0,0.57,Strong ROE,,6.0,37.0,Strong ROE for a leveraged-balance-sheet business,40.8,3.0,Low volume participation,49.82,Neutral,"Above 50 DMA, Above 200 DMA, Healthy RSI momentum, Near 52W high momentum, Positive day move, Strong ROE, Strong 3M absolute return, Strong 6M absolute return, 3M Nifty outperformance, 6M Nifty outperformance, 80.0% of closes stayed inside the range | Range width 70.5% | Currently 97.1% through the range"
UNITDSPR,Consumer Defensive,Beverages - Wineries & Distilleries,1118.35,-0.59,709.87,1153.12,57.54,3.02,53.93,1087.33,997.65,904875.25,583929.0,0.65,Bullish,60.0,"Above 50 DMA, Above 200 DMA, Healthy RSI momentum, Near 52W high momentum",6.05,7.55,12.3,3.57,7.62,15.18,2.48,-0.07,-2.88,38.0,"Positive 1M return, Positive 3M return, Positive 6M return, Positive across 1M/3M/6M",28.26,Profit Booking Zone,83.85,989.09,1115.56,12.79,100.0,80.0% of closes stayed inside the range | Range width 12.8% | Currently 100.0% through the range,18.95,11.65,10.75,10.77,,,3.05,1.72,1.1,115.0,183.0,615.0,478.0,64.3606,50.7888,12.1739,1.1,0.148,108993.5,46.86,FMCG / Consumer,16.0,0.0,15.0,17.0,4.0,52.0,0.86,Strong ROE,,3.0,55.0,"Low debt, typical of a healthy consumer business",39.98,0.0,,49.75,Neutral,"Above 50 DMA, Above 200 DMA, Healthy RSI momentum, Near 52W high momentum, Strong ROE, Positive 1M return, Positive 3M return, Positive 6M return, Positive across 1M/3M/6M, 80.0% of closes stayed inside the range | Range width 12.8% | Currently 100.0% through the range"
HAVELLS,Industrials,Electrical Equipment & Parts,1516.18,1.68,998.35,1560.24,51.87,2.82,69.42,1372.19,1317.67,1314220.05,1462696.0,1.11,Bullish,70.0,"Above 50 DMA, Above 200 DMA, Healthy RSI momentum, Near 52W high momentum, Normal volume support, Positive day move",14.36,14.62,13.8,3.57,7.62,15.18,10.79,7.0,-1.38,55.0,"Strong 1M absolute return, Positive 3M return, Positive 6M return, 1M Nifty outperformance, Positive across 1M/3M/6M",53.61,Profit Booking Zone,85.92,1242.09,1403.14,12.97,100.0,80.0% of closes stayed inside the range | Range width 13.0% | Currently 100.0% through the range,16.18,9.61,8.01,6.38,,,3.37,1.84,0.88,465.16,223.1,564.94,-22.85,49.012,38.6678,8.3918,94.0,0.3,79386.55,32.03,Capital Goods / Infra,11.0,0.0,16.0,9.0,7.0,43.0,0.86,Cash covers debt,Negative free cash flow,0.0,43.0,,49.07,4.0,Negative free cash flow,49.66,Neutral,"Above 50 DMA, Above 200 DMA, Healthy RSI momentum, Near 52W high momentum, Normal volume support, Positive day move, Cash covers debt, Strong 1M absolute return, Positive 3M return, Positive 6M return, 1M Nifty outperformance, Positive across 1M/3M/6M, 80.0% of closes stayed inside the range | Range width 13.0% | Currently 100.0% through the range"
PIIND,Basic Materials,Agricultural Inputs,3584.11,-0.74,2827.12,3952.73,26.78,9.33,55.76,3441.05,3537.34,411590.9,298793.0,0.73,Bullish,60.0,"Above 50 DMA, Above 200 DMA, Healthy RSI momentum, Near 52W high momentum",5.1,-5.52,0.06,3.57,7.62,15.18,1.53,-13.14,-15.12,18.0,"Positive 1M return, Positive 6M return",61.4,Neutral Range,80.23,3311.66,3678.81,11.09,74.21,80.0% of closes stayed inside the range | Range width 11.1% | Currently 74.2% through the range,17.08,14.5,20.61,19.04,,,0.65,4.79,3.61,872.7,46.5,1501.4,1175.1,35.5884,23.3804,3.3541,55.0,,37668.63,57.49,General,20.0,0.0,20.0,17.0,9.0,66.0,0.86,Cash covers debt,,2.0,68.0,General low-debt support,41.06,0.0,,49.46,Neutral,"Above 50 DMA, Above 200 DMA, Healthy RSI momentum, Near 52W high momentum, Cash covers debt, Positive 1M return, Positive 6M return, 80.0% of closes stayed inside the range | Range width 11.1% | Currently 74.2% through the range"
GODREJPROP,Real Estate,Real Estate - Development,2453.59,0.21,1000.17,2529.08,145.32,2.98,60.09,2282.92,1802.19,672993.75,420622.0,0.63,Bullish,65.0,"Above 50 DMA, Above 200 DMA, Healthy RSI momentum, Near 52W high momentum, Positive day move",11.22,27.36,49.38,3.57,7.62,15.18,7.65,19.74,34.2,100.0,"Strong 1M absolute return, Strong 3M absolute return, Strong 6M absolute return, 1M Nifty outperformance, 3M Nifty outperformance, 6M Nifty outperformance, Positive across 1M/3M/6M",15.0,Profit Booking Zone,79.53,1591.31,2364.28,48.57,100.0,80.0% of closes stayed inside the range | Range width 48.6% | Currently 100.0% through the range,6.17,2.47,10.32,26.37,,,69.42,1.46,0.59,714.81,6430.76,-2860.64,-3166.49,38.3153,18.06,3.1684,49.0,0.478,60697.14,42.86,Cement / Realty,9.0,0.0,6.0,0.0,9.0,24.0,0.86,,"Negative operating cash flow, Negative free cash flow",2.0,26.0,General low-debt support,53.37,9.0,"Negative operating cash flow, Negative free cash flow",49.36,Neutral,"Above 50 DMA, Above 200 DMA, Healthy RSI momentum, Near 52W high momentum, Positive day move, Strong 1M absolute return, Strong 3M absolute return, Strong 6M absolute return, 1M Nifty outperformance, 3M Nifty outperformance, 6M Nifty outperformance, Positive across 1M/3M/6M, 80.0% of closes stayed inside the range | Range width 48.6% | Currently 100.0% through the range"
NLCINDIA,Utilities,Utilities - Regulated Electric,211.77,-3.44,60.45,282.7,250.31,25.09,40.25,231.76,153.29,6885525.0,22407457.0,3.25,Bearish,38.0,"Above 200 DMA, Weak but watchable RSI, Strong volume expansion",-17.42,18.08,56.58,3.57,7.62,15.18,-20.99,10.46,41.4,60.0,"Positive 3M return, Strong 6M absolute return, 3M Nifty outperformance, 6M Nifty outperformance",58.82,Neutral Range,63.24,126.9,243.69,92.03,72.67,80.0% of closes stayed inside the range | Range width 92.0% | Currently 72.7% through the range,9.2,2.63,36.15,8.63,,,147.23,1.38,1.21,77.48,22333.14,4171.32,1567.95,12.0326,10.25,1.7827,2.52,,38375.17,80.32,Energy / Utilities,11.0,0.0,6.0,17.0,15.0,49.0,0.86,,,0.0,49.0,,48.28,0.0,,48.89,Neutral,"Above 200 DMA, Weak but watchable RSI, Strong volume expansion, Positive 3M return, Strong 6M absolute return, 3M Nifty outperformance, 6M Nifty outperformance, 80.0% of closes stayed inside the range | Range width 92.0% | Currently 72.7% through the range"
IPCALAB,Healthcare,Drug Manufacturers - Specialty & Generic,1178.45,-0.93,663.43,1254.27,77.63,6.04,51.14,1143.76,953.68,406243.5,134051.0,0.33,Bullish,60.0,"Above 50 DMA, Above 200 DMA, Healthy RSI momentum, Near 52W high momentum",-2.32,4.87,35.67,3.57,7.62,15.18,-5.89,-2.75,20.49,45.0,"Positive 3M return, Strong 6M absolute return, 6M Nifty outperformance",40.48,Profit Booking Zone,80.93,918.67,1186.75,29.18,96.91,80.0% of closes stayed inside the range | Range width 29.2% | Currently 96.9% through the range,8.07,5.46,11.35,7.59,,,25.36,2.87,1.91,1257.85,1481.27,805.81,311.34,39.3189,26.9068,5.5581,34.0,0.035,44819.39,67.23,Pharma / Healthcare,10.0,0.0,15.0,17.0,9.0,51.0,0.86,,,2.0,53.0,General low-debt support,47.16,3.0,Low volume participation,48.87,Neutral,"Above 50 DMA, Above 200 DMA, Healthy RSI momentum, Near 52W high momentum, Positive 3M return, Strong 6M absolute return, 6M Nifty outperformance, 80.0% of closes stayed inside the range | Range width 29.2% | Currently 96.9% through the range"
MARUTI,Consumer Cyclical,Auto Manufacturers,11168.1,-0.49,7763.06,11381.51,43.86,1.88,60.42,10333.56,9851.94,452775.45,255325.0,0.56,Bullish,60.0,"Above 50 DMA, Above 200 DMA, Healthy RSI momentum, Near 52W high momentum",7.13,7.6,11.07,3.57,7.62,15.18,3.56,-0.02,-4.11,38.0,"Positive 1M return, Positive 3M return, Positive 6M return, Positive across 1M/3M/6M",48.98,Profit Booking Zone,83.71,9719.24,11048.71,13.68,100.0,80.0% of closes stayed inside the range | Range width 13.7% | Currently 100.0% through the range,11.08,8.23,7.26,7.26,,,1.67,0.69,0.45,1785.2,1247.6,10814.6,2749.8,30.423,22.9458,4.071,100.0,0.239,436233.54,26.35,Automobile,9.0,0.0,12.0,17.0,11.0,49.0,0.86,Cash covers debt,,2.0,51.0,General low-debt support,43.25,0.0,,48.84,Neutral,"Above 50 DMA, Above 200 DMA, Healthy RSI momentum, Near 52W high momentum, Cash covers debt, Positive 1M return, Positive 3M return, Positive 6M return, Positive across 1M/3M/6M, 80.0% of closes stayed inside the range | Range width 13.7% | Currently 100.0% through the range"
TITAN,Consumer Cyclical,Luxury Goods,3750.92,-0.63,2240.77,3850.02,67.39,2.57,59.7,3653.99,3253.98,840105.3,838514.0,1.0,Bullish,60.0,"Above 50 DMA, Above 200 DMA, Healthy RSI momentum, Near 52W high momentum",6.7,5.62,22.15,3.57,7.62,15.18,3.13,-2.0,6.97,38.0,"Positive 1M return, Positive 3M return, Positive 6M return, Positive across 1M/3M/6M",48.98,Profit Booking Zone,83.33,3182.71,3700.64,16.27,100.0,80.0% of closes stayed inside the range | Range width 16.3% | Currently 100.0% through the range,27.42,12.03,11.08,8.04,,,79.04,1.69,0.44,232.0,9367.0,1370.0,938.0,78.2896,58.2409,28.8278,29.0,0.18,452440.57,20.47,Consumer Discretionary,19.0,0.0,8.0,17.0,5.0,49.0,0.86,Strong ROE,,2.0,51.0,General quality ROE,43.25,0.0,,48.84,Neutral,"Above 50 DMA, Above 200 DMA, Healthy RSI momentum, Near 52W high momentum, Strong ROE, Positive 1M return, Positive 3M return, Positive 6M return, Positive across 1M/3M/6M, 80.0% of closes stayed inside the range | Range width 16.3% | Currently 100.0% through the range"
ICICIGI,Financial Services,Insurance - Diversified,1637.61,0.63,1022.63,1705.18,60.14,3.96,60.45,1510.37,1363.11,1014813.9,907857.0,0.89,Bullish,65.0,"Above 50 DMA, Above 200 DMA, Healthy RSI momentum, Near 52W high momentum, Positive day move",2.8,14.95,23.15,3.57,7.62,15.18,-0.77,7.33,7.97,38.0,"Positive 1M return, Positive 3M return, Positive 6M return, Positive across 1M/3M/6M",48.26,Profit Booking Zone,83.05,1291.9,1616.46,25.12,100.0,80.0% of closes stayed inside the range | Range width 25.1% | Currently 100.0% through the range,16.56,3.14,11.81,9.31,,,0.34,,,203.13,35.0,,2169.22,33.8369,23.2532,4.7882,85.0,0.452,81672.71,21.54,Financial Services,10.0,0.0,12.0,8.0,11.0,41.0,0.64,Cash covers debt,,6.0,47.0,Strong ROE for a leveraged-balance-sheet business,40.8,0.0,,48.32,Neutral,"Above 50 DMA, Above 200 DMA, Healthy RSI momentum, Near 52W high momentum, Positive day move, Cash covers debt, Positive 1M return, Positive 3M return, Positive 6M return, Positive across 1M/3M/6M, 80.0% of closes stayed inside the range | Range width 25.1% | Currently 100.0% through the range"
ABBOTINDIA,Healthcare,Drug Manufacturers - Specialty & Generic,26062.96,0.42,16232.57,28156.74,60.56,7.44,44.9,25263.23,22617.07,13367.55,4563.0,0.34,Bullish,43.0,"Above 50 DMA, Above 200 DMA, Weak but watchable RSI, Positive day move",-2.91,18.9,22.78,3.57,7.62,15.18,-6.48,11.28,7.6,35.0,"Positive 3M return, Positive 6M return, 3M Nifty outperformance",54.76,Profit Booking Zone,75.54,21327.61,27066.22,26.91,82.52,80.0% of closes stayed inside the range | Range width 26.9% | Currently 82.5% through the range,29.78,20.84,21.46,17.76,,,3.55,2.51,1.97,239.67,113.17,893.39,859.28,38.4784,31.1337,12.5248,1.87,0.056,59795.54,46.52,Pharma / Healthcare,23.0,0.0,20.0,17.0,6.0,66.0,0.86,"Strong ROE, Cash covers debt",,4.0,70.0,"General quality ROE, General low-debt support",47.16,3.0,Low volume participation,48.07,Neutral,"Above 50 DMA, Above 200 DMA, Weak but watchable RSI, Positive day move, Strong ROE, Cash covers debt, Positive 3M return, Positive 6M return, 3M Nifty outperformance, 80.0% of closes stayed inside the range | Range width 26.9% | Currently 82.5% through the range"
INFY,Technology,Information Technology Services,1489.63,-0.07,1064.05,1597.03,40.0,6.73,41.52,1503.68,1336.04,4719569.45,6348359.0,1.35,Bearish,33.0,"Above 200 DMA, Weak but watchable RSI, Volume expansion",-4.47,10.27,11.76,3.57,7.62,15.18,-8.04,2.65,-3.42,20.0,"Positive 3M return, Positive 6M return",64.71,Profit Booking Zone,73.87,1281.83,1544.88,20.52,79.0,80.0% of closes stayed inside the range | Range width 20.5% | Currently 79.0% through the range,32.5,19.47,21.0,16.37,,,11.01,1.81,,148.1,101.0,285.3,253.4,15.4324,14.7125,5.1946,4.2,0.107,476334.99,29.68,IT / Technology,23.0,0.0,16.0,17.0,13.0,69.0,0.79,"Strong ROE, Cash covers debt",,10.0,79.0,"Strong ROE for an asset-light business, Strong operating margin",45.97,0.0,,47.8,Neutral,"Above 200 DMA, Weak but watchable RSI, Volume expansion, Strong ROE, Cash covers debt, Positive 3M return, Positive 6M return, 80.0% of closes stayed inside the range | Range width 20.5% | Currently 79.0% through the range"
TORNTPOWER,Utilities,Utilities - Independent Power Producers,1109.88,-1.48,393.65,1196.57,181.95,7.24,55.7,1027.34,769.38,1313697.35,523306.0,0.4,Bullish,60.0,"Above 50 DMA, Above 200 DMA, Healthy RSI momentum, Near 52W high momentum",-4.0,15.16,63.87,3.57,7.62,15.18,-7.57,7.54,48.69,45.0,"Positive 3M return, Strong 6M absolute return, 6M Nifty outperformance",67.65,Profit Booking Zone,76.91,694.62,1104.89,59.06,100.0,80.0% of closes stayed inside the range | Range width 59.1% | Currently 100.0% through the range,19.23,7.08,13.85,8.34,,,95.74,1.08,0.96,188.23,10541.41,3455.78,366.71,28.818,21.9958,3.4843,1.5,0.655,66464.88,26.63,Energy / Utilities,14.0,0.0,6.0,17.0,10.0,47.0,0.86,Strong ROE,,2.0,49.0,General quality ROE,48.28,3.0,Low volume participation,47.64,Neutral,"Above 50 DMA, Above 200 DMA, Healthy RSI momentum, Near 52W high momentum, Strong ROE, Positive 3M return, Strong 6M absolute return, 6M Nifty outperformance, 80.0% of closes stayed inside the range | Range width 59.1% | Currently 100.0% through the range"
SBIN,Financial Services,Banks - Regional,746.34,0.53,463.91,751.41,60.88,0.67,74.07,648.71,577.83,20585217.3,15497868.0,0.75,Bullish,52.0,"Above 50 DMA, Above 200 DMA, Strong but overbought RSI, Near 52W high momentum, Positive day move",12.65,28.83,36.92,3.57,7.62,15.18,9.08,21.21,21.74,100.0,"Strong 1M absolute return, Strong 3M absolute return, Strong 6M absolute return, 1M Nifty outperformance, 3M Nifty outperformance, 6M Nifty outperformance, Positive across 1M/3M/6M",4.65,Profit Booking Zone,79.03,534.83,715.16,33.72,100.0,80.0% of closes stayed inside the range | Range width 33.7% | Currently 100.0% through the range,15.5,0.93,,20.58,,,145.46,,,536903.1,522092.63,-86013.68,-90057.31,11.5734,10.297,1.6754,1.63,0.385,998752.81,0.0,Banking,10.0,0.0,5.0,0.0,14.0,29.0,0.64,Cash covers debt,"Negative operating cash flow, Negative free cash flow",6.0,35.0,Strong ROE for a leveraged-balance-sheet business,40.8,9.0,"Negative operating cash flow, Negative free cash flow",47.37,Neutral,"Above 50 DMA, Above 200 DMA, Strong but overbought RSI, Near 52W high momentum, Positive day move, Cash covers debt, Strong 1M absolute return, Strong 3M absolute return, Strong 6M absolute return, 1M Nifty outperformance, 3M Nifty outperformance, 6M Nifty outperformance, Positive across 1M/3M/6M, 80.0% of closes stayed inside the range | Range width 33.7% | Currently 100.0% through the range"
VOLTAS,Consumer Cyclical,"Furnishings, Fixtures & Appliances",1068.82,1.9,724.31,1119.59,47.56,4.53,51.71,1038.36,872.31,1441796.3,1715695.0,1.19,Bullish,70.0,"Above 50 DMA, Above 200 DMA, Healthy RSI momentum, Near 52W high momentum, Normal volume support, Positive day move",1.64,24.95,24.92,3.57,7.62,15.18,-1.93,17.33,9.74,63.0,"Positive 1M return, Strong 3M absolute return, Positive 6M return, 3M Nifty outperformance, Positive across 1M/3M/6M",30.61,Profit Booking Zone,82.85,817.28,1074.1,31.42,97.95,80.0% of closes stayed inside the range | Range width 31.4% | Currently 97.9% through the range,2.48,1.31,3.09,1.44,,,11.93,1.4,1.05,692.72,650.58,159.38,-20.55,113.2572,38.3226,6.6943,31.0,0.138,42684.13,22.23,Consumer Discretionary,0.0,0.0,16.0,9.0,5.0,30.0,0.86,Cash covers debt,"Negative free cash flow, Very high PE",2.0,32.0,General low-debt support,43.25,4.0,Negative free cash flow,46.94,Neutral,"Above 50 DMA, Above 200 DMA, Healthy RSI momentum, Near 52W high momentum, Normal volume support, Positive day move, Cash covers debt, Positive 1M return, Strong 3M absolute return, Positive 6M return, 3M Nifty outperformance, Positive across 1M/3M/6M, 80.0% of closes stayed inside the range | Range width 31.4% | Currently 97.9% through the range"
THERMAX,Industrials,Conglomerates,3604.12,1.86,1804.31,3854.75,99.75,6.5,60.92,3270.24,2786.62,123220.65,36604.0,0.3,Bullish,65.0,"Above 50 DMA, Above 200 DMA, Healthy RSI momentum, Near 52W high momentum, Positive day move",13.49,34.96,29.88,3.57,7.62,15.18,9.92,27.34,14.7,80.0,"Strong 1M absolute return, Strong 3M absolute return, Positive 6M return, 1M Nifty outperformance, 3M Nifty outperformance, Positive across 1M/3M/6M",27.71,Profit Booking Zone,82.31,2674.6,3478.63,30.06,100.0,80.0% of closes stayed inside the range | Range width 30.1% | Currently 100.0% through the range,11.64,5.09,6.6,5.6,,,22.01,1.38,1.21,452.82,851.33,459.56,-204.66,77.4232,45.6669,8.2899,35.0,0.321,45997.83,34.09,Capital Goods / Infra,4.0,0.0,11.0,9.0,5.0,29.0,0.86,,Negative free cash flow,0.0,29.0,,49.07,7.0,"Low volume participation, Negative free cash flow",46.76,Neutral,"Above 50 DMA, Above 200 DMA, Healthy RSI momentum, Near 52W high momentum, Positive day move, Strong 1M absolute return, Strong 3M absolute return, Positive 6M return, 1M Nifty outperformance, 3M Nifty outperformance, Positive across 1M/3M/6M, 80.0% of closes stayed inside the range | Range width 30.1% | Currently 100.0% through the range"
NHPC,Utilities,Utilities - Renewable,85.59,-1.58,29.88,108.44,186.44,21.08,52.51,78.39,55.22,158498810.95,59575340.0,0.38,Bullish,50.0,"Above 50 DMA, Above 200 DMA, Healthy RSI momentum",-9.92,42.31,78.23,3.57,7.62,15.18,-13.49,34.69,63.05,70.0,"Strong 3M absolute return, Strong 6M absolute return, 3M Nifty outperformance, 6M Nifty outperformance",35.29,Profit Booking Zone,70.92,47.95,86.98,81.39,96.43,80.0% of closes stayed inside the range | Range width 81.4% | Currently 96.4% through the range,10.56,4.58,50.09,37.25,,,79.93,1.55,1.53,1034.19,29539.84,4704.64,-270.85,28.1502,12.0078,1.8676,2.09,0.191,77196.09,93.4,Energy / Utilities,14.0,0.0,11.0,9.0,13.0,47.0,0.86,,Negative free cash flow,0.0,47.0,,48.28,7.0,"Low volume participation, Negative free cash flow",46.69,Neutral,"Above 50 DMA, Above 200 DMA, Healthy RSI momentum, Strong 3M absolute return, Strong 6M absolute return, 3M Nifty outperformance, 6M Nifty outperformance, 80.0% of closes stayed inside the range | Range width 81.4% | Currently 96.4% through the range"
FLUOROCHEM,Basic Materials,Specialty Chemicals,3531.66,-1.53,2528.56,4162.77,39.67,15.16,47.76,3583.16,3110.51,91726.7,30376.0,0.33,Bearish,27.0,"Above 200 DMA, RSI recovering",0.84,23.55,15.83,3.57,7.62,15.18,-2.73,15.93,0.65,63.0,"Positive 1M return, Strong 3M absolute return, Positive 6M return, 3M Nifty outperformance, Positive across 1M/3M/6M",26.32,Profit Booking Zone,71.69,2761.48,3666.12,32.76,85.14,80.0% of closes stayed inside the range | Range width 32.8% | Currently 85.1% through the range,24.07,15.87,30.92,23.75,,,27.44,1.5,0.86,23.99,1515.12,738.89,7.56,87.6185,44.0047,6.5534,7.0,-0.005,50155.31,51.34,Chemicals,23.0,0.0,11.0,17.0,5.0,56.0,0.86,Strong ROE,Very high PE,4.0,60.0,"General quality ROE, General low-debt support",41.06,3.0,Low volume participation,46.66,Neutral,"Above 200 DMA, RSI recovering, Strong ROE, Positive 1M return, Strong 3M absolute return, Positive 6M return, 3M Nifty outperformance, Positive across 1M/3M/6M, 80.0% of closes stayed inside the range | Range width 32.8% | Currently 85.1% through the range"
LTTS,Technology,Information Technology Services,5122.23,0.29,3071.35,5487.23,66.77,6.65,44.75,5199.28,4428.96,139555.25,233329.0,1.67,Bearish,38.0,"Above 200 DMA, Weak but watchable RSI, Volume expansion, Positive day move",-4.69,7.6,17.73,3.57,7.62,15.18,-8.26,-0.02,2.55,20.0,"Positive 3M return, Positive 6M return",64.71,Profit Booking Zone,74.81,4120.61,5284.95,28.26,86.03,80.0% of closes stayed inside the range | Range width 28.3% | Currently 86.0% through the range,27.33,14.79,17.54,13.75,,,10.24,1.93,1.93,534.6,454.2,1313.0,1131.5,29.6906,22.045,5.8609,1.59,0.154,37964.09,40.76,IT / Technology,21.0,0.0,19.0,17.0,10.0,67.0,0.86,"Strong ROE, Cash covers debt",,5.0,72.0,Strong ROE for an asset-light business,45.97,0.0,,46.6,Neutral,"Above 200 DMA, Weak but watchable RSI, Volume expansion, Positive day move, Strong ROE, Cash covers debt, Positive 3M return, Positive 6M return, 80.0% of closes stayed inside the range | Range width 28.3% | Currently 86.0% through the range"
BANKBARODA,Financial Services,Banks - Regional,256.67,-0.28,103.5,259.17,147.99,0.97,66.32,227.14,192.24,19753228.15,10994198.0,0.56,Bullish,60.0,"Above 50 DMA, Above 200 DMA, Healthy RSI momentum, Near 52W high momentum",11.32,33.44,44.15,3.57,7.62,15.18,7.75,25.82,28.97,100.0,"Strong 1M absolute return, Strong 3M absolute return, Strong 6M absolute return, 1M Nifty outperformance, 3M Nifty outperformance, 6M Nifty outperformance, Positive across 1M/3M/6M",4.65,Profit Booking Zone,80.1,178.31,245.62,37.75,100.0,80.0% of closes stayed inside the range | Range width 37.8% | Currently 100.0% through the range,14.19,0.98,,26.72,,,100.41,,,102373.39,105481.16,-21353.65,-22336.61,7.149,5.892,0.77,3.45,0.43,129801.19,0.0,Banking,10.0,0.0,2.0,0.0,15.0,27.0,0.64,,"Negative operating cash flow, Negative free cash flow",0.0,27.0,,40.8,9.0,"Negative operating cash flow, Negative free cash flow",46.57,Neutral,"Above 50 DMA, Above 200 DMA, Healthy RSI momentum, Near 52W high momentum, Strong 1M absolute return, Strong 3M absolute return, Strong 6M absolute return, 1M Nifty outperformance, 3M Nifty outperformance, 6M Nifty outperformance, Positive across 1M/3M/6M, 80.0% of closes stayed inside the range | Range width 37.8% | Currently 100.0% through the range"
POLYCAB,Industrials,Electrical Equipment & Parts,4818.63,0.22,2262.97,5648.17,112.93,14.69,62.47,4607.51,4610.92,642263.25,270473.0,0.42,Bullish,65.0,"Above 50 DMA, Above 200 DMA, Healthy RSI momentum, Near 52W high momentum, Positive day move",13.23,-9.76,-6.28,3.57,7.62,15.18,9.66,-17.38,-21.46,25.0,"Strong 1M absolute return, 1M Nifty outperformance",68.67,Neutral Range,75.62,4280.77,5378.74,25.65,48.99,80.0% of closes stayed inside the range | Range width 25.6% | Currently 49.0% through the range,19.15,13.48,11.79,9.11,,,20.12,2.64,1.51,152.75,1335.1,1427.52,948.07,48.941,36.4857,11.5631,52.0,0.636,139924.9,24.48,Capital Goods / Infra,17.0,0.0,15.0,17.0,7.0,56.0,0.86,Strong ROE,,0.0,56.0,,49.07,3.0,Low volume participation,46.46,Neutral,"Above 50 DMA, Above 200 DMA, Healthy RSI momentum, Near 52W high momentum, Positive day move, Strong ROE, Strong 1M absolute return, 1M Nifty outperformance, 80.0% of closes stayed inside the range | Range width 25.6% | Currently 49.0% through the range"
ADANIENT,Energy,Thermal Coal,3222.25,-0.23,1015.6,4182.39,217.27,22.96,52.09,3108.38,2622.2,1480310.0,856328.0,0.58,Bullish,50.0,"Above 50 DMA, Above 200 DMA, Healthy RSI momentum",1.83,11.76,30.6,3.57,7.62,15.18,-1.74,4.14,15.42,63.0,"Positive 1M return, Positive 3M return, Strong 6M absolute return, 6M Nifty outperformance, Positive across 1M/3M/6M",82.14,Profit Booking Zone,76.91,2221.63,3222.46,45.05,99.98,80.0% of closes stayed inside the range | Range width 45.0% | Currently 100.0% through the range,7.46,1.74,5.36,1.93,,,160.4,0.83,0.68,1882.33,53012.6,17626.46,2901.74,52.0792,44.307,4.7693,4.0,0.808,424857.17,43.31,Metals / Mining,0.0,0.0,0.0,17.0,9.0,26.0,0.86,,,0.0,26.0,,60.1,0.0,,46.36,Neutral,"Above 50 DMA, Above 200 DMA, Healthy RSI momentum, Positive 1M return, Positive 3M return, Strong 6M absolute return, 6M Nifty outperformance, Positive across 1M/3M/6M, 80.0% of closes stayed inside the range | Range width 45.0% | Currently 100.0% through the range"
JSWSTEEL,Basic Materials,Steel,816.65,2.1,601.78,881.34,35.7,7.34,54.23,811.3,778.91,2424734.2,5074846.0,2.09,Bullish,85.0,"Above 50 DMA, Above 200 DMA, Healthy RSI momentum, Near 52W high momentum, Strong volume expansion, Strong positive day move",0.96,1.32,2.49,3.57,7.62,15.18,-2.61,-6.3,-12.69,38.0,"Positive 1M return, Positive 3M return, Positive 6M return, Positive across 1M/3M/6M",43.86,Profit Booking Zone,86.3,742.53,834.16,12.34,80.89,80.0% of closes stayed inside the range | Range width 12.3% | Currently 80.9% through the range,6.31,1.96,8.04,2.53,,,162.27,0.97,0.5,15424.0,106605.0,23323.0,8539.0,12.6581,17.4188,3.096,55.0,0.627,309784.53,42.29,Metals / Mining,0.0,0.0,0.0,17.0,10.0,27.0,0.86,,,0.0,27.0,,41.06,0.0,,46.36,Neutral,"Above 50 DMA, Above 200 DMA, Healthy RSI momentum, Near 52W high momentum, Strong volume expansion, Strong positive day move, Positive 1M return, Positive 3M return, Positive 6M return, Positive across 1M/3M/6M, 80.0% of closes stayed inside the range | Range width 12.3% | Currently 80.9% through the range"
NAM-INDIA,Financial Services,Asset Management,462.79,-3.06,177.32,510.42,161.0,9.33,44.23,465.8,349.02,785145.55,912627.0,1.16,Bearish,28.0,"Above 200 DMA, Weak but watchable RSI, Normal volume support",-0.55,11.41,57.41,3.57,7.62,15.18,-4.12,3.79,42.23,45.0,"Positive 3M return, Strong 6M absolute return, 6M Nifty outperformance",43.02,Profit Booking Zone,68.93,310.18,483.05,55.73,88.28,80.0% of closes stayed inside the range | Range width 55.7% | Currently 88.3% through the range,20.57,18.73,56.72,53.59,,,1.59,13.66,,21.26,56.0,586.56,573.74,46.7312,35.4773,16.1928,1.84,0.634,75633.87,83.17,Financial Services,23.0,0.0,14.0,17.0,6.0,60.0,0.79,Strong ROE,,2.0,62.0,"Strong ROE for a leveraged-balance-sheet business, Expensive relative to book value for this sector",40.8,0.0,,46.07,Neutral,"Above 200 DMA, Weak but watchable RSI, Normal volume support, Strong ROE, Positive 3M return, Strong 6M absolute return, 6M Nifty outperformance, 80.0% of closes stayed inside the range | Range width 55.7% | Currently 88.3% through the range"
AEGISLOG,Energy,Oil & Gas Refining & Marketing,424.75,-1.57,235.58,460.1,80.3,7.68,56.16,382.23,347.16,1536988.2,999164.0,0.65,Bullish,60.0,"Above 50 DMA, Above 200 DMA, Healthy RSI momentum, Near 52W high momentum",14.49,16.05,21.03,3.57,7.62,15.18,10.92,8.43,5.85,55.0,"Strong 1M absolute return, Positive 3M return, Positive 6M return, 1M Nifty outperformance, Positive across 1M/3M/6M",92.86,Profit Booking Zone,79.73,302.07,423.61,40.24,100.0,80.0% of closes stayed inside the range | Range width 40.2% | Currently 100.0% through the range,13.11,6.46,6.41,5.37,,,54.47,2.44,2.3,832.51,1923.9,358.41,-179.59,36.3676,33.7418,7.3301,1.03,0.55,44383.95,26.48,Energy / Utilities,6.0,0.0,12.0,9.0,6.0,33.0,0.86,,Negative free cash flow,2.0,35.0,General low-debt support,60.1,4.0,Negative free cash flow,46.02,Neutral,"Above 50 DMA, Above 200 DMA, Healthy RSI momentum, Near 52W high momentum, Strong 1M absolute return, Positive 3M return, Positive 6M return, 1M Nifty outperformance, Positive across 1M/3M/6M, 80.0% of closes stayed inside the range | Range width 40.2% | Currently 100.0% through the range"
ALKEM,Healthcare,Drug Manufacturers - Specialty & Generic,5041.37,-1.31,2739.33,5409.56,84.04,6.81,49.75,5011.02,4052.22,354499.75,129528.0,0.37,Bullish,42.0,"Above 50 DMA, Above 200 DMA, RSI recovering",-2.5,5.91,41.85,3.57,7.62,15.18,-6.07,-1.71,26.67,45.0,"Positive 3M return, Strong 6M absolute return, 6M Nifty outperformance",40.48,Profit Booking Zone,74.42,3477.73,5102.44,46.72,96.24,80.0% of closes stayed inside the range | Range width 46.7% | Currently 96.2% through the range,10.88,7.15,11.66,8.6,,,15.44,2.35,1.65,273.8,1396.68,1682.5,1449.59,28.4883,24.2259,4.741,36.0,0.295,65521.62,64.12,Pharma / Healthcare,10.0,0.0,17.0,17.0,11.0,55.0,0.86,,,2.0,57.0,General low-debt support,47.16,3.0,Low volume participation,45.77,Neutral,"Above 50 DMA, Above 200 DMA, RSI recovering, Positive 3M return, Strong 6M absolute return, 6M Nifty outperformance, 80.0% of closes stayed inside the range | Range width 46.7% | Currently 96.2% through the range"
CANBK,Financial Services,Banks - Regional,108.81,-0.34,36.32,110.33,199.59,1.38,67.07,93.4,71.65,48852016.0,29660555.0,0.61,Bullish,60.0,"Above 50 DMA, Above 200 DMA, Healthy RSI momentum, Near 52W high momentum",5.04,37.27,77.67,3.57,7.62,15.18,1.47,29.65,62.49,88.0,"Positive 1M return, Strong 3M absolute return, Strong 6M absolute return, 3M Nifty outperformance, 6M Nifty outperformance, Positive across 1M/3M/6M",12.79,Profit Booking Zone,77.6,67.3,103.93,54.43,100.0,80.0% of closes stayed inside the range | Range width 54.4% | Currently 100.0% through the range,14.42,0.81,,20.32,,,76.12,,,141702.82,59412.56,-39977.87,-40591.32,5.9486,5.6696,1.0172,3.22,0.503,119732.59,0.0,Banking,10.0,0.0,7.0,0.0,15.0,32.0,0.64,Cash covers debt,"Negative operating cash flow, Negative free cash flow",0.0,32.0,,40.8,9.0,"Negative operating cash flow, Negative free cash flow",45.32,Neutral,"Above 50 DMA, Above 200 DMA, Healthy RSI momentum, Near 52W high momentum, Cash covers debt, Positive 1M return, Strong 3M absolute return, Strong 6M absolute return, 3M Nifty outperformance, 6M Nifty outperformance, Positive across 1M/3M/6M, 80.0% of closes stayed inside the range | Range width 54.4% | Currently 100.0% through the range"
BHEL,Industrials,Specialty Industrial Machinery,255.92,0.9,50.9,274.16,402.77,6.65,66.72,217.42,142.59,50905725.1,26124937.0,0.51,Bullish,65.0,"Above 50 DMA, Above 200 DMA, Healthy RSI momentum, Near 52W high momentum, Positive day move",11.57,40.48,85.59,3.57,7.62,15.18,8.0,32.86,70.41,100.0,"Strong 1M absolute return, Strong 3M absolute return, Strong 6M absolute return, 1M Nifty outperformance, 3M Nifty outperformance, 6M Nifty outperformance, Positive across 1M/3M/6M",6.02,Profit Booking Zone,74.44,124.48,227.21,82.53,100.0,80.0% of closes stayed inside the range | Range width 82.5% | Currently 100.0% through the range,2.61,1.12,0.44,2.88,,,22.37,1.24,0.95,1449.11,5453.51,-740.7,-929.1,60.2582,30.5233,5.5934,35.0,0.845,146246.66,31.47,Capital Goods / Infra,0.0,0.0,9.0,0.0,7.0,16.0,0.86,,"Negative operating cash flow, Negative free cash flow",0.0,16.0,,49.07,9.0,"Negative operating cash flow, Negative free cash flow",45.21,Neutral,"Above 50 DMA, Above 200 DMA, Healthy RSI momentum, Near 52W high momentum, Positive day move, Strong 1M absolute return, Strong 3M absolute return, Strong 6M absolute return, 1M Nifty outperformance, 3M Nifty outperformance, 6M Nifty outperformance, Positive across 1M/3M/6M, 80.0% of closes stayed inside the range | Range width 82.5% | Currently 100.0% through the range"
TATACOMM,Communication Services,Telecom Services,1946.37,0.98,1021.76,1972.4,90.49,1.32,77.19,1724.13,1647.22,960631.55,1245000.0,1.3,Bullish,57.0,"Above 50 DMA, Above 200 DMA, Strong but overbought RSI, Near 52W high momentum, Normal volume support, Positive day move",14.3,17.86,6.83,3.57,7.62,15.18,10.73,10.24,-8.35,70.0,"Strong 1M absolute return, Positive 3M return, Positive 6M return, 1M Nifty outperformance, 3M Nifty outperformance, Positive across 1M/3M/6M",25.0,Profit Booking Zone,83.19,1628.95,1840.54,12.99,100.0,80.0% of closes stayed inside the range | Range width 13.0% | Currently 100.0% through the range,118.29,8.74,11.79,10.07,,,564.9,0.59,0.58,1004.48,8576.64,4384.35,2891.21,52.3267,22.1678,14.3548,100.0,0.816,49484.61,27.46,Telecom,18.0,0.0,0.0,17.0,7.0,42.0,0.86,Strong ROE,Very high debt,2.0,44.0,General quality ROE,40.19,8.0,Very high debt,45.18,Neutral,"Above 50 DMA, Above 200 DMA, Strong but overbought RSI, Near 52W high momentum, Normal volume support, Positive day move, Strong ROE, Strong 1M absolute return, Positive 3M return, Positive 6M return, 1M Nifty outperformance, 3M Nifty outperformance, Positive across 1M/3M/6M, 80.0% of closes stayed inside the range | Range width 13.0% | Currently 100.0% through the range"
BHARTIARTL,Communication Services,Telecom Services,1168.45,0.5,665.27,1181.99,75.64,1.15,71.72,1083.17,929.75,5755917.8,8903981.0,1.55,Bullish,62.0,"Above 50 DMA, Above 200 DMA, Strong but overbought RSI, Near 52W high momentum, Volume expansion, Positive day move",5.04,19.97,38.65,3.57,7.62,15.18,1.47,12.35,23.47,78.0,"Positive 1M return, Positive 3M return, Strong 6M absolute return, 3M Nifty outperformance, 6M Nifty outperformance, Positive across 1M/3M/6M",14.29,Breakout Watch,82.56,896.02,1112.62,24.17,100.0,80.0% of closes stayed inside the range | Range width 24.2% | Currently 100.0% through the range | Above upper band on elevated volume,10.76,1.87,25.3,6.0,,,291.4,0.47,0.47,7179.4,226020.3,65324.6,38786.1,39.9959,23.6178,7.4958,1.25,0.01,1213418.96,67.86,Telecom,11.0,0.0,0.0,17.0,6.0,34.0,0.86,,Very high debt,0.0,34.0,,40.19,8.0,Very high debt,44.93,Weak,"Above 50 DMA, Above 200 DMA, Strong but overbought RSI, Near 52W high momentum, Volume expansion, Positive day move, Positive 1M return, Positive 3M return, Strong 6M absolute return, 3M Nifty outperformance, 6M Nifty outperformance, Positive across 1M/3M/6M, 80.0% of closes stayed inside the range | Range width 24.2% | Currently 100.0% through the range | Above upper band on elevated volume"
DMART,Consumer Defensive,Discount Stores,3925.95,0.96,3292.0,4609.0,19.26,14.82,62.74,3819.39,3768.86,336961.55,330459.0,0.98,Bullish,70.0,"Above 50 DMA, Above 200 DMA, Healthy RSI momentum, Near 52W high momentum, Near 52W low zone, Positive day move",5.22,-4.6,4.53,3.57,7.62,15.18,1.65,-12.22,-10.65,18.0,"Positive 1M return, Positive 6M return",47.83,Neutral Range,81.93,3670.84,4033.7,9.88,70.31,80.0% of closes stayed inside the range | Range width 9.9% | Currently 70.3% through the range,14.79,13.14,7.02,5.57,,,4.0,3.71,1.5,207.15,642.98,2630.27,418.32,85.8843,58.628,10.7462,,0.228,263507.36,15.19,General,9.0,0.0,17.0,17.0,3.0,46.0,0.79,,Very high PE,2.0,48.0,General low-debt support,39.98,0.0,,44.8,Weak,"Above 50 DMA, Above 200 DMA, Healthy RSI momentum, Near 52W high momentum, Near 52W low zone, Positive day move, Positive 1M return, Positive 6M return, 80.0% of closes stayed inside the range | Range width 9.9% | Currently 70.3% through the range"
SUZLON,Industrials,Specialty Industrial Machinery,40.6,4.91,6.6,50.6,515.15,19.76,40.37,43.46,29.43,48158936.15,58288425.0,1.21,Bearish,38.0,"Above 200 DMA, Weak but watchable RSI, Normal volume support, Strong positive day move",-17.73,3.97,68.46,3.57,7.62,15.18,-21.3,-3.65,53.28,45.0,"Positive 3M return, Strong 6M absolute return, 6M Nifty outperformance",58.43,Neutral Range,65.75,25.99,45.81,76.31,73.7,80.0% of closes stayed inside the range | Range width 76.3% | Currently 73.7% through the range,259.2,51.58,10.01,48.67,,,176.31,1.55,0.87,367.31,1937.92,491.08,390.4,20.7675,22.3752,6.6568,,0.657,65086.27,34.49,Capital Goods / Infra,22.0,0.0,4.0,17.0,4.0,47.0,0.79,Strong ROE,,0.0,47.0,,49.07,0.0,,44.56,Weak,"Above 200 DMA, Weak but watchable RSI, Normal volume support, Strong positive day move, Strong ROE, Positive 3M return, Strong 6M absolute return, 6M Nifty outperformance, 80.0% of closes stayed inside the range | Range width 76.3% | Currently 73.7% through the range"
BAJAJHLDNG,Financial Services,Asset Management,8427.53,-0.58,4965.59,9092.58,69.72,7.31,50.34,8173.67,7253.06,30535.55,38774.0,1.27,Bullish,65.0,"Above 50 DMA, Above 200 DMA, Healthy RSI momentum, Near 52W high momentum, Normal volume support",-0.1,7.24,21.74,3.57,7.62,15.18,-3.67,-0.38,6.56,20.0,"Positive 3M return, Positive 6M return",60.47,Profit Booking Zone,82.19,6660.93,8489.74,27.46,96.6,80.0% of closes stayed inside the range | Range width 27.5% | Currently 96.6% through the range,10.98,9.12,,93.59,,,0.21,,,25.83,92.79,1727.65,1725.65,14.5501,,1.7617,1.39,0.154,128866.75,98.98,Financial Services,12.0,0.0,9.0,17.0,11.0,49.0,0.64,,,0.0,49.0,,40.8,0.0,,44.52,Weak,"Above 50 DMA, Above 200 DMA, Healthy RSI momentum, Near 52W high momentum, Normal volume support, Positive 3M return, Positive 6M return, 80.0% of closes stayed inside the range | Range width 27.5% | Currently 96.6% through the range"
FEDERALBNK,Financial Services,Banks - Regional,153.97,-0.57,102.82,163.81,49.74,6.01,57.14,148.66,140.02,17808186.65,7038942.0,0.4,Bullish,60.0,"Above 50 DMA, Above 200 DMA, Healthy RSI momentum, Near 52W high momentum",6.61,1.1,9.3,3.57,7.62,15.18,3.04,-6.52,-5.88,38.0,"Positive 1M return, Positive 3M return, Positive 6M return, Positive across 1M/3M/6M",48.26,Profit Booking Zone,84.54,141.3,152.86,8.18,100.0,80.0% of closes stayed inside the range | Range width 8.2% | Currently 100.0% through the range,14.31,1.18,,30.79,,,116.9,,,31396.37,25861.98,489.3,5.28,19.1033,13.2216,2.1967,34.0,0.276,88118.6,0.0,Banking,10.0,0.0,5.0,17.0,15.0,47.0,0.64,Cash covers debt,,0.0,47.0,,40.8,3.0,Low volume participation,44.07,Weak,"Above 50 DMA, Above 200 DMA, Healthy RSI momentum, Near 52W high momentum, Cash covers debt, Positive 1M return, Positive 3M return, Positive 6M return, Positive across 1M/3M/6M, 80.0% of closes stayed inside the range | Range width 8.2% | Currently 100.0% through the range"
TATATECH,Technology,Information Technology Services,1082.73,5.45,992.17,1344.53,9.13,19.47,51.63,1087.65,,1226623.75,4509646.0,3.68,Bearish,53.0,"Healthy RSI momentum, Near 52W low with stable RSI, Strong volume expansion, Strong positive day move",1.22,-4.92,,3.57,7.62,15.18,-2.35,-12.54,,8.0,Positive 1M return,85.29,,,,,,,,20.87,12.0,16.72,14.14,,,8.54,1.92,,348.03,255.36,401.39,335.73,62.8902,35.9162,8.7138,97.0,0.833,34193.62,24.55,IT / Technology,19.0,0.0,16.0,17.0,5.0,57.0,0.79,"Strong ROE, Cash covers debt",,5.0,62.0,Strong ROE for an asset-light business,45.97,0.0,,43.85,Weak,"Healthy RSI momentum, Near 52W low with stable RSI, Strong volume expansion, Strong positive day move, Strong ROE, Cash covers debt, Positive 1M return"
AJANTPHARM,Healthcare,Drug Manufacturers - Specialty & Generic,2030.69,0.38,1045.69,2259.62,94.2,10.13,45.94,2085.29,1723.38,115545.6,128858.0,1.12,Bearish,37.0,"Above 200 DMA, RSI recovering, Normal volume support, Positive day move",-5.07,8.01,23.02,3.57,7.62,15.18,-8.64,0.39,7.84,20.0,"Positive 3M return, Positive 6M return",72.62,Profit Booking Zone,74.11,1664.88,2114.06,26.98,81.44,80.0% of closes stayed inside the range | Range width 27.0% | Currently 81.4% through the range,17.35,12.57,18.33,15.86,,,1.05,2.49,1.77,329.83,35.63,792.11,617.62,38.9849,30.3719,9.7708,1.82,0.216,44239.7,78.61,Pharma / Healthcare,19.0,0.0,20.0,17.0,6.0,62.0,0.86,Cash covers debt,,2.0,64.0,General low-debt support,47.16,0.0,,43.72,Weak,"Above 200 DMA, RSI recovering, Normal volume support, Positive day move, Cash covers debt, Positive 3M return, Positive 6M return, 80.0% of closes stayed inside the range | Range width 27.0% | Currently 81.4% through the range"
MRF,Consumer Cyclical,Auto Parts,143271.3,-1.22,78177.46,150724.01,83.26,4.94,49.1,139499.78,114424.27,15258.95,7336.0,0.48,Bullish,42.0,"Above 50 DMA, Above 200 DMA, RSI recovering",1.04,22.61,33.06,3.57,7.62,15.18,-2.53,14.99,17.88,88.0,"Positive 1M return, Strong 3M absolute return, Strong 6M absolute return, 3M Nifty outperformance, 6M Nifty outperformance, Positive across 1M/3M/6M",18.37,Profit Booking Zone,75.87,107379.62,145338.48,35.35,94.55,80.0% of closes stayed inside the range | Range width 35.4% | Currently 94.6% through the range,5.23,3.16,5.26,3.37,,,20.49,1.23,0.68,248.51,3013.61,2755.47,-535.77,22.9289,19.5371,2.6445,35.0,,55467.79,35.97,Automobile,0.0,0.0,9.0,9.0,13.0,31.0,0.86,,Negative free cash flow,2.0,33.0,General low-debt support,43.25,7.0,"Low volume participation, Negative free cash flow",43.54,Weak,"Above 50 DMA, Above 200 DMA, RSI recovering, Positive 1M return, Strong 3M absolute return, Strong 6M absolute return, 3M Nifty outperformance, 6M Nifty outperformance, Positive across 1M/3M/6M, 80.0% of closes stayed inside the range | Range width 35.4% | Currently 94.6% through the range"
JSWENERGY,Utilities,Utilities - Independent Power Producers,509.8,0.62,200.89,532.26,153.77,4.22,58.6,473.5,379.38,4096929.95,1551197.0,0.38,Bullish,65.0,"Above 50 DMA, Above 200 DMA, Healthy RSI momentum, Near 52W high momentum, Positive day move",1.66,12.43,41.71,3.57,7.62,15.18,-1.91,4.81,26.53,63.0,"Positive 1M return, Positive 3M return, Strong 6M absolute return, 6M Nifty outperformance, Positive across 1M/3M/6M",50.0,Profit Booking Zone,82.62,387.9,496.32,27.95,100.0,80.0% of closes stayed inside the range | Range width 28.0% | Currently 100.0% through the range,7.93,3.03,21.96,14.91,,,134.48,1.07,0.96,3422.29,25051.48,2084.27,-2152.31,43.9269,32.8867,3.191,36.0,0.133,102383.84,66.89,Energy / Utilities,10.0,0.0,4.0,9.0,9.0,32.0,0.86,,Negative free cash flow,0.0,32.0,,48.28,7.0,"Low volume participation, Negative free cash flow",43.44,Weak,"Above 50 DMA, Above 200 DMA, Healthy RSI momentum, Near 52W high momentum, Positive day move, Positive 1M return, Positive 3M return, Strong 6M absolute return, 6M Nifty outperformance, Positive across 1M/3M/6M, 80.0% of closes stayed inside the range | Range width 28.0% | Currently 100.0% through the range"
JSWINFRA,Industrials,Marine Shipping,248.4,-0.16,141.18,274.22,75.95,9.41,59.47,222.2,,7084226.3,3368434.0,0.48,Bullish,45.0,"Above 50 DMA, Healthy RSI momentum, Near 52W high momentum",18.21,5.93,,3.57,7.62,15.18,14.64,-1.69,,35.0,"Strong 1M absolute return, Positive 3M return, 1M Nifty outperformance",66.87,Profit Booking Zone,75.73,168.83,239.02,41.58,100.0,79.4% of closes stayed inside the range | Range width 41.6% | Currently 100.0% through the range,18.52,7.83,39.56,23.45,,,114.34,3.91,3.76,618.69,4567.61,1797.24,1517.87,48.9548,30.9322,6.6442,26.0,0.554,80243.51,52.82,Capital Goods / Infra,20.0,0.0,10.0,17.0,7.0,54.0,0.86,Strong ROE,,0.0,54.0,,49.07,3.0,Low volume participation,43.26,Weak,"Above 50 DMA, Healthy RSI momentum, Near 52W high momentum, Strong ROE, Strong 1M absolute return, Positive 3M return, 1M Nifty outperformance, 79.4% of closes stayed inside the range | Range width 41.6% | Currently 100.0% through the range"
MAHABANK,Financial Services,Banks - Regional,56.99,-0.32,14.91,63.94,282.14,10.87,57.46,50.7,39.52,41640069.05,24358835.0,0.58,Bullish,60.0,"Above 50 DMA, Above 200 DMA, Healthy RSI momentum, Near 52W high momentum",-3.13,34.57,48.62,3.57,7.62,15.18,-6.7,26.95,33.44,70.0,"Strong 3M absolute return, Strong 6M absolute return, 3M Nifty outperformance, 6M Nifty outperformance",23.84,Profit Booking Zone,79.56,39.77,56.21,41.35,100.0,80.0% of closes stayed inside the range | Range width 41.3% | Currently 100.0% through the range,16.5,0.97,,25.45,,,65.01,,,18753.61,10265.66,-1439.92,-1764.37,8.3626,6.5496,1.7645,2.79,0.78,62970.76,0.0,Banking,10.0,0.0,7.0,0.0,15.0,32.0,0.64,Cash covers debt,"Negative operating cash flow, Negative free cash flow",6.0,38.0,Strong ROE for a leveraged-balance-sheet business,40.8,9.0,"Negative operating cash flow, Negative free cash flow",42.92,Weak,"Above 50 DMA, Above 200 DMA, Healthy RSI momentum, Near 52W high momentum, Cash covers debt, Strong 3M absolute return, Strong 6M absolute return, 3M Nifty outperformance, 6M Nifty outperformance, 80.0% of closes stayed inside the range | Range width 41.3% | Currently 100.0% through the range"
MAXHEALTH,Healthcare,Medical Care Facilities,746.66,-1.23,351.87,905.77,112.2,17.57,41.08,771.53,633.03,4766469.05,2207414.0,0.46,Bearish,23.0,"Above 200 DMA, Weak but watchable RSI",-13.01,12.16,30.73,3.57,7.62,15.18,-16.58,4.54,15.55,45.0,"Positive 3M return, Strong 6M absolute return, 6M Nifty outperformance",40.48,Neutral Range,65.26,566.41,846.11,49.38,64.44,80.0% of closes stayed inside the range | Range width 49.4% | Currently 64.4% through the range,14.89,10.92,23.28,24.58,,,12.26,1.86,1.79,1374.33,908.25,1284.13,948.52,70.4053,41.5708,9.1232,19.0,0.128,98057.3,62.42,Pharma / Healthcare,19.0,0.0,19.0,17.0,5.0,60.0,0.86,Cash covers debt,,2.0,62.0,General low-debt support,47.16,3.0,Low volume participation,42.77,Weak,"Above 200 DMA, Weak but watchable RSI, Cash covers debt, Positive 3M return, Strong 6M absolute return, 6M Nifty outperformance, 80.0% of closes stayed inside the range | Range width 49.4% | Currently 64.4% through the range"
SAIL,Basic Materials,Steel,136.17,-0.07,69.99,145.85,94.57,6.64,62.0,121.04,96.14,54445061.85,69331029.0,1.27,Bullish,65.0,"Above 50 DMA, Above 200 DMA, Healthy RSI momentum, Near 52W high momentum, Normal volume support",0.71,41.53,37.0,3.57,7.62,15.18,-2.86,33.91,21.82,88.0,"Positive 1M return, Strong 3M absolute return, Strong 6M absolute return, 3M Nifty outperformance, 6M Nifty outperformance, Positive across 1M/3M/6M",7.89,Profit Booking Zone,79.28,84.4,126.8,50.24,100.0,80.0% of closes stayed inside the range | Range width 50.2% | Currently 100.0% through the range,3.98,1.67,3.96,2.1,,,56.21,0.77,0.21,57.09,30773.43,-5290.15,-9211.79,16.7147,10.9697,1.1918,92.0,1.029,71871.14,51.8,Metals / Mining,0.0,0.0,4.0,0.0,15.0,19.0,0.86,,"Negative operating cash flow, Negative free cash flow",2.0,21.0,General low-debt support,41.06,9.0,"Negative operating cash flow, Negative free cash flow",42.76,Weak,"Above 50 DMA, Above 200 DMA, Healthy RSI momentum, Near 52W high momentum, Normal volume support, Positive 1M return, Strong 3M absolute return, Strong 6M absolute return, 3M Nifty outperformance, 6M Nifty outperformance, Positive across 1M/3M/6M, 80.0% of closes stayed inside the range | Range width 50.2% | Currently 100.0% through the range"
TECHM,Technology,Information Technology Services,1187.36,1.35,859.95,1305.48,38.07,9.05,47.44,1200.86,1106.57,1745819.85,2073691.0,1.19,Bearish,37.0,"Above 200 DMA, RSI recovering, Normal volume support, Positive day move",-1.61,5.31,3.6,3.57,7.62,15.18,-5.18,-2.31,-11.58,20.0,"Positive 3M return, Positive 6M return",64.71,Profit Booking Zone,75.7,1052.5,1219.2,15.84,80.9,80.0% of closes stayed inside the range | Range width 15.8% | Currently 80.9% through the range,17.3,10.47,11.73,9.07,,,9.81,1.83,1.83,4056.3,2740.2,5572.0,4556.8,28.4091,18.707,4.8593,3.1,0.162,143950.49,35.76,IT / Technology,14.0,0.0,19.0,17.0,11.0,61.0,0.86,Cash covers debt,,0.0,61.0,,45.97,0.0,,42.5,Weak,"Above 200 DMA, RSI recovering, Normal volume support, Positive day move, Cash covers debt, Positive 3M return, Positive 6M return, 80.0% of closes stayed inside the range | Range width 15.8% | Currently 80.9% through the range"
INDIANB,Financial Services,Banks - Regional,509.24,1.26,156.65,535.66,225.09,4.93,62.57,454.74,373.55,2362035.75,1588868.0,0.67,Bullish,65.0,"Above 50 DMA, Above 200 DMA, Healthy RSI momentum, Near 52W high momentum, Positive day move",-1.15,26.26,42.19,3.57,7.62,15.18,-4.72,18.64,27.01,70.0,"Strong 3M absolute return, Strong 6M absolute return, 3M Nifty outperformance, 6M Nifty outperformance",23.84,Profit Booking Zone,82.39,382.26,495.18,29.54,100.0,80.0% of closes stayed inside the range | Range width 29.5% | Currently 100.0% through the range,11.26,0.78,,19.85,,,44.63,,,50216.83,22092.42,-27893.99,-28228.35,9.2255,8.1752,1.44,2.08,0.28,120822.67,0.0,Banking,8.0,0.0,10.0,0.0,15.0,33.0,0.64,Cash covers debt,"Negative operating cash flow, Negative free cash flow",0.0,33.0,,40.8,9.0,"Negative operating cash flow, Negative free cash flow",42.42,Weak,"Above 50 DMA, Above 200 DMA, Healthy RSI momentum, Near 52W high momentum, Positive day move, Cash covers debt, Strong 3M absolute return, Strong 6M absolute return, 3M Nifty outperformance, 6M Nifty outperformance, 80.0% of closes stayed inside the range | Range width 29.5% | Currently 100.0% through the range"
HFCL,Technology,Communication Equipment,102.28,-0.82,55.45,117.49,84.45,12.95,47.79,98.23,76.19,38507379.7,13437190.0,0.35,Bullish,42.0,"Above 50 DMA, Above 200 DMA, RSI recovering",-4.2,45.77,36.56,3.57,7.62,15.18,-7.77,38.15,21.38,70.0,"Strong 3M absolute return, Strong 6M absolute return, 3M Nifty outperformance, 6M Nifty outperformance",26.47,Profit Booking Zone,71.66,65.86,105.64,60.41,91.54,80.0% of closes stayed inside the range | Range width 60.4% | Currently 91.5% through the range,9.69,5.5,11.46,6.36,,,30.13,1.91,1.55,62.91,936.25,235.11,-106.44,57.8381,42.6,6.6817,5.0,0.926,33898.4,37.62,IT / Technology,10.0,0.0,14.0,9.0,7.0,40.0,0.86,,Negative free cash flow,0.0,40.0,,45.97,7.0,"Low volume participation, Negative free cash flow",41.9,Weak,"Above 50 DMA, Above 200 DMA, RSI recovering, Strong 3M absolute return, Strong 6M absolute return, 3M Nifty outperformance, 6M Nifty outperformance, 80.0% of closes stayed inside the range | Range width 60.4% | Currently 91.5% through the range"
ASTERDM,Healthcare,Medical Care Facilities,335.63,-0.16,151.5,374.53,121.54,10.39,46.03,329.57,266.25,743981.1,138431.0,0.19,Bullish,42.0,"Above 50 DMA, Above 200 DMA, RSI recovering",0.81,10.0,34.08,3.57,7.62,15.18,-2.76,2.38,18.9,63.0,"Positive 1M return, Positive 3M return, Strong 6M absolute return, 6M Nifty outperformance, Positive across 1M/3M/6M",28.57,Profit Booking Zone,74.75,248.45,344.78,38.77,90.51,80.0% of closes stayed inside the range | Range width 38.8% | Currently 90.5% through the range,9.55,2.86,9.0,14.39,,,128.15,1.06,0.78,378.53,5700.3,1833.98,986.1,138.9178,42.5242,9.3243,47.0,-0.059,72170.12,58.62,Pharma / Healthcare,7.0,0.0,4.0,17.0,5.0,33.0,0.86,,Very high PE,0.0,33.0,,47.16,3.0,Low volume participation,41.87,Weak,"Above 50 DMA, Above 200 DMA, RSI recovering, Positive 1M return, Positive 3M return, Strong 6M absolute return, 6M Nifty outperformance, Positive across 1M/3M/6M, 80.0% of closes stayed inside the range | Range width 38.8% | Currently 90.5% through the range"
GLAND,Healthcare,Drug Manufacturers - Specialty & Generic,1718.07,1.18,838.01,2537.39,105.02,32.29,39.06,1874.21,1523.67,328214.8,224522.0,0.68,Bearish,28.0,"Above 200 DMA, Weak but watchable RSI, Positive day move",-11.57,0.11,3.29,3.57,7.62,15.18,-15.14,-7.51,-11.89,20.0,"Positive 3M return, Positive 6M return",72.62,Lower Range Watch,68.66,1548.39,1927.41,24.48,44.77,80.0% of closes stayed inside the range | Range width 24.5% | Currently 44.8% through the range,9.81,8.9,24.22,21.74,,,0.06,9.46,6.8,1908.89,4.45,363.97,140.85,42.2505,29.9428,4.5988,77.0,0.566,47695.16,59.05,Pharma / Healthcare,17.0,0.0,20.0,17.0,9.0,63.0,0.86,Cash covers debt,,2.0,65.0,General low-debt support,47.16,0.0,,41.82,Weak,"Above 200 DMA, Weak but watchable RSI, Positive day move, Cash covers debt, Positive 3M return, Positive 6M return, 80.0% of closes stayed inside the range | Range width 24.5% | Currently 44.8% through the range"
KPRMILL,Consumer Cyclical,Textile Manufacturing,785.36,-0.46,468.75,913.37,67.55,14.01,62.06,758.69,721.13,314373.6,329104.0,1.05,Bullish,65.0,"Above 50 DMA, Above 200 DMA, Healthy RSI momentum, Near 52W high momentum, Normal volume support",4.1,-4.55,4.25,3.57,7.62,15.18,0.53,-12.17,-10.93,18.0,"Positive 1M return, Positive 6M return",67.35,Neutral Range,78.46,720.14,829.74,15.22,59.51,80.0% of closes stayed inside the range | Range width 15.2% | Currently 59.5% through the range,21.96,14.54,18.68,13.66,,,36.37,2.25,0.81,108.58,1348.09,298.68,-80.34,40.8671,29.9392,6.5314,46.0,0.283,37290.43,37.35,Consumer Discretionary,21.0,0.0,12.0,9.0,7.0,49.0,0.86,Strong ROE,Negative free cash flow,4.0,53.0,"General quality ROE, General low-debt support",43.25,4.0,Negative free cash flow,41.79,Weak,"Above 50 DMA, Above 200 DMA, Healthy RSI momentum, Near 52W high momentum, Normal volume support, Strong ROE, Positive 1M return, Positive 6M return, 80.0% of closes stayed inside the range | Range width 15.2% | Currently 59.5% through the range"
ADANIGREEN,Utilities,Utilities - Renewable,1929.1,0.97,439.1,2572.0,339.33,25.0,57.82,1768.75,1212.19,1511868.0,517466.0,0.34,Bullish,55.0,"Above 50 DMA, Above 200 DMA, Healthy RSI momentum, Positive day move",5.53,18.78,101.12,3.57,7.62,15.18,1.96,11.16,85.94,78.0,"Positive 1M return, Positive 3M return, Strong 6M absolute return, 3M Nifty outperformance, 6M Nifty outperformance, Positive across 1M/3M/6M",23.53,Profit Booking Zone,69.72,926.47,1905.5,105.67,100.0,80.0% of closes stayed inside the range | Range width 105.7% | Currently 100.0% through the range,13.34,1.45,54.59,12.53,,,742.39,0.92,0.92,1002.0,54224.0,7265.0,3889.0,131.5202,42.438,11.3765,,1.083,219453.29,94.69,Energy / Utilities,15.0,0.0,0.0,17.0,3.0,35.0,0.79,,"Very high debt, Very high PE",0.0,35.0,,48.28,11.0,"Low volume participation, Very high debt",41.74,Weak,"Above 50 DMA, Above 200 DMA, Healthy RSI momentum, Positive day move, Positive 1M return, Positive 3M return, Strong 6M absolute return, 3M Nifty outperformance, 6M Nifty outperformance, Positive across 1M/3M/6M, 80.0% of closes stayed inside the range | Range width 105.7% | Currently 100.0% through the range"
BANKINDIA,Financial Services,Banks - Regional,133.35,0.45,40.78,142.76,227.02,6.59,61.96,120.94,93.5,18423074.4,17449961.0,0.95,Bullish,65.0,"Above 50 DMA, Above 200 DMA, Healthy RSI momentum, Near 52W high momentum, Positive day move",3.04,28.36,63.26,3.57,7.62,15.18,-0.53,20.74,48.08,88.0,"Positive 1M return, Strong 3M absolute return, Strong 6M absolute return, 3M Nifty outperformance, 6M Nifty outperformance, Positive across 1M/3M/6M",12.79,Profit Booking Zone,81.49,93.92,127.25,35.49,100.0,80.0% of closes stayed inside the range | Range width 35.5% | Currently 100.0% through the range,6.35,0.46,,14.56,,,103.13,,,84683.28,62323.23,-7045.04,-7668.34,5.3869,5.6026,0.7284,3.25,0.777,66241.31,0.0,Banking,5.0,0.0,5.0,0.0,12.0,22.0,0.64,Cash covers debt,"Negative operating cash flow, Negative free cash flow",-5.0,17.0,Weak ROE for a leveraged-balance-sheet business,40.8,9.0,"Negative operating cash flow, Negative free cash flow",41.32,Weak,"Above 50 DMA, Above 200 DMA, Healthy RSI momentum, Near 52W high momentum, Positive day move, Cash covers debt, Positive 1M return, Strong 3M absolute return, Strong 6M absolute return, 3M Nifty outperformance, 6M Nifty outperformance, Positive across 1M/3M/6M, 80.0% of closes stayed inside the range | Range width 35.5% | Currently 100.0% through the range"
COROMANDEL,Basic Materials,Agricultural Inputs,1097.31,1.44,814.36,1251.88,34.74,12.35,54.59,1115.25,1066.14,318636.0,558623.0,1.75,Bearish,60.0,"Above 200 DMA, Healthy RSI momentum, Near 52W high momentum, Volume expansion, Positive day move",3.68,-10.16,-0.17,3.57,7.62,15.18,0.11,-17.78,-15.35,8.0,Positive 1M return,70.18,Accumulation Zone,79.83,1057.9,1221.48,15.46,24.09,80.0% of closes stayed inside the range | Range width 15.5% | Currently 24.1% through the range,25.46,14.14,19.28,13.33,,,4.96,1.75,0.99,1393.75,392.58,590.97,-14.27,33.365,21.4553,4.8621,53.0,0.143,61057.99,23.99,General,23.0,0.0,16.0,9.0,11.0,59.0,0.86,"Strong ROE, Cash covers debt",Negative free cash flow,4.0,63.0,"General quality ROE, General low-debt support",41.06,4.0,Negative free cash flow,41.21,Weak,"Above 200 DMA, Healthy RSI momentum, Near 52W high momentum, Volume expansion, Positive day move, Strong ROE, Cash covers debt, Positive 1M return, 80.0% of closes stayed inside the range | Range width 15.5% | Currently 24.1% through the range"
FACT,Basic Materials,Agricultural Inputs,710.11,2.64,103.66,906.74,585.05,21.69,36.9,794.96,604.72,550895.35,672284.0,1.22,Bearish,38.0,"Above 200 DMA, Weak but watchable RSI, Normal volume support, Strong positive day move",-8.99,-9.05,51.94,3.57,7.62,15.18,-12.56,-16.67,36.76,35.0,"Strong 6M absolute return, 6M Nifty outperformance",47.37,Neutral Range,67.4,535.71,819.78,53.03,61.4,80.0% of closes stayed inside the range | Range width 53.0% | Currently 61.4% through the range,48.11,11.28,23.82,19.42,,,144.59,1.08,0.83,44.3,1841.71,637.68,544.91,,,38.5634,5.0,,53030.78,47.47,General,23.0,0.0,4.0,17.0,2.0,46.0,0.79,Strong ROE,,2.0,48.0,General quality ROE,41.06,0.0,,41.21,Weak,"Above 200 DMA, Weak but watchable RSI, Normal volume support, Strong positive day move, Strong ROE, Strong 6M absolute return, 6M Nifty outperformance, 80.0% of closes stayed inside the range | Range width 53.0% | Currently 61.4% through the range"
SUNDARMFIN,Financial Services,Credit Services,4074.66,-1.11,1910.96,4216.93,113.23,3.37,69.02,3706.71,3041.05,283242.65,378324.0,1.34,Bullish,70.0,"Above 50 DMA, Above 200 DMA, Healthy RSI momentum, Near 52W high momentum, Volume expansion",11.11,24.13,61.39,3.57,7.62,15.18,7.54,16.51,46.21,100.0,"Strong 1M absolute return, Strong 3M absolute return, Strong 6M absolute return, 1M Nifty outperformance, 3M Nifty outperformance, 6M Nifty outperformance, Positive across 1M/3M/6M",4.65,Profit Booking Zone,83.05,3062.1,4045.26,32.11,100.0,80.0% of closes stayed inside the range | Range width 32.1% | Currently 100.0% through the range,13.38,2.37,,44.97,,,362.77,,,436.95,35985.69,-6504.29,-6529.64,22.2038,20.2032,3.3371,90.0,0.186,49304.73,89.16,Financial Services,10.0,0.0,0.0,0.0,11.0,21.0,0.64,,"Very high debt, Negative operating cash flow, Negative free cash flow",6.0,27.0,High leverage is structural for this sector,40.8,17.0,"Very high debt, Negative operating cash flow, Negative free cash flow",41.07,Weak,"Above 50 DMA, Above 200 DMA, Healthy RSI momentum, Near 52W high momentum, Volume expansion, Strong 1M absolute return, Strong 3M absolute return, Strong 6M absolute return, 1M Nifty outperformance, 3M Nifty outperformance, 6M Nifty outperformance, Positive across 1M/3M/6M, 80.0% of closes stayed inside the range | Range width 32.1% | Currently 100.0% through the range"
MOTHERSON,Consumer Cyclical,Auto Parts,78.09,-1.57,40.29,83.04,93.79,5.97,55.88,73.75,63.73,58172978.35,25374204.0,0.44,Bullish,60.0,"Above 50 DMA, Above 200 DMA, Healthy RSI momentum, Near 52W high momentum",-0.71,27.42,16.22,3.57,7.62,15.18,-4.28,19.8,1.04,45.0,"Strong 3M absolute return, Positive 6M return, 3M Nifty outperformance",41.84,Profit Booking Zone,81.49,59.51,76.46,28.48,100.0,80.0% of closes stayed inside the range | Range width 28.5% | Currently 100.0% through the range,6.66,2.42,4.03,1.92,,,61.43,0.97,0.69,4538.1,13792.3,4643.0,2421.9,40.7452,24.4622,4.356,30.0,1.034,178504.36,43.82,Automobile,0.0,0.0,4.0,17.0,9.0,30.0,0.86,,,2.0,32.0,General low-debt support,43.25,3.0,Low volume participation,40.94,Weak,"Above 50 DMA, Above 200 DMA, Healthy RSI momentum, Near 52W high momentum, Strong 3M absolute return, Positive 6M return, 3M Nifty outperformance, 80.0% of closes stayed inside the range | Range width 28.5% | Currently 100.0% through the range"
APARINDS,Industrials,Electrical Equipment & Parts,6017.22,0.33,1147.8,6463.32,424.24,6.9,48.65,5900.96,4784.07,90307.6,50937.0,0.56,Bullish,47.0,"Above 50 DMA, Above 200 DMA, RSI recovering, Positive day move",-2.23,12.8,22.84,3.57,7.62,15.18,-5.8,5.18,7.66,20.0,"Positive 3M return, Positive 6M return",73.49,Profit Booking Zone,77.6,5069.12,6176.69,21.85,85.6,80.0% of closes stayed inside the range | Range width 21.8% | Currently 85.6% through the range,28.52,7.76,8.49,4.47,,,16.82,1.22,0.77,498.81,376.23,698.34,450.51,57.1429,47.8647,13.4064,38.0,0.152,72330.69,21.59,Capital Goods / Infra,10.0,0.0,14.0,17.0,7.0,48.0,0.86,"Strong ROE, Cash covers debt",,0.0,48.0,,49.07,0.0,,40.91,Weak,"Above 50 DMA, Above 200 DMA, RSI recovering, Positive day move, Strong ROE, Cash covers debt, Positive 3M return, Positive 6M return, 80.0% of closes stayed inside the range | Range width 21.8% | Currently 85.6% through the range"
MPHASIS,Technology,Information Technology Services,2329.86,-1.2,1511.01,2652.07,54.19,12.15,37.34,2449.99,2175.03,561526.65,283798.0,0.51,Bearish,23.0,"Above 200 DMA, Weak but watchable RSI",-4.03,4.03,0.02,3.57,7.62,15.18,-7.6,-3.59,-15.16,20.0,"Positive 3M return, Positive 6M return",64.71,Neutral Range,68.65,2050.04,2513.99,22.63,60.31,80.0% of closes stayed inside the range | Range width 22.6% | Currently 60.3% through the range,20.64,14.11,15.28,11.87,,,13.27,2.13,,1044.11,1052.77,1461.77,1348.62,25.3152,20.0133,4.2716,2.45,0.485,48421.74,44.45,IT / Technology,17.0,0.0,14.0,17.0,11.0,59.0,0.79,Strong ROE,,5.0,64.0,Strong ROE for an asset-light business,45.97,0.0,,40.05,Weak,"Above 200 DMA, Weak but watchable RSI, Strong ROE, Positive 3M return, Positive 6M return, 80.0% of closes stayed inside the range | Range width 22.6% | Currently 60.3% through the range"
COFORGE,Technology,Information Technology Services,1218.7,-1.1,611.3,1334.4,99.36,8.67,39.98,1245.06,1051.9,1678566.75,1167230.0,0.7,Bearish,23.0,"Above 200 DMA, Weak but watchable RSI",-5.37,10.03,14.7,3.57,7.62,15.18,-8.94,2.41,-0.48,20.0,"Positive 3M return, Positive 6M return",64.71,Profit Booking Zone,70.22,985.33,1283.16,30.23,78.36,80.0% of closes stayed inside the range | Range width 30.2% | Currently 78.4% through the range,22.51,12.21,12.92,8.66,,,18.24,1.5,,569.9,562.2,950.5,792.3,37.3136,25.1184,6.3441,88.0,0.294,79750.75,37.25,IT / Technology,17.0,0.0,16.0,17.0,7.0,57.0,0.79,"Strong ROE, Cash covers debt",,5.0,62.0,Strong ROE for an asset-light business,45.97,0.0,,39.35,Weak,"Above 200 DMA, Weak but watchable RSI, Strong ROE, Cash covers debt, Positive 3M return, Positive 6M return, 80.0% of closes stayed inside the range | Range width 30.2% | Currently 78.4% through the range"
AXISBANK,Financial Services,Banks - Regional,1108.79,-1.2,705.29,1149.09,57.21,3.51,56.89,1086.02,1015.81,8911510.7,6943879.0,0.78,Bullish,60.0,"Above 50 DMA, Above 200 DMA, Healthy RSI momentum, Near 52W high momentum",7.29,-0.57,13.15,3.57,7.62,15.18,3.72,-8.19,-2.03,18.0,"Positive 1M return, Positive 6M return",68.02,Profit Booking Zone,83.76,990.37,1117.67,12.85,93.03,80.8% of closes stayed inside the range | Range width 12.9% | Currently 93.0% through the range,8.34,0.8,,17.33,,,152.91,,,139272.13,198444.57,22074.78,20685.36,13.8498,9.7233,1.7142,8.0,0.416,382872.22,0.0,Banking,7.0,0.0,0.0,17.0,15.0,39.0,0.64,,,0.0,39.0,,40.8,0.0,,39.27,Weak,"Above 50 DMA, Above 200 DMA, Healthy RSI momentum, Near 52W high momentum, Positive 1M return, Positive 6M return, 80.8% of closes stayed inside the range | Range width 12.9% | Currently 93.0% through the range"
M&M,Consumer Cyclical,Auto Manufacturers,1849.32,-3.71,1083.49,1931.92,70.68,4.28,57.56,1689.12,1531.57,4122853.5,18323831.0,4.44,Bullish,75.0,"Above 50 DMA, Above 200 DMA, Healthy RSI momentum, Near 52W high momentum, Strong volume expansion",12.55,12.11,20.37,3.57,7.62,15.18,8.98,4.49,5.19,55.0,"Strong 1M absolute return, Positive 3M return, Positive 6M return, 1M Nifty outperformance, Positive across 1M/3M/6M",32.65,Profit Booking Zone,85.66,1485.17,1807.12,21.68,100.0,80.0% of closes stayed inside the range | Range width 21.7% | Currently 100.0% through the range,18.24,4.99,13.43,8.64,,,163.66,1.29,1.06,3493.41,92246.85,-7074.02,-13378.59,21.0528,21.6049,4.0858,95.0,0.291,408691.44,38.59,Automobile,12.0,0.0,4.0,0.0,8.0,24.0,0.86,Strong ROE,"Negative operating cash flow, Negative free cash flow",2.0,26.0,General quality ROE,43.25,9.0,"Negative operating cash flow, Negative free cash flow",39.09,Weak,"Above 50 DMA, Above 200 DMA, Healthy RSI momentum, Near 52W high momentum, Strong volume expansion, Strong ROE, Strong 1M absolute return, Positive 3M return, Positive 6M return, 1M Nifty outperformance, Positive across 1M/3M/6M, 80.0% of closes stayed inside the range | Range width 21.7% | Currently 100.0% through the range"
HUDCO,Financial Services,Credit Services,189.18,3.34,30.31,211.61,524.24,10.6,61.07,157.87,90.33,20945309.3,18374013.0,0.88,Bullish,70.0,"Above 50 DMA, Above 200 DMA, Healthy RSI momentum, Near 52W high momentum, Strong positive day move",2.2,119.34,174.49,3.57,7.62,15.18,-1.37,111.72,159.31,88.0,"Positive 1M return, Strong 3M absolute return, Strong 6M absolute return, 3M Nifty outperformance, 6M Nifty outperformance, Positive across 1M/3M/6M",12.79,Profit Booking Zone,72.87,70.29,185.47,163.86,100.0,80.0% of closes stayed inside the range | Range width 163.9% | Currently 100.0% through the range,11.02,2.1,,66.03,,,407.34,,,14.32,62907.32,-850.67,-852.94,9.2171,8.0304,1.7552,3.06,0.837,38582.62,99.96,Financial Services,8.0,0.0,0.0,0.0,15.0,23.0,0.64,,"Very high debt, Negative operating cash flow, Negative free cash flow",6.0,29.0,High leverage is structural for this sector,40.8,17.0,"Very high debt, Negative operating cash flow, Negative free cash flow",38.77,Weak,"Above 50 DMA, Above 200 DMA, Healthy RSI momentum, Near 52W high momentum, Strong positive day move, Positive 1M return, Strong 3M absolute return, Strong 6M absolute return, 3M Nifty outperformance, 6M Nifty outperformance, Positive across 1M/3M/6M, 80.0% of closes stayed inside the range | Range width 163.9% | Currently 100.0% through the range"
SHRIRAMFIN,Financial Services,Credit Services,473.96,3.16,213.18,490.5,122.33,3.37,56.0,447.0,372.01,6673313.0,5963990.0,0.89,Bullish,70.0,"Above 50 DMA, Above 200 DMA, Healthy RSI momentum, Near 52W high momentum, Strong positive day move",4.33,20.9,31.19,3.57,7.62,15.18,0.76,13.28,16.01,88.0,"Positive 1M return, Strong 3M absolute return, Strong 6M absolute return, 3M Nifty outperformance, 6M Nifty outperformance, Positive across 1M/3M/6M",12.79,Profit Booking Zone,83.29,358.57,467.88,30.49,100.0,80.0% of closes stayed inside the range | Range width 30.5% | Currently 100.0% through the range,13.81,2.85,,35.5,,,295.75,,,10490.36,128688.61,-17625.25,-17821.84,19.735,15.5658,3.1889,1.22,0.606,262875.3,96.81,Financial Services,10.0,0.0,0.0,0.0,12.0,22.0,0.64,,"Very high debt, Negative operating cash flow, Negative free cash flow",6.0,28.0,High leverage is structural for this sector,40.8,17.0,"Very high debt, Negative operating cash flow, Negative free cash flow",38.42,Weak,"Above 50 DMA, Above 200 DMA, Healthy RSI momentum, Near 52W high momentum, Strong positive day move, Positive 1M return, Strong 3M absolute return, Strong 6M absolute return, 3M Nifty outperformance, 6M Nifty outperformance, Positive across 1M/3M/6M, 80.0% of closes stayed inside the range | Range width 30.5% | Currently 100.0% through the range"
FORTIS,Healthcare,Medical Care Facilities,395.65,4.35,243.7,467.69,62.35,15.4,39.25,423.3,354.29,1547481.6,4429143.0,2.86,Bearish,48.0,"Above 200 DMA, Weak but watchable RSI, Strong volume expansion, Strong positive day move",-9.88,3.06,20.1,3.57,7.62,15.18,-13.45,-4.56,4.92,20.0,"Positive 3M return, Positive 6M return",72.62,Neutral Range,73.19,329.04,432.5,31.44,64.38,80.0% of closes stayed inside the range | Range width 31.4% | Currently 64.4% through the range,8.13,4.73,12.4,9.48,,,12.78,0.99,0.9,141.08,925.72,822.25,375.01,67.5676,39.5602,6.8663,11.0,0.665,67946.23,59.39,Pharma / Healthcare,8.0,0.0,9.0,17.0,5.0,39.0,0.86,,,2.0,41.0,General low-debt support,47.16,0.0,,38.42,Weak,"Above 200 DMA, Weak but watchable RSI, Strong volume expansion, Strong positive day move, Positive 3M return, Positive 6M return, 80.0% of closes stayed inside the range | Range width 31.4% | Currently 64.4% through the range"
HINDALCO,Basic Materials,Aluminum,527.01,1.85,350.03,609.29,50.56,13.51,52.03,547.99,479.05,10580811.75,7909060.0,0.75,Bearish,50.0,"Above 200 DMA, Healthy RSI momentum, Near 52W high momentum, Positive day move",-10.74,4.0,10.28,3.57,7.62,15.18,-14.31,-3.62,-4.9,20.0,"Positive 3M return, Positive 6M return",55.26,Neutral Range,73.82,463.21,573.1,23.72,58.06,80.0% of closes stayed inside the range | Range width 23.7% | Currently 58.1% through the range,10.65,4.49,7.0,4.55,,,63.59,1.48,0.77,12840.0,60291.0,19208.0,9471.0,14.2245,9.717,1.7528,48.0,0.925,239409.43,31.31,Metals / Mining,2.0,0.0,6.0,17.0,15.0,40.0,0.86,,,2.0,42.0,General low-debt support,41.06,0.0,,38.36,Weak,"Above 200 DMA, Healthy RSI momentum, Near 52W high momentum, Positive day move, Positive 3M return, Positive 6M return, 80.0% of closes stayed inside the range | Range width 23.7% | Currently 58.1% through the range"
APLAPOLLO,Basic Materials,Steel,1571.11,1.76,928.18,1786.88,69.27,12.07,68.51,1475.74,1494.65,621689.7,494841.0,0.8,Bullish,65.0,"Above 50 DMA, Above 200 DMA, Healthy RSI momentum, Near 52W high momentum, Positive day move",14.03,-0.45,-9.3,3.57,7.62,15.18,10.46,-8.07,-24.48,25.0,"Strong 1M absolute return, 1M Nifty outperformance",50.88,Neutral Range,78.43,1424.97,1664.93,16.84,60.9,80.0% of closes stayed inside the range | Range width 16.8% | Currently 60.9% through the range,21.36,10.97,5.65,4.09,,,29.05,1.17,0.49,122.69,873.01,691.26,-170.79,45.1016,31.4255,10.471,29.0,0.301,55451.16,15.61,Metals / Mining,10.0,0.0,9.0,9.0,7.0,35.0,0.86,Strong ROE,Negative free cash flow,4.0,39.0,"General quality ROE, General low-debt support",41.06,4.0,Negative free cash flow,38.31,Weak,"Above 50 DMA, Above 200 DMA, Healthy RSI momentum, Near 52W high momentum, Positive day move, Strong ROE, Strong 1M absolute return, 1M Nifty outperformance, 80.0% of closes stayed inside the range | Range width 16.8% | Currently 60.9% through the range"
ICICIPRULI,Financial Services,Insurance - Life,580.21,1.17,378.11,612.02,53.45,5.2,77.8,519.24,534.69,2082243.0,2970921.0,1.43,Bullish,62.0,"Above 50 DMA, Above 200 DMA, Strong but overbought RSI, Near 52W high momentum, Volume expansion, Positive day move",12.12,6.64,5.43,3.57,7.62,15.18,8.55,-0.98,-9.75,55.0,"Strong 1M absolute return, Positive 3M return, Positive 6M return, 1M Nifty outperformance, Positive across 1M/3M/6M",36.05,Breakout Watch,84.49,505.62,562.82,11.31,100.0,80.0% of closes stayed inside the range | Range width 11.3% | Currently 100.0% through the range | Above upper band on elevated volume,8.06,0.32,2.08,1.67,,,11.89,,,1329.96,1200.0,,-103.23,43.0979,35.6732,5.3841,33.0,0.471,73415.47,10.44,Financial Services,2.0,0.0,12.0,0.0,9.0,23.0,0.64,Cash covers debt,Negative free cash flow,-4.0,19.0,Expensive relative to book value for this sector,40.8,4.0,Negative free cash flow,38.02,Weak,"Above 50 DMA, Above 200 DMA, Strong but overbought RSI, Near 52W high momentum, Volume expansion, Positive day move, Cash covers debt, Strong 1M absolute return, Positive 3M return, Positive 6M return, 1M Nifty outperformance, Positive across 1M/3M/6M, 80.0% of closes stayed inside the range | Range width 11.3% | Currently 100.0% through the range | Above upper band on elevated volume"
EXIDEIND,Consumer Cyclical,Auto Parts,323.68,1.96,149.41,349.18,116.63,7.3,50.72,323.12,269.89,1746836.9,2193814.0,1.26,Bullish,70.0,"Above 50 DMA, Above 200 DMA, Healthy RSI momentum, Near 52W high momentum, Normal volume support, Positive day move",-4.9,11.29,20.29,3.57,7.62,15.18,-8.47,3.67,5.11,20.0,"Positive 3M return, Positive 6M return",59.18,Profit Booking Zone,82.12,253.29,329.85,30.23,91.94,80.0% of closes stayed inside the range | Range width 30.2% | Currently 91.9% through the range,7.39,5.57,7.29,5.49,,,5.29,1.88,0.75,131.78,588.39,768.24,-225.06,44.044,26.4992,2.9993,41.0,0.552,41705.25,31.41,Automobile,2.0,0.0,13.0,9.0,11.0,35.0,0.86,,Negative free cash flow,2.0,37.0,General low-debt support,43.25,4.0,Negative free cash flow,37.94,Weak,"Above 50 DMA, Above 200 DMA, Healthy RSI momentum, Near 52W high momentum, Normal volume support, Positive day move, Positive 3M return, Positive 6M return, 80.0% of closes stayed inside the range | Range width 30.2% | Currently 91.9% through the range"
SBILIFE,Financial Services,Insurance - Life,1502.74,-0.66,1048.65,1561.39,43.3,3.76,53.67,1450.45,1346.74,1319609.65,2468543.0,1.87,Bullish,70.0,"Above 50 DMA, Above 200 DMA, Healthy RSI momentum, Near 52W high momentum, Volume expansion",3.52,3.75,13.7,3.57,7.62,15.18,-0.05,-3.87,-1.48,38.0,"Positive 1M return, Positive 3M return, Positive 6M return, Positive across 1M/3M/6M",48.26,Profit Booking Zone,85.61,1298.96,1494.75,15.07,100.0,80.0% of closes stayed inside the range | Range width 15.1% | Currently 100.0% through the range,13.22,0.55,2.21,2.13,,,,,,1591.22,,,28592.84,70.6291,52.3737,9.1193,15.0,0.366,183596.77,9.71,Financial Services,4.0,0.0,0.0,8.0,5.0,17.0,0.57,,,-4.0,13.0,Expensive relative to book value for this sector,40.8,0.0,,37.67,Weak,"Above 50 DMA, Above 200 DMA, Healthy RSI momentum, Near 52W high momentum, Volume expansion, Positive 1M return, Positive 3M return, Positive 6M return, Positive across 1M/3M/6M, 80.0% of closes stayed inside the range | Range width 15.1% | Currently 100.0% through the range"
AMBUJACEM,Basic Materials,Building Materials,596.19,0.81,309.86,617.79,92.41,3.5,59.04,555.17,466.76,3602673.8,2393414.0,0.66,Bullish,65.0,"Above 50 DMA, Above 200 DMA, Healthy RSI momentum, Near 52W high momentum, Positive day move",7.06,19.41,36.72,3.57,7.62,15.18,3.49,11.79,21.54,78.0,"Positive 1M return, Positive 3M return, Strong 6M absolute return, 3M Nifty outperformance, 6M Nifty outperformance, Positive across 1M/3M/6M",15.79,Profit Booking Zone,80.8,414.69,581.12,40.13,100.0,80.0% of closes stayed inside the range | Range width 40.1% | Currently 100.0% through the range,,,8.36,6.26,,,,,,,,-836.2,-5390.24,23.7585,28.9663,1.7535,47.0,0.221,104610.8,56.82,Cement / Realty,3.0,0.0,0.0,0.0,10.0,13.0,0.5,,"Negative operating cash flow, Negative free cash flow",0.0,13.0,,41.06,9.0,"Negative operating cash flow, Negative free cash flow",37.46,Weak,"Above 50 DMA, Above 200 DMA, Healthy RSI momentum, Near 52W high momentum, Positive day move, Positive 1M return, Positive 3M return, Strong 6M absolute return, 3M Nifty outperformance, 6M Nifty outperformance, Positive across 1M/3M/6M, 80.0% of closes stayed inside the range | Range width 40.1% | Currently 100.0% through the range"
ETERNAL,Consumer Cyclical,Internet Retail,160.0,-0.96,44.35,175.6,260.77,8.88,56.3,144.51,108.34,78000759.1,43685238.0,0.56,Bullish,60.0,"Above 50 DMA, Above 200 DMA, Healthy RSI momentum, Near 52W high momentum",11.03,31.47,63.18,3.57,7.62,15.18,7.46,23.85,48.0,100.0,"Strong 1M absolute return, Strong 3M absolute return, Strong 6M absolute return, 1M Nifty outperformance, 3M Nifty outperformance, 6M Nifty outperformance, Positive across 1M/3M/6M",7.14,Profit Booking Zone,77.44,102.09,158.72,55.48,100.0,80.0% of closes stayed inside the range | Range width 55.5% | Currently 100.0% through the range,-4.99,-4.5,-22.53,-13.8,,,2.61,7.52,7.46,218.0,507.0,-844.0,-947.0,713.75,82.0471,9.2835,,0.225,289095.37,35.19,Consumer Discretionary,0.0,0.0,17.0,0.0,3.0,20.0,0.79,,"Negative net margin, Negative operating cash flow, Negative free cash flow, Very high PE",2.0,22.0,General low-debt support,43.25,17.0,"Negative net margin, Negative operating cash flow, Negative free cash flow",37.19,Weak,"Above 50 DMA, Above 200 DMA, Healthy RSI momentum, Near 52W high momentum, Strong 1M absolute return, Strong 3M absolute return, Strong 6M absolute return, 1M Nifty outperformance, 3M Nifty outperformance, 6M Nifty outperformance, Positive across 1M/3M/6M, 80.0% of closes stayed inside the range | Range width 55.5% | Currently 100.0% through the range"
EICHERMOT,Consumer Cyclical,Auto Manufacturers,3657.55,-0.21,2710.4,4058.3,34.94,9.87,45.0,3725.55,3486.61,638952.8,734239.0,1.15,Bearish,28.0,"Above 200 DMA, Weak but watchable RSI, Normal volume support",-0.58,-7.47,10.22,3.57,7.62,15.18,-4.15,-15.09,-4.96,10.0,Positive 6M return,75.51,Neutral Range,70.26,3285.58,3903.44,18.81,60.2,80.0% of closes stayed inside the range | Range width 18.8% | Currently 60.2% through the range,19.44,15.18,20.92,20.56,,,1.92,1.14,0.74,88.81,288.41,2822.66,2140.17,38.2557,29.6311,8.7966,1.03,0.226,220962.51,42.31,Automobile,22.0,0.0,11.0,17.0,6.0,56.0,0.86,Strong ROE,,4.0,60.0,"General quality ROE, General low-debt support",43.25,0.0,,36.99,Weak,"Above 200 DMA, Weak but watchable RSI, Normal volume support, Strong ROE, Positive 6M return, 80.0% of closes stayed inside the range | Range width 18.8% | Currently 60.2% through the range"
BRITANNIA,Consumer Defensive,Packaged Foods,4685.86,0.17,3358.32,5162.1,39.53,9.23,44.15,4852.58,4618.13,240801.25,216747.0,0.9,Bearish,28.0,"Above 200 DMA, Weak but watchable RSI, Positive day move",0.28,-2.53,8.47,3.57,7.62,15.18,-3.29,-10.15,-6.71,18.0,"Positive 1M return, Positive 6M return",47.83,Neutral Range,70.45,4343.86,4948.06,13.91,56.6,80.0% of closes stayed inside the range | Range width 13.9% | Currently 56.6% through the range,65.69,24.82,16.33,14.52,,,85.1,1.15,0.86,102.38,3007.62,2526.21,1814.75,52.2538,43.3854,26.629,1.62,0.421,135982.19,41.42,FMCG / Consumer,21.0,0.0,6.0,17.0,6.0,50.0,0.86,Strong ROE,,5.0,55.0,Strong ROE for a consumer staples business,39.98,0.0,,36.75,Weak,"Above 200 DMA, Weak but watchable RSI, Positive day move, Strong ROE, Positive 1M return, Positive 6M return, 80.0% of closes stayed inside the range | Range width 13.9% | Currently 56.6% through the range"
NH,Healthcare,Medical Care Facilities,1170.63,-2.07,668.13,1433.72,75.21,18.35,28.84,1283.25,1099.02,493173.0,526411.0,1.07,Bearish,24.0,"Above 200 DMA, Oversold RSI, Normal volume support",-13.65,-1.98,14.91,3.57,7.62,15.18,-17.22,-9.6,-0.27,10.0,Positive 6M return,92.86,Lower Range Watch,67.63,1044.04,1354.01,29.69,40.84,80.0% of closes stayed inside the range | Range width 29.7% | Currently 40.8% through the range,28.44,14.57,17.59,13.5,,,41.48,1.31,1.24,154.76,884.17,1084.56,562.52,45.2285,26.3467,8.1974,24.0,,37193.68,39.83,Pharma / Healthcare,21.0,0.0,11.0,17.0,7.0,56.0,0.86,Strong ROE,,4.0,60.0,"General quality ROE, General low-debt support",47.16,0.0,,36.57,Weak,"Above 200 DMA, Oversold RSI, Normal volume support, Strong ROE, Positive 6M return, 80.0% of closes stayed inside the range | Range width 29.7% | Currently 40.8% through the range"
AUROPHARMA,Healthcare,Drug Manufacturers - Specialty & Generic,1054.89,-0.13,391.5,1171.01,169.45,9.92,51.5,1070.9,896.35,2777446.45,1168234.0,0.42,Bearish,45.0,"Above 200 DMA, Healthy RSI momentum, Near 52W high momentum",5.76,3.56,29.76,3.57,7.62,15.18,2.19,-4.06,14.58,38.0,"Positive 1M return, Positive 3M return, Positive 6M return, Positive across 1M/3M/6M",48.81,Profit Booking Zone,74.8,866.25,1113.13,28.5,76.41,80.0% of closes stayed inside the range | Range width 28.5% | Currently 76.4% through the range,7.18,4.83,10.31,7.83,,,19.7,1.87,1.13,4396.29,5286.21,2386.75,-333.65,25.9052,18.0068,2.5552,24.0,0.022,95915.5,58.85,Pharma / Healthcare,6.0,0.0,15.0,9.0,13.0,43.0,0.86,,Negative free cash flow,2.0,45.0,General low-debt support,47.16,7.0,"Low volume participation, Negative free cash flow",36.57,Weak,"Above 200 DMA, Healthy RSI momentum, Near 52W high momentum, Positive 1M return, Positive 3M return, Positive 6M return, Positive across 1M/3M/6M, 80.0% of closes stayed inside the range | Range width 28.5% | Currently 76.4% through the range"
ULTRACEMCO,Basic Materials,Building Materials,9364.41,0.33,5786.89,10190.04,61.82,8.1,41.99,9673.53,8547.8,319257.2,585012.0,1.83,Bearish,38.0,"Above 200 DMA, Weak but watchable RSI, Volume expansion, Positive day move",-3.25,3.41,12.71,3.57,7.62,15.18,-6.82,-4.21,-2.47,20.0,"Positive 3M return, Positive 6M return",55.26,Profit Booking Zone,74.71,7992.69,9732.38,21.77,78.85,80.0% of closes stayed inside the range | Range width 21.8% | Currently 78.8% through the range,9.32,5.54,12.16,8.12,,,20.35,0.89,0.6,370.37,11057.74,9068.51,2868.4,41.0332,27.5174,4.5645,2.04,0.505,349797.12,58.4,Cement / Realty,10.0,0.0,7.0,17.0,9.0,43.0,0.86,,,2.0,45.0,General low-debt support,41.06,0.0,,36.41,Weak,"Above 200 DMA, Weak but watchable RSI, Volume expansion, Positive day move, Positive 3M return, Positive 6M return, 80.0% of closes stayed inside the range | Range width 21.8% | Currently 78.8% through the range"
ICICIBANK,Financial Services,Banks - Regional,1061.46,-0.83,770.28,1086.43,37.8,2.3,64.63,997.5,947.88,12615840.75,9963926.0,0.79,Bullish,60.0,"Above 50 DMA, Above 200 DMA, Healthy RSI momentum, Near 52W high momentum",9.97,8.9,12.47,3.57,7.62,15.18,6.4,1.28,-2.71,48.0,"Positive 1M return, Positive 3M return, Positive 6M return, 1M Nifty outperformance, Positive across 1M/3M/6M",38.37,Profit Booking Zone,83.82,903.49,1020.97,13.0,100.0,80.0% of closes stayed inside the range | Range width 13.0% | Currently 100.0% through the range,15.87,1.74,,25.1,,,85.55,,,163567.37,183509.44,-3771.19,-6238.87,18.4855,15.2309,2.6994,84.0,0.261,1026998.09,0.0,Banking,10.0,0.0,4.0,0.0,15.0,29.0,0.64,,"Negative operating cash flow, Negative free cash flow",6.0,35.0,Strong ROE for a leveraged-balance-sheet business,40.8,9.0,"Negative operating cash flow, Negative free cash flow",36.37,Weak,"Above 50 DMA, Above 200 DMA, Healthy RSI momentum, Near 52W high momentum, Positive 1M return, Positive 3M return, Positive 6M return, 1M Nifty outperformance, Positive across 1M/3M/6M, 80.0% of closes stayed inside the range | Range width 13.0% | Currently 100.0% through the range"
HINDZINC,Basic Materials,Other Industrial Metals & Mining,283.57,1.11,194.09,301.41,46.11,5.92,49.86,286.06,280.14,300663.55,310481.0,1.03,Bearish,37.0,"Above 200 DMA, RSI recovering, Normal volume support, Positive day move",-1.08,-2.27,-2.07,3.57,7.62,15.18,-4.65,-9.89,-17.25,0.0,,87.72,Neutral Range,75.24,267.86,290.19,8.34,70.37,80.0% of closes stayed inside the range | Range width 8.3% | Currently 70.4% through the range,81.28,29.64,43.35,31.59,,,94.25,0.85,0.74,59.0,12188.0,15162.0,11568.0,14.4846,13.3134,10.9157,3.58,0.661,247012.13,75.8,Metals / Mining,25.0,0.0,4.0,17.0,11.0,57.0,0.86,Strong ROE,,2.0,59.0,General quality ROE,41.06,0.0,,36.06,Weak,"Above 200 DMA, RSI recovering, Normal volume support, Positive day move, Strong ROE, 80.0% of closes stayed inside the range | Range width 8.3% | Currently 70.4% through the range"
LINDEINDIA,Basic Materials,Specialty Chemicals,5550.8,-0.51,2911.17,6755.85,90.67,17.84,50.47,5560.9,5377.27,33454.2,23141.0,0.69,Bearish,35.0,"Above 200 DMA, Healthy RSI momentum",-0.27,-5.2,-15.6,3.57,7.62,15.18,-3.84,-12.82,-30.78,0.0,,87.72,Accumulation Zone,77.88,5509.59,6077.59,10.31,7.25,80.0% of closes stayed inside the range | Range width 10.3% | Currently 7.3% through the range,14.43,9.99,15.62,17.52,,,0.75,2.1,2.02,1240.3,22.66,568.51,326.37,105.6673,78.7623,13.5476,6.0,,57801.38,58.55,Chemicals,16.0,0.0,20.0,17.0,5.0,58.0,0.86,Cash covers debt,Very high PE,2.0,60.0,General low-debt support,41.06,0.0,,35.91,Weak,"Above 200 DMA, Healthy RSI momentum, Cash covers debt, 80.0% of closes stayed inside the range | Range width 10.3% | Currently 7.3% through the range"
TIINDIA,Industrials,Conglomerates,3488.42,-1.25,2024.31,4105.5,72.33,15.03,42.25,3682.17,3256.62,169739.95,213171.0,1.26,Bearish,28.0,"Above 200 DMA, Weak but watchable RSI, Normal volume support",-0.19,2.58,14.61,3.57,7.62,15.18,-3.76,-5.04,-0.57,20.0,"Positive 3M return, Positive 6M return",73.49,Neutral Range,68.31,2983.09,3858.37,29.34,57.73,80.0% of closes stayed inside the range | Range width 29.3% | Currently 57.7% through the range,24.19,9.29,10.81,6.62,,,28.5,1.24,0.95,842.8,1126.07,1385.66,969.65,86.5549,37.3799,7.089,16.0,-0.3,54955.18,31.7,Capital Goods / Infra,16.0,0.0,9.0,17.0,5.0,47.0,0.86,Strong ROE,Very high PE,0.0,47.0,,49.07,0.0,,35.81,Weak,"Above 200 DMA, Weak but watchable RSI, Normal volume support, Strong ROE, Positive 3M return, Positive 6M return, 80.0% of closes stayed inside the range | Range width 29.3% | Currently 57.7% through the range"
3MINDIA,Industrials,Conglomerates,29026.11,0.52,20146.33,37973.34,44.08,23.56,41.84,31421.06,28817.46,5095.95,2582.0,0.51,Bearish,28.0,"Above 200 DMA, Weak but watchable RSI, Positive day move",-7.95,-3.22,-7.13,3.57,7.62,15.18,-11.52,-10.84,-22.31,0.0,,93.37,Accumulation Zone,76.46,28867.13,32611.18,12.97,4.25,80.0% of closes stayed inside the range | Range width 13.0% | Currently 4.2% through the range,26.89,16.62,14.55,11.4,,,1.59,2.17,1.55,798.21,26.75,465.48,405.25,77.736,47.6971,22.8946,44.0,0.273,40481.03,41.86,Capital Goods / Infra,19.0,0.0,20.0,17.0,5.0,61.0,0.86,"Strong ROE, Cash covers debt",,0.0,61.0,,49.07,0.0,,35.71,Weak,"Above 200 DMA, Weak but watchable RSI, Positive day move, Strong ROE, Cash covers debt, 80.0% of closes stayed inside the range | Range width 13.0% | Currently 4.2% through the range"
POLICYBZR,Financial Services,Insurance Brokers,1101.5,3.14,356.2,1180.0,209.24,6.65,62.41,933.3,782.22,2050304.1,2255852.0,1.1,Bullish,75.0,"Above 50 DMA, Above 200 DMA, Healthy RSI momentum, Near 52W high momentum, Normal volume support, Strong positive day move",19.81,31.68,45.18,3.57,7.62,15.18,16.24,24.06,30.0,100.0,"Strong 1M absolute return, Strong 3M absolute return, Strong 6M absolute return, 1M Nifty outperformance, 3M Nifty outperformance, 6M Nifty outperformance, Positive across 1M/3M/6M",4.65,Profit Booking Zone,83.24,726.05,1001.0,37.87,100.0,80.0% of closes stayed inside the range | Range width 37.9% | Currently 100.0% through the range,-8.9,-7.79,-28.35,-19.05,,,4.14,7.48,,72.34,226.59,-298.97,-364.67,107.8784,51.9191,10.9914,,0.375,80349.11,64.25,Financial Services,0.0,0.0,14.0,0.0,3.0,17.0,0.71,,"Negative net margin, Negative operating cash flow, Negative free cash flow, Very high PE",-9.0,8.0,"Weak ROE for a leveraged-balance-sheet business, Expensive relative to book value for this sector",40.8,17.0,"Negative net margin, Negative operating cash flow, Negative free cash flow",35.67,Weak,"Above 50 DMA, Above 200 DMA, Healthy RSI momentum, Near 52W high momentum, Normal volume support, Strong positive day move, Strong 1M absolute return, Strong 3M absolute return, Strong 6M absolute return, 1M Nifty outperformance, 3M Nifty outperformance, 6M Nifty outperformance, Positive across 1M/3M/6M, 80.0% of closes stayed inside the range | Range width 37.9% | Currently 100.0% through the range"
ENDURANCE,Consumer Cyclical,Auto Parts,1800.44,1.91,1160.92,2292.68,55.09,21.47,44.51,1911.2,1675.04,151074.5,167470.0,1.11,Bearish,33.0,"Above 200 DMA, Weak but watchable RSI, Normal volume support, Positive day move",-5.64,8.41,11.74,3.57,7.62,15.18,-9.21,0.79,-3.44,20.0,"Positive 3M return, Positive 6M return",59.18,Neutral Range,68.64,1568.8,2014.03,28.38,52.03,80.0% of closes stayed inside the range | Range width 28.4% | Currently 52.0% through the range,10.87,7.05,7.11,5.53,,,11.67,1.65,1.23,287.66,514.76,861.99,225.73,44.723,30.1333,6.2092,38.0,0.723,42475.96,42.33,Automobile,4.0,0.0,15.0,17.0,7.0,43.0,0.86,,,2.0,45.0,General low-debt support,43.25,0.0,,35.49,Weak,"Above 200 DMA, Weak but watchable RSI, Normal volume support, Positive day move, Positive 3M return, Positive 6M return, 80.0% of closes stayed inside the range | Range width 28.4% | Currently 52.0% through the range"
BERGEPAINT,Basic Materials,Specialty Chemicals,561.71,-0.76,428.37,665.9,31.13,15.65,50.63,563.86,561.0,1426964.75,928556.0,0.65,Bearish,35.0,"Above 200 DMA, Healthy RSI momentum",4.44,-2.57,-2.79,3.57,7.62,15.18,0.87,-10.19,-17.97,8.0,Positive 1M return,70.18,Lower Range Watch,73.66,544.36,591.07,8.58,37.14,80.0% of closes stayed inside the range | Range width 8.6% | Currently 37.1% through the range,19.12,10.79,12.21,8.25,,,26.46,1.4,0.62,116.17,1188.97,975.57,227.53,51.2637,43.1943,9.4377,75.0,0.449,65272.83,40.89,Chemicals,16.0,0.0,9.0,17.0,7.0,49.0,0.86,Strong ROE,,4.0,53.0,"General quality ROE, General low-debt support",41.06,0.0,,35.46,Weak,"Above 200 DMA, Healthy RSI momentum, Strong ROE, Positive 1M return, 80.0% of closes stayed inside the range | Range width 8.6% | Currently 37.1% through the range"
GMRAIRPORT,Industrials,Airports & Air Services,84.5,2.18,33.35,94.35,153.37,10.44,47.75,84.32,62.02,54384297.65,14135199.0,0.26,Bullish,52.0,"Above 50 DMA, Above 200 DMA, RSI recovering, Strong positive day move",-6.27,36.95,33.39,3.57,7.62,15.18,-9.84,29.33,18.21,70.0,"Strong 3M absolute return, Strong 6M absolute return, 3M Nifty outperformance, 6M Nifty outperformance",39.16,Profit Booking Zone,75.26,56.47,87.65,55.22,89.9,80.8% of closes stayed inside the range | Range width 55.2% | Currently 89.9% through the range,22.61,-0.41,11.48,-3.07,,,-4201.21,0.98,0.96,3277.71,33306.33,2199.23,-1722.12,804.2308,72.0701,-43.9655,,0.573,110394.09,57.86,Capital Goods / Infra,9.0,0.0,9.0,9.0,5.0,32.0,0.79,Strong ROE,"Negative net margin, Negative free cash flow, Very high PE",0.0,32.0,,49.07,15.0,"Low volume participation, Negative net margin, Negative free cash flow",34.06,Avoid,"Above 50 DMA, Above 200 DMA, RSI recovering, Strong positive day move, Strong ROE, Strong 3M absolute return, Strong 6M absolute return, 3M Nifty outperformance, 6M Nifty outperformance, 80.8% of closes stayed inside the range | Range width 55.2% | Currently 89.9% through the range"
IDBI,Financial Services,Banks - Regional,82.34,0.12,36.58,95.05,125.1,13.37,48.65,77.7,64.15,14777796.45,5146544.0,0.35,Bullish,47.0,"Above 50 DMA, Above 200 DMA, RSI recovering, Positive day move",-7.32,27.42,31.74,3.57,7.62,15.18,-10.89,19.8,16.56,70.0,"Strong 3M absolute return, Strong 6M absolute return, 3M Nifty outperformance, 6M Nifty outperformance",23.84,Profit Booking Zone,74.57,60.17,85.87,42.71,86.27,80.0% of closes stayed inside the range | Range width 42.7% | Currently 86.3% through the range,8.0,1.12,,24.71,,,22.1,,,38246.27,10237.75,-2701.4,-2995.85,9.511,16.8286,1.2551,2.43,0.832,88664.31,0.0,Banking,8.0,0.0,10.0,0.0,12.0,30.0,0.64,Cash covers debt,"Negative operating cash flow, Negative free cash flow",0.0,30.0,,40.8,12.0,"Low volume participation, Negative operating cash flow, Negative free cash flow",33.87,Avoid,"Above 50 DMA, Above 200 DMA, RSI recovering, Positive day move, Cash covers debt, Strong 3M absolute return, Strong 6M absolute return, 3M Nifty outperformance, 6M Nifty outperformance, 80.0% of closes stayed inside the range | Range width 42.7% | Currently 86.3% through the range"
IOB,Financial Services,Banks - Regional,66.05,0.53,16.8,83.75,293.15,21.13,55.03,55.92,39.45,29663755.95,12611496.0,0.43,Bullish,55.0,"Above 50 DMA, Above 200 DMA, Healthy RSI momentum, Positive day move",-10.74,49.77,108.03,3.57,7.62,15.18,-14.31,42.15,92.85,70.0,"Strong 3M absolute return, Strong 6M absolute return, 3M Nifty outperformance, 6M Nifty outperformance",23.84,Profit Booking Zone,76.53,39.35,67.05,70.39,96.39,82.5% of closes stayed inside the range | Range width 70.4% | Currently 96.4% through the range,8.46,0.67,,17.0,,,83.63,,,20820.57,20803.77,-13654.68,-14237.04,11.4712,37.6,1.6756,,0.253,65164.3,0.0,Banking,7.0,0.0,7.0,0.0,10.0,24.0,0.57,Cash covers debt,"Negative operating cash flow, Negative free cash flow",0.0,24.0,,40.8,12.0,"Low volume participation, Negative operating cash flow, Negative free cash flow",33.77,Avoid,"Above 50 DMA, Above 200 DMA, Healthy RSI momentum, Positive day move, Cash covers debt, Strong 3M absolute return, Strong 6M absolute return, 3M Nifty outperformance, 6M Nifty outperformance, 82.5% of closes stayed inside the range | Range width 70.4% | Currently 96.4% through the range"
MAZDOCK,Industrials,Aerospace & Defense,1026.24,1.36,144.32,1226.18,611.1,16.31,44.27,1085.39,918.29,1799076.8,648758.0,0.36,Bearish,28.0,"Above 200 DMA, Weak but watchable RSI, Positive day move",-4.55,0.27,10.38,3.57,7.62,15.18,-8.12,-7.35,-4.8,20.0,"Positive 3M return, Positive 6M return",73.49,Lower Range Watch,70.89,965.34,1127.33,16.78,37.59,80.0% of closes stayed inside the range | Range width 16.8% | Currently 37.6% through the range,23.51,3.8,9.59,14.76,,,0.13,1.08,0.78,1868.42,6.04,1515.6,1380.03,38.4627,32.1624,10.5529,82.0,0.624,102942.58,32.58,Capital Goods / Infra,11.0,0.0,14.0,17.0,7.0,49.0,0.86,"Strong ROE, Cash covers debt",,0.0,49.0,,49.07,3.0,Low volume participation,33.51,Avoid,"Above 200 DMA, Weak but watchable RSI, Positive day move, Strong ROE, Cash covers debt, Positive 3M return, Positive 6M return, 80.0% of closes stayed inside the range | Range width 16.8% | Currently 37.6% through the range"
HSCL,Basic Materials,Specialty Chemicals,332.53,-2.37,79.72,397.12,317.13,16.26,32.29,360.46,242.22,520810.55,633932.0,1.22,Bearish,28.0,"Above 200 DMA, Weak but watchable RSI, Normal volume support",-10.15,9.17,32.0,3.57,7.62,15.18,-13.72,1.55,16.82,45.0,"Positive 3M return, Strong 6M absolute return, 6M Nifty outperformance",37.72,Neutral Range,66.32,240.89,372.34,54.57,69.72,80.0% of closes stayed inside the range | Range width 54.6% | Currently 69.7% through the range,9.47,5.87,8.82,5.18,,,36.93,1.51,1.07,199.68,842.12,53.96,-29.19,47.3835,37.0097,8.1727,11.0,0.264,38468.74,36.82,Chemicals,4.0,0.0,13.0,9.0,7.0,33.0,0.86,,Negative free cash flow,2.0,35.0,General low-debt support,41.06,4.0,Negative free cash flow,32.66,Avoid,"Above 200 DMA, Weak but watchable RSI, Normal volume support, Positive 3M return, Strong 6M absolute return, 6M Nifty outperformance, 80.0% of closes stayed inside the range | Range width 54.6% | Currently 69.7% through the range"
PRESTIGE,Real Estate,Real Estate - Diversified,1177.18,-1.19,388.74,1435.16,202.82,17.98,47.47,1222.75,822.48,993428.5,512742.0,0.52,Bearish,27.0,"Above 200 DMA, RSI recovering",-2.58,4.88,80.05,3.57,7.62,15.18,-6.15,-2.74,64.87,45.0,"Positive 3M return, Strong 6M absolute return, 6M Nifty outperformance",85.0,Profit Booking Zone,61.86,617.64,1262.22,104.36,86.81,80.0% of closes stayed inside the range | Range width 104.4% | Currently 86.8% through the range,9.44,2.57,17.58,11.46,,,94.43,1.12,0.45,1456.4,9419.9,1539.5,-110.7,60.0718,27.7803,4.2105,13.0,0.445,68516.26,58.8,Cement / Realty,8.0,0.0,6.0,9.0,7.0,30.0,0.86,,Negative free cash flow,0.0,30.0,,53.37,4.0,Negative free cash flow,32.51,Avoid,"Above 200 DMA, RSI recovering, Positive 3M return, Strong 6M absolute return, 6M Nifty outperformance, 80.0% of closes stayed inside the range | Range width 104.4% | Currently 86.8% through the range"
PFC,Financial Services,Credit Services,390.74,1.31,66.83,430.9,484.7,9.32,56.13,376.63,251.17,14326899.3,12256331.0,0.86,Bullish,65.0,"Above 50 DMA, Above 200 DMA, Healthy RSI momentum, Near 52W high momentum, Positive day move",-7.53,14.89,107.91,3.57,7.62,15.18,-11.1,7.27,92.73,45.0,"Positive 3M return, Strong 6M absolute return, 6M Nifty outperformance",43.02,Profit Booking Zone,74.16,211.97,390.78,84.36,99.98,80.0% of closes stayed inside the range | Range width 84.4% | Currently 100.0% through the range,18.88,1.77,267.15,57.74,,,927.58,,,415.73,780640.56,-74717.23,-74840.0,4.8263,4.1648,0.9351,4.09,0.639,124248.82,99.22,Financial Services,18.0,0.0,0.0,0.0,15.0,33.0,0.71,Strong ROE,"Very high debt, Negative operating cash flow, Negative free cash flow",12.0,45.0,"High leverage is structural for this sector, Strong ROE for a leveraged-balance-sheet business",40.8,17.0,"Very high debt, Negative operating cash flow, Negative free cash flow",32.37,Avoid,"Above 50 DMA, Above 200 DMA, Healthy RSI momentum, Near 52W high momentum, Positive day move, Strong ROE, Positive 3M return, Strong 6M absolute return, 6M Nifty outperformance, 80.0% of closes stayed inside the range | Range width 84.4% | Currently 100.0% through the range"
APOLLOHOSP,Healthcare,Medical Care Facilities,6008.3,-0.09,3944.97,6828.42,52.3,12.01,36.76,6136.43,5322.65,650131.35,738112.0,1.14,Bearish,28.0,"Above 200 DMA, Weak but watchable RSI, Normal volume support",-2.84,10.86,25.48,3.57,7.62,15.18,-6.41,3.24,10.3,20.0,"Positive 3M return, Positive 6M return",72.62,Neutral Range,70.57,4955.51,6403.63,29.22,72.7,80.0% of closes stayed inside the range | Range width 29.2% | Currently 72.7% through the range,13.22,5.68,8.81,4.98,,,69.91,1.3,1.19,433.4,4332.4,1376.9,248.4,64.9369,40.1114,13.0391,23.0,0.201,123611.67,34.63,Pharma / Healthcare,6.0,0.0,8.0,17.0,5.0,36.0,0.86,,,2.0,38.0,General low-debt support,47.16,0.0,,32.37,Avoid,"Above 200 DMA, Weak but watchable RSI, Normal volume support, Positive 3M return, Positive 6M return, 80.0% of closes stayed inside the range | Range width 29.2% | Currently 72.7% through the range"
INDUSINDBK,Financial Services,Banks - Regional,1544.08,0.59,966.94,1673.18,59.69,7.72,59.3,1527.35,1428.11,3131918.65,2285176.0,0.73,Bullish,65.0,"Above 50 DMA, Above 200 DMA, Healthy RSI momentum, Near 52W high momentum, Positive day move",5.85,3.92,9.98,3.57,7.62,15.18,2.28,-3.7,-5.2,38.0,"Positive 1M return, Positive 3M return, Positive 6M return, Positive across 1M/3M/6M",48.26,Profit Booking Zone,81.68,1410.85,1581.94,12.13,77.87,80.0% of closes stayed inside the range | Range width 12.1% | Currently 77.9% through the range,13.53,1.63,,29.23,,,89.1,,,56776.76,49011.23,-12442.27,-13013.37,60.0295,12.9494,1.2053,15.0,0.494,79277.55,0.0,Banking,10.0,0.0,7.0,0.0,9.0,26.0,0.64,Cash covers debt,"Negative operating cash flow, Negative free cash flow",0.0,26.0,,40.8,9.0,"Negative operating cash flow, Negative free cash flow",31.97,Avoid,"Above 50 DMA, Above 200 DMA, Healthy RSI momentum, Near 52W high momentum, Positive day move, Cash covers debt, Positive 1M return, Positive 3M return, Positive 6M return, Positive across 1M/3M/6M, 80.0% of closes stayed inside the range | Range width 12.1% | Currently 77.9% through the range"
GVT&D,Industrials,Specialty Industrial Machinery,957.4,3.81,98.25,986.02,874.43,2.9,71.58,717.58,423.32,145378.75,56865.0,0.39,Bullish,57.0,"Above 50 DMA, Above 200 DMA, Strong but overbought RSI, Near 52W high momentum, Strong positive day move",18.45,125.5,196.94,3.57,7.62,15.18,14.88,117.88,181.76,100.0,"Strong 1M absolute return, Strong 3M absolute return, Strong 6M absolute return, 1M Nifty outperformance, 3M Nifty outperformance, 6M Nifty outperformance, Positive across 1M/3M/6M",6.02,Profit Booking Zone,70.14,385.51,818.02,112.19,100.0,80.0% of closes stayed inside the range | Range width 112.2% | Currently 100.0% through the range,-0.14,-0.04,3.91,-0.05,,,25.48,1.08,0.82,44.67,273.33,-37.34,-53.77,86.6909,56.6679,41.9339,23.0,0.634,112826.91,43.57,Capital Goods / Infra,0.0,0.0,9.0,0.0,5.0,14.0,0.86,,"Negative net margin, Negative operating cash flow, Negative free cash flow, Very high PE",0.0,14.0,,49.07,20.0,"Low volume participation, Negative net margin, Negative operating cash flow, Negative free cash flow",31.51,Avoid,"Above 50 DMA, Above 200 DMA, Strong but overbought RSI, Near 52W high momentum, Strong positive day move, Strong 1M absolute return, Strong 3M absolute return, Strong 6M absolute return, 1M Nifty outperformance, 3M Nifty outperformance, 6M Nifty outperformance, Positive across 1M/3M/6M, 80.0% of closes stayed inside the range | Range width 112.2% | Currently 100.0% through the range"
RVNL,Industrials,Engineering & Construction,235.06,0.17,29.19,341.3,705.18,31.13,40.97,241.3,167.65,20080621.15,6393948.0,0.32,Bearish,28.0,"Above 200 DMA, Weak but watchable RSI, Positive day move",-15.53,39.89,54.45,3.57,7.62,15.18,-19.1,32.27,39.27,70.0,"Strong 3M absolute return, Strong 6M absolute return, 3M Nifty outperformance, 6M Nifty outperformance",39.16,Neutral Range,62.1,155.83,277.48,78.07,65.13,80.0% of closes stayed inside the range | Range width 78.1% | Currently 65.1% through the range,18.52,7.31,6.04,6.62,,,88.89,2.04,2.02,836.68,6441.33,-4063.97,-4125.15,53.4884,41.8182,4.8674,1.49,,47955.46,6.0,Capital Goods / Infra,11.0,0.0,12.0,0.0,8.0,31.0,0.86,Strong ROE,"Negative operating cash flow, Negative free cash flow",0.0,31.0,,49.07,12.0,"Low volume participation, Negative operating cash flow, Negative free cash flow",30.71,Avoid,"Above 200 DMA, Weak but watchable RSI, Positive day move, Strong ROE, Strong 3M absolute return, Strong 6M absolute return, 3M Nifty outperformance, 6M Nifty outperformance, 80.0% of closes stayed inside the range | Range width 78.1% | Currently 65.1% through the range"
HINDUNILVR,Consumer Defensive,Household & Personal Products,2302.29,0.78,2233.02,2616.24,3.1,12.0,49.05,2357.27,2410.21,1483864.65,1820704.0,1.23,Bearish,30.0,"RSI recovering, Near 52W low with stable RSI, Normal volume support, Positive day move",0.1,-3.92,-2.56,3.57,7.62,15.18,-3.47,-11.54,-17.74,8.0,Positive 1M return,86.96,Accumulation Zone,77.06,2287.72,2452.58,7.21,8.84,80.0% of closes stayed inside the range | Range width 7.2% | Currently 8.8% through the range,20.12,13.85,21.85,16.99,,,2.42,1.41,1.06,714.0,1219.0,9991.0,8799.0,45.875,38.7544,9.9452,2.13,0.332,484720.67,50.37,FMCG / Consumer,21.0,0.0,13.0,17.0,7.0,58.0,0.86,Strong ROE,,8.0,66.0,"Strong ROE for a consumer staples business, Low debt, typical of a healthy consumer business",39.98,8.0,Below 200 DMA,30.6,Avoid,"RSI recovering, Near 52W low with stable RSI, Normal volume support, Positive day move, Strong ROE, Positive 1M return, 80.0% of closes stayed inside the range | Range width 7.2% | Currently 8.8% through the range"
JKCEMENT,Basic Materials,Building Materials,4216.5,-0.8,2388.03,4505.74,76.57,6.42,47.36,4129.07,3495.53,131183.25,92455.0,0.7,Bullish,42.0,"Above 50 DMA, Above 200 DMA, RSI recovering",1.15,12.34,28.19,3.57,7.62,15.18,-2.42,4.72,13.01,38.0,"Positive 1M return, Positive 3M return, Positive 6M return, Positive across 1M/3M/6M",43.86,Profit Booking Zone,75.34,3115.07,4292.88,37.81,93.52,80.0% of closes stayed inside the range | Range width 37.8% | Currently 93.5% through the range,9.04,3.18,9.18,4.46,,,112.98,1.27,0.94,257.14,5292.18,1377.09,-234.36,43.8603,27.6921,5.922,37.0,0.412,41674.63,62.85,Cement / Realty,2.0,0.0,4.0,9.0,9.0,24.0,0.86,,Negative free cash flow,0.0,24.0,,41.06,4.0,Negative free cash flow,30.56,Avoid,"Above 50 DMA, Above 200 DMA, RSI recovering, Positive 1M return, Positive 3M return, Positive 6M return, Positive across 1M/3M/6M, 80.0% of closes stayed inside the range | Range width 37.8% | Currently 93.5% through the range"
IRFC,Financial Services,Credit Services,138.82,2.28,18.59,186.25,646.56,25.47,45.51,136.02,75.59,62388163.55,24018294.0,0.38,Bullish,52.0,"Above 50 DMA, Above 200 DMA, RSI recovering, Strong positive day move",-11.27,88.95,119.67,3.57,7.62,15.18,-14.84,81.33,104.49,70.0,"Strong 3M absolute return, Strong 6M absolute return, 3M Nifty outperformance, 6M Nifty outperformance",23.84,Profit Booking Zone,66.24,70.54,154.83,119.51,81.0,80.0% of closes stayed inside the range | Range width 119.5% | Currently 81.0% through the range,13.8,1.26,47.3,26.08,,,937.63,0.7,,162.64,418934.9,-28588.36,-28589.14,16.0765,12.0904,2.0307,3.3,0.33,115342.64,100.0,Financial Services,16.0,0.0,0.0,0.0,15.0,31.0,0.79,,"Very high debt, Negative operating cash flow, Negative free cash flow",6.0,37.0,High leverage is structural for this sector,40.8,20.0,"Low volume participation, Very high debt, Negative operating cash flow, Negative free cash flow",29.57,Avoid,"Above 50 DMA, Above 200 DMA, RSI recovering, Strong positive day move, Strong 3M absolute return, Strong 6M absolute return, 3M Nifty outperformance, 6M Nifty outperformance, 80.0% of closes stayed inside the range | Range width 119.5% | Currently 81.0% through the range"
OBEROIRLTY,Real Estate,Real Estate - Development,1360.09,1.71,774.64,1563.23,75.58,12.99,53.36,1375.32,1185.94,644819.95,285319.0,0.44,Bearish,50.0,"Above 200 DMA, Healthy RSI momentum, Near 52W high momentum, Positive day move",2.39,-5.7,22.57,3.57,7.62,15.18,-1.18,-13.32,7.39,18.0,"Positive 1M return, Positive 6M return",100.0,Neutral Range,74.27,1106.96,1468.51,32.66,70.01,80.0% of closes stayed inside the range | Range width 32.7% | Currently 70.0% through the range,15.6,10.23,49.64,45.63,,,32.3,3.79,1.19,188.15,3944.09,-2383.04,-2984.86,24.9018,16.8684,3.6517,45.0,0.324,65444.77,62.61,Cement / Realty,20.0,0.0,14.0,0.0,11.0,45.0,0.86,,"Negative operating cash flow, Negative free cash flow",2.0,47.0,General low-debt support,53.37,12.0,"Low volume participation, Negative operating cash flow, Negative free cash flow",29.46,Avoid,"Above 200 DMA, Healthy RSI momentum, Near 52W high momentum, Positive day move, Positive 1M return, Positive 6M return, 80.0% of closes stayed inside the range | Range width 32.7% | Currently 70.0% through the range"
RADICO,Consumer Defensive,Beverages - Wineries & Distilleries,1555.61,3.52,920.13,1874.93,69.06,17.03,39.98,1646.42,1394.13,173296.7,440075.0,2.54,Bearish,48.0,"Above 200 DMA, Weak but watchable RSI, Strong volume expansion, Strong positive day move",-10.25,-2.71,25.67,3.57,7.62,15.18,-13.82,-10.33,10.49,10.0,Positive 6M return,69.57,Neutral Range,72.99,1200.58,1690.8,40.83,72.42,80.0% of closes stayed inside the range | Range width 40.8% | Currently 72.4% through the range,9.98,5.92,9.12,7.1,,,34.13,1.7,1.05,122.07,753.64,238.65,-495.03,86.2115,56.8584,18.3055,15.0,0.244,60734.22,43.35,FMCG / Consumer,7.0,0.0,13.0,9.0,5.0,34.0,0.86,,"Negative free cash flow, Very high PE",3.0,37.0,"Low debt, typical of a healthy consumer business",39.98,4.0,Negative free cash flow,29.45,Avoid,"Above 200 DMA, Weak but watchable RSI, Strong volume expansion, Strong positive day move, Positive 6M return, 80.0% of closes stayed inside the range | Range width 40.8% | Currently 72.4% through the range"
IDEA,Communication Services,Telecom Services,14.25,1.06,5.7,18.4,150.0,22.55,44.6,15.24,11.38,455854712.9,179243860.0,0.39,Bearish,28.0,"Above 200 DMA, Weak but watchable RSI, Positive day move",-3.72,7.95,42.5,3.57,7.62,15.18,-7.29,0.33,27.32,45.0,"Positive 3M return, Strong 6M absolute return, 6M Nifty outperformance",35.71,Neutral Range,67.0,11.05,16.0,44.91,64.62,80.0% of closes stayed inside the range | Range width 44.9% | Currently 64.6% through the range,39.4,-14.14,-14.66,-69.53,,,-319.75,0.23,0.23,228.8,237766.0,18868.7,13246.5,3.6885,-8.9483,-4.0872,,0.436,146263.1,45.2,Telecom,8.0,0.0,9.0,17.0,8.0,42.0,0.79,Strong ROE,Negative net margin,4.0,46.0,"General quality ROE, General low-debt support",40.19,11.0,"Low volume participation, Negative net margin",29.38,Avoid,"Above 200 DMA, Weak but watchable RSI, Positive day move, Strong ROE, Positive 3M return, Strong 6M absolute return, 6M Nifty outperformance, 80.0% of closes stayed inside the range | Range width 44.9% | Currently 64.6% through the range"
360ONE,Financial Services,Asset Management,663.7,-2.36,373.47,770.26,77.71,13.83,45.93,657.21,536.19,528044.4,298672.0,0.57,Bullish,42.0,"Above 50 DMA, Above 200 DMA, RSI recovering",3.6,6.82,37.83,3.57,7.62,15.18,0.03,-0.8,22.65,63.0,"Positive 1M return, Positive 3M return, Strong 6M absolute return, 6M Nifty outperformance, Positive across 1M/3M/6M",31.4,Profit Booking Zone,74.2,496.44,689.02,38.79,86.85,80.0% of closes stayed inside the range | Range width 38.8% | Currently 86.9% through the range,21.07,5.88,50.67,39.94,,,217.21,0.93,,509.49,6781.24,-1322.51,-1395.5,38.533,28.3458,4.787,1.54,0.47,47239.83,72.87,Financial Services,20.0,0.0,0.0,0.0,8.0,28.0,0.79,Strong ROE,"Very high debt, Negative operating cash flow, Negative free cash flow",12.0,40.0,"High leverage is structural for this sector, Strong ROE for a leveraged-balance-sheet business",40.8,17.0,"Very high debt, Negative operating cash flow, Negative free cash flow",29.37,Avoid,"Above 50 DMA, Above 200 DMA, RSI recovering, Strong ROE, Positive 1M return, Positive 3M return, Strong 6M absolute return, 6M Nifty outperformance, Positive across 1M/3M/6M, 80.0% of closes stayed inside the range | Range width 38.8% | Currently 86.9% through the range"
ATGL,Utilities,Utilities - Regulated Gas,1008.21,0.33,521.49,3994.52,93.33,74.76,47.14,1023.63,761.82,3604284.6,3379167.0,0.94,Bearish,32.0,"Above 200 DMA, RSI recovering, Positive day move",-1.36,-12.89,59.57,3.57,7.62,15.18,-4.93,-20.51,44.39,35.0,"Strong 6M absolute return, 6M Nifty outperformance",82.35,Profit Booking Zone,64.17,542.1,1057.83,95.14,90.38,80.0% of closes stayed inside the range | Range width 95.1% | Currently 90.4% through the range,18.58,9.68,17.4,12.56,,,48.35,0.39,0.35,12.04,1422.09,852.85,-322.52,116.2588,,14.9289,4.0,0.606,72625.95,28.25,Energy / Utilities,18.0,0.0,7.0,9.0,2.0,36.0,0.86,Strong ROE,"Negative free cash flow, Very high PE",4.0,40.0,"General quality ROE, General low-debt support",48.28,9.0,"Far from 52W high, Negative free cash flow",28.99,Avoid,"Above 200 DMA, RSI recovering, Positive day move, Strong ROE, Strong 6M absolute return, 6M Nifty outperformance, 80.0% of closes stayed inside the range | Range width 95.1% | Currently 90.4% through the range"
BHARATFORG,Consumer Cyclical,Auto Parts,1161.28,-0.25,660.33,1307.29,75.86,11.17,50.46,1188.52,1027.44,1769143.05,557070.0,0.31,Bearish,45.0,"Above 200 DMA, Healthy RSI momentum, Near 52W high momentum",-7.86,1.47,8.86,3.57,7.62,15.18,-11.43,-6.15,-6.32,20.0,"Positive 3M return, Positive 6M return",59.18,Neutral Range,74.37,1035.38,1232.08,19.0,64.01,80.0% of closes stayed inside the range | Range width 19.0% | Currently 64.0% through the range,7.88,2.87,8.74,4.3,,,109.06,1.09,0.71,508.71,7313.24,1294.47,298.28,140.9275,43.1994,10.3879,41.0,0.54,99514.15,53.26,Automobile,0.0,0.0,4.0,17.0,5.0,26.0,0.86,,Very high PE,0.0,26.0,,43.25,3.0,Low volume participation,28.84,Avoid,"Above 200 DMA, Healthy RSI momentum, Near 52W high momentum, Positive 3M return, Positive 6M return, 80.0% of closes stayed inside the range | Range width 19.0% | Currently 64.0% through the range"
MARICO,Consumer Defensive,Household & Personal Products,504.52,1.77,445.44,572.8,13.27,11.92,46.14,512.39,522.88,1733037.3,1828309.0,1.05,Bearish,27.0,"RSI recovering, Near 52W low zone, Normal volume support, Positive day move",-0.24,-2.33,-9.26,3.57,7.62,15.18,-3.81,-9.95,-24.44,0.0,,95.65,Accumulation Zone,77.49,504.62,549.84,8.96,0.0,80.0% of closes stayed inside the range | Range width 9.0% | Currently 0.0% through the range,34.27,18.74,17.09,13.44,,,16.0,1.57,1.07,207.0,608.0,1419.0,1237.0,58.8033,43.8817,26.3637,47.0,0.184,110823.09,43.87,FMCG / Consumer,21.0,0.0,15.0,17.0,7.0,60.0,0.86,Strong ROE,,8.0,68.0,"Strong ROE for a consumer staples business, Low debt, typical of a healthy consumer business",39.98,8.0,Below 200 DMA,28.55,Avoid,"RSI recovering, Near 52W low zone, Normal volume support, Positive day move, Strong ROE, 80.0% of closes stayed inside the range | Range width 9.0% | Currently 0.0% through the range"
HONAUT,Industrials,Electrical Equipment & Parts,37654.04,0.82,34012.96,43920.46,10.7,14.27,49.84,37476.68,38800.84,5051.35,2240.0,0.44,Bullish,37.0,"Above 50 DMA, RSI recovering, Near 52W low zone, Positive day move",-1.83,3.81,-3.64,3.57,7.62,15.18,-5.4,-3.81,-18.82,10.0,Positive 3M return,81.93,Neutral Range,73.25,35710.31,39053.33,9.36,58.14,80.0% of closes stayed inside the range | Range width 9.4% | Currently 58.1% through the range,13.74,9.84,14.2,12.76,,,1.14,3.34,3.2,480.9,36.3,409.9,381.8,60.9754,45.3198,7.4533,29.0,0.513,33283.77,38.95,Capital Goods / Infra,16.0,0.0,20.0,17.0,5.0,58.0,0.86,Cash covers debt,,0.0,58.0,,49.07,11.0,"Below 200 DMA, Low volume participation",28.41,Avoid,"Above 50 DMA, RSI recovering, Near 52W low zone, Positive day move, Cash covers debt, Positive 3M return, 80.0% of closes stayed inside the range | Range width 9.4% | Currently 58.1% through the range"
NAUKRI,Communication Services,Internet Content & Information,1004.79,0.25,650.59,1094.94,54.44,8.23,43.4,1026.08,911.06,1334442.25,1674355.0,1.25,Bearish,33.0,"Above 200 DMA, Weak but watchable RSI, Normal volume support, Positive day move",-7.45,5.89,14.9,3.57,7.62,15.18,-11.02,-1.73,-0.28,20.0,"Positive 3M return, Positive 6M return",53.57,Profit Booking Zone,72.93,815.58,1049.53,28.69,80.88,80.0% of closes stayed inside the range | Range width 28.7% | Currently 80.9% through the range,-0.8,-0.64,21.59,-4.58,,,0.8,2.74,,361.3,107.65,512.42,453.95,54.3867,57.9013,2.2877,1.06,0.288,86732.07,56.39,Telecom,5.0,0.0,17.0,17.0,7.0,46.0,0.79,Cash covers debt,Negative net margin,2.0,48.0,General low-debt support,40.19,8.0,Negative net margin,28.08,Avoid,"Above 200 DMA, Weak but watchable RSI, Normal volume support, Positive day move, Cash covers debt, Positive 3M return, Positive 6M return, 80.0% of closes stayed inside the range | Range width 28.7% | Currently 80.9% through the range"
LTM,Technology,Information Technology Services,4929.36,-0.8,3901.62,6116.12,26.34,19.4,30.4,5440.25,5122.58,385270.45,461048.0,1.2,Bearish,13.0,"Weak but watchable RSI, Normal volume support",-5.5,-7.98,-4.16,3.57,7.62,15.18,-9.07,-15.6,-19.34,0.0,,95.59,Accumulation Zone,73.04,4956.03,5898.92,19.03,0.0,80.0% of closes stayed inside the range | Range width 19.0% | Currently 0.0% through the range,26.57,18.76,16.27,13.28,,,9.29,3.13,3.13,2321.6,1541.2,3094.6,2155.3,27.0482,20.7158,5.7545,1.55,0.261,141177.8,29.77,IT / Technology,21.0,0.0,20.0,17.0,10.0,68.0,0.86,"Strong ROE, Cash covers debt",,5.0,73.0,Strong ROE for an asset-light business,45.97,8.0,Below 200 DMA,27.7,Avoid,"Weak but watchable RSI, Normal volume support, Strong ROE, Cash covers debt, 80.0% of closes stayed inside the range | Range width 19.0% | Currently 0.0% through the range"
DIVISLAB,Healthcare,Drug Manufacturers - Specialty & Generic,3548.77,1.61,2668.41,4014.63,32.99,11.6,47.91,3673.23,3591.28,521975.85,624261.0,1.2,Bearish,22.0,"RSI recovering, Normal volume support, Positive day move",-2.25,-3.55,-0.76,3.57,7.62,15.18,-5.82,-11.17,-15.94,0.0,,98.81,Accumulation Zone,71.81,3437.2,3829.09,11.4,28.47,80.0% of closes stayed inside the range | Range width 11.4% | Currently 28.5% through the range,14.29,12.63,26.44,23.8,,,0.03,8.46,5.73,170.0,4.0,2459.0,1986.0,88.4956,57.207,13.6211,35.0,0.22,228302.97,61.24,Pharma / Healthcare,21.0,0.0,20.0,17.0,5.0,63.0,0.86,Cash covers debt,Very high PE,2.0,65.0,General low-debt support,47.16,8.0,Below 200 DMA,27.32,Avoid,"RSI recovering, Normal volume support, Positive day move, Cash covers debt, 80.0% of closes stayed inside the range | Range width 11.4% | Currently 28.5% through the range"
SCHAEFFLER,Consumer Cyclical,Auto Parts,2784.35,0.16,2474.05,3843.25,12.54,27.55,35.61,3008.84,2984.33,69668.5,36500.0,0.52,Bearish,18.0,"Weak but watchable RSI, Near 52W low zone, Positive day move",-5.44,-5.72,-12.11,3.57,7.62,15.18,-9.01,-13.34,-27.29,0.0,,94.9,Accumulation Zone,71.73,2702.83,3191.54,18.08,16.68,80.0% of closes stayed inside the range | Range width 18.1% | Currently 16.7% through the range,18.71,14.35,15.47,12.61,5.79,2.25,1.06,2.92,1.99,69.71,51.1,884.46,364.36,51.4953,40.9915,10.512,84.0,0.118,64487.76,38.41,Automobile,19.0,2.0,20.0,17.0,7.0,65.0,1.0,"Strong ROE, Cash covers debt",,4.0,69.0,"General quality ROE, General low-debt support",43.25,8.0,Below 200 DMA,27.14,Avoid,"Weak but watchable RSI, Near 52W low zone, Positive day move, Strong ROE, Cash covers debt, 80.0% of closes stayed inside the range | Range width 18.1% | Currently 16.7% through the range"
HDFCBANK,Financial Services,Banks - Regional,692.35,0.24,646.11,841.43,7.16,17.72,50.14,721.85,753.25,43247074.3,49348046.0,1.14,Bearish,38.0,"Healthy RSI momentum, Near 52W low with stable RSI, Normal volume support, Positive day move",3.07,-11.31,-8.74,3.57,7.62,15.18,-0.5,-18.93,-23.92,8.0,Positive 1M return,81.98,Accumulation Zone,76.97,680.12,800.04,17.63,10.2,80.0% of closes stayed inside the range | Range width 17.6% | Currently 10.2% through the range,17.01,1.92,,41.1,,,108.23,,,236392.02,315179.28,47720.06,43358.03,15.924,11.6454,1.8511,1.78,0.414,1123335.9,0.0,Banking,10.0,0.0,2.0,17.0,14.0,43.0,0.64,,,6.0,49.0,Strong ROE for a leveraged-balance-sheet business,40.8,8.0,Below 200 DMA,26.77,Avoid,"Healthy RSI momentum, Near 52W low with stable RSI, Normal volume support, Positive day move, Positive 1M return, 80.0% of closes stayed inside the range | Range width 17.6% | Currently 10.2% through the range"
ASIANPAINT,Basic Materials,Specialty Chemicals,2783.7,1.53,2582.85,3454.02,7.78,19.41,39.88,2979.0,3089.34,1375450.7,1564364.0,1.14,Bearish,26.0,"Weak but watchable RSI, Near 52W low with stable RSI, Normal volume support, Positive day move",-2.02,-11.72,-11.13,3.57,7.62,15.18,-5.59,-19.34,-26.31,0.0,,87.72,Accumulation Zone,76.63,2840.95,3218.5,13.29,0.0,80.0% of closes stayed inside the range | Range width 13.3% | Currently 0.0% through the range,25.68,15.92,15.95,11.94,,,12.08,2.09,1.31,523.1,1932.62,4193.43,2747.82,55.0311,45.2244,12.2976,1.01,0.289,262668.52,43.53,Chemicals,19.0,0.0,16.0,17.0,6.0,58.0,0.86,Strong ROE,,4.0,62.0,"General quality ROE, General low-debt support",41.06,8.0,Below 200 DMA,26.36,Avoid,"Weak but watchable RSI, Near 52W low with stable RSI, Normal volume support, Positive day move, Strong ROE, 80.0% of closes stayed inside the range | Range width 13.3% | Currently 0.0% through the range"
GODREJIND,Industrials,Conglomerates,817.25,2.55,395.0,911.95,106.9,10.38,52.07,821.64,628.34,192880.75,144996.0,0.75,Bearish,55.0,"Above 200 DMA, Healthy RSI momentum, Near 52W high momentum, Strong positive day move",-3.86,22.35,50.06,3.57,7.62,15.18,-7.43,14.73,34.88,70.0,"Strong 3M absolute return, Strong 6M absolute return, 3M Nifty outperformance, 6M Nifty outperformance",39.16,Profit Booking Zone,76.25,579.91,845.54,45.81,89.35,80.0% of closes stayed inside the range | Range width 45.8% | Currently 89.4% through the range,12.21,2.22,7.47,5.83,,,246.01,1.18,0.54,1576.96,19642.42,-4409.38,-5237.06,33.4833,,3.7223,,0.635,41607.84,40.36,Capital Goods / Infra,4.0,0.0,2.0,0.0,6.0,12.0,0.79,,"Very high debt, Negative operating cash flow, Negative free cash flow",0.0,12.0,,49.07,17.0,"Very high debt, Negative operating cash flow, Negative free cash flow",25.81,Avoid,"Above 200 DMA, Healthy RSI momentum, Near 52W high momentum, Strong positive day move, Strong 3M absolute return, Strong 6M absolute return, 3M Nifty outperformance, 6M Nifty outperformance, 80.0% of closes stayed inside the range | Range width 45.8% | Currently 89.4% through the range"
UNOMINDA,Consumer Cyclical,Auto Parts,646.81,2.43,431.26,720.96,49.98,10.29,48.76,666.84,613.76,807459.45,588957.0,0.73,Bearish,37.0,"Above 200 DMA, RSI recovering, Strong positive day move",-0.3,-2.56,6.27,3.57,7.62,15.18,-3.87,-10.18,-8.91,10.0,Positive 6M return,75.51,Neutral Range,72.43,590.4,685.43,16.1,59.36,80.0% of closes stayed inside the range | Range width 16.1% | Currently 59.4% through the range,15.73,7.87,7.4,5.9,,,33.57,1.39,0.87,121.36,1395.3,802.64,-171.87,59.307,38.9381,10.4196,21.0,0.289,71167.06,34.04,Automobile,6.0,0.0,9.0,9.0,7.0,31.0,0.86,,Negative free cash flow,2.0,33.0,General low-debt support,43.25,4.0,Negative free cash flow,25.79,Avoid,"Above 200 DMA, RSI recovering, Strong positive day move, Positive 6M return, 80.0% of closes stayed inside the range | Range width 16.1% | Currently 59.4% through the range"
LTF,Financial Services,Credit Services,155.46,1.63,68.12,171.98,128.2,9.61,41.52,162.01,134.0,4331295.3,7600890.0,1.75,Bearish,38.0,"Above 200 DMA, Weak but watchable RSI, Volume expansion, Positive day move",-6.42,4.52,24.89,3.57,7.62,15.18,-9.99,-3.1,9.71,20.0,"Positive 3M return, Positive 6M return",60.47,Profit Booking Zone,72.79,124.64,164.89,32.3,76.57,80.0% of closes stayed inside the range | Range width 32.3% | Currently 76.6% through the range,7.54,1.53,,24.89,,,386.03,,,8904.07,83104.9,6718.25,6590.33,25.0158,16.2301,2.83,87.0,0.64,79491.77,99.53,Financial Services,6.0,0.0,0.0,17.0,13.0,36.0,0.64,,Very high debt,1.0,37.0,"High leverage is structural for this sector, Weak ROE for a leveraged-balance-sheet business",40.8,8.0,Very high debt,25.57,Avoid,"Above 200 DMA, Weak but watchable RSI, Volume expansion, Positive day move, Positive 3M return, Positive 6M return, 80.0% of closes stayed inside the range | Range width 32.3% | Currently 76.6% through the range"
GRASIM,Basic Materials,Building Materials,2204.66,-0.38,1496.78,2236.22,47.29,1.41,59.89,2104.27,1904.11,1079199.2,519779.0,0.48,Bullish,60.0,"Above 50 DMA, Above 200 DMA, Healthy RSI momentum, Near 52W high momentum",8.3,7.46,21.5,3.57,7.62,15.18,4.73,-0.16,6.32,38.0,"Positive 1M return, Positive 3M return, Positive 6M return, Positive across 1M/3M/6M",43.86,Profit Booking Zone,83.46,1874.78,2163.09,15.38,100.0,80.0% of closes stayed inside the range | Range width 15.4% | Currently 100.0% through the range,8.67,2.02,10.53,5.86,,,130.84,0.97,0.81,2312.56,103027.37,-12685.14,-24721.3,45.2565,22.5144,2.1683,30.0,0.355,224352.46,55.8,Cement / Realty,5.0,0.0,2.0,0.0,11.0,18.0,0.86,,"Negative operating cash flow, Negative free cash flow",0.0,18.0,,41.06,12.0,"Low volume participation, Negative operating cash flow, Negative free cash flow",24.96,Avoid,"Above 50 DMA, Above 200 DMA, Healthy RSI momentum, Near 52W high momentum, Positive 1M return, Positive 3M return, Positive 6M return, Positive across 1M/3M/6M, 80.0% of closes stayed inside the range | Range width 15.4% | Currently 100.0% through the range"
HDFCLIFE,Financial Services,Insurance - Life,615.94,1.3,451.88,703.73,36.3,12.48,64.0,598.44,622.61,3664786.3,3682063.0,1.0,Bullish,55.0,"Above 50 DMA, Healthy RSI momentum, Near 52W high momentum, Normal volume support, Positive day move",5.11,-8.31,-2.83,3.57,7.62,15.18,1.54,-15.93,-18.01,8.0,Positive 1M return,81.98,Lower Range Watch,75.7,575.89,666.02,15.65,44.43,80.0% of closes stayed inside the range | Range width 15.7% | Currently 44.4% through the range,10.53,0.55,1.99,1.95,,,7.31,,,1903.63,950.0,,6795.59,58.4967,44.8408,5.9286,39.0,0.502,116632.92,10.2,Financial Services,2.0,0.0,12.0,8.0,9.0,31.0,0.64,Cash covers debt,,-4.0,27.0,Expensive relative to book value for this sector,40.8,8.0,Below 200 DMA,23.32,Avoid,"Above 50 DMA, Healthy RSI momentum, Near 52W high momentum, Normal volume support, Positive day move, Cash covers debt, Positive 1M return, 80.0% of closes stayed inside the range | Range width 15.7% | Currently 44.4% through the range"
BSE,Financial Services,Financial Data & Stock Exchanges,739.56,-2.4,131.96,856.6,460.42,13.66,43.4,758.45,504.16,1634305.95,1550508.0,0.95,Bearish,23.0,"Above 200 DMA, Weak but watchable RSI",-10.67,-8.94,88.84,3.57,7.62,15.18,-14.24,-16.56,73.66,35.0,"Strong 6M absolute return, 6M Nifty outperformance",53.49,Profit Booking Zone,62.09,427.83,806.21,88.44,82.39,80.0% of closes stayed inside the range | Range width 88.4% | Currently 82.4% through the range,8.17,3.68,18.24,27.06,,,0.0,1.61,,13.83,0.02,-137.11,-280.53,51.2199,37.9807,18.1646,28.0,0.471,143241.73,99.59,Financial Services,13.0,0.0,16.0,0.0,7.0,36.0,0.79,Cash covers debt,"Negative operating cash flow, Negative free cash flow",-4.0,32.0,Expensive relative to book value for this sector,40.8,9.0,"Negative operating cash flow, Negative free cash flow",22.82,Avoid,"Above 200 DMA, Weak but watchable RSI, Cash covers debt, Strong 6M absolute return, 6M Nifty outperformance, 80.0% of closes stayed inside the range | Range width 88.4% | Currently 82.4% through the range"
SUPREMEIND,Industrials,Building Products & Equipment,3812.58,-1.82,1762.06,4776.54,116.37,20.18,41.44,4057.54,3859.62,143116.3,113516.0,0.79,Bearish,8.0,Weak but watchable RSI,-5.23,-13.96,-9.87,3.57,7.62,15.18,-8.8,-21.58,-25.05,0.0,,93.37,Accumulation Zone,72.64,3874.77,4445.11,14.72,0.0,80.0% of closes stayed inside the range | Range width 14.7% | Currently 0.0% through the range,19.66,15.2,10.41,9.47,,,1.16,2.53,1.31,737.96,51.17,890.34,466.01,42.4997,33.2494,7.1243,1.05,0.182,43969.03,32.69,Capital Goods / Infra,17.0,0.0,19.0,17.0,6.0,59.0,0.86,"Strong ROE, Cash covers debt",,0.0,59.0,,49.07,8.0,Below 200 DMA,22.01,Avoid,"Weak but watchable RSI, Strong ROE, Cash covers debt, 80.0% of closes stayed inside the range | Range width 14.7% | Currently 0.0% through the range"
DELHIVERY,Industrials,Integrated Freight & Logistics,459.05,-0.04,291.0,608.7,57.75,24.59,52.96,433.21,409.21,3017321.6,1379359.0,0.46,Bullish,50.0,"Above 50 DMA, Above 200 DMA, Healthy RSI momentum",0.51,18.69,2.94,3.57,7.62,15.18,-3.06,11.07,-12.24,53.0,"Positive 1M return, Positive 3M return, Positive 6M return, 3M Nifty outperformance, Positive across 1M/3M/6M",55.42,Profit Booking Zone,79.68,384.34,463.75,20.66,94.08,80.0% of closes stayed inside the range | Range width 20.7% | Currently 94.1% through the range,-10.98,-8.99,-17.36,-13.95,,,10.06,5.33,5.32,295.45,923.44,-29.7,-630.25,385.4508,42.6924,3.6232,,0.174,35229.57,84.92,Capital Goods / Infra,0.0,0.0,17.0,0.0,5.0,22.0,0.79,,"Negative net margin, Negative operating cash flow, Negative free cash flow, Very high PE",0.0,22.0,,49.07,20.0,"Low volume participation, Negative net margin, Negative operating cash flow, Negative free cash flow",20.81,Avoid,"Above 50 DMA, Above 200 DMA, Healthy RSI momentum, Positive 1M return, Positive 3M return, Positive 6M return, 3M Nifty outperformance, Positive across 1M/3M/6M, 80.0% of closes stayed inside the range | Range width 20.7% | Currently 94.1% through the range"
WELCORP,Basic Materials,Steel,538.2,1.84,171.25,612.91,214.28,12.19,49.05,550.04,413.5,714459.2,344537.0,0.48,Bearish,32.0,"Above 200 DMA, RSI recovering, Positive day move",-5.14,2.77,63.24,3.57,7.62,15.18,-8.71,-4.85,48.06,45.0,"Positive 3M return, Strong 6M absolute return, 6M Nifty outperformance",37.72,Profit Booking Zone,70.3,386.39,568.68,47.18,83.28,80.0% of closes stayed inside the range | Range width 47.2% | Currently 83.3% through the range,4.37,1.35,2.37,2.18,,,70.69,1.18,0.49,1016.34,3345.09,-185.13,-1379.31,21.3148,18.9284,5.3809,27.0,0.473,49249.35,38.4,Metals / Mining,0.0,0.0,6.0,0.0,11.0,17.0,0.86,,"Negative operating cash flow, Negative free cash flow",2.0,19.0,General low-debt support,41.06,12.0,"Low volume participation, Negative operating cash flow, Negative free cash flow",20.06,Avoid,"Above 200 DMA, RSI recovering, Positive day move, Positive 3M return, Strong 6M absolute return, 6M Nifty outperformance, 80.0% of closes stayed inside the range | Range width 47.2% | Currently 83.3% through the range"
AUBANK,Financial Services,Banks - Regional,569.09,0.79,545.21,810.33,4.38,29.77,33.73,666.17,715.8,3257740.0,2332771.0,0.72,Bearish,21.0,"Weak but watchable RSI, Near 52W low with stable RSI, Positive day move",-4.09,-23.93,-20.29,3.57,7.62,15.18,-7.66,-31.55,-35.47,0.0,,92.44,Accumulation Zone,72.97,588.48,769.17,30.7,0.0,80.0% of closes stayed inside the range | Range width 30.7% | Currently 0.0% through the range,13.01,1.58,,26.15,,,57.38,,,9478.11,6298.65,5493.64,5187.7,28.9496,17.9736,4.084,9.0,,81746.32,0.0,Banking,10.0,0.0,7.0,17.0,11.0,45.0,0.64,Cash covers debt,,0.0,45.0,,40.8,8.0,Below 200 DMA,19.12,Avoid,"Weak but watchable RSI, Near 52W low with stable RSI, Positive day move, Cash covers debt, 80.0% of closes stayed inside the range | Range width 30.7% | Currently 0.0% through the range"
LLOYDSME,Basic Materials,Steel,591.42,1.72,490.69,684.87,20.53,13.64,54.26,577.43,,325339.05,312199.0,0.96,Bullish,55.0,"Above 50 DMA, Healthy RSI momentum, Near 52W high momentum, Near 52W low zone, Positive day move",4.19,-1.72,5.68,3.57,7.62,15.18,0.62,-9.34,-9.5,18.0,"Positive 1M return, Positive 6M return",61.4,Profit Booking Zone,79.81,524.4,605.38,15.44,82.76,80.0% of closes stayed inside the range | Range width 15.4% | Currently 82.8% through the range,-18.87,-14.24,25.18,-8.63,,,4.3,1.95,1.38,27.29,65.77,-516.44,-904.79,22.1189,12.3348,7.6829,5.0,,106531.99,54.65,Metals / Mining,6.0,0.0,15.0,0.0,9.0,30.0,0.86,,"Negative net margin, Negative operating cash flow, Negative free cash flow",2.0,32.0,General low-debt support,41.06,17.0,"Negative net margin, Negative operating cash flow, Negative free cash flow",18.61,Avoid,"Above 50 DMA, Healthy RSI momentum, Near 52W high momentum, Near 52W low zone, Positive day move, Positive 1M return, Positive 6M return, 80.0% of closes stayed inside the range | Range width 15.4% | Currently 82.8% through the range"
POONAWALLA,Financial Services,Credit Services,432.7,-2.19,240.66,517.51,79.8,16.39,35.14,468.72,401.88,1353778.15,2481071.0,1.83,Bearish,33.0,"Above 200 DMA, Weak but watchable RSI, Volume expansion",-11.44,3.13,7.96,3.57,7.62,15.18,-15.01,-4.49,-7.22,20.0,"Positive 3M return, Positive 6M return",60.47,Neutral Range,68.99,360.22,481.72,33.73,59.65,80.0% of closes stayed inside the range | Range width 33.7% | Currently 59.7% through the range,9.97,2.95,28.02,36.54,,,163.37,1.35,,601.38,11209.16,-5063.87,-5144.89,50.6911,19.7165,3.7798,,0.318,42391.77,99.87,Financial Services,14.0,0.0,2.0,0.0,7.0,23.0,0.71,,"Negative operating cash flow, Negative free cash flow",0.0,23.0,,40.8,9.0,"Negative operating cash flow, Negative free cash flow",18.42,Avoid,"Above 200 DMA, Weak but watchable RSI, Volume expansion, Positive 3M return, Positive 6M return, 80.0% of closes stayed inside the range | Range width 33.7% | Currently 59.7% through the range"
RBLBANK,Financial Services,Banks - Regional,252.66,1.17,95.02,296.89,165.91,14.9,45.72,264.61,228.98,9494332.35,14427993.0,1.52,Bearish,42.0,"Above 200 DMA, RSI recovering, Volume expansion, Positive day move",0.18,-0.1,9.1,3.57,7.62,15.18,-3.39,-7.72,-6.08,18.0,"Positive 1M return, Positive 6M return",68.02,Neutral Range,71.04,226.16,280.05,23.83,49.17,80.0% of closes stayed inside the range | Range width 23.8% | Currently 49.2% through the range,6.8,0.79,,12.36,,,88.62,,,8527.19,11986.46,-11031.25,-11275.58,32.1617,19.5915,1.4386,33.0,0.642,60423.22,0.0,Banking,5.0,0.0,4.0,0.0,13.0,22.0,0.64,,"Negative operating cash flow, Negative free cash flow",-5.0,17.0,Weak ROE for a leveraged-balance-sheet business,40.8,9.0,"Negative operating cash flow, Negative free cash flow",18.07,Avoid,"Above 200 DMA, RSI recovering, Volume expansion, Positive day move, Positive 1M return, Positive 6M return, 80.0% of closes stayed inside the range | Range width 23.8% | Currently 49.2% through the range"
MUTHOOTFIN,Financial Services,Credit Services,1329.75,-1.12,861.43,1484.44,54.37,10.42,53.99,1348.33,1265.54,1016004.65,567344.0,0.56,Bearish,45.0,"Above 200 DMA, Healthy RSI momentum, Near 52W high momentum",1.28,-5.06,7.75,3.57,7.62,15.18,-2.29,-12.68,-7.43,18.0,"Positive 1M return, Positive 6M return",68.02,Neutral Range,73.32,1207.15,1425.58,18.09,56.13,80.0% of closes stayed inside the range | Range width 18.1% | Currently 56.1% through the range,16.67,4.51,,46.85,,,256.19,,,8073.79,55506.13,-2804.07,-2945.21,10.2879,9.0103,2.951,1.03,0.529,115474.38,100.0,Financial Services,10.0,0.0,0.0,0.0,14.0,24.0,0.64,,"Very high debt, Negative operating cash flow, Negative free cash flow",12.0,36.0,"High leverage is structural for this sector, Strong ROE for a leveraged-balance-sheet business",40.8,17.0,"Very high debt, Negative operating cash flow, Negative free cash flow",17.47,Avoid,"Above 200 DMA, Healthy RSI momentum, Near 52W high momentum, Positive 1M return, Positive 6M return, 80.0% of closes stayed inside the range | Range width 18.1% | Currently 56.1% through the range"
YESBANK,Financial Services,Banks - Regional,23.85,1.06,14.4,32.85,65.63,27.4,42.45,25.14,19.48,332137269.85,172310156.0,0.52,Bearish,28.0,"Above 200 DMA, Weak but watchable RSI, Positive day move",-20.5,18.95,28.23,3.57,7.62,15.18,-24.07,11.33,13.05,35.0,"Positive 3M return, Positive 6M return, 3M Nifty outperformance",53.49,Profit Booking Zone,68.2,17.03,25.7,50.9,78.6,80.0% of closes stayed inside the range | Range width 50.9% | Currently 78.6% through the range,1.81,0.21,,7.85,,,174.41,,,50265.57,71016.98,-25816.26,-26607.85,19.15,12.6515,1.4297,,0.485,72129.13,0.0,Banking,3.0,0.0,0.0,0.0,13.0,16.0,0.57,,"Negative operating cash flow, Negative free cash flow",-5.0,11.0,Weak ROE for a leveraged-balance-sheet business,40.8,9.0,"Negative operating cash flow, Negative free cash flow",16.72,Avoid,"Above 200 DMA, Weak but watchable RSI, Positive day move, Positive 3M return, Positive 6M return, 3M Nifty outperformance, 80.0% of closes stayed inside the range | Range width 50.9% | Currently 78.6% through the range"
ADANIENSOL,Utilities,Utilities - Independent Power Producers,1069.6,0.01,631.5,4236.75,69.37,74.75,49.3,1083.57,895.31,2917565.85,2691523.0,0.92,Bearish,32.0,"Above 200 DMA, RSI recovering, Positive day move",1.88,-10.77,30.82,3.57,7.62,15.18,-1.69,-18.39,15.64,43.0,"Positive 1M return, Strong 6M absolute return, 6M Nifty outperformance",76.47,Profit Booking Zone,69.81,752.05,1132.7,50.62,83.42,80.0% of closes stayed inside the range | Range width 50.6% | Currently 83.4% through the range,10.69,2.33,22.48,9.62,,,291.68,0.99,0.97,190.64,34270.03,3776.99,-925.22,66.6528,44.2264,7.5542,,0.679,195550.42,43.66,Energy / Utilities,10.0,0.0,0.0,9.0,3.0,22.0,0.79,,"Very high debt, Negative free cash flow",0.0,22.0,,48.28,17.0,"Far from 52W high, Very high debt, Negative free cash flow",16.69,Avoid,"Above 200 DMA, RSI recovering, Positive day move, Positive 1M return, Strong 6M absolute return, 6M Nifty outperformance, 80.0% of closes stayed inside the range | Range width 50.6% | Currently 83.4% through the range"
ABCAPITAL,Financial Services,Financial Conglomerates,182.1,0.64,106.65,199.3,70.75,8.63,49.21,177.86,178.11,6261663.2,5164212.0,0.82,Bullish,47.0,"Above 50 DMA, Above 200 DMA, RSI recovering, Positive day move",-2.59,9.3,-4.36,3.57,7.62,15.18,-6.16,1.68,-19.54,10.0,Positive 3M return,75.58,Profit Booking Zone,79.42,165.59,184.51,11.43,87.29,80.0% of closes stayed inside the range | Range width 11.4% | Currently 87.3% through the range,23.61,2.65,36.28,16.78,,,417.15,,,1730.79,84726.3,-24028.59,-24274.17,26.3092,16.2013,3.1273,,0.687,112442.53,28.11,Financial Services,17.0,0.0,0.0,0.0,9.0,26.0,0.64,Strong ROE,"Very high debt, Negative operating cash flow, Negative free cash flow",12.0,38.0,"High leverage is structural for this sector, Strong ROE for a leveraged-balance-sheet business",40.8,17.0,"Very high debt, Negative operating cash flow, Negative free cash flow",16.67,Avoid,"Above 50 DMA, Above 200 DMA, RSI recovering, Positive day move, Strong ROE, Positive 3M return, 80.0% of closes stayed inside the range | Range width 11.4% | Currently 87.3% through the range"
PATANJALI,Consumer Defensive,Packaged Foods,500.41,-0.1,278.5,561.81,79.68,10.93,41.31,522.73,446.27,1626379.95,466332.0,0.29,Bearish,23.0,"Above 200 DMA, Weak but watchable RSI",-8.29,-4.5,22.43,3.57,7.62,15.18,-11.86,-12.12,7.25,10.0,Positive 6M return,69.57,Neutral Range,69.34,417.55,535.15,28.17,70.46,80.0% of closes stayed inside the range | Range width 28.2% | Currently 70.5% through the range,9.0,6.69,3.73,2.84,,,14.77,2.44,1.17,803.1,1454.4,-339.34,-437.9,21.1645,19.163,2.9269,99.0,-0.175,38358.64,13.03,FMCG / Consumer,4.0,0.0,16.0,0.0,13.0,33.0,0.86,,"Negative operating cash flow, Negative free cash flow",3.0,36.0,"Low debt, typical of a healthy consumer business",39.98,12.0,"Low volume participation, Negative operating cash flow, Negative free cash flow",14.85,Avoid,"Above 200 DMA, Weak but watchable RSI, Positive 6M return, 80.0% of closes stayed inside the range | Range width 28.2% | Currently 70.5% through the range"
UBL,Consumer Defensive,Beverages - Brewers,1670.39,-0.86,1324.03,1875.48,26.16,10.94,43.35,1747.07,1586.14,151739.15,83909.0,0.55,Bearish,23.0,"Above 200 DMA, Weak but watchable RSI",-3.23,-1.49,8.99,3.57,7.62,15.18,-6.8,-9.11,-6.19,10.0,Positive 6M return,69.57,Neutral Range,68.21,1540.7,1793.9,16.43,51.22,80.0% of closes stayed inside the range | Range width 16.4% | Currently 51.2% through the range,7.67,4.84,5.53,4.15,,,0.39,1.62,0.99,329.86,15.62,-119.57,-275.85,92.6769,49.7287,8.1161,71.0,-0.03,36707.37,42.07,FMCG / Consumer,0.0,0.0,16.0,0.0,5.0,21.0,0.86,Cash covers debt,"Negative operating cash flow, Negative free cash flow, Very high PE",3.0,24.0,"Low debt, typical of a healthy consumer business",39.98,9.0,"Negative operating cash flow, Negative free cash flow",13.65,Avoid,"Above 200 DMA, Weak but watchable RSI, Cash covers debt, Positive 6M return, 80.0% of closes stayed inside the range | Range width 16.4% | Currently 51.2% through the range"
BAJAJFINSV,Financial Services,Financial Conglomerates,1579.68,1.81,1211.97,1839.4,30.34,14.12,47.0,1616.38,1576.21,1081639.95,1380840.0,1.28,Bearish,37.0,"Above 200 DMA, RSI recovering, Normal volume support, Positive day move",0.78,-7.12,4.81,3.57,7.62,15.18,-2.79,-14.74,-10.37,18.0,"Positive 1M return, Positive 6M return",68.02,Accumulation Zone,76.46,1550.24,1692.92,9.2,20.64,80.0% of closes stayed inside the range | Range width 9.2% | Currently 20.6% through the range,13.83,1.58,39.29,8.69,,,361.15,,,2593.62,167599.41,-39479.54,-40700.03,31.9699,21.4331,4.1459,6.0,0.374,323329.46,51.48,Financial Services,13.0,0.0,0.0,0.0,11.0,24.0,0.71,,"Very high debt, Negative operating cash flow, Negative free cash flow",6.0,30.0,High leverage is structural for this sector,40.8,17.0,"Very high debt, Negative operating cash flow, Negative free cash flow",13.37,Avoid,"Above 200 DMA, RSI recovering, Normal volume support, Positive day move, Positive 1M return, Positive 6M return, 80.0% of closes stayed inside the range | Range width 9.2% | Currently 20.6% through the range"
HINDPETRO,Energy,Oil & Gas Refining & Marketing,302.13,-1.68,115.53,353.4,161.51,14.51,49.75,282.24,193.42,13916565.05,6370131.0,0.46,Bullish,42.0,"Above 50 DMA, Above 200 DMA, RSI recovering",-3.17,36.56,106.74,3.57,7.62,15.18,-6.74,28.94,91.56,70.0,"Strong 3M absolute return, Strong 6M absolute return, 3M Nifty outperformance, 6M Nifty outperformance",64.29,Profit Booking Zone,66.1,145.66,311.99,114.19,94.07,80.0% of closes stayed inside the range | Range width 114.2% | Currently 94.1% through the range,-21.64,-4.31,-2.47,-1.61,,,219.04,0.6,0.2,518.48,70671.02,-3466.31,-12913.02,49.6183,6.9656,1.2661,6.2,0.912,82985.08,6.47,Energy / Utilities,0.0,0.0,0.0,0.0,11.0,11.0,0.86,,"Negative net margin, Very high debt, Negative operating cash flow, Negative free cash flow",0.0,11.0,,60.1,28.0,"Low volume participation, Very high debt, Negative net margin, Negative operating cash flow, Negative free cash flow",12.87,Avoid,"Above 50 DMA, Above 200 DMA, RSI recovering, Strong 3M absolute return, Strong 6M absolute return, 3M Nifty outperformance, 6M Nifty outperformance, 80.0% of closes stayed inside the range | Range width 114.2% | Currently 94.1% through the range"
SHREECEM,Basic Materials,Building Materials,24432.21,-0.2,19811.99,30343.18,23.32,19.48,31.38,26759.17,25575.96,28781.3,73323.0,2.55,Bearish,28.0,"Weak but watchable RSI, Near 52W low zone, Strong volume expansion",-9.73,-11.67,-3.59,3.57,7.62,15.18,-13.3,-19.29,-18.77,0.0,,87.72,Breakdown Risk,35.0,25322.08,28103.67,10.98,0.0,80.0% of closes stayed inside the range | Range width 11.0% | Currently 0.0% through the range | Below lower band on elevated volume,6.82,4.83,7.43,7.29,,,14.62,1.33,0.92,46.17,2724.67,2568.74,-745.71,56.6297,37.086,10.0126,55.0,,92258.47,73.54,Cement / Realty,3.0,0.0,11.0,9.0,7.0,30.0,0.86,,Negative free cash flow,2.0,32.0,General low-debt support,41.06,12.0,"Below 200 DMA, Negative free cash flow",12.36,Avoid,"Weak but watchable RSI, Near 52W low zone, Strong volume expansion, 80.0% of closes stayed inside the range | Range width 11.0% | Currently 0.0% through the range | Below lower band on elevated volume"
NAVINFLUOR,Basic Materials,Chemicals,3038.29,1.13,2967.94,4896.83,2.37,37.95,38.29,3320.15,3944.4,176435.65,295715.0,1.68,Bearish,31.0,"Weak but watchable RSI, Near 52W low with stable RSI, Volume expansion, Positive day move",-0.44,-19.39,-32.7,3.57,7.62,15.18,-4.01,-27.01,-47.88,0.0,,87.72,Accumulation Zone,75.69,3081.62,3900.8,26.58,0.0,80.0% of closes stayed inside the range | Range width 26.6% | Currently 0.0% through the range,17.17,10.63,23.65,18.17,,,39.41,2.66,1.76,14.47,861.15,-63.59,-821.3,54.2102,41.8624,10.7744,19.0,0.239,42868.86,56.75,Chemicals,19.0,0.0,15.0,0.0,7.0,41.0,0.86,,"Negative operating cash flow, Negative free cash flow",2.0,43.0,General low-debt support,41.06,17.0,"Below 200 DMA, Negative operating cash flow, Negative free cash flow",11.96,Avoid,"Weak but watchable RSI, Near 52W low with stable RSI, Volume expansion, Positive day move, 80.0% of closes stayed inside the range | Range width 26.6% | Currently 0.0% through the range"
NYKAA,Consumer Cyclical,Internet Retail,156.6,0.16,114.25,235.8,37.07,33.59,48.62,163.61,151.5,5505311.35,2636640.0,0.48,Bearish,32.0,"Above 200 DMA, RSI recovering, Positive day move",3.2,-9.58,16.26,3.57,7.62,15.18,-0.37,-17.2,1.08,18.0,"Positive 1M return, Positive 6M return",67.35,Lower Range Watch,70.38,143.9,173.64,20.66,42.7,80.0% of closes stayed inside the range | Range width 20.7% | Currently 42.7% through the range,1.4,0.65,1.64,0.38,,,57.95,1.59,0.75,41.38,798.49,-140.24,-348.4,360.4945,111.7595,65.3226,,0.351,93989.27,45.35,Consumer Discretionary,0.0,0.0,8.0,0.0,3.0,11.0,0.79,,"Negative operating cash flow, Negative free cash flow, Very high PE",2.0,13.0,General low-debt support,43.25,12.0,"Low volume participation, Negative operating cash flow, Negative free cash flow",11.54,Avoid,"Above 200 DMA, RSI recovering, Positive day move, Positive 1M return, Positive 6M return, 80.0% of closes stayed inside the range | Range width 20.7% | Currently 42.7% through the range"
DALBHARAT,Basic Materials,Building Materials,1937.58,0.78,1448.98,2401.43,33.72,19.32,33.65,2151.19,2135.24,330113.2,242073.0,0.73,Bearish,13.0,"Weak but watchable RSI, Positive day move",-6.63,-16.85,-13.1,3.57,7.62,15.18,-10.2,-24.47,-28.28,0.0,,87.72,Accumulation Zone,73.66,2030.37,2332.89,14.9,0.0,80.0% of closes stayed inside the range | Range width 14.9% | Currently 0.0% through the range,6.62,4.05,7.74,7.82,,,24.67,1.65,1.35,234.0,3855.0,2252.0,-457.0,36.8796,25.1706,1.921,54.0,0.184,34568.38,61.49,Cement / Realty,3.0,0.0,13.0,9.0,11.0,36.0,0.86,,Negative free cash flow,2.0,38.0,General low-debt support,41.06,12.0,"Below 200 DMA, Negative free cash flow",10.71,Avoid,"Weak but watchable RSI, Positive day move, 80.0% of closes stayed inside the range | Range width 14.9% | Currently 0.0% through the range"
STARHEALTH,Financial Services,Insurance - Life,549.3,-0.79,454.8,780.0,20.78,29.58,42.76,558.73,579.74,688327.7,428669.0,0.62,Bearish,13.0,"Weak but watchable RSI, Near 52W low zone",-2.2,-3.93,-15.52,3.57,7.62,15.18,-5.77,-11.55,-30.7,0.0,,92.44,Accumulation Zone,73.08,544.5,595.02,9.28,9.49,80.0% of closes stayed inside the range | Range width 9.3% | Currently 9.5% through the range,9.39,3.78,7.47,5.05,,,7.13,,,309.36,470.0,,1229.22,51.433,20.1468,3.3841,,0.197,34318.63,21.95,Financial Services,2.0,0.0,9.0,8.0,7.0,26.0,0.57,,,0.0,26.0,,40.8,8.0,Below 200 DMA,10.47,Avoid,"Weak but watchable RSI, Near 52W low zone, 80.0% of closes stayed inside the range | Range width 9.3% | Currently 9.5% through the range"
PAGEIND,Consumer Cyclical,Apparel Manufacturing,34535.38,0.45,32700.92,51744.07,5.61,33.26,47.89,35423.2,36523.31,24992.3,15330.0,0.61,Bearish,25.0,"RSI recovering, Near 52W low with stable RSI, Positive day move",-2.1,-3.92,-9.03,3.57,7.62,15.18,-5.67,-11.54,-24.21,0.0,,94.9,Accumulation Zone,77.12,34746.09,37750.28,8.65,0.0,80.0% of closes stayed inside the range | Range width 8.6% | Currently 0.0% through the range,41.67,21.21,16.84,12.21,,,29.64,1.64,0.31,0.66,406.4,-1.61,-167.26,55.968,41.7449,28.4266,1.56,0.052,42713.76,58.47,Consumer Discretionary,21.0,0.0,11.0,0.0,6.0,38.0,0.86,Strong ROE,"Negative operating cash flow, Negative free cash flow",4.0,42.0,"General quality ROE, General low-debt support",43.25,17.0,"Below 200 DMA, Negative operating cash flow, Negative free cash flow",10.44,Avoid,"RSI recovering, Near 52W low with stable RSI, Positive day move, Strong ROE, 80.0% of closes stayed inside the range | Range width 8.6% | Currently 0.0% through the range"
KOTAKBANK,Financial Services,Banks - Regional,348.22,-0.66,327.13,410.9,6.45,15.25,50.52,356.09,360.32,21751011.5,15696800.0,0.72,Bearish,28.0,"Healthy RSI momentum, Near 52W low with stable RSI",1.06,-4.31,-0.8,3.57,7.62,15.18,-2.51,-11.93,-15.98,8.0,Positive 1M return,81.98,Accumulation Zone,75.13,343.5,368.67,7.33,18.75,80.0% of closes stayed inside the range | Range width 7.3% | Currently 18.8% through the range,13.29,2.41,,28.78,,,46.6,,,47469.83,52333.92,-1242.43,-2229.19,19.2649,15.2838,2.1432,17.0,0.275,388409.46,0.0,Banking,10.0,0.0,7.0,0.0,15.0,32.0,0.64,,"Negative operating cash flow, Negative free cash flow",0.0,32.0,,40.8,17.0,"Below 200 DMA, Negative operating cash flow, Negative free cash flow",9.32,Avoid,"Healthy RSI momentum, Near 52W low with stable RSI, Positive 1M return, 80.0% of closes stayed inside the range | Range width 7.3% | Currently 18.8% through the range"
BALKRISIND,Consumer Cyclical,Auto Parts,2232.41,-0.63,1750.0,2735.52,27.57,18.39,41.28,2398.86,2410.36,325526.35,137523.0,0.42,Bearish,8.0,Weak but watchable RSI,-1.92,-13.35,-4.59,3.57,7.62,15.18,-5.49,-20.97,-19.77,0.0,,94.9,Accumulation Zone,72.77,2262.01,2575.64,13.87,0.0,80.0% of closes stayed inside the range | Range width 13.9% | Currently 0.0% through the range,13.99,8.56,11.86,10.96,,,44.28,1.17,0.67,69.3,3346.53,1447.93,-314.54,34.3358,24.8272,4.406,75.0,0.321,48269.36,50.17,Automobile,14.0,0.0,9.0,9.0,11.0,43.0,0.86,,Negative free cash flow,2.0,45.0,General low-debt support,43.25,15.0,"Below 200 DMA, Low volume participation, Negative free cash flow",9.24,Avoid,"Weak but watchable RSI, 80.0% of closes stayed inside the range | Range width 13.9% | Currently 0.0% through the range"
IDFCFIRSTB,Financial Services,Banks - Regional,80.3,-1.22,42.78,100.08,87.69,19.76,43.99,83.09,84.36,31153387.4,19532765.0,0.63,Bearish,8.0,Weak but watchable RSI,-0.25,-7.87,-17.93,3.57,7.62,15.18,-3.82,-15.49,-33.11,0.0,,92.44,Accumulation Zone,72.64,80.74,92.6,14.69,0.0,80.0% of closes stayed inside the range | Range width 14.7% | Currently 0.0% through the range,9.61,1.04,,14.45,,,221.34,,,13778.68,57212.09,3563.0,2374.9,33.1274,12.8729,1.5569,30.0,,73970.07,0.0,Banking,7.0,0.0,0.0,17.0,13.0,37.0,0.64,,Very high debt,6.0,43.0,High leverage is structural for this sector,40.8,16.0,"Below 200 DMA, Very high debt",7.17,Avoid,"Weak but watchable RSI, 80.0% of closes stayed inside the range | Range width 14.7% | Currently 0.0% through the range"
M&MFIN,Financial Services,Credit Services,268.29,0.97,161.66,318.13,65.96,15.67,50.77,264.44,269.32,2488260.4,2085419.0,0.84,Bullish,40.0,"Above 50 DMA, Healthy RSI momentum, Positive day move",-1.68,4.67,-2.98,3.57,7.62,15.18,-5.25,-2.95,-18.16,10.0,Positive 3M return,75.58,Neutral Range,74.59,252.2,277.53,10.04,63.54,80.0% of closes stayed inside the range | Range width 10.0% | Currently 63.5% through the range,11.17,1.97,,28.03,,,411.91,,,5403.63,76451.46,-17395.31,-17808.6,17.0039,12.9871,2.0642,1.88,0.343,55006.67,86.34,Financial Services,8.0,0.0,0.0,0.0,14.0,22.0,0.64,,"Very high debt, Negative operating cash flow, Negative free cash flow",6.0,28.0,High leverage is structural for this sector,40.8,25.0,"Below 200 DMA, Very high debt, Negative operating cash flow, Negative free cash flow",3.42,Avoid,"Above 50 DMA, Healthy RSI momentum, Positive day move, Positive 3M return, 80.0% of closes stayed inside the range | Range width 10.0% | Currently 63.5% through the range"
CHOLAFIN,Financial Services,Credit Services,1080.41,6.24,654.07,1305.1,65.18,17.22,44.69,1171.29,1143.54,1805701.85,4704679.0,2.61,Bearish,33.0,"Weak but watchable RSI, Strong volume expansion, Strong positive day move",-4.43,-4.64,-1.76,3.57,7.62,15.18,-8.0,-12.26,-16.94,0.0,,92.44,Accumulation Zone,78.05,1098.5,1248.57,13.66,0.0,80.0% of closes stayed inside the range | Range width 13.7% | Currently 0.0% through the range,18.58,2.35,,37.3,,,679.8,,,1991.61,97524.39,-27105.05,-27294.5,28.3753,19.5308,5.3643,7.0,0.477,163765.54,99.93,Financial Services,12.0,0.0,0.0,0.0,11.0,23.0,0.64,Strong ROE,"Very high debt, Negative operating cash flow, Negative free cash flow",8.0,31.0,"High leverage is structural for this sector, Strong ROE for a leveraged-balance-sheet business, Expensive relative to book value for this sector",40.8,25.0,"Below 200 DMA, Very high debt, Negative operating cash flow, Negative free cash flow",0.22,Avoid,"Weak but watchable RSI, Strong volume expansion, Strong positive day move, Strong ROE, 80.0% of closes stayed inside the range | Range width 13.7% | Currently 0.0% through the range"
SBICARD,Financial Services,Credit Services,700.39,0.75,686.14,1014.74,2.08,30.98,38.15,729.99,793.57,1493349.45,1335533.0,0.89,Bearish,21.0,"Weak but watchable RSI, Near 52W low with stable RSI, Positive day move",-1.93,-7.82,-15.95,3.57,7.62,15.18,-5.5,-15.44,-31.13,0.0,,92.44,Accumulation Zone,75.87,709.61,790.45,11.39,0.0,80.0% of closes stayed inside the range | Range width 11.4% | Currently 0.0% through the range,22.98,4.96,,21.15,,,320.76,,,1016.04,31531.09,-6670.51,-6763.91,27.1772,18.3719,3.9751,38.0,0.246,62484.85,24.65,Financial Services,12.0,0.0,0.0,0.0,11.0,23.0,0.64,Strong ROE,"Very high debt, Negative operating cash flow, Negative free cash flow",12.0,35.0,"High leverage is structural for this sector, Strong ROE for a leveraged-balance-sheet business",40.8,25.0,"Below 200 DMA, Very high debt, Negative operating cash flow, Negative free cash flow",0.0,Avoid,"Weak but watchable RSI, Near 52W low with stable RSI, Positive day move, Strong ROE, 80.0% of closes stayed inside the range | Range width 11.4% | Currently 0.0% through the range"
BAJFINANCE,Financial Services,Credit Services,631.1,1.74,536.89,805.16,17.55,21.62,37.77,685.14,713.67,10857028.5,14694210.0,1.35,Bearish,28.0,"Weak but watchable RSI, Near 52W low zone, Volume expansion, Positive day move",-2.35,-13.13,-11.68,3.57,7.62,15.18,-5.92,-20.75,-26.86,0.0,,92.44,Accumulation Zone,76.22,649.45,771.67,18.82,0.0,80.0% of closes stayed inside the range | Range width 18.8% | Currently 0.0% through the range,21.16,4.18,,42.67,,,302.48,,,2733.25,164466.94,-42111.79,-42990.11,33.5541,21.7163,5.9681,49.0,0.323,680692.29,91.55,Financial Services,12.0,0.0,0.0,0.0,11.0,23.0,0.64,Strong ROE,"Very high debt, Negative operating cash flow, Negative free cash flow",8.0,31.0,"High leverage is structural for this sector, Strong ROE for a leveraged-balance-sheet business, Expensive relative to book value for this sector",40.8,25.0,"Below 200 DMA, Very high debt, Negative operating cash flow, Negative free cash flow",0.0,Avoid,"Weak but watchable RSI, Near 52W low zone, Volume expansion, Positive day move, Strong ROE, 80.0% of closes stayed inside the range | Range width 18.8% | Currently 0.0% through the range"
PAYTM,Technology,Software - Infrastructure,400.75,1.96,318.05,998.3,26.0,59.86,38.93,554.17,763.67,8995153.4,1612307.0,0.18,Bearish,13.0,"Weak but watchable RSI, Positive day move",-10.28,-39.4,-53.22,3.57,7.62,15.18,-13.85,-47.02,-68.4,0.0,,95.59,Lower Range Watch,60.9,406.0,922.68,127.26,0.0,80.0% of closes stayed inside the range | Range width 127.3% | Currently 0.0% through the range,-13.64,-9.88,-26.46,-22.47,,,1.72,3.12,,3312.0,223.3,415.6,-289.6,160.3586,51.8355,6.4407,,-0.307,103222.43,36.98,IT / Technology,0.0,0.0,17.0,9.0,3.0,29.0,0.71,Cash covers debt,"Negative net margin, Negative free cash flow, Very high PE",0.0,29.0,,45.97,23.0,"Below 200 DMA, Low volume participation, Negative net margin, Negative free cash flow",0.0,Avoid,"Weak but watchable RSI, Positive day move, Cash covers debt, 80.0% of closes stayed inside the range | Range width 127.3% | Currently 0.0% through the range"
MOTILALOFS,Financial Services,Capital Markets,388.8,-3.02,299.28,1267.92,29.91,69.34,36.11,447.16,771.82,596895.0,990740.0,1.66,Bearish,18.0,"Weak but watchable RSI, Volume expansion",-17.03,-67.26,-56.06,3.57,7.62,15.18,-20.6,-74.88,-71.24,0.0,,92.44,Lower Range Watch,61.71,375.92,1188.36,216.12,1.59,80.0% of closes stayed inside the range | Range width 216.1% | Currently 1.6% through the range,14.9,4.05,38.21,24.4,,,164.36,1.08,,2576.31,10275.92,-3057.9,-3211.68,27.5451,15.2672,4.2076,1.24,0.334,54253.42,62.9,Financial Services,16.0,0.0,2.0,0.0,10.0,28.0,0.79,,"Negative operating cash flow, Negative free cash flow",0.0,28.0,,40.8,22.0,"Below 200 DMA, Far from 52W high, Negative operating cash flow, Negative free cash flow",0.0,Avoid,"Weak but watchable RSI, Volume expansion, 80.0% of closes stayed inside the range | Range width 216.1% | Currently 1.6% through the range"
