symbol,sector,industry,current_price,day_change_pct,low_52w,high_52w,distance_from_low_pct,distance_from_high_pct,rsi,sma50,sma200,avg_volume_20d,latest_volume,volume_ratio,trend,technical_score,technical_reasons,return_1m,return_3m,return_6m,nifty_return_1m,nifty_return_3m,nifty_return_6m,return_vs_nifty_1m,return_vs_nifty_3m,return_vs_nifty_6m,relative_strength_score,relative_strength_reasons,sector_rank_pct,range_status,range_score,range_low,range_high,range_width_pct,range_position_pct,range_reasons,roe,roa,operating_margin,net_profit_margin,revenue_growth,earnings_growth,debt_to_equity,current_ratio,quick_ratio,total_cash_cr,total_debt_cr,operating_cashflow_cr,free_cashflow_cr,trailing_pe,forward_pe,price_to_book,dividend_yield,beta,market_cap_cr,gross_margin,sector_bucket,profitability_score,growth_score,balance_sheet_score,cashflow_score,valuation_score,fundamental_score,fundamental_data_coverage,fundamental_reasons,fundamental_risk_reasons,sector_adjustment,sector_adjusted_fundamental_score,sector_adjustment_reasons,sector_score,risk_penalty,risk_reasons,final_score,score_band,reasons
MANKIND,Healthcare,Drug Manufacturers - Specialty & Generic,2915.5,0.21,1241.51,3053.6,134.83,4.52,63.62,2647.58,2363.08,607458.45,319008.0,0.53,Bullish,65.0,"Above 50 DMA, Above 200 DMA, Healthy RSI momentum, Near 52W high momentum, Positive day move",14.07,7.97,36.32,-2.16,-8.67,-0.5,16.23,16.64,36.82,95.0,"Strong 1M absolute return, Positive 3M return, Strong 6M absolute return, 1M Nifty outperformance, 3M Nifty outperformance, 6M Nifty outperformance, Positive across 1M/3M/6M",12.5,Profit Booking Zone,82.34,2099.54,2726.35,29.85,100.0,80.0% of closes stayed inside the range | Range width 29.9% | Currently 100.0% through the range,20.43,15.99,21.83,18.65,17.26,49.23,2.21,3.1,2.37,382.01,207.17,2152.44,1763.23,49.1833,34.567,6.1622,8.0,0.46,100486.05,70.76,Pharma / Healthcare,22.0,18.0,20.0,17.0,7.0,84.0,1.0,"Strong ROE, Cash covers debt",,4.0,88.0,"General quality ROE, General low-debt support",52.89,0.0,,78.73,High Conviction,"Above 50 DMA, Above 200 DMA, Healthy RSI momentum, Near 52W high momentum, Positive day move, Strong ROE, Cash covers debt, Strong 1M absolute return, Positive 3M return, Strong 6M absolute return, 1M Nifty outperformance, 3M Nifty outperformance, 6M Nifty outperformance, Positive across 1M/3M/6M, 80.0% of closes stayed inside the range | Range width 29.9% | Currently 100.0% through the range"
OFSS,Technology,Software - Infrastructure,11390.21,-0.16,2435.42,12043.18,367.69,5.42,53.14,10886.07,9339.86,145603.7,132983.0,0.91,Bullish,60.0,"Above 50 DMA, Above 200 DMA, Healthy RSI momentum, Near 52W high momentum",3.46,9.76,29.37,-2.16,-8.67,-0.5,5.62,18.43,29.87,78.0,"Positive 1M return, Positive 3M return, Positive 6M return, 1M Nifty outperformance, 3M Nifty outperformance, 6M Nifty outperformance, Positive across 1M/3M/6M",37.14,Profit Booking Zone,83.33,9798.29,11390.29,16.25,100.0,80.0% of closes stayed inside the range | Range width 16.2% | Currently 100.0% through the range,28.24,22.34,43.6,34.83,11.84,22.88,0.55,5.98,,3479.4,43.0,1790.7,1760.6,30.3951,25.7616,14.6798,5.59,0.496,101695.49,58.6,IT / Technology,25.0,13.0,17.0,17.0,9.0,81.0,0.93,"Strong ROE, Cash covers debt",,10.0,91.0,"Strong ROE for an asset-light business, Strong operating margin",52.37,0.0,,74.21,Strong,"Above 50 DMA, Above 200 DMA, Healthy RSI momentum, Near 52W high momentum, Strong ROE, Cash covers debt, Positive 1M return, Positive 3M return, Positive 6M return, 1M Nifty outperformance, 3M Nifty outperformance, 6M Nifty outperformance, Positive across 1M/3M/6M, 80.0% of closes stayed inside the range | Range width 16.2% | Currently 100.0% through the range"
INDHOTEL,Consumer Cyclical,Lodging,861.92,0.65,259.95,879.68,231.58,2.02,69.82,757.39,646.9,2937561.25,1675879.0,0.57,Bullish,65.0,"Above 50 DMA, Above 200 DMA, Healthy RSI momentum, Near 52W high momentum, Positive day move",10.06,22.3,33.59,-2.16,-8.67,-0.5,12.22,30.97,34.09,100.0,"Strong 1M absolute return, Strong 3M absolute return, Strong 6M absolute return, 1M Nifty outperformance, 3M Nifty outperformance, 6M Nifty outperformance, Positive across 1M/3M/6M",3.85,Profit Booking Zone,81.3,606.88,830.28,36.81,100.0,80.0% of closes stayed inside the range | Range width 36.8% | Currently 100.0% through the range,13.31,8.48,26.22,19.36,16.52,25.58,28.93,1.54,1.48,479.34,2735.79,1935.14,1284.18,48.0744,38.7458,7.8957,45.0,-0.154,103056.49,63.01,Consumer Discretionary,20.0,18.0,13.0,17.0,7.0,75.0,1.0,,,2.0,77.0,General low-debt support,37.27,0.0,,73.79,Strong,"Above 50 DMA, Above 200 DMA, Healthy RSI momentum, Near 52W high momentum, Positive day move, Strong 1M absolute return, Strong 3M absolute return, Strong 6M absolute return, 1M Nifty outperformance, 3M Nifty outperformance, 6M Nifty outperformance, Positive across 1M/3M/6M, 80.0% of closes stayed inside the range | Range width 36.8% | Currently 100.0% through the range"
PERSISTENT,Technology,Information Technology Services,6312.89,0.71,1500.77,6700.89,320.64,5.79,60.25,5811.54,4681.69,378744.25,153355.0,0.4,Bullish,65.0,"Above 50 DMA, Above 200 DMA, Healthy RSI momentum, Near 52W high momentum, Positive day move",8.2,20.15,62.24,-2.16,-8.67,-0.5,10.36,28.82,62.74,98.0,"Positive 1M return, Strong 3M absolute return, Strong 6M absolute return, 1M Nifty outperformance, 3M Nifty outperformance, 6M Nifty outperformance, Positive across 1M/3M/6M",20.0,Profit Booking Zone,81.93,4650.13,6164.4,32.56,100.0,80.0% of closes stayed inside the range | Range width 32.6% | Currently 100.0% through the range,22.06,14.74,13.27,11.13,17.62,18.72,9.1,1.87,,662.51,451.13,1302.11,944.08,44.7405,30.8947,10.9263,65.0,0.082,85520.87,31.68,IT / Technology,17.0,16.0,16.0,17.0,7.0,73.0,0.93,"Strong ROE, Cash covers debt",,5.0,78.0,Strong ROE for an asset-light business,52.37,3.0,Low volume participation,72.91,Strong,"Above 50 DMA, Above 200 DMA, Healthy RSI momentum, Near 52W high momentum, Positive day move, Strong ROE, Cash covers debt, Positive 1M return, Strong 3M absolute return, Strong 6M absolute return, 1M Nifty outperformance, 3M Nifty outperformance, 6M Nifty outperformance, Positive across 1M/3M/6M, 80.0% of closes stayed inside the range | Range width 32.6% | Currently 100.0% through the range"
WELCORP,Basic Materials,Steel,791.39,0.77,171.25,817.31,362.14,3.17,58.96,743.73,640.39,606333.25,511028.0,0.84,Bullish,65.0,"Above 50 DMA, Above 200 DMA, Healthy RSI momentum, Near 52W high momentum, Positive day move",5.16,11.09,42.37,-2.16,-8.67,-0.5,7.32,19.76,42.87,88.0,"Positive 1M return, Positive 3M return, Strong 6M absolute return, 1M Nifty outperformance, 3M Nifty outperformance, 6M Nifty outperformance, Positive across 1M/3M/6M",12.28,Profit Booking Zone,83.48,639.02,781.15,22.24,100.0,80.0% of closes stayed inside the range | Range width 22.2% | Currently 100.0% through the range,19.77,9.37,7.59,6.57,78.09,437.23,34.36,1.53,0.95,818.73,1929.9,1305.99,1007.03,21.3148,18.9284,5.3809,27.0,0.473,49249.35,38.4,Metals / Mining,13.0,20.0,11.0,17.0,11.0,72.0,1.0,Strong ROE,,4.0,76.0,"General quality ROE, General low-debt support",36.79,0.0,,70.37,Strong,"Above 50 DMA, Above 200 DMA, Healthy RSI momentum, Near 52W high momentum, Positive day move, Strong ROE, Positive 1M return, Positive 3M return, Strong 6M absolute return, 1M Nifty outperformance, 3M Nifty outperformance, 6M Nifty outperformance, Positive across 1M/3M/6M, 80.0% of closes stayed inside the range | Range width 22.2% | Currently 100.0% through the range"
BSE,Financial Services,Financial Data & Stock Exchanges,1803.66,-0.13,131.96,1934.77,1266.78,6.78,58.94,1595.27,1089.06,7438174.95,2569077.0,0.35,Bullish,60.0,"Above 50 DMA, Above 200 DMA, Healthy RSI momentum, Near 52W high momentum",21.58,41.81,114.17,-2.16,-8.67,-0.5,23.74,50.48,114.67,100.0,"Strong 1M absolute return, Strong 3M absolute return, Strong 6M absolute return, 1M Nifty outperformance, 3M Nifty outperformance, 6M Nifty outperformance, Positive across 1M/3M/6M",2.22,Profit Booking Zone,70.76,791.04,1803.9,128.04,99.98,80.0% of closes stayed inside the range | Range width 128.0% | Currently 100.0% through the range,23.57,8.24,23.86,56.77,68.12,252.74,0.0,1.19,,55.59,0.02,2643.46,2512.54,51.2199,37.9807,18.1646,28.0,0.471,143241.73,99.59,Financial Services,21.0,20.0,14.0,17.0,7.0,79.0,0.93,"Strong ROE, Cash covers debt",,2.0,81.0,"Strong ROE for a leveraged-balance-sheet business, Expensive relative to book value for this sector",33.24,3.0,Low volume participation,70.34,Strong,"Above 50 DMA, Above 200 DMA, Healthy RSI momentum, Near 52W high momentum, Strong ROE, Cash covers debt, Strong 1M absolute return, Strong 3M absolute return, Strong 6M absolute return, 1M Nifty outperformance, 3M Nifty outperformance, 6M Nifty outperformance, Positive across 1M/3M/6M, 80.0% of closes stayed inside the range | Range width 128.0% | Currently 100.0% through the range"
COFORGE,Technology,Information Technology Services,1868.26,1.06,611.3,1928.05,205.62,3.1,74.19,1636.92,1265.78,1777346.25,1494590.0,0.84,Bullish,52.0,"Above 50 DMA, Above 200 DMA, Strong but overbought RSI, Near 52W high momentum, Positive day move",9.46,37.81,79.27,-2.16,-8.67,-0.5,11.62,46.48,79.77,98.0,"Positive 1M return, Strong 3M absolute return, Strong 6M absolute return, 1M Nifty outperformance, 3M Nifty outperformance, 6M Nifty outperformance, Positive across 1M/3M/6M",20.0,Profit Booking Zone,76.31,1157.0,1756.69,51.83,100.0,80.0% of closes stayed inside the range | Range width 51.8% | Currently 100.0% through the range,22.28,13.23,12.91,8.97,12.41,16.46,20.02,1.7,,321.3,726.0,903.4,637.9,37.3136,25.1184,6.3441,88.0,0.294,79750.75,37.25,IT / Technology,17.0,13.0,11.0,17.0,7.0,65.0,0.93,Strong ROE,,5.0,70.0,Strong ROE for an asset-light business,52.37,0.0,,69.86,Strong,"Above 50 DMA, Above 200 DMA, Strong but overbought RSI, Near 52W high momentum, Positive day move, Strong ROE, Positive 1M return, Strong 3M absolute return, Strong 6M absolute return, 1M Nifty outperformance, 3M Nifty outperformance, 6M Nifty outperformance, Positive across 1M/3M/6M, 80.0% of closes stayed inside the range | Range width 51.8% | Currently 100.0% through the range"
MAZDOCK,Industrials,Aerospace & Defense,2347.6,2.17,144.32,2883.4,1526.69,18.58,51.43,2197.2,1885.36,5006803.4,6195066.0,1.24,Bullish,65.0,"Above 50 DMA, Above 200 DMA, Healthy RSI momentum, Normal volume support, Strong positive day move",5.82,11.91,16.91,-2.16,-8.67,-0.5,7.98,20.58,17.41,78.0,"Positive 1M return, Positive 3M return, Positive 6M return, 1M Nifty outperformance, 3M Nifty outperformance, 6M Nifty outperformance, Positive across 1M/3M/6M",10.0,Neutral Range,75.54,2011.52,2620.98,30.3,55.14,80.0% of closes stayed inside the range | Range width 30.3% | Currently 55.1% through the range,31.02,6.58,14.76,21.36,19.57,73.09,0.27,1.14,0.89,5218.48,16.55,683.75,673.74,38.4627,32.1624,10.5529,82.0,0.624,102942.58,32.58,Capital Goods / Infra,19.0,18.0,14.0,17.0,7.0,75.0,1.0,"Strong ROE, Cash covers debt",,5.0,80.0,Strong order-book-driven revenue growth,38.08,0.0,,69.46,Strong,"Above 50 DMA, Above 200 DMA, Healthy RSI momentum, Normal volume support, Strong positive day move, Strong ROE, Cash covers debt, Positive 1M return, Positive 3M return, Positive 6M return, 1M Nifty outperformance, 3M Nifty outperformance, 6M Nifty outperformance, Positive across 1M/3M/6M, 80.0% of closes stayed inside the range | Range width 30.3% | Currently 55.1% through the range"
IPCALAB,Healthcare,Drug Manufacturers - Specialty & Generic,1586.68,0.8,663.43,1698.21,139.16,6.57,56.65,1560.06,1359.69,615903.15,343179.0,0.56,Bullish,65.0,"Above 50 DMA, Above 200 DMA, Healthy RSI momentum, Near 52W high momentum, Positive day move",4.31,6.54,44.4,-2.16,-8.67,-0.5,6.47,15.21,44.9,88.0,"Positive 1M return, Positive 3M return, Strong 6M absolute return, 1M Nifty outperformance, 3M Nifty outperformance, 6M Nifty outperformance, Positive across 1M/3M/6M",19.32,Profit Booking Zone,82.41,1226.54,1586.72,29.37,99.99,80.0% of closes stayed inside the range | Range width 29.4% | Currently 100.0% through the range,8.64,4.93,12.26,7.18,22.81,16.13,22.72,2.35,1.3,208.91,1438.36,944.65,533.36,39.3189,26.9068,5.5581,34.0,0.035,44819.39,67.23,Pharma / Healthcare,8.0,16.0,14.0,17.0,9.0,64.0,1.0,,,2.0,66.0,General low-debt support,52.89,0.0,,69.28,Strong,"Above 50 DMA, Above 200 DMA, Healthy RSI momentum, Near 52W high momentum, Positive day move, Positive 1M return, Positive 3M return, Strong 6M absolute return, 1M Nifty outperformance, 3M Nifty outperformance, 6M Nifty outperformance, Positive across 1M/3M/6M, 80.0% of closes stayed inside the range | Range width 29.4% | Currently 100.0% through the range"
BAJAJHLDNG,Financial Services,Asset Management,10987.88,1.39,4965.59,11325.15,121.28,2.98,56.58,10442.89,9276.49,57813.75,42464.0,0.73,Bullish,65.0,"Above 50 DMA, Above 200 DMA, Healthy RSI momentum, Near 52W high momentum, Positive day move",9.59,4.83,32.86,-2.16,-8.67,-0.5,11.75,13.5,33.36,88.0,"Positive 1M return, Positive 3M return, Strong 6M absolute return, 1M Nifty outperformance, 3M Nifty outperformance, 6M Nifty outperformance, Positive across 1M/3M/6M",7.78,Profit Booking Zone,84.3,9261.93,10815.2,16.77,100.0,80.0% of closes stayed inside the range | Range width 16.8% | Currently 100.0% through the range,13.4,11.15,,94.81,47.91,49.82,0.12,,,39.78,62.57,1941.12,1940.81,14.5501,,1.7617,1.39,0.154,128866.75,98.98,Financial Services,14.0,20.0,9.0,17.0,11.0,71.0,0.79,,,0.0,71.0,,33.24,0.0,,68.09,Strong,"Above 50 DMA, Above 200 DMA, Healthy RSI momentum, Near 52W high momentum, Positive day move, Positive 1M return, Positive 3M return, Strong 6M absolute return, 1M Nifty outperformance, 3M Nifty outperformance, 6M Nifty outperformance, Positive across 1M/3M/6M, 80.0% of closes stayed inside the range | Range width 16.8% | Currently 100.0% through the range"
MAXHEALTH,Healthcare,Medical Care Facilities,1152.32,1.46,351.87,1212.0,227.48,4.92,61.82,1039.06,905.32,2298809.4,681936.0,0.3,Bullish,65.0,"Above 50 DMA, Above 200 DMA, Healthy RSI momentum, Near 52W high momentum, Positive day move",14.86,16.76,31.64,-2.16,-8.67,-0.5,17.02,25.43,32.14,95.0,"Strong 1M absolute return, Positive 3M return, Strong 6M absolute return, 1M Nifty outperformance, 3M Nifty outperformance, 6M Nifty outperformance, Positive across 1M/3M/6M",12.5,Profit Booking Zone,82.52,865.79,1113.7,28.63,100.0,80.0% of closes stayed inside the range | Range width 28.6% | Currently 100.0% through the range,12.58,8.81,24.19,19.92,18.28,-4.16,15.4,1.37,1.3,979.84,1294.56,1121.67,335.72,70.4053,41.5708,9.1232,19.0,0.128,98057.3,62.42,Pharma / Healthcare,19.0,8.0,13.0,17.0,5.0,62.0,1.0,,Earnings contraction,2.0,64.0,General low-debt support,52.89,3.0,Low volume participation,67.33,Strong,"Above 50 DMA, Above 200 DMA, Healthy RSI momentum, Near 52W high momentum, Positive day move, Strong 1M absolute return, Positive 3M return, Strong 6M absolute return, 1M Nifty outperformance, 3M Nifty outperformance, 6M Nifty outperformance, Positive across 1M/3M/6M, 80.0% of closes stayed inside the range | Range width 28.6% | Currently 100.0% through the range"
NH,Healthcare,Medical Care Facilities,1305.28,0.53,668.13,1433.72,95.36,8.96,57.24,1266.28,1246.61,329492.5,201685.0,0.61,Bullish,65.0,"Above 50 DMA, Above 200 DMA, Healthy RSI momentum, Near 52W high momentum, Positive day move",3.85,4.53,9.99,-2.16,-8.67,-0.5,6.01,13.2,10.49,63.0,"Positive 1M return, Positive 3M return, Positive 6M return, 1M Nifty outperformance, 3M Nifty outperformance, Positive across 1M/3M/6M",34.09,Profit Booking Zone,85.79,1215.39,1298.65,6.85,100.0,80.0% of closes stayed inside the range | Range width 6.9% | Currently 100.0% through the range,27.37,14.03,19.23,16.19,8.56,30.19,56.41,1.75,1.65,263.83,1626.69,1066.6,95.99,45.2285,26.3467,8.1974,24.0,,37193.68,39.83,Pharma / Healthcare,23.0,15.0,11.0,17.0,7.0,73.0,1.0,Strong ROE,,4.0,77.0,"General quality ROE, General low-debt support",52.89,0.0,,66.88,Strong,"Above 50 DMA, Above 200 DMA, Healthy RSI momentum, Near 52W high momentum, Positive day move, Strong ROE, Positive 1M return, Positive 3M return, Positive 6M return, 1M Nifty outperformance, 3M Nifty outperformance, Positive across 1M/3M/6M, 80.0% of closes stayed inside the range | Range width 6.9% | Currently 100.0% through the range"
HCLTECH,Technology,Information Technology Services,1765.77,0.2,749.44,1839.4,135.61,4.0,49.63,1738.8,1510.92,2412021.0,1065107.0,0.44,Bullish,47.0,"Above 50 DMA, Above 200 DMA, RSI recovering, Positive day move",0.51,7.34,33.54,-2.16,-8.67,-0.5,2.67,16.01,34.04,78.0,"Positive 1M return, Positive 3M return, Strong 6M absolute return, 3M Nifty outperformance, 6M Nifty outperformance, Positive across 1M/3M/6M",37.14,Profit Booking Zone,79.72,1458.88,1768.5,21.22,99.12,80.0% of closes stayed inside the range | Range width 21.2% | Currently 99.1% through the range,23.0,15.74,31.48,14.29,8.34,5.73,8.43,2.61,2.6,9441.0,5756.0,22448.0,21400.0,21.2315,17.0459,4.9998,4.39,0.006,369445.39,34.0,IT / Technology,22.0,7.0,20.0,17.0,11.0,77.0,1.0,"Strong ROE, Cash covers debt",,10.0,87.0,"Strong ROE for an asset-light business, Strong operating margin",52.37,3.0,Low volume participation,66.56,Strong,"Above 50 DMA, Above 200 DMA, RSI recovering, Positive day move, Strong ROE, Cash covers debt, Positive 1M return, Positive 3M return, Strong 6M absolute return, 3M Nifty outperformance, 6M Nifty outperformance, Positive across 1M/3M/6M, 80.0% of closes stayed inside the range | Range width 21.2% | Currently 99.1% through the range"
LLOYDSME,Basic Materials,Steel,1165.73,-1.84,490.69,1196.69,137.57,2.59,64.88,1023.42,803.58,819989.5,363405.0,0.44,Bullish,60.0,"Above 50 DMA, Above 200 DMA, Healthy RSI momentum, Near 52W high momentum",21.44,33.61,60.52,-2.16,-8.67,-0.5,23.6,42.28,61.02,100.0,"Strong 1M absolute return, Strong 3M absolute return, Strong 6M absolute return, 1M Nifty outperformance, 3M Nifty outperformance, 6M Nifty outperformance, Positive across 1M/3M/6M",1.75,Profit Booking Zone,78.45,737.16,1096.54,48.75,100.0,80.0% of closes stayed inside the range | Range width 48.8% | Currently 100.0% through the range,44.22,31.57,25.98,19.18,93.87,530.75,5.75,1.14,0.91,2.3,161.61,1701.04,-19.65,22.1189,12.3348,7.6829,5.0,,106531.99,54.65,Metals / Mining,25.0,20.0,11.0,9.0,9.0,74.0,1.0,Strong ROE,Negative free cash flow,4.0,78.0,"General quality ROE, General low-debt support",36.79,7.0,"Low volume participation, Negative free cash flow",65.82,Strong,"Above 50 DMA, Above 200 DMA, Healthy RSI momentum, Near 52W high momentum, Strong ROE, Strong 1M absolute return, Strong 3M absolute return, Strong 6M absolute return, 1M Nifty outperformance, 3M Nifty outperformance, 6M Nifty outperformance, Positive across 1M/3M/6M, 80.0% of closes stayed inside the range | Range width 48.8% | Currently 100.0% through the range"
GVT&D,Industrials,Specialty Industrial Machinery,2088.67,-0.59,98.25,2238.9,2025.82,6.71,65.0,1857.12,1508.64,449402.65,149965.0,0.33,Bullish,60.0,"Above 50 DMA, Above 200 DMA, Healthy RSI momentum, Near 52W high momentum",16.02,28.36,37.93,-2.16,-8.67,-0.5,18.18,37.03,38.43,100.0,"Strong 1M absolute return, Strong 3M absolute return, Strong 6M absolute return, 1M Nifty outperformance, 3M Nifty outperformance, 6M Nifty outperformance, Positive across 1M/3M/6M",2.35,Profit Booking Zone,82.52,1589.29,1933.64,21.67,100.0,80.0% of closes stayed inside the range | Range width 21.7% | Currently 100.0% through the range,14.57,5.05,9.73,5.73,15.04,12251.01,3.36,1.17,0.91,131.94,41.82,518.36,489.2,86.6909,56.6679,41.9339,23.0,0.634,112826.91,43.57,Capital Goods / Infra,6.0,18.0,14.0,17.0,5.0,60.0,1.0,Cash covers debt,Very high PE,5.0,65.0,Strong order-book-driven revenue growth,38.08,3.0,Low volume participation,65.46,Strong,"Above 50 DMA, Above 200 DMA, Healthy RSI momentum, Near 52W high momentum, Cash covers debt, Strong 1M absolute return, Strong 3M absolute return, Strong 6M absolute return, 1M Nifty outperformance, 3M Nifty outperformance, 6M Nifty outperformance, Positive across 1M/3M/6M, 80.0% of closes stayed inside the range | Range width 21.7% | Currently 100.0% through the range"
NAM-INDIA,Financial Services,Asset Management,716.29,-1.52,177.32,789.24,303.96,9.24,52.31,686.69,607.58,1402419.9,626214.0,0.45,Bullish,60.0,"Above 50 DMA, Above 200 DMA, Healthy RSI momentum, Near 52W high momentum",6.32,8.83,15.35,-2.16,-8.67,-0.5,8.48,17.5,15.85,78.0,"Positive 1M return, Positive 3M return, Positive 6M return, 1M Nifty outperformance, 3M Nifty outperformance, 6M Nifty outperformance, Positive across 1M/3M/6M",12.22,Profit Booking Zone,83.3,612.22,712.81,16.43,100.0,80.0% of closes stayed inside the range | Range width 16.4% | Currently 100.0% through the range,27.81,25.31,58.68,67.39,21.74,53.09,1.97,20.36,,24.23,78.59,777.48,765.61,46.7312,35.4773,16.1928,1.84,0.634,75633.87,83.17,Financial Services,25.0,18.0,14.0,17.0,6.0,80.0,0.93,Strong ROE,,2.0,82.0,"Strong ROE for a leveraged-balance-sheet business, Expensive relative to book value for this sector",33.24,3.0,Low volume participation,65.19,Strong,"Above 50 DMA, Above 200 DMA, Healthy RSI momentum, Near 52W high momentum, Strong ROE, Positive 1M return, Positive 3M return, Positive 6M return, 1M Nifty outperformance, 3M Nifty outperformance, 6M Nifty outperformance, Positive across 1M/3M/6M, 80.0% of closes stayed inside the range | Range width 16.4% | Currently 100.0% through the range"
DRREDDY,Healthcare,Drug Manufacturers - Specialty & Generic,1338.12,0.31,778.62,1403.63,71.86,4.67,71.05,1253.91,1258.64,2663647.25,1531359.0,0.57,Bullish,52.0,"Above 50 DMA, Above 200 DMA, Strong but overbought RSI, Near 52W high momentum, Positive day move",12.94,1.26,12.29,-2.16,-8.67,-0.5,15.1,9.93,12.79,55.0,"Strong 1M absolute return, Positive 3M return, Positive 6M return, 1M Nifty outperformance, Positive across 1M/3M/6M",40.91,Profit Booking Zone,79.2,1211.07,1368.95,13.04,80.47,80.0% of closes stayed inside the range | Range width 13.0% | Currently 80.5% through the range,19.85,14.37,23.39,19.95,13.54,23.56,7.14,2.58,1.92,710.7,2002.0,4543.3,1799.8,30.1735,20.2046,2.607,66.0,0.242,99960.01,50.18,Pharma / Healthcare,22.0,13.0,17.0,17.0,13.0,82.0,1.0,Strong ROE,,4.0,86.0,"General quality ROE, General low-debt support",52.89,0.0,,64.78,Watchlist,"Above 50 DMA, Above 200 DMA, Strong but overbought RSI, Near 52W high momentum, Positive day move, Strong ROE, Strong 1M absolute return, Positive 3M return, Positive 6M return, 1M Nifty outperformance, Positive across 1M/3M/6M, 80.0% of closes stayed inside the range | Range width 13.0% | Currently 80.5% through the range"
WIPRO,Technology,Information Technology Services,282.73,-0.08,162.77,296.58,73.69,4.67,57.79,267.24,240.86,11158987.75,6516148.0,0.58,Bullish,60.0,"Above 50 DMA, Above 200 DMA, Healthy RSI momentum, Near 52W high momentum",4.67,13.78,23.2,-2.16,-8.67,-0.5,6.83,22.45,23.7,78.0,"Positive 1M return, Positive 3M return, Positive 6M return, 1M Nifty outperformance, 3M Nifty outperformance, 6M Nifty outperformance, Positive across 1M/3M/6M",37.14,Profit Booking Zone,82.78,234.83,281.64,19.93,100.0,80.0% of closes stayed inside the range | Range width 19.9% | Currently 100.0% through the range,14.73,9.58,15.12,12.31,-0.8,-2.69,21.96,2.58,2.57,9695.3,16464.9,17621.6,16570.6,14.6683,13.2285,2.3486,4.33,0.394,181959.9,29.04,IT / Technology,16.0,0.0,15.0,17.0,15.0,63.0,1.0,,"Revenue contraction, Earnings contraction",0.0,63.0,,52.37,0.0,,64.41,Watchlist,"Above 50 DMA, Above 200 DMA, Healthy RSI momentum, Near 52W high momentum, Positive 1M return, Positive 3M return, Positive 6M return, 1M Nifty outperformance, 3M Nifty outperformance, 6M Nifty outperformance, Positive across 1M/3M/6M, 80.0% of closes stayed inside the range | Range width 19.9% | Currently 100.0% through the range"
LUPIN,Healthcare,Drug Manufacturers - Specialty & Generic,2153.0,0.58,609.38,2281.17,253.31,5.62,60.06,2089.84,1871.55,829614.75,909730.0,1.1,Bullish,70.0,"Above 50 DMA, Above 200 DMA, Healthy RSI momentum, Near 52W high momentum, Normal volume support, Positive day move",8.76,-1.76,38.39,-2.16,-8.67,-0.5,10.92,6.91,38.89,53.0,"Positive 1M return, Strong 6M absolute return, 1M Nifty outperformance, 6M Nifty outperformance",44.32,Profit Booking Zone,82.59,1794.5,2203.71,22.8,87.61,80.0% of closes stayed inside the range | Range width 22.8% | Currently 87.6% through the range,13.4,7.98,14.23,9.74,20.81,345.15,20.45,1.58,1.0,983.28,2921.77,3648.36,2719.46,18.8684,22.3319,4.6455,79.0,0.182,104295.27,72.36,Pharma / Healthcare,12.0,18.0,13.0,17.0,10.0,70.0,1.0,,,2.0,72.0,General low-debt support,52.89,0.0,,63.88,Watchlist,"Above 50 DMA, Above 200 DMA, Healthy RSI momentum, Near 52W high momentum, Normal volume support, Positive day move, Positive 1M return, Strong 6M absolute return, 1M Nifty outperformance, 6M Nifty outperformance, 80.0% of closes stayed inside the range | Range width 22.8% | Currently 87.6% through the range"
NAUKRI,Communication Services,Internet Content & Information,1717.09,-0.06,650.59,1772.55,163.93,3.13,58.6,1608.2,1384.64,1278881.0,997245.0,0.78,Bullish,60.0,"Above 50 DMA, Above 200 DMA, Healthy RSI momentum, Near 52W high momentum",3.89,9.39,28.86,-2.16,-8.67,-0.5,6.05,18.06,29.36,78.0,"Positive 1M return, Positive 3M return, Positive 6M return, 1M Nifty outperformance, 3M Nifty outperformance, 6M Nifty outperformance, Positive across 1M/3M/6M",16.67,Profit Booking Zone,82.3,1367.11,1683.4,23.14,100.0,80.0% of closes stayed inside the range | Range width 23.1% | Currently 100.0% through the range,1.9,1.59,29.2,22.68,8.13,635.53,0.81,2.9,,331.9,246.39,702.3,672.6,54.3867,57.9013,2.2877,1.06,0.288,86732.07,56.39,Telecom,12.0,15.0,17.0,17.0,7.0,68.0,0.93,Cash covers debt,,2.0,70.0,General low-debt support,32.26,0.0,,63.84,Watchlist,"Above 50 DMA, Above 200 DMA, Healthy RSI momentum, Near 52W high momentum, Cash covers debt, Positive 1M return, Positive 3M return, Positive 6M return, 1M Nifty outperformance, 3M Nifty outperformance, 6M Nifty outperformance, Positive across 1M/3M/6M, 80.0% of closes stayed inside the range | Range width 23.1% | Currently 100.0% through the range"
ABBOTINDIA,Healthcare,Drug Manufacturers - Specialty & Generic,27559.29,0.29,16232.57,29413.48,69.78,6.3,52.1,27420.86,26655.98,8799.55,13901.0,1.58,Bullish,75.0,"Above 50 DMA, Above 200 DMA, Healthy RSI momentum, Near 52W high momentum, Volume expansion, Positive day move",4.0,-0.07,4.96,-2.16,-8.67,-0.5,6.16,8.6,5.46,28.0,"Positive 1M return, Positive 6M return, 1M Nifty outperformance",71.59,Neutral Range,80.94,26429.8,28496.51,7.82,54.65,80.0% of closes stayed inside the range | Range width 7.8% | Currently 54.7% through the range,32.48,23.13,24.04,20.54,9.36,26.52,2.25,2.42,1.96,291.74,83.23,1212.81,1164.48,38.4784,31.1337,12.5248,1.87,0.056,59795.54,46.52,Pharma / Healthcare,24.0,15.0,20.0,17.0,6.0,82.0,1.0,"Strong ROE, Cash covers debt",,4.0,86.0,"General quality ROE, General low-debt support",52.89,0.0,,63.78,Watchlist,"Above 50 DMA, Above 200 DMA, Healthy RSI momentum, Near 52W high momentum, Volume expansion, Positive day move, Strong ROE, Cash covers debt, Positive 1M return, Positive 6M return, 1M Nifty outperformance, 80.0% of closes stayed inside the range | Range width 7.8% | Currently 54.7% through the range"
POWERINDIA,Industrials,Electrical Equipment & Parts,14328.14,2.15,2836.07,16545.15,405.21,13.4,68.51,13241.07,11370.21,49896.65,51228.0,1.03,Bullish,75.0,"Above 50 DMA, Above 200 DMA, Healthy RSI momentum, Near 52W high momentum, Normal volume support, Strong positive day move",18.07,7.38,13.51,-2.16,-8.67,-0.5,20.23,16.05,14.01,70.0,"Strong 1M absolute return, Positive 3M return, Positive 6M return, 1M Nifty outperformance, 3M Nifty outperformance, Positive across 1M/3M/6M",11.76,Profit Booking Zone,85.21,11500.03,14330.3,24.61,99.92,80.0% of closes stayed inside the range | Range width 24.6% | Currently 99.9% through the range,12.04,3.48,5.4,3.21,17.57,74.42,15.71,1.16,0.89,128.04,213.68,252.31,162.95,138.2239,72.2106,30.8289,2.0,0.572,159569.06,38.99,Capital Goods / Infra,4.0,18.0,11.0,17.0,5.0,55.0,1.0,,Very high PE,5.0,60.0,Strong order-book-driven revenue growth,38.08,0.0,,62.96,Watchlist,"Above 50 DMA, Above 200 DMA, Healthy RSI momentum, Near 52W high momentum, Normal volume support, Strong positive day move, Strong 1M absolute return, Positive 3M return, Positive 6M return, 1M Nifty outperformance, 3M Nifty outperformance, Positive across 1M/3M/6M, 80.0% of closes stayed inside the range | Range width 24.6% | Currently 99.9% through the range"
SUNPHARMA,Healthcare,Drug Manufacturers - Specialty & Generic,1807.8,1.23,824.65,1924.63,119.22,6.07,59.05,1785.98,1653.69,1826019.0,1402706.0,0.77,Bullish,65.0,"Above 50 DMA, Above 200 DMA, Healthy RSI momentum, Near 52W high momentum, Positive day move",5.25,-1.56,21.43,-2.16,-8.67,-0.5,7.41,7.11,21.93,43.0,"Positive 1M return, Positive 6M return, 1M Nifty outperformance, 6M Nifty outperformance",56.82,Profit Booking Zone,81.13,1571.7,1864.25,18.61,80.71,80.0% of closes stayed inside the range | Range width 18.6% | Currently 80.7% through the range,15.04,11.2,21.92,20.05,10.35,13.01,5.14,2.56,1.98,9285.65,3273.67,12134.98,9933.17,38.5027,30.1242,5.5813,82.0,0.124,466430.72,78.92,Pharma / Healthcare,19.0,10.0,20.0,17.0,9.0,75.0,1.0,Cash covers debt,,2.0,77.0,General low-debt support,52.89,0.0,,61.88,Watchlist,"Above 50 DMA, Above 200 DMA, Healthy RSI momentum, Near 52W high momentum, Positive day move, Cash covers debt, Positive 1M return, Positive 6M return, 1M Nifty outperformance, 6M Nifty outperformance, 80.0% of closes stayed inside the range | Range width 18.6% | Currently 80.7% through the range"
PAGEIND,Consumer Cyclical,Apparel Manufacturing,46063.86,-3.64,31839.03,51744.07,44.68,10.98,50.3,44638.69,39247.64,40156.9,21533.0,0.54,Bullish,60.0,"Above 50 DMA, Above 200 DMA, Healthy RSI momentum, Near 52W high momentum",4.7,12.93,20.48,-2.16,-8.67,-0.5,6.86,21.6,20.98,78.0,"Positive 1M return, Positive 3M return, Positive 6M return, 1M Nifty outperformance, 3M Nifty outperformance, 6M Nifty outperformance, Positive across 1M/3M/6M",10.58,Profit Booking Zone,83.16,39220.91,46043.21,17.39,100.0,80.0% of closes stayed inside the range | Range width 17.4% | Currently 100.0% through the range,35.64,21.22,16.99,12.52,-2.81,-0.36,11.58,2.0,0.75,33.19,184.85,1080.47,984.38,55.968,41.7449,28.4266,1.56,0.052,42713.76,58.47,Consumer Discretionary,21.0,0.0,14.0,17.0,6.0,58.0,1.0,Strong ROE,"Revenue contraction, Earnings contraction",4.0,62.0,"General quality ROE, General low-debt support",37.27,0.0,,61.79,Watchlist,"Above 50 DMA, Above 200 DMA, Healthy RSI momentum, Near 52W high momentum, Strong ROE, Positive 1M return, Positive 3M return, Positive 6M return, 1M Nifty outperformance, 3M Nifty outperformance, 6M Nifty outperformance, Positive across 1M/3M/6M, 80.0% of closes stayed inside the range | Range width 17.4% | Currently 100.0% through the range"
PETRONET,Energy,Oil & Gas Refining & Marketing,328.95,1.17,166.97,359.19,97.01,8.42,61.16,317.69,305.16,2465932.6,2152669.0,0.87,Bullish,65.0,"Above 50 DMA, Above 200 DMA, Healthy RSI momentum, Near 52W high momentum, Positive day move",5.44,6.64,12.78,-2.16,-8.67,-0.5,7.6,15.31,13.28,63.0,"Positive 1M return, Positive 3M return, Positive 6M return, 1M Nifty outperformance, 3M Nifty outperformance, Positive across 1M/3M/6M",14.29,Neutral Range,78.65,308.74,344.18,11.48,57.03,80.0% of closes stayed inside the range | Range width 11.5% | Currently 57.0% through the range,20.98,14.31,8.67,7.03,-11.88,9.82,17.28,3.1,2.75,1723.37,3008.1,4871.12,4029.7,10.7263,9.9224,1.8833,3.61,0.45,41977.51,14.66,Energy / Utilities,14.0,5.0,17.0,17.0,15.0,68.0,1.0,Strong ROE,Revenue contraction,4.0,72.0,"General quality ROE, General low-debt support",30.63,0.0,,61.79,Watchlist,"Above 50 DMA, Above 200 DMA, Healthy RSI momentum, Near 52W high momentum, Positive day move, Strong ROE, Positive 1M return, Positive 3M return, Positive 6M return, 1M Nifty outperformance, 3M Nifty outperformance, Positive across 1M/3M/6M, 80.0% of closes stayed inside the range | Range width 11.5% | Currently 57.0% through the range"
DIXON,Technology,Consumer Electronics,18030.13,0.81,2549.37,19140.38,607.24,5.8,63.11,16034.6,12002.12,495929.85,135696.0,0.27,Bullish,65.0,"Above 50 DMA, Above 200 DMA, Healthy RSI momentum, Near 52W high momentum, Positive day move",15.5,27.28,58.31,-2.16,-8.67,-0.5,17.66,35.95,58.81,100.0,"Strong 1M absolute return, Strong 3M absolute return, Strong 6M absolute return, 1M Nifty outperformance, 3M Nifty outperformance, 6M Nifty outperformance, Positive across 1M/3M/6M",8.57,Profit Booking Zone,79.39,11653.93,17422.6,49.5,100.0,80.0% of closes stayed inside the range | Range width 49.5% | Currently 100.0% through the range,21.7,5.26,3.08,2.09,44.69,43.92,28.85,1.02,0.66,198.0,488.98,584.31,-0.12,40.4977,49.0426,15.3722,6.0,-0.156,83906.61,6.87,IT / Technology,8.0,20.0,9.0,9.0,4.0,50.0,1.0,Strong ROE,Negative free cash flow,5.0,55.0,Strong ROE for an asset-light business,52.37,7.0,"Low volume participation, Negative free cash flow",61.36,Watchlist,"Above 50 DMA, Above 200 DMA, Healthy RSI momentum, Near 52W high momentum, Positive day move, Strong ROE, Strong 1M absolute return, Strong 3M absolute return, Strong 6M absolute return, 1M Nifty outperformance, 3M Nifty outperformance, 6M Nifty outperformance, Positive across 1M/3M/6M, 80.0% of closes stayed inside the range | Range width 49.5% | Currently 100.0% through the range"
OBEROIRLTY,Real Estate,Real Estate - Development,2303.37,1.4,774.64,2321.71,197.35,0.79,70.57,2034.95,1763.52,1088589.15,422091.0,0.39,Bullish,52.0,"Above 50 DMA, Above 200 DMA, Strong but overbought RSI, Near 52W high momentum, Positive day move",16.57,19.75,29.56,-2.16,-8.67,-0.5,18.73,28.42,30.06,85.0,"Strong 1M absolute return, Positive 3M return, Positive 6M return, 1M Nifty outperformance, 3M Nifty outperformance, 6M Nifty outperformance, Positive across 1M/3M/6M",20.0,Profit Booking Zone,80.5,1704.91,2112.95,23.93,100.0,80.0% of closes stayed inside the range | Range width 23.9% | Currently 100.0% through the range,13.92,9.81,53.18,43.01,7.32,1.16,18.02,3.89,1.06,296.96,2495.22,2816.41,2139.39,24.9018,16.8684,3.6517,45.0,0.324,65444.77,62.61,Cement / Realty,20.0,2.0,16.0,17.0,11.0,66.0,1.0,,,2.0,68.0,General low-debt support,41.79,3.0,Low volume participation,61.32,Watchlist,"Above 50 DMA, Above 200 DMA, Strong but overbought RSI, Near 52W high momentum, Positive day move, Strong 1M absolute return, Positive 3M return, Positive 6M return, 1M Nifty outperformance, 3M Nifty outperformance, 6M Nifty outperformance, Positive across 1M/3M/6M, 80.0% of closes stayed inside the range | Range width 23.9% | Currently 100.0% through the range"
KEI,Industrials,Electrical Equipment & Parts,4311.08,3.42,1330.3,5029.01,224.07,14.28,52.24,4149.32,4142.38,300551.05,314120.0,1.05,Bullish,75.0,"Above 50 DMA, Above 200 DMA, Healthy RSI momentum, Near 52W high momentum, Normal volume support, Strong positive day move",0.01,2.24,-2.27,-2.16,-8.67,-0.5,2.17,10.91,-1.77,33.0,"Positive 1M return, Positive 3M return, 3M Nifty outperformance",25.88,Neutral Range,80.1,3977.9,4571.13,14.91,56.16,80.0% of closes stayed inside the range | Range width 14.9% | Currently 56.2% through the range,18.45,12.47,9.9,7.23,17.29,21.66,5.28,2.58,1.65,665.04,166.23,610.5,210.01,55.0991,39.2189,8.2533,8.0,0.529,55008.58,23.88,Capital Goods / Infra,14.0,16.0,20.0,17.0,7.0,74.0,1.0,"Strong ROE, Cash covers debt",,5.0,79.0,Strong order-book-driven revenue growth,38.08,0.0,,60.36,Watchlist,"Above 50 DMA, Above 200 DMA, Healthy RSI momentum, Near 52W high momentum, Normal volume support, Strong positive day move, Strong ROE, Cash covers debt, Positive 1M return, Positive 3M return, 3M Nifty outperformance, 80.0% of closes stayed inside the range | Range width 14.9% | Currently 56.2% through the range"
HSCL,Basic Materials,Specialty Chemicals,564.32,2.55,79.72,686.9,607.88,17.85,57.94,554.17,458.38,918445.85,2023409.0,2.2,Bullish,75.0,"Above 50 DMA, Above 200 DMA, Healthy RSI momentum, Strong volume expansion, Strong positive day move",6.4,-14.29,43.82,-2.16,-8.67,-0.5,8.56,-5.62,44.32,53.0,"Positive 1M return, Strong 6M absolute return, 1M Nifty outperformance, 6M Nifty outperformance",20.18,Neutral Range,75.97,421.29,639.66,51.83,65.5,80.0% of closes stayed inside the range | Range width 51.8% | Currently 65.5% through the range,13.49,9.23,13.99,9.82,0.31,90.19,19.86,1.92,1.33,214.88,604.96,404.76,352.01,47.3835,37.0097,8.1727,11.0,0.264,38468.74,36.82,Chemicals,14.0,10.0,15.0,17.0,7.0,63.0,1.0,,,2.0,65.0,General low-debt support,36.79,0.0,,60.27,Watchlist,"Above 50 DMA, Above 200 DMA, Healthy RSI momentum, Strong volume expansion, Strong positive day move, Positive 1M return, Strong 6M absolute return, 1M Nifty outperformance, 6M Nifty outperformance, 80.0% of closes stayed inside the range | Range width 51.8% | Currently 65.5% through the range"
TRENT,Consumer Cyclical,Apparel Retail,7049.21,0.81,1150.98,8327.88,512.45,15.35,54.87,6983.64,5853.09,754082.6,440974.0,0.58,Bullish,55.0,"Above 50 DMA, Above 200 DMA, Healthy RSI momentum, Positive day move",3.19,-7.24,31.69,-2.16,-8.67,-0.5,5.35,1.43,32.19,53.0,"Positive 1M return, Strong 6M absolute return, 1M Nifty outperformance, 6M Nifty outperformance",18.27,Neutral Range,75.1,5553.61,7605.92,36.95,72.87,80.0% of closes stayed inside the range | Range width 37.0% | Currently 72.9% through the range,36.55,20.76,10.52,12.18,50.45,234.39,43.09,2.02,0.99,294.55,1752.99,1348.98,612.03,88.5037,58.9539,22.8036,13.0,0.384,159276.48,43.01,Consumer Discretionary,21.0,20.0,12.0,17.0,5.0,75.0,1.0,Strong ROE,Very high PE,4.0,79.0,"General quality ROE, General low-debt support",37.27,0.0,,60.24,Watchlist,"Above 50 DMA, Above 200 DMA, Healthy RSI momentum, Positive day move, Strong ROE, Positive 1M return, Strong 6M absolute return, 1M Nifty outperformance, 6M Nifty outperformance, 80.0% of closes stayed inside the range | Range width 37.0% | Currently 72.9% through the range"
INFY,Technology,Information Technology Services,1813.33,-0.09,1064.05,1907.5,70.42,4.94,47.41,1787.3,1610.49,5153323.5,3623321.0,0.7,Bullish,42.0,"Above 50 DMA, Above 200 DMA, RSI recovering",-0.89,1.78,25.21,-2.16,-8.67,-0.5,1.27,10.45,25.71,50.0,"Positive 3M return, Positive 6M return, 3M Nifty outperformance, 6M Nifty outperformance",54.29,Profit Booking Zone,78.18,1651.96,1839.62,11.36,85.99,80.0% of closes stayed inside the range | Range width 11.4% | Currently 86.0% through the range,29.99,19.17,20.74,17.06,1.92,6.24,9.49,2.31,,177.3,100.2,314.8,288.2,15.4324,14.7125,5.1946,4.2,0.107,476334.99,29.68,IT / Technology,23.0,2.0,17.0,17.0,13.0,72.0,0.93,"Strong ROE, Cash covers debt",,10.0,82.0,"Strong ROE for an asset-light business, Strong operating margin",52.37,0.0,,59.56,Watchlist,"Above 50 DMA, Above 200 DMA, RSI recovering, Strong ROE, Cash covers debt, Positive 3M return, Positive 6M return, 3M Nifty outperformance, 6M Nifty outperformance, 80.0% of closes stayed inside the range | Range width 11.4% | Currently 86.0% through the range"
KPRMILL,Consumer Cyclical,Textile Manufacturing,1022.66,-1.91,468.75,1182.39,118.17,13.51,51.05,959.61,874.61,798164.5,203101.0,0.25,Bullish,60.0,"Above 50 DMA, Above 200 DMA, Healthy RSI momentum, Near 52W high momentum",9.1,2.71,16.26,-2.16,-8.67,-0.5,11.26,11.38,16.76,78.0,"Positive 1M return, Positive 3M return, Positive 6M return, 1M Nifty outperformance, 3M Nifty outperformance, 6M Nifty outperformance, Positive across 1M/3M/6M",10.58,Profit Booking Zone,82.89,839.25,1000.29,19.19,100.0,80.0% of closes stayed inside the range | Range width 19.2% | Currently 100.0% through the range,18.48,13.73,18.44,13.83,-2.29,-1.07,26.58,2.89,1.14,75.13,1158.42,677.94,354.47,40.8671,29.9392,6.5314,46.0,0.283,37290.43,37.35,Consumer Discretionary,21.0,0.0,14.0,17.0,7.0,59.0,1.0,Strong ROE,"Revenue contraction, Earnings contraction",4.0,63.0,"General quality ROE, General low-debt support",37.27,3.0,Low volume participation,59.14,Watchlist,"Above 50 DMA, Above 200 DMA, Healthy RSI momentum, Near 52W high momentum, Strong ROE, Positive 1M return, Positive 3M return, Positive 6M return, 1M Nifty outperformance, 3M Nifty outperformance, 6M Nifty outperformance, Positive across 1M/3M/6M, 80.0% of closes stayed inside the range | Range width 19.2% | Currently 100.0% through the range"
HINDPETRO,Energy,Oil & Gas Refining & Marketing,384.56,1.56,115.53,419.28,232.86,8.28,63.99,360.1,334.07,5597139.2,6201557.0,1.11,Bullish,70.0,"Above 50 DMA, Above 200 DMA, Healthy RSI momentum, Near 52W high momentum, Normal volume support, Positive day move",10.3,0.46,29.4,-2.16,-8.67,-0.5,12.46,9.13,29.9,70.0,"Strong 1M absolute return, Positive 3M return, Positive 6M return, 1M Nifty outperformance, 6M Nifty outperformance, Positive across 1M/3M/6M",7.14,Profit Booking Zone,84.08,318.41,387.08,21.57,96.33,80.0% of closes stayed inside the range | Range width 21.6% | Currently 96.3% through the range,34.13,8.76,4.38,3.71,-0.35,329.43,142.12,0.61,0.22,279.85,66683.82,23851.87,13780.63,49.6183,6.9656,1.2661,6.2,0.912,82985.08,6.47,Energy / Utilities,12.0,10.0,2.0,17.0,11.0,52.0,1.0,Strong ROE,Revenue contraction,2.0,54.0,General quality ROE,30.63,0.0,,58.49,Watchlist,"Above 50 DMA, Above 200 DMA, Healthy RSI momentum, Near 52W high momentum, Normal volume support, Positive day move, Strong ROE, Strong 1M absolute return, Positive 3M return, Positive 6M return, 1M Nifty outperformance, 6M Nifty outperformance, Positive across 1M/3M/6M, 80.0% of closes stayed inside the range | Range width 21.6% | Currently 96.3% through the range"
RADICO,Consumer Defensive,Beverages - Wineries & Distilleries,2532.65,0.3,920.13,2599.4,175.25,2.57,64.58,2347.21,1910.01,387106.1,152295.0,0.39,Bullish,65.0,"Above 50 DMA, Above 200 DMA, Healthy RSI momentum, Near 52W high momentum, Positive day move",6.4,20.48,41.47,-2.16,-8.67,-0.5,8.56,29.15,41.97,98.0,"Positive 1M return, Strong 3M absolute return, Strong 6M absolute return, 1M Nifty outperformance, 3M Nifty outperformance, 6M Nifty outperformance, Positive across 1M/3M/6M",4.17,Profit Booking Zone,80.1,1669.85,2417.64,44.78,100.0,80.0% of closes stayed inside the range | Range width 44.8% | Currently 100.0% through the range,10.75,6.4,9.63,6.4,32.01,18.98,42.25,1.7,1.06,86.25,1030.62,166.07,-73.15,86.2115,56.8584,18.3055,15.0,0.244,60734.22,43.35,FMCG / Consumer,7.0,18.0,13.0,9.0,5.0,52.0,1.0,,"Negative free cash flow, Very high PE",3.0,55.0,"Low debt, typical of a healthy consumer business",36.34,7.0,"Low volume participation, Negative free cash flow",58.45,Watchlist,"Above 50 DMA, Above 200 DMA, Healthy RSI momentum, Near 52W high momentum, Positive day move, Positive 1M return, Strong 3M absolute return, Strong 6M absolute return, 1M Nifty outperformance, 3M Nifty outperformance, 6M Nifty outperformance, Positive across 1M/3M/6M, 80.0% of closes stayed inside the range | Range width 44.8% | Currently 100.0% through the range"
UNITDSPR,Consumer Defensive,Beverages - Wineries & Distilleries,1534.44,0.14,709.87,1613.32,116.16,4.89,61.04,1468.49,1329.45,723621.15,544734.0,0.75,Bullish,65.0,"Above 50 DMA, Above 200 DMA, Healthy RSI momentum, Near 52W high momentum, Positive day move",3.38,-3.67,23.2,-2.16,-8.67,-0.5,5.54,5.0,23.7,43.0,"Positive 1M return, Positive 6M return, 1M Nifty outperformance, 6M Nifty outperformance",25.0,Profit Booking Zone,84.17,1302.03,1531.72,17.64,100.0,80.0% of closes stayed inside the range | Range width 17.6% | Currently 100.0% through the range,19.77,12.52,15.34,12.51,6.68,23.83,3.72,1.89,1.36,1052.0,265.0,1118.0,1020.0,64.3606,50.7888,12.1739,1.1,0.148,108993.5,46.86,FMCG / Consumer,19.0,10.0,18.0,17.0,4.0,68.0,1.0,"Strong ROE, Cash covers debt",,3.0,71.0,"Low debt, typical of a healthy consumer business",36.34,0.0,,57.3,Watchlist,"Above 50 DMA, Above 200 DMA, Healthy RSI momentum, Near 52W high momentum, Positive day move, Strong ROE, Cash covers debt, Positive 1M return, Positive 6M return, 1M Nifty outperformance, 6M Nifty outperformance, 80.0% of closes stayed inside the range | Range width 17.6% | Currently 100.0% through the range"
GLAND,Healthcare,Drug Manufacturers - Specialty & Generic,1793.96,2.52,838.01,2537.39,114.07,29.3,59.5,1706.56,1777.96,166780.25,443499.0,2.66,Bullish,75.0,"Above 50 DMA, Above 200 DMA, Healthy RSI momentum, Strong volume expansion, Strong positive day move",5.55,-1.8,3.25,-2.16,-8.67,-0.5,7.71,6.87,3.75,28.0,"Positive 1M return, Positive 6M return, 1M Nifty outperformance",71.59,Neutral Range,78.38,1623.5,1973.92,21.58,48.64,80.0% of closes stayed inside the range | Range width 21.6% | Currently 48.6% through the range,8.85,7.25,17.66,13.69,57.07,-1.1,4.27,4.04,2.85,357.09,372.17,996.8,598.54,42.2505,29.9428,4.5988,77.0,0.566,47695.16,59.05,Pharma / Healthcare,12.0,10.0,17.0,17.0,9.0,65.0,1.0,,Earnings contraction,2.0,67.0,General low-debt support,52.89,0.0,,57.13,Watchlist,"Above 50 DMA, Above 200 DMA, Healthy RSI momentum, Strong volume expansion, Strong positive day move, Positive 1M return, Positive 6M return, 1M Nifty outperformance, 80.0% of closes stayed inside the range | Range width 21.6% | Currently 48.6% through the range"
APOLLOHOSP,Healthcare,Medical Care Facilities,7223.61,0.29,3944.97,7506.0,83.11,3.76,56.17,7035.56,6539.56,324703.35,116439.0,0.36,Bullish,65.0,"Above 50 DMA, Above 200 DMA, Healthy RSI momentum, Near 52W high momentum, Positive day move",3.99,1.79,18.5,-2.16,-8.67,-0.5,6.15,10.46,19.0,78.0,"Positive 1M return, Positive 3M return, Positive 6M return, 1M Nifty outperformance, 3M Nifty outperformance, 6M Nifty outperformance, Positive across 1M/3M/6M",26.14,Profit Booking Zone,84.92,6392.69,7200.25,12.63,100.0,80.0% of closes stayed inside the range | Range width 12.6% | Currently 100.0% through the range,12.96,5.36,9.05,4.76,14.7,9.71,76.89,1.13,1.03,505.5,5332.6,1920.2,783.4,64.9369,40.1114,13.0391,23.0,0.201,123611.67,34.63,Pharma / Healthcare,6.0,10.0,8.0,17.0,5.0,46.0,1.0,,,0.0,46.0,,52.89,3.0,Low volume participation,56.78,Watchlist,"Above 50 DMA, Above 200 DMA, Healthy RSI momentum, Near 52W high momentum, Positive day move, Positive 1M return, Positive 3M return, Positive 6M return, 1M Nifty outperformance, 3M Nifty outperformance, 6M Nifty outperformance, Positive across 1M/3M/6M, 80.0% of closes stayed inside the range | Range width 12.6% | Currently 100.0% through the range"
LODHA,Real Estate,Real Estate - Development,1404.47,0.78,352.0,1635.9,299.0,14.15,56.94,1262.07,1270.22,1737994.4,614519.0,0.35,Bullish,65.0,"Above 50 DMA, Above 200 DMA, Healthy RSI momentum, Near 52W high momentum, Positive day move",10.3,1.77,-1.28,-2.16,-8.67,-0.5,12.46,10.44,-0.78,50.0,"Strong 1M absolute return, Positive 3M return, 1M Nifty outperformance, 3M Nifty outperformance",30.0,Profit Booking Zone,80.85,1162.33,1447.89,24.57,84.79,80.0% of closes stayed inside the range | Range width 24.6% | Currently 84.8% through the range,8.87,3.28,40.93,15.19,9.24,218.29,44.06,1.62,0.39,1827.0,7697.6,2512.3,2342.6,29.4089,24.8976,5.1863,35.0,0.623,120770.28,43.66,Cement / Realty,13.0,15.0,11.0,17.0,11.0,67.0,1.0,,,2.0,69.0,General low-debt support,41.79,3.0,Low volume participation,56.17,Watchlist,"Above 50 DMA, Above 200 DMA, Healthy RSI momentum, Near 52W high momentum, Positive day move, Strong 1M absolute return, Positive 3M return, 1M Nifty outperformance, 3M Nifty outperformance, 80.0% of closes stayed inside the range | Range width 24.6% | Currently 84.8% through the range"
FORTIS,Healthcare,Medical Care Facilities,670.69,-1.55,243.7,738.69,175.21,9.21,47.47,651.52,527.74,1635163.3,1308932.0,0.8,Bullish,42.0,"Above 50 DMA, Above 200 DMA, RSI recovering",4.12,12.91,39.95,-2.16,-8.67,-0.5,6.28,21.58,40.45,88.0,"Positive 1M return, Positive 3M return, Strong 6M absolute return, 1M Nifty outperformance, 3M Nifty outperformance, 6M Nifty outperformance, Positive across 1M/3M/6M",19.32,Profit Booking Zone,74.83,486.01,684.42,40.82,93.08,80.0% of closes stayed inside the range | Range width 40.8% | Currently 93.1% through the range,7.82,4.51,13.35,8.76,10.01,1.72,15.07,0.45,0.41,235.27,1155.02,1100.1,157.63,67.5676,39.5602,6.8663,11.0,0.665,67946.23,59.39,Pharma / Healthcare,6.0,5.0,9.0,17.0,5.0,42.0,1.0,,,2.0,44.0,General low-debt support,52.89,0.0,,55.83,Watchlist,"Above 50 DMA, Above 200 DMA, RSI recovering, Positive 1M return, Positive 3M return, Strong 6M absolute return, 1M Nifty outperformance, 3M Nifty outperformance, 6M Nifty outperformance, Positive across 1M/3M/6M, 80.0% of closes stayed inside the range | Range width 40.8% | Currently 93.1% through the range"
TORNTPHARM,Healthcare,Drug Manufacturers - Specialty & Generic,3358.67,0.64,1388.75,3524.92,141.85,4.72,60.0,3233.38,2991.68,338742.1,122364.0,0.36,Bullish,65.0,"Above 50 DMA, Above 200 DMA, Healthy RSI momentum, Near 52W high momentum, Positive day move",6.11,-0.2,22.6,-2.16,-8.67,-0.5,8.27,8.47,23.1,43.0,"Positive 1M return, Positive 6M return, 1M Nifty outperformance, 6M Nifty outperformance",56.82,Profit Booking Zone,83.38,3026.09,3398.18,12.3,89.38,80.0% of closes stayed inside the range | Range width 12.3% | Currently 89.4% through the range,24.16,11.0,24.35,15.68,11.61,33.02,58.66,1.03,0.61,835.14,4021.94,3266.08,2833.3,78.2379,52.2222,19.7416,78.0,0.145,186114.0,75.98,Pharma / Healthcare,20.0,15.0,6.0,17.0,5.0,63.0,1.0,Strong ROE,,4.0,67.0,"General quality ROE, General low-debt support",52.89,3.0,Low volume participation,55.38,Watchlist,"Above 50 DMA, Above 200 DMA, Healthy RSI momentum, Near 52W high momentum, Positive day move, Strong ROE, Positive 1M return, Positive 6M return, 1M Nifty outperformance, 6M Nifty outperformance, 80.0% of closes stayed inside the range | Range width 12.3% | Currently 89.4% through the range"
COROMANDEL,Basic Materials,Agricultural Inputs,1823.23,-0.56,814.36,1866.61,123.88,2.32,63.83,1709.31,1496.92,547631.55,404252.0,0.74,Bullish,60.0,"Above 50 DMA, Above 200 DMA, Healthy RSI momentum, Near 52W high momentum",4.9,12.22,18.71,-2.16,-8.67,-0.5,7.06,20.89,19.21,78.0,"Positive 1M return, Positive 3M return, Positive 6M return, 1M Nifty outperformance, 3M Nifty outperformance, 6M Nifty outperformance, Positive across 1M/3M/6M",15.79,Profit Booking Zone,84.04,1578.23,1759.41,11.48,100.0,80.0% of closes stayed inside the range | Range width 11.5% | Currently 100.0% through the range,17.43,10.36,16.19,11.87,-8.39,-18.42,5.22,2.07,1.28,1126.65,492.12,1427.69,900.8,33.365,21.4553,4.8621,53.0,0.143,61057.99,23.99,General,14.0,0.0,19.0,17.0,11.0,61.0,1.0,Cash covers debt,"Revenue contraction, Earnings contraction",2.0,63.0,General low-debt support,36.79,7.0,Earnings contraction,55.07,Watchlist,"Above 50 DMA, Above 200 DMA, Healthy RSI momentum, Near 52W high momentum, Cash covers debt, Positive 1M return, Positive 3M return, Positive 6M return, 1M Nifty outperformance, 3M Nifty outperformance, 6M Nifty outperformance, Positive across 1M/3M/6M, 80.0% of closes stayed inside the range | Range width 11.5% | Currently 100.0% through the range"
GODFRYPHLP,Consumer Defensive,Tobacco,1790.66,8.87,328.0,2738.95,445.93,34.62,43.2,1988.08,1585.42,201189.6,1312026.0,6.52,Bearish,48.0,"Above 200 DMA, Weak but watchable RSI, Strong volume expansion, Strong positive day move",-4.75,-22.07,26.47,-2.16,-8.67,-0.5,-2.59,-13.4,26.97,25.0,"Positive 6M return, 6M Nifty outperformance",35.42,Neutral Range,65.77,1350.64,2293.83,69.83,46.65,80.0% of closes stayed inside the range | Range width 69.8% | Currently 46.7% through the range,20.87,15.11,19.85,22.25,12.42,27.89,8.13,1.66,0.47,10.46,344.04,290.24,190.13,25.0856,19.6164,5.5211,2.25,0.33,34300.39,43.61,FMCG / Consumer,22.0,15.0,13.0,17.0,11.0,78.0,1.0,Strong ROE,,8.0,86.0,"Strong ROE for a consumer staples business, Low debt, typical of a healthy consumer business",36.34,0.0,,53.8,Neutral,"Above 200 DMA, Weak but watchable RSI, Strong volume expansion, Strong positive day move, Strong ROE, Positive 6M return, 6M Nifty outperformance, 80.0% of closes stayed inside the range | Range width 69.8% | Currently 46.7% through the range"
POLYCAB,Industrials,Electrical Equipment & Parts,7071.29,0.74,2262.97,7526.97,212.48,6.05,48.3,6872.74,6397.6,247353.15,153820.0,0.62,Bullish,47.0,"Above 50 DMA, Above 200 DMA, RSI recovering, Positive day move",1.43,6.86,-0.04,-2.16,-8.67,-0.5,3.59,15.53,0.46,33.0,"Positive 1M return, Positive 3M return, 3M Nifty outperformance",25.88,Neutral Range,76.68,6347.52,7336.53,15.58,73.18,80.0% of closes stayed inside the range | Range width 15.6% | Currently 73.2% through the range,21.79,14.77,12.73,10.05,27.39,40.39,24.71,2.42,1.4,307.03,2023.06,1296.24,437.72,48.941,36.4857,11.5631,52.0,0.636,139924.9,24.48,Capital Goods / Infra,17.0,20.0,14.0,17.0,7.0,75.0,1.0,Strong ROE,,5.0,80.0,Strong order-book-driven revenue growth,38.08,0.0,,53.71,Neutral,"Above 50 DMA, Above 200 DMA, RSI recovering, Positive day move, Strong ROE, Positive 1M return, Positive 3M return, 3M Nifty outperformance, 80.0% of closes stayed inside the range | Range width 15.6% | Currently 73.2% through the range"
PAYTM,Technology,Software - Infrastructure,1002.35,2.02,310.0,1062.95,223.34,5.7,64.17,853.59,568.42,8218971.05,5559568.0,0.68,Bullish,70.0,"Above 50 DMA, Above 200 DMA, Healthy RSI momentum, Near 52W high momentum, Strong positive day move",9.08,45.81,144.86,-2.16,-8.67,-0.5,11.24,54.48,145.36,98.0,"Positive 1M return, Strong 3M absolute return, Strong 6M absolute return, 1M Nifty outperformance, 3M Nifty outperformance, 6M Nifty outperformance, Positive across 1M/3M/6M",20.0,Profit Booking Zone,72.87,469.4,955.62,103.58,100.0,80.0% of closes stayed inside the range | Range width 103.6% | Currently 100.0% through the range,-10.63,-7.58,-16.5,-14.36,24.87,20.21,1.33,2.71,,4277.2,176.6,650.8,-170.9,160.3586,51.8355,6.4407,,-0.307,103222.43,36.98,IT / Technology,0.0,16.0,17.0,9.0,3.0,45.0,0.86,Cash covers debt,"Negative net margin, Negative free cash flow, Very high PE",0.0,45.0,,52.37,12.0,"Negative net margin, Negative free cash flow",53.61,Neutral,"Above 50 DMA, Above 200 DMA, Healthy RSI momentum, Near 52W high momentum, Strong positive day move, Cash covers debt, Positive 1M return, Strong 3M absolute return, Strong 6M absolute return, 1M Nifty outperformance, 3M Nifty outperformance, 6M Nifty outperformance, Positive across 1M/3M/6M, 80.0% of closes stayed inside the range | Range width 103.6% | Currently 100.0% through the range"
MRF,Consumer Cyclical,Auto Parts,130767.58,0.66,78177.46,150724.01,67.27,13.24,58.79,125735.04,130741.39,5783.05,5181.0,0.9,Bullish,65.0,"Above 50 DMA, Above 200 DMA, Healthy RSI momentum, Near 52W high momentum, Positive day move",5.36,-5.71,4.34,-2.16,-8.67,-0.5,7.52,2.96,4.84,28.0,"Positive 1M return, Positive 6M return, 1M Nifty outperformance",32.69,Neutral Range,77.76,122317.62,138346.72,13.1,52.72,80.0% of closes stayed inside the range | Range width 13.1% | Currently 52.7% through the range,12.46,7.75,11.59,8.32,9.45,170.66,16.89,1.37,0.79,303.07,2821.5,3303.36,1139.86,22.9289,19.5371,2.6445,35.0,,55467.79,35.97,Automobile,12.0,15.0,11.0,17.0,13.0,68.0,1.0,,,2.0,70.0,General low-debt support,37.27,0.0,,53.34,Neutral,"Above 50 DMA, Above 200 DMA, Healthy RSI momentum, Near 52W high momentum, Positive day move, Positive 1M return, Positive 6M return, 1M Nifty outperformance, 80.0% of closes stayed inside the range | Range width 13.1% | Currently 52.7% through the range"
SHREECEM,Basic Materials,Building Materials,26102.29,-1.37,19811.99,30343.18,31.75,13.98,46.91,25420.11,25577.18,33620.2,39157.0,1.16,Bullish,47.0,"Above 50 DMA, Above 200 DMA, RSI recovering, Normal volume support",3.62,1.69,-4.02,-2.16,-8.67,-0.5,5.78,10.36,-3.52,43.0,"Positive 1M return, Positive 3M return, 1M Nifty outperformance, 3M Nifty outperformance",24.56,Neutral Range,75.15,24116.64,27375.05,13.51,60.94,80.0% of closes stayed inside the range | Range width 13.5% | Currently 60.9% through the range,11.57,8.57,12.89,11.92,15.2,88.53,8.0,1.99,1.41,262.36,1655.55,3347.49,147.14,56.6297,37.086,10.0126,55.0,,92258.47,73.54,Cement / Realty,12.0,18.0,15.0,17.0,7.0,69.0,1.0,,,2.0,71.0,General low-debt support,36.79,0.0,,52.87,Neutral,"Above 50 DMA, Above 200 DMA, RSI recovering, Normal volume support, Positive 1M return, Positive 3M return, 1M Nifty outperformance, 3M Nifty outperformance, 80.0% of closes stayed inside the range | Range width 13.5% | Currently 60.9% through the range"
360ONE,Financial Services,Asset Management,1235.1,1.61,373.47,1290.01,230.71,4.26,66.76,1093.45,934.39,697443.2,1129000.0,1.62,Bullish,75.0,"Above 50 DMA, Above 200 DMA, Healthy RSI momentum, Near 52W high momentum, Volume expansion, Positive day move",10.98,21.45,41.63,-2.16,-8.67,-0.5,13.14,30.12,42.13,100.0,"Strong 1M absolute return, Strong 3M absolute return, Strong 6M absolute return, 1M Nifty outperformance, 3M Nifty outperformance, 6M Nifty outperformance, Positive across 1M/3M/6M",2.22,Breakout Watch,86.25,968.26,1140.17,17.75,100.0,80.0% of closes stayed inside the range | Range width 17.8% | Currently 100.0% through the range | Above upper band on elevated volume,23.31,5.32,36.73,40.09,21.79,22.23,271.07,0.85,,442.74,9351.16,-470.11,-572.17,38.533,28.3458,4.787,1.54,0.47,47239.83,72.87,Financial Services,20.0,16.0,0.0,0.0,8.0,44.0,0.93,Strong ROE,"Very high debt, Negative operating cash flow, Negative free cash flow",12.0,56.0,"High leverage is structural for this sector, Strong ROE for a leveraged-balance-sheet business",33.24,17.0,"Very high debt, Negative operating cash flow, Negative free cash flow",51.34,Neutral,"Above 50 DMA, Above 200 DMA, Healthy RSI momentum, Near 52W high momentum, Volume expansion, Positive day move, Strong ROE, Strong 1M absolute return, Strong 3M absolute return, Strong 6M absolute return, 1M Nifty outperformance, 3M Nifty outperformance, 6M Nifty outperformance, Positive across 1M/3M/6M, 80.0% of closes stayed inside the range | Range width 17.8% | Currently 100.0% through the range | Above upper band on elevated volume"
AIIL,Financial Services,Capital Markets,335.98,0.63,146.31,381.75,129.64,11.99,47.4,336.26,,281399.25,215475.0,0.77,Bearish,17.0,"RSI recovering, Positive day move",6.26,-0.54,46.69,-2.16,-8.67,-0.5,8.42,8.13,47.19,53.0,"Positive 1M return, Strong 6M absolute return, 1M Nifty outperformance, 6M Nifty outperformance",15.56,Profit Booking Zone,63.64,210.93,360.49,70.91,83.61,80.0% of closes stayed inside the range | Range width 70.9% | Currently 83.6% through the range,41.42,36.87,271.34,191.34,419.29,-0.45,10.91,5.02,,199.78,1128.34,3290.58,3242.2,28.9713,,2.9231,4.0,-0.018,47115.03,97.86,Financial Services,25.0,10.0,14.0,17.0,10.0,76.0,0.93,Strong ROE,Earnings contraction,6.0,82.0,Strong ROE for a leveraged-balance-sheet business,33.24,0.0,,51.19,Neutral,"RSI recovering, Positive day move, Strong ROE, Positive 1M return, Strong 6M absolute return, 1M Nifty outperformance, 6M Nifty outperformance, 80.0% of closes stayed inside the range | Range width 70.9% | Currently 83.6% through the range"
POLICYBZR,Financial Services,Insurance Brokers,2037.2,-1.03,356.2,2210.0,471.93,7.82,54.2,1846.91,1527.77,1544976.2,742457.0,0.48,Bullish,60.0,"Above 50 DMA, Above 200 DMA, Healthy RSI momentum, Near 52W high momentum",10.48,18.3,51.44,-2.16,-8.67,-0.5,12.64,26.97,51.94,95.0,"Strong 1M absolute return, Positive 3M return, Strong 6M absolute return, 1M Nifty outperformance, 3M Nifty outperformance, 6M Nifty outperformance, Positive across 1M/3M/6M",5.56,Profit Booking Zone,78.87,1452.73,2061.86,41.93,95.95,80.0% of closes stayed inside the range | Range width 41.9% | Currently 96.0% through the range,1.14,1.0,-7.99,1.95,34.4,113.75,4.31,7.97,,324.86,253.33,8.65,-54.7,107.8784,51.9191,10.9914,,0.375,80349.11,64.25,Financial Services,0.0,20.0,17.0,9.0,3.0,49.0,0.86,Cash covers debt,"Negative free cash flow, Very high PE",-9.0,40.0,"Weak ROE for a leveraged-balance-sheet business, Expensive relative to book value for this sector",33.24,7.0,"Low volume participation, Negative free cash flow",50.74,Neutral,"Above 50 DMA, Above 200 DMA, Healthy RSI momentum, Near 52W high momentum, Cash covers debt, Strong 1M absolute return, Positive 3M return, Strong 6M absolute return, 1M Nifty outperformance, 3M Nifty outperformance, 6M Nifty outperformance, Positive across 1M/3M/6M, 80.0% of closes stayed inside the range | Range width 41.9% | Currently 96.0% through the range"
AJANTPHARM,Healthcare,Drug Manufacturers - Specialty & Generic,2734.89,-0.46,1045.69,3384.33,161.54,19.19,39.03,2889.9,2598.06,117930.5,90050.0,0.76,Bearish,23.0,"Above 200 DMA, Weak but watchable RSI",-7.79,-13.03,21.58,-2.16,-8.67,-0.5,-5.63,-4.36,22.08,25.0,"Positive 6M return, 6M Nifty outperformance",76.14,Neutral Range,64.28,2263.71,3229.88,42.68,48.77,80.0% of closes stayed inside the range | Range width 42.7% | Currently 48.8% through the range,22.88,17.6,25.13,19.61,12.25,38.81,0.99,3.05,2.13,129.49,35.28,785.07,632.66,38.9849,30.3719,9.7708,1.82,0.216,44239.7,78.61,Pharma / Healthcare,23.0,15.0,20.0,17.0,6.0,81.0,1.0,"Strong ROE, Cash covers debt",,4.0,85.0,"General quality ROE, General low-debt support",52.89,0.0,,49.68,Neutral,"Above 200 DMA, Weak but watchable RSI, Strong ROE, Cash covers debt, Positive 6M return, 6M Nifty outperformance, 80.0% of closes stayed inside the range | Range width 42.7% | Currently 48.8% through the range"
JSL,Basic Materials,Steel,729.9,0.52,115.54,841.14,531.74,13.23,53.97,705.06,725.18,732678.45,526487.0,0.72,Bullish,65.0,"Above 50 DMA, Above 200 DMA, Healthy RSI momentum, Near 52W high momentum, Positive day move",6.95,-7.12,-9.51,-2.16,-8.67,-0.5,9.11,1.55,-9.01,18.0,"Positive 1M return, 1M Nifty outperformance",40.35,Neutral Range,77.34,671.67,781.29,16.32,53.12,80.0% of closes stayed inside the range | Range width 16.3% | Currently 53.1% through the range,18.9,8.8,9.47,7.06,7.98,28.31,42.15,1.47,0.68,1229.7,6052.26,4818.13,3343.22,18.7427,14.2066,13.508,55.0,0.554,60799.26,21.99,Metals / Mining,13.0,12.0,9.0,17.0,11.0,62.0,1.0,Strong ROE,,4.0,66.0,"General quality ROE, General low-debt support",36.79,0.0,,49.37,Neutral,"Above 50 DMA, Above 200 DMA, Healthy RSI momentum, Near 52W high momentum, Positive day move, Strong ROE, Positive 1M return, 1M Nifty outperformance, 80.0% of closes stayed inside the range | Range width 16.3% | Currently 53.1% through the range"
CGPOWER,Industrials,Electrical Equipment & Parts,740.64,4.21,209.52,871.04,253.49,14.97,47.6,744.34,672.45,2338945.05,4641557.0,1.98,Bearish,47.0,"Above 200 DMA, RSI recovering, Volume expansion, Strong positive day move",-2.69,-4.14,8.53,-2.16,-8.67,-0.5,-0.53,4.53,9.03,10.0,Positive 6M return,49.41,Neutral Range,74.77,686.39,779.29,13.53,58.4,80.0% of closes stayed inside the range | Range width 13.5% | Currently 58.4% through the range,47.29,25.37,13.16,17.94,15.39,48.23,0.58,1.64,1.35,199.84,17.56,1027.79,793.52,111.9798,63.7634,17.5463,15.0,0.42,139899.97,30.72,Capital Goods / Infra,21.0,18.0,18.0,17.0,5.0,79.0,1.0,"Strong ROE, Cash covers debt",Very high PE,5.0,84.0,Strong order-book-driven revenue growth,38.08,0.0,,49.36,Neutral,"Above 200 DMA, RSI recovering, Volume expansion, Strong positive day move, Strong ROE, Cash covers debt, Positive 6M return, 80.0% of closes stayed inside the range | Range width 13.5% | Currently 58.4% through the range"
DIVISLAB,Healthcare,Drug Manufacturers - Specialty & Generic,5836.0,1.81,2668.41,6231.26,118.71,6.34,48.08,5883.61,4793.93,547491.5,183602.0,0.34,Bearish,32.0,"Above 200 DMA, RSI recovering, Positive day move",-1.87,9.13,30.31,-2.16,-8.67,-0.5,0.29,17.8,30.81,60.0,"Positive 3M return, Strong 6M absolute return, 3M Nifty outperformance, 6M Nifty outperformance",37.5,Profit Booking Zone,73.05,4517.32,6020.64,33.28,87.72,80.0% of closes stayed inside the range | Range width 33.3% | Currently 87.7% through the range,11.79,10.34,23.5,20.52,1.71,-12.28,0.02,7.57,5.08,363.0,3.0,1261.0,258.0,88.4956,57.207,13.6211,35.0,0.22,228302.97,61.24,Pharma / Healthcare,17.0,0.0,20.0,17.0,5.0,59.0,1.0,Cash covers debt,"Earnings contraction, Very high PE",2.0,61.0,General low-debt support,52.89,3.0,Low volume participation,49.28,Neutral,"Above 200 DMA, RSI recovering, Positive day move, Cash covers debt, Positive 3M return, Strong 6M absolute return, 3M Nifty outperformance, 6M Nifty outperformance, 80.0% of closes stayed inside the range | Range width 33.3% | Currently 87.7% through the range"
NATIONALUM,Basic Materials,Aluminum,203.35,1.73,56.5,242.41,259.91,16.11,39.15,216.23,179.33,16551328.8,16027664.0,0.97,Bearish,28.0,"Above 200 DMA, Weak but watchable RSI, Positive day move",-10.43,13.02,19.35,-2.16,-8.67,-0.5,-8.27,21.69,19.85,50.0,"Positive 3M return, Positive 6M return, 3M Nifty outperformance, 6M Nifty outperformance",22.81,Neutral Range,67.11,157.84,228.01,44.46,64.86,80.0% of closes stayed inside the range | Range width 44.5% | Currently 64.9% through the range,13.82,10.34,16.33,15.21,-7.77,38.6,0.67,1.89,1.33,43.49,96.38,2727.08,1071.13,10.5607,10.8213,3.5699,1.03,0.709,77138.53,71.34,Metals / Mining,16.0,10.0,15.0,17.0,9.0,67.0,1.0,,Revenue contraction,2.0,69.0,General low-debt support,36.79,0.0,,49.17,Neutral,"Above 200 DMA, Weak but watchable RSI, Positive day move, Positive 3M return, Positive 6M return, 3M Nifty outperformance, 6M Nifty outperformance, 80.0% of closes stayed inside the range | Range width 44.5% | Currently 64.9% through the range"
KALYANKJIL,Consumer Cyclical,Luxury Goods,724.33,0.9,68.94,783.96,950.68,7.61,49.49,708.34,556.47,4345376.0,2236160.0,0.51,Bullish,47.0,"Above 50 DMA, Above 200 DMA, RSI recovering, Positive day move",4.13,-4.19,59.44,-2.16,-8.67,-0.5,6.29,4.48,59.94,53.0,"Positive 1M return, Strong 6M absolute return, 1M Nifty outperformance, 6M Nifty outperformance",18.27,Profit Booking Zone,75.28,533.07,748.63,40.44,88.73,80.0% of closes stayed inside the range | Range width 40.4% | Currently 88.7% through the range,14.26,4.66,5.71,3.23,31.71,37.92,107.3,1.32,0.22,177.71,4494.95,1321.8,950.35,43.4913,31.2985,9.7562,25.0,-0.216,61624.25,12.7,Consumer Discretionary,4.0,20.0,4.0,17.0,7.0,52.0,1.0,,,0.0,52.0,,37.27,0.0,,48.79,Neutral,"Above 50 DMA, Above 200 DMA, RSI recovering, Positive day move, Positive 1M return, Strong 6M absolute return, 1M Nifty outperformance, 6M Nifty outperformance, 80.0% of closes stayed inside the range | Range width 40.4% | Currently 88.7% through the range"
ASTERDM,Healthcare,Medical Care Facilities,498.21,0.66,151.5,517.08,228.85,3.65,67.55,450.47,384.25,1757197.9,482866.0,0.27,Bullish,65.0,"Above 50 DMA, Above 200 DMA, Healthy RSI momentum, Near 52W high momentum, Positive day move",5.62,20.29,44.25,-2.16,-8.67,-0.5,7.78,28.96,44.75,98.0,"Positive 1M return, Strong 3M absolute return, Strong 6M absolute return, 1M Nifty outperformance, 3M Nifty outperformance, 6M Nifty outperformance, Positive across 1M/3M/6M",6.82,Profit Booking Zone,81.14,333.52,481.3,44.31,100.0,80.8% of closes stayed inside the range | Range width 44.3% | Currently 100.0% through the range,2.84,0.72,10.09,3.55,23.25,-69.57,30.35,1.25,1.25,82.23,1383.75,157.81,-647.77,138.9178,42.5242,9.3243,47.0,-0.059,72170.12,58.62,Pharma / Healthcare,3.0,8.0,11.0,9.0,5.0,36.0,1.0,,"Earnings contraction, Negative free cash flow, Very high PE",2.0,38.0,General low-debt support,52.89,14.0,"Low volume participation, Earnings contraction, Negative free cash flow",47.98,Neutral,"Above 50 DMA, Above 200 DMA, Healthy RSI momentum, Near 52W high momentum, Positive day move, Positive 1M return, Strong 3M absolute return, Strong 6M absolute return, 1M Nifty outperformance, 3M Nifty outperformance, 6M Nifty outperformance, Positive across 1M/3M/6M, 80.8% of closes stayed inside the range | Range width 44.3% | Currently 100.0% through the range"
TATAINVEST,Financial Services,Asset Management,686.87,1.95,143.54,962.86,378.51,28.66,58.46,669.92,666.8,1707491.5,2392780.0,1.4,Bullish,65.0,"Above 50 DMA, Above 200 DMA, Healthy RSI momentum, Volume expansion, Positive day move",3.69,-0.19,4.12,-2.16,-8.67,-0.5,5.85,8.48,4.62,28.0,"Positive 1M return, Positive 6M return, 1M Nifty outperformance",26.11,Profit Booking Zone,82.72,613.38,698.29,13.84,86.55,80.0% of closes stayed inside the range | Range width 13.8% | Currently 86.6% through the range,1.28,1.17,,87.52,44.11,52.84,0.0,,,110.49,0.41,234.86,234.68,79.7014,,1.1785,49.0,0.314,34437.69,99.99,Financial Services,6.0,20.0,12.0,17.0,6.0,61.0,0.79,Cash covers debt,,-5.0,56.0,Weak ROE for a leveraged-balance-sheet business,33.24,0.0,,47.84,Neutral,"Above 50 DMA, Above 200 DMA, Healthy RSI momentum, Volume expansion, Positive day move, Cash covers debt, Positive 1M return, Positive 6M return, 1M Nifty outperformance, 80.0% of closes stayed inside the range | Range width 13.8% | Currently 86.6% through the range"
APARINDS,Industrials,Electrical Equipment & Parts,10103.63,1.79,1147.8,10935.26,780.26,7.61,56.65,9705.01,8528.88,66642.45,32823.0,0.49,Bullish,65.0,"Above 50 DMA, Above 200 DMA, Healthy RSI momentum, Near 52W high momentum, Positive day move",3.09,4.91,21.76,-2.16,-8.67,-0.5,5.25,13.58,22.26,78.0,"Positive 1M return, Positive 3M return, Positive 6M return, 1M Nifty outperformance, 3M Nifty outperformance, 6M Nifty outperformance, Positive across 1M/3M/6M",10.0,Profit Booking Zone,84.41,8244.71,10103.63,22.55,100.0,80.8% of closes stayed inside the range | Range width 22.5% | Currently 100.0% through the range,21.29,8.58,9.18,5.14,12.54,29.38,12.27,1.54,1.0,584.0,475.61,-283.29,-613.96,57.1429,47.8647,13.4064,38.0,0.152,72330.69,21.59,Capital Goods / Infra,10.0,15.0,18.0,0.0,7.0,50.0,1.0,"Strong ROE, Cash covers debt","Negative operating cash flow, Negative free cash flow",0.0,50.0,,38.08,12.0,"Low volume participation, Negative operating cash flow, Negative free cash flow",46.96,Neutral,"Above 50 DMA, Above 200 DMA, Healthy RSI momentum, Near 52W high momentum, Positive day move, Strong ROE, Cash covers debt, Positive 1M return, Positive 3M return, Positive 6M return, 1M Nifty outperformance, 3M Nifty outperformance, 6M Nifty outperformance, Positive across 1M/3M/6M, 80.8% of closes stayed inside the range | Range width 22.5% | Currently 100.0% through the range"
ANANDRATHI,Financial Services,Asset Management,991.78,0.62,155.16,1152.17,539.21,13.92,41.69,1016.99,972.67,261577.0,76192.0,0.29,Bearish,28.0,"Above 200 DMA, Weak but watchable RSI, Positive day move",-1.78,2.72,4.42,-2.16,-8.67,-0.5,0.38,11.39,4.92,35.0,"Positive 3M return, Positive 6M return, 3M Nifty outperformance",20.56,Neutral Range,71.58,907.12,1038.03,14.43,64.67,80.0% of closes stayed inside the range | Range width 14.4% | Currently 64.7% through the range,34.67,25.57,39.27,31.06,32.02,33.59,7.96,3.45,,33.11,51.67,277.57,273.07,78.1228,65.0423,36.4135,32.0,0.337,36346.43,57.81,Financial Services,25.0,20.0,14.0,17.0,5.0,81.0,0.93,Strong ROE,,2.0,83.0,"Strong ROE for a leveraged-balance-sheet business, Expensive relative to book value for this sector",33.24,3.0,Low volume participation,46.79,Neutral,"Above 200 DMA, Weak but watchable RSI, Positive day move, Strong ROE, Positive 3M return, Positive 6M return, 3M Nifty outperformance, 80.0% of closes stayed inside the range | Range width 14.4% | Currently 64.7% through the range"
JKCEMENT,Basic Materials,Building Materials,4566.97,0.69,2388.03,4865.63,91.24,6.14,56.49,4309.21,4261.41,118813.35,56880.0,0.48,Bullish,65.0,"Above 50 DMA, Above 200 DMA, Healthy RSI momentum, Near 52W high momentum, Positive day move",9.39,-1.12,4.92,-2.16,-8.67,-0.5,11.55,7.55,5.42,28.0,"Positive 1M return, Positive 6M return, 1M Nifty outperformance",29.82,Profit Booking Zone,82.59,4109.34,4648.22,13.11,84.92,80.0% of closes stayed inside the range | Range width 13.1% | Currently 84.9% through the range,14.73,5.34,13.41,7.06,17.88,86.71,103.45,1.29,0.94,174.41,5552.04,1959.1,786.52,43.8603,27.6921,5.922,37.0,0.412,41674.63,62.85,Cement / Realty,12.0,18.0,4.0,17.0,9.0,60.0,1.0,,,0.0,60.0,,36.79,3.0,Low volume participation,46.77,Neutral,"Above 50 DMA, Above 200 DMA, Healthy RSI momentum, Near 52W high momentum, Positive day move, Positive 1M return, Positive 6M return, 1M Nifty outperformance, 80.0% of closes stayed inside the range | Range width 13.1% | Currently 84.9% through the range"
BHARTIHEXA,Communication Services,Telecom Services,1433.3,-2.28,740.06,1583.06,93.67,9.46,52.53,1402.64,,881491.3,171574.0,0.19,Bullish,45.0,"Above 50 DMA, Healthy RSI momentum, Near 52W high momentum",10.41,2.5,16.31,-2.16,-8.67,-0.5,12.57,11.17,16.81,85.0,"Strong 1M absolute return, Positive 3M return, Positive 6M return, 1M Nifty outperformance, 3M Nifty outperformance, 6M Nifty outperformance, Positive across 1M/3M/6M",6.67,Profit Booking Zone,77.2,1100.82,1448.94,31.62,95.51,80.0% of closes stayed inside the range | Range width 31.6% | Currently 95.5% through the range,11.36,2.72,24.57,7.12,7.75,-8.16,181.64,0.32,,39.8,8062.6,3546.1,1487.8,40.7012,23.3453,10.3696,1.19,0.085,74300.0,59.93,Telecom,10.0,2.0,0.0,17.0,6.0,35.0,0.93,,Earnings contraction,0.0,35.0,,32.26,3.0,Low volume participation,46.59,Neutral,"Above 50 DMA, Healthy RSI momentum, Near 52W high momentum, Strong 1M absolute return, Positive 3M return, Positive 6M return, 1M Nifty outperformance, 3M Nifty outperformance, 6M Nifty outperformance, Positive across 1M/3M/6M, 80.0% of closes stayed inside the range | Range width 31.6% | Currently 95.5% through the range"
EMCURE,Healthcare,Drug Manufacturers - Specialty & Generic,1441.37,1.66,1222.47,1576.74,17.91,8.59,61.4,1390.55,,84782.45,160610.0,1.89,Bullish,65.0,"Above 50 DMA, Healthy RSI momentum, Near 52W high momentum, Near 52W low zone, Volume expansion, Positive day move",4.77,-1.43,,-2.16,-8.67,-0.5,6.93,7.24,,18.0,"Positive 1M return, 1M Nifty outperformance",80.68,Profit Booking Zone,81.98,1295.15,1464.77,13.1,86.2,79.3% of closes stayed inside the range | Range width 13.1% | Currently 86.2% through the range,16.87,6.38,13.94,7.57,10.97,-6.36,79.09,1.33,0.85,108.96,2334.97,1097.24,790.11,37.6541,25.8557,7.696,18.0,-0.056,38118.12,59.43,Pharma / Healthcare,12.0,5.0,6.0,17.0,7.0,47.0,1.0,,Earnings contraction,0.0,47.0,,52.89,0.0,,45.13,Neutral,"Above 50 DMA, Healthy RSI momentum, Near 52W high momentum, Near 52W low zone, Volume expansion, Positive day move, Positive 1M return, 1M Nifty outperformance, 79.3% of closes stayed inside the range | Range width 13.1% | Currently 86.2% through the range"
LTM,Technology,Information Technology Services,5603.4,0.47,3901.62,6592.7,43.62,15.01,32.59,5944.0,5388.28,354071.55,380345.0,1.07,Bearish,33.0,"Above 200 DMA, Weak but watchable RSI, Normal volume support, Positive day move",-8.13,-5.42,11.48,-2.16,-8.67,-0.5,-5.97,3.25,11.98,10.0,Positive 6M return,74.29,Lower Range Watch,72.59,5301.41,6229.82,17.51,32.53,80.0% of closes stayed inside the range | Range width 17.5% | Currently 32.5% through the range,22.89,16.62,15.68,12.9,7.03,3.94,10.34,3.28,3.28,1806.3,2070.6,5669.5,4826.3,27.0482,20.7158,5.7545,1.55,0.261,141177.8,29.77,IT / Technology,19.0,4.0,17.0,17.0,10.0,67.0,1.0,Strong ROE,,5.0,72.0,Strong ROE for an asset-light business,52.37,0.0,,43.81,Weak,"Above 200 DMA, Weak but watchable RSI, Normal volume support, Positive day move, Strong ROE, Positive 6M return, 80.0% of closes stayed inside the range | Range width 17.5% | Currently 32.5% through the range"
UBL,Consumer Defensive,Beverages - Brewers,1990.61,-1.83,1324.03,2178.1,50.34,8.61,56.68,1930.01,1938.09,183093.8,239507.0,1.31,Bullish,70.0,"Above 50 DMA, Above 200 DMA, Healthy RSI momentum, Near 52W high momentum, Volume expansion",4.62,-5.4,3.11,-2.16,-8.67,-0.5,6.78,3.27,3.61,28.0,"Positive 1M return, Positive 6M return, 1M Nifty outperformance",29.17,Neutral Range,79.1,1896.74,2079.92,9.66,51.24,80.0% of closes stayed inside the range | Range width 9.7% | Currently 51.2% through the range,9.81,5.81,6.16,5.21,7.45,34.89,2.44,1.56,1.08,129.15,102.03,69.5,-122.0,92.6769,49.7287,8.1161,71.0,-0.03,36707.37,42.07,FMCG / Consumer,4.0,12.0,18.0,9.0,5.0,48.0,1.0,Cash covers debt,"Negative free cash flow, Very high PE",3.0,51.0,"Low debt, typical of a healthy consumer business",36.34,4.0,Negative free cash flow,43.8,Weak,"Above 50 DMA, Above 200 DMA, Healthy RSI momentum, Near 52W high momentum, Volume expansion, Cash covers debt, Positive 1M return, Positive 6M return, 1M Nifty outperformance, 80.0% of closes stayed inside the range | Range width 9.7% | Currently 51.2% through the range"
ICICIBANK,Financial Services,Banks - Regional,1276.65,0.01,770.28,1340.62,65.74,4.77,47.25,1269.41,1176.07,13040236.9,7338444.0,0.56,Bullish,47.0,"Above 50 DMA, Above 200 DMA, RSI recovering, Positive day move",-0.26,-2.0,7.43,-2.16,-8.67,-0.5,1.9,6.67,7.93,10.0,Positive 6M return,48.33,Profit Booking Zone,78.54,1168.22,1301.36,11.4,81.44,80.0% of closes stayed inside the range | Range width 11.4% | Currently 81.4% through the range,17.28,1.87,,27.45,18.9,30.03,78.47,,,190129.59,200998.71,157284.48,153605.93,18.4855,15.2309,2.6994,84.0,0.261,1026998.09,0.0,Banking,10.0,18.0,4.0,17.0,15.0,64.0,0.79,,,6.0,70.0,Strong ROE for a leveraged-balance-sheet business,33.24,0.0,,43.74,Weak,"Above 50 DMA, Above 200 DMA, RSI recovering, Positive day move, Positive 6M return, 80.0% of closes stayed inside the range | Range width 11.4% | Currently 81.4% through the range"
FEDERALBNK,Financial Services,Banks - Regional,195.82,0.49,102.82,214.96,90.44,8.9,37.41,201.95,180.66,7306404.35,7075411.0,0.97,Bearish,28.0,"Above 200 DMA, Weak but watchable RSI, Positive day move",-7.14,2.56,12.24,-2.16,-8.67,-0.5,-4.98,11.23,12.74,35.0,"Positive 3M return, Positive 6M return, 3M Nifty outperformance",20.56,Neutral Range,69.92,183.9,209.23,13.77,47.06,80.0% of closes stayed inside the range | Range width 13.8% | Currently 47.1% through the range,12.89,1.22,,31.99,18.01,22.62,74.1,,,31126.48,22308.62,6431.17,6103.25,19.1033,13.2216,2.1967,34.0,0.276,88118.6,0.0,Banking,10.0,16.0,7.0,17.0,15.0,65.0,0.79,Cash covers debt,,0.0,65.0,,33.24,0.0,,43.49,Weak,"Above 200 DMA, Weak but watchable RSI, Positive day move, Cash covers debt, Positive 3M return, Positive 6M return, 3M Nifty outperformance, 80.0% of closes stayed inside the range | Range width 13.8% | Currently 47.1% through the range"
ULTRACEMCO,Basic Materials,Building Materials,11160.66,0.62,5786.89,11827.43,92.86,5.64,47.69,11001.28,10583.56,299825.3,144283.0,0.48,Bullish,47.0,"Above 50 DMA, Above 200 DMA, RSI recovering, Positive day move",2.88,-3.01,3.46,-2.16,-8.67,-0.5,5.04,5.66,3.96,28.0,"Positive 1M return, Positive 6M return, 1M Nifty outperformance",29.82,Neutral Range,75.13,10713.47,11528.4,7.61,54.87,80.0% of closes stayed inside the range | Range width 7.6% | Currently 54.9% through the range,11.63,6.95,13.85,10.03,11.99,38.33,18.93,0.86,0.55,553.58,11402.95,10897.54,1891.95,41.0332,27.5174,4.5645,2.04,0.505,349797.12,58.4,Cement / Realty,10.0,15.0,9.0,17.0,9.0,60.0,1.0,,,2.0,62.0,General low-debt support,36.79,3.0,Low volume participation,42.97,Weak,"Above 50 DMA, Above 200 DMA, RSI recovering, Positive day move, Positive 1M return, Positive 6M return, 1M Nifty outperformance, 80.0% of closes stayed inside the range | Range width 7.6% | Currently 54.9% through the range"
HDFCAMC,Financial Services,Asset Management,2050.55,1.25,732.04,2336.1,180.11,12.22,43.28,2106.63,1966.42,620300.8,572788.0,0.92,Bearish,28.0,"Above 200 DMA, Weak but watchable RSI, Positive day move",0.65,-4.51,5.57,-2.16,-8.67,-0.5,2.81,4.16,6.07,18.0,"Positive 1M return, Positive 6M return",38.89,Lower Range Watch,71.72,1975.75,2166.66,9.66,39.18,80.0% of closes stayed inside the range | Range width 9.7% | Currently 39.2% through the range,27.46,25.72,73.72,75.17,19.27,36.49,,6.88,,10.33,,1614.69,1595.66,36.6284,28.3148,11.5587,2.15,0.554,106767.91,88.85,Financial Services,25.0,18.0,5.0,17.0,7.0,72.0,0.86,Strong ROE,,2.0,74.0,"Strong ROE for a leveraged-balance-sheet business, Expensive relative to book value for this sector",33.24,0.0,,42.39,Weak,"Above 200 DMA, Weak but watchable RSI, Positive day move, Strong ROE, Positive 1M return, Positive 6M return, 80.0% of closes stayed inside the range | Range width 9.7% | Currently 39.2% through the range"
EICHERMOT,Consumer Cyclical,Auto Manufacturers,4690.77,0.18,2710.4,4987.43,73.07,5.95,49.26,4701.33,4536.11,386002.75,328172.0,0.85,Bearish,32.0,"Above 200 DMA, RSI recovering, Positive day move",-2.36,-1.92,2.42,-2.16,-8.67,-0.5,-0.2,6.75,2.92,10.0,Positive 6M return,57.69,Neutral Range,71.87,4570.46,4821.22,5.49,47.98,80.0% of closes stayed inside the range | Range width 5.5% | Currently 48.0% through the range,22.17,17.3,23.39,24.65,14.52,37.31,2.32,1.15,0.76,107.21,419.44,3723.71,2905.2,38.2557,29.6311,8.7966,1.03,0.226,220962.51,42.31,Automobile,22.0,15.0,11.0,17.0,6.0,71.0,1.0,Strong ROE,,4.0,75.0,"General quality ROE, General low-debt support",37.27,0.0,,42.34,Weak,"Above 200 DMA, RSI recovering, Positive day move, Strong ROE, Positive 6M return, 80.0% of closes stayed inside the range | Range width 5.5% | Currently 48.0% through the range"
VOLTAS,Consumer Cyclical,"Furnishings, Fixtures & Appliances",1696.47,2.17,724.31,1928.05,134.22,12.01,47.49,1716.74,1530.97,871894.75,702995.0,0.81,Bearish,37.0,"Above 200 DMA, RSI recovering, Strong positive day move",2.9,-10.44,14.44,-2.16,-8.67,-0.5,5.06,-1.77,14.94,28.0,"Positive 1M return, Positive 6M return, 1M Nifty outperformance",32.69,Neutral Range,71.26,1470.62,1842.22,25.27,60.78,80.0% of closes stayed inside the range | Range width 25.3% | Currently 60.8% through the range,4.33,2.09,3.44,2.03,32.0,86.65,12.78,1.34,0.97,815.3,743.63,761.51,468.46,113.2572,38.3226,6.6943,31.0,0.138,42684.13,22.23,Consumer Discretionary,0.0,20.0,14.0,17.0,5.0,56.0,1.0,Cash covers debt,Very high PE,2.0,58.0,General low-debt support,37.27,0.0,,42.14,Weak,"Above 200 DMA, RSI recovering, Strong positive day move, Cash covers debt, Positive 1M return, Positive 6M return, 1M Nifty outperformance, 80.0% of closes stayed inside the range | Range width 25.3% | Currently 60.8% through the range"
SBIN,Financial Services,Banks - Regional,782.36,0.05,463.91,878.22,68.64,10.92,40.14,798.32,780.77,9623271.8,8318714.0,0.86,Bearish,28.0,"Above 200 DMA, Weak but watchable RSI, Positive day move",-2.6,2.44,-3.89,-2.16,-8.67,-0.5,-0.44,11.11,-3.39,25.0,"Positive 3M return, 3M Nifty outperformance",30.0,Lower Range Watch,72.65,758.4,830.79,9.55,33.09,80.0% of closes stayed inside the range | Range width 9.5% | Currently 33.1% through the range,16.17,1.0,,20.73,19.71,20.55,134.12,,,597567.78,556503.24,21632.43,17457.3,11.5734,10.297,1.6754,1.63,0.385,998752.81,0.0,Banking,10.0,16.0,5.0,17.0,14.0,62.0,0.79,Cash covers debt,,6.0,68.0,Strong ROE for a leveraged-balance-sheet business,33.24,0.0,,42.04,Weak,"Above 200 DMA, Weak but watchable RSI, Positive day move, Cash covers debt, Positive 3M return, 3M Nifty outperformance, 80.0% of closes stayed inside the range | Range width 9.5% | Currently 33.1% through the range"
MEDANTA,Healthcare,Medical Care Facilities,1106.86,1.02,406.36,1512.82,172.38,26.83,49.67,1092.61,1190.17,414167.0,108318.0,0.26,Bullish,32.0,"Above 50 DMA, RSI recovering, Positive day move",2.89,3.12,-15.16,-2.16,-8.67,-0.5,5.05,11.79,-14.66,43.0,"Positive 1M return, Positive 3M return, 1M Nifty outperformance, 3M Nifty outperformance",56.82,Lower Range Watch,71.81,1043.96,1209.33,15.84,38.03,80.0% of closes stayed inside the range | Range width 15.8% | Currently 38.0% through the range,16.46,11.11,20.31,14.75,20.8,46.65,27.6,2.44,2.33,424.61,801.87,612.08,333.5,67.6456,41.3212,9.4493,3.0,0.14,37445.97,52.79,Pharma / Healthcare,18.0,18.0,15.0,17.0,5.0,73.0,1.0,,,2.0,75.0,General low-debt support,52.89,11.0,"Below 200 DMA, Low volume participation",41.93,Weak,"Above 50 DMA, RSI recovering, Positive day move, Positive 1M return, Positive 3M return, 1M Nifty outperformance, 3M Nifty outperformance, 80.0% of closes stayed inside the range | Range width 15.8% | Currently 38.0% through the range"
ETERNAL,Consumer Cyclical,Internet Retail,273.2,-0.6,44.35,304.7,516.01,10.34,43.33,271.46,230.61,58266036.7,26031760.0,0.45,Bullish,38.0,"Above 50 DMA, Above 200 DMA, Weak but watchable RSI",-4.05,-4.27,38.5,-2.16,-8.67,-0.5,-1.89,4.4,39.0,35.0,"Strong 6M absolute return, 6M Nifty outperformance",26.92,Profit Booking Zone,73.27,222.39,288.27,29.63,77.12,80.0% of closes stayed inside the range | Range width 29.6% | Currently 77.1% through the range,1.72,1.5,-3.16,2.9,72.2,136.15,3.67,2.62,2.58,309.0,749.0,646.0,431.0,713.75,82.0471,9.2835,,0.225,289095.37,35.19,Consumer Discretionary,0.0,20.0,17.0,17.0,3.0,57.0,0.93,,Very high PE,2.0,59.0,General low-debt support,37.27,3.0,Low volume participation,41.49,Weak,"Above 50 DMA, Above 200 DMA, Weak but watchable RSI, Strong 6M absolute return, 6M Nifty outperformance, 80.0% of closes stayed inside the range | Range width 29.6% | Currently 77.1% through the range"
PREMIERENE,Technology,Solar,1283.41,-2.59,800.52,1385.26,60.32,7.35,55.91,1145.67,,4039979.1,1910072.0,0.47,Bullish,45.0,"Above 50 DMA, Healthy RSI momentum, Near 52W high momentum",15.75,24.08,,-2.16,-8.67,-0.5,17.91,32.75,,60.0,"Strong 1M absolute return, Strong 3M absolute return, 1M Nifty outperformance, 3M Nifty outperformance",48.57,,,,,,,,35.77,6.51,12.63,7.37,119.93,1906.79,216.6,1.16,0.62,257.0,1401.09,90.15,-361.2,27.5241,20.7582,10.7314,14.0,,46322.93,39.49,IT / Technology,16.0,20.0,2.0,9.0,9.0,56.0,1.0,Strong ROE,"Very high debt, Negative free cash flow",5.0,61.0,Strong ROE for an asset-light business,52.37,15.0,"Low volume participation, Very high debt, Negative free cash flow",40.46,Weak,"Above 50 DMA, Healthy RSI momentum, Near 52W high momentum, Strong ROE, Strong 1M absolute return, Strong 3M absolute return, 1M Nifty outperformance, 3M Nifty outperformance"
MOTILALOFS,Financial Services,Capital Markets,900.89,-0.4,299.28,1267.92,201.02,28.95,42.62,929.1,677.43,2043521.75,897473.0,0.44,Bearish,23.0,"Above 200 DMA, Weak but watchable RSI",0.58,19.77,47.54,-2.16,-8.67,-0.5,2.74,28.44,48.04,78.0,"Positive 1M return, Positive 3M return, Strong 6M absolute return, 3M Nifty outperformance, 6M Nifty outperformance, Positive across 1M/3M/6M",12.22,Profit Booking Zone,64.99,553.23,956.51,72.89,86.21,80.0% of closes stayed inside the range | Range width 72.9% | Currently 86.2% through the range,27.96,7.67,39.96,47.18,35.49,162.0,157.42,1.11,,5285.67,13745.61,-349.64,-500.41,27.5451,15.2672,4.2076,1.24,0.334,54253.42,62.9,Financial Services,22.0,20.0,2.0,0.0,10.0,54.0,0.93,Strong ROE,"Negative operating cash flow, Negative free cash flow",6.0,60.0,Strong ROE for a leveraged-balance-sheet business,33.24,12.0,"Low volume participation, Negative operating cash flow, Negative free cash flow",39.24,Weak,"Above 200 DMA, Weak but watchable RSI, Strong ROE, Positive 1M return, Positive 3M return, Strong 6M absolute return, 3M Nifty outperformance, 6M Nifty outperformance, Positive across 1M/3M/6M, 80.0% of closes stayed inside the range | Range width 72.9% | Currently 86.2% through the range"
HDFCBANK,Financial Services,Banks - Regional,869.06,-0.41,646.11,912.37,34.51,4.75,46.56,860.03,789.66,22968187.9,10481678.0,0.46,Bullish,42.0,"Above 50 DMA, Above 200 DMA, RSI recovering",-1.19,0.65,5.25,-2.16,-8.67,-0.5,0.97,9.32,5.75,20.0,"Positive 3M return, Positive 6M return",33.33,Profit Booking Zone,78.63,785.28,878.82,11.91,89.57,80.0% of closes stayed inside the range | Range width 11.9% | Currently 89.6% through the range,8.96,1.41,,38.8,33.15,25.68,116.5,,,342597.33,809355.21,102232.24,96848.44,15.924,11.6454,1.8511,1.78,0.414,1123335.9,0.0,Banking,8.0,20.0,2.0,17.0,14.0,61.0,0.79,,,0.0,61.0,,33.24,3.0,Low volume participation,38.84,Weak,"Above 50 DMA, Above 200 DMA, RSI recovering, Positive 3M return, Positive 6M return, 80.0% of closes stayed inside the range | Range width 11.9% | Currently 89.6% through the range"
MPHASIS,Technology,Information Technology Services,2777.02,-0.76,1511.01,3091.63,83.79,10.18,37.72,2853.23,2578.91,464837.35,284062.0,0.61,Bearish,23.0,"Above 200 DMA, Weak but watchable RSI",-3.6,-3.65,22.81,-2.16,-8.67,-0.5,-1.44,5.02,23.31,25.0,"Positive 6M return, 6M Nifty outperformance",67.14,Neutral Range,68.62,2594.47,2976.51,14.73,47.78,80.0% of closes stayed inside the range | Range width 14.7% | Currently 47.8% through the range,17.68,11.0,13.92,11.71,-3.77,-5.07,27.16,1.58,,804.91,2388.59,2179.7,2086.01,25.3152,20.0133,4.2716,2.45,0.485,48421.74,44.45,IT / Technology,14.0,0.0,11.0,17.0,11.0,53.0,0.93,,"Revenue contraction, Earnings contraction",0.0,53.0,,52.37,0.0,,38.41,Weak,"Above 200 DMA, Weak but watchable RSI, Positive 6M return, 6M Nifty outperformance, 80.0% of closes stayed inside the range | Range width 14.7% | Currently 47.8% through the range"
BDL,Industrials,Aerospace & Defense,1180.09,-2.12,383.25,1780.16,207.92,33.71,51.05,1110.69,1195.63,872393.75,277683.0,0.32,Bullish,35.0,"Above 50 DMA, Healthy RSI momentum",6.46,6.29,-25.16,-2.16,-8.67,-0.5,8.62,14.96,-24.66,43.0,"Positive 1M return, Positive 3M return, 1M Nifty outperformance, 3M Nifty outperformance",20.59,Lower Range Watch,69.4,1038.56,1458.34,40.42,33.72,80.0% of closes stayed inside the range | Range width 40.4% | Currently 33.7% through the range,16.85,5.93,19.93,25.98,-4.86,73.98,0.1,3.07,2.41,593.84,3.74,411.72,330.83,113.6556,43.4794,11.5734,39.0,0.326,49119.37,49.94,Capital Goods / Infra,17.0,10.0,20.0,17.0,5.0,69.0,1.0,Cash covers debt,"Revenue contraction, Very high PE",0.0,69.0,,38.08,11.0,"Below 200 DMA, Low volume participation",38.36,Weak,"Above 50 DMA, Healthy RSI momentum, Cash covers debt, Positive 1M return, Positive 3M return, 1M Nifty outperformance, 3M Nifty outperformance, 80.0% of closes stayed inside the range | Range width 40.4% | Currently 33.7% through the range"
MARICO,Consumer Defensive,Household & Personal Products,620.21,-0.12,445.44,705.75,39.24,12.12,49.67,621.43,604.68,2078182.2,667331.0,0.32,Bearish,27.0,"Above 200 DMA, RSI recovering",-2.66,-8.21,3.17,-2.16,-8.67,-0.5,-0.5,0.46,3.67,10.0,Positive 6M return,52.08,Accumulation Zone,73.89,604.84,679.0,12.26,20.72,80.0% of closes stayed inside the range | Range width 12.3% | Currently 20.7% through the range,38.65,19.96,19.51,15.47,-1.2,13.75,13.78,1.64,1.09,228.0,528.0,1387.0,1234.0,58.8033,43.8817,26.3637,47.0,0.184,110823.09,43.87,FMCG / Consumer,23.0,5.0,15.0,17.0,7.0,67.0,1.0,Strong ROE,Revenue contraction,8.0,75.0,"Strong ROE for a consumer staples business, Low debt, typical of a healthy consumer business",36.34,3.0,Low volume participation,37.95,Weak,"Above 200 DMA, RSI recovering, Strong ROE, Positive 6M return, 80.0% of closes stayed inside the range | Range width 12.3% | Currently 20.7% through the range"
LAURUSLABS,Healthcare,Drug Manufacturers - Specialty & Generic,568.79,0.61,276.17,598.68,105.95,4.99,60.29,519.97,460.81,2123101.95,831290.0,0.39,Bullish,65.0,"Above 50 DMA, Above 200 DMA, Healthy RSI momentum, Near 52W high momentum, Positive day move",5.02,23.75,33.6,-2.16,-8.67,-0.5,7.18,32.42,34.1,98.0,"Positive 1M return, Strong 3M absolute return, Strong 6M absolute return, 1M Nifty outperformance, 3M Nifty outperformance, 6M Nifty outperformance, Positive across 1M/3M/6M",6.82,Profit Booking Zone,82.08,432.74,568.92,31.47,99.9,80.0% of closes stayed inside the range | Range width 31.5% | Currently 99.9% through the range,3.91,1.91,7.89,3.21,-16.83,-79.68,62.7,1.23,0.64,138.94,2577.4,665.69,-12.62,91.358,64.5153,18.8439,13.0,0.357,99957.76,59.45,Pharma / Healthcare,0.0,0.0,6.0,9.0,5.0,20.0,1.0,,"Revenue contraction, Earnings contraction, Negative free cash flow, Very high PE",2.0,22.0,General low-debt support,52.89,19.0,"Low volume participation, Revenue contraction, Earnings contraction, Negative free cash flow",37.38,Weak,"Above 50 DMA, Above 200 DMA, Healthy RSI momentum, Near 52W high momentum, Positive day move, Positive 1M return, Strong 3M absolute return, Strong 6M absolute return, 1M Nifty outperformance, 3M Nifty outperformance, 6M Nifty outperformance, Positive across 1M/3M/6M, 80.0% of closes stayed inside the range | Range width 31.5% | Currently 99.9% through the range"
FLUOROCHEM,Basic Materials,Specialty Chemicals,4355.96,0.16,2472.27,4877.1,76.19,10.69,58.03,4248.97,3653.34,140132.65,47880.0,0.34,Bullish,65.0,"Above 50 DMA, Above 200 DMA, Healthy RSI momentum, Near 52W high momentum, Positive day move",12.11,2.48,31.4,-2.16,-8.67,-0.5,14.27,11.15,31.9,95.0,"Strong 1M absolute return, Positive 3M return, Strong 6M absolute return, 1M Nifty outperformance, 3M Nifty outperformance, 6M Nifty outperformance, Positive across 1M/3M/6M",7.89,Profit Booking Zone,80.67,3214.17,4403.16,36.99,96.03,80.0% of closes stayed inside the range | Range width 37.0% | Currently 96.0% through the range,7.33,4.71,15.01,10.37,-25.04,-67.27,35.31,1.36,0.73,31.45,2095.95,626.34,-344.23,87.6185,44.0047,6.5534,7.0,-0.005,50155.31,51.34,Chemicals,6.0,0.0,9.0,9.0,5.0,29.0,1.0,,"Revenue contraction, Earnings contraction, Negative free cash flow, Very high PE",2.0,31.0,General low-debt support,36.79,19.0,"Low volume participation, Revenue contraction, Earnings contraction, Negative free cash flow",37.37,Weak,"Above 50 DMA, Above 200 DMA, Healthy RSI momentum, Near 52W high momentum, Positive day move, Strong 1M absolute return, Positive 3M return, Strong 6M absolute return, 1M Nifty outperformance, 3M Nifty outperformance, 6M Nifty outperformance, Positive across 1M/3M/6M, 80.0% of closes stayed inside the range | Range width 37.0% | Currently 96.0% through the range"
ADANIPORTS,Industrials,Marine Shipping,1232.73,5.22,387.26,1599.91,218.32,22.95,50.59,1272.13,1366.86,4680183.2,3827047.0,0.82,Bearish,30.0,"Healthy RSI momentum, Strong positive day move",3.67,-14.36,-15.25,-2.16,-8.67,-0.5,5.83,-5.69,-14.75,18.0,"Positive 1M return, 1M Nifty outperformance",42.35,Accumulation Zone,74.43,1204.27,1488.07,23.57,10.03,80.0% of closes stayed inside the range | Range width 23.6% | Currently 10.0% through the range,15.32,6.82,45.5,30.36,28.1,52.78,92.86,1.06,1.03,1575.73,49166.66,15017.58,7601.28,28.4908,21.3027,3.9976,45.0,0.507,383609.18,64.4,Capital Goods / Infra,18.0,20.0,8.0,17.0,11.0,74.0,1.0,,,5.0,79.0,Strong order-book-driven revenue growth,38.08,8.0,Below 200 DMA,37.36,Weak,"Healthy RSI momentum, Strong positive day move, Positive 1M return, 1M Nifty outperformance, 80.0% of closes stayed inside the range | Range width 23.6% | Currently 10.0% through the range"
CIPLA,Healthcare,Drug Manufacturers - Specialty & Generic,1461.09,1.0,821.48,1668.41,77.86,12.43,50.71,1475.68,1478.46,2715285.35,1254464.0,0.46,Bearish,35.0,"Healthy RSI momentum, Near 52W high momentum, Positive day move",-0.04,-9.29,1.63,-2.16,-8.67,-0.5,2.12,-0.62,2.13,10.0,Positive 6M return,88.64,Accumulation Zone,77.14,1442.91,1619.38,12.23,10.3,80.0% of closes stayed inside the range | Range width 12.2% | Currently 10.3% through the range,15.43,12.6,21.1,16.2,13.23,47.1,2.09,3.71,2.71,640.07,559.41,4133.91,2784.61,35.0839,23.0495,3.4322,89.0,0.086,118188.92,63.28,Pharma / Healthcare,19.0,15.0,20.0,17.0,9.0,80.0,1.0,Cash covers debt,,2.0,82.0,General low-debt support,52.89,11.0,"Below 200 DMA, Low volume participation",36.88,Weak,"Healthy RSI momentum, Near 52W high momentum, Positive day move, Cash covers debt, Positive 6M return, 80.0% of closes stayed inside the range | Range width 12.2% | Currently 10.3% through the range"
ZYDUSLIFE,Healthcare,Drug Manufacturers - Specialty & Generic,945.95,-0.74,341.92,1308.13,176.66,27.69,42.02,968.84,1037.2,916243.9,1348311.0,1.47,Bearish,18.0,"Weak but watchable RSI, Volume expansion",0.7,-9.95,-9.92,-2.16,-8.67,-0.5,2.86,-1.28,-9.42,8.0,Positive 1M return,95.45,Accumulation Zone,73.19,952.97,1191.72,25.05,0.0,80.0% of closes stayed inside the range | Range width 25.1% | Currently 0.0% through the range,19.46,13.18,23.86,20.29,12.7,96.88,4.06,2.15,1.51,413.0,804.2,3196.3,2289.7,26.8374,24.5592,4.4723,8.0,0.37,120199.21,72.11,Pharma / Healthcare,22.0,15.0,17.0,17.0,11.0,82.0,1.0,Strong ROE,,4.0,86.0,"General quality ROE, General low-debt support",52.89,8.0,Below 200 DMA,36.53,Weak,"Weak but watchable RSI, Volume expansion, Strong ROE, Positive 1M return, 80.0% of closes stayed inside the range | Range width 25.1% | Currently 0.0% through the range"
SOLARINDS,Basic Materials,Specialty Chemicals,10203.01,0.36,3150.56,13282.2,223.85,23.18,46.83,10424.55,10048.05,100590.0,37665.0,0.37,Bearish,32.0,"Above 200 DMA, RSI recovering, Positive day move",-0.74,-12.26,3.17,-2.16,-8.67,-0.5,1.42,-3.59,3.67,10.0,Positive 6M return,52.63,Accumulation Zone,76.12,10049.25,11534.44,14.78,10.35,80.0% of closes stayed inside the range | Range width 14.8% | Currently 10.4% through the range,25.29,14.57,24.09,14.15,-12.71,10.4,41.37,1.76,1.2,258.98,1367.55,1406.01,846.26,100.7965,56.2038,27.0006,6.0,0.238,169487.88,49.2,Chemicals,23.0,5.0,13.0,17.0,5.0,63.0,1.0,Strong ROE,"Revenue contraction, Very high PE",4.0,67.0,"General quality ROE, General low-debt support",36.79,3.0,Low volume participation,36.47,Weak,"Above 200 DMA, RSI recovering, Positive day move, Strong ROE, Positive 6M return, 80.0% of closes stayed inside the range | Range width 14.8% | Currently 10.4% through the range"
HONAUT,Industrials,Electrical Equipment & Parts,41993.2,2.98,34012.96,59548.55,23.46,29.48,53.77,43607.96,47590.57,10399.15,12639.0,1.22,Bearish,40.0,"Healthy RSI momentum, Near 52W low zone, Normal volume support, Strong positive day move",1.97,-14.76,-26.28,-2.16,-8.67,-0.5,4.13,-6.09,-25.78,8.0,Positive 1M return,52.94,Accumulation Zone,75.24,40712.84,53950.8,32.52,9.67,80.0% of closes stayed inside the range | Range width 32.5% | Currently 9.7% through the range,13.9,10.24,13.78,12.37,18.15,14.47,1.65,3.72,3.59,2822.4,59.6,438.7,406.7,60.9754,45.3198,7.4533,29.0,0.513,33283.77,38.95,Capital Goods / Infra,16.0,13.0,20.0,17.0,5.0,71.0,1.0,Cash covers debt,,5.0,76.0,Strong order-book-driven revenue growth,38.08,8.0,Below 200 DMA,36.31,Weak,"Healthy RSI momentum, Near 52W low zone, Normal volume support, Strong positive day move, Cash covers debt, Positive 1M return, 80.0% of closes stayed inside the range | Range width 32.5% | Currently 9.7% through the range"
JSWINFRA,Industrials,Marine Shipping,307.83,-0.88,141.18,358.36,118.04,14.1,43.78,309.64,297.65,1729715.75,794057.0,0.46,Bearish,23.0,"Above 200 DMA, Weak but watchable RSI",-0.05,-8.9,-4.95,-2.16,-8.67,-0.5,2.11,-0.23,-4.45,0.0,,77.65,Accumulation Zone,74.1,302.71,341.05,12.66,13.35,80.0% of closes stayed inside the range | Range width 12.7% | Currently 13.3% through the range,14.4,8.36,41.12,30.72,19.26,56.24,59.29,7.4,7.25,723.39,4758.48,1803.21,1554.5,48.9548,30.9322,6.6442,26.0,0.554,80243.51,52.82,Capital Goods / Infra,20.0,18.0,12.0,17.0,7.0,74.0,1.0,,,5.0,79.0,Strong order-book-driven revenue growth,38.08,3.0,Low volume participation,36.11,Weak,"Above 200 DMA, Weak but watchable RSI, 80.0% of closes stayed inside the range | Range width 12.7% | Currently 13.3% through the range"
MUTHOOTFIN,Financial Services,Credit Services,2020.48,1.35,861.43,2110.12,134.55,4.25,56.8,1913.7,1766.08,510907.1,222471.0,0.44,Bullish,65.0,"Above 50 DMA, Above 200 DMA, Healthy RSI momentum, Near 52W high momentum, Positive day move",6.29,0.97,16.17,-2.16,-8.67,-0.5,8.45,9.64,16.67,63.0,"Positive 1M return, Positive 3M return, Positive 6M return, 1M Nifty outperformance, 6M Nifty outperformance, Positive across 1M/3M/6M",14.44,Profit Booking Zone,84.85,1769.95,2001.47,13.08,100.0,80.0% of closes stayed inside the range | Range width 13.1% | Currently 100.0% through the range,17.22,4.48,,44.78,25.24,19.71,269.81,,,6389.0,67741.84,-13605.49,-13827.91,10.2879,9.0103,2.951,1.03,0.529,115474.38,100.0,Financial Services,10.0,18.0,0.0,0.0,14.0,42.0,0.79,,"Very high debt, Negative operating cash flow, Negative free cash flow",12.0,54.0,"High leverage is structural for this sector, Strong ROE for a leveraged-balance-sheet business",33.24,20.0,"Low volume participation, Very high debt, Negative operating cash flow, Negative free cash flow",35.89,Weak,"Above 50 DMA, Above 200 DMA, Healthy RSI momentum, Near 52W high momentum, Positive day move, Positive 1M return, Positive 3M return, Positive 6M return, 1M Nifty outperformance, 6M Nifty outperformance, Positive across 1M/3M/6M, 80.0% of closes stayed inside the range | Range width 13.1% | Currently 100.0% through the range"
PATANJALI,Consumer Defensive,Packaged Foods,568.96,-0.93,278.5,655.98,104.3,13.27,33.73,595.86,541.11,1378193.55,2879901.0,2.09,Bearish,38.0,"Above 200 DMA, Weak but watchable RSI, Strong volume expansion",-1.83,-0.37,11.01,-2.16,-8.67,-0.5,0.33,8.3,11.51,10.0,Positive 6M return,52.08,Lower Range Watch,73.78,539.81,629.73,16.66,32.42,80.0% of closes stayed inside the range | Range width 16.7% | Currently 32.4% through the range,7.5,5.77,3.41,2.42,1.25,-13.68,10.28,2.57,1.32,537.43,1048.73,1746.25,1646.13,21.1645,19.163,2.9269,99.0,-0.175,38358.64,13.03,FMCG / Consumer,2.0,0.0,16.0,17.0,13.0,48.0,1.0,,Earnings contraction,3.0,51.0,"Low debt, typical of a healthy consumer business",36.34,0.0,,35.3,Weak,"Above 200 DMA, Weak but watchable RSI, Strong volume expansion, Positive 6M return, 80.0% of closes stayed inside the range | Range width 16.7% | Currently 32.4% through the range"
AEGISLOG,Energy,Oil & Gas Refining & Marketing,791.98,-1.1,235.58,954.72,236.19,17.05,50.97,779.67,706.59,1185424.75,201306.0,0.17,Bullish,50.0,"Above 50 DMA, Above 200 DMA, Healthy RSI momentum",-1.71,7.21,-2.76,-2.16,-8.67,-0.5,0.45,15.88,-2.26,25.0,"Positive 3M return, 3M Nifty outperformance",21.43,Neutral Range,73.38,721.63,866.79,20.11,48.46,80.0% of closes stayed inside the range | Range width 20.1% | Currently 48.5% through the range,14.62,7.05,11.18,8.09,-18.36,22.95,68.44,2.73,2.67,1032.3,2665.43,655.53,39.11,36.3676,33.7418,7.3301,1.03,0.55,44383.95,26.48,Energy / Utilities,12.0,8.0,12.0,17.0,6.0,55.0,1.0,,Revenue contraction,2.0,57.0,General low-debt support,30.63,8.0,"Low volume participation, Revenue contraction",35.29,Weak,"Above 50 DMA, Above 200 DMA, Healthy RSI momentum, Positive 3M return, 3M Nifty outperformance, 80.0% of closes stayed inside the range | Range width 20.1% | Currently 48.5% through the range"
PHOENIXLTD,Real Estate,Real Estate - Diversified,1727.23,1.97,589.78,2062.23,192.86,16.24,52.71,1622.98,1647.26,666647.35,259301.0,0.39,Bullish,55.0,"Above 50 DMA, Above 200 DMA, Healthy RSI momentum, Positive day move",2.66,-3.47,-5.15,-2.16,-8.67,-0.5,4.82,5.2,-4.65,8.0,Positive 1M return,85.0,Neutral Range,75.33,1512.6,1865.73,23.35,60.78,80.0% of closes stayed inside the range | Range width 23.3% | Currently 60.8% through the range,11.62,5.71,50.05,28.19,49.9,-17.66,49.05,1.54,1.19,454.44,4639.24,2160.94,487.29,52.0776,38.1787,6.199,13.0,0.324,68134.93,93.68,Cement / Realty,16.0,10.0,13.0,17.0,7.0,63.0,1.0,,Earnings contraction,2.0,65.0,General low-debt support,41.79,10.0,"Low volume participation, Earnings contraction",34.77,Avoid,"Above 50 DMA, Above 200 DMA, Healthy RSI momentum, Positive day move, Positive 1M return, 80.0% of closes stayed inside the range | Range width 23.3% | Currently 60.8% through the range"
VBL,Consumer Defensive,Beverages - Non-Alcoholic,620.27,-0.51,179.77,676.37,245.03,8.29,48.96,610.46,603.24,5585363.3,1499003.0,0.27,Bullish,42.0,"Above 50 DMA, Above 200 DMA, RSI recovering",1.81,-1.45,-2.86,-2.16,-8.67,-0.5,3.97,7.22,-2.36,8.0,Positive 1M return,64.58,Neutral Range,74.68,585.01,642.68,9.86,61.13,80.0% of closes stayed inside the range | Range width 9.9% | Currently 61.1% through the range,29.64,13.54,20.01,13.16,20.9,37.3,78.3,1.02,0.5,242.21,5431.31,2390.78,-873.27,44.006,37.7022,7.6091,46.0,0.298,148997.58,55.45,FMCG / Consumer,23.0,18.0,6.0,9.0,7.0,63.0,1.0,Strong ROE,Negative free cash flow,5.0,68.0,Strong ROE for a consumer staples business,36.34,7.0,"Low volume participation, Negative free cash flow",34.75,Avoid,"Above 50 DMA, Above 200 DMA, RSI recovering, Strong ROE, Positive 1M return, 80.0% of closes stayed inside the range | Range width 9.9% | Currently 61.1% through the range"
PRESTIGE,Real Estate,Real Estate - Diversified,1747.59,-0.01,388.74,2067.83,349.55,15.49,50.42,1699.36,1637.8,905323.3,481456.0,0.53,Bullish,50.0,"Above 50 DMA, Above 200 DMA, Healthy RSI momentum",7.51,-4.8,-9.01,-2.16,-8.67,-0.5,9.67,3.87,-8.51,18.0,"Positive 1M return, 1M Nifty outperformance",45.0,Neutral Range,74.18,1626.97,1862.53,14.48,51.2,80.0% of closes stayed inside the range | Range width 14.5% | Currently 51.2% through the range,12.17,2.83,23.13,17.61,-5.01,45.9,119.22,1.19,0.38,2267.9,13458.0,1297.3,-609.4,60.0718,27.7803,4.2105,13.0,0.445,68516.26,58.8,Cement / Realty,14.0,10.0,4.0,9.0,7.0,44.0,1.0,,"Revenue contraction, Negative free cash flow",0.0,44.0,,41.79,4.0,Negative free cash flow,34.67,Avoid,"Above 50 DMA, Above 200 DMA, Healthy RSI momentum, Positive 1M return, 1M Nifty outperformance, 80.0% of closes stayed inside the range | Range width 14.5% | Currently 51.2% through the range"
LT,Industrials,Engineering & Construction,3561.18,-0.28,1730.13,3888.89,105.83,8.43,40.71,3575.84,3540.45,1921640.4,1124705.0,0.59,Bearish,23.0,"Above 200 DMA, Weak but watchable RSI",-1.87,-4.33,0.74,-2.16,-8.67,-0.5,0.29,4.34,1.24,10.0,Positive 6M return,49.41,Lower Range Watch,70.0,3431.45,3720.45,8.42,44.89,80.0% of closes stayed inside the range | Range width 8.4% | Currently 44.9% through the range,15.12,3.84,9.92,5.96,20.62,24.72,134.7,1.23,1.2,11958.5,116322.22,18266.28,13749.75,33.4443,22.303,5.06,94.0,0.508,553098.2,37.43,Capital Goods / Infra,4.0,16.0,6.0,17.0,11.0,54.0,1.0,,,5.0,59.0,Strong order-book-driven revenue growth,38.08,0.0,,34.61,Avoid,"Above 200 DMA, Weak but watchable RSI, Positive 6M return, 80.0% of closes stayed inside the range | Range width 8.4% | Currently 44.9% through the range"
UNOMINDA,Consumer Cyclical,Auto Parts,1038.43,-1.5,431.26,1249.33,140.79,16.88,50.17,1006.6,943.94,536669.2,534623.0,1.0,Bullish,50.0,"Above 50 DMA, Above 200 DMA, Healthy RSI momentum",-0.32,-9.32,-1.1,-2.16,-8.67,-0.5,1.84,-0.65,-0.6,0.0,,83.65,Lower Range Watch,74.02,953.84,1144.84,20.02,44.29,80.0% of closes stayed inside the range | Range width 20.0% | Currently 44.3% through the range,17.68,8.84,7.63,6.29,25.49,33.95,34.45,1.23,0.78,240.63,1706.33,979.34,-70.0,59.307,38.9381,10.4196,21.0,0.289,71167.06,34.04,Automobile,11.0,20.0,9.0,9.0,7.0,56.0,1.0,,Negative free cash flow,2.0,58.0,General low-debt support,37.27,4.0,Negative free cash flow,34.39,Avoid,"Above 50 DMA, Above 200 DMA, Healthy RSI momentum, 80.0% of closes stayed inside the range | Range width 20.0% | Currently 44.3% through the range"
CUMMINSIND,Industrials,Specialty Industrial Machinery,3269.29,-0.38,1088.43,4032.79,200.37,18.93,42.07,3393.38,3429.95,518751.35,2207146.0,4.25,Bearish,23.0,"Weak but watchable RSI, Strong volume expansion",-3.9,-10.61,-15.43,-2.16,-8.67,-0.5,-1.74,-1.94,-14.93,0.0,,77.65,Accumulation Zone,75.94,3299.28,3751.91,13.72,0.0,80.0% of closes stayed inside the range | Range width 13.7% | Currently 0.0% through the range,26.02,19.18,18.19,19.42,15.95,40.1,1.92,2.89,2.43,299.89,126.98,1285.34,997.16,62.7339,45.4491,17.5475,1.23,0.546,148717.8,35.46,Capital Goods / Infra,24.0,18.0,20.0,17.0,4.0,83.0,1.0,"Strong ROE, Cash covers debt",,5.0,88.0,Strong order-book-driven revenue growth,38.08,8.0,Below 200 DMA,34.26,Avoid,"Weak but watchable RSI, Strong volume expansion, Strong ROE, Cash covers debt, 80.0% of closes stayed inside the range | Range width 13.7% | Currently 0.0% through the range"
TECHM,Technology,Information Technology Services,1609.12,-0.36,859.95,1712.37,87.12,6.03,43.09,1620.65,1398.64,1618321.25,659638.0,0.41,Bearish,23.0,"Above 200 DMA, Weak but watchable RSI",-3.31,6.94,23.54,-2.16,-8.67,-0.5,-1.15,15.61,24.04,50.0,"Positive 3M return, Positive 6M return, 3M Nifty outperformance, 6M Nifty outperformance",54.29,Profit Booking Zone,72.15,1397.07,1662.06,18.97,80.02,80.0% of closes stayed inside the range | Range width 19.0% | Currently 80.0% through the range,8.84,5.43,6.58,4.53,-2.43,-51.2,9.51,1.86,1.85,4347.1,2536.7,6376.4,5585.3,28.4091,18.707,4.8593,3.1,0.162,143950.49,35.76,IT / Technology,4.0,0.0,19.0,17.0,11.0,51.0,1.0,Cash covers debt,"Revenue contraction, Earnings contraction",0.0,51.0,,52.37,10.0,"Low volume participation, Earnings contraction",33.96,Avoid,"Above 200 DMA, Weak but watchable RSI, Cash covers debt, Positive 3M return, Positive 6M return, 3M Nifty outperformance, 6M Nifty outperformance, 80.0% of closes stayed inside the range | Range width 19.0% | Currently 80.0% through the range"
DLF,Real Estate,Real Estate - Development,822.29,-0.36,325.47,943.27,152.65,12.83,48.01,811.91,830.51,3012292.6,1616769.0,0.54,Bullish,27.0,"Above 50 DMA, RSI recovering",1.82,-8.88,2.15,-2.16,-8.67,-0.5,3.98,-0.21,2.65,18.0,"Positive 1M return, Positive 6M return",45.0,Neutral Range,70.12,787.48,858.35,9.0,49.11,80.0% of closes stayed inside the range | Range width 9.0% | Currently 49.1% through the range,6.92,4.53,29.33,43.64,9.98,33.96,12.26,2.3,0.81,767.53,4833.86,2538.81,2423.29,36.8868,25.8892,3.6022,1.23,0.386,163803.75,46.51,Cement / Realty,12.0,15.0,14.0,17.0,8.0,66.0,1.0,,,2.0,68.0,General low-debt support,41.79,8.0,Below 200 DMA,33.32,Avoid,"Above 50 DMA, RSI recovering, Positive 1M return, Positive 6M return, 80.0% of closes stayed inside the range | Range width 9.0% | Currently 49.1% through the range"
ALKEM,Healthcare,Drug Manufacturers - Specialty & Generic,5305.05,0.04,2739.33,6316.6,93.66,16.01,41.7,5562.46,5336.05,133607.4,80638.0,0.6,Bearish,13.0,"Weak but watchable RSI, Positive day move",-0.76,-13.14,8.84,-2.16,-8.67,-0.5,1.4,-4.47,9.34,10.0,Positive 6M return,88.64,Accumulation Zone,70.22,5121.77,6109.81,19.29,18.55,80.0% of closes stayed inside the range | Range width 19.3% | Currently 18.5% through the range,17.41,11.53,15.96,14.44,8.73,82.47,13.75,2.61,1.94,455.07,1418.41,1948.07,1688.78,28.4883,24.2259,4.741,36.0,0.295,65521.62,64.12,Pharma / Healthcare,16.0,15.0,17.0,17.0,11.0,76.0,1.0,,,2.0,78.0,General low-debt support,52.89,8.0,Below 200 DMA,32.98,Avoid,"Weak but watchable RSI, Positive day move, Positive 6M return, 80.0% of closes stayed inside the range | Range width 19.3% | Currently 18.5% through the range"
SUPREMEIND,Industrials,Building Products & Equipment,4684.07,-0.11,1762.06,6324.19,165.83,25.93,47.65,4623.36,4952.7,273029.15,37776.0,0.14,Bullish,27.0,"Above 50 DMA, RSI recovering",3.88,-8.84,-17.34,-2.16,-8.67,-0.5,6.04,-0.17,-16.84,18.0,"Positive 1M return, 1M Nifty outperformance",42.35,Accumulation Zone,72.29,4471.75,5499.19,22.98,20.66,80.0% of closes stayed inside the range | Range width 23.0% | Currently 20.7% through the range,20.94,16.32,12.47,10.61,10.32,23.62,1.08,2.58,1.52,1178.51,55.06,1412.9,863.56,42.4997,33.2494,7.1243,1.05,0.182,43969.03,32.69,Capital Goods / Infra,17.0,13.0,20.0,17.0,6.0,73.0,1.0,"Strong ROE, Cash covers debt",,0.0,73.0,,38.08,11.0,"Below 200 DMA, Low volume participation",31.51,Avoid,"Above 50 DMA, RSI recovering, Strong ROE, Cash covers debt, Positive 1M return, 1M Nifty outperformance, 80.0% of closes stayed inside the range | Range width 23.0% | Currently 20.7% through the range"
BALKRISIND,Consumer Cyclical,Auto Parts,2792.82,0.55,1750.0,3327.52,59.59,16.07,50.55,2804.31,2805.52,202544.05,176683.0,0.87,Bearish,25.0,"Healthy RSI momentum, Positive day move",3.23,-6.69,-10.68,-2.16,-8.67,-0.5,5.39,1.98,-10.18,18.0,"Positive 1M return, 1M Nifty outperformance",44.23,Accumulation Zone,74.34,2742.25,3121.71,13.84,13.33,80.0% of closes stayed inside the range | Range width 13.8% | Currently 13.3% through the range,16.62,10.75,17.26,15.82,-3.54,39.16,35.01,1.27,0.9,74.62,3099.44,2081.99,983.44,34.3358,24.8272,4.406,75.0,0.321,48269.36,50.17,Automobile,16.0,10.0,9.0,17.0,11.0,63.0,1.0,,Revenue contraction,2.0,65.0,General low-debt support,37.27,8.0,Below 200 DMA,31.09,Avoid,"Healthy RSI momentum, Positive day move, Positive 1M return, 1M Nifty outperformance, 80.0% of closes stayed inside the range | Range width 13.8% | Currently 13.3% through the range"
AMBUJACEM,Basic Materials,Building Materials,544.11,1.05,309.86,700.9,75.6,22.37,45.61,552.47,606.7,2364849.75,1688865.0,0.71,Bearish,17.0,"RSI recovering, Positive day move",6.56,-10.92,-16.48,-2.16,-8.67,-0.5,8.72,-2.25,-15.98,18.0,"Positive 1M return, 1M Nifty outperformance",40.35,Accumulation Zone,74.14,544.11,673.41,23.76,0.0,80.8% of closes stayed inside the range | Range width 23.8% | Currently 0.0% through the range,8.62,5.49,14.7,10.99,4.99,84.34,1.69,1.98,1.68,3007.1,699.01,5645.82,1163.36,23.7585,28.9663,1.7535,47.0,0.221,104610.8,56.82,Cement / Realty,10.0,12.0,19.0,17.0,10.0,68.0,1.0,Cash covers debt,,2.0,70.0,General low-debt support,36.79,8.0,Below 200 DMA,30.77,Avoid,"RSI recovering, Positive day move, Cash covers debt, Positive 1M return, 1M Nifty outperformance, 80.8% of closes stayed inside the range | Range width 23.8% | Currently 0.0% through the range"
INDIANB,Financial Services,Banks - Regional,519.18,0.49,156.65,590.7,231.44,12.11,40.95,530.91,515.71,1669783.3,1929861.0,1.16,Bearish,33.0,"Above 200 DMA, Weak but watchable RSI, Normal volume support, Positive day move",-2.81,3.34,0.58,-2.16,-8.67,-0.5,-0.65,12.01,1.08,35.0,"Positive 3M return, Positive 6M return, 3M Nifty outperformance",20.56,Lower Range Watch,72.61,495.15,560.68,13.23,36.67,80.0% of closes stayed inside the range | Range width 13.2% | Currently 36.7% through the range,13.97,1.06,,26.4,13.61,51.09,38.41,,,42176.91,23142.88,-8617.26,-9243.84,9.2255,8.1752,1.44,2.08,0.28,120822.67,0.0,Banking,10.0,15.0,10.0,0.0,15.0,50.0,0.79,Cash covers debt,"Negative operating cash flow, Negative free cash flow",0.0,50.0,,33.24,9.0,"Negative operating cash flow, Negative free cash flow",30.49,Avoid,"Above 200 DMA, Weak but watchable RSI, Normal volume support, Positive day move, Cash covers debt, Positive 3M return, Positive 6M return, 3M Nifty outperformance, 80.0% of closes stayed inside the range | Range width 13.2% | Currently 36.7% through the range"
NMDC,Basic Materials,Steel,66.13,0.95,24.26,87.7,172.63,24.59,36.13,70.01,71.97,34828888.5,28683231.0,0.82,Bearish,13.0,"Weak but watchable RSI, Positive day move",-5.83,-5.03,-13.37,-2.16,-8.67,-0.5,-3.67,3.64,-12.87,0.0,,84.21,Accumulation Zone,73.35,65.83,74.81,13.64,3.36,80.0% of closes stayed inside the range | Range width 13.6% | Currently 3.4% through the range,21.73,15.63,32.59,26.17,20.61,-0.47,13.09,2.53,2.2,109.39,3358.78,7393.94,5546.85,10.094,8.3816,2.2131,4.1,0.643,75521.71,45.64,Metals / Mining,23.0,8.0,17.0,17.0,15.0,80.0,1.0,Strong ROE,Earnings contraction,4.0,84.0,"General quality ROE, General low-debt support",36.79,8.0,Below 200 DMA,30.17,Avoid,"Weak but watchable RSI, Positive day move, Strong ROE, 80.0% of closes stayed inside the range | Range width 13.6% | Currently 3.4% through the range"
TATATECH,Technology,Information Technology Services,873.11,-0.88,856.43,1344.53,1.95,35.06,32.22,943.59,993.69,860883.3,431341.0,0.5,Bearish,16.0,"Weak but watchable RSI, Near 52W low with stable RSI",-4.2,-17.28,-10.27,-2.16,-8.67,-0.5,-2.04,-8.61,-9.77,0.0,,92.86,Accumulation Zone,74.15,911.26,1055.59,15.84,0.0,80.0% of closes stayed inside the range | Range width 15.8% | Currently 0.0% through the range,21.09,12.18,16.4,13.29,15.88,8.87,7.99,1.87,,519.85,257.39,294.33,202.52,62.8902,35.9162,8.7138,97.0,0.833,34193.62,24.55,IT / Technology,19.0,13.0,16.0,17.0,5.0,70.0,0.93,"Strong ROE, Cash covers debt",,5.0,75.0,Strong ROE for an asset-light business,52.37,8.0,Below 200 DMA,30.11,Avoid,"Weak but watchable RSI, Near 52W low with stable RSI, Strong ROE, Cash covers debt, 80.0% of closes stayed inside the range | Range width 15.8% | Currently 0.0% through the range"
BAJAJ-AUTO,Consumer Cyclical,Auto Manufacturers,8538.88,1.14,3203.99,12285.36,166.51,30.5,38.19,9191.23,9334.39,474211.3,240675.0,0.51,Bearish,13.0,"Weak but watchable RSI, Positive day move",-3.39,-28.38,-6.29,-2.16,-8.67,-0.5,-1.23,-19.71,-5.79,0.0,,83.65,Accumulation Zone,71.14,8668.69,11414.88,31.68,0.0,80.0% of closes stayed inside the range | Range width 31.7% | Currently 0.0% through the range,26.61,19.58,18.89,17.61,23.71,27.19,6.17,1.3,1.12,560.45,1785.9,6551.53,5828.69,27.8148,24.7664,8.4212,1.28,0.633,321520.48,34.19,Automobile,23.0,18.0,13.0,17.0,8.0,79.0,1.0,Strong ROE,,4.0,83.0,"General quality ROE, General low-debt support",37.27,8.0,Below 200 DMA,29.89,Avoid,"Weak but watchable RSI, Positive day move, Strong ROE, 80.0% of closes stayed inside the range | Range width 31.7% | Currently 0.0% through the range"
IRCTC,Consumer Cyclical,Travel Services,768.27,-0.81,538.33,1108.01,42.71,30.66,34.39,809.81,913.52,1106764.15,827630.0,0.75,Bearish,8.0,Weak but watchable RSI,-4.89,-12.75,-20.27,-2.16,-8.67,-0.5,-2.73,-4.08,-19.77,0.0,,83.65,Accumulation Zone,71.65,793.94,962.94,21.29,0.0,80.0% of closes stayed inside the range | Range width 21.3% | Currently 0.0% through the range,34.4,18.24,33.26,26.08,20.31,10.46,1.87,1.95,1.95,706.34,60.35,882.17,649.68,29.5824,22.5736,9.5354,1.84,0.171,41084.0,36.63,Consumer Discretionary,25.0,13.0,19.0,17.0,8.0,82.0,1.0,"Strong ROE, Cash covers debt",,4.0,86.0,"General quality ROE, General low-debt support",37.27,8.0,Below 200 DMA,29.69,Avoid,"Weak but watchable RSI, Strong ROE, Cash covers debt, 80.0% of closes stayed inside the range | Range width 21.3% | Currently 0.0% through the range"
ADANIPOWER,Utilities,Utilities - Independent Power Producers,101.43,2.25,26.48,179.17,283.04,43.39,42.19,110.47,126.18,55430504.25,33516140.0,0.6,Bearish,18.0,"Weak but watchable RSI, Strong positive day move",-3.04,-24.01,-29.55,-2.16,-8.67,-0.5,-0.88,-15.34,-29.05,0.0,,76.47,Accumulation Zone,71.65,104.8,141.8,35.31,0.0,80.0% of closes stayed inside the range | Range width 35.3% | Currently 0.0% through the range,48.28,22.56,29.46,41.62,31.63,94.18,79.8,1.62,1.36,1136.25,34431.07,14170.15,11567.7,27.9716,26.0646,6.1471,,0.475,399173.9,43.48,Energy / Utilities,25.0,20.0,10.0,17.0,7.0,79.0,0.93,Strong ROE,,2.0,81.0,General quality ROE,27.13,8.0,Below 200 DMA,28.92,Avoid,"Weak but watchable RSI, Strong positive day move, Strong ROE, 80.0% of closes stayed inside the range | Range width 35.3% | Currently 0.0% through the range"
BPCL,Energy,Oil & Gas Refining & Marketing,272.08,1.23,121.3,346.08,124.3,21.38,47.27,281.21,286.48,9110763.05,11310555.0,1.24,Bearish,22.0,"RSI recovering, Normal volume support, Positive day move",0.73,-13.01,2.23,-2.16,-8.67,-0.5,2.89,-4.34,2.73,18.0,"Positive 1M return, Positive 6M return",28.57,Accumulation Zone,73.86,268.85,323.21,20.22,5.94,80.0% of closes stayed inside the range | Range width 20.2% | Currently 5.9% through the range,35.51,13.27,8.43,6.01,-4.2,1160.36,72.19,0.81,0.28,2300.74,54599.05,35969.63,26390.5,7.9033,7.9415,1.3525,6.29,0.873,135440.94,12.75,Energy / Utilities,16.0,10.0,4.0,17.0,12.0,59.0,1.0,Strong ROE,Revenue contraction,4.0,63.0,"General quality ROE, General low-debt support",30.63,8.0,Below 200 DMA,28.64,Avoid,"RSI recovering, Normal volume support, Positive day move, Strong ROE, Positive 1M return, Positive 6M return, 80.0% of closes stayed inside the range | Range width 20.2% | Currently 5.9% through the range"
COALINDIA,Energy,Thermal Coal,351.26,0.55,153.6,476.32,128.68,26.25,29.5,384.84,410.39,6580824.15,4190081.0,0.64,Bearish,9.0,"Oversold RSI, Positive day move",-7.32,-20.67,-13.63,-2.16,-8.67,-0.5,-5.16,-12.0,-13.13,0.0,,71.43,Accumulation Zone,71.65,372.92,457.66,22.72,0.0,80.0% of closes stayed inside the range | Range width 22.7% | Currently 0.0% through the range,43.9,15.79,32.53,29.43,-0.28,17.75,7.66,1.79,1.62,6008.71,6523.03,18103.1,1281.76,8.1631,7.2265,2.1177,5.09,-0.04,252240.46,74.76,Metals / Mining,25.0,8.0,16.0,17.0,15.0,81.0,1.0,Strong ROE,Revenue contraction,4.0,85.0,"General quality ROE, General low-debt support",30.63,8.0,Below 200 DMA,28.59,Avoid,"Oversold RSI, Positive day move, Strong ROE, 80.0% of closes stayed inside the range | Range width 22.7% | Currently 0.0% through the range"
TIINDIA,Industrials,Conglomerates,3627.54,1.61,2024.31,4798.42,79.2,24.4,45.62,3897.98,3923.47,271033.3,177832.0,0.66,Bearish,17.0,"RSI recovering, Positive day move",7.31,-12.28,-14.05,-2.16,-8.67,-0.5,9.47,-3.61,-13.55,18.0,"Positive 1M return, 1M Nifty outperformance",42.35,Accumulation Zone,72.28,3580.17,4450.08,24.3,5.45,80.0% of closes stayed inside the range | Range width 24.3% | Currently 5.4% through the range,23.65,9.15,9.63,7.38,13.19,26.21,41.25,1.62,1.25,535.93,2103.81,1305.95,454.56,86.5549,37.3799,7.089,16.0,-0.3,54955.18,31.7,Capital Goods / Infra,13.0,15.0,13.0,17.0,5.0,63.0,1.0,Strong ROE,Very high PE,0.0,63.0,,38.08,8.0,Below 200 DMA,28.51,Avoid,"RSI recovering, Positive day move, Strong ROE, Positive 1M return, 1M Nifty outperformance, 80.0% of closes stayed inside the range | Range width 24.3% | Currently 5.4% through the range"
PIDILITIND,Basic Materials,Specialty Chemicals,1456.23,-1.26,1107.06,1695.86,31.54,14.13,32.44,1538.71,1526.07,533979.9,543386.0,1.02,Bearish,13.0,"Weak but watchable RSI, Normal volume support",-3.72,-9.96,-7.14,-2.16,-8.67,-0.5,-1.56,-1.29,-6.64,0.0,,84.21,Accumulation Zone,74.69,1500.43,1621.6,8.08,0.0,80.0% of closes stayed inside the range | Range width 8.1% | Currently 0.0% through the range,20.57,14.29,19.48,14.02,4.98,35.82,4.55,2.09,1.58,515.14,382.47,2724.03,2165.32,64.9428,53.7455,15.9869,68.0,0.397,173177.03,54.79,Chemicals,21.0,12.0,20.0,17.0,5.0,75.0,1.0,"Strong ROE, Cash covers debt",,4.0,79.0,"General quality ROE, General low-debt support",36.79,8.0,Below 200 DMA,28.42,Avoid,"Weak but watchable RSI, Normal volume support, Strong ROE, Cash covers debt, 80.0% of closes stayed inside the range | Range width 8.1% | Currently 0.0% through the range"
HAL,Industrials,Aerospace & Defense,4141.81,0.31,1047.95,5542.24,295.23,25.27,37.12,4282.62,4328.81,1271093.5,637396.0,0.5,Bearish,13.0,"Weak but watchable RSI, Positive day move",-5.49,-3.65,-19.76,-2.16,-8.67,-0.5,-3.33,5.02,-19.26,0.0,,77.65,Accumulation Zone,73.02,4128.3,4842.23,17.29,1.89,80.0% of closes stayed inside the range | Range width 17.3% | Currently 1.9% through the range,26.15,9.76,29.84,27.06,6.83,30.77,0.0,1.73,1.37,4254.69,1.1,8222.82,6467.65,36.6014,29.4868,8.1395,41.0,0.502,334053.09,51.85,Capital Goods / Infra,24.0,12.0,18.0,17.0,7.0,78.0,1.0,"Strong ROE, Cash covers debt",,0.0,78.0,,38.08,8.0,Below 200 DMA,28.26,Avoid,"Weak but watchable RSI, Positive day move, Strong ROE, Cash covers debt, 80.0% of closes stayed inside the range | Range width 17.3% | Currently 1.9% through the range"
COLPAL,Consumer Defensive,Household & Personal Products,2630.2,-0.47,1327.04,3733.22,98.2,29.55,34.56,2852.04,2928.55,444329.15,151732.0,0.34,Bearish,8.0,Weak but watchable RSI,-9.89,-25.46,-2.19,-2.16,-8.67,-0.5,-7.73,-16.79,-1.69,0.0,,85.42,Accumulation Zone,70.14,2689.27,3533.02,31.37,0.0,80.0% of closes stayed inside the range | Range width 31.4% | Currently 0.0% through the range,70.62,41.41,30.65,23.45,8.8,26.41,3.83,1.54,1.3,888.99,71.75,1198.96,1123.4,40.4887,34.0636,34.4253,2.39,0.522,54533.12,68.93,FMCG / Consumer,25.0,15.0,18.0,17.0,7.0,82.0,1.0,"Strong ROE, Cash covers debt",,8.0,90.0,"Strong ROE for a consumer staples business, Low debt, typical of a healthy consumer business",36.34,11.0,"Below 200 DMA, Low volume participation",27.95,Avoid,"Weak but watchable RSI, Strong ROE, Cash covers debt, 80.0% of closes stayed inside the range | Range width 31.4% | Currently 0.0% through the range"
NESTLEIND,Consumer Defensive,Packaged Foods,1052.86,-0.78,860.07,1360.46,22.42,22.61,34.01,1106.05,1206.14,1839429.6,1047852.0,0.57,Bearish,13.0,"Weak but watchable RSI, Near 52W low zone",-5.46,-20.3,-14.8,-2.16,-8.67,-0.5,-3.3,-11.63,-14.3,0.0,,85.42,Accumulation Zone,73.29,1088.71,1277.57,17.35,0.0,80.0% of closes stayed inside the range | Range width 17.3% | Currently 0.0% through the range,97.21,26.62,19.93,14.24,14.49,12.85,11.0,1.13,0.51,926.55,270.52,2737.43,2187.51,76.4587,60.7096,56.3512,80.0,0.426,290596.98,55.13,FMCG / Consumer,23.0,10.0,14.0,17.0,5.0,69.0,1.0,"Strong ROE, Cash covers debt",,8.0,77.0,"Strong ROE for a consumer staples business, Low debt, typical of a healthy consumer business",36.34,8.0,Below 200 DMA,27.65,Avoid,"Weak but watchable RSI, Near 52W low zone, Strong ROE, Cash covers debt, 80.0% of closes stayed inside the range | Range width 17.3% | Currently 0.0% through the range"
UNIONBANK,Financial Services,Banks - Regional,111.85,0.75,34.45,157.89,224.71,29.16,43.31,111.85,123.39,11814123.05,6728140.0,0.57,Bullish,28.0,"Above 50 DMA, Weak but watchable RSI, Positive day move",-3.12,-6.26,-13.01,-2.16,-8.67,-0.5,-0.96,2.41,-12.51,0.0,,77.78,Accumulation Zone,72.68,107.14,126.4,17.98,24.45,80.0% of closes stayed inside the range | Range width 18.0% | Currently 24.4% through the range,14.14,0.98,,25.0,17.07,62.1,27.64,,,119645.85,26974.27,19929.69,18280.89,6.9131,6.9857,1.0231,2.74,0.893,142748.43,0.0,Banking,10.0,18.0,10.0,17.0,12.0,67.0,0.79,Cash covers debt,,0.0,67.0,,33.24,8.0,Below 200 DMA,27.44,Avoid,"Above 50 DMA, Weak but watchable RSI, Positive day move, Cash covers debt, 80.0% of closes stayed inside the range | Range width 18.0% | Currently 24.4% through the range"
SONACOMS,Consumer Cyclical,Auto Parts,586.07,-0.24,388.88,758.97,50.71,22.78,27.95,653.91,660.87,1555288.65,1481714.0,0.95,Bearish,4.0,Oversold RSI,-11.91,-18.7,-7.27,-2.16,-8.67,-0.5,-9.75,-10.03,-6.77,0.0,,83.65,Accumulation Zone,71.85,629.08,719.42,14.36,0.0,80.0% of closes stayed inside the range | Range width 14.4% | Currently 0.0% through the range,19.52,13.38,22.15,16.78,20.02,30.86,15.55,2.12,1.6,90.97,412.13,692.75,373.22,71.4476,47.8131,8.3617,45.0,0.449,50164.83,49.92,Automobile,21.0,18.0,17.0,17.0,5.0,78.0,1.0,Strong ROE,,4.0,82.0,"General quality ROE, General low-debt support",37.27,8.0,Below 200 DMA,27.29,Avoid,"Oversold RSI, Strong ROE, 80.0% of closes stayed inside the range | Range width 14.4% | Currently 0.0% through the range"
3MINDIA,Industrials,Conglomerates,30020.38,-0.05,20146.33,39386.18,49.01,23.78,40.37,31794.81,32485.36,5372.45,5472.0,1.02,Bearish,13.0,"Weak but watchable RSI, Normal volume support",-2.41,-12.03,-15.22,-2.16,-8.67,-0.5,-0.25,-3.36,-14.72,0.0,,77.65,Accumulation Zone,72.3,30310.78,37569.69,23.95,0.0,80.0% of closes stayed inside the range | Range width 23.9% | Currently 0.0% through the range,27.17,17.96,17.23,13.93,5.8,29.36,0.85,2.52,2.02,1044.29,18.18,643.03,611.62,77.736,47.6971,22.8946,44.0,0.273,40481.03,41.86,Capital Goods / Infra,21.0,12.0,20.0,17.0,5.0,75.0,1.0,"Strong ROE, Cash covers debt",,0.0,75.0,,38.08,8.0,Below 200 DMA,27.21,Avoid,"Weak but watchable RSI, Normal volume support, Strong ROE, Cash covers debt, 80.0% of closes stayed inside the range | Range width 23.9% | Currently 0.0% through the range"
HEROMOTOCO,Consumer Cyclical,Auto Manufacturers,3971.28,0.37,2004.26,5802.49,98.14,31.56,25.36,4435.5,4724.0,645305.4,375676.0,0.58,Bearish,9.0,"Oversold RSI, Positive day move",-12.24,-29.78,-21.03,-2.16,-8.67,-0.5,-10.08,-21.11,-20.53,0.0,,83.65,Accumulation Zone,71.28,4268.72,5344.31,25.2,0.0,80.0% of closes stayed inside the range | Range width 25.2% | Currently 0.0% through the range,21.16,14.32,12.2,9.96,11.45,33.27,3.43,1.46,1.21,604.91,606.41,4923.07,4135.18,21.5516,18.1039,5.458,3.15,0.468,117983.24,31.65,Automobile,17.0,15.0,13.0,17.0,11.0,73.0,1.0,Strong ROE,,4.0,77.0,"General quality ROE, General low-debt support",37.27,8.0,Below 200 DMA,26.79,Avoid,"Oversold RSI, Positive day move, Strong ROE, 80.0% of closes stayed inside the range | Range width 25.2% | Currently 0.0% through the range"
SCHAEFFLER,Consumer Cyclical,Auto Parts,3355.46,2.42,2474.05,4869.38,35.63,31.09,42.89,3500.32,3723.28,60528.85,52387.0,0.87,Bearish,18.0,"Weak but watchable RSI, Strong positive day move",-2.37,-12.77,-27.44,-2.16,-8.67,-0.5,-0.21,-4.1,-26.94,0.0,,83.65,Accumulation Zone,73.84,3358.47,4053.9,20.71,0.0,80.0% of closes stayed inside the range | Range width 20.7% | Currently 0.0% through the range,18.71,14.35,15.47,12.61,5.79,2.25,1.06,2.92,1.99,69.71,51.1,884.46,364.36,51.4953,40.9915,10.512,84.0,0.118,64487.76,38.41,Automobile,19.0,2.0,20.0,17.0,7.0,65.0,1.0,"Strong ROE, Cash covers debt",,4.0,69.0,"General quality ROE, General low-debt support",37.27,8.0,Below 200 DMA,26.24,Avoid,"Weak but watchable RSI, Strong positive day move, Strong ROE, Cash covers debt, 80.0% of closes stayed inside the range | Range width 20.7% | Currently 0.0% through the range"
CANBK,Financial Services,Banks - Regional,94.42,0.48,36.32,117.29,159.96,19.5,42.79,95.94,102.91,21925913.65,14937263.0,0.68,Bearish,13.0,"Weak but watchable RSI, Positive day move",-0.52,-6.8,-14.88,-2.16,-8.67,-0.5,1.64,1.87,-14.38,0.0,,77.78,Accumulation Zone,73.49,94.09,106.73,13.44,2.62,80.0% of closes stayed inside the range | Range width 13.4% | Currently 2.6% through the range,16.58,1.0,,23.11,19.4,35.75,65.19,,,151164.69,60061.27,15046.5,13793.35,5.9486,5.6696,1.0172,3.22,0.503,119732.59,0.0,Banking,10.0,18.0,7.0,17.0,15.0,67.0,0.79,Cash covers debt,,6.0,73.0,Strong ROE for a leveraged-balance-sheet business,33.24,8.0,Below 200 DMA,25.79,Avoid,"Weak but watchable RSI, Positive day move, Cash covers debt, 80.0% of closes stayed inside the range | Range width 13.4% | Currently 2.6% through the range"
PIIND,Basic Materials,Agricultural Inputs,3710.44,-1.14,2827.12,4758.45,31.24,22.02,21.33,4193.42,4028.06,290688.8,588710.0,2.03,Bearish,19.0,"Oversold RSI, Strong volume expansion",-8.63,-18.93,-0.59,-2.16,-8.67,-0.5,-6.47,-10.26,-0.09,0.0,,84.21,Breakdown Risk,35.0,3834.41,4608.98,20.2,0.0,80.0% of closes stayed inside the range | Range width 20.2% | Currently 0.0% through the range | Below lower band on elevated volume,19.26,15.62,22.87,22.09,17.86,36.76,2.18,3.9,3.14,886.5,190.6,2035.9,1415.5,35.5884,23.3804,3.3541,55.0,,37668.63,57.49,General,22.0,18.0,20.0,17.0,9.0,86.0,1.0,"Strong ROE, Cash covers debt",,4.0,90.0,"General quality ROE, General low-debt support",36.79,16.0,"Below 200 DMA, Extreme RSI weakness",25.77,Avoid,"Oversold RSI, Strong volume expansion, Strong ROE, Cash covers debt, 80.0% of closes stayed inside the range | Range width 20.2% | Currently 0.0% through the range | Below lower band on elevated volume"
MARUTI,Consumer Cyclical,Auto Manufacturers,10672.15,1.48,7763.06,13273.58,37.47,19.6,41.27,11052.67,11854.22,365729.85,349811.0,0.96,Bearish,13.0,"Weak but watchable RSI, Positive day move",-1.47,-14.78,-9.83,-2.16,-8.67,-0.5,0.69,-6.11,-9.33,0.0,,83.65,Accumulation Zone,73.61,10817.03,12466.14,15.25,0.0,80.0% of closes stayed inside the range | Range width 15.2% | Currently 0.0% through the range,15.75,11.69,9.82,9.88,19.97,63.22,0.14,0.87,0.67,2659.5,118.6,16801.1,7601.2,30.423,22.9458,4.071,100.0,0.239,436233.54,26.35,Automobile,11.0,18.0,12.0,17.0,11.0,69.0,1.0,Cash covers debt,,2.0,71.0,General low-debt support,37.27,8.0,Below 200 DMA,25.69,Avoid,"Weak but watchable RSI, Positive day move, Cash covers debt, 80.0% of closes stayed inside the range | Range width 15.2% | Currently 0.0% through the range"
ABB,Industrials,Specialty Industrial Machinery,6782.09,0.98,2557.9,8922.81,165.14,23.99,37.23,7287.2,7344.59,259281.05,119925.0,0.46,Bearish,13.0,"Weak but watchable RSI, Positive day move",-7.35,-15.08,-17.12,-2.16,-8.67,-0.5,-5.19,-6.41,-16.62,0.0,,77.65,Accumulation Zone,72.87,6875.42,8264.39,20.2,0.0,80.0% of closes stayed inside the range | Range width 20.2% | Currently 0.0% through the range,20.89,11.29,13.64,11.98,21.98,22.22,0.82,1.9,1.59,876.88,48.98,1351.48,1168.4,102.0381,73.5122,17.5008,52.0,0.486,163381.35,37.28,Capital Goods / Infra,16.0,16.0,19.0,17.0,5.0,73.0,1.0,"Strong ROE, Cash covers debt",Very high PE,5.0,78.0,Strong order-book-driven revenue growth,38.08,11.0,"Below 200 DMA, Low volume participation",25.26,Avoid,"Weak but watchable RSI, Positive day move, Strong ROE, Cash covers debt, 80.0% of closes stayed inside the range | Range width 20.2% | Currently 0.0% through the range"
HINDUNILVR,Consumer Defensive,Household & Personal Products,2267.41,-0.12,2066.79,2916.05,9.71,22.24,33.71,2408.03,2435.6,1761071.85,1033769.0,0.59,Bearish,16.0,"Weak but watchable RSI, Near 52W low with stable RSI",-6.2,-19.98,-3.5,-2.16,-8.67,-0.5,-4.04,-11.31,-3.0,0.0,,85.42,Accumulation Zone,73.55,2329.49,2791.06,19.81,0.0,80.0% of closes stayed inside the range | Range width 19.8% | Currently 0.0% through the range,20.07,13.09,22.06,16.86,2.38,1.55,2.9,1.66,1.34,825.0,1484.0,15469.0,13992.0,45.875,38.7544,9.9452,2.13,0.332,484720.67,50.37,FMCG / Consumer,21.0,0.0,15.0,17.0,7.0,60.0,1.0,Strong ROE,,8.0,68.0,"Strong ROE for a consumer staples business, Low debt, typical of a healthy consumer business",36.34,8.0,Below 200 DMA,25.25,Avoid,"Weak but watchable RSI, Near 52W low with stable RSI, Strong ROE, 80.0% of closes stayed inside the range | Range width 19.8% | Currently 0.0% through the range"
INDUSTOWER,Communication Services,Telecom Services,320.3,-0.36,130.25,443.65,145.91,27.8,38.61,334.2,347.91,10077644.8,6062223.0,0.6,Bearish,8.0,Weak but watchable RSI,-4.97,-15.03,-6.67,-2.16,-8.67,-0.5,-2.81,-6.36,-6.17,0.0,,73.33,Accumulation Zone,70.39,322.82,418.66,29.69,0.0,80.0% of closes stayed inside the range | Range width 29.7% | Currently 0.0% through the range,22.32,10.8,30.19,21.11,0.77,195.89,75.93,1.03,1.03,63.1,20531.0,11582.1,2629.2,14.1424,12.5435,2.4433,3.79,0.05,101110.34,55.94,Telecom,22.0,10.0,8.0,17.0,15.0,72.0,1.0,Strong ROE,,2.0,74.0,General quality ROE,32.26,8.0,Below 200 DMA,24.74,Avoid,"Weak but watchable RSI, Strong ROE, 80.0% of closes stayed inside the range | Range width 29.7% | Currently 0.0% through the range"
TITAN,Consumer Cyclical,Luxury Goods,3302.24,-0.91,2240.77,3850.02,47.37,14.23,44.7,3300.91,3440.83,1082685.3,637094.0,0.59,Bullish,23.0,"Above 50 DMA, Weak but watchable RSI",0.95,-11.08,-1.15,-2.16,-8.67,-0.5,3.11,-2.41,-0.65,8.0,Positive 1M return,64.42,Accumulation Zone,72.64,3201.15,3714.19,16.03,19.71,80.0% of closes stayed inside the range | Range width 16.0% | Currently 19.7% through the range,37.22,11.08,9.27,6.86,25.93,7.57,165.31,1.55,0.4,409.0,15528.0,1695.0,1004.0,78.2896,58.2409,28.8278,29.0,0.18,452440.57,20.47,Consumer Discretionary,15.0,12.0,4.0,17.0,5.0,53.0,1.0,Strong ROE,,2.0,55.0,General quality ROE,37.27,8.0,Below 200 DMA,24.59,Avoid,"Above 50 DMA, Weak but watchable RSI, Strong ROE, Positive 1M return, 80.0% of closes stayed inside the range | Range width 16.0% | Currently 19.7% through the range"
RBLBANK,Financial Services,Banks - Regional,161.4,-0.55,95.02,296.89,69.87,45.64,45.62,167.79,218.4,14528894.0,19435964.0,1.34,Bearish,22.0,"RSI recovering, Volume expansion",2.75,-21.83,-36.55,-2.16,-8.67,-0.5,4.91,-13.16,-36.05,8.0,Positive 1M return,53.89,Accumulation Zone,69.52,157.31,235.84,49.92,5.21,80.0% of closes stayed inside the range | Range width 49.9% | Currently 5.2% through the range,8.49,0.91,,13.84,22.4,37.01,100.47,,,14423.42,14907.27,4954.98,4751.34,32.1617,19.5915,1.4386,33.0,0.642,60423.22,0.0,Banking,7.0,18.0,2.0,17.0,13.0,57.0,0.79,,,0.0,57.0,,33.24,8.0,Below 200 DMA,24.44,Avoid,"RSI recovering, Volume expansion, Positive 1M return, 80.0% of closes stayed inside the range | Range width 49.9% | Currently 5.2% through the range"
SUZLON,Industrials,Specialty Industrial Machinery,64.34,-0.82,6.6,86.04,874.85,25.22,45.09,66.22,59.37,56002013.25,19522002.0,0.35,Bearish,27.0,"Above 200 DMA, RSI recovering",1.18,-22.44,21.95,-2.16,-8.67,-0.5,3.34,-13.77,22.45,33.0,"Positive 1M return, Positive 6M return, 6M Nifty outperformance",25.88,Lower Range Watch,67.02,55.84,80.83,44.76,34.0,80.0% of closes stayed inside the range | Range width 44.8% | Currently 34.0% through the range,16.84,9.2,13.06,10.31,9.37,-76.82,3.83,1.76,1.0,249.57,150.24,79.53,-147.83,20.7675,22.3752,6.6568,,0.657,65086.27,34.49,Capital Goods / Infra,14.0,5.0,18.0,9.0,4.0,50.0,0.93,Cash covers debt,"Earnings contraction, Negative free cash flow",0.0,50.0,,38.08,14.0,"Low volume participation, Earnings contraction, Negative free cash flow",24.21,Avoid,"Above 200 DMA, RSI recovering, Cash covers debt, Positive 1M return, Positive 6M return, 6M Nifty outperformance, 80.0% of closes stayed inside the range | Range width 44.8% | Currently 34.0% through the range"
GLAXO,Healthcare,Drug Manufacturers - General,2159.36,-0.94,1135.42,2959.02,90.18,27.02,34.76,2374.74,2358.15,76035.9,23712.0,0.31,Bearish,8.0,Weak but watchable RSI,-5.96,-17.33,-13.37,-2.16,-8.67,-0.5,-3.8,-8.66,-12.87,0.0,,98.86,Accumulation Zone,71.58,2253.26,2743.36,21.75,0.0,80.0% of closes stayed inside the range | Range width 21.8% | Currently 0.0% through the range,33.19,16.59,24.36,17.14,6.68,-3.39,1.05,1.84,1.49,64.17,18.66,582.02,550.79,41.6103,33.2197,19.5764,2.19,0.057,44387.77,64.2,Pharma / Healthcare,23.0,2.0,18.0,17.0,7.0,67.0,1.0,"Strong ROE, Cash covers debt",Earnings contraction,4.0,71.0,"General quality ROE, General low-debt support",52.89,11.0,"Below 200 DMA, Low volume participation",23.78,Avoid,"Weak but watchable RSI, Strong ROE, Cash covers debt, 80.0% of closes stayed inside the range | Range width 21.8% | Currently 0.0% through the range"
DMART,Consumer Defensive,Discount Stores,3511.65,1.5,3292.0,5484.85,6.67,35.98,35.41,3804.03,4525.84,816175.05,611648.0,0.75,Bearish,21.0,"Weak but watchable RSI, Near 52W low with stable RSI, Positive day move",-4.09,-33.31,-26.86,-2.16,-8.67,-0.5,-1.93,-24.64,-26.36,0.0,,85.42,Accumulation Zone,71.17,3658.46,5221.72,42.73,0.0,80.0% of closes stayed inside the range | Range width 42.7% | Currently 0.0% through the range,13.56,11.98,6.66,5.0,18.64,6.63,3.17,3.13,1.15,1271.77,592.16,2745.84,14.59,85.8843,58.628,10.7462,,0.228,263507.36,15.19,General,8.0,10.0,19.0,17.0,3.0,57.0,0.93,Cash covers debt,Very high PE,2.0,59.0,General low-debt support,36.34,8.0,Below 200 DMA,23.35,Avoid,"Weak but watchable RSI, Near 52W low with stable RSI, Positive day move, Cash covers debt, 80.0% of closes stayed inside the range | Range width 42.7% | Currently 0.0% through the range"
MAHABANK,Financial Services,Banks - Regional,49.8,-1.4,14.91,69.19,233.94,28.03,40.43,51.0,57.16,17572472.4,5739971.0,0.33,Bearish,8.0,Weak but watchable RSI,-5.23,-12.1,-18.19,-2.16,-8.67,-0.5,-3.07,-3.43,-17.69,0.0,,77.78,Accumulation Zone,70.67,49.42,61.68,24.8,3.06,80.0% of closes stayed inside the range | Range width 24.8% | Currently 3.1% through the range,20.49,1.32,,33.96,17.12,56.31,38.85,,,30311.7,7718.85,11580.85,11301.95,8.3626,6.5496,1.7645,2.79,0.78,62970.76,0.0,Banking,12.0,18.0,10.0,17.0,15.0,72.0,0.79,"Strong ROE, Cash covers debt",,6.0,78.0,Strong ROE for a leveraged-balance-sheet business,33.24,11.0,"Below 200 DMA, Low volume participation",23.29,Avoid,"Weak but watchable RSI, Strong ROE, Cash covers debt, 80.0% of closes stayed inside the range | Range width 24.8% | Currently 3.1% through the range"
AUROPHARMA,Healthcare,Drug Manufacturers - Specialty & Generic,1251.55,-0.49,391.5,1586.05,219.68,21.09,48.45,1306.85,1294.62,1017312.8,233825.0,0.23,Bearish,12.0,RSI recovering,2.69,-17.72,4.87,-2.16,-8.67,-0.5,4.85,-9.05,5.37,18.0,"Positive 1M return, Positive 6M return",80.68,Accumulation Zone,71.34,1236.84,1534.26,24.05,4.95,80.0% of closes stayed inside the range | Range width 24.0% | Currently 4.9% through the range,10.63,7.04,15.47,11.05,16.6,64.62,22.28,1.98,1.18,3393.48,6647.63,2434.52,-1126.98,25.9052,18.0068,2.5552,24.0,0.022,95915.5,58.85,Pharma / Healthcare,10.0,18.0,13.0,9.0,13.0,63.0,1.0,,Negative free cash flow,2.0,65.0,General low-debt support,52.89,15.0,"Below 200 DMA, Low volume participation, Negative free cash flow",23.18,Avoid,"RSI recovering, Positive 1M return, Positive 6M return, 80.0% of closes stayed inside the range | Range width 24.0% | Currently 4.9% through the range"
ASTRAL,Industrials,Building Products & Equipment,1664.38,-1.3,1287.05,2438.47,29.32,31.75,27.77,1783.69,1996.67,404882.1,429557.0,1.06,Bearish,9.0,"Oversold RSI, Normal volume support",-6.65,-17.38,-30.38,-2.16,-8.67,-0.5,-4.49,-8.71,-29.88,0.0,,77.65,Accumulation Zone,70.9,1741.44,2223.71,27.69,0.0,80.0% of closes stayed inside the range | Range width 27.7% | Currently 0.0% through the range,17.13,12.14,12.92,9.7,9.4,19.6,3.75,1.77,0.96,609.4,119.4,823.4,269.5,73.3834,43.7432,9.6923,28.0,0.166,39330.39,39.36,Capital Goods / Infra,15.0,13.0,16.0,17.0,5.0,66.0,1.0,Cash covers debt,,0.0,66.0,,38.08,8.0,Below 200 DMA,23.06,Avoid,"Oversold RSI, Normal volume support, Cash covers debt, 80.0% of closes stayed inside the range | Range width 27.7% | Currently 0.0% through the range"
STARHEALTH,Financial Services,Insurance - Life,486.55,0.61,452.7,780.0,7.48,37.62,52.29,492.83,549.94,1220840.25,561839.0,0.46,Bearish,33.0,"Healthy RSI momentum, Near 52W low with stable RSI, Positive day move",6.55,-19.62,-7.4,-2.16,-8.67,-0.5,8.71,-10.95,-6.9,18.0,"Positive 1M return, 1M Nifty outperformance",38.89,Accumulation Zone,74.37,467.38,615.95,31.79,12.9,80.8% of closes stayed inside the range | Range width 31.8% | Currently 12.9% through the range,12.55,4.68,8.39,5.86,17.75,36.6,6.98,,,444.58,470.0,,1186.47,51.433,20.1468,3.3841,,0.197,34318.63,21.95,Financial Services,4.0,18.0,9.0,8.0,7.0,46.0,0.71,,,0.0,46.0,,33.24,11.0,"Below 200 DMA, Low volume participation",22.84,Avoid,"Healthy RSI momentum, Near 52W low with stable RSI, Positive day move, Positive 1M return, 1M Nifty outperformance, 80.8% of closes stayed inside the range | Range width 31.8% | Currently 12.9% through the range"
APLAPOLLO,Basic Materials,Steel,1491.99,-1.26,928.18,1786.88,60.74,16.5,39.17,1523.36,1518.88,598097.0,757027.0,1.27,Bearish,13.0,"Weak but watchable RSI, Normal volume support",0.96,-1.09,-5.75,-2.16,-8.67,-0.5,3.12,7.58,-5.25,8.0,Positive 1M return,63.16,Neutral Range,66.79,1411.51,1575.31,11.6,49.13,80.0% of closes stayed inside the range | Range width 11.6% | Currently 49.1% through the range,20.32,10.19,5.82,4.18,11.69,14.11,31.74,1.34,0.68,345.16,1144.25,1111.56,416.72,45.1016,31.4255,10.471,29.0,0.301,55451.16,15.61,Metals / Mining,10.0,10.0,9.0,17.0,7.0,53.0,1.0,Strong ROE,,4.0,57.0,"General quality ROE, General low-debt support",36.79,8.0,Below 200 DMA,22.72,Avoid,"Weak but watchable RSI, Normal volume support, Strong ROE, Positive 1M return, 80.0% of closes stayed inside the range | Range width 11.6% | Currently 49.1% through the range"
CONCOR,Industrials,Railroads,756.43,0.06,530.94,1141.62,42.47,33.74,35.0,800.02,916.56,1017085.95,740735.0,0.73,Bearish,13.0,"Weak but watchable RSI, Positive day move",-4.02,-12.41,-25.35,-2.16,-8.67,-0.5,-1.86,-3.74,-24.85,0.0,,77.65,Accumulation Zone,71.35,772.07,1005.91,30.29,0.0,80.0% of closes stayed inside the range | Range width 30.3% | Currently 0.0% through the range,10.54,8.88,16.74,15.66,6.93,6.22,7.73,3.44,3.4,193.47,914.48,1386.8,588.87,31.2607,21.9481,3.0133,1.25,0.228,38998.65,39.47,Capital Goods / Infra,14.0,4.0,17.0,17.0,10.0,62.0,1.0,,,0.0,62.0,,38.08,8.0,Below 200 DMA,22.66,Avoid,"Weak but watchable RSI, Positive day move, 80.0% of closes stayed inside the range | Range width 30.3% | Currently 0.0% through the range"
GAIL,Utilities,Utilities - Regulated Gas,183.61,-0.22,72.05,228.83,154.83,19.76,45.61,188.42,195.61,12267058.35,9338804.0,0.76,Bearish,12.0,RSI recovering,1.41,-12.39,-7.4,-2.16,-8.67,-0.5,3.57,-3.72,-6.9,8.0,Positive 1M return,47.06,Accumulation Zone,71.48,180.99,219.44,21.24,6.82,80.0% of closes stayed inside the range | Range width 21.2% | Currently 6.8% through the range,12.86,7.94,8.34,7.45,-8.58,76.27,28.3,0.94,0.66,1146.03,21793.77,12585.72,84.55,11.6689,9.7283,1.3128,3.14,0.515,117003.53,18.75,Energy / Utilities,9.0,10.0,7.0,17.0,15.0,58.0,1.0,,Revenue contraction,2.0,60.0,General low-debt support,27.13,8.0,Below 200 DMA,22.07,Avoid,"RSI recovering, Positive 1M return, 80.0% of closes stayed inside the range | Range width 21.2% | Currently 6.8% through the range"
M&M,Consumer Cyclical,Auto Manufacturers,2921.26,1.6,1083.49,3163.2,169.61,7.65,48.47,2892.09,2605.57,2835803.15,2162163.0,0.76,Bullish,47.0,"Above 50 DMA, Above 200 DMA, RSI recovering, Positive day move",-0.97,-3.73,5.12,-2.16,-8.67,-0.5,1.19,4.94,5.62,10.0,Positive 6M return,57.69,Neutral Range,76.53,2668.33,3029.07,13.52,70.11,80.0% of closes stayed inside the range | Range width 13.5% | Currently 70.1% through the range,17.02,4.77,14.44,8.3,14.08,9.6,161.09,1.3,1.05,4530.1,106625.52,-5629.95,-15575.94,21.0528,21.6049,4.0858,95.0,0.291,408691.44,38.59,Automobile,10.0,10.0,4.0,0.0,8.0,32.0,1.0,,"Negative operating cash flow, Negative free cash flow",0.0,32.0,,37.27,9.0,"Negative operating cash flow, Negative free cash flow",22.04,Avoid,"Above 50 DMA, Above 200 DMA, RSI recovering, Positive day move, Positive 6M return, 80.0% of closes stayed inside the range | Range width 13.5% | Currently 70.1% through the range"
AUBANK,Financial Services,Banks - Regional,547.09,-1.41,533.27,810.33,2.59,32.49,34.51,598.93,633.48,1874351.8,1104075.0,0.59,Bearish,16.0,"Weak but watchable RSI, Near 52W low with stable RSI",-7.04,-25.03,-20.69,-2.16,-8.67,-0.5,-4.88,-16.36,-20.19,0.0,,77.78,Accumulation Zone,72.76,577.95,722.97,25.09,0.0,80.0% of closes stayed inside the range | Range width 25.1% | Currently 0.0% through the range,12.22,1.4,,22.39,25.55,7.48,43.63,,,6441.21,5479.37,2608.07,2261.65,28.9496,17.9736,4.084,9.0,,81746.32,0.0,Banking,10.0,12.0,10.0,17.0,11.0,60.0,0.79,Cash covers debt,,0.0,60.0,,33.24,8.0,Below 200 DMA,21.99,Avoid,"Weak but watchable RSI, Near 52W low with stable RSI, Cash covers debt, 80.0% of closes stayed inside the range | Range width 25.1% | Currently 0.0% through the range"
BRITANNIA,Consumer Defensive,Packaged Foods,4623.06,0.37,3358.32,6281.59,37.66,26.4,35.91,5064.77,5211.1,319670.45,398117.0,1.25,Bearish,18.0,"Weak but watchable RSI, Normal volume support, Positive day move",-4.46,-22.95,-11.03,-2.16,-8.67,-0.5,-2.3,-14.28,-10.53,0.0,,85.42,Accumulation Zone,72.97,4707.06,5954.73,26.51,0.0,80.0% of closes stayed inside the range | Range width 26.5% | Currently 0.0% through the range,54.29,23.58,17.34,12.93,3.51,-7.84,52.64,1.19,0.9,322.8,2074.63,2572.98,2020.11,52.2538,43.3854,26.629,1.62,0.421,135982.19,41.42,FMCG / Consumer,21.0,2.0,6.0,17.0,6.0,52.0,1.0,Strong ROE,Earnings contraction,5.0,57.0,Strong ROE for a consumer staples business,36.34,8.0,Below 200 DMA,21.9,Avoid,"Weak but watchable RSI, Normal volume support, Positive day move, Strong ROE, 80.0% of closes stayed inside the range | Range width 26.5% | Currently 0.0% through the range"
KOTAKBANK,Financial Services,Banks - Regional,349.55,0.21,307.55,410.9,13.66,14.93,45.14,352.57,352.69,19112365.0,5660030.0,0.3,Bearish,22.0,"RSI recovering, Near 52W low zone, Positive day move",-1.7,-7.65,-2.42,-2.16,-8.67,-0.5,0.46,1.02,-1.92,0.0,,77.78,Accumulation Zone,75.8,348.05,373.32,7.26,5.95,80.0% of closes stayed inside the range | Range width 7.3% | Currently 6.0% through the range,14.01,2.37,,26.14,34.35,22.03,57.79,,,68460.24,75105.61,15685.0,14558.31,19.2649,15.2838,2.1432,17.0,0.275,388409.46,0.0,Banking,10.0,18.0,4.0,17.0,15.0,64.0,0.79,,,0.0,64.0,,33.24,11.0,"Below 200 DMA, Low volume participation",21.89,Avoid,"RSI recovering, Near 52W low zone, Positive day move, 80.0% of closes stayed inside the range | Range width 7.3% | Currently 6.0% through the range"
ONGC,Energy,Oil & Gas Integrated,223.47,0.54,96.9,310.8,130.61,28.1,34.85,237.98,255.9,9866160.0,6330006.0,0.64,Bearish,13.0,"Weak but watchable RSI, Positive day move",-5.52,-17.6,-7.36,-2.16,-8.67,-0.5,-3.36,-8.93,-6.86,0.0,,71.43,Accumulation Zone,71.47,230.62,298.74,29.54,0.0,80.0% of closes stayed inside the range | Range width 29.5% | Currently 0.0% through the range,14.49,6.62,12.87,8.21,-4.9,33.87,56.39,0.83,0.51,2685.95,191195.23,98846.6,46727.79,6.909,5.754,0.809,6.06,0.107,300731.57,35.33,Energy / Utilities,12.0,10.0,4.0,17.0,15.0,58.0,1.0,,Revenue contraction,2.0,60.0,General low-debt support,30.63,8.0,Below 200 DMA,20.84,Avoid,"Weak but watchable RSI, Positive day move, 80.0% of closes stayed inside the range | Range width 29.5% | Currently 0.0% through the range"
FACT,Basic Materials,Agricultural Inputs,945.73,-2.29,103.66,1185.35,812.35,20.22,48.05,909.17,865.49,1337555.55,189101.0,0.14,Bullish,42.0,"Above 50 DMA, Above 200 DMA, RSI recovering",9.02,-3.31,-6.05,-2.16,-8.67,-0.5,11.18,5.36,-5.55,18.0,"Positive 1M return, 1M Nifty outperformance",40.35,Neutral Range,72.1,842.38,1026.94,21.91,56.0,80.0% of closes stayed inside the range | Range width 21.9% | Currently 56.0% through the range,9.45,2.21,11.09,4.36,-6.86,-79.07,133.32,1.05,0.78,425.42,1810.22,279.99,106.35,,,38.5634,5.0,,53030.78,47.47,General,5.0,0.0,4.0,17.0,2.0,28.0,0.93,,"Revenue contraction, Earnings contraction",0.0,28.0,,36.79,10.0,"Low volume participation, Earnings contraction",20.32,Avoid,"Above 50 DMA, Above 200 DMA, RSI recovering, Positive 1M return, 1M Nifty outperformance, 80.0% of closes stayed inside the range | Range width 21.9% | Currently 56.0% through the range"
LTTS,Technology,Information Technology Services,4555.71,-1.3,3071.35,5836.77,48.33,21.95,23.35,5065.78,4997.4,99183.7,85783.0,0.86,Bearish,4.0,Oversold RSI,-14.05,-13.83,-3.36,-2.16,-8.67,-0.5,-11.89,-5.16,-2.86,0.0,,92.86,Accumulation Zone,71.72,4781.14,5510.44,15.25,0.0,80.0% of closes stayed inside the range | Range width 15.3% | Currently 0.0% through the range,24.47,15.36,17.59,13.51,9.44,7.56,12.37,2.46,2.45,1122.1,658.8,1492.8,1240.0,29.6906,22.045,5.8609,1.59,0.154,37964.09,40.76,IT / Technology,19.0,7.0,20.0,17.0,10.0,73.0,1.0,"Strong ROE, Cash covers debt",,5.0,78.0,Strong ROE for an asset-light business,52.37,16.0,"Below 200 DMA, Extreme RSI weakness",20.16,Avoid,"Oversold RSI, Strong ROE, Cash covers debt, 80.0% of closes stayed inside the range | Range width 15.3% | Currently 0.0% through the range"
SIEMENS,Industrials,Specialty Industrial Machinery,3903.16,0.76,1540.11,4732.24,153.43,17.52,30.41,4232.03,3951.76,756710.85,489065.0,0.65,Bearish,13.0,"Weak but watchable RSI, Positive day move",-9.83,-6.57,-11.74,-2.16,-8.67,-0.5,-7.67,2.1,-11.24,0.0,,77.65,Accumulation Zone,73.43,3902.0,4536.43,16.26,0.18,80.0% of closes stayed inside the range | Range width 16.3% | Currently 0.2% through the range,17.69,10.75,12.03,18.19,-22.52,38.54,1.82,2.28,1.98,1835.9,279.4,1654.7,1312.4,84.7533,59.3557,10.3412,45.0,0.57,143124.83,28.2,Capital Goods / Infra,17.0,10.0,20.0,17.0,5.0,69.0,1.0,Cash covers debt,"Revenue contraction, Very high PE",0.0,69.0,,38.08,13.0,"Below 200 DMA, Revenue contraction",20.11,Avoid,"Weak but watchable RSI, Positive day move, Cash covers debt, 80.0% of closes stayed inside the range | Range width 16.3% | Currently 0.2% through the range"
ENDURANCE,Consumer Cyclical,Auto Parts,2143.26,-0.8,1160.92,3026.82,84.62,29.19,28.29,2329.14,2282.83,72582.1,32555.0,0.45,Bearish,4.0,Oversold RSI,-9.97,-10.41,-17.94,-2.16,-8.67,-0.5,-7.81,-1.74,-17.44,0.0,,83.65,Accumulation Zone,72.09,2271.42,2561.03,12.75,0.0,80.0% of closes stayed inside the range | Range width 12.8% | Currently 0.0% through the range,13.67,8.63,8.54,6.75,16.21,41.89,15.38,1.69,1.3,504.63,765.34,1057.09,222.26,44.723,30.1333,6.2092,38.0,0.723,42475.96,42.33,Automobile,11.0,18.0,15.0,17.0,7.0,68.0,1.0,,,2.0,70.0,General low-debt support,37.27,11.0,"Below 200 DMA, Low volume participation",20.09,Avoid,"Oversold RSI, 80.0% of closes stayed inside the range | Range width 12.8% | Currently 0.0% through the range"
HAVELLS,Industrials,Electrical Equipment & Parts,1652.43,0.13,998.35,2075.88,65.52,20.4,42.38,1683.68,1738.74,703768.6,255748.0,0.36,Bearish,13.0,"Weak but watchable RSI, Positive day move",-3.03,-18.68,-12.61,-2.16,-8.67,-0.5,-0.87,-10.01,-12.11,0.0,,77.65,Accumulation Zone,72.2,1636.58,1959.8,19.75,4.9,80.0% of closes stayed inside the range | Range width 19.7% | Currently 4.9% through the range,17.06,10.22,8.49,6.88,9.92,18.57,4.07,1.84,1.05,265.57,303.16,1952.89,1166.82,49.012,38.6678,8.3918,94.0,0.3,79386.55,32.03,Capital Goods / Infra,11.0,13.0,15.0,17.0,7.0,63.0,1.0,,,0.0,63.0,,38.08,11.0,"Below 200 DMA, Low volume participation",20.01,Avoid,"Weak but watchable RSI, Positive day move, 80.0% of closes stayed inside the range | Range width 19.7% | Currently 4.9% through the range"
ICICIGI,Financial Services,Insurance - Diversified,1841.21,-0.42,1022.63,2270.75,80.05,18.92,41.28,1896.07,1845.34,564218.15,118252.0,0.21,Bearish,8.0,Weak but watchable RSI,-0.14,-17.7,4.45,-2.16,-8.67,-0.5,2.02,-9.03,4.95,10.0,Positive 6M return,48.33,Accumulation Zone,72.26,1841.1,2157.49,17.18,0.04,80.0% of closes stayed inside the range | Range width 17.2% | Currently 0.0% through the range,15.72,3.03,12.17,8.81,17.22,10.96,0.29,,,334.58,35.0,,2216.33,33.8369,23.2532,4.7882,85.0,0.452,81672.71,21.54,Financial Services,10.0,13.0,12.0,8.0,11.0,54.0,0.79,Cash covers debt,,6.0,60.0,Strong ROE for a leveraged-balance-sheet business,33.24,11.0,"Below 200 DMA, Low volume participation",19.49,Avoid,"Weak but watchable RSI, Cash covers debt, Positive 6M return, 80.0% of closes stayed inside the range | Range width 17.2% | Currently 0.0% through the range"
BANKBARODA,Financial Services,Banks - Regional,230.99,0.71,103.5,273.02,123.18,15.39,44.95,233.92,237.58,10393768.1,5185131.0,0.5,Bearish,13.0,"Weak but watchable RSI, Positive day move",0.09,1.43,-9.75,-2.16,-8.67,-0.5,2.25,10.1,-9.25,33.0,"Positive 1M return, Positive 3M return, 3M Nifty outperformance",24.44,Lower Range Watch,68.41,222.82,242.79,8.96,40.92,80.0% of closes stayed inside the range | Range width 9.0% | Currently 40.9% through the range,15.68,1.13,,27.64,21.71,25.91,77.76,,,100289.85,93089.1,-6273.96,-7629.42,7.149,5.892,0.77,3.45,0.43,129801.19,0.0,Banking,10.0,18.0,7.0,0.0,15.0,50.0,0.79,Cash covers debt,"Negative operating cash flow, Negative free cash flow",6.0,56.0,Strong ROE for a leveraged-balance-sheet business,33.24,17.0,"Below 200 DMA, Negative operating cash flow, Negative free cash flow",19.09,Avoid,"Weak but watchable RSI, Positive day move, Cash covers debt, Positive 1M return, Positive 3M return, 3M Nifty outperformance, 80.0% of closes stayed inside the range | Range width 9.0% | Currently 40.9% through the range"
IDFCFIRSTB,Financial Services,Banks - Regional,61.37,-0.87,42.78,100.08,43.44,38.68,36.61,65.44,73.88,21923403.9,17750958.0,0.81,Bearish,8.0,Weak but watchable RSI,-3.74,-15.43,-25.37,-2.16,-8.67,-0.5,-1.58,-6.76,-24.87,0.0,,77.78,Accumulation Zone,72.08,63.86,75.62,18.42,0.0,80.0% of closes stayed inside the range | Range width 18.4% | Currently 0.0% through the range,9.12,0.99,,13.09,30.75,18.41,136.14,,,12481.16,43935.73,11542.89,10169.28,33.1274,12.8729,1.5569,30.0,,73970.07,0.0,Banking,7.0,18.0,2.0,17.0,13.0,57.0,0.79,,,0.0,57.0,,33.24,8.0,Below 200 DMA,18.94,Avoid,"Weak but watchable RSI, 80.0% of closes stayed inside the range | Range width 18.4% | Currently 0.0% through the range"
ICICIPRULI,Financial Services,Insurance - Life,664.91,0.99,378.11,792.99,75.85,16.15,42.65,700.2,661.82,1042438.1,563794.0,0.54,Bearish,28.0,"Above 200 DMA, Weak but watchable RSI, Positive day move",-1.87,-13.64,12.0,-2.16,-8.67,-0.5,0.29,-4.97,12.5,10.0,Positive 6M return,48.33,Accumulation Zone,74.68,651.21,755.08,15.95,13.18,80.0% of closes stayed inside the range | Range width 15.9% | Currently 13.2% through the range,7.73,0.28,1.17,0.95,83.09,4.57,10.9,,,2214.07,1200.0,,-7551.66,43.0979,35.6732,5.3841,33.0,0.471,73415.47,10.44,Financial Services,0.0,12.0,12.0,0.0,9.0,33.0,0.79,Cash covers debt,Negative free cash flow,-9.0,24.0,"Weak ROE for a leveraged-balance-sheet business, Expensive relative to book value for this sector",33.24,4.0,Negative free cash flow,18.89,Avoid,"Above 200 DMA, Weak but watchable RSI, Positive day move, Cash covers debt, Positive 6M return, 80.0% of closes stayed inside the range | Range width 15.9% | Currently 13.2% through the range"
RVNL,Industrials,Engineering & Construction,424.14,-0.2,29.19,639.13,1352.89,33.64,38.81,444.82,426.3,4195919.8,1428368.0,0.34,Bearish,8.0,Weak but watchable RSI,-2.66,-18.71,4.95,-2.16,-8.67,-0.5,-0.5,-10.04,5.45,10.0,Positive 6M return,49.41,Accumulation Zone,69.13,429.55,593.27,38.11,0.0,80.0% of closes stayed inside the range | Range width 38.1% | Currently 0.0% through the range,17.78,7.92,6.21,7.09,7.87,15.57,69.17,2.13,2.12,1104.05,6032.52,2955.85,2615.42,53.4884,41.8182,4.8674,1.49,,47955.46,6.0,Capital Goods / Infra,9.0,10.0,12.0,17.0,8.0,56.0,1.0,,,0.0,56.0,,38.08,11.0,"Below 200 DMA, Low volume participation",18.81,Avoid,"Weak but watchable RSI, Positive 6M return, 80.0% of closes stayed inside the range | Range width 38.1% | Currently 0.0% through the range"
BHARATFORG,Consumer Cyclical,Auto Parts,1299.72,-0.8,660.33,1777.61,96.83,26.88,43.19,1357.2,1431.53,1026857.1,962802.0,0.94,Bearish,8.0,Weak but watchable RSI,-0.84,-15.73,-21.44,-2.16,-8.67,-0.5,1.32,-7.06,-20.94,0.0,,83.65,Accumulation Zone,71.25,1310.01,1623.82,23.95,0.0,80.0% of closes stayed inside the range | Range width 24.0% | Currently 0.0% through the range,13.27,4.92,11.72,6.32,22.41,80.01,110.84,1.08,0.73,1313.55,7947.53,1664.39,140.37,140.9275,43.1994,10.3879,41.0,0.54,99514.15,53.26,Automobile,10.0,18.0,4.0,17.0,5.0,54.0,1.0,,Very high PE,0.0,54.0,,37.27,8.0,Below 200 DMA,18.49,Avoid,"Weak but watchable RSI, 80.0% of closes stayed inside the range | Range width 24.0% | Currently 0.0% through the range"
HDFCLIFE,Financial Services,Insurance - Life,622.45,0.63,451.88,756.41,37.75,17.71,35.21,675.31,646.4,4856179.9,3523864.0,0.73,Bearish,13.0,"Weak but watchable RSI, Positive day move",-7.96,-12.58,6.34,-2.16,-8.67,-0.5,-5.8,-3.91,6.84,10.0,Positive 6M return,48.33,Accumulation Zone,73.4,627.99,732.41,16.63,0.0,80.0% of closes stayed inside the range | Range width 16.6% | Currently 0.0% through the range,10.73,0.52,1.75,1.64,36.41,15.04,6.48,,,2178.28,950.0,,10585.41,58.4967,44.8408,5.9286,39.0,0.502,116632.92,10.2,Financial Services,2.0,18.0,12.0,8.0,9.0,49.0,0.79,Cash covers debt,,-4.0,45.0,Expensive relative to book value for this sector,33.24,8.0,Below 200 DMA,18.49,Avoid,"Weak but watchable RSI, Positive day move, Cash covers debt, Positive 6M return, 80.0% of closes stayed inside the range | Range width 16.6% | Currently 0.0% through the range"
ASIANPAINT,Basic Materials,Specialty Chemicals,2218.97,-0.95,2213.19,3454.02,0.26,35.76,20.28,2574.74,2827.16,1429613.65,1267334.0,0.89,Bearish,9.0,"Oversold RSI, Near 52W low zone",-9.21,-30.16,-20.85,-2.16,-8.67,-0.5,-7.05,-21.49,-20.35,0.0,,84.21,Accumulation Zone,69.75,2369.95,3208.95,35.4,0.0,80.0% of closes stayed inside the range | Range width 35.4% | Currently 0.0% through the range,29.15,18.25,19.1,15.43,2.93,32.97,13.21,2.06,1.37,829.34,2474.38,6103.6,3607.52,55.0311,45.2244,12.2976,1.01,0.289,262668.52,43.53,Chemicals,23.0,10.0,16.0,17.0,6.0,72.0,1.0,Strong ROE,,4.0,76.0,"General quality ROE, General low-debt support",36.79,16.0,"Below 200 DMA, Extreme RSI weakness",18.37,Avoid,"Oversold RSI, Near 52W low zone, Strong ROE, 80.0% of closes stayed inside the range | Range width 35.4% | Currently 0.0% through the range"
MOTHERSON,Consumer Cyclical,Auto Parts,103.13,-0.52,40.29,143.08,155.94,27.92,35.26,115.05,110.65,26017578.85,20552493.0,0.79,Bearish,8.0,Weak but watchable RSI,-4.4,-23.89,-18.92,-2.16,-8.67,-0.5,-2.24,-15.22,-18.42,0.0,,83.65,Accumulation Zone,71.04,108.19,135.63,25.37,0.0,80.0% of closes stayed inside the range | Range width 25.4% | Currently 0.0% through the range,10.39,3.19,5.72,2.78,25.57,81.61,76.17,0.97,0.75,6743.2,19921.9,7568.9,3443.5,40.7452,24.4622,4.356,30.0,1.034,178504.36,43.82,Automobile,2.0,20.0,4.0,17.0,9.0,52.0,1.0,,,0.0,52.0,,37.27,8.0,Below 200 DMA,17.79,Avoid,"Weak but watchable RSI, 80.0% of closes stayed inside the range | Range width 25.4% | Currently 0.0% through the range"
BHARTIARTL,Communication Services,Telecom Services,1566.52,0.98,665.27,1742.32,135.47,10.09,49.44,1578.71,1435.46,7201562.2,3400479.0,0.47,Bearish,32.0,"Above 200 DMA, RSI recovering, Positive day move",1.38,-9.14,10.2,-2.16,-8.67,-0.5,3.54,-0.47,10.7,18.0,"Positive 1M return, Positive 6M return",33.33,Neutral Range,71.47,1419.08,1660.95,17.04,60.96,80.0% of closes stayed inside the range | Range width 17.0% | Currently 61.0% through the range,9.1,1.68,24.82,4.98,7.79,-10.53,262.86,0.42,0.42,6915.5,215592.3,78898.2,38846.7,39.9959,23.6178,7.4958,1.25,0.01,1213418.96,67.86,Telecom,7.0,2.0,0.0,17.0,6.0,32.0,1.0,,"Earnings contraction, Very high debt",0.0,32.0,,32.26,11.0,"Low volume participation, Very high debt",17.54,Avoid,"Above 200 DMA, RSI recovering, Positive day move, Positive 1M return, Positive 6M return, 80.0% of closes stayed inside the range | Range width 17.0% | Currently 61.0% through the range"
HINDALCO,Basic Materials,Aluminum,620.93,0.21,350.03,763.04,77.39,18.62,36.92,661.96,647.2,4102108.6,4476967.0,1.09,Bearish,18.0,"Weak but watchable RSI, Normal volume support, Positive day move",-4.89,-12.49,-6.28,-2.16,-8.67,-0.5,-2.73,-3.82,-5.78,0.0,,84.21,Accumulation Zone,74.51,621.47,722.39,16.24,0.0,80.0% of closes stayed inside the range | Range width 16.2% | Currently 0.0% through the range,9.57,4.38,7.78,4.73,-3.21,0.57,53.09,1.39,0.7,11816.0,56356.0,24056.0,8328.0,14.2245,9.717,1.7528,48.0,0.925,239409.43,31.31,Metals / Mining,2.0,0.0,6.0,17.0,15.0,40.0,1.0,,Revenue contraction,2.0,42.0,General low-debt support,36.79,8.0,Below 200 DMA,16.72,Avoid,"Weak but watchable RSI, Normal volume support, Positive day move, 80.0% of closes stayed inside the range | Range width 16.2% | Currently 0.0% through the range"
GODREJPROP,Real Estate,Real Estate - Development,2842.01,-0.3,1000.17,3386.33,184.15,16.07,47.33,2862.25,2841.26,986048.6,189095.0,0.19,Bearish,27.0,"Above 200 DMA, RSI recovering",0.76,-14.18,-6.87,-2.16,-8.67,-0.5,2.92,-5.51,-6.37,8.0,Positive 1M return,85.0,Accumulation Zone,75.73,2817.57,3237.75,14.91,5.82,80.0% of closes stayed inside the range | Range width 14.9% | Currently 5.8% through the range,7.26,2.03,-5.96,24.83,34.85,26.93,106.87,1.43,0.43,1319.81,10679.29,-692.57,-1387.82,38.3153,18.06,3.1684,49.0,0.478,60697.14,42.86,Cement / Realty,6.0,20.0,4.0,0.0,9.0,39.0,1.0,,"Negative operating cash flow, Negative free cash flow",0.0,39.0,,41.79,12.0,"Low volume participation, Negative operating cash flow, Negative free cash flow",16.67,Avoid,"Above 200 DMA, RSI recovering, Positive 1M return, 80.0% of closes stayed inside the range | Range width 14.9% | Currently 5.8% through the range"
YESBANK,Financial Services,Banks - Regional,19.8,0.0,14.4,32.85,37.5,39.73,38.75,20.41,22.99,96291236.05,55846692.0,0.58,Bearish,8.0,Weak but watchable RSI,-2.27,-13.12,-16.77,-2.16,-8.67,-0.5,-0.11,-4.45,-16.27,0.0,,77.78,Accumulation Zone,70.64,19.88,25.47,28.07,0.0,80.0% of closes stayed inside the range | Range width 28.1% | Currently 0.0% through the range,3.05,0.32,,9.19,49.19,74.66,187.08,,,63405.7,78862.61,9644.55,8663.9,19.15,12.6515,1.4297,,0.485,72129.13,0.0,Banking,3.0,20.0,0.0,17.0,13.0,53.0,0.71,,,-5.0,48.0,Weak ROE for a leveraged-balance-sheet business,33.24,8.0,Below 200 DMA,15.79,Avoid,"Weak but watchable RSI, 80.0% of closes stayed inside the range | Range width 28.1% | Currently 0.0% through the range"
LTF,Financial Services,Credit Services,133.29,-1.32,68.12,189.24,95.66,29.56,35.91,141.61,158.4,6611224.05,9220873.0,1.39,Bearish,18.0,"Weak but watchable RSI, Volume expansion",-2.8,-26.99,-24.7,-2.16,-8.67,-0.5,-0.64,-18.32,-24.2,0.0,,77.78,Accumulation Zone,72.25,136.54,179.29,31.31,0.0,80.0% of closes stayed inside the range | Range width 31.3% | Currently 0.0% through the range,9.9,2.26,,29.52,20.52,42.93,326.83,,,3647.86,76603.45,685.64,566.88,25.0158,16.2301,2.83,87.0,0.64,79491.77,99.53,Financial Services,8.0,18.0,0.0,17.0,13.0,56.0,0.79,,Very high debt,6.0,62.0,High leverage is structural for this sector,33.24,16.0,"Below 200 DMA, Very high debt",15.19,Avoid,"Weak but watchable RSI, Volume expansion, 80.0% of closes stayed inside the range | Range width 31.3% | Currently 0.0% through the range"
NTPC,Utilities,Utilities - Regulated Electric,323.52,-0.19,139.29,430.88,132.26,24.92,27.24,366.6,363.14,13850416.5,9030212.0,0.65,Bearish,4.0,Oversold RSI,-9.38,-22.79,-7.04,-2.16,-8.67,-0.5,-7.22,-14.12,-6.54,0.0,,76.47,Accumulation Zone,71.4,347.49,407.92,17.39,0.0,80.0% of closes stayed inside the range | Range width 17.4% | Currently 0.0% through the range,12.95,4.33,18.76,11.78,1.52,23.06,147.55,0.82,0.64,863.34,237130.98,40099.19,9283.27,10.3522,12.0003,1.6207,3.65,0.3,329153.35,48.18,Energy / Utilities,12.0,8.0,2.0,17.0,12.0,51.0,1.0,,,0.0,51.0,,27.13,8.0,Below 200 DMA,14.92,Avoid,"Oversold RSI, 80.0% of closes stayed inside the range | Range width 17.4% | Currently 0.0% through the range"
LINDEINDIA,Basic Materials,Specialty Chemicals,6164.16,-0.97,2911.17,9885.09,111.74,37.64,26.94,7135.61,7659.94,30936.35,22195.0,0.72,Bearish,4.0,Oversold RSI,-12.19,-28.75,-24.22,-2.16,-8.67,-0.5,-10.03,-20.08,-23.72,0.0,,84.21,Accumulation Zone,69.84,6659.15,8508.92,27.78,0.0,80.0% of closes stayed inside the range | Range width 27.8% | Currently 0.0% through the range,12.52,9.03,18.11,15.68,10.5,-1.08,0.6,1.87,1.79,978.82,20.69,440.4,-131.28,105.6673,78.7623,13.5476,6.0,,57801.38,58.55,Chemicals,18.0,5.0,19.0,9.0,5.0,56.0,1.0,Cash covers debt,"Earnings contraction, Negative free cash flow, Very high PE",2.0,58.0,General low-debt support,36.79,12.0,"Below 200 DMA, Negative free cash flow",14.82,Avoid,"Oversold RSI, Cash covers debt, 80.0% of closes stayed inside the range | Range width 27.8% | Currently 0.0% through the range"
GODREJIND,Industrials,Conglomerates,1134.65,0.84,395.0,1314.0,187.25,13.65,62.03,1049.37,951.13,165324.75,116898.0,0.71,Bullish,65.0,"Above 50 DMA, Above 200 DMA, Healthy RSI momentum, Near 52W high momentum, Positive day move",5.74,-7.47,34.06,-2.16,-8.67,-0.5,7.9,1.2,34.56,53.0,"Positive 1M return, Strong 6M absolute return, 1M Nifty outperformance, 6M Nifty outperformance",15.29,Profit Booking Zone,78.06,891.17,1207.05,35.44,77.08,80.0% of closes stayed inside the range | Range width 35.4% | Currently 77.1% through the range,0.75,0.1,5.66,0.36,-0.98,-93.85,362.39,1.15,0.43,1878.81,28995.91,-4284.12,-5481.61,33.4833,,3.7223,,0.635,41607.84,40.36,Capital Goods / Infra,0.0,0.0,2.0,0.0,6.0,8.0,0.93,,"Revenue contraction, Earnings contraction, Very high debt, Negative operating cash flow, Negative free cash flow",0.0,8.0,,38.08,24.0,"Very high debt, Earnings contraction, Negative operating cash flow, Negative free cash flow",14.01,Avoid,"Above 50 DMA, Above 200 DMA, Healthy RSI momentum, Near 52W high momentum, Positive day move, Positive 1M return, Strong 6M absolute return, 1M Nifty outperformance, 6M Nifty outperformance, 80.0% of closes stayed inside the range | Range width 35.4% | Currently 77.1% through the range"
VEDL,Basic Materials,Other Industrial Metals & Mining,430.0,-0.36,163.09,483.26,163.66,11.02,43.11,431.47,382.88,11616885.6,5351568.0,0.46,Bearish,23.0,"Above 200 DMA, Weak but watchable RSI",5.18,-2.29,11.87,-2.16,-8.67,-0.5,7.34,6.38,12.37,28.0,"Positive 1M return, Positive 6M return, 1M Nifty outperformance",29.82,Neutral Range,69.37,380.73,458.92,20.54,63.01,80.0% of closes stayed inside the range | Range width 20.5% | Currently 63.0% through the range,13.8,2.22,17.51,2.99,-2.48,-59.91,236.87,0.66,0.49,2812.0,72770.0,35654.0,18902.0,12.0753,8.5779,2.169,12.36,0.363,107694.43,53.91,Metals / Mining,7.0,0.0,0.0,17.0,15.0,39.0,1.0,,"Revenue contraction, Earnings contraction, Very high debt",0.0,39.0,,36.79,18.0,"Low volume participation, Very high debt, Earnings contraction",13.92,Avoid,"Above 200 DMA, Weak but watchable RSI, Positive 1M return, Positive 6M return, 1M Nifty outperformance, 80.0% of closes stayed inside the range | Range width 20.5% | Currently 63.0% through the range"
LICI,Financial Services,Insurance - Life,430.03,0.14,252.0,589.19,70.65,27.01,35.6,446.84,477.85,3630764.6,1533908.0,0.42,Bearish,13.0,"Weak but watchable RSI, Positive day move",-2.66,-12.47,-10.45,-2.16,-8.67,-0.5,-0.5,-3.8,-9.95,0.0,,77.78,Accumulation Zone,72.53,436.98,535.09,22.45,0.0,80.0% of closes stayed inside the range | Range width 22.5% | Currently 0.0% through the range,49.45,0.77,4.85,4.82,8.13,13.67,,,,36165.31,,,25780.17,8.5468,7.091,2.9869,2.46,0.543,527504.82,11.08,Financial Services,8.0,10.0,0.0,8.0,15.0,41.0,0.71,Strong ROE,,6.0,47.0,Strong ROE for a leveraged-balance-sheet business,33.24,11.0,"Below 200 DMA, Low volume participation",13.69,Avoid,"Weak but watchable RSI, Positive day move, Strong ROE, 80.0% of closes stayed inside the range | Range width 22.5% | Currently 0.0% through the range"
NAVINFLUOR,Basic Materials,Chemicals,3313.99,-1.5,2855.73,4896.83,16.05,32.32,40.39,3405.31,3358.84,110469.75,175779.0,1.59,Bearish,23.0,"Weak but watchable RSI, Near 52W low zone, Volume expansion",-4.92,-1.43,-7.1,-2.16,-8.67,-0.5,-2.76,7.24,-6.6,0.0,,84.21,Accumulation Zone,74.22,3262.77,3633.48,11.36,13.82,80.0% of closes stayed inside the range | Range width 11.4% | Currently 13.8% through the range,11.35,6.18,14.83,13.21,-0.83,-27.9,57.45,1.97,1.5,6.64,1368.8,749.89,17.5,54.2102,41.8624,10.7744,19.0,0.239,42868.86,56.75,Chemicals,12.0,0.0,11.0,17.0,7.0,47.0,1.0,,"Revenue contraction, Earnings contraction",2.0,49.0,General low-debt support,36.79,15.0,"Below 200 DMA, Earnings contraction",13.42,Avoid,"Weak but watchable RSI, Near 52W low zone, Volume expansion, 80.0% of closes stayed inside the range | Range width 11.4% | Currently 13.8% through the range"
NHPC,Utilities,Utilities - Renewable,78.37,-0.01,29.88,112.53,162.3,30.35,44.82,78.74,88.84,22019748.75,8411428.0,0.38,Bearish,8.0,Weak but watchable RSI,-1.14,-11.71,-17.29,-2.16,-8.67,-0.5,1.02,-3.04,-16.79,0.0,,76.47,Accumulation Zone,69.51,77.02,99.83,29.62,5.94,80.0% of closes stayed inside the range | Range width 29.6% | Currently 5.9% through the range,9.3,3.9,43.32,38.86,-11.7,-7.87,84.76,1.27,1.24,1499.4,32776.44,7252.14,282.82,28.1502,12.0078,1.8676,2.09,0.191,77196.09,93.4,Energy / Utilities,14.0,0.0,8.0,17.0,13.0,52.0,1.0,,"Revenue contraction, Earnings contraction",0.0,52.0,,27.13,11.0,"Below 200 DMA, Low volume participation",13.27,Avoid,"Weak but watchable RSI, 80.0% of closes stayed inside the range | Range width 29.6% | Currently 5.9% through the range"
BERGEPAINT,Basic Materials,Specialty Chemicals,434.78,-0.64,428.37,665.9,1.5,34.71,23.14,492.29,521.98,1324045.7,559602.0,0.42,Bearish,9.0,"Oversold RSI, Near 52W low zone",-10.06,-28.4,-10.48,-2.16,-8.67,-0.5,-7.9,-19.73,-9.98,0.0,,84.21,Accumulation Zone,70.69,469.52,606.28,29.13,0.0,80.0% of closes stayed inside the range | Range width 29.1% | Currently 0.0% through the range,21.71,13.95,14.06,10.52,6.58,35.88,14.0,1.83,0.91,240.26,753.29,1591.05,1316.06,51.2637,43.1943,9.4377,75.0,0.449,65272.83,40.89,Chemicals,17.0,12.0,13.0,17.0,7.0,66.0,1.0,Strong ROE,,4.0,70.0,"General quality ROE, General low-debt support",36.79,19.0,"Below 200 DMA, Extreme RSI weakness, Low volume participation",13.27,Avoid,"Oversold RSI, Near 52W low zone, Strong ROE, 80.0% of closes stayed inside the range | Range width 29.1% | Currently 0.0% through the range"
TATACONSUM,Consumer Defensive,Packaged Foods,886.82,-0.7,663.99,1240.54,33.56,28.51,37.19,952.77,1085.79,1614536.8,595956.0,0.37,Bearish,8.0,Weak but watchable RSI,-6.16,-24.26,-17.11,-2.16,-8.67,-0.5,-4.0,-15.59,-16.61,0.0,,85.42,Accumulation Zone,70.25,912.04,1191.44,30.63,0.0,80.0% of closes stayed inside the range | Range width 30.6% | Currently 0.0% through the range,7.16,4.11,12.65,7.62,10.53,-4.44,21.66,1.2,0.75,2319.83,3477.22,1936.68,1601.99,64.3966,44.4085,4.823,93.0,0.414,105095.18,41.11,FMCG / Consumer,6.0,5.0,9.0,17.0,7.0,44.0,1.0,,Earnings contraction,3.0,47.0,"Low debt, typical of a healthy consumer business",36.34,11.0,"Below 200 DMA, Low volume participation",12.9,Avoid,"Weak but watchable RSI, 80.0% of closes stayed inside the range | Range width 30.6% | Currently 0.0% through the range"
ATGL,Utilities,Utilities - Regulated Gas,671.52,0.16,521.49,3994.52,28.77,83.19,40.57,708.22,847.5,3321546.1,867412.0,0.26,Bearish,13.0,"Weak but watchable RSI, Positive day move",-3.18,-16.12,-24.8,-2.16,-8.67,-0.5,-1.02,-7.45,-24.3,0.0,,76.47,Accumulation Zone,71.56,690.56,890.05,28.89,0.0,80.0% of closes stayed inside the range | Range width 28.9% | Currently 0.0% through the range,18.64,10.13,21.29,15.02,2.17,22.14,43.49,0.57,0.52,137.16,1557.25,955.13,155.81,116.2588,,14.9289,4.0,0.606,72625.95,28.25,Energy / Utilities,20.0,8.0,7.0,17.0,2.0,54.0,1.0,Strong ROE,Very high PE,4.0,58.0,"General quality ROE, General low-debt support",27.13,16.0,"Below 200 DMA, Far from 52W high, Low volume participation",11.62,Avoid,"Weak but watchable RSI, Positive day move, Strong ROE, 80.0% of closes stayed inside the range | Range width 28.9% | Currently 0.0% through the range"
SAIL,Basic Materials,Steel,116.13,-1.23,69.99,171.84,65.94,32.42,44.3,117.98,135.61,18248084.85,15502315.0,0.85,Bearish,8.0,Weak but watchable RSI,1.14,-12.4,-17.69,-2.16,-8.67,-0.5,3.3,-3.73,-17.19,8.0,Positive 1M return,63.16,Accumulation Zone,69.93,114.31,144.95,26.8,5.94,80.0% of closes stayed inside the range | Range width 26.8% | Currently 5.9% through the range,5.37,2.18,6.06,2.93,0.79,40.9,63.61,0.9,0.29,69.38,36322.65,2910.88,-1799.81,16.7147,10.9697,1.1918,92.0,1.029,71871.14,51.8,Metals / Mining,0.0,10.0,4.0,9.0,15.0,38.0,1.0,,Negative free cash flow,2.0,40.0,General low-debt support,36.79,12.0,"Below 200 DMA, Negative free cash flow",11.52,Avoid,"Weak but watchable RSI, Positive 1M return, 80.0% of closes stayed inside the range | Range width 26.8% | Currently 5.9% through the range"
TORNTPOWER,Utilities,Utilities - Independent Power Producers,1427.29,-2.25,393.65,1980.17,262.58,27.92,36.08,1653.62,1550.5,1032891.1,321207.0,0.31,Bearish,8.0,Weak but watchable RSI,-4.21,-22.19,-2.84,-2.16,-8.67,-0.5,-2.05,-13.52,-2.34,0.0,,76.47,Accumulation Zone,70.92,1476.16,1862.69,26.18,0.0,80.0% of closes stayed inside the range | Range width 26.2% | Currently 0.0% through the range,15.2,5.49,12.03,6.82,5.87,-13.42,96.44,1.09,0.99,350.83,11631.8,4258.35,601.87,28.818,21.9958,3.4843,1.5,0.655,66464.88,26.63,Energy / Utilities,12.0,2.0,6.0,17.0,10.0,47.0,1.0,,Earnings contraction,0.0,47.0,,27.13,11.0,"Below 200 DMA, Low volume participation",11.52,Avoid,"Weak but watchable RSI, 80.0% of closes stayed inside the range | Range width 26.2% | Currently 0.0% through the range"
SHRIRAMFIN,Financial Services,Credit Services,573.3,1.52,213.18,710.44,168.93,19.3,40.85,602.71,557.4,6445349.0,4462340.0,0.69,Bearish,28.0,"Above 200 DMA, Weak but watchable RSI, Positive day move",-3.05,-16.37,-0.87,-2.16,-8.67,-0.5,-0.89,-7.7,-0.37,0.0,,77.78,Accumulation Zone,72.71,548.82,663.4,20.88,21.37,80.0% of closes stayed inside the range | Range width 20.9% | Currently 21.4% through the range,15.05,2.97,,38.6,12.71,22.55,310.06,,,6260.23,151766.1,-31118.27,-31363.87,19.735,15.5658,3.1889,1.22,0.606,262875.3,96.81,Financial Services,10.0,13.0,0.0,0.0,12.0,35.0,0.79,,"Very high debt, Negative operating cash flow, Negative free cash flow",12.0,47.0,"High leverage is structural for this sector, Strong ROE for a leveraged-balance-sheet business",33.24,17.0,"Very high debt, Negative operating cash flow, Negative free cash flow",11.44,Avoid,"Above 200 DMA, Weak but watchable RSI, Positive day move, 80.0% of closes stayed inside the range | Range width 20.9% | Currently 21.4% through the range"
JSWSTEEL,Basic Materials,Steel,906.79,-0.8,601.78,1054.09,50.68,13.97,34.86,961.91,912.23,3228186.35,2056005.0,0.64,Bearish,8.0,Weak but watchable RSI,-5.61,-6.94,0.26,-2.16,-8.67,-0.5,-3.45,1.73,0.76,10.0,Positive 6M return,52.63,Accumulation Zone,71.31,894.39,997.15,11.49,12.07,80.0% of closes stayed inside the range | Range width 11.5% | Currently 12.1% through the range,11.35,3.86,11.88,5.11,5.46,112.64,135.97,0.98,0.4,5460.0,105609.0,12078.0,-3723.0,12.6581,17.4188,3.096,55.0,0.627,309784.53,42.29,Metals / Mining,5.0,12.0,2.0,9.0,10.0,38.0,1.0,,Negative free cash flow,0.0,38.0,,36.79,12.0,"Below 200 DMA, Negative free cash flow",11.32,Avoid,"Weak but watchable RSI, Positive 6M return, 80.0% of closes stayed inside the range | Range width 11.5% | Currently 12.1% through the range"
THERMAX,Industrials,Conglomerates,4441.76,0.8,1804.31,5792.82,146.17,23.32,38.06,4822.54,4737.95,85463.15,38331.0,0.45,Bearish,13.0,"Weak but watchable RSI, Positive day move",-2.89,-13.87,-12.8,-2.16,-8.67,-0.5,-0.73,-5.2,-12.3,0.0,,77.65,Accumulation Zone,71.11,4337.11,5188.52,19.63,12.29,80.0% of closes stayed inside the range | Range width 19.6% | Currently 12.3% through the range,14.53,6.36,7.35,6.99,14.98,43.3,29.18,1.36,1.2,487.13,1295.54,247.3,-596.64,77.4232,45.6669,8.2899,35.0,0.321,45997.83,34.09,Capital Goods / Infra,9.0,15.0,11.0,9.0,5.0,49.0,1.0,,Negative free cash flow,0.0,49.0,,38.08,15.0,"Below 200 DMA, Low volume participation, Negative free cash flow",11.11,Avoid,"Weak but watchable RSI, Positive day move, 80.0% of closes stayed inside the range | Range width 19.6% | Currently 12.3% through the range"
JSWENERGY,Utilities,Utilities - Independent Power Producers,631.85,-1.78,200.89,799.01,214.53,20.92,35.3,675.16,657.18,2276914.4,1787870.0,0.79,Bearish,8.0,Weak but watchable RSI,-5.47,-18.8,-10.64,-2.16,-8.67,-0.5,-3.31,-10.13,-10.14,0.0,,76.47,Accumulation Zone,73.04,658.27,737.55,12.04,0.0,80.0% of closes stayed inside the range | Range width 12.0% | Currently 0.0% through the range,8.27,2.96,33.5,15.29,13.67,16.58,151.56,1.19,1.08,3091.74,31573.39,6233.63,-1799.14,43.9269,32.8867,3.191,36.0,0.133,102383.84,66.89,Energy / Utilities,13.0,13.0,4.0,9.0,9.0,48.0,1.0,,Negative free cash flow,0.0,48.0,,27.13,12.0,"Below 200 DMA, Negative free cash flow",10.87,Avoid,"Weak but watchable RSI, 80.0% of closes stayed inside the range | Range width 12.0% | Currently 0.0% through the range"
EXIDEIND,Consumer Cyclical,Auto Parts,414.13,0.04,149.41,611.9,177.17,32.32,33.32,446.61,462.03,3253056.4,1739728.0,0.53,Bearish,13.0,"Weak but watchable RSI, Positive day move",-6.01,-11.7,-26.1,-2.16,-8.67,-0.5,-3.85,-3.03,-25.6,0.0,,83.65,Accumulation Zone,71.87,427.16,541.95,26.87,0.0,80.0% of closes stayed inside the range | Range width 26.9% | Currently 0.0% through the range,6.8,4.83,7.71,5.26,11.3,6.56,8.71,1.41,0.54,322.99,1122.87,1533.14,-342.91,44.044,26.4992,2.9993,41.0,0.552,41705.25,31.41,Automobile,0.0,7.0,11.0,9.0,11.0,38.0,1.0,,Negative free cash flow,2.0,40.0,General low-debt support,37.27,12.0,"Below 200 DMA, Negative free cash flow",10.84,Avoid,"Weak but watchable RSI, Positive day move, 80.0% of closes stayed inside the range | Range width 26.9% | Currently 0.0% through the range"
HINDCOPPER,Basic Materials,Copper,261.43,-6.22,92.4,411.82,182.94,36.52,35.02,283.56,314.85,4123668.6,12591431.0,3.05,Bearish,23.0,"Weak but watchable RSI, Strong volume expansion",-5.1,-22.65,-18.24,-2.16,-8.67,-0.5,-2.94,-13.98,-17.74,0.0,,84.21,Breakdown Risk,35.0,272.86,328.57,20.42,0.0,80.0% of closes stayed inside the range | Range width 20.4% | Currently 0.0% through the range | Below lower band on elevated volume,12.92,9.03,23.11,17.32,2.37,-0.05,9.75,1.07,0.65,71.63,222.72,341.21,-193.21,45.4523,27.1139,15.8616,46.0,,52963.9,91.1,Metals / Mining,18.0,0.0,11.0,9.0,7.0,45.0,1.0,,"Earnings contraction, Negative free cash flow",2.0,47.0,General low-debt support,36.79,17.0,"Below 200 DMA, Sharp daily fall, Negative free cash flow",10.72,Avoid,"Weak but watchable RSI, Strong volume expansion, 80.0% of closes stayed inside the range | Range width 20.4% | Currently 0.0% through the range | Below lower band on elevated volume"
SBILIFE,Financial Services,Insurance - Life,1404.42,1.59,1048.65,1929.64,33.93,27.22,36.96,1529.62,1576.01,2618900.65,1935656.0,0.74,Bearish,13.0,"Weak but watchable RSI, Positive day move",-6.4,-24.39,-2.88,-2.16,-8.67,-0.5,-4.24,-15.72,-2.38,0.0,,77.78,Accumulation Zone,71.38,1427.73,1857.55,30.11,0.0,80.0% of closes stayed inside the range | Range width 30.1% | Currently 0.0% through the range,12.7,0.48,1.49,1.45,62.36,10.07,,,,4740.63,,,29007.47,70.6291,52.3737,9.1193,15.0,0.366,183596.77,9.71,Financial Services,4.0,15.0,0.0,8.0,5.0,32.0,0.71,,,-4.0,28.0,Expensive relative to book value for this sector,33.24,8.0,Below 200 DMA,10.04,Avoid,"Weak but watchable RSI, Positive day move, 80.0% of closes stayed inside the range | Range width 30.1% | Currently 0.0% through the range"
JIOFIN,Financial Services,Asset Management,304.36,0.28,202.01,393.16,50.67,22.59,33.73,322.56,340.97,12264782.6,8189884.0,0.67,Bearish,13.0,"Weak but watchable RSI, Positive day move",-7.1,-13.39,-14.23,-2.16,-8.67,-0.5,-4.94,-4.72,-13.73,0.0,,77.78,Accumulation Zone,74.16,312.96,349.26,11.6,0.0,80.0% of closes stayed inside the range | Range width 11.6% | Currently 0.0% through the range,1.15,1.11,77.85,137.07,5424.3,5034.56,0.0,112.76,,67.18,0.0,-677.57,-678.36,79.7664,57.4103,1.211,24.0,0.502,169073.43,100.0,Financial Services,12.0,20.0,17.0,0.0,9.0,58.0,0.93,Net cash position,"Negative operating cash flow, Negative free cash flow",-5.0,53.0,Weak ROE for a leveraged-balance-sheet business,33.24,17.0,"Below 200 DMA, Negative operating cash flow, Negative free cash flow",9.79,Avoid,"Weak but watchable RSI, Positive day move, Net cash position, 80.0% of closes stayed inside the range | Range width 11.6% | Currently 0.0% through the range"
NLCINDIA,Utilities,Utilities - Regulated Electric,233.11,-0.73,60.45,301.85,285.61,22.77,36.28,246.65,243.11,1187102.9,530790.0,0.45,Bearish,8.0,Weak but watchable RSI,-7.97,-15.83,-0.42,-2.16,-8.67,-0.5,-5.81,-7.16,0.08,0.0,,76.47,Accumulation Zone,72.46,237.43,275.16,15.89,0.0,80.0% of closes stayed inside the range | Range width 15.9% | Currently 0.0% through the range,11.22,3.37,14.57,14.26,-19.57,32.84,135.6,1.17,0.99,564.87,22415.49,5512.49,2344.33,12.0326,10.25,1.7827,2.52,,38375.17,80.32,Energy / Utilities,10.0,10.0,4.0,17.0,15.0,56.0,1.0,,Revenue contraction,0.0,56.0,,27.13,16.0,"Below 200 DMA, Low volume participation, Revenue contraction",9.67,Avoid,"Weak but watchable RSI, 80.0% of closes stayed inside the range | Range width 15.9% | Currently 0.0% through the range"
COCHINSHIP,Industrials,Aerospace & Defense,1453.18,-0.18,154.78,2941.12,838.89,50.59,38.94,1490.69,1684.83,444696.2,175014.0,0.39,Bearish,8.0,Weak but watchable RSI,-2.54,-15.75,-33.33,-2.16,-8.67,-0.5,-0.38,-7.08,-32.83,0.0,,77.65,Lower Range Watch,61.0,1385.52,2586.67,86.69,5.63,80.0% of closes stayed inside the range | Range width 86.7% | Currently 5.6% through the range,15.66,6.5,22.46,20.88,61.76,157.06,10.04,1.32,1.17,306.41,502.2,-171.59,-805.41,55.3066,34.0724,6.7461,89.0,0.582,39619.97,34.96,Capital Goods / Infra,17.0,20.0,13.0,0.0,7.0,57.0,1.0,,"Negative operating cash flow, Negative free cash flow",5.0,62.0,Strong order-book-driven revenue growth,38.08,20.0,"Below 200 DMA, Low volume participation, Negative operating cash flow, Negative free cash flow",9.41,Avoid,"Weak but watchable RSI, 80.0% of closes stayed inside the range | Range width 86.7% | Currently 5.6% through the range"
IRFC,Financial Services,Credit Services,143.23,-0.66,18.59,221.22,670.28,35.25,42.04,145.33,157.38,24484384.2,11467576.0,0.47,Bearish,8.0,Weak but watchable RSI,-2.39,-5.89,-15.3,-2.16,-8.67,-0.5,-0.23,2.78,-14.8,0.0,,77.78,Accumulation Zone,68.85,140.29,187.65,33.77,6.21,80.0% of closes stayed inside the range | Range width 33.8% | Currently 6.2% through the range,13.04,1.32,45.47,24.17,12.18,3.97,837.84,0.97,,22.77,412038.51,7914.1,7905.77,16.0765,12.0904,2.0307,3.3,0.33,115342.64,100.0,Financial Services,16.0,7.0,0.0,17.0,15.0,55.0,0.93,,Very high debt,6.0,61.0,High leverage is structural for this sector,33.24,19.0,"Below 200 DMA, Low volume participation, Very high debt",9.34,Avoid,"Weak but watchable RSI, 80.0% of closes stayed inside the range | Range width 33.8% | Currently 6.2% through the range"
TATAPOWER,Utilities,Utilities - Independent Power Producers,399.46,1.23,177.68,488.93,124.82,18.3,37.25,421.19,424.48,8863954.2,8622771.0,0.97,Bearish,13.0,"Weak but watchable RSI, Positive day move",-3.2,-13.63,-6.02,-2.16,-8.67,-0.5,-1.04,-4.96,-5.52,0.0,,76.47,Accumulation Zone,74.11,407.21,455.74,11.92,0.0,80.0% of closes stayed inside the range | Range width 11.9% | Currently 0.0% through the range,11.42,2.65,11.26,6.12,11.59,10.78,182.37,0.67,0.57,3324.34,59006.76,12504.37,-736.66,31.5945,22.6373,3.0714,66.0,0.342,121247.16,35.71,Energy / Utilities,8.0,10.0,0.0,9.0,11.0,38.0,1.0,,Negative free cash flow,0.0,38.0,,27.13,12.0,"Below 200 DMA, Negative free cash flow",8.62,Avoid,"Weak but watchable RSI, Positive day move, 80.0% of closes stayed inside the range | Range width 11.9% | Currently 0.0% through the range"
HINDZINC,Basic Materials,Other Industrial Metals & Mining,436.44,-2.19,194.09,749.99,124.87,41.81,27.68,487.19,491.15,1182133.55,981853.0,0.83,Bearish,4.0,Oversold RSI,-9.34,-11.34,-27.69,-2.16,-8.67,-0.5,-7.18,-2.67,-27.19,0.0,,84.21,Accumulation Zone,69.78,468.7,600.7,28.16,0.0,80.0% of closes stayed inside the range | Range width 28.2% | Currently 0.0% through the range,51.06,22.89,36.99,27.63,-15.6,-26.18,60.03,1.16,0.99,53.0,9121.0,13346.0,9480.0,14.4846,13.3134,10.9157,3.58,0.661,247012.13,75.8,Metals / Mining,25.0,0.0,6.0,17.0,11.0,59.0,1.0,Strong ROE,"Revenue contraction, Earnings contraction",4.0,63.0,"General quality ROE, General low-debt support",36.79,20.0,"Below 200 DMA, Revenue contraction, Earnings contraction",8.57,Avoid,"Oversold RSI, Strong ROE, 80.0% of closes stayed inside the range | Range width 28.2% | Currently 0.0% through the range"
HFCL,Technology,Communication Equipment,114.51,0.31,55.45,170.76,106.5,32.94,33.41,124.57,119.92,13322286.75,14683752.0,1.1,Bearish,18.0,"Weak but watchable RSI, Normal volume support, Positive day move",-14.13,-27.58,-0.39,-2.16,-8.67,-0.5,-11.97,-18.91,0.11,0.0,,92.86,Accumulation Zone,72.43,117.2,152.53,30.14,0.0,80.0% of closes stayed inside the range | Range width 30.1% | Currently 0.0% through the range,8.34,5.08,11.53,7.4,-5.85,9.58,25.06,2.07,1.71,23.33,991.22,-44.87,-454.9,57.8381,42.6,6.6817,5.0,0.926,33898.4,37.62,IT / Technology,10.0,5.0,15.0,0.0,7.0,37.0,1.0,,"Revenue contraction, Negative operating cash flow, Negative free cash flow",0.0,37.0,,52.37,17.0,"Below 200 DMA, Negative operating cash flow, Negative free cash flow",8.31,Avoid,"Weak but watchable RSI, Normal volume support, Positive day move, 80.0% of closes stayed inside the range | Range width 30.1% | Currently 0.0% through the range"
IDBI,Financial Services,Banks - Regional,75.06,0.82,36.58,105.64,105.22,28.94,35.82,79.46,84.05,5995344.45,7567940.0,1.26,Bearish,18.0,"Weak but watchable RSI, Normal volume support, Positive day move",-6.61,-13.9,-7.85,-2.16,-8.67,-0.5,-4.45,-5.23,-7.35,0.0,,77.78,Accumulation Zone,73.32,76.3,94.77,24.21,0.0,80.0% of closes stayed inside the range | Range width 24.2% | Currently 0.0% through the range,11.33,1.59,,33.61,14.81,56.18,28.75,,,32669.42,14682.7,-1252.49,-1564.51,9.511,16.8286,1.2551,2.43,0.832,88664.31,0.0,Banking,8.0,15.0,10.0,0.0,12.0,45.0,0.79,Cash covers debt,"Negative operating cash flow, Negative free cash flow",0.0,45.0,,33.24,17.0,"Below 200 DMA, Negative operating cash flow, Negative free cash flow",8.24,Avoid,"Weak but watchable RSI, Normal volume support, Positive day move, Cash covers debt, 80.0% of closes stayed inside the range | Range width 24.2% | Currently 0.0% through the range"
GLENMARK,Healthcare,Drug Manufacturers - Specialty & Generic,1537.68,0.37,356.64,1826.47,331.15,15.81,48.2,1593.59,1377.56,660737.1,486039.0,0.74,Bearish,32.0,"Above 200 DMA, RSI recovering, Positive day move",1.24,-8.75,25.87,-2.16,-8.67,-0.5,3.4,-0.08,26.37,33.0,"Positive 1M return, Positive 6M return, 6M Nifty outperformance",67.05,Lower Range Watch,70.85,1418.4,1730.38,21.99,38.23,80.0% of closes stayed inside the range | Range width 22.0% | Currently 38.2% through the range,-19.13,-10.46,5.42,-12.91,1.78,-605.2,15.68,1.28,0.84,1658.27,1230.93,-265.44,-1163.82,35.9328,23.447,6.1481,33.0,0.248,64629.45,71.94,Pharma / Healthcare,0.0,0.0,14.0,0.0,7.0,21.0,1.0,Cash covers debt,"Negative net margin, Earnings contraction, Negative operating cash flow, Negative free cash flow",2.0,23.0,General low-debt support,52.89,24.0,"Negative net margin, Earnings contraction, Negative operating cash flow, Negative free cash flow",8.23,Avoid,"Above 200 DMA, RSI recovering, Positive day move, Cash covers debt, Positive 1M return, Positive 6M return, 6M Nifty outperformance, 80.0% of closes stayed inside the range | Range width 22.0% | Currently 38.2% through the range"
NYKAA,Consumer Cyclical,Internet Retail,160.85,-0.67,114.25,235.8,40.79,31.79,36.24,174.8,179.64,9751958.4,6793246.0,0.7,Bearish,8.0,Weak but watchable RSI,-5.54,-18.85,-7.92,-2.16,-8.67,-0.5,-3.38,-10.18,-7.42,0.0,,83.65,Accumulation Zone,71.29,169.37,209.5,23.69,0.0,80.0% of closes stayed inside the range | Range width 23.7% | Currently 0.0% through the range,2.56,0.95,1.93,0.51,23.89,67.48,76.81,1.22,0.59,75.78,969.48,0.25,-110.48,360.4945,111.7595,65.3226,,0.351,93989.27,45.35,Consumer Discretionary,0.0,18.0,6.0,9.0,3.0,36.0,0.93,,"Negative free cash flow, Very high PE",0.0,36.0,,37.27,12.0,"Below 200 DMA, Negative free cash flow",8.19,Avoid,"Weak but watchable RSI, 80.0% of closes stayed inside the range | Range width 23.7% | Currently 0.0% through the range"
IDEA,Communication Services,Telecom Services,7.56,1.34,5.7,19.18,32.63,60.58,41.31,7.96,12.67,395348007.95,276382089.0,0.7,Bearish,13.0,"Weak but watchable RSI, Positive day move",-9.35,-27.03,-58.05,-2.16,-8.67,-0.5,-7.19,-18.36,-57.55,0.0,,73.33,Lower Range Watch,60.9,7.65,16.2,111.78,0.0,80.0% of closes stayed inside the range | Range width 111.8% | Currently 0.0% through the range,29.99,-16.89,-12.55,-73.38,1.02,-6.61,-234.06,0.24,0.24,167.8,243809.0,20826.1,19212.2,3.6885,-8.9483,-4.0872,,0.436,146263.1,45.2,Telecom,8.0,0.0,9.0,17.0,8.0,42.0,0.93,Strong ROE,"Negative net margin, Earnings contraction",4.0,46.0,"General quality ROE, General low-debt support",32.26,16.0,"Below 200 DMA, Negative net margin",8.19,Avoid,"Weak but watchable RSI, Positive day move, Strong ROE, 80.0% of closes stayed inside the range | Range width 111.8% | Currently 0.0% through the range"
AXISBANK,Financial Services,Banks - Regional,1074.95,-0.2,705.29,1337.47,52.41,19.63,30.39,1146.85,1160.2,7751622.1,4775460.0,0.62,Bearish,8.0,Weak but watchable RSI,-6.35,-15.09,-16.17,-2.16,-8.67,-0.5,-4.19,-6.42,-15.67,0.0,,77.78,Accumulation Zone,72.98,1134.18,1275.31,12.44,0.0,80.0% of closes stayed inside the range | Range width 12.4% | Currently 0.0% through the range,16.8,1.74,,34.45,22.73,143.9,145.33,,,138050.28,228199.55,-5554.67,-7940.08,13.8498,9.7233,1.7142,8.0,0.416,382872.22,0.0,Banking,10.0,18.0,2.0,0.0,15.0,45.0,0.79,,"Negative operating cash flow, Negative free cash flow",6.0,51.0,Strong ROE for a leveraged-balance-sheet business,33.24,17.0,"Below 200 DMA, Negative operating cash flow, Negative free cash flow",7.84,Avoid,"Weak but watchable RSI, 80.0% of closes stayed inside the range | Range width 12.4% | Currently 0.0% through the range"
DALBHARAT,Basic Materials,Building Materials,1725.98,1.22,1448.98,2401.43,19.12,28.13,36.46,1815.39,1832.71,378288.45,515614.0,1.36,Bearish,28.0,"Weak but watchable RSI, Near 52W low zone, Volume expansion, Positive day move",-5.33,-8.79,-4.25,-2.16,-8.67,-0.5,-3.17,-0.12,-3.75,0.0,,84.21,Accumulation Zone,77.55,1738.45,1911.58,9.96,0.0,80.0% of closes stayed inside the range | Range width 10.0% | Currently 0.0% through the range,5.04,2.98,7.98,5.76,8.29,-20.19,29.3,1.76,1.48,341.0,4805.0,2635.0,-192.0,36.8796,25.1706,1.921,54.0,0.184,34568.38,61.49,Cement / Realty,0.0,5.0,13.0,9.0,11.0,38.0,1.0,,"Earnings contraction, Negative free cash flow",2.0,40.0,General low-debt support,36.79,19.0,"Below 200 DMA, Earnings contraction, Negative free cash flow",7.52,Avoid,"Weak but watchable RSI, Near 52W low zone, Volume expansion, Positive day move, 80.0% of closes stayed inside the range | Range width 10.0% | Currently 0.0% through the range"
DELHIVERY,Industrials,Integrated Freight & Logistics,350.95,-1.02,291.0,608.7,20.6,42.34,44.52,359.41,405.75,3968512.4,2150563.0,0.54,Bearish,13.0,"Weak but watchable RSI, Near 52W low zone",1.11,-19.83,-11.85,-2.16,-8.67,-0.5,3.27,-11.16,-11.35,8.0,Positive 1M return,52.94,Accumulation Zone,70.99,343.84,426.76,24.12,8.57,80.0% of closes stayed inside the range | Range width 24.1% | Currently 8.6% through the range,-2.72,-2.18,-7.16,-3.06,12.68,75.27,12.79,4.42,4.41,303.22,1169.34,472.4,-92.56,385.4508,42.6924,3.6232,,0.174,35229.57,84.92,Capital Goods / Infra,0.0,15.0,17.0,9.0,5.0,46.0,0.93,,"Negative net margin, Negative free cash flow, Very high PE",0.0,46.0,,38.08,20.0,"Below 200 DMA, Negative net margin, Negative free cash flow",7.06,Avoid,"Weak but watchable RSI, Near 52W low zone, Positive 1M return, 80.0% of closes stayed inside the range | Range width 24.1% | Currently 8.6% through the range"
ADANIENSOL,Utilities,Utilities - Independent Power Producers,792.3,2.72,588.0,4236.75,34.74,81.3,46.94,865.44,997.5,4472951.7,1941859.0,0.43,Bearish,22.0,"RSI recovering, Strong positive day move",19.9,-24.12,-21.17,-2.16,-8.67,-0.5,22.06,-15.45,-20.67,25.0,"Strong 1M absolute return, 1M Nifty outperformance",26.47,Accumulation Zone,72.21,793.69,1088.82,37.18,0.0,80.0% of closes stayed inside the range | Range width 37.2% | Currently 0.0% through the range,9.0,1.94,27.09,6.95,25.18,-9.48,293.24,1.01,0.98,742.06,37069.65,6037.62,608.08,66.6528,44.2264,7.5542,,0.679,195550.42,43.66,Energy / Utilities,11.0,10.0,2.0,17.0,3.0,43.0,0.93,,"Earnings contraction, Very high debt",0.0,43.0,,27.13,24.0,"Below 200 DMA, Far from 52W high, Low volume participation, Very high debt",6.87,Avoid,"RSI recovering, Strong positive day move, Strong 1M absolute return, 1M Nifty outperformance, 80.0% of closes stayed inside the range | Range width 37.2% | Currently 0.0% through the range"
BAJAJHFL,Financial Services,Mortgage Finance,125.67,-1.02,124.89,188.5,0.62,33.33,39.95,133.66,,17760818.65,6342035.0,0.36,Bearish,16.0,"Weak but watchable RSI, Near 52W low with stable RSI",-4.88,-18.49,,-2.16,-8.67,-0.5,-2.72,-9.82,,0.0,,77.78,,,,,,,,14.15,2.12,26.76,23.62,33.71,37.64,563.58,0.27,,63.7,68945.06,-14600.14,-14643.14,26.405,19.4619,3.1343,,,70593.74,99.29,Financial Services,16.0,20.0,0.0,0.0,9.0,45.0,0.86,,"Very high debt, Negative operating cash flow, Negative free cash flow",6.0,51.0,High leverage is structural for this sector,33.24,20.0,"Low volume participation, Very high debt, Negative operating cash flow, Negative free cash flow",6.84,Avoid,"Weak but watchable RSI, Near 52W low with stable RSI"
POONAWALLA,Financial Services,Credit Services,320.45,-0.47,240.66,517.51,33.16,38.08,33.13,355.37,409.16,2358270.1,1046250.0,0.44,Bearish,8.0,Weak but watchable RSI,-11.64,-20.7,-23.08,-2.16,-8.67,-0.5,-9.48,-12.03,-22.58,0.0,,77.78,Accumulation Zone,72.27,344.89,404.13,17.18,0.0,80.0% of closes stayed inside the range | Range width 17.2% | Currently 0.0% through the range,20.6,6.99,41.2,57.03,57.65,146.02,186.31,1.34,,255.18,15215.72,-7556.49,-7574.4,50.6911,19.7165,3.7798,,0.318,42391.77,99.87,Financial Services,20.0,20.0,2.0,0.0,7.0,49.0,0.86,Strong ROE,"Negative operating cash flow, Negative free cash flow",6.0,55.0,Strong ROE for a leveraged-balance-sheet business,33.24,20.0,"Below 200 DMA, Low volume participation, Negative operating cash flow, Negative free cash flow",6.24,Avoid,"Weak but watchable RSI, Strong ROE, 80.0% of closes stayed inside the range | Range width 17.2% | Currently 0.0% through the range"
BANKINDIA,Financial Services,Banks - Regional,96.41,0.8,40.78,144.31,136.43,33.19,36.22,100.82,112.23,8769698.75,7724432.0,0.88,Bearish,13.0,"Weak but watchable RSI, Positive day move",-7.5,-6.67,-16.73,-2.16,-8.67,-0.5,-5.34,2.0,-16.23,0.0,,77.78,Accumulation Zone,73.15,96.4,113.99,18.25,0.05,80.0% of closes stayed inside the range | Range width 18.2% | Currently 0.1% through the range,9.3,0.71,,22.29,11.72,71.04,94.16,,,83122.96,66460.27,-4436.94,-5287.47,5.3869,5.6026,0.7284,3.25,0.777,66241.31,0.0,Banking,8.0,15.0,7.0,0.0,12.0,42.0,0.79,Cash covers debt,"Negative operating cash flow, Negative free cash flow",0.0,42.0,,33.24,17.0,"Below 200 DMA, Negative operating cash flow, Negative free cash flow",5.94,Avoid,"Weak but watchable RSI, Positive day move, Cash covers debt, 80.0% of closes stayed inside the range | Range width 18.2% | Currently 0.1% through the range"
PFC,Financial Services,Credit Services,432.2,2.67,66.83,531.48,546.75,18.68,40.69,442.16,438.58,7021886.4,5751347.0,0.82,Bearish,18.0,"Weak but watchable RSI, Strong positive day move",-5.67,-3.47,-1.75,-2.16,-8.67,-0.5,-3.51,5.2,-1.25,0.0,,77.78,Accumulation Zone,72.28,422.76,506.94,19.91,11.21,80.0% of closes stayed inside the range | Range width 19.9% | Currently 11.2% through the range,19.54,1.9,272.76,58.87,21.98,24.37,881.4,,,686.05,891502.64,-97820.41,-98143.82,4.8263,4.1648,0.9351,4.09,0.639,124248.82,99.22,Financial Services,18.0,16.0,0.0,0.0,15.0,49.0,0.86,Strong ROE,"Very high debt, Negative operating cash flow, Negative free cash flow",12.0,61.0,"High leverage is structural for this sector, Strong ROE for a leveraged-balance-sheet business",33.24,25.0,"Below 200 DMA, Very high debt, Negative operating cash flow, Negative free cash flow",5.84,Avoid,"Weak but watchable RSI, Strong positive day move, Strong ROE, 80.0% of closes stayed inside the range | Range width 19.9% | Currently 11.2% through the range"
ADANIGREEN,Utilities,Utilities - Renewable,1064.25,3.22,439.1,2572.0,142.37,58.62,36.41,1381.57,1725.4,6762432.85,5614636.0,0.83,Bearish,18.0,"Weak but watchable RSI, Strong positive day move",7.67,-48.51,-40.02,-2.16,-8.67,-0.5,9.83,-39.84,-39.52,18.0,"Positive 1M return, 1M Nifty outperformance",38.24,Accumulation Zone,66.74,1145.45,1925.22,68.07,0.0,80.0% of closes stayed inside the range | Range width 68.1% | Currently 0.0% through the range,10.34,1.24,59.05,11.93,18.59,12.94,609.45,0.52,0.51,1608.0,64858.0,7713.0,-8060.0,131.5202,42.438,11.3765,,1.083,219453.29,94.69,Energy / Utilities,11.0,13.0,0.0,9.0,3.0,36.0,0.93,,"Very high debt, Negative free cash flow, Very high PE",0.0,36.0,,27.13,20.0,"Below 200 DMA, Very high debt, Negative free cash flow",5.67,Avoid,"Weak but watchable RSI, Strong positive day move, Positive 1M return, 1M Nifty outperformance, 80.0% of closes stayed inside the range | Range width 68.1% | Currently 0.0% through the range"
INDUSINDBK,Financial Services,Banks - Regional,930.44,-0.36,924.95,1673.18,0.59,44.39,28.23,1056.55,1345.21,4469375.25,5262262.0,1.18,Bearish,14.0,"Oversold RSI, Near 52W low zone, Normal volume support",-6.99,-35.26,-37.09,-2.16,-8.67,-0.5,-4.83,-26.59,-36.59,0.0,,77.78,Accumulation Zone,69.17,988.38,1445.33,46.23,0.0,80.0% of closes stayed inside the range | Range width 46.2% | Currently 0.0% through the range,14.2,1.74,,30.47,15.7,20.61,75.33,,,42391.59,47611.41,-16924.73,-17654.74,60.0295,12.9494,1.2053,15.0,0.494,79277.55,0.0,Banking,10.0,16.0,4.0,0.0,9.0,39.0,0.79,,"Negative operating cash flow, Negative free cash flow",0.0,39.0,,33.24,17.0,"Below 200 DMA, Negative operating cash flow, Negative free cash flow",5.14,Avoid,"Oversold RSI, Near 52W low zone, Normal volume support, 80.0% of closes stayed inside the range | Range width 46.2% | Currently 0.0% through the range"
OIL,Energy,Oil & Gas Integrated,408.35,0.34,95.09,729.69,329.45,44.04,30.73,462.32,476.77,2443723.6,1140246.0,0.47,Bearish,13.0,"Weak but watchable RSI, Positive day move",-15.44,-25.74,-7.72,-2.16,-8.67,-0.5,-13.28,-17.07,-7.22,0.0,,71.43,Accumulation Zone,69.41,448.22,642.11,43.26,0.0,80.0% of closes stayed inside the range | Range width 43.3% | Currently 0.0% through the range,13.11,6.87,36.96,19.51,-10.03,-27.42,49.73,1.17,0.85,315.99,24040.5,10933.14,-1129.69,9.1579,7.5062,1.3235,4.04,0.253,76775.88,56.89,Energy / Utilities,18.0,0.0,9.0,9.0,15.0,51.0,1.0,,"Revenue contraction, Earnings contraction, Negative free cash flow",2.0,53.0,General low-debt support,30.63,22.0,"Below 200 DMA, Low volume participation, Earnings contraction, Negative free cash flow",4.39,Avoid,"Weak but watchable RSI, Positive day move, 80.0% of closes stayed inside the range | Range width 43.3% | Currently 0.0% through the range"
HUDCO,Financial Services,Credit Services,216.65,-2.0,30.31,333.2,614.85,34.98,42.72,214.07,231.91,8613805.3,3727689.0,0.43,Bullish,23.0,"Above 50 DMA, Weak but watchable RSI",3.25,-3.95,-19.36,-2.16,-8.67,-0.5,5.41,4.72,-18.86,18.0,"Positive 1M return, 1M Nifty outperformance",38.89,Accumulation Zone,68.05,199.98,298.8,49.42,16.87,80.0% of closes stayed inside the range | Range width 49.4% | Currently 16.9% through the range,12.74,2.27,,71.11,15.52,24.41,445.45,,,250.55,74003.36,-10286.74,-10290.92,9.2171,8.0304,1.7552,3.06,0.837,38582.62,99.96,Financial Services,10.0,16.0,0.0,0.0,15.0,41.0,0.79,,"Very high debt, Negative operating cash flow, Negative free cash flow",6.0,47.0,High leverage is structural for this sector,33.24,28.0,"Below 200 DMA, Low volume participation, Very high debt, Negative operating cash flow, Negative free cash flow",3.69,Avoid,"Above 50 DMA, Weak but watchable RSI, Positive 1M return, 1M Nifty outperformance, 80.0% of closes stayed inside the range | Range width 49.4% | Currently 16.9% through the range"
PNB,Financial Services,Banks - Regional,96.48,0.51,29.62,133.38,225.66,27.66,43.2,97.71,109.59,26671761.8,13150281.0,0.49,Bearish,13.0,"Weak but watchable RSI, Positive day move",-2.13,-2.75,-17.85,-2.16,-8.67,-0.5,0.03,5.92,-17.35,0.0,,77.78,Accumulation Zone,71.98,95.15,112.8,18.56,7.55,80.0% of closes stayed inside the range | Range width 18.6% | Currently 7.5% through the range,8.25,0.57,,16.48,17.35,171.98,65.76,,,131400.19,72585.62,-27939.44,-29114.44,6.1872,6.9245,0.8745,2.63,0.504,136743.04,0.0,Banking,7.0,18.0,7.0,0.0,12.0,44.0,0.79,Cash covers debt,"Negative operating cash flow, Negative free cash flow",0.0,44.0,,33.24,20.0,"Below 200 DMA, Low volume participation, Negative operating cash flow, Negative free cash flow",3.64,Avoid,"Weak but watchable RSI, Positive day move, Cash covers debt, 80.0% of closes stayed inside the range | Range width 18.6% | Currently 7.5% through the range"
SBICARD,Financial Services,Credit Services,674.81,-2.4,643.76,1014.74,4.82,33.5,36.11,698.78,716.93,797071.9,1108502.0,1.39,Bearish,26.0,"Weak but watchable RSI, Near 52W low with stable RSI, Volume expansion",-3.73,-12.0,-7.21,-2.16,-8.67,-0.5,-1.57,-3.33,-6.71,0.0,,77.78,Accumulation Zone,76.59,683.81,776.71,13.58,0.0,80.0% of closes stayed inside the range | Range width 13.6% | Currently 0.0% through the range,19.93,4.14,,18.88,19.42,6.62,333.62,,,2508.43,40314.7,-5653.38,-5727.87,27.1772,18.3719,3.9751,38.0,0.246,62484.85,24.65,Financial Services,12.0,10.0,0.0,0.0,11.0,33.0,0.79,Strong ROE,"Very high debt, Negative operating cash flow, Negative free cash flow",12.0,45.0,"High leverage is structural for this sector, Strong ROE for a leveraged-balance-sheet business",33.24,25.0,"Below 200 DMA, Very high debt, Negative operating cash flow, Negative free cash flow",2.24,Avoid,"Weak but watchable RSI, Near 52W low with stable RSI, Volume expansion, Strong ROE, 80.0% of closes stayed inside the range | Range width 13.6% | Currently 0.0% through the range"
IOB,Financial Services,Banks - Regional,51.5,-0.37,16.8,83.75,206.55,38.51,38.2,53.6,60.51,10495077.35,4763749.0,0.45,Bearish,8.0,Weak but watchable RSI,-2.94,-12.12,-19.76,-2.16,-8.67,-0.5,-0.78,-3.45,-19.26,0.0,,77.78,Accumulation Zone,71.07,51.66,64.68,25.2,0.0,80.0% of closes stayed inside the range | Range width 25.2% | Currently 0.0% through the range,9.67,0.76,,17.2,25.27,26.7,84.85,,,18814.9,23387.17,-1118.95,-1484.21,11.4712,37.6,1.6756,,0.253,65164.3,0.0,Banking,7.0,20.0,4.0,0.0,10.0,41.0,0.71,,"Negative operating cash flow, Negative free cash flow",0.0,41.0,,33.24,20.0,"Below 200 DMA, Low volume participation, Negative operating cash flow, Negative free cash flow",1.34,Avoid,"Weak but watchable RSI, 80.0% of closes stayed inside the range | Range width 25.2% | Currently 0.0% through the range"
BAJFINANCE,Financial Services,Credit Services,673.26,0.11,536.89,805.16,25.4,16.38,45.53,675.83,686.17,10882364.5,3290960.0,0.3,Bearish,17.0,"RSI recovering, Positive day move",1.65,-10.6,-4.78,-2.16,-8.67,-0.5,3.81,-1.93,-4.28,8.0,Positive 1M return,53.89,Accumulation Zone,70.91,651.61,734.37,12.7,26.16,80.0% of closes stayed inside the range | Range width 12.7% | Currently 26.2% through the range,18.84,3.85,,42.1,27.29,25.58,284.81,,,7368.37,218437.11,-69843.31,-70881.09,33.5541,21.7163,5.9681,49.0,0.323,680692.29,91.55,Financial Services,12.0,20.0,0.0,0.0,11.0,43.0,0.79,Strong ROE,"Very high debt, Negative operating cash flow, Negative free cash flow",8.0,51.0,"High leverage is structural for this sector, Strong ROE for a leveraged-balance-sheet business, Expensive relative to book value for this sector",33.24,28.0,"Below 200 DMA, Low volume participation, Very high debt, Negative operating cash flow, Negative free cash flow",1.09,Avoid,"RSI recovering, Positive day move, Strong ROE, Positive 1M return, 80.0% of closes stayed inside the range | Range width 12.7% | Currently 26.2% through the range"
TATACOMM,Communication Services,Telecom Services,1692.47,0.67,1021.76,2123.7,65.64,20.31,41.09,1744.12,1819.03,319640.0,326464.0,1.02,Bearish,18.0,"Weak but watchable RSI, Normal volume support, Positive day move",-1.68,-18.53,-5.02,-2.16,-8.67,-0.5,0.48,-9.86,-4.52,0.0,,73.33,Accumulation Zone,74.77,1713.19,1961.73,14.51,0.0,80.0% of closes stayed inside the range | Range width 14.5% | Currently 0.0% through the range,54.21,3.94,9.5,4.66,16.52,-46.08,630.49,0.44,0.43,732.05,11263.17,3182.0,1099.66,52.3267,22.1678,14.3548,100.0,0.816,49484.61,27.46,Telecom,8.0,8.0,0.0,17.0,7.0,40.0,1.0,Strong ROE,"Earnings contraction, Very high debt",2.0,42.0,General quality ROE,32.26,23.0,"Below 200 DMA, Very high debt, Earnings contraction",1.04,Avoid,"Weak but watchable RSI, Normal volume support, Positive day move, Strong ROE, 80.0% of closes stayed inside the range | Range width 14.5% | Currently 0.0% through the range"
SRF,Industrials,Conglomerates,2248.0,-0.69,2017.83,2829.27,11.41,20.55,45.67,2257.63,2389.31,352464.9,151734.0,0.43,Bearish,17.0,"RSI recovering, Near 52W low zone",-1.5,-7.73,-5.56,-2.16,-8.67,-0.5,0.66,0.94,-5.06,0.0,,77.65,Accumulation Zone,74.06,2233.99,2525.29,13.04,4.81,80.0% of closes stayed inside the range | Range width 13.0% | Currently 4.8% through the range,11.64,6.52,15.47,10.35,-11.52,-38.23,43.82,1.03,0.61,399.33,5030.54,2093.86,-123.07,35.4158,28.5908,5.4566,39.0,0.132,76620.96,48.32,Capital Goods / Infra,10.0,0.0,9.0,9.0,9.0,37.0,1.0,,"Revenue contraction, Earnings contraction, Negative free cash flow",0.0,37.0,,38.08,22.0,"Below 200 DMA, Low volume participation, Earnings contraction, Negative free cash flow",0.91,Avoid,"RSI recovering, Near 52W low zone, 80.0% of closes stayed inside the range | Range width 13.0% | Currently 4.8% through the range"
ADANIENT,Energy,Thermal Coal,2397.99,1.17,1015.6,4182.39,136.11,42.66,40.76,2658.57,2995.67,2639050.9,895785.0,0.34,Bearish,13.0,"Weak but watchable RSI, Positive day move",0.1,-22.7,-24.29,-2.16,-8.67,-0.5,2.26,-14.03,-23.79,8.0,Positive 1M return,35.71,Accumulation Zone,71.7,2454.91,3141.65,27.97,0.0,80.0% of closes stayed inside the range | Range width 28.0% | Currently 0.0% through the range,8.29,2.02,9.36,3.36,-24.39,31.53,167.14,0.83,0.62,2306.55,65310.15,10312.19,-12053.72,52.0792,44.307,4.7693,4.0,0.808,424857.17,43.31,Metals / Mining,2.0,10.0,0.0,9.0,9.0,30.0,1.0,,"Revenue contraction, Negative free cash flow",0.0,30.0,,30.63,20.0,"Below 200 DMA, Low volume participation, Revenue contraction, Negative free cash flow",0.34,Avoid,"Weak but watchable RSI, Positive day move, Positive 1M return, 80.0% of closes stayed inside the range | Range width 28.0% | Currently 0.0% through the range"
BAJAJFINSV,Financial Services,Financial Conglomerates,1557.21,-0.34,1211.97,2027.18,28.49,23.18,31.64,1672.65,1660.8,1450854.7,760870.0,0.52,Bearish,8.0,Weak but watchable RSI,-2.55,-19.14,-2.56,-2.16,-8.67,-0.5,-0.39,-10.47,-2.06,0.0,,77.78,Accumulation Zone,71.83,1566.99,1882.39,20.13,0.0,80.0% of closes stayed inside the range | Range width 20.1% | Currently 0.0% through the range,13.51,1.51,39.82,8.16,35.25,26.97,379.23,,,5765.02,228781.7,-65502.04,-66937.5,31.9699,21.4331,4.1459,6.0,0.374,323329.46,51.48,Financial Services,13.0,20.0,0.0,0.0,11.0,44.0,0.86,,"Very high debt, Negative operating cash flow, Negative free cash flow",6.0,50.0,High leverage is structural for this sector,33.24,25.0,"Below 200 DMA, Very high debt, Negative operating cash flow, Negative free cash flow",0.0,Avoid,"Weak but watchable RSI, 80.0% of closes stayed inside the range | Range width 20.1% | Currently 0.0% through the range"
BHEL,Industrials,Specialty Industrial Machinery,240.47,1.0,50.9,333.29,372.42,27.85,48.27,240.03,270.19,9662779.3,7197644.0,0.74,Bullish,32.0,"Above 50 DMA, RSI recovering, Positive day move",-2.39,-14.32,-18.19,-2.16,-8.67,-0.5,-0.23,-5.65,-17.69,0.0,,77.65,Accumulation Zone,73.49,233.05,310.0,33.02,9.64,80.0% of closes stayed inside the range | Range width 33.0% | Currently 9.6% through the range,1.15,0.48,0.78,1.23,3.54,-55.73,36.24,1.37,1.08,1718.86,8856.46,-3712.9,-3945.4,60.2582,30.5233,5.5934,35.0,0.845,146246.66,31.47,Capital Goods / Infra,0.0,2.0,11.0,0.0,7.0,20.0,1.0,,"Earnings contraction, Negative operating cash flow, Negative free cash flow",0.0,20.0,,38.08,24.0,"Below 200 DMA, Earnings contraction, Negative operating cash flow, Negative free cash flow",0.0,Avoid,"Above 50 DMA, RSI recovering, Positive day move, 80.0% of closes stayed inside the range | Range width 33.0% | Currently 9.6% through the range"
M&MFIN,Financial Services,Credit Services,253.46,0.59,161.66,327.32,56.79,22.57,40.94,261.15,272.69,1471017.25,1717071.0,1.17,Bearish,18.0,"Weak but watchable RSI, Normal volume support, Positive day move",-2.48,-20.04,-12.01,-2.16,-8.67,-0.5,-0.32,-11.37,-11.51,0.0,,77.78,Accumulation Zone,73.63,255.92,312.54,22.12,0.0,80.0% of closes stayed inside the range | Range width 22.1% | Currently 0.0% through the range,9.7,1.56,,23.75,10.05,-6.74,467.45,,,3931.68,93177.37,-18448.55,-18771.85,17.0039,12.9871,2.0642,1.88,0.343,55006.67,86.34,Financial Services,8.0,5.0,0.0,0.0,14.0,27.0,0.79,,"Earnings contraction, Very high debt, Negative operating cash flow, Negative free cash flow",6.0,33.0,High leverage is structural for this sector,33.24,25.0,"Below 200 DMA, Very high debt, Negative operating cash flow, Negative free cash flow",0.0,Avoid,"Weak but watchable RSI, Normal volume support, Positive day move, 80.0% of closes stayed inside the range | Range width 22.1% | Currently 0.0% through the range"
GRASIM,Basic Materials,Building Materials,2465.37,-0.79,1496.78,2847.47,64.71,13.42,34.64,2607.03,2532.0,560019.95,559646.0,1.0,Bearish,8.0,Weak but watchable RSI,-5.33,-6.76,-2.38,-2.16,-8.67,-0.5,-3.17,1.91,-1.88,0.0,,84.21,Accumulation Zone,73.35,2516.96,2768.52,9.99,0.0,80.0% of closes stayed inside the range | Range width 10.0% | Currently 0.0% through the range,6.34,1.36,11.2,4.34,11.26,-17.62,154.7,0.93,0.79,2387.65,137143.91,-10719.33,-30204.36,45.2565,22.5144,2.1683,30.0,0.355,224352.46,55.8,Cement / Realty,3.0,5.0,0.0,0.0,11.0,19.0,1.0,,"Earnings contraction, Negative operating cash flow, Negative free cash flow",0.0,19.0,,36.79,24.0,"Below 200 DMA, Earnings contraction, Negative operating cash flow, Negative free cash flow",0.0,Avoid,"Weak but watchable RSI, 80.0% of closes stayed inside the range | Range width 10.0% | Currently 0.0% through the range"
GODREJCP,Consumer Defensive,Household & Personal Products,1038.04,-0.61,754.09,1488.38,37.66,30.26,25.97,1176.33,1269.54,1919572.05,1017426.0,0.53,Bearish,4.0,Oversold RSI,-15.09,-24.78,-23.69,-2.16,-8.67,-0.5,-12.93,-16.11,-23.19,0.0,,85.42,Accumulation Zone,69.61,1100.02,1422.26,29.29,0.0,80.0% of closes stayed inside the range | Range width 29.3% | Currently 0.0% through the range,-4.45,-3.03,20.38,-4.01,5.87,-132.93,25.58,0.99,0.77,402.78,3222.21,2069.95,1762.76,54.9517,33.3113,7.3619,1.95,0.368,93120.75,49.72,FMCG / Consumer,5.0,2.0,7.0,17.0,6.0,37.0,1.0,,"Negative net margin, Earnings contraction",3.0,40.0,"Low debt, typical of a healthy consumer business",36.34,23.0,"Below 200 DMA, Negative net margin, Earnings contraction",0.0,Avoid,"Oversold RSI, 80.0% of closes stayed inside the range | Range width 29.3% | Currently 0.0% through the range"
CHOLAFIN,Financial Services,Credit Services,1186.81,0.33,654.07,1648.47,81.45,28.01,36.36,1287.23,1326.04,2082983.95,587018.0,0.28,Bearish,13.0,"Weak but watchable RSI, Positive day move",-7.02,-26.51,-16.8,-2.16,-8.67,-0.5,-4.86,-17.84,-16.3,0.0,,77.78,Accumulation Zone,71.85,1237.24,1570.64,26.95,0.0,80.0% of closes stayed inside the range | Range width 26.9% | Currently 0.0% through the range,17.46,2.18,,34.41,39.1,28.34,688.24,,,2236.23,134847.78,-35682.85,-36759.09,28.3753,19.5308,5.3643,7.0,0.477,163765.54,99.93,Financial Services,10.0,20.0,0.0,0.0,11.0,41.0,0.79,,"Very high debt, Negative operating cash flow, Negative free cash flow",8.0,49.0,"High leverage is structural for this sector, Strong ROE for a leveraged-balance-sheet business, Expensive relative to book value for this sector",33.24,28.0,"Below 200 DMA, Low volume participation, Very high debt, Negative operating cash flow, Negative free cash flow",0.0,Avoid,"Weak but watchable RSI, Positive day move, 80.0% of closes stayed inside the range | Range width 26.9% | Currently 0.0% through the range"
SUNDARMFIN,Financial Services,Credit Services,4296.58,-0.82,1910.96,5451.57,124.84,21.19,49.74,4411.81,4440.19,139187.5,29392.0,0.21,Bearish,12.0,RSI recovering,5.28,-11.78,-9.94,-2.16,-8.67,-0.5,7.44,-3.11,-9.44,18.0,"Positive 1M return, 1M Nifty outperformance",38.89,Accumulation Zone,67.89,4025.66,5002.01,24.25,27.75,80.0% of closes stayed inside the range | Range width 24.3% | Currently 27.7% through the range,12.96,2.23,,39.59,22.86,8.15,401.32,,,642.18,44459.59,-8487.63,-8570.98,22.2038,20.2032,3.3371,90.0,0.186,49304.73,89.16,Financial Services,10.0,13.0,0.0,0.0,11.0,34.0,0.79,,"Very high debt, Negative operating cash flow, Negative free cash flow",6.0,40.0,High leverage is structural for this sector,33.24,28.0,"Below 200 DMA, Low volume participation, Very high debt, Negative operating cash flow, Negative free cash flow",0.0,Avoid,"RSI recovering, Positive 1M return, 1M Nifty outperformance, 80.0% of closes stayed inside the range | Range width 24.3% | Currently 27.7% through the range"
TATASTEEL,Basic Materials,Steel,134.39,-0.01,86.34,173.26,55.64,22.43,35.1,140.66,150.52,30368513.6,23939932.0,0.79,Bearish,8.0,Weak but watchable RSI,-2.89,-13.18,-18.66,-2.16,-8.67,-0.5,-0.73,-4.51,-18.16,0.0,,84.21,Accumulation Zone,72.43,137.53,159.66,16.09,0.0,80.0% of closes stayed inside the range | Range width 16.1% | Currently 0.0% through the range,-4.82,-1.62,5.45,-1.95,-5.93,-150.65,94.62,0.72,0.22,7080.84,87082.12,20300.67,2094.07,21.0395,10.4022,2.2751,2.12,0.867,232271.75,56.35,Metals / Mining,0.0,0.0,4.0,17.0,13.0,34.0,1.0,,"Negative net margin, Revenue contraction, Earnings contraction",0.0,34.0,,36.79,23.0,"Below 200 DMA, Negative net margin, Earnings contraction",0.0,Avoid,"Weak but watchable RSI, 80.0% of closes stayed inside the range | Range width 16.1% | Currently 0.0% through the range"
GMRAIRPORT,Industrials,Airports & Air Services,79.04,-0.14,33.35,103.75,137.0,23.82,37.41,81.58,87.77,11940723.8,10679581.0,0.89,Bearish,8.0,Weak but watchable RSI,-3.39,-16.38,-19.58,-2.16,-8.67,-0.5,-1.23,-7.71,-19.08,0.0,,77.65,Accumulation Zone,71.36,79.16,97.57,23.26,0.0,80.0% of closes stayed inside the range | Range width 23.3% | Currently 0.0% through the range,25.84,-1.15,18.1,-7.41,29.43,-211.99,-1658.22,1.06,1.05,1794.86,35886.59,3880.1,-644.48,804.2308,72.0701,-43.9655,,0.573,110394.09,57.86,Capital Goods / Infra,13.0,10.0,13.0,9.0,5.0,50.0,0.93,Strong ROE,"Negative net margin, Earnings contraction, Negative free cash flow, Very high PE",5.0,55.0,Strong order-book-driven revenue growth,38.08,27.0,"Below 200 DMA, Negative net margin, Earnings contraction, Negative free cash flow",0.0,Avoid,"Weak but watchable RSI, Strong ROE, 80.0% of closes stayed inside the range | Range width 23.3% | Currently 0.0% through the range"
ABCAPITAL,Financial Services,Financial Conglomerates,184.35,-1.03,106.65,246.9,72.86,25.33,31.45,199.12,212.99,2690804.5,1695642.0,0.63,Bearish,8.0,Weak but watchable RSI,-4.64,-20.96,-22.41,-2.16,-8.67,-0.5,-2.48,-12.29,-21.91,0.0,,77.78,Accumulation Zone,71.8,190.87,229.69,20.34,0.0,80.0% of closes stayed inside the range | Range width 20.3% | Currently 0.0% through the range,12.44,1.44,29.9,8.21,42.16,-30.46,410.66,,,1554.3,110128.34,-24100.5,-24502.91,26.3092,16.2013,3.1273,,0.687,112442.53,28.11,Financial Services,13.0,10.0,0.0,0.0,9.0,32.0,0.79,,"Earnings contraction, Very high debt, Negative operating cash flow, Negative free cash flow",6.0,38.0,High leverage is structural for this sector,33.24,32.0,"Below 200 DMA, Very high debt, Earnings contraction, Negative operating cash flow, Negative free cash flow",0.0,Avoid,"Weak but watchable RSI, 80.0% of closes stayed inside the range | Range width 20.3% | Currently 0.0% through the range"
