symbol,sector,industry,current_price,day_change_pct,low_52w,high_52w,distance_from_low_pct,distance_from_high_pct,rsi,sma50,sma200,avg_volume_20d,latest_volume,volume_ratio,trend,technical_score,technical_reasons,return_1m,return_3m,return_6m,nifty_return_1m,nifty_return_3m,nifty_return_6m,return_vs_nifty_1m,return_vs_nifty_3m,return_vs_nifty_6m,relative_strength_score,relative_strength_reasons,sector_rank_pct,range_status,range_score,range_low,range_high,range_width_pct,range_position_pct,range_reasons,roe,roa,operating_margin,net_profit_margin,revenue_growth,earnings_growth,debt_to_equity,current_ratio,quick_ratio,total_cash_cr,total_debt_cr,operating_cashflow_cr,free_cashflow_cr,trailing_pe,forward_pe,price_to_book,dividend_yield,beta,market_cap_cr,gross_margin,sector_bucket,profitability_score,growth_score,balance_sheet_score,cashflow_score,valuation_score,fundamental_score,fundamental_data_coverage,fundamental_reasons,fundamental_risk_reasons,sector_adjustment,sector_adjusted_fundamental_score,sector_adjustment_reasons,sector_score,risk_penalty,risk_reasons,final_score,score_band,reasons
GVT&D,Industrials,Specialty Industrial Machinery,4466.2,0.0,98.25,4694.0,4445.63,4.85,67.21,3903.42,3159.88,734883.4,0.0,0.0,Bullish,60.0,"Above 50 DMA, Above 200 DMA, Healthy RSI momentum, Near 52W high momentum",17.57,53.74,50.47,7.46,-4.68,-6.97,10.11,58.42,57.44,100.0,"Strong 1M absolute return, Strong 3M absolute return, Strong 6M absolute return, 1M Nifty outperformance, 3M Nifty outperformance, 6M Nifty outperformance, Positive across 1M/3M/6M",5.75,Profit Booking Zone,79.76,2796.0,4097.69,46.56,100.0,80.8% of closes stayed inside the range | Range width 46.6% | Currently 100.0% through the range,45.84,15.93,26.38,19.87,264.94,324.09,0.89,1.33,1.08,1525.26,24.0,1709.88,1521.46,86.6909,56.6679,41.9339,23.0,0.634,112826.91,43.57,Capital Goods / Infra,25.0,20.0,16.0,17.0,5.0,83.0,1.0,"Strong ROE, Cash covers debt",Very high PE,5.0,88.0,Strong order-book-driven revenue growth,52.61,3.0,Low volume participation,75.69,High Conviction,"Above 50 DMA, Above 200 DMA, Healthy RSI momentum, Near 52W high momentum, Strong ROE, Cash covers debt, Strong 1M absolute return, Strong 3M absolute return, Strong 6M absolute return, 1M Nifty outperformance, 3M Nifty outperformance, 6M Nifty outperformance, Positive across 1M/3M/6M, 80.8% of closes stayed inside the range | Range width 46.6% | Currently 100.0% through the range"
CUMMINSIND,Industrials,Specialty Industrial Machinery,5223.08,0.0,1088.43,5281.0,379.87,1.1,64.84,4802.78,4221.01,635797.4,0.0,0.0,Bullish,60.0,"Above 50 DMA, Above 200 DMA, Healthy RSI momentum, Near 52W high momentum",14.26,31.47,23.44,7.46,-4.68,-6.97,6.8,36.15,30.41,95.0,"Strong 1M absolute return, Strong 3M absolute return, Positive 6M return, 1M Nifty outperformance, 3M Nifty outperformance, 6M Nifty outperformance, Positive across 1M/3M/6M",16.67,Profit Booking Zone,82.07,4015.5,5004.51,24.63,100.0,80.0% of closes stayed inside the range | Range width 24.6% | Currently 100.0% through the range,27.87,20.89,20.06,19.76,297.5,385.9,0.43,3.32,2.85,500.01,36.51,1734.26,1482.55,62.7339,45.4491,17.5475,1.23,0.546,148717.8,35.46,Capital Goods / Infra,24.0,20.0,20.0,17.0,4.0,85.0,1.0,"Strong ROE, Cash covers debt",,5.0,90.0,Strong order-book-driven revenue growth,52.61,3.0,Low volume participation,75.14,High Conviction,"Above 50 DMA, Above 200 DMA, Healthy RSI momentum, Near 52W high momentum, Strong ROE, Cash covers debt, Strong 1M absolute return, Strong 3M absolute return, Positive 6M return, 1M Nifty outperformance, 3M Nifty outperformance, 6M Nifty outperformance, Positive across 1M/3M/6M, 80.0% of closes stayed inside the range | Range width 24.6% | Currently 100.0% through the range"
NMDC,Basic Materials,Steel,90.37,0.0,24.26,92.77,272.55,2.59,65.45,82.28,75.87,27460059.8,0.0,0.0,Bullish,60.0,"Above 50 DMA, Above 200 DMA, Healthy RSI momentum, Near 52W high momentum",15.61,14.23,24.77,7.46,-4.68,-6.97,8.15,18.91,31.74,85.0,"Strong 1M absolute return, Positive 3M return, Positive 6M return, 1M Nifty outperformance, 3M Nifty outperformance, 6M Nifty outperformance, Positive across 1M/3M/6M",19.49,Profit Booking Zone,82.82,72.84,87.16,19.66,100.0,80.0% of closes stayed inside the range | Range width 19.7% | Currently 100.0% through the range,21.87,15.42,27.38,23.23,321.39,324.14,18.81,2.43,2.22,147.5,6406.81,4996.25,1825.5,10.094,8.3816,2.2131,4.1,0.643,75521.71,45.64,Metals / Mining,23.0,20.0,17.0,17.0,15.0,92.0,1.0,Strong ROE,,4.0,96.0,"General quality ROE, General low-debt support",50.01,3.0,Low volume participation,74.35,Strong,"Above 50 DMA, Above 200 DMA, Healthy RSI momentum, Near 52W high momentum, Strong ROE, Strong 1M absolute return, Positive 3M return, Positive 6M return, 1M Nifty outperformance, 3M Nifty outperformance, 6M Nifty outperformance, Positive across 1M/3M/6M, 80.0% of closes stayed inside the range | Range width 19.7% | Currently 100.0% through the range"
ANANDRATHI,Financial Services,Asset Management,1797.27,0.0,155.16,1863.84,1058.36,3.57,68.44,1625.01,1498.33,659596.9,0.0,0.0,Bullish,60.0,"Above 50 DMA, Above 200 DMA, Healthy RSI momentum, Near 52W high momentum",15.64,25.08,13.1,7.46,-4.68,-6.97,8.18,29.76,20.07,95.0,"Strong 1M absolute return, Strong 3M absolute return, Positive 6M return, 1M Nifty outperformance, 3M Nifty outperformance, 6M Nifty outperformance, Positive across 1M/3M/6M",5.67,Profit Booking Zone,82.19,1441.94,1786.14,23.87,100.0,80.0% of closes stayed inside the range | Range width 23.9% | Currently 100.0% through the range,39.66,29.8,38.94,34.46,296.66,296.5,8.36,3.83,,240.94,83.48,280.97,267.63,78.1228,65.0423,36.4135,32.0,0.337,36346.43,57.81,Financial Services,25.0,20.0,17.0,17.0,5.0,84.0,0.93,"Strong ROE, Cash covers debt",,2.0,86.0,"Strong ROE for a leveraged-balance-sheet business, Expensive relative to book value for this sector",40.6,3.0,Low volume participation,71.94,Strong,"Above 50 DMA, Above 200 DMA, Healthy RSI momentum, Near 52W high momentum, Strong ROE, Cash covers debt, Strong 1M absolute return, Strong 3M absolute return, Positive 6M return, 1M Nifty outperformance, 3M Nifty outperformance, 6M Nifty outperformance, Positive across 1M/3M/6M, 80.0% of closes stayed inside the range | Range width 23.9% | Currently 100.0% through the range"
NAVINFLUOR,Basic Materials,Chemicals,6812.8,0.0,2855.73,7191.35,138.57,5.26,68.1,6294.37,5625.55,295203.05,0.0,0.0,Bullish,60.0,"Above 50 DMA, Above 200 DMA, Healthy RSI momentum, Near 52W high momentum",13.04,14.25,35.3,7.46,-4.68,-6.97,5.58,18.93,42.27,95.0,"Strong 1M absolute return, Positive 3M return, Strong 6M absolute return, 1M Nifty outperformance, 3M Nifty outperformance, 6M Nifty outperformance, Positive across 1M/3M/6M",12.71,Profit Booking Zone,83.95,5779.15,6478.71,12.1,100.0,80.0% of closes stayed inside the range | Range width 12.1% | Currently 100.0% through the range,16.69,10.4,28.64,20.34,265.57,257.9,32.01,2.61,2.19,22.55,1272.1,893.57,404.31,54.2102,41.8624,10.7744,19.0,0.239,42868.86,56.75,Chemicals,20.0,20.0,15.0,17.0,7.0,79.0,1.0,,,2.0,81.0,General low-debt support,50.01,3.0,Low volume participation,71.6,Strong,"Above 50 DMA, Above 200 DMA, Healthy RSI momentum, Near 52W high momentum, Strong 1M absolute return, Positive 3M return, Strong 6M absolute return, 1M Nifty outperformance, 3M Nifty outperformance, 6M Nifty outperformance, Positive across 1M/3M/6M, 80.0% of closes stayed inside the range | Range width 12.1% | Currently 100.0% through the range"
NAM-INDIA,Financial Services,Asset Management,999.04,0.0,177.32,1053.5,463.42,5.17,57.82,907.46,860.37,1529985.0,0.0,0.0,Bullish,60.0,"Above 50 DMA, Above 200 DMA, Healthy RSI momentum, Near 52W high momentum",16.74,20.98,12.75,7.46,-4.68,-6.97,9.28,25.66,19.72,95.0,"Strong 1M absolute return, Strong 3M absolute return, Positive 6M return, 1M Nifty outperformance, 3M Nifty outperformance, 6M Nifty outperformance, Positive across 1M/3M/6M",5.67,Profit Booking Zone,83.09,821.69,968.06,17.81,100.0,80.0% of closes stayed inside the range | Range width 17.8% | Currently 100.0% through the range,32.83,29.45,64.71,56.46,284.07,278.65,1.62,13.25,,16.58,75.34,1466.02,1387.06,46.7312,35.4773,16.1928,1.84,0.634,75633.87,83.17,Financial Services,25.0,20.0,14.0,17.0,6.0,82.0,0.93,Strong ROE,,2.0,84.0,"Strong ROE for a leveraged-balance-sheet business, Expensive relative to book value for this sector",40.6,3.0,Low volume participation,71.24,Strong,"Above 50 DMA, Above 200 DMA, Healthy RSI momentum, Near 52W high momentum, Strong ROE, Strong 1M absolute return, Strong 3M absolute return, Positive 6M return, 1M Nifty outperformance, 3M Nifty outperformance, 6M Nifty outperformance, Positive across 1M/3M/6M, 80.0% of closes stayed inside the range | Range width 17.8% | Currently 100.0% through the range"
POWERINDIA,Industrials,Electrical Equipment & Parts,33550.0,0.0,2836.07,33795.0,1082.98,0.72,84.72,26576.94,21144.59,149687.2,0.0,0.0,Bullish,47.0,"Above 50 DMA, Above 200 DMA, Strong but overbought RSI, Near 52W high momentum",33.85,89.73,97.87,7.46,-4.68,-6.97,26.39,94.41,104.84,100.0,"Strong 1M absolute return, Strong 3M absolute return, Strong 6M absolute return, 1M Nifty outperformance, 3M Nifty outperformance, 6M Nifty outperformance, Positive across 1M/3M/6M",5.75,Profit Booking Zone,74.16,17861.2,28426.0,59.15,100.0,80.0% of closes stayed inside the range | Range width 59.1% | Currently 100.0% through the range,19.09,8.2,14.77,12.48,291.74,277.87,1.66,1.55,1.33,2672.14,86.1,1244.83,735.0,138.2239,72.2106,30.8289,2.0,0.572,159569.06,38.99,Capital Goods / Infra,18.0,20.0,18.0,17.0,5.0,78.0,1.0,"Strong ROE, Cash covers debt",Very high PE,5.0,83.0,Strong order-book-driven revenue growth,52.61,3.0,Low volume participation,70.69,Strong,"Above 50 DMA, Above 200 DMA, Strong but overbought RSI, Near 52W high momentum, Strong ROE, Cash covers debt, Strong 1M absolute return, Strong 3M absolute return, Strong 6M absolute return, 1M Nifty outperformance, 3M Nifty outperformance, 6M Nifty outperformance, Positive across 1M/3M/6M, 80.0% of closes stayed inside the range | Range width 59.1% | Currently 100.0% through the range"
OFSS,Technology,Software - Infrastructure,9455.61,0.0,2435.42,12262.5,288.25,22.89,85.73,7068.74,7776.94,397416.2,0.0,0.0,Bullish,37.0,"Above 50 DMA, Above 200 DMA, Strong but overbought RSI",41.31,21.39,14.83,7.46,-4.68,-6.97,33.85,26.07,21.8,95.0,"Strong 1M absolute return, Strong 3M absolute return, Positive 6M return, 1M Nifty outperformance, 3M Nifty outperformance, 6M Nifty outperformance, Positive across 1M/3M/6M",6.1,Profit Booking Zone,77.31,6457.16,8016.78,24.15,100.0,80.0% of closes stayed inside the range | Range width 24.2% | Currently 100.0% through the range,33.72,26.57,44.76,34.4,290.26,332.96,0.42,5.44,,1482.5,32.5,2638.3,2586.6,30.3951,25.7616,14.6798,5.59,0.496,101695.49,58.6,IT / Technology,25.0,20.0,17.0,17.0,9.0,88.0,0.93,"Strong ROE, Cash covers debt",,10.0,98.0,"Strong ROE for an asset-light business, Strong operating margin",40.83,3.0,Low volume participation,70.42,Strong,"Above 50 DMA, Above 200 DMA, Strong but overbought RSI, Strong ROE, Cash covers debt, Strong 1M absolute return, Strong 3M absolute return, Positive 6M return, 1M Nifty outperformance, 3M Nifty outperformance, 6M Nifty outperformance, Positive across 1M/3M/6M, 80.0% of closes stayed inside the range | Range width 24.2% | Currently 100.0% through the range"
BSE,Financial Services,Financial Data & Stock Exchanges,3630.93,0.0,131.96,3665.84,2651.44,0.95,72.76,3020.29,2662.38,4136674.1,0.0,0.0,Bullish,47.0,"Above 50 DMA, Above 200 DMA, Strong but overbought RSI, Near 52W high momentum",26.95,29.03,50.45,7.46,-4.68,-6.97,19.49,33.71,57.42,100.0,"Strong 1M absolute return, Strong 3M absolute return, Strong 6M absolute return, 1M Nifty outperformance, 3M Nifty outperformance, 6M Nifty outperformance, Positive across 1M/3M/6M",1.03,Profit Booking Zone,78.77,2637.19,3387.31,28.44,100.0,80.0% of closes stayed inside the range | Range width 28.4% | Currently 100.0% through the range,37.42,18.57,65.86,55.67,260.54,314.91,0.04,1.53,,113.04,2.83,3103.68,2588.52,51.2199,37.9807,18.1646,28.0,0.471,143241.73,99.59,Financial Services,25.0,20.0,16.0,17.0,7.0,85.0,0.93,"Strong ROE, Cash covers debt",,2.0,87.0,"Strong ROE for a leveraged-balance-sheet business, Expensive relative to book value for this sector",40.6,3.0,Low volume participation,70.29,Strong,"Above 50 DMA, Above 200 DMA, Strong but overbought RSI, Near 52W high momentum, Strong ROE, Cash covers debt, Strong 1M absolute return, Strong 3M absolute return, Strong 6M absolute return, 1M Nifty outperformance, 3M Nifty outperformance, 6M Nifty outperformance, Positive across 1M/3M/6M, 80.0% of closes stayed inside the range | Range width 28.4% | Currently 100.0% through the range"
COALINDIA,Energy,Thermal Coal,475.1,0.0,153.6,484.77,209.31,1.99,68.81,440.17,392.57,12800734.55,0.0,0.0,Bullish,60.0,"Above 50 DMA, Above 200 DMA, Healthy RSI momentum, Near 52W high momentum",7.13,9.86,28.01,7.46,-4.68,-6.97,-0.33,14.54,34.98,68.0,"Positive 1M return, Positive 3M return, Positive 6M return, 3M Nifty outperformance, 6M Nifty outperformance, Positive across 1M/3M/6M",23.33,Profit Booking Zone,83.48,369.17,449.32,21.71,100.0,80.8% of closes stayed inside the range | Range width 21.7% | Currently 100.0% through the range,26.11,10.89,19.02,18.68,440.0,334.43,11.82,1.86,1.62,8619.66,14072.18,43214.6,30714.96,8.1631,7.2265,2.1177,5.09,-0.04,252240.46,74.76,Metals / Mining,23.0,20.0,16.0,17.0,15.0,91.0,1.0,Strong ROE,,4.0,95.0,"General quality ROE, General low-debt support",46.78,3.0,Low volume participation,69.27,Strong,"Above 50 DMA, Above 200 DMA, Healthy RSI momentum, Near 52W high momentum, Strong ROE, Positive 1M return, Positive 3M return, Positive 6M return, 3M Nifty outperformance, 6M Nifty outperformance, Positive across 1M/3M/6M, 80.8% of closes stayed inside the range | Range width 21.7% | Currently 100.0% through the range"
APARINDS,Industrials,Electrical Equipment & Parts,12331.0,0.0,1147.8,12850.0,974.31,4.04,67.1,10562.93,9083.45,131192.15,0.0,0.0,Bullish,60.0,"Above 50 DMA, Above 200 DMA, Healthy RSI momentum, Near 52W high momentum",26.15,66.38,35.39,7.46,-4.68,-6.97,18.69,71.06,42.36,100.0,"Strong 1M absolute return, Strong 3M absolute return, Strong 6M absolute return, 1M Nifty outperformance, 3M Nifty outperformance, 6M Nifty outperformance, Positive across 1M/3M/6M",5.75,Profit Booking Zone,79.25,7860.6,11274.05,43.42,100.0,80.0% of closes stayed inside the range | Range width 43.4% | Currently 100.0% through the range,18.11,7.13,7.52,4.28,317.69,367.59,17.72,1.45,0.91,668.72,955.51,967.58,230.92,57.1429,47.8647,13.4064,38.0,0.152,72330.69,21.59,Capital Goods / Infra,8.0,20.0,11.0,17.0,7.0,63.0,1.0,Strong ROE,,5.0,68.0,Strong order-book-driven revenue growth,52.61,3.0,Low volume participation,68.69,Strong,"Above 50 DMA, Above 200 DMA, Healthy RSI momentum, Near 52W high momentum, Strong ROE, Strong 1M absolute return, Strong 3M absolute return, Strong 6M absolute return, 1M Nifty outperformance, 3M Nifty outperformance, 6M Nifty outperformance, Positive across 1M/3M/6M, 80.0% of closes stayed inside the range | Range width 43.4% | Currently 100.0% through the range"
GLENMARK,Healthcare,Drug Manufacturers - Specialty & Generic,2406.3,0.0,356.64,2474.0,574.71,2.74,70.52,2172.9,2032.58,642311.8,0.0,0.0,Bullish,47.0,"Above 50 DMA, Above 200 DMA, Strong but overbought RSI, Near 52W high momentum",14.53,20.71,32.57,7.46,-4.68,-6.97,7.07,25.39,39.54,100.0,"Strong 1M absolute return, Strong 3M absolute return, Strong 6M absolute return, 1M Nifty outperformance, 3M Nifty outperformance, 6M Nifty outperformance, Positive across 1M/3M/6M",2.0,Profit Booking Zone,80.17,1881.41,2240.95,19.11,100.0,80.0% of closes stayed inside the range | Range width 19.1% | Currently 100.0% through the range,12.96,6.84,23.93,8.15,329.82,237.75,5.65,1.77,1.23,1174.71,593.53,3445.03,2087.32,35.9328,23.447,6.1481,33.0,0.248,64629.45,71.94,Pharma / Healthcare,14.0,20.0,18.0,17.0,7.0,76.0,1.0,Cash covers debt,,2.0,78.0,General low-debt support,50.08,3.0,Low volume participation,68.56,Strong,"Above 50 DMA, Above 200 DMA, Strong but overbought RSI, Near 52W high momentum, Cash covers debt, Strong 1M absolute return, Strong 3M absolute return, Strong 6M absolute return, 1M Nifty outperformance, 3M Nifty outperformance, 6M Nifty outperformance, Positive across 1M/3M/6M, 80.0% of closes stayed inside the range | Range width 19.1% | Currently 100.0% through the range"
ANTHEM,Healthcare,Biotechnology,758.12,0.0,577.64,871.23,31.24,12.98,63.48,690.56,,363732.25,0.0,0.0,Bullish,45.0,"Above 50 DMA, Healthy RSI momentum, Near 52W high momentum",14.18,26.59,6.47,7.46,-4.68,-6.97,6.72,31.27,13.44,80.0,"Strong 1M absolute return, Strong 3M absolute return, Positive 6M return, 1M Nifty outperformance, 3M Nifty outperformance, Positive across 1M/3M/6M",10.0,Profit Booking Zone,79.99,615.27,722.87,17.49,100.0,80.0% of closes stayed inside the range | Range width 17.5% | Currently 100.0% through the range,19.45,17.26,33.2,27.86,402.02,537.59,1.77,5.54,5.15,272.91,53.92,844.49,633.32,87.7523,57.5323,16.2171,22.0,,49340.95,61.66,IT / Technology,23.0,20.0,20.0,17.0,5.0,85.0,1.0,"Strong ROE, Cash covers debt",Very high PE,5.0,90.0,Strong operating margin,50.08,3.0,Low volume participation,67.26,Strong,"Above 50 DMA, Healthy RSI momentum, Near 52W high momentum, Strong ROE, Cash covers debt, Strong 1M absolute return, Strong 3M absolute return, Positive 6M return, 1M Nifty outperformance, 3M Nifty outperformance, Positive across 1M/3M/6M, 80.0% of closes stayed inside the range | Range width 17.5% | Currently 100.0% through the range"
DIVISLAB,Healthcare,Drug Manufacturers - Specialty & Generic,6475.8,-0.48,2668.41,7010.54,142.68,7.63,66.09,6176.25,6274.42,313814.2,379741.0,1.21,Bullish,65.0,"Above 50 DMA, Above 200 DMA, Healthy RSI momentum, Near 52W high momentum, Normal volume support",9.34,7.37,0.19,7.46,-4.68,-6.97,1.88,12.05,7.16,53.0,"Positive 1M return, Positive 3M return, Positive 6M return, 3M Nifty outperformance, Positive across 1M/3M/6M",37.0,Profit Booking Zone,85.08,5988.16,6491.88,8.41,96.81,80.0% of closes stayed inside the range | Range width 8.4% | Currently 96.8% through the range,15.32,12.82,28.44,24.51,302.3,340.48,0.04,5.43,3.5,128.0,7.0,2738.0,218.0,88.4956,57.207,13.6211,35.0,0.22,228302.97,61.24,Pharma / Healthcare,21.0,20.0,20.0,17.0,5.0,83.0,1.0,Cash covers debt,Very high PE,2.0,85.0,General low-debt support,50.08,0.0,,66.76,Strong,"Above 50 DMA, Above 200 DMA, Healthy RSI momentum, Near 52W high momentum, Normal volume support, Cash covers debt, Positive 1M return, Positive 3M return, Positive 6M return, 3M Nifty outperformance, Positive across 1M/3M/6M, 80.0% of closes stayed inside the range | Range width 8.4% | Currently 96.8% through the range"
SONACOMS,Consumer Cyclical,Auto Parts,605.49,0.0,376.41,758.97,60.86,20.22,66.58,532.84,482.39,2460324.35,0.0,0.0,Bullish,50.0,"Above 50 DMA, Above 200 DMA, Healthy RSI momentum",22.12,23.3,25.78,7.46,-4.68,-6.97,14.66,27.98,32.75,95.0,"Strong 1M absolute return, Strong 3M absolute return, Positive 6M return, 1M Nifty outperformance, 3M Nifty outperformance, 6M Nifty outperformance, Positive across 1M/3M/6M",6.25,Profit Booking Zone,80.47,468.42,568.17,21.3,100.0,80.0% of closes stayed inside the range | Range width 21.3% | Currently 100.0% through the range,10.7,8.58,18.42,14.86,259.1,324.59,7.39,3.4,2.74,150.55,442.29,659.06,167.22,71.4476,47.8131,8.3617,45.0,0.449,50164.83,49.92,Automobile,16.0,20.0,17.0,17.0,5.0,75.0,1.0,,,2.0,77.0,General low-debt support,42.06,3.0,Low volume participation,66.51,Strong,"Above 50 DMA, Above 200 DMA, Healthy RSI momentum, Strong 1M absolute return, Strong 3M absolute return, Positive 6M return, 1M Nifty outperformance, 3M Nifty outperformance, 6M Nifty outperformance, Positive across 1M/3M/6M, 80.0% of closes stayed inside the range | Range width 21.3% | Currently 100.0% through the range"
WELCORP,Basic Materials,Steel,1262.56,0.0,171.25,1285.73,637.28,1.8,90.04,913.47,863.98,1227618.35,0.0,0.0,Bullish,47.0,"Above 50 DMA, Above 200 DMA, Strong but overbought RSI, Near 52W high momentum",53.03,69.33,42.91,7.46,-4.68,-6.97,45.57,74.01,49.88,100.0,"Strong 1M absolute return, Strong 3M absolute return, Strong 6M absolute return, 1M Nifty outperformance, 3M Nifty outperformance, 6M Nifty outperformance, Positive across 1M/3M/6M",4.24,Profit Booking Zone,77.07,752.37,1051.56,39.77,100.0,80.0% of closes stayed inside the range | Range width 39.8% | Currently 100.0% through the range,17.62,7.89,12.31,9.95,257.62,256.4,25.75,1.33,0.77,1512.59,2357.27,3204.28,672.07,21.3148,18.9284,5.3809,27.0,0.473,49249.35,38.4,Metals / Mining,12.0,20.0,9.0,17.0,11.0,69.0,1.0,,,2.0,71.0,General low-debt support,50.01,3.0,Low volume participation,66.1,Strong,"Above 50 DMA, Above 200 DMA, Strong but overbought RSI, Near 52W high momentum, Strong 1M absolute return, Strong 3M absolute return, Strong 6M absolute return, 1M Nifty outperformance, 3M Nifty outperformance, 6M Nifty outperformance, Positive across 1M/3M/6M, 80.0% of closes stayed inside the range | Range width 39.8% | Currently 100.0% through the range"
ADANIPORTS,Industrials,Marine Shipping,1650.34,0.0,387.26,1669.96,326.16,1.17,71.88,1474.21,1440.22,3637542.35,0.0,0.0,Bullish,47.0,"Above 50 DMA, Above 200 DMA, Strong but overbought RSI, Near 52W high momentum",19.63,19.93,16.88,7.46,-4.68,-6.97,12.17,24.61,23.85,85.0,"Strong 1M absolute return, Positive 3M return, Positive 6M return, 1M Nifty outperformance, 3M Nifty outperformance, 6M Nifty outperformance, Positive across 1M/3M/6M",25.86,Profit Booking Zone,80.94,1369.93,1561.55,13.99,100.0,80.0% of closes stayed inside the range | Range width 14.0% | Currently 100.0% through the range,13.32,6.91,45.05,33.06,299.15,319.38,65.79,1.39,1.35,5161.55,63236.16,20356.25,5035.94,28.4908,21.3027,3.9976,45.0,0.507,383609.18,64.4,Capital Goods / Infra,18.0,20.0,8.0,17.0,11.0,74.0,1.0,,,5.0,79.0,Strong order-book-driven revenue growth,52.61,3.0,Low volume participation,65.54,Strong,"Above 50 DMA, Above 200 DMA, Strong but overbought RSI, Near 52W high momentum, Strong 1M absolute return, Positive 3M return, Positive 6M return, 1M Nifty outperformance, 3M Nifty outperformance, 6M Nifty outperformance, Positive across 1M/3M/6M, 80.0% of closes stayed inside the range | Range width 14.0% | Currently 100.0% through the range"
AUROPHARMA,Healthcare,Drug Manufacturers - Specialty & Generic,1389.5,0.0,391.5,1586.05,254.91,12.39,58.15,1298.03,1178.06,1414725.7,0.0,0.0,Bullish,60.0,"Above 50 DMA, Above 200 DMA, Healthy RSI momentum, Near 52W high momentum",3.53,21.9,26.93,7.46,-4.68,-6.97,-3.93,26.58,33.9,78.0,"Positive 1M return, Strong 3M absolute return, Positive 6M return, 3M Nifty outperformance, 6M Nifty outperformance, Positive across 1M/3M/6M",13.0,Profit Booking Zone,82.92,1150.45,1368.41,18.95,100.0,80.0% of closes stayed inside the range | Range width 18.9% | Currently 100.0% through the range,9.25,5.99,15.55,10.5,287.99,285.01,21.31,1.81,1.15,7191.4,8072.84,5526.37,2421.7,25.9052,18.0068,2.5552,24.0,0.022,95915.5,58.85,Pharma / Healthcare,10.0,20.0,13.0,17.0,13.0,73.0,1.0,,,2.0,75.0,General low-debt support,50.08,3.0,Low volume participation,65.26,Strong,"Above 50 DMA, Above 200 DMA, Healthy RSI momentum, Near 52W high momentum, Positive 1M return, Strong 3M absolute return, Positive 6M return, 3M Nifty outperformance, 6M Nifty outperformance, Positive across 1M/3M/6M, 80.0% of closes stayed inside the range | Range width 18.9% | Currently 100.0% through the range"
POLYCAB,Industrials,Electrical Equipment & Parts,8072.2,0.0,2262.97,8680.81,256.71,7.01,59.08,7696.31,7396.11,419604.55,0.0,0.0,Bullish,60.0,"Above 50 DMA, Above 200 DMA, Healthy RSI momentum, Near 52W high momentum",17.12,17.07,8.0,7.46,-4.68,-6.97,9.66,21.75,14.97,70.0,"Strong 1M absolute return, Positive 3M return, Positive 6M return, 1M Nifty outperformance, 3M Nifty outperformance, Positive across 1M/3M/6M",29.89,Profit Booking Zone,83.27,7002.13,8084.94,15.46,98.82,80.0% of closes stayed inside the range | Range width 15.5% | Currently 98.8% through the range,22.25,13.05,13.14,9.45,278.19,329.8,37.48,1.84,1.14,390.34,4501.14,3810.67,2330.15,48.941,36.4857,11.5631,52.0,0.636,139924.9,24.48,Capital Goods / Infra,17.0,20.0,13.0,17.0,7.0,74.0,1.0,Strong ROE,,5.0,79.0,Strong order-book-driven revenue growth,52.61,3.0,Low volume participation,65.04,Strong,"Above 50 DMA, Above 200 DMA, Healthy RSI momentum, Near 52W high momentum, Strong ROE, Strong 1M absolute return, Positive 3M return, Positive 6M return, 1M Nifty outperformance, 3M Nifty outperformance, Positive across 1M/3M/6M, 80.0% of closes stayed inside the range | Range width 15.5% | Currently 98.8% through the range"
CGPOWER,Industrials,Electrical Equipment & Parts,813.35,0.0,209.52,871.04,288.19,6.62,64.66,729.1,697.71,3006826.35,0.0,0.0,Bullish,60.0,"Above 50 DMA, Above 200 DMA, Healthy RSI momentum, Near 52W high momentum",19.56,40.07,12.82,7.46,-4.68,-6.97,12.1,44.75,19.79,95.0,"Strong 1M absolute return, Strong 3M absolute return, Positive 6M return, 1M Nifty outperformance, 3M Nifty outperformance, 6M Nifty outperformance, Positive across 1M/3M/6M",16.67,Profit Booking Zone,81.67,588.28,748.88,27.3,100.0,80.0% of closes stayed inside the range | Range width 27.3% | Currently 100.0% through the range,15.13,9.52,11.77,9.82,286.72,323.51,1.49,1.91,1.53,300.66,118.51,702.45,-75.31,111.9798,63.7634,17.5463,15.0,0.42,139899.97,30.72,Capital Goods / Infra,14.0,20.0,19.0,9.0,5.0,67.0,1.0,Cash covers debt,"Negative free cash flow, Very high PE",5.0,72.0,Strong order-book-driven revenue growth,52.61,7.0,"Low volume participation, Negative free cash flow",64.84,Watchlist,"Above 50 DMA, Above 200 DMA, Healthy RSI momentum, Near 52W high momentum, Cash covers debt, Strong 1M absolute return, Strong 3M absolute return, Positive 6M return, 1M Nifty outperformance, 3M Nifty outperformance, 6M Nifty outperformance, Positive across 1M/3M/6M, 80.0% of closes stayed inside the range | Range width 27.3% | Currently 100.0% through the range"
KEI,Industrials,Electrical Equipment & Parts,4857.5,0.0,1330.3,5303.0,265.14,8.4,60.04,4572.53,4222.7,377252.0,0.0,0.0,Bullish,60.0,"Above 50 DMA, Above 200 DMA, Healthy RSI momentum, Near 52W high momentum",17.48,25.22,19.67,7.46,-4.68,-6.97,10.02,29.9,26.64,95.0,"Strong 1M absolute return, Strong 3M absolute return, Positive 6M return, 1M Nifty outperformance, 3M Nifty outperformance, 6M Nifty outperformance, Positive across 1M/3M/6M",16.67,Profit Booking Zone,82.67,4036.96,4859.81,20.38,99.72,80.0% of closes stayed inside the range | Range width 20.4% | Currently 99.7% through the range,13.78,10.25,9.69,7.82,297.6,291.05,3.8,2.96,1.81,1444.04,253.02,839.95,-413.62,55.0991,39.2189,8.2533,8.0,0.529,55008.58,23.88,Capital Goods / Infra,11.0,20.0,20.0,9.0,7.0,67.0,1.0,Cash covers debt,Negative free cash flow,5.0,72.0,Strong order-book-driven revenue growth,52.61,7.0,"Low volume participation, Negative free cash flow",64.84,Watchlist,"Above 50 DMA, Above 200 DMA, Healthy RSI momentum, Near 52W high momentum, Cash covers debt, Strong 1M absolute return, Strong 3M absolute return, Positive 6M return, 1M Nifty outperformance, 3M Nifty outperformance, 6M Nifty outperformance, Positive across 1M/3M/6M, 80.0% of closes stayed inside the range | Range width 20.4% | Currently 99.7% through the range"
IPCALAB,Healthcare,Drug Manufacturers - Specialty & Generic,1525.6,0.0,663.43,1747.4,129.96,12.69,56.09,1504.06,1424.53,180906.3,0.0,0.0,Bullish,60.0,"Above 50 DMA, Above 200 DMA, Healthy RSI momentum, Near 52W high momentum",1.51,5.79,17.94,7.46,-4.68,-6.97,-5.95,10.47,24.91,68.0,"Positive 1M return, Positive 3M return, Positive 6M return, 3M Nifty outperformance, 6M Nifty outperformance, Positive across 1M/3M/6M",22.0,Profit Booking Zone,82.91,1400.67,1538.3,9.83,90.78,80.0% of closes stayed inside the range | Range width 9.8% | Currently 90.8% through the range,14.15,9.22,17.05,11.93,299.69,249.75,10.03,2.76,1.58,437.12,808.76,1141.97,486.02,39.3189,26.9068,5.5581,34.0,0.035,44819.39,67.23,Pharma / Healthcare,14.0,20.0,17.0,17.0,9.0,77.0,1.0,,,2.0,79.0,General low-debt support,50.08,3.0,Low volume participation,64.16,Watchlist,"Above 50 DMA, Above 200 DMA, Healthy RSI momentum, Near 52W high momentum, Positive 1M return, Positive 3M return, Positive 6M return, 3M Nifty outperformance, 6M Nifty outperformance, Positive across 1M/3M/6M, 80.0% of closes stayed inside the range | Range width 9.8% | Currently 90.8% through the range"
3MINDIA,Industrials,Conglomerates,32824.62,0.38,20146.33,39386.18,62.93,16.66,57.59,32697.96,32174.52,6286.75,1816.0,0.29,Bullish,55.0,"Above 50 DMA, Above 200 DMA, Healthy RSI momentum, Positive day move",10.56,0.68,11.99,7.46,-4.68,-6.97,3.1,5.36,18.96,60.0,"Strong 1M absolute return, Positive 3M return, Positive 6M return, 6M Nifty outperformance, Positive across 1M/3M/6M",38.51,Lower Range Watch,76.52,30988.22,35615.7,14.93,39.68,80.0% of closes stayed inside the range | Range width 14.9% | Currently 39.7% through the range,29.54,16.65,18.78,10.27,314.23,941.72,9.6,2.18,1.48,812.14,169.75,513.72,455.39,77.736,47.6971,22.8946,44.0,0.273,40481.03,41.86,Capital Goods / Infra,21.0,20.0,19.0,17.0,5.0,82.0,1.0,"Strong ROE, Cash covers debt",,5.0,87.0,Strong order-book-driven revenue growth,52.61,3.0,Low volume participation,64.09,Watchlist,"Above 50 DMA, Above 200 DMA, Healthy RSI momentum, Positive day move, Strong ROE, Cash covers debt, Strong 1M absolute return, Positive 3M return, Positive 6M return, 6M Nifty outperformance, Positive across 1M/3M/6M, 80.0% of closes stayed inside the range | Range width 14.9% | Currently 39.7% through the range"
BHEL,Industrials,Specialty Industrial Machinery,351.28,0.0,50.9,356.95,590.11,1.59,76.44,277.94,259.26,19762687.75,0.0,0.0,Bullish,47.0,"Above 50 DMA, Above 200 DMA, Strong but overbought RSI, Near 52W high momentum",39.93,35.73,48.48,7.46,-4.68,-6.97,32.47,40.41,55.45,100.0,"Strong 1M absolute return, Strong 3M absolute return, Strong 6M absolute return, 1M Nifty outperformance, 3M Nifty outperformance, 6M Nifty outperformance, Positive across 1M/3M/6M",5.75,Profit Booking Zone,80.04,252.62,303.14,20.0,100.0,80.0% of closes stayed inside the range | Range width 20.0% | Currently 100.0% through the range,6.12,2.1,4.95,4.95,281.91,309.9,31.31,1.59,1.18,1083.2,8186.95,5837.38,5248.34,60.2582,30.5233,5.5934,35.0,0.845,146246.66,31.47,Capital Goods / Infra,0.0,20.0,13.0,17.0,7.0,57.0,1.0,,,5.0,62.0,Strong order-book-driven revenue growth,52.61,3.0,Low volume participation,63.34,Watchlist,"Above 50 DMA, Above 200 DMA, Strong but overbought RSI, Near 52W high momentum, Strong 1M absolute return, Strong 3M absolute return, Strong 6M absolute return, 1M Nifty outperformance, 3M Nifty outperformance, 6M Nifty outperformance, Positive across 1M/3M/6M, 80.0% of closes stayed inside the range | Range width 20.0% | Currently 100.0% through the range"
BAJAJ-AUTO,Consumer Cyclical,Auto Manufacturers,9855.3,0.0,3203.99,12285.36,207.59,19.78,62.93,9363.71,8966.21,390523.3,0.0,0.0,Bullish,50.0,"Above 50 DMA, Above 200 DMA, Healthy RSI momentum",12.35,5.94,10.34,7.46,-4.68,-6.97,4.89,10.62,17.31,75.0,"Strong 1M absolute return, Positive 3M return, Positive 6M return, 3M Nifty outperformance, 6M Nifty outperformance, Positive across 1M/3M/6M",10.94,Profit Booking Zone,82.08,8760.26,9688.8,10.6,100.0,80.0% of closes stayed inside the range | Range width 10.6% | Currently 100.0% through the range,27.67,13.91,21.29,17.79,292.67,290.72,58.3,1.76,1.44,2989.97,22639.85,2596.6,1874.28,27.8148,24.7664,8.4212,1.28,0.633,321520.48,34.19,Automobile,23.0,20.0,10.0,17.0,8.0,78.0,1.0,Strong ROE,,4.0,82.0,"General quality ROE, General low-debt support",42.06,3.0,Low volume participation,63.26,Watchlist,"Above 50 DMA, Above 200 DMA, Healthy RSI momentum, Strong ROE, Strong 1M absolute return, Positive 3M return, Positive 6M return, 3M Nifty outperformance, 6M Nifty outperformance, Positive across 1M/3M/6M, 80.0% of closes stayed inside the range | Range width 10.6% | Currently 100.0% through the range"
SUNPHARMA,Healthcare,Drug Manufacturers - Specialty & Generic,1803.57,0.0,824.65,1924.63,118.71,6.29,63.06,1736.35,1687.86,5998983.1,0.0,0.0,Bullish,60.0,"Above 50 DMA, Above 200 DMA, Healthy RSI momentum, Near 52W high momentum",4.62,13.0,7.89,7.46,-4.68,-6.97,-2.84,17.68,14.86,53.0,"Positive 1M return, Positive 3M return, Positive 6M return, 3M Nifty outperformance, Positive across 1M/3M/6M",37.0,Profit Booking Zone,84.52,1653.47,1790.86,8.31,100.0,80.0% of closes stayed inside the range | Range width 8.3% | Currently 100.0% through the range,13.74,10.55,23.35,19.72,276.36,240.76,5.54,2.82,2.32,9770.51,4627.32,12419.18,8809.81,38.5027,30.1242,5.5813,82.0,0.124,466430.72,78.92,Pharma / Healthcare,19.0,20.0,20.0,17.0,9.0,85.0,1.0,Cash covers debt,,2.0,87.0,General low-debt support,50.08,3.0,Low volume participation,63.21,Watchlist,"Above 50 DMA, Above 200 DMA, Healthy RSI momentum, Near 52W high momentum, Cash covers debt, Positive 1M return, Positive 3M return, Positive 6M return, 3M Nifty outperformance, Positive across 1M/3M/6M, 80.0% of closes stayed inside the range | Range width 8.3% | Currently 100.0% through the range"
LINDEINDIA,Basic Materials,Specialty Chemicals,7307.61,0.0,2911.17,9885.09,151.02,26.07,57.66,7013.29,6387.17,42249.35,0.0,0.0,Bullish,50.0,"Above 50 DMA, Above 200 DMA, Healthy RSI momentum",4.54,23.45,20.3,7.46,-4.68,-6.97,-2.92,28.13,27.27,78.0,"Positive 1M return, Strong 3M absolute return, Positive 6M return, 3M Nifty outperformance, 6M Nifty outperformance, Positive across 1M/3M/6M",22.03,Profit Booking Zone,80.1,5833.56,7220.95,23.78,100.0,80.0% of closes stayed inside the range | Range width 23.8% | Currently 100.0% through the range,12.87,9.45,26.69,21.69,260.96,183.96,1.85,0.86,0.76,110.45,78.92,785.5,19.28,105.6673,78.7623,13.5476,6.0,,57801.38,58.55,Chemicals,20.0,20.0,12.0,17.0,5.0,74.0,1.0,Cash covers debt,Very high PE,2.0,76.0,General low-debt support,50.01,3.0,Low volume participation,63.1,Watchlist,"Above 50 DMA, Above 200 DMA, Healthy RSI momentum, Cash covers debt, Positive 1M return, Strong 3M absolute return, Positive 6M return, 3M Nifty outperformance, 6M Nifty outperformance, Positive across 1M/3M/6M, 80.0% of closes stayed inside the range | Range width 23.8% | Currently 100.0% through the range"
SOLARINDS,Basic Materials,Specialty Chemicals,15429.88,0.0,3150.56,17798.82,389.75,13.31,64.37,14030.03,13816.13,145362.2,0.0,0.0,Bullish,60.0,"Above 50 DMA, Above 200 DMA, Healthy RSI momentum, Near 52W high momentum",20.55,10.94,10.13,7.46,-4.68,-6.97,13.09,15.62,17.1,85.0,"Strong 1M absolute return, Positive 3M return, Positive 6M return, 1M Nifty outperformance, 3M Nifty outperformance, 6M Nifty outperformance, Positive across 1M/3M/6M",19.49,Profit Booking Zone,82.69,12402.47,14942.97,20.48,100.0,80.0% of closes stayed inside the range | Range width 20.5% | Currently 100.0% through the range,26.72,15.36,24.93,17.45,277.18,275.92,28.82,2.06,1.35,469.44,1809.25,620.87,-1118.25,100.7965,56.2038,27.0006,6.0,0.238,169487.88,49.2,Chemicals,23.0,20.0,14.0,9.0,5.0,71.0,1.0,Strong ROE,"Negative free cash flow, Very high PE",4.0,75.0,"General quality ROE, General low-debt support",50.01,7.0,"Low volume participation, Negative free cash flow",63.0,Watchlist,"Above 50 DMA, Above 200 DMA, Healthy RSI momentum, Near 52W high momentum, Strong ROE, Strong 1M absolute return, Positive 3M return, Positive 6M return, 1M Nifty outperformance, 3M Nifty outperformance, 6M Nifty outperformance, Positive across 1M/3M/6M, 80.0% of closes stayed inside the range | Range width 20.5% | Currently 100.0% through the range"
BHARATFORG,Consumer Cyclical,Auto Parts,1875.91,0.0,660.33,1944.0,184.09,3.5,58.71,1795.52,1435.22,1201111.95,0.0,0.0,Bullish,60.0,"Above 50 DMA, Above 200 DMA, Healthy RSI momentum, Near 52W high momentum",12.78,29.1,44.75,7.46,-4.68,-6.97,5.32,33.78,51.72,100.0,"Strong 1M absolute return, Strong 3M absolute return, Strong 6M absolute return, 1M Nifty outperformance, 3M Nifty outperformance, 6M Nifty outperformance, Positive across 1M/3M/6M",2.34,Profit Booking Zone,80.52,1388.47,1873.84,34.96,100.0,80.0% of closes stayed inside the range | Range width 35.0% | Currently 100.0% through the range,11.27,4.85,12.06,6.65,273.57,308.63,76.29,1.17,0.75,847.88,7308.61,1486.64,346.15,140.9275,43.1994,10.3879,41.0,0.54,99514.15,53.26,Automobile,8.0,20.0,6.0,17.0,5.0,56.0,1.0,,Very high PE,0.0,56.0,,42.06,3.0,Low volume participation,62.91,Watchlist,"Above 50 DMA, Above 200 DMA, Healthy RSI momentum, Near 52W high momentum, Strong 1M absolute return, Strong 3M absolute return, Strong 6M absolute return, 1M Nifty outperformance, 3M Nifty outperformance, 6M Nifty outperformance, Positive across 1M/3M/6M, 80.0% of closes stayed inside the range | Range width 35.0% | Currently 100.0% through the range"
ADANIPOWER,Utilities,Utilities - Independent Power Producers,221.85,0.0,26.48,226.24,737.8,1.94,82.67,165.67,145.85,64591281.55,0.0,0.0,Bullish,47.0,"Above 50 DMA, Above 200 DMA, Strong but overbought RSI, Near 52W high momentum",41.21,64.67,36.67,7.46,-4.68,-6.97,33.75,69.35,43.64,100.0,"Strong 1M absolute return, Strong 3M absolute return, Strong 6M absolute return, 1M Nifty outperformance, 3M Nifty outperformance, 6M Nifty outperformance, Positive across 1M/3M/6M",10.0,Profit Booking Zone,78.13,138.99,184.41,32.68,100.0,80.0% of closes stayed inside the range | Range width 32.7% | Currently 100.0% through the range,19.76,9.02,29.07,23.7,334.91,417.6,83.96,1.41,1.23,883.25,54518.77,20513.65,-2836.44,27.9716,26.0646,6.1471,,0.475,399173.9,43.48,Energy / Utilities,22.0,20.0,8.0,9.0,7.0,66.0,0.93,Strong ROE,Negative free cash flow,2.0,68.0,General quality ROE,59.18,7.0,"Low volume participation, Negative free cash flow",62.43,Watchlist,"Above 50 DMA, Above 200 DMA, Strong but overbought RSI, Near 52W high momentum, Strong ROE, Strong 1M absolute return, Strong 3M absolute return, Strong 6M absolute return, 1M Nifty outperformance, 3M Nifty outperformance, 6M Nifty outperformance, Positive across 1M/3M/6M, 80.0% of closes stayed inside the range | Range width 32.7% | Currently 100.0% through the range"
OBEROIRLTY,Real Estate,Real Estate - Development,1665.74,-1.81,774.64,2324.19,115.03,28.33,55.93,1552.04,1624.61,671135.7,482607.0,0.72,Bullish,50.0,"Above 50 DMA, Above 200 DMA, Healthy RSI momentum",17.66,13.76,-3.69,7.46,-4.68,-6.97,10.2,18.44,3.28,50.0,"Strong 1M absolute return, Positive 3M return, 1M Nifty outperformance, 3M Nifty outperformance",40.0,Profit Booking Zone,77.84,1465.91,1720.35,17.36,78.54,80.0% of closes stayed inside the range | Range width 17.4% | Currently 78.5% through the range,13.99,9.9,53.73,41.73,302.58,302.71,15.77,3.99,1.63,175.68,2825.39,1379.86,743.25,24.9018,16.8684,3.6517,45.0,0.324,65444.77,62.61,Cement / Realty,20.0,20.0,17.0,17.0,11.0,85.0,1.0,,,2.0,87.0,General low-debt support,45.08,0.0,,62.21,Watchlist,"Above 50 DMA, Above 200 DMA, Healthy RSI momentum, Strong 1M absolute return, Positive 3M return, 1M Nifty outperformance, 3M Nifty outperformance, 80.0% of closes stayed inside the range | Range width 17.4% | Currently 78.5% through the range"
LUPIN,Healthcare,Drug Manufacturers - Specialty & Generic,2288.61,0.0,609.38,2370.86,275.56,3.47,49.46,2285.13,2078.62,1007100.35,0.0,0.0,Bullish,42.0,"Above 50 DMA, Above 200 DMA, RSI recovering",1.33,8.25,20.14,7.46,-4.68,-6.97,-6.13,12.93,27.11,68.0,"Positive 1M return, Positive 3M return, Positive 6M return, 3M Nifty outperformance, 6M Nifty outperformance, Positive across 1M/3M/6M",22.0,Profit Booking Zone,78.78,2037.3,2310.42,13.41,92.01,80.0% of closes stayed inside the range | Range width 13.4% | Currently 92.0% through the range,23.76,13.9,24.81,19.4,287.12,353.65,29.47,1.9,1.42,4167.73,6616.18,7334.5,5279.65,18.8684,22.3319,4.6455,79.0,0.182,104295.27,72.36,Pharma / Healthcare,22.0,20.0,13.0,17.0,10.0,82.0,1.0,Strong ROE,,4.0,86.0,"General quality ROE, General low-debt support",50.08,3.0,Low volume participation,62.11,Watchlist,"Above 50 DMA, Above 200 DMA, RSI recovering, Strong ROE, Positive 1M return, Positive 3M return, Positive 6M return, 3M Nifty outperformance, 6M Nifty outperformance, Positive across 1M/3M/6M, 80.0% of closes stayed inside the range | Range width 13.4% | Currently 92.0% through the range"
RADICO,Consumer Defensive,Beverages - Wineries & Distilleries,3415.52,0.0,920.13,3583.95,271.2,4.7,70.69,2848.67,2950.67,525265.25,0.0,0.0,Bullish,47.0,"Above 50 DMA, Above 200 DMA, Strong but overbought RSI, Near 52W high momentum",27.54,24.62,6.51,7.46,-4.68,-6.97,20.08,29.3,13.48,80.0,"Strong 1M absolute return, Strong 3M absolute return, Positive 6M return, 1M Nifty outperformance, 3M Nifty outperformance, Positive across 1M/3M/6M",22.0,Profit Booking Zone,79.58,2675.71,3291.45,23.01,100.0,80.0% of closes stayed inside the range | Range width 23.0% | Currently 100.0% through the range,18.23,12.16,14.26,10.07,288.15,290.15,24.09,1.92,1.06,70.26,798.82,742.64,498.04,86.2115,56.8584,18.3055,15.0,0.244,60734.22,43.35,FMCG / Consumer,17.0,20.0,13.0,17.0,5.0,72.0,1.0,Strong ROE,Very high PE,3.0,75.0,"Low debt, typical of a healthy consumer business",47.4,3.0,Low volume participation,62.11,Watchlist,"Above 50 DMA, Above 200 DMA, Strong but overbought RSI, Near 52W high momentum, Strong ROE, Strong 1M absolute return, Strong 3M absolute return, Positive 6M return, 1M Nifty outperformance, 3M Nifty outperformance, Positive across 1M/3M/6M, 80.0% of closes stayed inside the range | Range width 23.0% | Currently 100.0% through the range"
EMCURE,Healthcare,Drug Manufacturers - Specialty & Generic,1680.1,0.0,887.17,1769.0,89.38,5.03,59.15,1543.36,1441.94,311578.45,0.0,0.0,Bullish,60.0,"Above 50 DMA, Above 200 DMA, Healthy RSI momentum, Near 52W high momentum",5.66,17.01,26.7,7.46,-4.68,-6.97,-1.8,21.69,33.67,68.0,"Positive 1M return, Positive 3M return, Positive 6M return, 3M Nifty outperformance, 6M Nifty outperformance, Positive across 1M/3M/6M",22.0,Profit Booking Zone,83.31,1379.37,1605.23,16.37,100.0,80.0% of closes stayed inside the range | Range width 16.4% | Currently 100.0% through the range,18.67,9.62,14.92,10.04,289.41,300.95,30.73,1.43,0.82,136.66,1521.24,943.54,395.86,37.6541,25.8557,7.696,18.0,-0.056,38118.12,59.43,Pharma / Healthcare,16.0,20.0,9.0,17.0,7.0,69.0,1.0,Strong ROE,,4.0,73.0,"General quality ROE, General low-debt support",50.08,3.0,Low volume participation,62.06,Watchlist,"Above 50 DMA, Above 200 DMA, Healthy RSI momentum, Near 52W high momentum, Strong ROE, Positive 1M return, Positive 3M return, Positive 6M return, 3M Nifty outperformance, 6M Nifty outperformance, Positive across 1M/3M/6M, 80.0% of closes stayed inside the range | Range width 16.4% | Currently 100.0% through the range"
TORNTPOWER,Utilities,Utilities - Independent Power Producers,1730.01,0.0,393.65,1980.17,339.48,12.63,68.19,1504.97,1347.82,822997.7,0.0,0.0,Bullish,60.0,"Above 50 DMA, Above 200 DMA, Healthy RSI momentum, Near 52W high momentum",29.83,31.59,37.33,7.46,-4.68,-6.97,22.37,36.27,44.3,100.0,"Strong 1M absolute return, Strong 3M absolute return, Strong 6M absolute return, 1M Nifty outperformance, 3M Nifty outperformance, 6M Nifty outperformance, Positive across 1M/3M/6M",10.0,Profit Booking Zone,82.27,1265.02,1559.76,23.3,100.0,80.0% of closes stayed inside the range | Range width 23.3% | Currently 100.0% through the range,12.67,5.35,14.23,8.45,322.1,275.76,73.24,0.95,0.9,766.61,13970.56,5464.17,-2240.46,28.818,21.9958,3.4843,1.5,0.655,66464.88,26.63,Energy / Utilities,12.0,20.0,4.0,9.0,10.0,55.0,1.0,,Negative free cash flow,2.0,57.0,General low-debt support,59.18,7.0,"Low volume participation, Negative free cash flow",61.83,Watchlist,"Above 50 DMA, Above 200 DMA, Healthy RSI momentum, Near 52W high momentum, Strong 1M absolute return, Strong 3M absolute return, Strong 6M absolute return, 1M Nifty outperformance, 3M Nifty outperformance, 6M Nifty outperformance, Positive across 1M/3M/6M, 80.0% of closes stayed inside the range | Range width 23.3% | Currently 100.0% through the range"
HSCL,Basic Materials,Specialty Chemicals,606.93,0.0,79.72,686.9,661.32,11.64,86.76,480.28,469.83,9106113.75,0.0,0.0,Bullish,47.0,"Above 50 DMA, Above 200 DMA, Strong but overbought RSI, Near 52W high momentum",36.01,35.46,28.14,7.46,-4.68,-6.97,28.55,40.14,35.11,95.0,"Strong 1M absolute return, Strong 3M absolute return, Positive 6M return, 1M Nifty outperformance, 3M Nifty outperformance, 6M Nifty outperformance, Positive across 1M/3M/6M",12.71,Profit Booking Zone,81.46,443.09,489.7,10.52,100.0,80.0% of closes stayed inside the range | Range width 10.5% | Currently 100.0% through the range,15.96,11.91,20.13,16.13,293.51,290.91,16.36,2.28,1.67,164.76,769.98,382.01,-67.73,47.3835,37.0097,8.1727,11.0,0.264,38468.74,36.82,Chemicals,18.0,20.0,17.0,9.0,7.0,71.0,1.0,,Negative free cash flow,2.0,73.0,General low-debt support,50.01,7.0,"Low volume participation, Negative free cash flow",61.55,Watchlist,"Above 50 DMA, Above 200 DMA, Strong but overbought RSI, Near 52W high momentum, Strong 1M absolute return, Strong 3M absolute return, Positive 6M return, 1M Nifty outperformance, 3M Nifty outperformance, 6M Nifty outperformance, Positive across 1M/3M/6M, 80.0% of closes stayed inside the range | Range width 10.5% | Currently 100.0% through the range"
LAURUSLABS,Healthcare,Drug Manufacturers - Specialty & Generic,1099.85,0.0,276.17,1143.71,298.25,3.83,54.34,1050.39,970.82,1602035.9,0.0,0.0,Bullish,60.0,"Above 50 DMA, Above 200 DMA, Healthy RSI momentum, Near 52W high momentum",5.98,10.21,14.82,7.46,-4.68,-6.97,-1.48,14.89,21.79,68.0,"Positive 1M return, Positive 3M return, Positive 6M return, 3M Nifty outperformance, 6M Nifty outperformance, Positive across 1M/3M/6M",22.0,Profit Booking Zone,83.13,977.16,1105.55,13.14,95.56,80.0% of closes stayed inside the range | Range width 13.1% | Currently 95.6% through the range,16.77,8.46,19.44,13.22,277.96,253.17,47.52,1.33,0.68,112.65,2518.48,1623.5,553.55,91.358,64.5153,18.8439,13.0,0.357,99957.76,59.45,Pharma / Healthcare,18.0,20.0,9.0,17.0,5.0,69.0,1.0,,Very high PE,2.0,71.0,General low-debt support,50.08,3.0,Low volume participation,61.36,Watchlist,"Above 50 DMA, Above 200 DMA, Healthy RSI momentum, Near 52W high momentum, Positive 1M return, Positive 3M return, Positive 6M return, 3M Nifty outperformance, 6M Nifty outperformance, Positive across 1M/3M/6M, 80.0% of closes stayed inside the range | Range width 13.1% | Currently 95.6% through the range"
AUBANK,Financial Services,Banks - Regional,1014.96,0.0,488.37,1078.5,107.83,5.89,57.89,957.87,882.58,2504939.75,0.0,0.0,Bullish,60.0,"Above 50 DMA, Above 200 DMA, Healthy RSI momentum, Near 52W high momentum",16.12,5.57,15.46,7.46,-4.68,-6.97,8.66,10.25,22.43,85.0,"Strong 1M absolute return, Positive 3M return, Positive 6M return, 1M Nifty outperformance, 3M Nifty outperformance, 6M Nifty outperformance, Positive across 1M/3M/6M",11.34,Profit Booking Zone,83.6,887.41,1015.07,14.39,99.91,80.0% of closes stayed inside the range | Range width 14.4% | Currently 99.9% through the range,13.22,1.38,,21.85,294.47,295.6,69.45,,,8523.41,13871.54,1828.87,1020.28,28.9496,17.9736,4.084,9.0,,81746.32,0.0,Banking,10.0,20.0,4.0,17.0,11.0,62.0,0.79,,,0.0,62.0,,40.6,3.0,Low volume participation,61.04,Watchlist,"Above 50 DMA, Above 200 DMA, Healthy RSI momentum, Near 52W high momentum, Strong 1M absolute return, Positive 3M return, Positive 6M return, 1M Nifty outperformance, 3M Nifty outperformance, 6M Nifty outperformance, Positive across 1M/3M/6M, 80.0% of closes stayed inside the range | Range width 14.4% | Currently 99.9% through the range"
ONGC,Energy,Oil & Gas Integrated,299.55,0.0,96.9,310.8,209.13,3.62,69.46,278.96,245.73,18452751.8,0.0,0.0,Bullish,60.0,"Above 50 DMA, Above 200 DMA, Healthy RSI momentum, Near 52W high momentum",3.99,14.16,25.37,7.46,-4.68,-6.97,-3.47,18.84,32.34,68.0,"Positive 1M return, Positive 3M return, Positive 6M return, 3M Nifty outperformance, 6M Nifty outperformance, Positive across 1M/3M/6M",23.33,Profit Booking Zone,82.12,230.06,285.93,24.29,100.0,80.0% of closes stayed inside the range | Range width 24.3% | Currently 100.0% through the range,11.14,5.23,13.52,6.84,261.53,313.59,46.88,0.84,0.46,1278.21,174299.13,112719.34,58728.86,6.909,5.754,0.809,6.06,0.107,300731.57,35.33,Energy / Utilities,10.0,20.0,7.0,17.0,15.0,69.0,1.0,,,2.0,71.0,General low-debt support,46.78,3.0,Low volume participation,60.87,Watchlist,"Above 50 DMA, Above 200 DMA, Healthy RSI momentum, Near 52W high momentum, Positive 1M return, Positive 3M return, Positive 6M return, 3M Nifty outperformance, 6M Nifty outperformance, Positive across 1M/3M/6M, 80.0% of closes stayed inside the range | Range width 24.3% | Currently 100.0% through the range"
NTPC,Utilities,Utilities - Regulated Electric,399.15,0.0,139.29,430.88,186.55,7.36,58.37,382.14,344.57,11669263.55,0.0,0.0,Bullish,60.0,"Above 50 DMA, Above 200 DMA, Healthy RSI momentum, Near 52W high momentum",9.46,15.55,19.59,7.46,-4.68,-6.97,2.0,20.23,26.56,68.0,"Positive 1M return, Positive 3M return, Positive 6M return, 3M Nifty outperformance, 6M Nifty outperformance, Positive across 1M/3M/6M",70.0,Profit Booking Zone,82.49,320.8,390.98,21.88,100.0,80.0% of closes stayed inside the range | Range width 21.9% | Currently 100.0% through the range,13.31,4.84,20.87,14.7,301.38,392.88,133.38,0.81,0.65,3421.63,271004.58,50901.81,6852.03,10.3522,12.0003,1.6207,3.65,0.3,329153.35,48.18,Energy / Utilities,14.0,20.0,2.0,17.0,12.0,65.0,1.0,,,0.0,65.0,,59.18,3.0,Low volume participation,60.63,Watchlist,"Above 50 DMA, Above 200 DMA, Healthy RSI momentum, Near 52W high momentum, Positive 1M return, Positive 3M return, Positive 6M return, 3M Nifty outperformance, 6M Nifty outperformance, Positive across 1M/3M/6M, 80.0% of closes stayed inside the range | Range width 21.9% | Currently 100.0% through the range"
PHOENIXLTD,Real Estate,Real Estate - Diversified,1765.0,-1.41,589.78,2062.23,199.27,14.41,56.54,1667.73,1660.25,595000.1,563716.0,0.95,Bullish,60.0,"Above 50 DMA, Above 200 DMA, Healthy RSI momentum, Near 52W high momentum",17.17,2.12,5.02,7.46,-4.68,-6.97,9.71,6.8,11.99,55.0,"Strong 1M absolute return, Positive 3M return, Positive 6M return, 1M Nifty outperformance, Positive across 1M/3M/6M",10.0,Neutral Range,78.35,1575.24,1853.41,17.66,68.22,80.0% of closes stayed inside the range | Range width 17.7% | Currently 68.2% through the range,11.14,5.36,51.48,27.67,294.47,343.75,48.44,1.29,0.97,181.41,5323.0,2425.69,1028.9,52.0776,38.1787,6.199,13.0,0.324,68134.93,93.68,Cement / Realty,16.0,20.0,9.0,17.0,7.0,69.0,1.0,,,2.0,71.0,General low-debt support,45.08,0.0,,60.36,Watchlist,"Above 50 DMA, Above 200 DMA, Healthy RSI momentum, Near 52W high momentum, Strong 1M absolute return, Positive 3M return, Positive 6M return, 1M Nifty outperformance, Positive across 1M/3M/6M, 80.0% of closes stayed inside the range | Range width 17.7% | Currently 68.2% through the range"
LLOYDSME,Basic Materials,Steel,1763.35,0.0,490.69,1784.13,259.36,1.17,83.66,1365.92,1327.02,700257.4,0.0,0.0,Bullish,47.0,"Above 50 DMA, Above 200 DMA, Strong but overbought RSI, Near 52W high momentum",30.93,54.5,33.77,7.46,-4.68,-6.97,23.47,59.18,40.74,100.0,"Strong 1M absolute return, Strong 3M absolute return, Strong 6M absolute return, 1M Nifty outperformance, 3M Nifty outperformance, 6M Nifty outperformance, Positive across 1M/3M/6M",4.24,Profit Booking Zone,78.29,1150.92,1515.29,31.66,100.0,80.0% of closes stayed inside the range | Range width 31.7% | Currently 100.0% through the range,26.54,8.84,33.79,21.88,242.66,251.43,149.35,0.81,0.59,2120.44,20716.36,2921.32,-7040.19,22.1189,12.3348,7.6829,5.0,,106531.99,54.65,Metals / Mining,24.0,20.0,2.0,9.0,9.0,64.0,1.0,Strong ROE,Negative free cash flow,2.0,66.0,General quality ROE,50.01,7.0,"Low volume participation, Negative free cash flow",60.35,Watchlist,"Above 50 DMA, Above 200 DMA, Strong but overbought RSI, Near 52W high momentum, Strong ROE, Strong 1M absolute return, Strong 3M absolute return, Strong 6M absolute return, 1M Nifty outperformance, 3M Nifty outperformance, 6M Nifty outperformance, Positive across 1M/3M/6M, 80.0% of closes stayed inside the range | Range width 31.7% | Currently 100.0% through the range"
HINDZINC,Basic Materials,Other Industrial Metals & Mining,595.95,0.0,194.09,749.99,207.05,20.54,58.88,560.5,516.08,6292013.2,0.0,0.0,Bullish,50.0,"Above 50 DMA, Above 200 DMA, Healthy RSI momentum",15.71,-14.31,28.79,7.46,-4.68,-6.97,8.25,-9.63,35.76,50.0,"Strong 1M absolute return, Positive 6M return, 1M Nifty outperformance, 6M Nifty outperformance",44.92,Profit Booking Zone,75.88,475.84,626.45,31.65,79.75,80.0% of closes stayed inside the range | Range width 31.7% | Currently 79.7% through the range,61.13,32.65,47.19,35.29,268.8,253.22,39.03,1.47,1.29,297.0,8833.0,17008.0,11733.0,14.4846,13.3134,10.9157,3.58,0.661,247012.13,75.8,Metals / Mining,25.0,20.0,11.0,17.0,11.0,84.0,1.0,Strong ROE,,4.0,88.0,"General quality ROE, General low-debt support",50.01,3.0,Low volume participation,60.3,Watchlist,"Above 50 DMA, Above 200 DMA, Healthy RSI momentum, Strong ROE, Strong 1M absolute return, Positive 6M return, 1M Nifty outperformance, 6M Nifty outperformance, 80.0% of closes stayed inside the range | Range width 31.7% | Currently 79.7% through the range"
SAIL,Basic Materials,Steel,184.62,0.0,69.99,189.1,163.8,2.37,73.09,162.02,142.16,24536914.85,0.0,0.0,Bullish,47.0,"Above 50 DMA, Above 200 DMA, Strong but overbought RSI, Near 52W high momentum",18.48,18.54,39.69,7.46,-4.68,-6.97,11.02,23.22,46.66,95.0,"Strong 1M absolute return, Positive 3M return, Strong 6M absolute return, 1M Nifty outperformance, 3M Nifty outperformance, 6M Nifty outperformance, Positive across 1M/3M/6M",12.71,Profit Booking Zone,78.93,132.06,168.22,27.38,100.0,80.0% of closes stayed inside the range | Range width 27.4% | Currently 100.0% through the range,5.59,2.48,5.43,3.04,304.84,801.75,52.9,0.82,0.28,28.66,31927.71,19039.3,10281.23,16.7147,10.9697,1.1918,92.0,1.029,71871.14,51.8,Metals / Mining,0.0,20.0,4.0,17.0,15.0,56.0,1.0,,,2.0,58.0,General low-debt support,50.01,3.0,Low volume participation,60.3,Watchlist,"Above 50 DMA, Above 200 DMA, Strong but overbought RSI, Near 52W high momentum, Strong 1M absolute return, Positive 3M return, Strong 6M absolute return, 1M Nifty outperformance, 3M Nifty outperformance, 6M Nifty outperformance, Positive across 1M/3M/6M, 80.0% of closes stayed inside the range | Range width 27.4% | Currently 100.0% through the range"
DRREDDY,Healthcare,Drug Manufacturers - Specialty & Generic,1314.56,0.0,778.62,1403.63,68.83,6.35,59.53,1268.11,1249.72,3048616.4,0.0,0.0,Bullish,60.0,"Above 50 DMA, Above 200 DMA, Healthy RSI momentum, Near 52W high momentum",9.37,8.21,2.6,7.46,-4.68,-6.97,1.91,12.89,9.57,53.0,"Positive 1M return, Positive 3M return, Positive 6M return, 3M Nifty outperformance, Positive across 1M/3M/6M",37.0,Profit Booking Zone,84.49,1197.78,1299.77,8.51,100.0,80.0% of closes stayed inside the range | Range width 8.5% | Currently 100.0% through the range,11.36,7.4,14.92,12.76,284.94,254.19,20.51,1.8,1.35,1536.8,7734.1,5675.5,1833.0,30.1735,20.2046,2.607,66.0,0.242,99960.01,50.18,Pharma / Healthcare,12.0,20.0,13.0,17.0,13.0,75.0,1.0,,,2.0,77.0,General low-debt support,50.08,3.0,Low volume participation,59.71,Watchlist,"Above 50 DMA, Above 200 DMA, Healthy RSI momentum, Near 52W high momentum, Positive 1M return, Positive 3M return, Positive 6M return, 3M Nifty outperformance, Positive across 1M/3M/6M, 80.0% of closes stayed inside the range | Range width 8.5% | Currently 100.0% through the range"
MARICO,Consumer Defensive,Household & Personal Products,771.47,0.0,445.44,809.8,73.2,4.73,55.41,763.6,734.98,1756693.1,0.0,0.0,Bullish,60.0,"Above 50 DMA, Above 200 DMA, Healthy RSI momentum, Near 52W high momentum",4.1,5.21,7.63,7.46,-4.68,-6.97,-3.36,9.89,14.6,38.0,"Positive 1M return, Positive 3M return, Positive 6M return, Positive across 1M/3M/6M",48.0,Profit Booking Zone,83.21,721.17,776.67,7.7,90.64,80.0% of closes stayed inside the range | Range width 7.7% | Currently 90.6% through the range,41.85,17.49,15.69,13.01,283.04,294.18,13.23,1.43,1.04,404.0,557.0,2084.0,1765.0,58.8033,43.8817,26.3637,47.0,0.184,110823.09,43.87,FMCG / Consumer,21.0,20.0,13.0,17.0,7.0,78.0,1.0,Strong ROE,,8.0,86.0,"Strong ROE for a consumer staples business, Low debt, typical of a healthy consumer business",47.4,3.0,Low volume participation,58.71,Watchlist,"Above 50 DMA, Above 200 DMA, Healthy RSI momentum, Near 52W high momentum, Strong ROE, Positive 1M return, Positive 3M return, Positive 6M return, Positive across 1M/3M/6M, 80.0% of closes stayed inside the range | Range width 7.7% | Currently 90.6% through the range"
ASTERDM,Healthcare,Medical Care Facilities,701.05,0.0,151.5,729.01,362.73,3.83,58.61,662.48,632.72,544992.3,0.0,0.0,Bullish,60.0,"Above 50 DMA, Above 200 DMA, Healthy RSI momentum, Near 52W high momentum",2.36,28.1,0.55,7.46,-4.68,-6.97,-5.1,32.78,7.52,63.0,"Positive 1M return, Strong 3M absolute return, Positive 6M return, 3M Nifty outperformance, Positive across 1M/3M/6M",28.0,Profit Booking Zone,82.76,569.21,683.13,20.01,100.0,80.0% of closes stayed inside the range | Range width 20.0% | Currently 100.0% through the range,8.48,4.78,13.71,8.36,291.58,640.02,48.51,1.99,1.9,228.07,2219.66,655.92,178.4,138.9178,42.5242,9.3243,47.0,-0.059,72170.12,58.62,Pharma / Healthcare,8.0,20.0,14.0,17.0,5.0,64.0,1.0,,Very high PE,2.0,66.0,General low-debt support,50.08,3.0,Low volume participation,58.36,Watchlist,"Above 50 DMA, Above 200 DMA, Healthy RSI momentum, Near 52W high momentum, Positive 1M return, Strong 3M absolute return, Positive 6M return, 3M Nifty outperformance, Positive across 1M/3M/6M, 80.0% of closes stayed inside the range | Range width 20.0% | Currently 100.0% through the range"
THERMAX,Industrials,Conglomerates,4061.01,0.0,1804.31,5792.82,125.07,29.9,65.74,3425.64,3225.18,237054.1,0.0,0.0,Bullish,50.0,"Above 50 DMA, Above 200 DMA, Healthy RSI momentum",21.89,42.06,23.03,7.46,-4.68,-6.97,14.43,46.74,30.0,95.0,"Strong 1M absolute return, Strong 3M absolute return, Positive 6M return, 1M Nifty outperformance, 3M Nifty outperformance, 6M Nifty outperformance, Positive across 1M/3M/6M",16.67,Profit Booking Zone,77.8,2858.15,3975.41,39.09,100.0,80.0% of closes stayed inside the range | Range width 39.1% | Currently 100.0% through the range,12.98,5.42,8.95,6.77,303.94,252.87,42.74,1.22,1.07,674.45,2371.95,541.55,-410.85,77.4232,45.6669,8.2899,35.0,0.321,45997.83,34.09,Capital Goods / Infra,9.0,20.0,11.0,9.0,5.0,54.0,1.0,,Negative free cash flow,5.0,59.0,Strong order-book-driven revenue growth,52.61,7.0,"Low volume participation, Negative free cash flow",57.79,Watchlist,"Above 50 DMA, Above 200 DMA, Healthy RSI momentum, Strong 1M absolute return, Strong 3M absolute return, Positive 6M return, 1M Nifty outperformance, 3M Nifty outperformance, 6M Nifty outperformance, Positive across 1M/3M/6M, 80.0% of closes stayed inside the range | Range width 39.1% | Currently 100.0% through the range"
CPPLUS,Industrials,Building Products & Equipment,2324.54,0.0,1014.54,2388.82,129.12,2.69,74.07,1834.87,,435327.2,0.0,0.0,Bullish,32.0,"Above 50 DMA, Strong but overbought RSI, Near 52W high momentum",29.9,65.08,69.32,7.46,-4.68,-6.97,22.44,69.76,76.29,100.0,"Strong 1M absolute return, Strong 3M absolute return, Strong 6M absolute return, 1M Nifty outperformance, 3M Nifty outperformance, 6M Nifty outperformance, Positive across 1M/3M/6M",5.75,Profit Booking Zone,72.77,1403.07,2069.11,47.47,100.0,80.0% of closes stayed inside the range | Range width 47.5% | Currently 100.0% through the range,19.61,9.22,12.29,8.73,270.09,283.37,9.6,1.53,0.97,165.27,180.26,13.48,-122.84,121.9612,54.5024,24.4722,4.0,,46126.52,28.68,Capital Goods / Infra,16.0,20.0,13.0,9.0,5.0,63.0,1.0,Strong ROE,"Negative free cash flow, Very high PE",5.0,68.0,Strong order-book-driven revenue growth,52.61,7.0,"Low volume participation, Negative free cash flow",57.69,Watchlist,"Above 50 DMA, Strong but overbought RSI, Near 52W high momentum, Strong ROE, Strong 1M absolute return, Strong 3M absolute return, Strong 6M absolute return, 1M Nifty outperformance, 3M Nifty outperformance, 6M Nifty outperformance, Positive across 1M/3M/6M, 80.0% of closes stayed inside the range | Range width 47.5% | Currently 100.0% through the range"
HINDCOPPER,Basic Materials,Copper,534.85,0.0,92.4,758.83,478.86,29.52,49.33,532.55,407.49,6516425.95,0.0,0.0,Bullish,42.0,"Above 50 DMA, Above 200 DMA, RSI recovering",7.83,-15.42,56.5,7.46,-4.68,-6.97,0.37,-10.74,63.47,43.0,"Positive 1M return, Strong 6M absolute return, 6M Nifty outperformance",53.39,Profit Booking Zone,67.73,336.33,586.52,74.39,79.35,80.0% of closes stayed inside the range | Range width 74.4% | Currently 79.3% through the range,27.48,20.8,40.99,29.84,347.8,487.94,3.32,1.68,1.22,395.86,110.92,1473.56,1017.23,45.4523,27.1139,15.8616,46.0,,52963.9,91.1,Metals / Mining,25.0,20.0,18.0,17.0,7.0,87.0,1.0,"Strong ROE, Cash covers debt",,4.0,91.0,"General quality ROE, General low-debt support",50.01,3.0,Low volume participation,57.6,Watchlist,"Above 50 DMA, Above 200 DMA, RSI recovering, Strong ROE, Cash covers debt, Positive 1M return, Strong 6M absolute return, 6M Nifty outperformance, 80.0% of closes stayed inside the range | Range width 74.4% | Currently 79.3% through the range"
ENRIN,Utilities,Utilities - Renewable,3278.8,0.0,2111.59,3619.16,55.28,9.4,71.96,2893.02,2997.4,456098.95,0.0,0.0,Bullish,47.0,"Above 50 DMA, Above 200 DMA, Strong but overbought RSI, Near 52W high momentum",25.44,39.34,5.89,7.46,-4.68,-6.97,17.98,44.02,12.86,80.0,"Strong 1M absolute return, Strong 3M absolute return, Positive 6M return, 1M Nifty outperformance, 3M Nifty outperformance, Positive across 1M/3M/6M",47.5,Profit Booking Zone,77.77,2400.46,3243.9,35.14,100.0,80.0% of closes stayed inside the range | Range width 35.1% | Currently 100.0% through the range,7.79,3.67,28.17,15.65,25.29,19.72,4.48,2.06,1.84,271.8,215.7,,,85.4221,63.0392,26.3631,11.0,,126853.7,40.71,Energy / Utilities,11.0,18.0,20.0,0.0,5.0,54.0,0.86,Cash covers debt,Very high PE,2.0,56.0,General low-debt support,59.18,3.0,Low volume participation,57.23,Watchlist,"Above 50 DMA, Above 200 DMA, Strong but overbought RSI, Near 52W high momentum, Cash covers debt, Strong 1M absolute return, Strong 3M absolute return, Positive 6M return, 1M Nifty outperformance, 3M Nifty outperformance, Positive across 1M/3M/6M, 80.0% of closes stayed inside the range | Range width 35.1% | Currently 100.0% through the range"
HDFCAMC,Financial Services,Asset Management,2654.54,0.0,732.04,2903.74,262.62,8.58,56.03,2522.31,2632.39,1245921.65,0.0,0.0,Bullish,60.0,"Above 50 DMA, Above 200 DMA, Healthy RSI momentum, Near 52W high momentum",15.9,9.48,-3.92,7.46,-4.68,-6.97,8.44,14.16,3.05,50.0,"Strong 1M absolute return, Positive 3M return, 1M Nifty outperformance, 3M Nifty outperformance",25.26,Profit Booking Zone,81.4,2335.49,2703.58,15.76,86.68,80.0% of closes stayed inside the range | Range width 15.8% | Currently 86.7% through the range,30.97,28.61,78.18,69.33,283.42,271.46,,8.72,,11.58,,2527.81,2505.19,36.6284,28.3148,11.5587,2.15,0.554,106767.91,88.85,Financial Services,25.0,20.0,5.0,17.0,7.0,74.0,0.86,Strong ROE,,2.0,76.0,"Strong ROE for a leveraged-balance-sheet business, Expensive relative to book value for this sector",40.6,3.0,Low volume participation,57.19,Watchlist,"Above 50 DMA, Above 200 DMA, Healthy RSI momentum, Near 52W high momentum, Strong ROE, Strong 1M absolute return, Positive 3M return, 1M Nifty outperformance, 3M Nifty outperformance, 80.0% of closes stayed inside the range | Range width 15.8% | Currently 86.7% through the range"
LT,Industrials,Engineering & Construction,3975.17,0.0,1730.13,4397.05,129.76,9.59,54.22,3880.89,3811.12,3177467.15,0.0,0.0,Bullish,60.0,"Above 50 DMA, Above 200 DMA, Healthy RSI momentum, Near 52W high momentum",11.27,5.8,1.04,7.46,-4.68,-6.97,3.81,10.48,8.01,60.0,"Strong 1M absolute return, Positive 3M return, Positive 6M return, 3M Nifty outperformance, Positive across 1M/3M/6M",38.51,Neutral Range,79.13,3610.42,4130.41,14.4,70.15,80.0% of closes stayed inside the range | Range width 14.4% | Currently 70.1% through the range,14.72,3.55,9.52,5.66,297.8,400.26,114.83,1.25,1.21,15391.24,125497.04,16740.97,11931.78,33.4443,22.303,5.06,94.0,0.508,553098.2,37.43,Capital Goods / Infra,4.0,20.0,6.0,17.0,11.0,58.0,1.0,,,5.0,63.0,Strong order-book-driven revenue growth,52.61,3.0,Low volume participation,56.94,Watchlist,"Above 50 DMA, Above 200 DMA, Healthy RSI momentum, Near 52W high momentum, Strong 1M absolute return, Positive 3M return, Positive 6M return, 3M Nifty outperformance, Positive across 1M/3M/6M, 80.0% of closes stayed inside the range | Range width 14.4% | Currently 70.1% through the range"
NLCINDIA,Utilities,Utilities - Regulated Electric,316.6,0.0,60.45,328.7,423.73,3.68,71.77,273.27,254.09,6292112.8,0.0,0.0,Bullish,47.0,"Above 50 DMA, Above 200 DMA, Strong but overbought RSI, Near 52W high momentum",11.79,26.09,23.46,7.46,-4.68,-6.97,4.33,30.77,30.43,85.0,"Strong 1M absolute return, Strong 3M absolute return, Positive 6M return, 3M Nifty outperformance, 6M Nifty outperformance, Positive across 1M/3M/6M",35.0,Profit Booking Zone,80.07,237.63,284.57,19.75,100.0,80.0% of closes stayed inside the range | Range width 19.8% | Currently 100.0% through the range,16.36,5.4,18.35,20.14,293.64,428.84,129.58,0.8,0.59,711.48,27891.78,5166.07,-2778.87,12.0326,10.25,1.7827,2.52,,38375.17,80.32,Energy / Utilities,17.0,20.0,2.0,9.0,15.0,63.0,1.0,,Negative free cash flow,0.0,63.0,,59.18,7.0,"Low volume participation, Negative free cash flow",56.93,Watchlist,"Above 50 DMA, Above 200 DMA, Strong but overbought RSI, Near 52W high momentum, Strong 1M absolute return, Strong 3M absolute return, Positive 6M return, 3M Nifty outperformance, 6M Nifty outperformance, Positive across 1M/3M/6M, 80.0% of closes stayed inside the range | Range width 19.8% | Currently 100.0% through the range"
IDEA,Communication Services,Telecom Services,10.22,0.0,5.7,19.18,79.3,46.72,64.39,9.77,9.36,452484327.55,0.0,0.0,Bullish,50.0,"Above 50 DMA, Above 200 DMA, Healthy RSI momentum",18.29,2.71,8.26,7.46,-4.68,-6.97,10.83,7.39,15.23,70.0,"Strong 1M absolute return, Positive 3M return, Positive 6M return, 1M Nifty outperformance, 6M Nifty outperformance, Positive across 1M/3M/6M",10.0,Lower Range Watch,73.62,9.24,11.58,25.27,41.74,80.0% of closes stayed inside the range | Range width 25.3% | Currently 41.7% through the range,-96.63,18.03,-6.97,77.14,296.08,753.65,-538.42,0.55,0.55,2106.0,192528.0,18473.0,7554.0,3.6885,-8.9483,-4.0872,,0.436,146263.1,45.2,Telecom,11.0,20.0,9.0,17.0,8.0,65.0,0.93,,,2.0,67.0,General low-debt support,42.26,3.0,Low volume participation,56.79,Watchlist,"Above 50 DMA, Above 200 DMA, Healthy RSI momentum, Strong 1M absolute return, Positive 3M return, Positive 6M return, 1M Nifty outperformance, 6M Nifty outperformance, Positive across 1M/3M/6M, 80.0% of closes stayed inside the range | Range width 25.3% | Currently 41.7% through the range"
SUZLON,Industrials,Specialty Industrial Machinery,55.58,0.0,6.6,86.04,742.12,35.4,70.98,45.42,53.15,124044875.7,0.0,0.0,Bullish,37.0,"Above 50 DMA, Above 200 DMA, Strong but overbought RSI",35.17,16.28,-1.14,7.46,-4.68,-6.97,27.71,20.96,5.83,50.0,"Strong 1M absolute return, Positive 3M return, 1M Nifty outperformance, 3M Nifty outperformance",48.85,Profit Booking Zone,74.16,41.12,56.71,37.93,92.75,80.0% of closes stayed inside the range | Range width 37.9% | Currently 92.7% through the range,33.43,16.77,16.45,18.97,294.47,610.43,5.87,1.65,1.1,630.97,555.78,1202.06,625.08,20.7675,22.3752,6.6568,,0.657,65086.27,34.49,Capital Goods / Infra,22.0,20.0,18.0,17.0,4.0,81.0,0.93,"Strong ROE, Cash covers debt",,5.0,86.0,Strong order-book-driven revenue growth,52.61,3.0,Low volume participation,56.74,Watchlist,"Above 50 DMA, Above 200 DMA, Strong but overbought RSI, Strong ROE, Cash covers debt, Strong 1M absolute return, Positive 3M return, 1M Nifty outperformance, 3M Nifty outperformance, 80.0% of closes stayed inside the range | Range width 37.9% | Currently 92.7% through the range"
AJANTPHARM,Healthcare,Drug Manufacturers - Specialty & Generic,2797.08,0.0,1045.69,3384.33,167.49,17.35,50.19,2860.5,2653.63,72729.5,0.0,0.0,Bearish,35.0,"Above 200 DMA, Healthy RSI momentum",0.21,3.84,19.27,7.46,-4.68,-6.97,-7.25,8.52,26.24,53.0,"Positive 1M return, Positive 3M return, Positive 6M return, 6M Nifty outperformance, Positive across 1M/3M/6M",37.0,Neutral Range,72.88,2516.73,2941.56,16.88,65.99,80.0% of closes stayed inside the range | Range width 16.9% | Currently 66.0% through the range,23.33,17.16,24.53,19.53,293.3,285.73,5.75,2.64,1.98,103.26,260.17,529.19,164.03,38.9849,30.3719,9.7708,1.82,0.216,44239.7,78.61,Pharma / Healthcare,22.0,20.0,17.0,17.0,6.0,82.0,1.0,Strong ROE,,4.0,86.0,"General quality ROE, General low-debt support",50.08,3.0,Low volume participation,56.61,Watchlist,"Above 200 DMA, Healthy RSI momentum, Strong ROE, Positive 1M return, Positive 3M return, Positive 6M return, 6M Nifty outperformance, Positive across 1M/3M/6M, 80.0% of closes stayed inside the range | Range width 16.9% | Currently 66.0% through the range"
JSWSTEEL,Basic Materials,Steel,1257.28,0.0,601.78,1299.34,108.93,3.24,59.13,1204.6,1142.69,2174898.4,0.0,0.0,Bullish,60.0,"Above 50 DMA, Above 200 DMA, Healthy RSI momentum, Near 52W high momentum",10.88,3.76,6.78,7.46,-4.68,-6.97,3.42,8.44,13.75,45.0,"Strong 1M absolute return, Positive 3M return, Positive 6M return, Positive across 1M/3M/6M",50.85,Profit Booking Zone,83.74,1101.29,1250.46,13.54,100.0,80.0% of closes stayed inside the range | Range width 13.5% | Currently 100.0% through the range,22.3,8.28,12.82,12.26,302.57,943.29,119.02,1.49,1.02,39245.0,119079.0,25152.0,10498.0,12.6581,17.4188,3.096,55.0,0.627,309784.53,42.29,Metals / Mining,18.0,20.0,6.0,17.0,10.0,71.0,1.0,Strong ROE,,2.0,73.0,General quality ROE,50.01,3.0,Low volume participation,56.3,Watchlist,"Above 50 DMA, Above 200 DMA, Healthy RSI momentum, Near 52W high momentum, Strong ROE, Strong 1M absolute return, Positive 3M return, Positive 6M return, Positive across 1M/3M/6M, 80.0% of closes stayed inside the range | Range width 13.5% | Currently 100.0% through the range"
TATASTEEL,Basic Materials,Steel,207.09,0.0,86.34,213.83,139.84,3.15,57.74,198.75,176.67,26350325.95,0.0,0.0,Bullish,60.0,"Above 50 DMA, Above 200 DMA, Healthy RSI momentum, Near 52W high momentum",8.61,9.03,16.25,7.46,-4.68,-6.97,1.15,13.71,23.22,68.0,"Positive 1M return, Positive 3M return, Positive 6M return, 3M Nifty outperformance, 6M Nifty outperformance, Positive across 1M/3M/6M",32.2,Profit Booking Zone,81.94,164.71,206.78,25.54,100.0,80.0% of closes stayed inside the range | Range width 25.5% | Currently 100.0% through the range,10.56,3.58,9.73,4.69,306.55,301.45,90.42,0.75,0.26,8884.95,92381.68,35064.46,20505.41,21.0395,10.4022,2.2751,2.12,0.867,232271.75,56.35,Metals / Mining,2.0,20.0,4.0,17.0,13.0,56.0,1.0,,,0.0,56.0,,50.01,3.0,Low volume participation,56.1,Watchlist,"Above 50 DMA, Above 200 DMA, Healthy RSI momentum, Near 52W high momentum, Positive 1M return, Positive 3M return, Positive 6M return, 3M Nifty outperformance, 6M Nifty outperformance, Positive across 1M/3M/6M, 80.0% of closes stayed inside the range | Range width 25.5% | Currently 100.0% through the range"
LGEINDIA,Technology,Consumer Electronics,1593.0,0.0,1304.1,1749.0,22.15,8.92,56.57,1537.52,,958792.3,0.0,0.0,Bullish,50.0,"Above 50 DMA, Healthy RSI momentum, Near 52W high momentum, Near 52W low zone",14.87,12.98,-3.69,7.46,-4.68,-6.97,7.41,17.66,3.28,50.0,"Strong 1M absolute return, Positive 3M return, 1M Nifty outperformance, 3M Nifty outperformance",18.29,Profit Booking Zone,78.98,1398.18,1627.12,16.37,85.1,80.0% of closes stayed inside the range | Range width 16.4% | Currently 85.1% through the range,21.98,12.36,8.91,6.89,494.48,1779.15,5.99,2.08,1.51,4411.05,459.16,1721.25,549.01,63.3802,40.4921,13.98,,,107164.59,29.93,IT / Technology,14.0,20.0,20.0,17.0,3.0,74.0,0.93,"Strong ROE, Cash covers debt",,5.0,79.0,Strong ROE for an asset-light business,40.83,3.0,Low volume participation,55.77,Watchlist,"Above 50 DMA, Healthy RSI momentum, Near 52W high momentum, Near 52W low zone, Strong ROE, Cash covers debt, Strong 1M absolute return, Positive 3M return, 1M Nifty outperformance, 3M Nifty outperformance, 80.0% of closes stayed inside the range | Range width 16.4% | Currently 85.1% through the range"
MOTHERSON,Consumer Cyclical,Auto Parts,121.0,0.0,40.29,143.08,200.28,15.43,49.96,120.9,111.06,22734272.2,0.0,0.0,Bullish,42.0,"Above 50 DMA, Above 200 DMA, RSI recovering",12.63,9.11,13.65,7.46,-4.68,-6.97,5.17,13.79,20.62,85.0,"Strong 1M absolute return, Positive 3M return, Positive 6M return, 1M Nifty outperformance, 3M Nifty outperformance, 6M Nifty outperformance, Positive across 1M/3M/6M",9.38,Neutral Range,73.17,108.23,129.28,19.45,60.65,80.0% of closes stayed inside the range | Range width 19.4% | Currently 60.6% through the range,9.42,3.49,5.46,3.09,300.9,277.03,46.78,1.06,0.8,7428.2,19169.7,11284.0,5230.4,40.7452,24.4622,4.356,30.0,1.034,178504.36,43.82,Automobile,2.0,20.0,9.0,17.0,9.0,57.0,1.0,,,2.0,59.0,General low-debt support,42.06,3.0,Low volume participation,55.71,Watchlist,"Above 50 DMA, Above 200 DMA, RSI recovering, Strong 1M absolute return, Positive 3M return, Positive 6M return, 1M Nifty outperformance, 3M Nifty outperformance, 6M Nifty outperformance, Positive across 1M/3M/6M, 80.0% of closes stayed inside the range | Range width 19.4% | Currently 60.6% through the range"
TITAN,Consumer Cyclical,Luxury Goods,4370.86,0.0,2240.77,4539.11,95.06,3.71,52.64,4245.75,3862.09,1195451.95,0.0,0.0,Bullish,60.0,"Above 50 DMA, Above 200 DMA, Healthy RSI momentum, Near 52W high momentum",7.86,10.31,17.98,7.46,-4.68,-6.97,0.4,14.99,24.95,68.0,"Positive 1M return, Positive 3M return, Positive 6M return, 3M Nifty outperformance, 6M Nifty outperformance, Positive across 1M/3M/6M",12.5,Profit Booking Zone,82.09,3836.08,4424.83,15.35,90.83,80.0% of closes stayed inside the range | Range width 15.3% | Currently 90.8% through the range,32.31,8.38,8.65,5.81,250.41,201.25,195.0,1.28,0.2,1087.0,30621.0,5590.0,4688.0,78.2896,58.2409,28.8278,29.0,0.18,452440.57,20.47,Consumer Discretionary,12.0,20.0,2.0,17.0,5.0,56.0,1.0,Strong ROE,,2.0,58.0,General quality ROE,42.06,3.0,Low volume participation,55.61,Watchlist,"Above 50 DMA, Above 200 DMA, Healthy RSI momentum, Near 52W high momentum, Strong ROE, Positive 1M return, Positive 3M return, Positive 6M return, 3M Nifty outperformance, 6M Nifty outperformance, Positive across 1M/3M/6M, 80.0% of closes stayed inside the range | Range width 15.3% | Currently 90.8% through the range"
TORNTPHARM,Healthcare,Drug Manufacturers - Specialty & Generic,4176.8,0.0,1388.75,4474.01,200.76,6.64,50.85,4228.41,3817.17,381399.8,0.0,0.0,Bearish,45.0,"Above 200 DMA, Healthy RSI momentum, Near 52W high momentum",1.8,6.44,17.82,7.46,-4.68,-6.97,-5.66,11.12,24.79,68.0,"Positive 1M return, Positive 3M return, Positive 6M return, 3M Nifty outperformance, 6M Nifty outperformance, Positive across 1M/3M/6M",22.0,Profit Booking Zone,76.83,3721.77,4310.78,15.83,77.25,80.0% of closes stayed inside the range | Range width 15.8% | Currently 77.3% through the range,25.79,4.88,25.01,15.73,323.04,240.69,179.12,1.13,0.75,1117.2,15025.5,3022.71,2345.32,78.2379,52.2222,19.7416,78.0,0.145,186114.0,75.98,Pharma / Healthcare,19.0,20.0,2.0,17.0,5.0,63.0,1.0,Strong ROE,,2.0,65.0,General quality ROE,50.08,3.0,Low volume participation,55.51,Watchlist,"Above 200 DMA, Healthy RSI momentum, Near 52W high momentum, Strong ROE, Positive 1M return, Positive 3M return, Positive 6M return, 3M Nifty outperformance, 6M Nifty outperformance, Positive across 1M/3M/6M, 80.0% of closes stayed inside the range | Range width 15.8% | Currently 77.3% through the range"
NATIONALUM,Basic Materials,Aluminum,397.32,0.0,56.5,442.94,603.21,10.3,44.06,388.89,283.55,10810100.55,0.0,0.0,Bullish,38.0,"Above 50 DMA, Above 200 DMA, Weak but watchable RSI",-0.04,-0.46,73.34,7.46,-4.68,-6.97,-7.5,4.22,80.31,35.0,"Strong 6M absolute return, 6M Nifty outperformance",57.63,Profit Booking Zone,70.02,256.76,416.47,62.2,88.01,80.0% of closes stayed inside the range | Range width 62.2% | Currently 88.0% through the range,26.83,21.84,40.68,32.7,274.75,263.41,0.94,3.6,3.03,153.45,202.11,6437.97,4399.5,10.5607,10.8213,3.5699,1.03,0.709,77138.53,71.34,Metals / Mining,25.0,20.0,17.0,17.0,9.0,88.0,1.0,Strong ROE,,4.0,92.0,"General quality ROE, General low-debt support",50.01,3.0,Low volume participation,54.95,Neutral,"Above 50 DMA, Above 200 DMA, Weak but watchable RSI, Strong ROE, Strong 6M absolute return, 6M Nifty outperformance, 80.0% of closes stayed inside the range | Range width 62.2% | Currently 88.0% through the range"
FEDERALBNK,Financial Services,Banks - Regional,285.97,0.0,102.82,300.97,178.12,4.98,52.05,281.17,243.5,8036662.0,0.0,0.0,Bullish,60.0,"Above 50 DMA, Above 200 DMA, Healthy RSI momentum, Near 52W high momentum",7.23,0.88,21.7,7.46,-4.68,-6.97,-0.23,5.56,28.67,53.0,"Positive 1M return, Positive 3M return, Positive 6M return, 6M Nifty outperformance, Positive across 1M/3M/6M",20.1,Profit Booking Zone,80.97,245.93,292.08,18.77,86.77,80.0% of closes stayed inside the range | Range width 18.8% | Currently 86.8% through the range,10.85,1.08,,26.68,297.07,297.17,76.9,,,34602.18,30793.26,4349.11,4040.89,19.1033,13.2216,2.1967,34.0,0.276,88118.6,0.0,Banking,8.0,20.0,7.0,17.0,15.0,67.0,0.79,Cash covers debt,,0.0,67.0,,40.6,3.0,Low volume participation,54.79,Neutral,"Above 50 DMA, Above 200 DMA, Healthy RSI momentum, Near 52W high momentum, Cash covers debt, Positive 1M return, Positive 3M return, Positive 6M return, 6M Nifty outperformance, Positive across 1M/3M/6M, 80.0% of closes stayed inside the range | Range width 18.8% | Currently 86.8% through the range"
ICICIAMC,Financial Services,Asset Management,3277.48,0.0,2506.98,3583.59,30.73,8.54,55.83,3071.32,,596591.05,0.0,0.0,Bullish,45.0,"Above 50 DMA, Healthy RSI momentum, Near 52W high momentum",15.16,16.3,,7.46,-4.68,-6.97,7.7,20.98,,50.0,"Strong 1M absolute return, Positive 3M return, 1M Nifty outperformance, 3M Nifty outperformance",25.26,Profit Booking Zone,78.57,2636.45,3282.08,24.49,99.29,79.8% of closes stayed inside the range | Range width 24.5% | Currently 99.3% through the range,79.07,65.31,72.66,57.22,280.59,259.64,,3.68,,133.97,,3281.56,3166.33,43.7603,32.9023,36.4324,82.0,,151964.73,82.33,Financial Services,25.0,20.0,5.0,17.0,7.0,74.0,0.86,Strong ROE,,2.0,76.0,"Strong ROE for a leveraged-balance-sheet business, Expensive relative to book value for this sector",40.6,3.0,Low volume participation,53.44,Neutral,"Above 50 DMA, Healthy RSI momentum, Near 52W high momentum, Strong ROE, Strong 1M absolute return, Positive 3M return, 1M Nifty outperformance, 3M Nifty outperformance, 79.8% of closes stayed inside the range | Range width 24.5% | Currently 99.3% through the range"
HINDALCO,Basic Materials,Aluminum,1032.61,0.0,350.03,1074.4,195.0,3.89,60.05,949.46,834.79,6029043.4,0.0,0.0,Bullish,60.0,"Above 50 DMA, Above 200 DMA, Healthy RSI momentum, Near 52W high momentum",14.75,3.99,22.27,7.46,-4.68,-6.97,7.29,8.67,29.24,70.0,"Strong 1M absolute return, Positive 3M return, Positive 6M return, 1M Nifty outperformance, 6M Nifty outperformance, Positive across 1M/3M/6M",25.42,Profit Booking Zone,81.8,799.2,1010.62,26.45,100.0,80.0% of closes stayed inside the range | Range width 26.5% | Currently 100.0% through the range,9.8,3.85,10.72,4.91,309.86,553.54,72.6,1.21,0.56,14350.0,99161.0,10250.0,-19846.0,14.2245,9.717,1.7528,48.0,0.925,239409.43,31.31,Metals / Mining,5.0,20.0,6.0,9.0,15.0,55.0,1.0,,Negative free cash flow,2.0,57.0,General low-debt support,50.01,7.0,"Low volume participation, Negative free cash flow",52.95,Neutral,"Above 50 DMA, Above 200 DMA, Healthy RSI momentum, Near 52W high momentum, Strong 1M absolute return, Positive 3M return, Positive 6M return, 1M Nifty outperformance, 6M Nifty outperformance, Positive across 1M/3M/6M, 80.0% of closes stayed inside the range | Range width 26.5% | Currently 100.0% through the range"
MAHABANK,Financial Services,Banks - Regional,77.19,0.0,14.91,80.92,417.65,4.6,62.24,68.9,59.79,28719278.0,0.0,0.0,Bullish,60.0,"Above 50 DMA, Above 200 DMA, Healthy RSI momentum, Near 52W high momentum",20.79,19.5,32.56,7.46,-4.68,-6.97,13.33,24.18,39.53,95.0,"Strong 1M absolute return, Positive 3M return, Strong 6M absolute return, 1M Nifty outperformance, 3M Nifty outperformance, 6M Nifty outperformance, Positive across 1M/3M/6M",5.67,Profit Booking Zone,80.99,55.38,73.03,31.87,100.0,80.0% of closes stayed inside the range | Range width 31.9% | Currently 100.0% through the range,21.12,1.64,,44.41,262.79,290.04,106.05,,,27745.6,35233.58,-11336.03,-11757.63,8.3626,6.5496,1.7645,2.79,0.78,62970.76,0.0,Banking,12.0,20.0,2.0,0.0,15.0,49.0,0.79,Strong ROE,"Negative operating cash flow, Negative free cash flow",6.0,55.0,Strong ROE for a leveraged-balance-sheet business,40.6,12.0,"Low volume participation, Negative operating cash flow, Negative free cash flow",52.09,Neutral,"Above 50 DMA, Above 200 DMA, Healthy RSI momentum, Near 52W high momentum, Strong ROE, Strong 1M absolute return, Positive 3M return, Strong 6M absolute return, 1M Nifty outperformance, 3M Nifty outperformance, 6M Nifty outperformance, Positive across 1M/3M/6M, 80.0% of closes stayed inside the range | Range width 31.9% | Currently 100.0% through the range"
SIEMENS,Industrials,Specialty Industrial Machinery,3789.58,0.0,1540.11,4732.24,146.06,19.92,68.03,3324.09,3169.08,539651.05,0.0,0.0,Bullish,50.0,"Above 50 DMA, Above 200 DMA, Healthy RSI momentum",26.22,27.76,20.52,7.46,-4.68,-6.97,18.76,32.44,27.49,95.0,"Strong 1M absolute return, Strong 3M absolute return, Positive 6M return, 1M Nifty outperformance, 3M Nifty outperformance, 6M Nifty outperformance, Positive across 1M/3M/6M",16.67,Profit Booking Zone,80.77,2972.94,3547.6,19.33,100.0,80.0% of closes stayed inside the range | Range width 19.3% | Currently 100.0% through the range,,,8.02,8.02,20.54,33.47,,,,,,,,84.7533,59.3557,10.3412,45.0,0.57,143124.83,28.2,Capital Goods / Infra,3.0,18.0,0.0,0.0,5.0,26.0,0.5,,Very high PE,5.0,31.0,Strong order-book-driven revenue growth,52.61,3.0,Low volume participation,51.99,Neutral,"Above 50 DMA, Above 200 DMA, Healthy RSI momentum, Strong 1M absolute return, Strong 3M absolute return, Positive 6M return, 1M Nifty outperformance, 3M Nifty outperformance, 6M Nifty outperformance, Positive across 1M/3M/6M, 80.0% of closes stayed inside the range | Range width 19.3% | Currently 100.0% through the range"
RBLBANK,Financial Services,Banks - Regional,335.68,0.0,95.02,344.76,253.29,2.63,61.58,311.98,295.34,7429043.05,0.0,0.0,Bullish,60.0,"Above 50 DMA, Above 200 DMA, Healthy RSI momentum, Near 52W high momentum",11.57,13.18,3.52,7.46,-4.68,-6.97,4.11,17.86,10.49,60.0,"Strong 1M absolute return, Positive 3M return, Positive 6M return, 3M Nifty outperformance, Positive across 1M/3M/6M",15.46,Profit Booking Zone,84.4,296.15,323.22,9.14,100.0,80.0% of closes stayed inside the range | Range width 9.1% | Currently 100.0% through the range,5.26,0.49,,8.38,287.37,285.63,106.14,,,23065.86,17750.93,7578.15,7343.59,32.1617,19.5915,1.4386,33.0,0.642,60423.22,0.0,Banking,3.0,20.0,5.0,17.0,13.0,58.0,0.79,Cash covers debt,,-5.0,53.0,Weak ROE for a leveraged-balance-sheet business,40.6,3.0,Low volume participation,51.64,Neutral,"Above 50 DMA, Above 200 DMA, Healthy RSI momentum, Near 52W high momentum, Cash covers debt, Strong 1M absolute return, Positive 3M return, Positive 6M return, 3M Nifty outperformance, Positive across 1M/3M/6M, 80.0% of closes stayed inside the range | Range width 9.1% | Currently 100.0% through the range"
DMART,Consumer Defensive,Discount Stores,4585.9,0.0,3292.0,5484.85,39.3,16.39,64.38,4124.11,4136.85,654748.25,0.0,0.0,Bullish,50.0,"Above 50 DMA, Above 200 DMA, Healthy RSI momentum",7.37,22.76,8.65,7.46,-4.68,-6.97,-0.09,27.44,15.62,78.0,"Positive 1M return, Strong 3M absolute return, Positive 6M return, 3M Nifty outperformance, 6M Nifty outperformance, Positive across 1M/3M/6M",30.0,Profit Booking Zone,80.67,3723.67,4466.73,19.96,100.0,80.0% of closes stayed inside the range | Range width 20.0% | Currently 100.0% through the range,12.14,10.06,6.04,4.32,279.45,247.05,9.91,1.98,0.42,765.58,2424.99,3466.74,-646.61,85.8843,58.628,10.7462,,0.228,263507.36,15.19,General,8.0,20.0,13.0,9.0,3.0,53.0,0.93,,"Negative free cash flow, Very high PE",2.0,55.0,General low-debt support,47.4,7.0,"Low volume participation, Negative free cash flow",51.36,Neutral,"Above 50 DMA, Above 200 DMA, Healthy RSI momentum, Positive 1M return, Strong 3M absolute return, Positive 6M return, 3M Nifty outperformance, 6M Nifty outperformance, Positive across 1M/3M/6M, 80.0% of closes stayed inside the range | Range width 20.0% | Currently 100.0% through the range"
GMRAIRPORT,Industrials,Airports & Air Services,96.43,0.0,33.35,110.36,189.15,12.62,53.37,94.9,94.87,12408076.35,0.0,0.0,Bullish,60.0,"Above 50 DMA, Above 200 DMA, Healthy RSI momentum, Near 52W high momentum",8.0,2.68,4.03,7.46,-4.68,-6.97,0.54,7.36,11.0,38.0,"Positive 1M return, Positive 3M return, Positive 6M return, Positive across 1M/3M/6M",52.87,Lower Range Watch,77.42,90.89,104.51,14.98,40.66,80.0% of closes stayed inside the range | Range width 15.0% | Currently 40.7% through the range,-7.08,0.32,28.2,1.19,270.74,44.04,-1745.43,0.77,0.73,610.24,43282.52,4883.53,1554.83,804.2308,72.0701,-43.9655,,0.573,110394.09,57.86,Capital Goods / Infra,6.0,20.0,9.0,17.0,5.0,57.0,0.93,,Very high PE,5.0,62.0,Strong order-book-driven revenue growth,52.61,3.0,Low volume participation,51.09,Neutral,"Above 50 DMA, Above 200 DMA, Healthy RSI momentum, Near 52W high momentum, Positive 1M return, Positive 3M return, Positive 6M return, Positive across 1M/3M/6M, 80.0% of closes stayed inside the range | Range width 15.0% | Currently 40.7% through the range"
NHPC,Utilities,Utilities - Renewable,82.97,0.0,29.88,112.53,177.69,26.27,61.04,77.12,79.36,17493173.95,0.0,0.0,Bullish,50.0,"Above 50 DMA, Above 200 DMA, Healthy RSI momentum",10.36,7.37,0.09,7.46,-4.68,-6.97,2.9,12.05,7.06,60.0,"Strong 1M absolute return, Positive 3M return, Positive 6M return, 3M Nifty outperformance, Positive across 1M/3M/6M",75.0,Profit Booking Zone,82.07,73.97,81.83,10.62,100.0,80.0% of closes stayed inside the range | Range width 10.6% | Currently 100.0% through the range,9.09,3.14,32.88,33.85,400.88,1618.57,131.78,1.04,1.02,1846.83,54606.17,3293.62,-8278.66,28.1502,12.0078,1.8676,2.09,0.191,77196.09,93.4,Energy / Utilities,14.0,20.0,6.0,9.0,13.0,62.0,1.0,,Negative free cash flow,0.0,62.0,,59.18,7.0,"Low volume participation, Negative free cash flow",51.08,Neutral,"Above 50 DMA, Above 200 DMA, Healthy RSI momentum, Strong 1M absolute return, Positive 3M return, Positive 6M return, 3M Nifty outperformance, Positive across 1M/3M/6M, 80.0% of closes stayed inside the range | Range width 10.6% | Currently 100.0% through the range"
PREMIERENE,Technology,Solar,1017.4,0.0,666.41,1385.26,52.67,26.56,65.96,872.73,936.07,2042113.2,0.0,0.0,Bullish,50.0,"Above 50 DMA, Above 200 DMA, Healthy RSI momentum",8.58,42.39,-6.67,7.46,-4.68,-6.97,1.12,47.07,0.3,43.0,"Positive 1M return, Strong 3M absolute return, 3M Nifty outperformance",21.95,Profit Booking Zone,77.77,724.56,1009.33,39.3,100.0,80.0% of closes stayed inside the range | Range width 39.3% | Currently 100.0% through the range,35.05,13.92,24.6,19.3,304.05,285.43,86.06,1.83,1.2,1466.52,3707.14,1261.06,-1736.69,27.5241,20.7582,10.7314,14.0,,46322.93,39.49,IT / Technology,24.0,20.0,10.0,9.0,9.0,72.0,1.0,Strong ROE,Negative free cash flow,10.0,82.0,"Strong ROE for an asset-light business, Strong operating margin",40.83,7.0,"Low volume participation, Negative free cash flow",51.07,Neutral,"Above 50 DMA, Above 200 DMA, Healthy RSI momentum, Strong ROE, Positive 1M return, Strong 3M absolute return, 3M Nifty outperformance, 80.0% of closes stayed inside the range | Range width 39.3% | Currently 100.0% through the range"
APOLLOHOSP,Healthcare,Medical Care Facilities,7627.62,0.0,3944.97,8079.36,93.35,5.59,51.57,7584.44,7454.67,355197.9,0.0,0.0,Bullish,60.0,"Above 50 DMA, Above 200 DMA, Healthy RSI momentum, Near 52W high momentum",4.53,11.18,-2.97,7.46,-4.68,-6.97,-2.93,15.86,4.0,33.0,"Positive 1M return, Positive 3M return, 3M Nifty outperformance",59.0,Profit Booking Zone,82.21,6990.12,7724.66,10.51,86.79,80.0% of closes stayed inside the range | Range width 10.5% | Currently 86.8% through the range,20.48,8.75,11.65,7.79,284.58,286.56,89.58,1.06,0.98,811.3,8492.4,2855.7,893.7,64.9369,40.1114,13.0391,23.0,0.201,123611.67,34.63,Pharma / Healthcare,16.0,20.0,6.0,17.0,5.0,64.0,1.0,Strong ROE,,2.0,66.0,General quality ROE,50.08,3.0,Low volume participation,50.86,Neutral,"Above 50 DMA, Above 200 DMA, Healthy RSI momentum, Near 52W high momentum, Strong ROE, Positive 1M return, Positive 3M return, 3M Nifty outperformance, 80.0% of closes stayed inside the range | Range width 10.5% | Currently 86.8% through the range"
FORTIS,Healthcare,Medical Care Facilities,921.97,0.0,243.7,1103.13,278.32,16.42,60.76,877.85,912.23,1397743.85,0.0,0.0,Bullish,50.0,"Above 50 DMA, Above 200 DMA, Healthy RSI momentum",16.09,8.7,-12.68,7.46,-4.68,-6.97,8.63,13.38,-5.71,50.0,"Strong 1M absolute return, Positive 3M return, 1M Nifty outperformance, 3M Nifty outperformance",45.0,Profit Booking Zone,79.19,836.28,940.03,12.41,82.59,80.0% of closes stayed inside the range | Range width 12.4% | Currently 82.6% through the range,10.53,6.52,17.84,11.51,299.47,437.75,35.09,0.86,0.8,406.97,3472.58,1601.45,656.0,67.5676,39.5602,6.8663,11.0,0.665,67946.23,59.39,Pharma / Healthcare,10.0,20.0,7.0,17.0,5.0,59.0,1.0,,,2.0,61.0,General low-debt support,50.08,3.0,Low volume participation,50.86,Neutral,"Above 50 DMA, Above 200 DMA, Healthy RSI momentum, Strong 1M absolute return, Positive 3M return, 1M Nifty outperformance, 3M Nifty outperformance, 80.0% of closes stayed inside the range | Range width 12.4% | Currently 82.6% through the range"
ADANIENSOL,Utilities,Utilities - Independent Power Producers,1342.25,0.0,588.0,4236.75,128.27,68.32,66.19,1091.2,959.07,3705129.2,0.0,0.0,Bullish,50.0,"Above 50 DMA, Above 200 DMA, Healthy RSI momentum",40.31,52.18,45.71,7.46,-4.68,-6.97,32.85,56.86,52.68,100.0,"Strong 1M absolute return, Strong 3M absolute return, Strong 6M absolute return, 1M Nifty outperformance, 3M Nifty outperformance, 6M Nifty outperformance, Positive across 1M/3M/6M",10.0,Profit Booking Zone,79.52,924.58,1180.03,27.63,100.0,80.0% of closes stayed inside the range | Range width 27.6% | Currently 100.0% through the range,8.98,2.46,26.31,8.39,304.22,313.27,193.4,1.15,1.11,1734.57,49176.43,10996.68,-3435.12,66.6528,44.2264,7.5542,,0.679,195550.42,43.66,Energy / Utilities,11.0,20.0,4.0,9.0,3.0,47.0,0.93,,Negative free cash flow,0.0,47.0,,59.18,12.0,"Far from 52W high, Low volume participation, Negative free cash flow",50.83,Neutral,"Above 50 DMA, Above 200 DMA, Healthy RSI momentum, Strong 1M absolute return, Strong 3M absolute return, Strong 6M absolute return, 1M Nifty outperformance, 3M Nifty outperformance, 6M Nifty outperformance, Positive across 1M/3M/6M, 80.0% of closes stayed inside the range | Range width 27.6% | Currently 100.0% through the range"
ATGL,Utilities,Utilities - Regulated Gas,634.48,0.0,462.64,3994.52,37.14,84.12,62.07,551.65,588.81,4496739.0,0.0,0.0,Bullish,50.0,"Above 50 DMA, Above 200 DMA, Healthy RSI momentum",21.85,19.79,2.21,7.46,-4.68,-6.97,14.39,24.47,9.18,70.0,"Strong 1M absolute return, Positive 3M return, Positive 6M return, 1M Nifty outperformance, 3M Nifty outperformance, Positive across 1M/3M/6M",65.0,Profit Booking Zone,80.67,516.59,619.95,20.01,100.0,80.0% of closes stayed inside the range | Range width 20.0% | Currently 100.0% through the range,13.48,6.87,16.3,11.2,288.5,313.31,58.65,0.64,0.59,253.05,2853.23,1148.66,160.83,116.2588,,14.9289,4.0,0.606,72625.95,28.25,Energy / Utilities,12.0,20.0,4.0,17.0,2.0,55.0,1.0,,Very high PE,2.0,57.0,General low-debt support,59.18,8.0,"Far from 52W high, Low volume participation",50.83,Neutral,"Above 50 DMA, Above 200 DMA, Healthy RSI momentum, Strong 1M absolute return, Positive 3M return, Positive 6M return, 1M Nifty outperformance, 3M Nifty outperformance, Positive across 1M/3M/6M, 80.0% of closes stayed inside the range | Range width 20.0% | Currently 100.0% through the range"
NYKAA,Consumer Cyclical,Internet Retail,264.76,0.0,114.25,285.6,131.74,7.3,56.16,256.05,247.62,4289656.95,0.0,0.0,Bullish,60.0,"Above 50 DMA, Above 200 DMA, Healthy RSI momentum, Near 52W high momentum",10.33,11.62,3.08,7.46,-4.68,-6.97,2.87,16.3,10.05,60.0,"Strong 1M absolute return, Positive 3M return, Positive 6M return, 3M Nifty outperformance, Positive across 1M/3M/6M",17.19,Profit Booking Zone,81.42,239.63,269.71,12.55,83.56,80.0% of closes stayed inside the range | Range width 12.6% | Currently 83.6% through the range,13.87,4.32,4.44,2.01,245.58,215.02,86.08,1.16,0.56,177.2,1237.81,644.3,490.43,360.4945,111.7595,65.3226,,0.351,93989.27,45.35,Consumer Discretionary,4.0,20.0,6.0,17.0,3.0,50.0,0.93,,Very high PE,0.0,50.0,,42.06,3.0,Low volume participation,50.81,Neutral,"Above 50 DMA, Above 200 DMA, Healthy RSI momentum, Near 52W high momentum, Strong 1M absolute return, Positive 3M return, Positive 6M return, 3M Nifty outperformance, Positive across 1M/3M/6M, 80.0% of closes stayed inside the range | Range width 12.6% | Currently 83.6% through the range"
GODFRYPHLP,Consumer Defensive,Tobacco,2218.55,0.0,328.0,3868.28,576.38,42.65,61.32,2055.29,2681.24,1071413.85,0.0,0.0,Bullish,35.0,"Above 50 DMA, Healthy RSI momentum",16.8,11.35,-27.87,7.46,-4.68,-6.97,9.34,16.03,-20.9,50.0,"Strong 1M absolute return, Positive 3M return, 1M Nifty outperformance, 3M Nifty outperformance",42.0,Accumulation Zone,69.49,1966.87,2856.03,45.21,28.31,80.0% of closes stayed inside the range | Range width 45.2% | Currently 28.3% through the range,24.56,18.36,23.18,24.02,249.64,344.54,3.74,2.44,1.19,3.29,232.04,518.16,205.97,25.0856,19.6164,5.5211,2.25,0.33,34300.39,43.61,FMCG / Consumer,22.0,20.0,16.0,17.0,11.0,86.0,1.0,Strong ROE,,8.0,94.0,"Strong ROE for a consumer staples business, Low debt, typical of a healthy consumer business",47.4,11.0,"Below 200 DMA, Low volume participation",50.26,Neutral,"Above 50 DMA, Healthy RSI momentum, Strong ROE, Strong 1M absolute return, Positive 3M return, 1M Nifty outperformance, 3M Nifty outperformance, 80.0% of closes stayed inside the range | Range width 45.2% | Currently 28.3% through the range"
TATACONSUM,Consumer Defensive,Packaged Foods,1135.0,0.0,663.99,1240.54,70.94,8.51,56.58,1098.9,1118.03,1617840.45,0.0,0.0,Bullish,60.0,"Above 50 DMA, Above 200 DMA, Healthy RSI momentum, Near 52W high momentum",11.8,1.13,-2.08,7.46,-4.68,-6.97,4.34,5.81,4.89,25.0,"Strong 1M absolute return, Positive 3M return",58.0,Neutral Range,78.92,1058.89,1175.38,11.0,65.33,80.0% of closes stayed inside the range | Range width 11.0% | Currently 65.3% through the range,7.08,4.48,10.78,7.65,294.57,301.0,12.94,1.56,1.03,3046.57,2819.51,2421.85,1973.28,64.3966,44.4085,4.823,93.0,0.414,105095.18,41.11,FMCG / Consumer,6.0,20.0,18.0,17.0,7.0,68.0,1.0,Cash covers debt,,3.0,71.0,"Low debt, typical of a healthy consumer business",47.4,3.0,Low volume participation,50.21,Neutral,"Above 50 DMA, Above 200 DMA, Healthy RSI momentum, Near 52W high momentum, Cash covers debt, Strong 1M absolute return, Positive 3M return, 80.0% of closes stayed inside the range | Range width 11.0% | Currently 65.3% through the range"
INDUSINDBK,Financial Services,Banks - Regional,914.57,0.0,605.02,1673.18,51.16,45.34,63.2,863.99,832.03,2842950.55,0.0,0.0,Bullish,50.0,"Above 50 DMA, Above 200 DMA, Healthy RSI momentum",16.6,1.59,14.54,7.46,-4.68,-6.97,9.14,6.27,21.51,70.0,"Strong 1M absolute return, Positive 3M return, Positive 6M return, 1M Nifty outperformance, 6M Nifty outperformance, Positive across 1M/3M/6M",13.4,Profit Booking Zone,79.54,813.22,929.94,14.35,86.83,80.0% of closes stayed inside the range | Range width 14.4% | Currently 86.8% through the range,1.35,0.16,,3.54,300.84,594.91,65.09,,,63909.13,42789.19,992.89,300.98,60.0295,12.9494,1.2053,15.0,0.494,79277.55,0.0,Banking,0.0,20.0,7.0,17.0,9.0,53.0,0.79,Cash covers debt,,-5.0,48.0,Weak ROE for a leveraged-balance-sheet business,40.6,3.0,Low volume participation,49.89,Neutral,"Above 50 DMA, Above 200 DMA, Healthy RSI momentum, Cash covers debt, Strong 1M absolute return, Positive 3M return, Positive 6M return, 1M Nifty outperformance, 6M Nifty outperformance, Positive across 1M/3M/6M, 80.0% of closes stayed inside the range | Range width 14.4% | Currently 86.8% through the range"
PAGEIND,Consumer Cyclical,Apparel Manufacturing,36640.95,-0.16,29688.29,51744.07,23.42,29.19,59.46,33638.46,38586.51,32122.1,16635.0,0.52,Bullish,40.0,"Above 50 DMA, Healthy RSI momentum, Near 52W low zone",15.77,13.53,-9.72,7.46,-4.68,-6.97,8.31,18.21,-2.75,50.0,"Strong 1M absolute return, Positive 3M return, 1M Nifty outperformance, 3M Nifty outperformance",32.81,Neutral Range,74.93,31471.28,38644.41,22.79,72.07,80.8% of closes stayed inside the range | Range width 22.8% | Currently 72.1% through the range,50.83,26.74,20.35,14.61,276.94,303.0,18.42,1.72,0.77,267.26,276.81,794.4,686.54,55.968,41.7449,28.4266,1.56,0.052,42713.76,58.47,Consumer Discretionary,23.0,20.0,13.0,17.0,6.0,79.0,1.0,Strong ROE,,4.0,83.0,"General quality ROE, General low-debt support",42.06,8.0,Below 200 DMA,49.86,Neutral,"Above 50 DMA, Healthy RSI momentum, Near 52W low zone, Strong ROE, Strong 1M absolute return, Positive 3M return, 1M Nifty outperformance, 3M Nifty outperformance, 80.8% of closes stayed inside the range | Range width 22.8% | Currently 72.1% through the range"
TATAPOWER,Utilities,Utilities - Independent Power Producers,441.81,0.0,177.68,488.93,148.65,9.64,65.39,396.87,386.55,9556199.45,0.0,0.0,Bullish,60.0,"Above 50 DMA, Above 200 DMA, Healthy RSI momentum, Near 52W high momentum",16.93,25.21,11.51,7.46,-4.68,-6.97,9.47,29.89,18.48,95.0,"Strong 1M absolute return, Strong 3M absolute return, Positive 6M return, 1M Nifty outperformance, 3M Nifty outperformance, 6M Nifty outperformance, Positive across 1M/3M/6M",25.0,Profit Booking Zone,83.46,363.69,419.72,15.41,100.0,80.0% of closes stayed inside the range | Range width 15.4% | Currently 100.0% through the range,9.49,2.14,13.95,6.14,337.67,385.4,202.17,0.8,0.67,4409.67,79789.34,5993.33,-7701.5,31.5945,22.6373,3.0714,66.0,0.342,121247.16,35.71,Energy / Utilities,8.0,20.0,0.0,9.0,11.0,48.0,1.0,,"Very high debt, Negative free cash flow",0.0,48.0,,59.18,15.0,"Low volume participation, Very high debt, Negative free cash flow",49.43,Neutral,"Above 50 DMA, Above 200 DMA, Healthy RSI momentum, Near 52W high momentum, Strong 1M absolute return, Strong 3M absolute return, Positive 6M return, 1M Nifty outperformance, 3M Nifty outperformance, 6M Nifty outperformance, Positive across 1M/3M/6M, 80.0% of closes stayed inside the range | Range width 15.4% | Currently 100.0% through the range"
EICHERMOT,Consumer Cyclical,Auto Manufacturers,7035.33,0.0,2710.4,8144.71,159.57,13.62,49.61,7195.1,6803.67,638394.4,0.0,0.0,Bearish,27.0,"Above 200 DMA, RSI recovering",4.15,0.54,1.52,7.46,-4.68,-6.97,-3.31,5.22,8.49,38.0,"Positive 1M return, Positive 3M return, Positive 6M return, Positive across 1M/3M/6M",43.75,Accumulation Zone,72.39,6753.68,7751.92,14.78,28.21,80.0% of closes stayed inside the range | Range width 14.8% | Currently 28.2% through the range,21.97,17.15,21.57,24.0,282.97,288.23,2.05,1.9,1.51,234.29,513.95,4804.84,3529.58,38.2557,29.6311,8.7966,1.03,0.226,220962.51,42.31,Automobile,22.0,20.0,16.0,17.0,6.0,81.0,1.0,Strong ROE,,4.0,85.0,"General quality ROE, General low-debt support",42.06,3.0,Low volume participation,49.31,Neutral,"Above 200 DMA, RSI recovering, Strong ROE, Positive 1M return, Positive 3M return, Positive 6M return, Positive across 1M/3M/6M, 80.0% of closes stayed inside the range | Range width 14.8% | Currently 28.2% through the range"
OIL,Energy,Oil & Gas Integrated,490.8,0.0,95.09,729.69,416.16,32.74,58.65,474.45,431.51,5610579.95,0.0,0.0,Bullish,50.0,"Above 50 DMA, Above 200 DMA, Healthy RSI momentum",3.68,1.59,21.7,7.46,-4.68,-6.97,-3.78,6.27,28.67,53.0,"Positive 1M return, Positive 3M return, Positive 6M return, 6M Nifty outperformance, Positive across 1M/3M/6M",40.0,Profit Booking Zone,80.52,400.15,483.96,20.94,100.0,80.0% of closes stayed inside the range | Range width 20.9% | Currently 100.0% through the range,11.41,5.35,22.78,19.5,307.51,453.93,64.62,1.09,0.77,1323.36,37477.98,10683.75,-2487.18,9.1579,7.5062,1.3235,4.04,0.253,76775.88,56.89,Energy / Utilities,15.0,20.0,6.0,9.0,15.0,65.0,1.0,,Negative free cash flow,2.0,67.0,General low-debt support,46.78,7.0,"Low volume participation, Negative free cash flow",49.22,Neutral,"Above 50 DMA, Above 200 DMA, Healthy RSI momentum, Positive 1M return, Positive 3M return, Positive 6M return, 6M Nifty outperformance, Positive across 1M/3M/6M, 80.0% of closes stayed inside the range | Range width 20.9% | Currently 100.0% through the range"
DELHIVERY,Industrials,Integrated Freight & Logistics,467.05,0.0,236.53,608.7,97.46,23.27,60.26,437.5,437.78,3185495.85,0.0,0.0,Bullish,50.0,"Above 50 DMA, Above 200 DMA, Healthy RSI momentum",8.26,14.54,-1.84,7.46,-4.68,-6.97,0.8,19.22,5.13,33.0,"Positive 1M return, Positive 3M return, 3M Nifty outperformance",62.64,Profit Booking Zone,81.48,401.5,460.14,14.61,100.0,80.0% of closes stayed inside the range | Range width 14.6% | Currently 100.0% through the range,1.58,1.19,-0.53,1.45,274.63,285.65,15.1,2.59,2.58,241.94,1462.57,911.46,489.33,385.4508,42.6924,3.6232,,0.174,35229.57,84.92,Capital Goods / Infra,0.0,20.0,17.0,17.0,5.0,59.0,0.93,,Very high PE,5.0,64.0,Strong order-book-driven revenue growth,52.61,3.0,Low volume participation,48.04,Neutral,"Above 50 DMA, Above 200 DMA, Healthy RSI momentum, Positive 1M return, Positive 3M return, 3M Nifty outperformance, 80.0% of closes stayed inside the range | Range width 14.6% | Currently 100.0% through the range"
TIINDIA,Industrials,Conglomerates,2946.29,0.0,2024.31,4798.42,45.55,38.6,61.68,2682.79,2813.21,330404.1,0.0,0.0,Bullish,50.0,"Above 50 DMA, Above 200 DMA, Healthy RSI momentum",14.58,29.36,-5.6,7.46,-4.68,-6.97,7.12,34.04,1.37,60.0,"Strong 1M absolute return, Strong 3M absolute return, 1M Nifty outperformance, 3M Nifty outperformance",38.51,Profit Booking Zone,79.75,2351.53,2982.58,26.84,94.25,80.8% of closes stayed inside the range | Range width 26.8% | Currently 94.2% through the range,8.22,2.96,7.52,2.87,293.19,283.96,9.82,1.86,1.43,532.28,761.49,1161.01,-272.0,86.5549,37.3799,7.089,16.0,-0.3,54955.18,31.7,Capital Goods / Infra,2.0,20.0,15.0,9.0,5.0,51.0,1.0,,"Negative free cash flow, Very high PE",5.0,56.0,Strong order-book-driven revenue growth,52.61,7.0,"Low volume participation, Negative free cash flow",47.99,Neutral,"Above 50 DMA, Above 200 DMA, Healthy RSI momentum, Strong 1M absolute return, Strong 3M absolute return, 1M Nifty outperformance, 3M Nifty outperformance, 80.8% of closes stayed inside the range | Range width 26.8% | Currently 94.2% through the range"
TATAINVEST,Financial Services,Asset Management,715.81,0.0,143.54,1178.62,398.68,39.27,63.78,647.92,706.99,1732894.75,0.0,0.0,Bullish,50.0,"Above 50 DMA, Above 200 DMA, Healthy RSI momentum",24.68,15.31,-12.36,7.46,-4.68,-6.97,17.22,19.99,-5.39,50.0,"Strong 1M absolute return, Positive 3M return, 1M Nifty outperformance, 3M Nifty outperformance",25.26,Neutral Range,76.04,601.37,754.71,25.5,74.63,80.0% of closes stayed inside the range | Range width 25.5% | Currently 74.6% through the range,1.48,1.33,,83.36,465.46,475.25,0.0,,,1.93,1.4,279.39,279.06,79.7014,,1.1785,49.0,0.314,34437.69,99.99,Financial Services,6.0,20.0,12.0,17.0,6.0,61.0,0.79,Cash covers debt,,-5.0,56.0,Weak ROE for a leveraged-balance-sheet business,40.6,3.0,Low volume participation,47.69,Neutral,"Above 50 DMA, Above 200 DMA, Healthy RSI momentum, Cash covers debt, Strong 1M absolute return, Positive 3M return, 1M Nifty outperformance, 3M Nifty outperformance, 80.0% of closes stayed inside the range | Range width 25.5% | Currently 74.6% through the range"
FLUOROCHEM,Basic Materials,Specialty Chemicals,3602.0,0.0,2472.27,4877.1,45.7,26.14,69.04,3303.67,3465.1,93577.45,0.0,0.0,Bullish,50.0,"Above 50 DMA, Above 200 DMA, Healthy RSI momentum",11.35,19.46,0.23,7.46,-4.68,-6.97,3.89,24.14,7.2,60.0,"Strong 1M absolute return, Positive 3M return, Positive 6M return, 3M Nifty outperformance, Positive across 1M/3M/6M",37.29,Profit Booking Zone,81.18,3158.19,3612.11,14.37,97.77,80.0% of closes stayed inside the range | Range width 14.4% | Currently 97.8% through the range,7.35,4.86,16.71,11.57,339.79,461.17,29.11,1.72,0.97,215.0,2290.0,961.0,-291.0,87.6185,44.0047,6.5534,7.0,-0.005,50155.31,51.34,Chemicals,6.0,20.0,11.0,9.0,5.0,51.0,1.0,,"Negative free cash flow, Very high PE",2.0,53.0,General low-debt support,50.01,7.0,"Low volume participation, Negative free cash flow",46.55,Neutral,"Above 50 DMA, Above 200 DMA, Healthy RSI momentum, Strong 1M absolute return, Positive 3M return, Positive 6M return, 3M Nifty outperformance, Positive across 1M/3M/6M, 80.0% of closes stayed inside the range | Range width 14.4% | Currently 97.8% through the range"
JSL,Basic Materials,Steel,767.4,0.0,115.54,882.91,564.19,13.08,51.65,752.73,760.1,639261.1,0.0,0.0,Bullish,60.0,"Above 50 DMA, Above 200 DMA, Healthy RSI momentum, Near 52W high momentum",8.87,-5.02,-4.4,7.46,-4.68,-6.97,1.41,-0.34,2.57,8.0,Positive 1M return,84.75,Neutral Range,76.79,721.82,809.06,12.09,52.25,80.0% of closes stayed inside the range | Range width 12.1% | Currently 52.2% through the range,16.14,7.85,10.37,7.45,307.31,285.31,37.69,1.25,0.57,415.12,7460.33,3394.99,736.83,18.7427,14.2066,13.508,55.0,0.554,60799.26,21.99,Metals / Mining,12.0,20.0,9.0,17.0,11.0,69.0,1.0,,,2.0,71.0,General low-debt support,50.01,3.0,Low volume participation,46.35,Neutral,"Above 50 DMA, Above 200 DMA, Healthy RSI momentum, Near 52W high momentum, Positive 1M return, 80.0% of closes stayed inside the range | Range width 12.1% | Currently 52.2% through the range"
MAZDOCK,Industrials,Aerospace & Defense,2733.2,0.0,144.32,3751.65,1793.88,27.15,67.42,2416.49,2612.6,2104816.3,0.0,0.0,Bullish,50.0,"Above 50 DMA, Above 200 DMA, Healthy RSI momentum",17.9,9.42,-1.18,7.46,-4.68,-6.97,10.44,14.1,5.79,50.0,"Strong 1M absolute return, Positive 3M return, 1M Nifty outperformance, 3M Nifty outperformance",48.85,Profit Booking Zone,80.86,2279.18,2706.26,18.74,100.0,80.0% of closes stayed inside the range | Range width 18.7% | Currently 100.0% through the range,26.48,9.41,20.9,19.91,260.25,193.63,4.59,1.4,1.24,2731.42,447.37,-2653.88,-2830.06,38.4627,32.1624,10.5529,82.0,0.624,102942.58,32.58,Capital Goods / Infra,23.0,20.0,16.0,0.0,7.0,66.0,1.0,"Strong ROE, Cash covers debt","Negative operating cash flow, Negative free cash flow",5.0,71.0,Strong order-book-driven revenue growth,52.61,12.0,"Low volume participation, Negative operating cash flow, Negative free cash flow",45.74,Neutral,"Above 50 DMA, Above 200 DMA, Healthy RSI momentum, Strong ROE, Cash covers debt, Strong 1M absolute return, Positive 3M return, 1M Nifty outperformance, 3M Nifty outperformance, 80.0% of closes stayed inside the range | Range width 18.7% | Currently 100.0% through the range"
SBIN,Financial Services,Banks - Regional,1049.53,0.0,463.91,1212.84,126.24,13.46,46.64,1083.71,949.06,16843618.4,0.0,0.0,Bearish,27.0,"Above 200 DMA, RSI recovering",4.98,0.47,14.86,7.46,-4.68,-6.97,-2.48,5.15,21.83,53.0,"Positive 1M return, Positive 3M return, Positive 6M return, 6M Nifty outperformance, Positive across 1M/3M/6M",20.1,Neutral Range,68.33,945.9,1169.08,23.59,46.43,80.0% of closes stayed inside the range | Range width 23.6% | Currently 46.4% through the range,13.97,1.0,,21.82,257.19,290.76,121.94,,,667113.47,726892.22,38097.39,29734.43,11.5734,10.297,1.6754,1.63,0.385,998752.81,0.0,Banking,10.0,20.0,2.0,17.0,14.0,63.0,0.79,,,0.0,63.0,,40.6,3.0,Low volume participation,45.14,Neutral,"Above 200 DMA, RSI recovering, Positive 1M return, Positive 3M return, Positive 6M return, 6M Nifty outperformance, Positive across 1M/3M/6M, 80.0% of closes stayed inside the range | Range width 23.6% | Currently 46.4% through the range"
HFCL,Technology,Communication Equipment,116.03,0.0,55.45,170.76,109.25,32.05,84.39,79.42,73.88,48258893.3,0.0,0.0,Bullish,37.0,"Above 50 DMA, Above 200 DMA, Strong but overbought RSI",60.11,79.86,53.36,7.46,-4.68,-6.97,52.65,84.54,60.33,100.0,"Strong 1M absolute return, Strong 3M absolute return, Strong 6M absolute return, 1M Nifty outperformance, 3M Nifty outperformance, 6M Nifty outperformance, Positive across 1M/3M/6M",2.44,Profit Booking Zone,75.33,64.39,88.46,37.37,100.0,80.0% of closes stayed inside the range | Range width 37.4% | Currently 100.0% through the range,6.37,3.52,12.21,6.3,308.76,219.34,38.77,1.99,1.57,37.67,1896.33,-378.13,-723.44,57.8381,42.6,6.6817,5.0,0.926,33898.4,37.62,IT / Technology,6.0,20.0,14.0,0.0,7.0,47.0,1.0,,"Negative operating cash flow, Negative free cash flow",0.0,47.0,,40.83,12.0,"Low volume participation, Negative operating cash flow, Negative free cash flow",44.82,Weak,"Above 50 DMA, Above 200 DMA, Strong but overbought RSI, Strong 1M absolute return, Strong 3M absolute return, Strong 6M absolute return, 1M Nifty outperformance, 3M Nifty outperformance, 6M Nifty outperformance, Positive across 1M/3M/6M, 80.0% of closes stayed inside the range | Range width 37.4% | Currently 100.0% through the range"
CONCOR,Industrials,Railroads,507.3,0.0,420.17,1141.62,20.74,55.56,60.41,478.14,515.98,1363754.55,0.0,0.0,Bullish,40.0,"Above 50 DMA, Healthy RSI momentum, Near 52W low zone",14.46,3.21,-4.87,7.46,-4.68,-6.97,7.0,7.89,2.1,35.0,"Strong 1M absolute return, Positive 3M return, 1M Nifty outperformance",56.9,Profit Booking Zone,77.59,452.2,515.23,13.94,87.42,80.0% of closes stayed inside the range | Range width 13.9% | Currently 87.4% through the range,9.59,8.18,14.7,13.68,293.45,271.9,7.45,3.92,3.88,654.36,964.57,1482.23,333.21,31.2607,21.9481,3.0133,1.25,0.228,38998.65,39.47,Capital Goods / Infra,14.0,20.0,17.0,17.0,10.0,78.0,1.0,,,5.0,83.0,Strong order-book-driven revenue growth,52.61,11.0,"Below 200 DMA, Low volume participation",44.69,Weak,"Above 50 DMA, Healthy RSI momentum, Near 52W low zone, Strong 1M absolute return, Positive 3M return, 1M Nifty outperformance, 80.0% of closes stayed inside the range | Range width 13.9% | Currently 87.4% through the range"
ASTRAL,Industrials,Building Products & Equipment,1527.3,0.0,1227.05,2438.47,24.47,37.37,41.51,1611.05,1481.88,925177.1,0.0,0.0,Bearish,28.0,"Above 200 DMA, Weak but watchable RSI, Near 52W low zone",-2.59,5.29,5.58,7.46,-4.68,-6.97,-10.05,9.97,12.55,20.0,"Positive 3M return, Positive 6M return",79.31,Neutral Range,69.12,1405.87,1644.82,17.0,50.82,80.0% of closes stayed inside the range | Range width 17.0% | Currently 50.8% through the range,13.22,9.23,11.75,8.19,325.14,398.24,6.17,1.76,1.02,890.4,250.3,1117.0,657.9,73.3834,43.7432,9.6923,28.0,0.166,39330.39,39.36,Capital Goods / Infra,14.0,20.0,18.0,17.0,5.0,74.0,1.0,Cash covers debt,,5.0,79.0,Strong order-book-driven revenue growth,52.61,3.0,Low volume participation,44.54,Weak,"Above 200 DMA, Weak but watchable RSI, Near 52W low zone, Cash covers debt, Positive 3M return, Positive 6M return, 80.0% of closes stayed inside the range | Range width 17.0% | Currently 50.8% through the range"
COLPAL,Consumer Defensive,Household & Personal Products,2071.78,0.0,1327.04,3733.22,56.12,44.5,56.56,2025.07,2139.97,500335.05,0.0,0.0,Bullish,35.0,"Above 50 DMA, Healthy RSI momentum",15.19,-2.7,-5.1,7.46,-4.68,-6.97,7.73,1.98,1.87,25.0,"Strong 1M absolute return, 1M Nifty outperformance",58.0,Neutral Range,73.46,1892.7,2159.7,14.11,67.07,80.0% of closes stayed inside the range | Range width 14.1% | Currently 67.1% through the range,83.66,38.89,28.86,22.15,306.24,309.22,2.99,1.28,1.06,1426.04,47.41,1806.3,1729.84,40.4887,34.0636,34.4253,2.39,0.522,54533.12,68.93,FMCG / Consumer,25.0,20.0,16.0,17.0,7.0,85.0,1.0,"Strong ROE, Cash covers debt",,8.0,93.0,"Strong ROE for a consumer staples business, Low debt, typical of a healthy consumer business",47.4,11.0,"Below 200 DMA, Low volume participation",43.66,Weak,"Above 50 DMA, Healthy RSI momentum, Strong ROE, Cash covers debt, Strong 1M absolute return, 1M Nifty outperformance, 80.0% of closes stayed inside the range | Range width 14.1% | Currently 67.1% through the range"
HONAUT,Industrials,Electrical Equipment & Parts,30942.51,-1.73,26146.08,59548.55,18.34,48.04,53.38,29948.72,34328.02,7347.8,2138.0,0.29,Bullish,40.0,"Above 50 DMA, Healthy RSI momentum, Near 52W low zone",17.87,0.78,-15.4,7.46,-4.68,-6.97,10.41,5.46,-8.43,35.0,"Strong 1M absolute return, Positive 3M return, 1M Nifty outperformance",56.9,Lower Range Watch,72.34,28362.31,35395.92,24.8,36.68,80.0% of closes stayed inside the range | Range width 24.8% | Currently 36.7% through the range,11.76,8.43,12.59,11.22,300.32,333.17,2.48,3.52,3.39,564.7,110.5,492.6,459.6,60.9754,45.3198,7.4533,29.0,0.513,33283.77,38.95,Capital Goods / Infra,12.0,20.0,20.0,17.0,5.0,74.0,1.0,Cash covers debt,,5.0,79.0,Strong order-book-driven revenue growth,52.61,11.0,"Below 200 DMA, Low volume participation",43.29,Weak,"Above 50 DMA, Healthy RSI momentum, Near 52W low zone, Cash covers debt, Strong 1M absolute return, Positive 3M return, 1M Nifty outperformance, 80.0% of closes stayed inside the range | Range width 24.8% | Currently 36.7% through the range"
GROWW,Financial Services,Capital Markets,214.99,0.0,112.0,227.2,91.96,5.37,66.66,176.85,,65042706.2,0.0,0.0,Bullish,45.0,"Above 50 DMA, Healthy RSI momentum, Near 52W high momentum",33.08,24.94,,7.46,-4.68,-6.97,25.62,29.62,,60.0,"Strong 1M absolute return, Strong 3M absolute return, 1M Nifty outperformance, 3M Nifty outperformance",15.46,Profit Booking Zone,77.0,149.33,197.22,32.07,100.0,79.3% of closes stayed inside the range | Range width 32.1% | Currently 100.0% through the range,21.58,11.23,57.72,48.78,251.16,280.85,3.03,1.64,,1165.47,292.23,-20.6,-32.68,49.9443,30.9158,12.6364,,,122147.43,100.0,Financial Services,22.0,20.0,16.0,0.0,5.0,63.0,0.86,"Strong ROE, Cash covers debt","Negative operating cash flow, Negative free cash flow",2.0,65.0,"Strong ROE for a leveraged-balance-sheet business, Expensive relative to book value for this sector",40.6,12.0,"Low volume participation, Negative operating cash flow, Negative free cash flow",43.09,Weak,"Above 50 DMA, Healthy RSI momentum, Near 52W high momentum, Strong ROE, Cash covers debt, Strong 1M absolute return, Strong 3M absolute return, 1M Nifty outperformance, 3M Nifty outperformance, 79.3% of closes stayed inside the range | Range width 32.1% | Currently 100.0% through the range"
HAL,Industrials,Aerospace & Defense,4330.03,0.0,1047.95,5542.24,313.19,21.87,62.74,4021.01,4387.04,1077735.5,0.0,0.0,Bullish,35.0,"Above 50 DMA, Healthy RSI momentum",18.2,-5.39,-7.4,7.46,-4.68,-6.97,10.74,-0.71,-0.43,25.0,"Strong 1M absolute return, 1M Nifty outperformance",71.84,Neutral Range,72.89,3882.43,4555.68,17.34,66.48,80.0% of closes stayed inside the range | Range width 17.3% | Currently 66.5% through the range,22.21,6.88,27.37,28.67,312.94,388.33,0.03,2.61,1.92,3767.66,10.97,10906.38,8357.23,36.6014,29.4868,8.1395,41.0,0.502,334053.09,51.85,Capital Goods / Infra,20.0,20.0,20.0,17.0,7.0,84.0,1.0,"Strong ROE, Cash covers debt",,5.0,89.0,Strong order-book-driven revenue growth,52.61,11.0,"Below 200 DMA, Low volume participation",43.04,Weak,"Above 50 DMA, Healthy RSI momentum, Strong ROE, Cash covers debt, Strong 1M absolute return, 1M Nifty outperformance, 80.0% of closes stayed inside the range | Range width 17.3% | Currently 66.5% through the range"
ABB,Industrials,Specialty Industrial Machinery,7145.88,0.0,2557.9,8922.81,179.37,19.91,64.37,6345.4,5449.62,462778.0,0.0,0.0,Bullish,50.0,"Above 50 DMA, Above 200 DMA, Healthy RSI momentum",19.74,43.94,40.27,7.46,-4.68,-6.97,12.28,48.62,47.24,100.0,"Strong 1M absolute return, Strong 3M absolute return, Strong 6M absolute return, 1M Nifty outperformance, 3M Nifty outperformance, 6M Nifty outperformance, Positive across 1M/3M/6M",5.75,Profit Booking Zone,77.9,4886.9,6766.39,38.46,100.0,80.0% of closes stayed inside the range | Range width 38.5% | Currently 100.0% through the range,,,11.57,56.4,-75.8,6.92,,,,,,,,102.0381,73.5122,17.5008,52.0,0.486,163381.35,37.28,Capital Goods / Infra,9.0,2.0,0.0,0.0,5.0,16.0,0.5,,"Revenue contraction, Very high PE",0.0,16.0,,52.61,8.0,"Low volume participation, Revenue contraction",42.99,Weak,"Above 50 DMA, Above 200 DMA, Healthy RSI momentum, Strong 1M absolute return, Strong 3M absolute return, Strong 6M absolute return, 1M Nifty outperformance, 3M Nifty outperformance, 6M Nifty outperformance, Positive across 1M/3M/6M, 80.0% of closes stayed inside the range | Range width 38.5% | Currently 100.0% through the range"
JSWENERGY,Utilities,Utilities - Independent Power Producers,559.25,0.0,200.89,799.01,178.39,30.01,61.88,506.09,506.8,4107760.7,0.0,0.0,Bullish,50.0,"Above 50 DMA, Above 200 DMA, Healthy RSI momentum",15.9,25.75,4.62,7.46,-4.68,-6.97,8.44,30.43,11.59,80.0,"Strong 1M absolute return, Strong 3M absolute return, Positive 6M return, 1M Nifty outperformance, 3M Nifty outperformance, Positive across 1M/3M/6M",47.5,Profit Booking Zone,81.67,465.86,527.72,13.28,100.0,80.0% of closes stayed inside the range | Range width 13.3% | Currently 100.0% through the range,7.28,1.8,38.4,11.98,357.94,433.25,250.22,0.76,0.71,4142.45,76946.36,9898.31,-412.16,43.9269,32.8867,3.191,36.0,0.133,102383.84,66.89,Energy / Utilities,9.0,20.0,0.0,9.0,9.0,47.0,1.0,,"Very high debt, Negative free cash flow",0.0,47.0,,59.18,15.0,"Low volume participation, Very high debt, Negative free cash flow",42.83,Weak,"Above 50 DMA, Above 200 DMA, Healthy RSI momentum, Strong 1M absolute return, Strong 3M absolute return, Positive 6M return, 1M Nifty outperformance, 3M Nifty outperformance, Positive across 1M/3M/6M, 80.0% of closes stayed inside the range | Range width 13.3% | Currently 100.0% through the range"
INDUSTOWER,Communication Services,Telecom Services,395.08,0.0,130.25,464.04,203.33,14.86,42.87,419.0,385.34,5946629.0,0.0,0.0,Bearish,23.0,"Above 200 DMA, Weak but watchable RSI",-3.14,-3.61,6.23,7.46,-4.68,-6.97,-10.6,1.07,13.2,10.0,Positive 6M return,66.67,Accumulation Zone,74.8,387.61,442.7,14.21,13.56,80.8% of closes stayed inside the range | Range width 14.2% | Currently 13.6% through the range,18.02,10.02,33.34,21.99,298.87,302.33,53.29,1.72,1.72,47.3,21126.9,15684.0,7058.2,14.1424,12.5435,2.4433,3.79,0.05,101110.34,55.94,Telecom,22.0,20.0,11.0,17.0,15.0,85.0,1.0,Strong ROE,,4.0,89.0,"General quality ROE, General low-debt support",42.26,3.0,Low volume participation,42.74,Weak,"Above 200 DMA, Weak but watchable RSI, Strong ROE, Positive 6M return, 80.8% of closes stayed inside the range | Range width 14.2% | Currently 13.6% through the range"
MEDANTA,Healthcare,Medical Care Facilities,1116.85,-2.25,406.36,1512.82,174.84,26.17,56.17,1084.91,1220.35,176622.5,276545.0,1.57,Bullish,45.0,"Above 50 DMA, Healthy RSI momentum, Volume expansion",16.25,7.13,-17.14,7.46,-4.68,-6.97,8.79,11.81,-10.17,50.0,"Strong 1M absolute return, Positive 3M return, 1M Nifty outperformance, 3M Nifty outperformance",45.0,Lower Range Watch,73.31,1033.66,1224.4,18.45,43.62,80.0% of closes stayed inside the range | Range width 18.5% | Currently 43.6% through the range,14.05,9.42,15.79,12.62,293.41,485.61,30.04,2.67,2.54,127.33,1190.05,714.39,-264.2,67.6456,41.3212,9.4493,3.0,0.14,37445.97,52.79,Pharma / Healthcare,16.0,20.0,15.0,9.0,5.0,65.0,1.0,,Negative free cash flow,2.0,67.0,General low-debt support,50.08,12.0,"Below 200 DMA, Negative free cash flow",42.71,Weak,"Above 50 DMA, Healthy RSI momentum, Volume expansion, Strong 1M absolute return, Positive 3M return, 1M Nifty outperformance, 3M Nifty outperformance, 80.0% of closes stayed inside the range | Range width 18.5% | Currently 43.6% through the range"
ADANIGREEN,Utilities,Utilities - Renewable,1227.15,0.0,439.1,2572.0,179.47,52.29,76.23,987.1,996.31,6315426.45,0.0,0.0,Bullish,37.0,"Above 50 DMA, Above 200 DMA, Strong but overbought RSI",44.04,49.13,22.2,7.46,-4.68,-6.97,36.58,53.81,29.17,95.0,"Strong 1M absolute return, Strong 3M absolute return, Positive 6M return, 1M Nifty outperformance, 3M Nifty outperformance, 6M Nifty outperformance, Positive across 1M/3M/6M",25.0,Profit Booking Zone,76.65,854.12,1098.34,28.59,100.0,80.0% of closes stayed inside the range | Range width 28.6% | Currently 100.0% through the range,8.27,1.15,60.67,13.4,406.62,4129.27,508.09,0.57,0.56,1735.0,101440.0,10135.0,-15962.0,131.5202,42.438,11.3765,,1.083,219453.29,94.69,Energy / Utilities,13.0,20.0,0.0,9.0,3.0,45.0,0.93,,"Very high debt, Negative free cash flow, Very high PE",0.0,45.0,,59.18,15.0,"Low volume participation, Very high debt, Negative free cash flow",42.63,Weak,"Above 50 DMA, Above 200 DMA, Strong but overbought RSI, Strong 1M absolute return, Strong 3M absolute return, Positive 6M return, 1M Nifty outperformance, 3M Nifty outperformance, 6M Nifty outperformance, Positive across 1M/3M/6M, 80.0% of closes stayed inside the range | Range width 28.6% | Currently 100.0% through the range"
PFC,Financial Services,Credit Services,444.24,0.0,66.83,531.48,564.77,16.41,52.82,419.0,386.14,9388792.0,0.0,0.0,Bullish,50.0,"Above 50 DMA, Above 200 DMA, Healthy RSI momentum",12.75,19.15,16.85,7.46,-4.68,-6.97,5.29,23.83,23.82,85.0,"Strong 1M absolute return, Positive 3M return, Positive 6M return, 1M Nifty outperformance, 3M Nifty outperformance, 6M Nifty outperformance, Positive across 1M/3M/6M",11.34,Profit Booking Zone,79.32,341.96,440.99,28.96,100.0,80.0% of closes stayed inside the range | Range width 29.0% | Currently 100.0% through the range,19.49,2.08,259.87,59.96,289.56,311.62,762.08,,,2736.63,1012503.46,-4504.5,-4841.62,4.8263,4.1648,0.9351,4.09,0.639,124248.82,99.22,Financial Services,18.0,20.0,0.0,0.0,15.0,53.0,0.86,Strong ROE,"Very high debt, Negative operating cash flow, Negative free cash flow",12.0,65.0,"High leverage is structural for this sector, Strong ROE for a leveraged-balance-sheet business",40.6,20.0,"Low volume participation, Very high debt, Negative operating cash flow, Negative free cash flow",42.59,Weak,"Above 50 DMA, Above 200 DMA, Healthy RSI momentum, Strong ROE, Strong 1M absolute return, Positive 3M return, Positive 6M return, 1M Nifty outperformance, 3M Nifty outperformance, 6M Nifty outperformance, Positive across 1M/3M/6M, 80.0% of closes stayed inside the range | Range width 29.0% | Currently 100.0% through the range"
STARHEALTH,Financial Services,Insurance - Life,525.65,0.0,327.3,780.0,60.6,32.61,70.16,474.4,463.11,799578.35,0.0,0.0,Bullish,37.0,"Above 50 DMA, Above 200 DMA, Strong but overbought RSI",11.86,19.32,6.27,7.46,-4.68,-6.97,4.4,24.0,13.24,60.0,"Strong 1M absolute return, Positive 3M return, Positive 6M return, 3M Nifty outperformance, Positive across 1M/3M/6M",15.46,Profit Booking Zone,79.77,444.55,507.85,14.24,100.0,80.8% of closes stayed inside the range | Range width 14.2% | Currently 100.0% through the range,7.38,2.31,4.51,3.07,297.42,334.39,6.22,,,1443.56,470.0,,1795.34,51.433,20.1468,3.3841,,0.197,34318.63,21.95,Financial Services,0.0,20.0,12.0,8.0,7.0,47.0,0.71,Cash covers debt,,-5.0,42.0,Weak ROE for a leveraged-balance-sheet business,40.6,3.0,Low volume participation,42.04,Weak,"Above 50 DMA, Above 200 DMA, Strong but overbought RSI, Cash covers debt, Strong 1M absolute return, Positive 3M return, Positive 6M return, 3M Nifty outperformance, Positive across 1M/3M/6M, 80.8% of closes stayed inside the range | Range width 14.2% | Currently 100.0% through the range"
VOLTAS,Consumer Cyclical,"Furnishings, Fixtures & Appliances",1425.92,0.0,724.31,1928.05,96.87,26.04,52.21,1415.77,1386.16,1346535.15,0.0,0.0,Bullish,50.0,"Above 50 DMA, Above 200 DMA, Healthy RSI momentum",14.46,4.19,0.14,7.46,-4.68,-6.97,7.0,8.87,7.11,55.0,"Strong 1M absolute return, Positive 3M return, Positive 6M return, 1M Nifty outperformance, Positive across 1M/3M/6M",21.88,Neutral Range,75.34,1299.55,1508.19,16.06,60.57,80.0% of closes stayed inside the range | Range width 16.1% | Currently 60.6% through the range,5.9,2.59,4.27,2.66,362.63,342.47,15.57,1.37,0.91,755.1,992.48,70.97,-61.77,113.2572,38.3226,6.6943,31.0,0.138,42684.13,22.23,Consumer Discretionary,0.0,20.0,11.0,9.0,5.0,45.0,1.0,,"Negative free cash flow, Very high PE",2.0,47.0,General low-debt support,42.06,7.0,"Low volume participation, Negative free cash flow",42.01,Weak,"Above 50 DMA, Above 200 DMA, Healthy RSI momentum, Strong 1M absolute return, Positive 3M return, Positive 6M return, 1M Nifty outperformance, Positive across 1M/3M/6M, 80.0% of closes stayed inside the range | Range width 16.1% | Currently 60.6% through the range"
ADANIENT,Energy,Thermal Coal,2407.32,0.0,1015.6,4182.39,137.03,42.44,74.44,2094.18,2286.13,2572929.45,0.0,0.0,Bullish,37.0,"Above 50 DMA, Above 200 DMA, Strong but overbought RSI",30.71,20.74,-3.45,7.46,-4.68,-6.97,23.25,25.42,3.52,60.0,"Strong 1M absolute return, Strong 3M absolute return, 1M Nifty outperformance, 3M Nifty outperformance",33.33,Profit Booking Zone,77.54,1956.36,2399.05,22.63,100.0,80.0% of closes stayed inside the range | Range width 22.6% | Currently 100.0% through the range,11.54,3.57,8.42,9.31,303.98,65.98,131.75,1.04,0.72,6266.67,106621.79,2356.91,-31012.21,52.0792,44.307,4.7693,4.0,0.808,424857.17,43.31,Metals / Mining,5.0,20.0,4.0,9.0,9.0,47.0,1.0,,Negative free cash flow,0.0,47.0,,46.78,7.0,"Low volume participation, Negative free cash flow",40.72,Weak,"Above 50 DMA, Above 200 DMA, Strong but overbought RSI, Strong 1M absolute return, Strong 3M absolute return, 1M Nifty outperformance, 3M Nifty outperformance, 80.0% of closes stayed inside the range | Range width 22.6% | Currently 100.0% through the range"
HINDUNILVR,Consumer Defensive,Household & Personal Products,2228.24,0.0,2002.14,2916.05,11.29,23.59,52.2,2192.66,2370.65,2372161.45,0.0,0.0,Bullish,40.0,"Above 50 DMA, Healthy RSI momentum, Near 52W low zone",9.02,-5.36,-9.15,7.46,-4.68,-6.97,1.56,-0.68,-2.18,8.0,Positive 1M return,88.0,Lower Range Watch,73.56,2113.15,2403.32,13.73,39.66,80.0% of closes stayed inside the range | Range width 13.7% | Currently 39.7% through the range,30.86,18.86,21.52,23.59,292.75,127.64,3.03,1.22,0.92,2583.0,1478.0,10999.0,9638.0,45.875,38.7544,9.9452,2.13,0.332,484720.67,50.37,FMCG / Consumer,24.0,20.0,14.0,17.0,7.0,82.0,1.0,"Strong ROE, Cash covers debt",,8.0,90.0,"Strong ROE for a consumer staples business, Low debt, typical of a healthy consumer business",47.4,11.0,"Below 200 DMA, Low volume participation",39.61,Weak,"Above 50 DMA, Healthy RSI momentum, Near 52W low zone, Strong ROE, Cash covers debt, Positive 1M return, 80.0% of closes stayed inside the range | Range width 13.7% | Currently 39.7% through the range"
LENSKART,Healthcare,Medical Instruments & Supplies,515.95,0.0,356.1,557.65,44.89,7.48,47.49,512.99,,2244249.85,0.0,0.0,Bullish,27.0,"Above 50 DMA, RSI recovering",2.81,18.16,,7.46,-4.68,-6.97,-4.65,22.84,,33.0,"Positive 1M return, Positive 3M return, 3M Nifty outperformance",59.0,Profit Booking Zone,72.51,408.29,528.15,29.36,89.82,79.7% of closes stayed inside the range | Range width 29.4% | Currently 89.8% through the range,5.65,3.42,8.82,5.62,280.89,276.72,35.44,2.26,1.85,973.3,3096.6,1669.59,841.13,202.9239,90.5133,11.6533,,,101540.31,68.39,Pharma / Healthcare,0.0,20.0,15.0,17.0,3.0,55.0,0.93,,Very high PE,2.0,57.0,General low-debt support,50.08,3.0,Low volume participation,39.46,Weak,"Above 50 DMA, RSI recovering, Positive 1M return, Positive 3M return, 3M Nifty outperformance, 79.7% of closes stayed inside the range | Range width 29.4% | Currently 89.8% through the range"
MANKIND,Healthcare,Drug Manufacturers - Specialty & Generic,2246.7,-0.45,1241.51,3053.6,80.97,26.42,63.77,2121.53,2306.34,472631.95,187564.0,0.4,Bullish,35.0,"Above 50 DMA, Healthy RSI momentum",12.01,7.28,-7.03,7.46,-4.68,-6.97,4.55,11.96,-0.06,40.0,"Strong 1M absolute return, Positive 3M return, 3M Nifty outperformance",52.0,Profit Booking Zone,78.05,2040.04,2259.13,10.74,94.33,80.0% of closes stayed inside the range | Range width 10.7% | Currently 94.3% through the range,11.74,6.81,19.86,13.4,300.25,368.0,38.72,1.07,0.74,391.69,6311.54,3121.29,2384.05,49.1833,34.567,6.1622,8.0,0.46,100486.05,70.76,Pharma / Healthcare,14.0,20.0,9.0,17.0,7.0,67.0,1.0,,,2.0,69.0,General low-debt support,50.08,11.0,"Below 200 DMA, Low volume participation",39.41,Weak,"Above 50 DMA, Healthy RSI momentum, Strong 1M absolute return, Positive 3M return, 3M Nifty outperformance, 80.0% of closes stayed inside the range | Range width 10.7% | Currently 94.3% through the range"
BERGEPAINT,Basic Materials,Specialty Chemicals,469.55,0.0,388.17,665.9,20.97,29.49,60.36,441.25,510.2,239119.65,0.0,0.0,Bullish,40.0,"Above 50 DMA, Healthy RSI momentum, Near 52W low zone",13.24,-1.2,-13.18,7.46,-4.68,-6.97,5.78,3.48,-6.21,25.0,"Strong 1M absolute return, 1M Nifty outperformance",64.41,Lower Range Watch,71.19,419.49,556.35,32.63,36.58,80.0% of closes stayed inside the range | Range width 32.6% | Currently 36.6% through the range,16.29,11.2,12.6,9.56,295.1,315.57,9.18,2.12,1.18,207.24,635.13,1540.04,1022.07,51.2637,43.1943,9.4377,75.0,0.449,65272.83,40.89,Chemicals,14.0,20.0,16.0,17.0,7.0,74.0,1.0,,,2.0,76.0,General low-debt support,50.01,11.0,"Below 200 DMA, Low volume participation",39.35,Weak,"Above 50 DMA, Healthy RSI momentum, Near 52W low zone, Strong 1M absolute return, 1M Nifty outperformance, 80.0% of closes stayed inside the range | Range width 32.6% | Currently 36.6% through the range"
GLAND,Healthcare,Drug Manufacturers - Specialty & Generic,1737.67,0.0,838.01,2537.39,107.36,31.52,51.23,1721.68,1813.68,96302.0,0.0,0.0,Bullish,35.0,"Above 50 DMA, Healthy RSI momentum",2.63,3.62,-8.72,7.46,-4.68,-6.97,-4.83,8.3,-1.75,18.0,"Positive 1M return, Positive 3M return",75.0,Neutral Range,71.91,1652.29,1837.14,11.19,46.19,80.0% of closes stayed inside the range | Range width 11.2% | Currently 46.2% through the range,9.92,8.21,18.84,16.04,277.67,292.89,2.74,4.68,3.6,3359.08,283.59,1031.39,536.96,42.2505,29.9428,4.5988,77.0,0.566,47695.16,59.05,Pharma / Healthcare,16.0,20.0,20.0,17.0,9.0,82.0,1.0,Cash covers debt,,2.0,84.0,General low-debt support,50.08,11.0,"Below 200 DMA, Low volume participation",39.16,Weak,"Above 50 DMA, Healthy RSI momentum, Cash covers debt, Positive 1M return, Positive 3M return, 80.0% of closes stayed inside the range | Range width 11.2% | Currently 46.2% through the range"
CANBK,Financial Services,Banks - Regional,130.35,0.0,36.32,157.69,258.88,17.34,42.52,136.6,129.78,20216192.75,0.0,0.0,Bearish,23.0,"Above 200 DMA, Weak but watchable RSI",5.77,-14.64,3.59,7.46,-4.68,-6.97,-1.69,-9.96,10.56,18.0,"Positive 1M return, Positive 6M return",63.4,Accumulation Zone,75.81,130.38,149.36,14.56,0.0,80.0% of closes stayed inside the range | Range width 14.6% | Currently 0.0% through the range,16.74,1.04,,30.71,518.23,275.09,102.38,,,206330.43,120507.66,7941.94,6652.17,5.9486,5.6696,1.0172,3.22,0.503,119732.59,0.0,Banking,10.0,20.0,5.0,17.0,15.0,67.0,0.79,Cash covers debt,,6.0,73.0,Strong ROE for a leveraged-balance-sheet business,40.6,3.0,Low volume participation,38.89,Weak,"Above 200 DMA, Weak but watchable RSI, Cash covers debt, Positive 1M return, Positive 6M return, 80.0% of closes stayed inside the range | Range width 14.6% | Currently 0.0% through the range"
LODHA,Real Estate,Real Estate - Development,894.76,0.0,352.0,1635.9,154.19,45.3,58.96,873.14,1087.12,3494434.8,0.0,0.0,Bullish,35.0,"Above 50 DMA, Healthy RSI momentum",31.01,-3.36,-23.19,7.46,-4.68,-6.97,23.55,1.32,-16.22,25.0,"Strong 1M absolute return, 1M Nifty outperformance",80.0,Accumulation Zone,70.57,812.99,1160.84,42.79,23.51,80.0% of closes stayed inside the range | Range width 42.8% | Currently 23.5% through the range,14.72,5.82,28.9,21.04,248.66,258.26,42.5,1.75,0.46,2702.6,9896.0,959.3,709.1,29.4089,24.8976,5.1863,35.0,0.623,120770.28,43.66,Cement / Realty,18.0,20.0,11.0,17.0,11.0,77.0,1.0,,,2.0,79.0,General low-debt support,45.08,11.0,"Below 200 DMA, Low volume participation",38.41,Weak,"Above 50 DMA, Healthy RSI momentum, Strong 1M absolute return, 1M Nifty outperformance, 80.0% of closes stayed inside the range | Range width 42.8% | Currently 23.5% through the range"
KPRMILL,Consumer Cyclical,Textile Manufacturing,934.55,0.0,468.75,1379.22,99.37,32.24,64.58,876.98,979.89,282495.7,0.0,0.0,Bullish,35.0,"Above 50 DMA, Healthy RSI momentum",11.85,1.34,-12.18,7.46,-4.68,-6.97,4.39,6.02,-5.21,25.0,"Strong 1M absolute return, Positive 3M return",53.91,Lower Range Watch,69.73,830.8,1074.24,29.3,42.62,80.0% of closes stayed inside the range | Range width 29.3% | Currently 42.6% through the range,15.21,12.68,17.04,13.59,353.46,315.39,10.46,4.37,2.45,63.86,596.14,1107.84,793.02,40.8671,29.9392,6.5314,46.0,0.283,37290.43,37.35,Consumer Discretionary,17.0,20.0,17.0,17.0,7.0,78.0,1.0,,,2.0,80.0,General low-debt support,42.06,11.0,"Below 200 DMA, Low volume participation",38.31,Weak,"Above 50 DMA, Healthy RSI momentum, Strong 1M absolute return, Positive 3M return, 80.0% of closes stayed inside the range | Range width 29.3% | Currently 42.6% through the range"
APLAPOLLO,Basic Materials,Steel,1905.0,0.0,928.18,2301.4,105.24,17.22,38.96,2052.77,1845.77,620342.65,0.0,0.0,Bearish,23.0,"Above 200 DMA, Weak but watchable RSI",-1.54,-8.9,7.2,7.46,-4.68,-6.97,-9.0,-4.22,14.17,10.0,Positive 6M return,72.88,Lower Range Watch,68.53,1735.89,2204.44,26.99,36.09,80.0% of closes stayed inside the range | Range width 27.0% | Currently 36.1% through the range,22.71,13.62,7.02,5.37,296.27,288.04,9.4,1.34,0.84,644.18,497.65,2103.19,1406.87,45.1016,31.4255,10.471,29.0,0.301,55451.16,15.61,Metals / Mining,11.0,20.0,14.0,17.0,7.0,69.0,1.0,"Strong ROE, Cash covers debt",,4.0,73.0,"General quality ROE, General low-debt support",50.01,3.0,Low volume participation,38.3,Weak,"Above 200 DMA, Weak but watchable RSI, Strong ROE, Cash covers debt, Positive 6M return, 80.0% of closes stayed inside the range | Range width 27.0% | Currently 36.1% through the range"
GAIL,Utilities,Utilities - Regulated Gas,163.23,0.0,72.05,228.83,126.54,28.67,61.73,155.44,166.12,11753707.3,0.0,0.0,Bullish,35.0,"Above 50 DMA, Healthy RSI momentum",16.04,0.11,-5.68,7.46,-4.68,-6.97,8.58,4.79,1.29,35.0,"Strong 1M absolute return, Positive 3M return, 1M Nifty outperformance",90.0,Neutral Range,71.03,147.55,175.66,19.05,55.79,80.0% of closes stayed inside the range | Range width 19.1% | Currently 55.8% through the range,8.51,5.4,5.42,5.35,302.57,331.76,27.89,0.85,0.63,959.23,24831.49,11248.65,2442.36,11.6689,9.7283,1.3128,3.14,0.515,117003.53,18.75,Energy / Utilities,4.0,20.0,7.0,17.0,15.0,63.0,1.0,,,2.0,65.0,General low-debt support,59.18,11.0,"Below 200 DMA, Low volume participation",38.13,Weak,"Above 50 DMA, Healthy RSI momentum, Strong 1M absolute return, Positive 3M return, 1M Nifty outperformance, 80.0% of closes stayed inside the range | Range width 19.1% | Currently 55.8% through the range"
EXIDEIND,Consumer Cyclical,Auto Parts,358.83,0.0,149.41,611.9,140.16,41.36,67.96,321.51,362.35,3226185.85,0.0,0.0,Bullish,35.0,"Above 50 DMA, Healthy RSI momentum",20.24,12.27,-5.29,7.46,-4.68,-6.97,12.78,16.95,1.68,50.0,"Strong 1M absolute return, Positive 3M return, 1M Nifty outperformance, 3M Nifty outperformance",32.81,Profit Booking Zone,73.2,301.13,376.71,25.1,76.34,80.0% of closes stayed inside the range | Range width 25.1% | Currently 76.3% through the range,6.14,4.03,7.35,4.77,326.32,340.28,11.33,1.22,0.53,250.81,1575.4,2413.16,1260.53,44.044,26.4992,2.9993,41.0,0.552,41705.25,31.41,Automobile,0.0,20.0,11.0,17.0,11.0,59.0,1.0,,,2.0,61.0,General low-debt support,42.06,11.0,"Below 200 DMA, Low volume participation",37.91,Weak,"Above 50 DMA, Healthy RSI momentum, Strong 1M absolute return, Positive 3M return, 1M Nifty outperformance, 3M Nifty outperformance, 80.0% of closes stayed inside the range | Range width 25.1% | Currently 76.3% through the range"
ASIANPAINT,Basic Materials,Specialty Chemicals,2423.47,0.0,2083.96,3454.02,16.29,29.84,55.91,2315.69,2500.45,1378557.55,0.0,0.0,Bullish,40.0,"Above 50 DMA, Healthy RSI momentum, Near 52W low zone",9.83,-2.68,-2.43,7.46,-4.68,-6.97,2.37,2.0,4.54,8.0,Positive 1M return,84.75,Lower Range Watch,72.03,2202.05,2854.35,29.62,33.94,80.0% of closes stayed inside the range | Range width 29.6% | Currently 33.9% through the range,20.24,12.52,15.78,12.17,301.6,308.1,18.38,2.21,1.58,672.83,3928.93,7088.18,5600.86,55.0311,45.2244,12.2976,1.01,0.289,262668.52,43.53,Chemicals,19.0,20.0,17.0,17.0,6.0,79.0,1.0,Strong ROE,,4.0,83.0,"General quality ROE, General low-debt support",50.01,11.0,"Below 200 DMA, Low volume participation",37.55,Weak,"Above 50 DMA, Healthy RSI momentum, Near 52W low zone, Strong ROE, Positive 1M return, 80.0% of closes stayed inside the range | Range width 29.6% | Currently 33.9% through the range"
BDL,Industrials,Aerospace & Defense,1364.1,0.0,383.25,2088.32,255.93,34.68,54.72,1297.37,1456.93,1391920.9,0.0,0.0,Bullish,35.0,"Above 50 DMA, Healthy RSI momentum",13.31,-12.81,-9.79,7.46,-4.68,-6.97,5.85,-8.13,-2.82,25.0,"Strong 1M absolute return, 1M Nifty outperformance",71.84,Lower Range Watch,70.99,1249.27,1527.6,22.28,41.26,80.0% of closes stayed inside the range | Range width 22.3% | Currently 41.3% through the range,9.91,2.95,6.1,17.4,340.31,476.42,0.01,2.01,1.28,863.31,0.32,604.0,375.25,113.6556,43.4794,11.5734,39.0,0.326,49119.37,49.94,Capital Goods / Infra,7.0,20.0,19.0,17.0,5.0,68.0,1.0,Cash covers debt,Very high PE,5.0,73.0,Strong order-book-driven revenue growth,52.61,11.0,"Below 200 DMA, Low volume participation",37.44,Weak,"Above 50 DMA, Healthy RSI momentum, Cash covers debt, Strong 1M absolute return, 1M Nifty outperformance, 80.0% of closes stayed inside the range | Range width 22.3% | Currently 41.3% through the range"
COCHINSHIP,Industrials,Aerospace & Defense,1733.4,0.0,154.78,2941.12,1019.94,41.06,70.87,1466.5,1636.21,2725810.2,0.0,0.0,Bullish,37.0,"Above 50 DMA, Above 200 DMA, Strong but overbought RSI",29.49,7.06,-3.83,7.46,-4.68,-6.97,22.03,11.74,3.14,50.0,"Strong 1M absolute return, Positive 3M return, 1M Nifty outperformance, 3M Nifty outperformance",48.85,Profit Booking Zone,77.25,1361.22,1695.98,24.59,100.0,80.0% of closes stayed inside the range | Range width 24.6% | Currently 100.0% through the range,12.2,4.93,13.57,14.27,271.88,395.42,28.47,1.33,1.04,105.39,1671.75,-1234.08,-1385.24,55.3066,34.0724,6.7461,89.0,0.582,39619.97,34.96,Capital Goods / Infra,12.0,20.0,11.0,0.0,7.0,50.0,1.0,,"Negative operating cash flow, Negative free cash flow",5.0,55.0,Strong order-book-driven revenue growth,52.61,12.0,"Low volume participation, Negative operating cash flow, Negative free cash flow",36.89,Weak,"Above 50 DMA, Above 200 DMA, Strong but overbought RSI, Strong 1M absolute return, Positive 3M return, 1M Nifty outperformance, 3M Nifty outperformance, 80.0% of closes stayed inside the range | Range width 24.6% | Currently 100.0% through the range"
TRENT,Consumer Cyclical,Apparel Retail,2758.99,0.0,1150.98,8327.88,139.71,66.87,55.89,2576.09,3919.81,2402647.15,0.0,0.0,Bullish,35.0,"Above 50 DMA, Healthy RSI momentum",17.53,7.26,-41.53,7.46,-4.68,-6.97,10.07,11.94,-34.56,50.0,"Strong 1M absolute return, Positive 3M return, 1M Nifty outperformance, 3M Nifty outperformance",32.81,Accumulation Zone,66.09,2412.61,4287.91,77.73,18.47,80.0% of closes stayed inside the range | Range width 77.7% | Currently 18.5% through the range,24.62,14.66,11.98,8.66,271.37,235.36,36.67,1.26,0.55,281.36,2561.25,2667.62,904.77,88.5037,58.9539,22.8036,13.0,0.384,159276.48,43.01,Consumer Discretionary,17.0,20.0,9.0,17.0,5.0,68.0,1.0,Strong ROE,Very high PE,4.0,72.0,"General quality ROE, General low-debt support",42.06,16.0,"Below 200 DMA, Far from 52W high, Low volume participation",36.76,Weak,"Above 50 DMA, Healthy RSI momentum, Strong ROE, Strong 1M absolute return, Positive 3M return, 1M Nifty outperformance, 3M Nifty outperformance, 80.0% of closes stayed inside the range | Range width 77.7% | Currently 18.5% through the range"
TECHM,Technology,Information Technology Services,1436.18,0.0,859.95,1807.04,67.01,20.52,55.19,1378.03,1457.99,2572601.9,0.0,0.0,Bullish,35.0,"Above 50 DMA, Healthy RSI momentum",4.91,-16.42,1.8,7.46,-4.68,-6.97,-2.55,-11.74,8.77,18.0,"Positive 1M return, Positive 6M return",51.22,Lower Range Watch,71.05,1316.84,1607.31,22.06,41.08,80.0% of closes stayed inside the range | Range width 22.1% | Currently 41.1% through the range,16.24,9.74,13.0,8.47,294.74,328.78,7.38,1.9,1.89,5046.1,2186.2,6172.0,5476.3,28.4091,18.707,4.8593,3.1,0.162,143950.49,35.76,IT / Technology,14.0,20.0,19.0,17.0,11.0,81.0,1.0,Cash covers debt,,0.0,81.0,,40.83,11.0,"Below 200 DMA, Low volume participation",36.72,Weak,"Above 50 DMA, Healthy RSI momentum, Cash covers debt, Positive 1M return, Positive 6M return, 80.0% of closes stayed inside the range | Range width 22.1% | Currently 41.1% through the range"
LTTS,Technology,Information Technology Services,3585.87,0.0,2976.44,5836.77,20.48,38.56,59.22,3329.46,3961.13,123586.7,0.0,0.0,Bullish,40.0,"Above 50 DMA, Healthy RSI momentum, Near 52W low zone",9.09,-5.99,-12.29,7.46,-4.68,-6.97,1.63,-1.31,-5.32,8.0,Positive 1M return,69.51,Accumulation Zone,71.55,3234.83,4490.1,38.8,27.96,80.0% of closes stayed inside the range | Range width 38.8% | Currently 28.0% through the range,19.76,12.2,14.46,11.63,276.12,322.74,8.94,2.28,2.27,1649.7,578.5,1455.1,1270.0,29.6906,22.045,5.8609,1.59,0.154,37964.09,40.76,IT / Technology,17.0,20.0,20.0,17.0,10.0,84.0,1.0,"Strong ROE, Cash covers debt",,0.0,84.0,,40.83,11.0,"Below 200 DMA, Low volume participation",36.52,Weak,"Above 50 DMA, Healthy RSI momentum, Near 52W low zone, Strong ROE, Cash covers debt, Positive 1M return, 80.0% of closes stayed inside the range | Range width 38.8% | Currently 28.0% through the range"
DLF,Real Estate,Real Estate - Development,579.72,0.0,325.47,943.27,78.12,38.54,53.08,569.0,684.98,4502793.85,0.0,0.0,Bullish,35.0,"Above 50 DMA, Healthy RSI momentum",15.15,-6.16,-24.17,7.46,-4.68,-6.97,7.69,-1.48,-17.2,25.0,"Strong 1M absolute return, 1M Nifty outperformance",80.0,Accumulation Zone,71.83,535.97,716.93,33.76,24.18,80.0% of closes stayed inside the range | Range width 33.8% | Currently 24.2% through the range,9.71,5.9,16.38,56.33,287.96,266.86,0.67,1.54,0.58,299.11,305.89,6347.38,6218.19,36.8868,25.8892,3.6022,1.23,0.386,163803.75,46.51,Cement / Realty,13.0,20.0,13.0,17.0,8.0,71.0,1.0,,,2.0,73.0,General low-debt support,45.08,11.0,"Below 200 DMA, Low volume participation",36.31,Weak,"Above 50 DMA, Healthy RSI momentum, Strong 1M absolute return, 1M Nifty outperformance, 80.0% of closes stayed inside the range | Range width 33.8% | Currently 24.2% through the range"
BAJAJHLDNG,Financial Services,Asset Management,10140.99,0.0,4965.59,14510.04,104.23,30.11,55.41,10045.81,11586.93,43841.0,0.0,0.0,Bullish,35.0,"Above 50 DMA, Healthy RSI momentum",15.27,-4.08,-19.71,7.46,-4.68,-6.97,7.81,0.6,-12.74,25.0,"Strong 1M absolute return, 1M Nifty outperformance",51.03,Lower Range Watch,72.85,9541.24,11507.21,20.6,30.51,80.0% of closes stayed inside the range | Range width 20.6% | Currently 30.5% through the range,13.17,11.31,,110.4,309.24,377.96,0.01,,,11.82,9.62,4780.33,4780.31,14.5501,,1.7617,1.39,0.154,128866.75,98.98,Financial Services,14.0,20.0,12.0,17.0,11.0,74.0,0.79,Cash covers debt,,0.0,74.0,,40.6,11.0,"Below 200 DMA, Low volume participation",35.99,Weak,"Above 50 DMA, Healthy RSI momentum, Cash covers debt, Strong 1M absolute return, 1M Nifty outperformance, 80.0% of closes stayed inside the range | Range width 20.6% | Currently 30.5% through the range"
CIPLA,Healthcare,Drug Manufacturers - Specialty & Generic,1297.43,0.0,821.48,1668.41,57.94,22.24,60.91,1269.96,1433.41,2024571.1,0.0,0.0,Bullish,35.0,"Above 50 DMA, Healthy RSI momentum",9.51,-1.42,-16.48,7.46,-4.68,-6.97,2.05,3.26,-9.51,8.0,Positive 1M return,90.0,Accumulation Zone,73.81,1218.07,1505.77,23.62,27.58,80.8% of closes stayed inside the range | Range width 23.6% | Currently 27.6% through the range,11.27,9.13,17.49,14.0,297.99,474.02,1.78,3.44,2.5,1018.22,613.77,3940.02,860.71,35.0839,23.0495,3.4322,89.0,0.086,118188.92,63.28,Pharma / Healthcare,14.0,20.0,20.0,17.0,9.0,80.0,1.0,Cash covers debt,,2.0,82.0,General low-debt support,50.08,11.0,"Below 200 DMA, Low volume participation",35.96,Weak,"Above 50 DMA, Healthy RSI momentum, Cash covers debt, Positive 1M return, 80.8% of closes stayed inside the range | Range width 23.6% | Currently 27.6% through the range"
ATHERENERG,Consumer Cyclical,Auto Manufacturers,934.85,0.0,288.15,971.15,224.43,3.74,67.29,782.74,634.43,5932032.45,0.0,0.0,Bullish,60.0,"Above 50 DMA, Above 200 DMA, Healthy RSI momentum, Near 52W high momentum",21.24,53.92,26.96,7.46,-4.68,-6.97,13.78,58.6,33.93,95.0,"Strong 1M absolute return, Strong 3M absolute return, Positive 6M return, 1M Nifty outperformance, 3M Nifty outperformance, 6M Nifty outperformance, Positive across 1M/3M/6M",6.25,Profit Booking Zone,80.18,631.34,866.59,37.26,100.0,80.0% of closes stayed inside the range | Range width 37.3% | Currently 100.0% through the range,-20.1,-10.95,-15.66,-14.12,284.07,-511.31,25.82,2.42,2.22,111.94,664.22,31.89,-474.18,,600.6882,23.3444,,,62769.64,20.9,Automobile,0.0,10.0,15.0,9.0,0.0,34.0,0.86,,"Negative net margin, Earnings contraction, Negative free cash flow",2.0,36.0,General low-debt support,42.06,22.0,"Low volume participation, Negative net margin, Earnings contraction, Negative free cash flow",35.66,Weak,"Above 50 DMA, Above 200 DMA, Healthy RSI momentum, Near 52W high momentum, Strong 1M absolute return, Strong 3M absolute return, Positive 6M return, 1M Nifty outperformance, 3M Nifty outperformance, 6M Nifty outperformance, Positive across 1M/3M/6M, 80.0% of closes stayed inside the range | Range width 37.3% | Currently 100.0% through the range"
PETRONET,Energy,Oil & Gas Refining & Marketing,273.6,0.0,166.97,359.19,63.87,23.83,52.56,276.54,275.11,3176183.45,0.0,0.0,Bearish,20.0,Healthy RSI momentum,7.32,-4.78,2.17,7.46,-4.68,-6.97,-0.14,-0.1,9.14,18.0,"Positive 1M return, Positive 6M return",73.33,Accumulation Zone,71.29,264.7,295.56,11.65,28.85,80.0% of closes stayed inside the range | Range width 11.7% | Currently 28.8% through the range,17.56,14.26,10.24,9.0,289.61,349.92,10.51,5.67,5.26,1859.29,2341.46,4750.04,2230.94,10.7263,9.9224,1.8833,3.61,0.45,41977.51,14.66,Energy / Utilities,15.0,20.0,17.0,17.0,15.0,84.0,1.0,,,2.0,86.0,General low-debt support,46.78,11.0,"Below 200 DMA, Low volume participation",35.62,Weak,"Healthy RSI momentum, Positive 1M return, Positive 6M return, 80.0% of closes stayed inside the range | Range width 11.7% | Currently 28.8% through the range"
AIIL,Financial Services,Capital Markets,471.8,0.0,146.31,683.0,222.46,30.92,50.63,468.38,552.37,359238.05,0.0,0.0,Bullish,35.0,"Above 50 DMA, Healthy RSI momentum",9.09,-6.03,-21.46,7.46,-4.68,-6.97,1.63,-1.35,-14.49,8.0,Positive 1M return,84.54,Accumulation Zone,72.06,441.37,610.97,38.42,17.94,80.0% of closes stayed inside the range | Range width 38.4% | Currently 17.9% through the range,13.11,10.05,79.44,74.02,445.73,1099.43,10.24,7.14,7.06,50.38,1508.62,1524.49,1183.77,28.9713,,2.9231,4.0,-0.018,47115.03,97.86,Financial Services,20.0,20.0,17.0,17.0,10.0,84.0,1.0,,,0.0,84.0,,40.6,11.0,"Below 200 DMA, Low volume participation",35.24,Weak,"Above 50 DMA, Healthy RSI momentum, Positive 1M return, 80.0% of closes stayed inside the range | Range width 38.4% | Currently 17.9% through the range"
IRCTC,Consumer Cyclical,Travel Services,539.55,0.0,492.65,1108.01,9.52,51.3,46.53,552.59,655.4,1227780.65,0.0,0.0,Bearish,20.0,"RSI recovering, Near 52W low with stable RSI",5.55,-13.2,-24.28,7.46,-4.68,-6.97,-1.91,-8.52,-17.31,8.0,Positive 1M return,78.12,Accumulation Zone,71.47,526.9,694.15,31.74,7.56,80.0% of closes stayed inside the range | Range width 31.7% | Currently 7.6% through the range,32.34,18.38,31.0,26.72,259.78,253.37,1.87,2.15,2.15,412.04,80.73,1273.0,1195.15,29.5824,22.5736,9.5354,1.84,0.171,41084.0,36.63,Consumer Discretionary,25.0,20.0,20.0,17.0,8.0,90.0,1.0,"Strong ROE, Cash covers debt",,4.0,94.0,"General quality ROE, General low-debt support",42.06,11.0,"Below 200 DMA, Low volume participation",35.21,Weak,"RSI recovering, Near 52W low with stable RSI, Strong ROE, Cash covers debt, Positive 1M return, 80.0% of closes stayed inside the range | Range width 31.7% | Currently 7.6% through the range"
DIXON,Technology,Consumer Electronics,11166.5,0.0,2549.37,19140.38,338.01,41.66,55.35,10650.5,13847.01,702250.3,0.0,0.0,Bullish,35.0,"Above 50 DMA, Healthy RSI momentum",8.9,8.63,-27.36,7.46,-4.68,-6.97,1.44,13.31,-20.39,33.0,"Positive 1M return, Positive 3M return, 3M Nifty outperformance",32.93,Accumulation Zone,70.5,10183.0,14827.4,45.61,21.18,80.0% of closes stayed inside the range | Range width 45.6% | Currently 21.2% through the range,30.76,7.51,3.02,2.94,357.97,400.81,21.26,1.06,0.76,767.43,994.22,1782.29,714.78,40.4977,49.0426,15.3722,6.0,-0.156,83906.61,6.87,IT / Technology,10.0,20.0,9.0,17.0,4.0,60.0,1.0,Strong ROE,,5.0,65.0,Strong ROE for an asset-light business,40.83,11.0,"Below 200 DMA, Low volume participation",34.87,Avoid,"Above 50 DMA, Healthy RSI momentum, Strong ROE, Positive 1M return, Positive 3M return, 3M Nifty outperformance, 80.0% of closes stayed inside the range | Range width 45.6% | Currently 21.2% through the range"
NESTLEIND,Consumer Defensive,Packaged Foods,1451.62,0.0,860.07,1462.97,68.78,0.78,79.62,1269.26,1231.58,2492401.8,0.0,0.0,Bullish,47.0,"Above 50 DMA, Above 200 DMA, Strong but overbought RSI, Near 52W high momentum",23.53,13.47,15.38,7.46,-4.68,-6.97,16.07,18.15,22.35,85.0,"Strong 1M absolute return, Positive 3M return, Positive 6M return, 1M Nifty outperformance, 3M Nifty outperformance, 6M Nifty outperformance, Positive across 1M/3M/6M",12.0,Profit Booking Zone,81.65,1200.92,1311.89,9.24,100.0,80.0% of closes stayed inside the range | Range width 9.2% | Currently 100.0% through the range,,,,,,,,,,1294.21,,,,76.4587,60.7096,56.3512,80.0,0.426,290596.98,55.13,FMCG / Consumer,0.0,0.0,0.0,0.0,5.0,5.0,0.21,,,0.0,5.0,,47.4,7.0,"Low volume participation, Limited fundamental data coverage",34.86,Avoid,"Above 50 DMA, Above 200 DMA, Strong but overbought RSI, Near 52W high momentum, Strong 1M absolute return, Positive 3M return, Positive 6M return, 1M Nifty outperformance, 3M Nifty outperformance, 6M Nifty outperformance, Positive across 1M/3M/6M, 80.0% of closes stayed inside the range | Range width 9.2% | Currently 100.0% through the range"
AEGISLOG,Energy,Oil & Gas Refining & Marketing,697.23,0.0,235.58,1020.67,195.97,31.69,57.67,653.89,718.27,1299698.25,0.0,0.0,Bullish,35.0,"Above 50 DMA, Healthy RSI momentum",16.17,-0.64,-13.14,7.46,-4.68,-6.97,8.71,4.04,-6.17,25.0,"Strong 1M absolute return, 1M Nifty outperformance",56.67,Neutral Range,70.37,606.94,762.62,25.65,58.0,80.0% of closes stayed inside the range | Range width 25.7% | Currently 58.0% through the range,14.83,6.2,15.53,10.84,380.04,407.92,68.54,1.71,1.67,2511.6,4149.94,2027.69,1206.8,36.3676,33.7418,7.3301,1.03,0.55,44383.95,26.48,Energy / Utilities,12.0,20.0,11.0,17.0,6.0,66.0,1.0,,,2.0,68.0,General low-debt support,46.78,11.0,"Below 200 DMA, Low volume participation",34.82,Avoid,"Above 50 DMA, Healthy RSI momentum, Strong 1M absolute return, 1M Nifty outperformance, 80.0% of closes stayed inside the range | Range width 25.7% | Currently 58.0% through the range"
VMM,Consumer Cyclical,Department Stores,122.29,0.0,95.99,157.6,27.4,22.4,57.5,114.7,132.93,14201711.5,0.0,0.0,Bullish,35.0,"Above 50 DMA, Healthy RSI momentum",16.34,2.03,-16.79,7.46,-4.68,-6.97,8.88,6.71,-9.82,35.0,"Strong 1M absolute return, Positive 3M return, 1M Nifty outperformance",46.88,Neutral Range,69.04,107.87,136.61,26.64,50.16,80.0% of closes stayed inside the range | Range width 26.6% | Currently 50.2% through the range,11.32,7.33,9.38,6.5,251.63,168.19,26.82,1.6,0.82,530.03,1987.98,1621.27,1296.38,56.8421,39.8039,6.7954,,,50595.94,28.5,Consumer Discretionary,7.0,20.0,11.0,17.0,5.0,60.0,0.93,,,2.0,62.0,General low-debt support,42.06,11.0,"Below 200 DMA, Low volume participation",34.51,Avoid,"Above 50 DMA, Healthy RSI momentum, Strong 1M absolute return, Positive 3M return, 1M Nifty outperformance, 80.0% of closes stayed inside the range | Range width 26.6% | Currently 50.2% through the range"
WIPRO,Technology,Information Technology Services,198.38,0.0,162.77,305.88,21.88,35.14,48.03,197.99,229.92,27358240.35,0.0,0.0,Bullish,32.0,"Above 50 DMA, RSI recovering, Near 52W low zone",4.95,-15.46,-15.08,7.46,-4.68,-6.97,-2.51,-10.78,-8.11,8.0,Positive 1M return,69.51,Accumulation Zone,73.86,193.16,254.34,31.67,8.53,80.0% of closes stayed inside the range | Range width 31.7% | Currently 8.5% through the range,14.91,9.3,16.1,14.25,293.21,323.13,22.92,2.05,2.05,10555.5,20291.0,14931.6,13371.3,14.6683,13.2285,2.3486,4.33,0.394,181959.9,29.04,IT / Technology,16.0,20.0,15.0,17.0,15.0,83.0,1.0,,,0.0,83.0,,40.83,11.0,"Below 200 DMA, Low volume participation",34.17,Avoid,"Above 50 DMA, RSI recovering, Near 52W low zone, Positive 1M return, 80.0% of closes stayed inside the range | Range width 31.7% | Currently 8.5% through the range"
PIDILITIND,Basic Materials,Specialty Chemicals,1375.7,0.0,1107.06,1695.86,24.27,18.88,50.08,1390.14,1464.38,879252.25,0.0,0.0,Bearish,25.0,"Healthy RSI momentum, Near 52W low zone",5.26,-5.82,-7.79,7.46,-4.68,-6.97,-2.2,-1.14,-0.82,8.0,Positive 1M return,84.75,Accumulation Zone,73.13,1339.22,1492.33,11.43,23.83,80.0% of closes stayed inside the range | Range width 11.4% | Currently 23.8% through the range,22.61,15.87,21.63,16.83,292.23,296.26,3.85,2.38,1.9,232.49,417.21,2828.45,2235.68,64.9428,53.7455,15.9869,68.0,0.397,173177.03,54.79,Chemicals,21.0,20.0,17.0,17.0,5.0,80.0,1.0,Strong ROE,,4.0,84.0,"General quality ROE, General low-debt support",50.01,11.0,"Below 200 DMA, Low volume participation",34.15,Avoid,"Healthy RSI momentum, Near 52W low zone, Strong ROE, Positive 1M return, 80.0% of closes stayed inside the range | Range width 11.4% | Currently 23.8% through the range"
INDIANB,Financial Services,Banks - Regional,834.08,0.0,156.65,980.02,432.46,14.89,36.58,897.11,790.13,2593012.65,0.0,0.0,Bearish,23.0,"Above 200 DMA, Weak but watchable RSI",-4.07,-5.18,-0.12,7.46,-4.68,-6.97,-11.53,-0.5,6.85,0.0,,97.94,Lower Range Watch,68.82,771.13,922.61,19.64,41.56,80.0% of closes stayed inside the range | Range width 19.6% | Currently 41.6% through the range,14.62,1.18,,30.97,289.95,271.93,45.98,,,65699.69,36806.57,18815.48,18361.36,9.2255,8.1752,1.44,2.08,0.28,120822.67,0.0,Banking,10.0,20.0,10.0,17.0,15.0,72.0,0.79,Cash covers debt,,0.0,72.0,,40.6,3.0,Low volume participation,34.04,Avoid,"Above 200 DMA, Weak but watchable RSI, Cash covers debt, 80.0% of closes stayed inside the range | Range width 19.6% | Currently 41.6% through the range"
BRITANNIA,Consumer Defensive,Packaged Foods,5632.2,0.0,3358.32,6281.59,67.71,10.34,52.01,5689.86,5754.57,393491.75,0.0,0.0,Bearish,30.0,"Healthy RSI momentum, Near 52W high momentum",4.6,-0.39,-2.3,7.46,-4.68,-6.97,-2.86,4.29,4.67,8.0,Positive 1M return,88.0,Accumulation Zone,74.21,5502.31,6003.32,9.11,25.93,80.0% of closes stayed inside the range | Range width 9.1% | Currently 25.9% through the range,49.61,26.03,17.01,13.43,286.03,272.59,27.37,1.12,0.8,220.0,1397.61,2611.6,2406.03,52.2538,43.3854,26.629,1.62,0.421,135982.19,41.42,FMCG / Consumer,21.0,20.0,9.0,17.0,6.0,73.0,1.0,Strong ROE,,8.0,81.0,"Strong ROE for a consumer staples business, Low debt, typical of a healthy consumer business",47.4,11.0,"Below 200 DMA, Low volume participation",33.96,Avoid,"Healthy RSI momentum, Near 52W high momentum, Strong ROE, Positive 1M return, 80.0% of closes stayed inside the range | Range width 9.1% | Currently 25.9% through the range"
UNITDSPR,Consumer Defensive,Beverages - Wineries & Distilleries,1315.47,0.0,709.87,1664.74,85.31,20.98,50.08,1320.93,1342.01,1207054.7,0.0,0.0,Bearish,20.0,Healthy RSI momentum,6.11,-0.08,-1.49,7.46,-4.68,-6.97,-1.35,4.6,5.48,8.0,Positive 1M return,88.0,Lower Range Watch,70.61,1264.76,1419.17,12.21,32.84,80.0% of closes stayed inside the range | Range width 12.2% | Currently 32.8% through the range,20.53,12.7,16.09,14.8,236.09,339.71,4.61,2.05,1.53,798.0,413.0,1459.0,1278.0,64.3606,50.7888,12.1739,1.1,0.148,108993.5,46.86,FMCG / Consumer,19.0,20.0,20.0,17.0,4.0,80.0,1.0,"Strong ROE, Cash covers debt",,8.0,88.0,"Strong ROE for a consumer staples business, Low debt, typical of a healthy consumer business",47.4,11.0,"Below 200 DMA, Low volume participation",33.91,Avoid,"Healthy RSI momentum, Strong ROE, Cash covers debt, Positive 1M return, 80.0% of closes stayed inside the range | Range width 12.2% | Currently 32.8% through the range"
WAAREEENER,Technology,Solar,3118.8,0.0,1861.96,3862.83,67.5,19.26,43.3,3058.82,3125.34,2021310.55,0.0,0.0,Bullish,23.0,"Above 50 DMA, Weak but watchable RSI",0.96,13.43,-10.54,7.46,-4.68,-6.97,-6.5,18.11,-3.57,33.0,"Positive 1M return, Positive 3M return, 3M Nifty outperformance",32.93,Neutral Range,69.08,2626.7,3349.54,27.52,68.08,80.0% of closes stayed inside the range | Range width 27.5% | Currently 68.1% through the range,25.71,12.32,18.54,13.99,250.78,249.31,25.57,1.38,0.92,774.16,3691.89,1626.95,-3254.82,20.4085,16.1252,5.3126,15.0,,76745.38,30.23,IT / Technology,23.0,20.0,9.0,9.0,11.0,72.0,1.0,Strong ROE,Negative free cash flow,10.0,82.0,"Strong ROE for an asset-light business, Strong operating margin",40.83,15.0,"Below 200 DMA, Low volume participation, Negative free cash flow",33.82,Avoid,"Above 50 DMA, Weak but watchable RSI, Strong ROE, Positive 1M return, Positive 3M return, 3M Nifty outperformance, 80.0% of closes stayed inside the range | Range width 27.5% | Currently 68.1% through the range"
INFY,Technology,Information Technology Services,1156.77,0.0,1064.05,1907.5,8.71,39.36,35.91,1254.15,1434.91,14432548.45,0.0,0.0,Bearish,16.0,"Weak but watchable RSI, Near 52W low with stable RSI",-7.36,-29.08,-21.22,7.46,-4.68,-6.97,-14.82,-24.4,-14.25,0.0,,92.68,Accumulation Zone,71.74,1228.78,1620.93,31.91,0.0,80.0% of closes stayed inside the range | Range width 31.9% | Currently 0.0% through the range,33.85,20.14,20.28,16.44,295.33,343.51,9.88,1.98,,234.1,96.7,403.9,373.3,15.4324,14.7125,5.1946,4.2,0.107,476334.99,29.68,IT / Technology,23.0,20.0,16.0,17.0,13.0,89.0,0.93,"Strong ROE, Cash covers debt",,10.0,99.0,"Strong ROE for an asset-light business, Strong operating margin",40.83,11.0,"Below 200 DMA, Low volume participation",33.77,Avoid,"Weak but watchable RSI, Near 52W low with stable RSI, Strong ROE, Cash covers debt, 80.0% of closes stayed inside the range | Range width 31.9% | Currently 0.0% through the range"
GLAXO,Healthcare,Drug Manufacturers - General,2278.4,0.0,1135.42,3428.43,100.67,33.54,39.91,2385.02,2548.09,61522.7,0.0,0.0,Bearish,8.0,Weak but watchable RSI,0.31,-4.02,-12.1,7.46,-4.68,-6.97,-7.15,0.66,-5.13,8.0,Positive 1M return,90.0,Accumulation Zone,73.15,2278.11,2532.47,11.17,0.12,80.0% of closes stayed inside the range | Range width 11.2% | Currently 0.1% through the range,45.69,23.96,32.77,27.21,265.67,250.44,1.47,2.03,1.77,1102.05,33.27,903.3,848.02,41.6103,33.2197,19.5764,2.19,0.057,44387.77,64.2,Pharma / Healthcare,25.0,20.0,20.0,17.0,7.0,89.0,1.0,"Strong ROE, Cash covers debt",,4.0,93.0,"General quality ROE, General low-debt support",50.08,11.0,"Below 200 DMA, Low volume participation",33.06,Avoid,"Weak but watchable RSI, Strong ROE, Cash covers debt, Positive 1M return, 80.0% of closes stayed inside the range | Range width 11.2% | Currently 0.1% through the range"
NH,Healthcare,Medical Care Facilities,1762.69,0.0,668.13,2359.4,163.83,25.29,51.96,1745.1,1813.69,207517.05,0.0,0.0,Bullish,35.0,"Above 50 DMA, Healthy RSI momentum",8.04,0.28,-0.53,7.46,-4.68,-6.97,0.58,4.96,6.44,18.0,"Positive 1M return, Positive 3M return",75.0,Lower Range Watch,73.73,1685.85,1941.26,15.15,30.09,80.0% of closes stayed inside the range | Range width 15.1% | Currently 30.1% through the range,17.76,6.46,15.46,10.25,265.3,535.84,129.1,2.15,2.07,770.07,5857.49,1621.19,746.01,45.2285,26.3467,8.1974,24.0,,37193.68,39.83,Pharma / Healthcare,12.0,20.0,10.0,17.0,7.0,66.0,1.0,,,0.0,66.0,,50.08,11.0,"Below 200 DMA, Low volume participation",32.86,Avoid,"Above 50 DMA, Healthy RSI momentum, Positive 1M return, Positive 3M return, 80.0% of closes stayed inside the range | Range width 15.1% | Currently 30.1% through the range"
HCLTECH,Technology,Information Technology Services,1186.98,0.0,749.44,1869.31,58.38,36.5,30.08,1329.21,1455.16,5898255.8,0.0,0.0,Bearish,8.0,Weak but watchable RSI,-9.77,-29.34,-19.13,7.46,-4.68,-6.97,-17.23,-24.66,-12.16,0.0,,92.68,Accumulation Zone,70.98,1294.93,1628.37,25.75,0.0,80.0% of closes stayed inside the range | Range width 25.8% | Currently 0.0% through the range,22.14,14.31,31.36,12.79,284.22,308.29,6.94,2.22,2.21,8212.0,5215.0,19975.0,18553.0,21.2315,17.0459,4.9998,4.39,0.006,369445.39,34.0,IT / Technology,22.0,20.0,20.0,17.0,11.0,90.0,1.0,"Strong ROE, Cash covers debt",,10.0,100.0,"Strong ROE for an asset-light business, Strong operating margin",40.83,11.0,"Below 200 DMA, Low volume participation",32.12,Avoid,"Weak but watchable RSI, Strong ROE, Cash covers debt, 80.0% of closes stayed inside the range | Range width 25.8% | Currently 0.0% through the range"
LTM,Technology,Information Technology Services,4213.14,0.0,3703.55,6592.7,13.76,36.09,40.88,4394.4,5242.23,381188.85,0.0,0.0,Bearish,13.0,"Weak but watchable RSI, Near 52W low zone",3.96,-29.02,-23.7,7.46,-4.68,-6.97,-3.5,-24.34,-16.73,8.0,Positive 1M return,69.51,Accumulation Zone,69.12,4224.42,6134.24,45.21,0.0,80.0% of closes stayed inside the range | Range width 45.2% | Currently 0.0% through the range,20.89,13.49,15.47,11.86,292.43,417.01,9.61,2.83,2.83,2331.1,2310.0,4798.8,3868.2,27.0482,20.7158,5.7545,1.55,0.261,141177.8,29.77,IT / Technology,17.0,20.0,20.0,17.0,10.0,84.0,1.0,"Strong ROE, Cash covers debt",,5.0,89.0,Strong ROE for an asset-light business,40.83,11.0,"Below 200 DMA, Low volume participation",31.52,Avoid,"Weak but watchable RSI, Near 52W low zone, Strong ROE, Cash covers debt, Positive 1M return, 80.0% of closes stayed inside the range | Range width 45.2% | Currently 0.0% through the range"
KALYANKJIL,Consumer Cyclical,Luxury Goods,412.75,0.0,68.94,793.08,498.71,47.96,49.75,405.51,474.13,5259566.0,0.0,0.0,Bullish,27.0,"Above 50 DMA, RSI recovering",6.63,12.18,-18.25,7.46,-4.68,-6.97,-0.83,16.86,-11.28,33.0,"Positive 1M return, Positive 3M return, 3M Nifty outperformance",50.0,Accumulation Zone,69.81,378.71,501.67,32.47,27.68,80.0% of closes stayed inside the range | Range width 32.5% | Currently 27.7% through the range,21.41,6.52,5.79,3.78,245.56,224.39,96.97,1.3,0.17,306.6,6117.34,1317.52,911.41,43.4913,31.2985,9.7562,25.0,-0.216,61624.25,12.7,Consumer Discretionary,8.0,20.0,6.0,17.0,7.0,58.0,1.0,Strong ROE,,2.0,60.0,General quality ROE,42.06,11.0,"Below 200 DMA, Low volume participation",31.31,Avoid,"Above 50 DMA, RSI recovering, Strong ROE, Positive 1M return, Positive 3M return, 3M Nifty outperformance, 80.0% of closes stayed inside the range | Range width 32.5% | Currently 27.7% through the range"
ALKEM,Healthcare,Drug Manufacturers - Specialty & Generic,5390.35,0.0,2739.33,6316.6,96.78,14.66,48.74,5415.21,5415.37,126103.3,0.0,0.0,Bearish,12.0,RSI recovering,2.97,-4.87,-0.58,7.46,-4.68,-6.97,-4.49,-0.19,6.39,8.0,Positive 1M return,90.0,Accumulation Zone,71.99,5322.92,5711.7,7.3,17.34,80.0% of closes stayed inside the range | Range width 7.3% | Currently 17.3% through the range,16.66,11.03,18.23,15.84,288.9,261.91,14.81,2.55,1.86,247.91,2047.16,1963.03,1345.77,28.4883,24.2259,4.741,36.0,0.295,65521.62,64.12,Pharma / Healthcare,18.0,20.0,17.0,17.0,11.0,83.0,1.0,,,2.0,85.0,General low-debt support,50.08,11.0,"Below 200 DMA, Low volume participation",31.26,Avoid,"RSI recovering, Positive 1M return, 80.0% of closes stayed inside the range | Range width 7.3% | Currently 17.3% through the range"
ITCHOTELS,Consumer Cyclical,Resorts & Casinos,159.52,0.0,136.41,259.92,16.95,38.62,52.6,159.76,200.36,6077052.7,0.0,0.0,Bearish,25.0,"Healthy RSI momentum, Near 52W low zone",8.94,-11.28,-26.99,7.46,-4.68,-6.97,1.48,-6.6,-20.02,8.0,Positive 1M return,78.12,Accumulation Zone,70.55,150.89,206.71,36.99,15.46,80.0% of closes stayed inside the range | Range width 37.0% | Currently 15.5% through the range,7.01,6.06,25.86,19.88,235.64,247.42,0.64,2.77,1.71,35.21,74.19,1109.85,699.59,40.1718,28.8883,3.0075,60.0,,35060.66,61.83,Consumer Discretionary,14.0,20.0,17.0,17.0,9.0,77.0,1.0,,,2.0,79.0,General low-debt support,42.06,11.0,"Below 200 DMA, Low volume participation",31.21,Avoid,"Healthy RSI momentum, Near 52W low zone, Positive 1M return, 80.0% of closes stayed inside the range | Range width 37.0% | Currently 15.5% through the range"
JSWINFRA,Industrials,Marine Shipping,271.16,0.0,141.18,358.36,92.07,24.33,53.71,259.2,282.75,2080511.6,0.0,0.0,Bullish,35.0,"Above 50 DMA, Healthy RSI momentum",9.69,4.21,-7.79,7.46,-4.68,-6.97,2.23,8.89,-0.82,18.0,"Positive 1M return, Positive 3M return",81.03,Neutral Range,73.15,252.05,282.41,12.05,62.95,80.0% of closes stayed inside the range | Range width 12.0% | Currently 62.9% through the range,14.0,7.48,37.64,28.63,294.25,324.2,63.42,2.27,2.19,797.75,6898.92,2021.5,-470.14,48.9548,30.9322,6.6442,26.0,0.554,80243.51,52.82,Capital Goods / Infra,18.0,20.0,12.0,9.0,7.0,66.0,1.0,,Negative free cash flow,5.0,71.0,Strong order-book-driven revenue growth,52.61,15.0,"Below 200 DMA, Low volume participation, Negative free cash flow",30.99,Avoid,"Above 50 DMA, Healthy RSI momentum, Positive 1M return, Positive 3M return, 80.0% of closes stayed inside the range | Range width 12.0% | Currently 62.9% through the range"
ABBOTINDIA,Healthcare,Drug Manufacturers - Specialty & Generic,24853.43,0.0,16232.57,35657.37,53.11,30.3,42.33,25624.68,28457.89,12483.25,0.0,0.0,Bearish,8.0,Weak but watchable RSI,-3.98,-7.88,-14.56,7.46,-4.68,-6.97,-11.44,-3.2,-7.59,0.0,,99.0,Accumulation Zone,72.62,25130.93,28856.75,14.83,0.0,80.0% of closes stayed inside the range | Range width 14.8% | Currently 0.0% through the range,32.51,23.87,26.34,22.41,301.78,312.82,3.6,2.55,1.91,442.33,171.99,1319.24,1278.32,38.4784,31.1337,12.5248,1.87,0.056,59795.54,46.52,Pharma / Healthcare,25.0,20.0,20.0,17.0,6.0,88.0,1.0,"Strong ROE, Cash covers debt",,4.0,92.0,"General quality ROE, General low-debt support",50.08,11.0,"Below 200 DMA, Low volume participation",30.71,Avoid,"Weak but watchable RSI, Strong ROE, Cash covers debt, 80.0% of closes stayed inside the range | Range width 14.8% | Currently 0.0% through the range"
TMCV,Consumer Cyclical,Auto Manufacturers,405.32,0.0,302.88,503.32,33.82,19.47,41.5,436.94,,10463032.05,0.0,0.0,Bearish,8.0,Weak but watchable RSI,3.5,-12.41,,7.46,-4.68,-6.97,-3.96,-7.73,,8.0,Positive 1M return,78.12,Neutral Range,61.28,344.07,471.95,37.17,47.9,79.3% of closes stayed inside the range | Range width 37.2% | Currently 47.9% through the range,23.79,5.79,8.86,3.63,283.72,329.79,44.09,0.76,0.58,6899.0,5615.0,14981.0,12733.0,54.6711,20.599,13.2168,89.0,,168317.81,32.34,Automobile,8.0,20.0,10.0,17.0,7.0,62.0,1.0,"Strong ROE, Cash covers debt",,4.0,66.0,"General quality ROE, General low-debt support",42.06,3.0,Low volume participation,30.41,Avoid,"Weak but watchable RSI, Strong ROE, Cash covers debt, Positive 1M return, 79.3% of closes stayed inside the range | Range width 37.2% | Currently 47.9% through the range"
PIIND,Basic Materials,Agricultural Inputs,3043.87,0.0,2690.34,4758.45,13.14,36.03,54.31,2977.36,3405.43,286214.1,0.0,0.0,Bullish,40.0,"Above 50 DMA, Healthy RSI momentum, Near 52W low zone",7.38,-5.0,-14.7,7.46,-4.68,-6.97,-0.08,-0.32,-7.73,8.0,Positive 1M return,84.75,Lower Range Watch,74.27,2882.44,3420.36,18.66,30.01,80.0% of closes stayed inside the range | Range width 18.7% | Currently 30.0% through the range,11.76,9.82,20.42,19.8,384.84,324.29,3.05,4.22,3.53,283.3,342.3,474.0,-643.8,35.5884,23.3804,3.3541,55.0,,37668.63,57.49,General,17.0,20.0,17.0,9.0,9.0,72.0,1.0,,Negative free cash flow,2.0,74.0,General low-debt support,50.01,15.0,"Below 200 DMA, Low volume participation, Negative free cash flow",30.4,Avoid,"Above 50 DMA, Healthy RSI momentum, Near 52W low zone, Positive 1M return, 80.0% of closes stayed inside the range | Range width 18.7% | Currently 30.0% through the range"
PRESTIGE,Real Estate,Real Estate - Diversified,1412.62,0.0,388.74,2067.83,263.38,31.69,61.18,1334.87,1547.58,1189207.2,0.0,0.0,Bullish,35.0,"Above 50 DMA, Healthy RSI momentum",23.54,-0.53,-19.55,7.46,-4.68,-6.97,16.08,4.15,-12.58,25.0,"Strong 1M absolute return, 1M Nifty outperformance",80.0,Lower Range Watch,69.88,1254.99,1686.5,34.38,36.53,80.0% of closes stayed inside the range | Range width 34.4% | Currently 36.5% through the range,7.35,1.63,22.37,9.53,223.94,437.06,108.52,1.15,0.31,1556.0,17659.4,3223.2,339.8,60.0718,27.7803,4.2105,13.0,0.445,68516.26,58.8,Cement / Realty,8.0,20.0,4.0,17.0,7.0,56.0,1.0,,,0.0,56.0,,45.08,11.0,"Below 200 DMA, Low volume participation",30.36,Avoid,"Above 50 DMA, Healthy RSI momentum, Strong 1M absolute return, 1M Nifty outperformance, 80.0% of closes stayed inside the range | Range width 34.4% | Currently 36.5% through the range"
SUPREMEIND,Industrials,Building Products & Equipment,3597.16,0.0,1762.06,6324.19,104.15,43.12,40.97,3793.52,3864.42,394996.0,0.0,0.0,Bearish,8.0,Weak but watchable RSI,-0.98,3.12,-4.75,7.46,-4.68,-6.97,-8.44,7.8,2.22,10.0,Positive 3M return,89.08,Neutral Range,65.05,3316.81,3906.63,17.78,47.53,80.0% of closes stayed inside the range | Range width 17.8% | Currently 47.5% through the range,15.46,12.24,10.38,8.57,314.41,522.01,1.47,2.2,1.06,648.84,90.84,1224.77,409.78,42.4997,33.2494,7.1243,1.05,0.182,43969.03,32.69,Capital Goods / Infra,15.0,20.0,19.0,17.0,6.0,77.0,1.0,Cash covers debt,,5.0,82.0,Strong order-book-driven revenue growth,52.61,11.0,"Below 200 DMA, Low volume participation",30.09,Avoid,"Weak but watchable RSI, Cash covers debt, Positive 3M return, 80.0% of closes stayed inside the range | Range width 17.8% | Currently 47.5% through the range"
DALBHARAT,Basic Materials,Building Materials,1900.73,-2.23,1448.98,2484.34,31.18,23.49,46.39,1932.09,2111.53,273595.05,275052.0,1.01,Bearish,17.0,"RSI recovering, Normal volume support",7.14,-9.53,-8.93,7.46,-4.68,-6.97,-0.32,-4.85,-1.96,8.0,Positive 1M return,84.75,Accumulation Zone,71.73,1849.29,2147.66,16.13,17.24,80.0% of closes stayed inside the range | Range width 16.1% | Currently 17.2% through the range,6.34,3.42,11.71,7.69,322.25,833.61,41.19,1.55,1.34,212.0,7406.0,2278.0,222.0,36.8796,25.1706,1.921,54.0,0.184,34568.38,61.49,Cement / Realty,6.0,20.0,13.0,17.0,11.0,67.0,1.0,,,2.0,69.0,General low-debt support,50.01,8.0,Below 200 DMA,29.9,Avoid,"RSI recovering, Normal volume support, Positive 1M return, 80.0% of closes stayed inside the range | Range width 16.1% | Currently 17.2% through the range"
TATATECH,Technology,Information Technology Services,572.56,0.0,499.73,1344.53,14.57,57.42,54.49,556.57,639.15,859956.25,0.0,0.0,Bullish,40.0,"Above 50 DMA, Healthy RSI momentum, Near 52W low zone",9.47,-12.0,-16.41,7.46,-4.68,-6.97,2.01,-7.32,-9.44,8.0,Positive 1M return,69.51,Accumulation Zone,73.67,535.57,667.79,24.69,27.97,80.0% of closes stayed inside the range | Range width 24.7% | Currently 28.0% through the range,13.93,6.1,13.14,9.93,303.12,8131.78,23.91,1.53,,682.34,937.98,775.7,742.11,62.8902,35.9162,8.7138,97.0,0.833,34193.62,24.55,IT / Technology,12.0,20.0,11.0,17.0,5.0,65.0,0.93,,,0.0,65.0,,40.83,11.0,"Below 200 DMA, Low volume participation",29.87,Avoid,"Above 50 DMA, Healthy RSI momentum, Near 52W low zone, Positive 1M return, 80.0% of closes stayed inside the range | Range width 24.7% | Currently 28.0% through the range"
ABCAPITAL,Financial Services,Financial Conglomerates,345.5,0.0,106.65,369.3,223.96,6.44,56.35,330.9,318.98,4176939.25,0.0,0.0,Bullish,60.0,"Above 50 DMA, Above 200 DMA, Healthy RSI momentum, Near 52W high momentum",14.06,-0.8,10.52,7.46,-4.68,-6.97,6.6,3.88,17.49,50.0,"Strong 1M absolute return, Positive 6M return, 1M Nifty outperformance, 6M Nifty outperformance",25.26,Neutral Range,80.17,314.69,358.6,13.95,70.17,80.8% of closes stayed inside the range | Range width 14.0% | Currently 70.2% through the range,10.94,1.12,36.83,8.2,299.35,298.35,520.66,,,2403.33,179226.64,-36544.12,-36937.67,26.3092,16.2013,3.1273,,0.687,112442.53,28.11,Financial Services,11.0,20.0,0.0,0.0,9.0,40.0,0.79,,"Very high debt, Negative operating cash flow, Negative free cash flow",6.0,46.0,High leverage is structural for this sector,40.6,20.0,"Low volume participation, Very high debt, Negative operating cash flow, Negative free cash flow",29.69,Avoid,"Above 50 DMA, Above 200 DMA, Healthy RSI momentum, Near 52W high momentum, Strong 1M absolute return, Positive 6M return, 1M Nifty outperformance, 6M Nifty outperformance, 80.8% of closes stayed inside the range | Range width 14.0% | Currently 70.2% through the range"
BHARTIARTL,Communication Services,Telecom Services,1863.35,0.0,665.27,2147.47,180.09,13.23,57.89,1842.78,1939.6,8795044.0,0.0,0.0,Bullish,45.0,"Above 50 DMA, Healthy RSI momentum, Near 52W high momentum",5.89,-3.62,-9.73,7.46,-4.68,-6.97,-1.57,1.06,-2.76,8.0,Positive 1M return,80.0,Accumulation Zone,77.09,1803.61,2084.35,15.57,21.28,80.0% of closes stayed inside the range | Range width 15.6% | Currently 21.3% through the range,17.91,4.83,32.15,12.65,290.82,302.61,131.1,0.52,0.51,13722.2,195411.7,122229.6,75515.4,39.9959,23.6178,7.4958,1.25,0.01,1213418.96,67.86,Telecom,15.0,20.0,2.0,17.0,6.0,60.0,1.0,,,0.0,60.0,,42.26,11.0,"Below 200 DMA, Low volume participation",29.59,Avoid,"Above 50 DMA, Healthy RSI momentum, Near 52W high momentum, Positive 1M return, 80.0% of closes stayed inside the range | Range width 15.6% | Currently 21.3% through the range"
BANKINDIA,Financial Services,Banks - Regional,135.45,0.0,40.78,172.72,232.17,21.58,39.08,148.74,134.33,11499273.55,0.0,0.0,Bearish,23.0,"Above 200 DMA, Weak but watchable RSI",-1.29,-16.42,-0.86,7.46,-4.68,-6.97,-8.75,-11.74,6.11,0.0,,97.94,Accumulation Zone,75.1,135.85,162.07,19.3,0.0,80.0% of closes stayed inside the range | Range width 19.3% | Currently 0.0% through the range,11.46,0.87,,31.62,267.3,266.47,118.53,,,99589.38,106625.89,4752.86,3862.75,5.3869,5.6026,0.7284,3.25,0.777,66241.31,0.0,Banking,8.0,20.0,2.0,17.0,12.0,59.0,0.79,,,0.0,59.0,,40.6,3.0,Low volume participation,29.49,Avoid,"Above 200 DMA, Weak but watchable RSI, 80.0% of closes stayed inside the range | Range width 19.3% | Currently 0.0% through the range"
HEROMOTOCO,Consumer Cyclical,Auto Manufacturers,5025.08,0.0,2004.26,6175.52,150.72,18.63,45.49,5243.93,5232.0,564281.25,0.0,0.0,Bearish,12.0,RSI recovering,-0.45,-5.7,-7.33,7.46,-4.68,-6.97,-7.91,-1.02,-0.36,0.0,,98.44,Accumulation Zone,73.45,5047.01,5800.07,14.92,0.0,80.0% of closes stayed inside the range | Range width 14.9% | Currently 0.0% through the range,26.57,17.16,13.19,12.2,276.78,352.98,3.6,1.91,1.64,686.71,778.61,8314.62,7214.52,21.5516,18.1039,5.458,3.15,0.468,117983.24,31.65,Automobile,21.0,20.0,16.0,17.0,11.0,85.0,1.0,Strong ROE,,4.0,89.0,"General quality ROE, General low-debt support",42.06,11.0,"Below 200 DMA, Low volume participation",29.46,Avoid,"RSI recovering, Strong ROE, 80.0% of closes stayed inside the range | Range width 14.9% | Currently 0.0% through the range"
HYUNDAI,Consumer Cyclical,Auto Manufacturers,1800.41,0.0,1512.47,2862.66,19.04,37.11,44.61,1933.38,2219.26,1058335.2,0.0,0.0,Bearish,13.0,"Weak but watchable RSI, Near 52W low zone",5.91,-15.89,-20.93,7.46,-4.68,-6.97,-1.55,-11.21,-13.96,8.0,Positive 1M return,78.12,Accumulation Zone,71.44,1800.14,2333.72,29.64,0.05,80.0% of closes stayed inside the range | Range width 29.6% | Currently 0.1% through the range,27.14,15.79,9.23,7.83,293.87,340.01,5.48,1.56,1.25,8711.67,1097.56,7321.13,3054.74,36.0999,24.5077,9.0955,95.0,,182009.21,28.22,Automobile,16.0,20.0,18.0,17.0,7.0,78.0,1.0,"Strong ROE, Cash covers debt",,4.0,82.0,"General quality ROE, General low-debt support",42.06,11.0,"Below 200 DMA, Low volume participation",29.26,Avoid,"Weak but watchable RSI, Near 52W low zone, Strong ROE, Cash covers debt, Positive 1M return, 80.0% of closes stayed inside the range | Range width 29.6% | Currently 0.1% through the range"
UNOMINDA,Consumer Cyclical,Auto Parts,1110.78,0.0,431.26,1378.85,157.56,19.44,51.21,1107.43,1195.55,993755.6,0.0,0.0,Bullish,35.0,"Above 50 DMA, Healthy RSI momentum",6.62,-3.07,-7.32,7.46,-4.68,-6.97,-0.84,1.61,-0.35,8.0,Positive 1M return,78.12,Accumulation Zone,74.22,1064.11,1302.3,22.38,19.59,80.0% of closes stayed inside the range | Range width 22.4% | Currently 19.6% through the range,17.53,8.73,8.01,6.18,286.3,332.75,40.12,1.2,0.77,276.99,2740.12,1720.35,147.99,59.307,38.9381,10.4196,21.0,0.289,71167.06,34.04,Automobile,11.0,20.0,9.0,17.0,7.0,64.0,1.0,,,2.0,66.0,General low-debt support,42.06,11.0,"Below 200 DMA, Low volume participation",29.16,Avoid,"Above 50 DMA, Healthy RSI momentum, Positive 1M return, 80.0% of closes stayed inside the range | Range width 22.4% | Currently 19.6% through the range"
HAVELLS,Industrials,Electrical Equipment & Parts,1234.45,0.0,998.35,2075.88,23.65,40.53,43.17,1302.2,1420.51,1487899.65,0.0,0.0,Bearish,13.0,"Weak but watchable RSI, Near 52W low zone",4.61,-3.59,-15.95,7.46,-4.68,-6.97,-2.85,1.09,-8.98,8.0,Positive 1M return,93.68,Accumulation Zone,73.59,1245.68,1437.11,15.37,0.0,80.0% of closes stayed inside the range | Range width 15.4% | Currently 0.0% through the range,17.88,11.46,8.35,7.59,298.86,462.06,2.8,1.71,0.74,788.62,265.2,1571.99,87.54,49.012,38.6678,8.3918,94.0,0.3,79386.55,32.03,Capital Goods / Infra,11.0,20.0,16.0,17.0,7.0,71.0,1.0,Cash covers debt,,5.0,76.0,Strong order-book-driven revenue growth,52.61,11.0,"Below 200 DMA, Low volume participation",28.74,Avoid,"Weak but watchable RSI, Near 52W low zone, Cash covers debt, Positive 1M return, 80.0% of closes stayed inside the range | Range width 15.4% | Currently 0.0% through the range"
MPHASIS,Technology,Information Technology Services,2217.26,0.0,1511.01,3091.63,46.74,28.28,48.88,2196.44,2592.24,662056.9,0.0,0.0,Bullish,27.0,"Above 50 DMA, RSI recovering",6.56,-19.66,-19.58,7.46,-4.68,-6.97,-0.9,-14.98,-12.61,8.0,Positive 1M return,69.51,Accumulation Zone,71.7,2115.17,2811.18,32.91,14.67,80.0% of closes stayed inside the range | Range width 32.9% | Currently 14.7% through the range,17.34,10.47,15.29,11.73,296.74,321.23,24.38,1.38,,1122.92,2619.68,1253.28,934.78,25.3152,20.0133,4.2716,2.45,0.485,48421.74,44.45,IT / Technology,14.0,20.0,9.0,17.0,11.0,71.0,0.93,,,0.0,71.0,,40.83,11.0,"Below 200 DMA, Low volume participation",28.72,Avoid,"Above 50 DMA, RSI recovering, Positive 1M return, 80.0% of closes stayed inside the range | Range width 32.9% | Currently 14.7% through the range"
INDHOTEL,Consumer Cyclical,Lodging,633.03,0.0,259.95,888.32,143.52,28.74,49.1,634.04,705.51,2325404.3,0.0,0.0,Bearish,12.0,RSI recovering,8.66,-3.1,-14.28,7.46,-4.68,-6.97,1.2,1.58,-7.31,8.0,Positive 1M return,78.12,Accumulation Zone,70.2,612.63,732.11,19.5,17.07,80.0% of closes stayed inside the range | Range width 19.5% | Currently 17.1% through the range,15.97,10.27,27.84,22.4,227.47,130.77,21.73,2.49,2.43,406.33,2836.55,2471.41,1434.83,48.0744,38.7458,7.8957,45.0,-0.154,103056.49,63.01,Consumer Discretionary,20.0,20.0,15.0,17.0,7.0,79.0,1.0,,,2.0,81.0,General low-debt support,42.06,11.0,"Below 200 DMA, Low volume participation",28.66,Avoid,"RSI recovering, Positive 1M return, 80.0% of closes stayed inside the range | Range width 19.5% | Currently 17.1% through the range"
HUDCO,Financial Services,Credit Services,219.47,0.0,30.31,333.2,624.17,34.13,79.3,184.61,207.2,5975815.7,0.0,0.0,Bullish,37.0,"Above 50 DMA, Above 200 DMA, Strong but overbought RSI",31.45,9.51,-0.55,7.46,-4.68,-6.97,23.99,14.19,6.42,50.0,"Strong 1M absolute return, Positive 3M return, 1M Nifty outperformance, 3M Nifty outperformance",25.26,Profit Booking Zone,74.44,171.02,225.68,31.96,88.64,80.0% of closes stayed inside the range | Range width 32.0% | Currently 88.6% through the range,18.36,2.42,,117.59,319.64,465.83,644.75,,,2.45,141687.56,-33912.22,-33933.8,9.2171,8.0304,1.7552,3.06,0.837,38582.62,99.96,Financial Services,12.0,20.0,0.0,0.0,15.0,47.0,0.79,Strong ROE,"Very high debt, Negative operating cash flow, Negative free cash flow",12.0,59.0,"High leverage is structural for this sector, Strong ROE for a leveraged-balance-sheet business",40.6,20.0,"Low volume participation, Very high debt, Negative operating cash flow, Negative free cash flow",28.49,Avoid,"Above 50 DMA, Above 200 DMA, Strong but overbought RSI, Strong ROE, Strong 1M absolute return, Positive 3M return, 1M Nifty outperformance, 3M Nifty outperformance, 80.0% of closes stayed inside the range | Range width 32.0% | Currently 88.6% through the range"
SRF,Industrials,Conglomerates,2513.82,0.0,2017.83,3308.24,24.58,24.01,50.77,2528.96,2846.11,546008.85,0.0,0.0,Bearish,25.0,"Healthy RSI momentum, Near 52W low zone",-1.43,-10.59,-16.66,7.46,-4.68,-6.97,-8.89,-5.91,-9.69,0.0,,98.85,Accumulation Zone,73.7,2466.85,3039.37,23.21,8.2,80.0% of closes stayed inside the range | Range width 23.2% | Currently 8.2% through the range,13.07,7.6,17.96,11.9,326.87,324.16,36.94,1.1,0.68,590.49,5187.04,2553.56,738.25,35.4158,28.5908,5.4566,39.0,0.132,76620.96,48.32,Capital Goods / Infra,12.0,20.0,9.0,17.0,9.0,67.0,1.0,,,5.0,72.0,Strong order-book-driven revenue growth,52.61,11.0,"Below 200 DMA, Low volume participation",28.34,Avoid,"Healthy RSI momentum, Near 52W low zone, 80.0% of closes stayed inside the range | Range width 23.2% | Currently 8.2% through the range"
MAXHEALTH,Healthcare,Medical Care Facilities,991.29,0.0,351.87,1311.97,181.72,24.44,49.62,1008.93,1101.49,2364438.2,0.0,0.0,Bearish,12.0,RSI recovering,3.56,3.59,-15.82,7.46,-4.68,-6.97,-3.9,8.27,-8.85,18.0,"Positive 1M return, Positive 3M return",75.0,Accumulation Zone,69.95,956.85,1115.93,16.63,21.65,80.0% of closes stayed inside the range | Range width 16.6% | Currently 21.6% through the range,13.42,8.37,22.82,17.54,297.84,379.33,32.37,0.89,0.84,665.8,3478.36,1633.32,148.79,70.4053,41.5708,9.1232,19.0,0.128,98057.3,62.42,Pharma / Healthcare,18.0,20.0,7.0,17.0,5.0,67.0,1.0,,,2.0,69.0,General low-debt support,50.08,11.0,"Below 200 DMA, Low volume participation",28.16,Avoid,"RSI recovering, Positive 1M return, Positive 3M return, 80.0% of closes stayed inside the range | Range width 16.6% | Currently 21.6% through the range"
HINDPETRO,Energy,Oil & Gas Refining & Marketing,356.2,0.0,115.53,483.54,208.31,26.33,51.75,361.9,401.94,7775078.05,0.0,0.0,Bearish,20.0,Healthy RSI momentum,11.62,-13.55,-16.3,7.46,-4.68,-6.97,4.16,-8.87,-9.33,15.0,Strong 1M absolute return,86.67,Accumulation Zone,68.82,331.93,456.22,37.44,19.52,80.0% of closes stayed inside the range | Range width 37.4% | Currently 19.5% through the range,27.53,8.89,5.66,4.14,280.62,349.89,85.37,0.64,0.19,124.29,55964.43,36110.68,27779.19,49.6183,6.9656,1.2661,6.2,0.912,82985.08,6.47,Energy / Utilities,12.0,20.0,4.0,17.0,11.0,64.0,1.0,Strong ROE,,2.0,66.0,General quality ROE,46.78,11.0,"Below 200 DMA, Low volume participation",27.87,Avoid,"Healthy RSI momentum, Strong ROE, Strong 1M absolute return, 80.0% of closes stayed inside the range | Range width 37.4% | Currently 19.5% through the range"
VBL,Consumer Defensive,Beverages - Non-Alcoholic,513.13,0.0,179.77,676.37,185.44,24.13,70.55,441.53,466.11,8943852.65,0.0,0.0,Bullish,37.0,"Above 50 DMA, Above 200 DMA, Strong but overbought RSI",28.13,9.91,13.36,7.46,-4.68,-6.97,20.67,14.59,20.33,85.0,"Strong 1M absolute return, Positive 3M return, Positive 6M return, 1M Nifty outperformance, 3M Nifty outperformance, 6M Nifty outperformance, Positive across 1M/3M/6M",12.0,Profit Booking Zone,77.61,404.84,494.64,22.18,100.0,80.0% of closes stayed inside the range | Range width 22.2% | Currently 100.0% through the range,,,17.83,13.27,-68.45,-71.27,,,,,,,,44.006,37.7022,7.6091,46.0,0.298,148997.58,55.45,FMCG / Consumer,8.0,0.0,0.0,0.0,7.0,15.0,0.5,,"Revenue contraction, Earnings contraction",0.0,15.0,,47.4,15.0,"Low volume participation, Revenue contraction, Earnings contraction",27.86,Avoid,"Above 50 DMA, Above 200 DMA, Strong but overbought RSI, Strong 1M absolute return, Positive 3M return, Positive 6M return, 1M Nifty outperformance, 3M Nifty outperformance, 6M Nifty outperformance, Positive across 1M/3M/6M, 80.0% of closes stayed inside the range | Range width 22.2% | Currently 100.0% through the range"
MARUTI,Consumer Cyclical,Auto Manufacturers,13181.62,0.0,7763.06,17197.29,69.8,23.35,50.71,13412.14,14656.18,547555.05,0.0,0.0,Bearish,20.0,Healthy RSI momentum,6.44,-10.51,-18.37,7.46,-4.68,-6.97,-1.02,-5.83,-11.4,8.0,Positive 1M return,78.12,Accumulation Zone,70.87,12666.69,16417.42,29.61,13.73,80.0% of closes stayed inside the range | Range width 29.6% | Currently 13.7% through the range,13.7,9.86,8.35,8.29,272.54,278.43,0.1,1.07,0.76,66.9,102.5,19099.9,8702.3,30.423,22.9458,4.071,100.0,0.239,436233.54,26.35,Automobile,11.0,20.0,11.0,17.0,11.0,70.0,1.0,,,2.0,72.0,General low-debt support,42.06,11.0,"Below 200 DMA, Low volume participation",27.51,Avoid,"Healthy RSI momentum, Positive 1M return, 80.0% of closes stayed inside the range | Range width 29.6% | Currently 13.7% through the range"
IDFCFIRSTB,Financial Services,Banks - Regional,69.44,0.0,42.78,100.08,62.29,30.62,56.7,67.87,74.61,23734169.05,0.0,0.0,Bullish,35.0,"Above 50 DMA, Healthy RSI momentum",15.72,-16.03,-12.07,7.46,-4.68,-6.97,8.26,-11.35,-5.1,25.0,"Strong 1M absolute return, 1M Nifty outperformance",51.03,Accumulation Zone,70.92,63.03,84.61,34.25,29.7,80.0% of closes stayed inside the range | Range width 34.2% | Currently 29.7% through the range,3.4,0.4,,5.47,286.55,236.48,77.28,,,12766.5,36632.64,6816.64,6039.24,33.1274,12.8729,1.5569,30.0,,73970.07,0.0,Banking,0.0,20.0,4.0,17.0,13.0,54.0,0.79,,,-5.0,49.0,Weak ROE for a leveraged-balance-sheet business,40.6,11.0,"Below 200 DMA, Low volume participation",27.24,Avoid,"Above 50 DMA, Healthy RSI momentum, Strong 1M absolute return, 1M Nifty outperformance, 80.0% of closes stayed inside the range | Range width 34.2% | Currently 29.7% through the range"
YESBANK,Financial Services,Banks - Regional,19.93,0.0,14.4,32.85,38.4,39.33,55.47,19.54,20.91,101595513.2,0.0,0.0,Bullish,35.0,"Above 50 DMA, Healthy RSI momentum",11.28,-7.22,-12.32,7.46,-4.68,-6.97,3.82,-2.54,-5.35,15.0,Strong 1M absolute return,70.62,Lower Range Watch,73.48,18.63,22.84,22.57,30.81,80.8% of closes stayed inside the range | Range width 22.6% | Currently 30.8% through the range,6.86,0.75,,19.05,341.15,267.12,127.94,,,66277.86,65450.82,21216.85,20477.78,19.15,12.6515,1.4297,,0.485,72129.13,0.0,Banking,6.0,20.0,5.0,17.0,13.0,61.0,0.71,Cash covers debt,,-5.0,56.0,Weak ROE for a leveraged-balance-sheet business,40.6,11.0,"Below 200 DMA, Low volume participation",27.19,Avoid,"Above 50 DMA, Healthy RSI momentum, Cash covers debt, Strong 1M absolute return, 80.8% of closes stayed inside the range | Range width 22.6% | Currently 30.8% through the range"
PERSISTENT,Technology,Information Technology Services,4783.39,0.0,1500.77,6700.89,218.73,28.62,36.77,4975.58,5547.94,792279.0,0.0,0.0,Bearish,8.0,Weak but watchable RSI,-4.93,-22.74,-17.33,7.46,-4.68,-6.97,-12.39,-18.06,-10.36,0.0,,92.68,Accumulation Zone,69.01,4713.98,6349.54,34.7,4.24,80.0% of closes stayed inside the range | Range width 34.7% | Currently 4.2% through the range,23.8,16.39,16.37,12.65,290.36,324.42,6.09,2.43,,1074.91,477.45,1767.13,1558.55,44.7405,30.8947,10.9263,65.0,0.082,85520.87,31.68,IT / Technology,19.0,20.0,17.0,17.0,7.0,80.0,0.93,"Strong ROE, Cash covers debt",,5.0,85.0,Strong ROE for an asset-light business,40.83,11.0,"Below 200 DMA, Low volume participation",26.87,Avoid,"Weak but watchable RSI, Strong ROE, Cash covers debt, 80.0% of closes stayed inside the range | Range width 34.7% | Currently 4.2% through the range"
POLICYBZR,Financial Services,Insurance Brokers,1666.2,0.0,356.2,2246.9,367.77,25.84,64.34,1516.4,1706.55,1508360.25,0.0,0.0,Bullish,35.0,"Above 50 DMA, Healthy RSI momentum",16.27,0.79,-4.76,7.46,-4.68,-6.97,8.81,5.47,2.21,35.0,"Strong 1M absolute return, Positive 3M return, 1M Nifty outperformance",36.6,Neutral Range,68.92,1462.03,1882.78,28.78,48.53,80.0% of closes stayed inside the range | Range width 28.8% | Currently 48.5% through the range,9.16,7.69,5.49,9.86,283.59,253.75,4.93,4.41,,746.26,360.15,41.49,-38.41,107.8784,51.9191,10.9914,,0.375,80349.11,64.25,Financial Services,7.0,20.0,17.0,9.0,3.0,56.0,0.86,Cash covers debt,"Negative free cash flow, Very high PE",-4.0,52.0,Expensive relative to book value for this sector,40.6,15.0,"Below 200 DMA, Low volume participation, Negative free cash flow",26.79,Avoid,"Above 50 DMA, Healthy RSI momentum, Cash covers debt, Strong 1M absolute return, Positive 3M return, 1M Nifty outperformance, 80.0% of closes stayed inside the range | Range width 28.8% | Currently 48.5% through the range"
KOTAKBANK,Financial Services,Banks - Regional,382.64,0.0,307.55,459.06,24.42,16.65,54.24,385.27,409.32,17278422.55,0.0,0.0,Bearish,25.0,"Healthy RSI momentum, Near 52W low zone",7.65,-7.06,-11.31,7.46,-4.68,-6.97,0.19,-2.38,-4.34,8.0,Positive 1M return,84.54,Accumulation Zone,72.77,369.71,431.81,16.8,20.82,80.0% of closes stayed inside the range | Range width 16.8% | Currently 20.8% through the range,10.64,1.92,,25.45,270.44,291.69,52.64,,,103482.84,95393.53,41726.51,40668.54,19.2649,15.2838,2.1432,17.0,0.275,388409.46,0.0,Banking,8.0,20.0,7.0,17.0,15.0,67.0,0.79,Cash covers debt,,0.0,67.0,,40.6,11.0,"Below 200 DMA, Low volume participation",26.79,Avoid,"Healthy RSI momentum, Near 52W low zone, Cash covers debt, Positive 1M return, 80.0% of closes stayed inside the range | Range width 16.8% | Currently 20.8% through the range"
MUTHOOTFIN,Financial Services,Credit Services,3424.2,0.0,861.43,4114.71,297.5,16.78,48.12,3377.46,3296.6,602146.3,0.0,0.0,Bullish,42.0,"Above 50 DMA, Above 200 DMA, RSI recovering",6.06,-12.7,8.52,7.46,-4.68,-6.97,-1.4,-8.02,15.49,33.0,"Positive 1M return, Positive 6M return, 6M Nifty outperformance",41.75,Accumulation Zone,74.76,3241.73,3888.65,19.96,28.21,80.0% of closes stayed inside the range | Range width 20.0% | Currently 28.2% through the range,27.06,5.41,,52.26,280.88,277.68,385.98,,,13020.69,151035.82,-47392.65,-47545.39,10.2879,9.0103,2.951,1.03,0.529,115474.38,100.0,Financial Services,16.0,20.0,0.0,0.0,14.0,50.0,0.79,Strong ROE,"Very high debt, Negative operating cash flow, Negative free cash flow",12.0,62.0,"High leverage is structural for this sector, Strong ROE for a leveraged-balance-sheet business",40.6,20.0,"Low volume participation, Very high debt, Negative operating cash flow, Negative free cash flow",26.54,Avoid,"Above 50 DMA, Above 200 DMA, RSI recovering, Strong ROE, Positive 1M return, Positive 6M return, 6M Nifty outperformance, 80.0% of closes stayed inside the range | Range width 20.0% | Currently 28.2% through the range"
IOB,Financial Services,Banks - Regional,35.0,0.0,16.8,83.75,108.33,58.21,55.08,34.3,36.92,5320252.0,0.0,0.0,Bullish,35.0,"Above 50 DMA, Healthy RSI momentum",7.99,-0.71,-13.77,7.46,-4.68,-6.97,0.53,3.97,-6.8,8.0,Positive 1M return,84.54,Lower Range Watch,72.77,33.02,38.84,17.63,34.0,80.0% of closes stayed inside the range | Range width 17.6% | Currently 34.0% through the range,14.65,1.15,,29.42,283.9,279.67,139.5,,,25222.57,51602.57,4779.66,4133.77,11.4712,37.6,1.6756,,0.253,65164.3,0.0,Banking,10.0,20.0,2.0,17.0,10.0,59.0,0.71,,,0.0,59.0,,40.6,11.0,"Below 200 DMA, Low volume participation",26.49,Avoid,"Above 50 DMA, Healthy RSI momentum, Positive 1M return, 80.0% of closes stayed inside the range | Range width 17.6% | Currently 34.0% through the range"
MRF,Consumer Cyclical,Auto Parts,129484.0,0.0,78177.46,163308.5,65.63,20.71,40.36,135518.17,146078.59,7166.9,0.0,0.0,Bearish,8.0,Weak but watchable RSI,0.48,-3.87,-18.59,7.46,-4.68,-6.97,-6.98,0.81,-11.62,8.0,Positive 1M return,78.12,Accumulation Zone,72.03,129878.31,154260.19,18.77,0.0,80.0% of closes stayed inside the range | Range width 18.8% | Currently 0.0% through the range,11.57,7.59,10.42,7.84,284.22,250.68,15.29,1.65,1.04,304.59,3206.66,4590.3,3156.05,22.9289,19.5371,2.6445,35.0,,55467.79,35.97,Automobile,10.0,20.0,15.0,17.0,13.0,75.0,1.0,,,2.0,77.0,General low-debt support,42.06,11.0,"Below 200 DMA, Low volume participation",26.26,Avoid,"Weak but watchable RSI, Positive 1M return, 80.0% of closes stayed inside the range | Range width 18.8% | Currently 0.0% through the range"
COFORGE,Technology,Information Technology Services,1190.39,0.0,611.3,1975.81,94.73,39.75,45.76,1198.82,1592.14,2962382.6,0.0,0.0,Bearish,12.0,RSI recovering,3.64,-29.24,-33.62,7.46,-4.68,-6.97,-3.82,-24.56,-26.65,8.0,Positive 1M return,69.51,Accumulation Zone,65.19,1138.88,1853.96,62.79,7.2,80.0% of closes stayed inside the range | Range width 62.8% | Currently 7.2% through the range,16.31,10.45,14.42,9.48,291.65,521.78,7.63,1.61,,1093.6,727.8,1791.7,1049.2,37.3136,25.1184,6.3441,88.0,0.294,79750.75,37.25,IT / Technology,14.0,20.0,16.0,17.0,7.0,74.0,0.93,Cash covers debt,,0.0,74.0,,40.83,11.0,"Below 200 DMA, Low volume participation",26.02,Avoid,"RSI recovering, Cash covers debt, Positive 1M return, 80.0% of closes stayed inside the range | Range width 62.8% | Currently 7.2% through the range"
IDBI,Financial Services,Banks - Regional,75.88,0.0,36.58,118.38,107.45,35.9,46.39,86.31,94.43,15248135.25,0.0,0.0,Bearish,12.0,RSI recovering,12.17,-23.87,-25.74,7.46,-4.68,-6.97,4.71,-19.19,-18.77,15.0,Strong 1M absolute return,70.62,Accumulation Zone,67.09,73.52,111.0,50.98,6.3,80.0% of closes stayed inside the range | Range width 51.0% | Currently 6.3% through the range,13.43,1.97,,48.87,319.79,371.32,33.7,,,59742.63,23103.75,16761.75,16434.32,9.511,16.8286,1.2551,2.43,0.832,88664.31,0.0,Banking,10.0,20.0,10.0,17.0,12.0,69.0,0.79,Cash covers debt,,0.0,69.0,,40.6,11.0,"Below 200 DMA, Low volume participation",25.99,Avoid,"RSI recovering, Cash covers debt, Strong 1M absolute return, 80.0% of closes stayed inside the range | Range width 51.0% | Currently 6.3% through the range"
GODREJCP,Consumer Defensive,Household & Personal Products,1055.99,0.0,754.09,1488.38,40.03,29.05,45.72,1086.77,1150.49,1540010.7,0.0,0.0,Bearish,12.0,RSI recovering,6.97,-8.54,-3.5,7.46,-4.68,-6.97,-0.49,-3.86,3.47,8.0,Positive 1M return,88.0,Accumulation Zone,70.88,1030.11,1218.1,18.25,13.77,80.0% of closes stayed inside the range | Range width 18.2% | Currently 13.8% through the range,14.71,8.73,19.27,12.33,270.15,273.86,34.9,0.91,0.7,976.87,4415.81,2488.46,1918.94,54.9517,33.3113,7.3619,1.95,0.368,93120.75,49.72,FMCG / Consumer,18.0,20.0,7.0,17.0,6.0,68.0,1.0,,,3.0,71.0,"Low debt, typical of a healthy consumer business",47.4,11.0,"Below 200 DMA, Low volume participation",25.96,Avoid,"RSI recovering, Positive 1M return, 80.0% of closes stayed inside the range | Range width 18.2% | Currently 13.8% through the range"
SHREECEM,Basic Materials,Building Materials,24132.27,0.0,19811.99,32314.19,21.81,25.32,44.41,24632.77,27427.93,33431.15,0.0,0.0,Bearish,13.0,"Weak but watchable RSI, Near 52W low zone",4.0,-11.95,-15.12,7.46,-4.68,-6.97,-3.46,-7.27,-8.15,8.0,Positive 1M return,84.75,Accumulation Zone,71.41,23605.14,27261.14,15.49,14.42,80.0% of closes stayed inside the range | Range width 15.5% | Currently 14.4% through the range,7.49,5.54,9.02,8.47,328.87,553.75,8.03,2.16,1.76,109.77,1868.14,3794.07,1884.91,56.6297,37.086,10.0126,55.0,,92258.47,73.54,Cement / Realty,5.0,20.0,17.0,17.0,7.0,66.0,1.0,,,2.0,68.0,General low-debt support,50.01,11.0,"Below 200 DMA, Low volume participation",25.55,Avoid,"Weak but watchable RSI, Near 52W low zone, Positive 1M return, 80.0% of closes stayed inside the range | Range width 15.5% | Currently 14.4% through the range"
ENDURANCE,Consumer Cyclical,Auto Parts,2321.04,0.0,1160.92,3067.27,99.93,24.33,46.48,2392.63,2611.82,86211.8,0.0,0.0,Bearish,12.0,RSI recovering,3.49,-2.68,-20.35,7.46,-4.68,-6.97,-3.97,2.0,-13.38,8.0,Positive 1M return,78.12,Accumulation Zone,73.27,2318.45,2675.79,15.41,0.72,80.0% of closes stayed inside the range | Range width 15.4% | Currently 0.7% through the range,13.91,8.19,8.65,6.64,297.42,329.39,19.39,1.55,1.21,874.77,1326.66,1850.72,554.91,44.723,30.1333,6.2092,38.0,0.723,42475.96,42.33,Automobile,11.0,20.0,15.0,17.0,7.0,70.0,1.0,,,2.0,72.0,General low-debt support,42.06,11.0,"Below 200 DMA, Low volume participation",25.51,Avoid,"RSI recovering, Positive 1M return, 80.0% of closes stayed inside the range | Range width 15.4% | Currently 0.7% through the range"
COROMANDEL,Basic Materials,Agricultural Inputs,1979.77,0.0,814.36,2705.59,143.11,26.83,43.31,2072.07,2234.56,382058.65,0.0,0.0,Bearish,8.0,Weak but watchable RSI,3.28,-11.84,-11.22,7.46,-4.68,-6.97,-4.18,-7.16,-4.25,8.0,Positive 1M return,84.75,Accumulation Zone,72.22,1992.0,2340.23,17.48,0.0,80.0% of closes stayed inside the range | Range width 17.5% | Currently 0.0% through the range,15.58,7.98,14.23,9.67,130.35,286.68,51.99,1.51,0.83,422.53,6528.29,1557.54,17.07,33.365,21.4553,4.8621,53.0,0.143,61057.99,23.99,General,12.0,20.0,8.0,17.0,11.0,68.0,1.0,,,2.0,70.0,General low-debt support,50.01,11.0,"Below 200 DMA, Low volume participation",25.0,Avoid,"Weak but watchable RSI, Positive 1M return, 80.0% of closes stayed inside the range | Range width 17.5% | Currently 0.0% through the range"
ULTRACEMCO,Basic Materials,Building Materials,11354.24,0.0,5786.89,12847.76,96.21,11.62,47.45,11515.12,11840.99,350378.15,0.0,0.0,Bearish,12.0,RSI recovering,8.14,-9.25,-2.89,7.46,-4.68,-6.97,0.68,-4.57,4.08,8.0,Positive 1M return,84.75,Accumulation Zone,69.11,10876.0,12562.68,15.51,28.35,80.0% of closes stayed inside the range | Range width 15.5% | Currently 28.4% through the range,10.66,5.78,14.01,9.34,300.3,373.26,31.0,0.75,0.46,354.48,23755.09,15315.86,5638.09,41.0332,27.5174,4.5645,2.04,0.505,349797.12,58.4,Cement / Realty,10.0,20.0,7.0,17.0,9.0,63.0,1.0,,,2.0,65.0,General low-debt support,50.01,11.0,"Below 200 DMA, Low volume participation",24.25,Avoid,"RSI recovering, Positive 1M return, 80.0% of closes stayed inside the range | Range width 15.5% | Currently 28.4% through the range"
BHARTIHEXA,Communication Services,Telecom Services,1500.89,0.0,740.06,2019.43,102.81,25.68,44.94,1550.22,1685.22,201605.1,0.0,0.0,Bearish,8.0,Weak but watchable RSI,3.53,-1.16,-17.82,7.46,-4.68,-6.97,-3.93,3.52,-10.85,8.0,Positive 1M return,80.0,Accumulation Zone,72.08,1504.91,1782.88,18.47,0.0,80.0% of closes stayed inside the range | Range width 18.5% | Currently 0.0% through the range,24.19,9.1,30.59,18.53,296.38,265.89,81.77,0.38,,33.0,5858.7,4464.0,2981.1,40.7012,23.3453,10.3696,1.19,0.085,74300.0,59.93,Telecom,22.0,20.0,4.0,17.0,6.0,69.0,0.93,Strong ROE,,2.0,71.0,General quality ROE,42.26,11.0,"Below 200 DMA, Low volume participation",24.19,Avoid,"Weak but watchable RSI, Strong ROE, Positive 1M return, 80.0% of closes stayed inside the range | Range width 18.5% | Currently 0.0% through the range"
BPCL,Energy,Oil & Gas Refining & Marketing,300.45,0.0,121.3,391.65,147.69,23.29,44.12,320.9,331.19,13143270.4,0.0,0.0,Bearish,8.0,Weak but watchable RSI,6.83,-14.74,-7.43,7.46,-4.68,-6.97,-0.63,-10.06,-0.46,8.0,Positive 1M return,96.67,Accumulation Zone,70.23,296.91,374.81,26.24,4.54,80.0% of closes stayed inside the range | Range width 26.2% | Currently 4.5% through the range,25.8,10.39,8.34,5.74,278.31,259.52,54.33,0.79,0.29,319.99,54424.42,50768.99,31344.17,7.9033,7.9415,1.3525,6.29,0.873,135440.94,12.75,Energy / Utilities,12.0,20.0,4.0,17.0,12.0,65.0,1.0,Strong ROE,,4.0,69.0,"General quality ROE, General low-debt support",46.78,11.0,"Below 200 DMA, Low volume participation",24.17,Avoid,"Weak but watchable RSI, Strong ROE, Positive 1M return, 80.0% of closes stayed inside the range | Range width 26.2% | Currently 4.5% through the range"
LTF,Financial Services,Credit Services,276.88,0.0,68.12,326.09,306.44,15.09,51.08,272.79,263.63,5480716.35,0.0,0.0,Bullish,50.0,"Above 50 DMA, Above 200 DMA, Healthy RSI momentum",14.34,-3.34,4.24,7.46,-4.68,-6.97,6.88,1.34,11.21,35.0,"Strong 1M absolute return, Positive 6M return, 1M Nifty outperformance",36.6,Lower Range Watch,75.02,258.63,304.2,17.62,40.05,80.0% of closes stayed inside the range | Range width 17.6% | Currently 40.1% through the range,10.65,2.1,,28.03,291.4,303.62,394.15,,,5877.63,110297.66,-14189.24,-14428.7,25.0158,16.2301,2.83,87.0,0.64,79491.77,99.53,Financial Services,8.0,20.0,0.0,0.0,13.0,41.0,0.79,,"Very high debt, Negative operating cash flow, Negative free cash flow",6.0,47.0,High leverage is structural for this sector,40.6,20.0,"Low volume participation, Very high debt, Negative operating cash flow, Negative free cash flow",23.79,Avoid,"Above 50 DMA, Above 200 DMA, Healthy RSI momentum, Strong 1M absolute return, Positive 6M return, 1M Nifty outperformance, 80.0% of closes stayed inside the range | Range width 17.6% | Currently 40.1% through the range"
M&M,Consumer Cyclical,Auto Manufacturers,3065.31,0.0,1083.49,3799.99,182.91,19.33,46.45,3166.16,3400.29,2783505.3,0.0,0.0,Bearish,12.0,RSI recovering,2.18,-10.2,-13.46,7.46,-4.68,-6.97,-5.28,-5.52,-6.49,8.0,Positive 1M return,78.12,Accumulation Zone,71.19,3013.35,3683.96,22.25,7.75,80.0% of closes stayed inside the range | Range width 22.3% | Currently 7.7% through the range,18.37,5.38,15.55,8.86,274.37,265.78,143.9,1.27,1.08,4292.24,133963.15,11657.36,2051.91,21.0528,21.6049,4.0858,95.0,0.291,408691.44,38.59,Automobile,14.0,20.0,6.0,17.0,8.0,65.0,1.0,Strong ROE,,2.0,67.0,General quality ROE,42.06,11.0,"Below 200 DMA, Low volume participation",23.76,Avoid,"RSI recovering, Strong ROE, Positive 1M return, 80.0% of closes stayed inside the range | Range width 22.3% | Currently 7.7% through the range"
TATACOMM,Communication Services,Telecom Services,1566.26,0.0,1021.76,2123.7,53.29,26.25,58.02,1499.65,1663.7,514036.95,0.0,0.0,Bullish,35.0,"Above 50 DMA, Healthy RSI momentum",13.69,3.34,-17.11,7.46,-4.68,-6.97,6.23,8.02,-10.14,35.0,"Strong 1M absolute return, Positive 3M return, 1M Nifty outperformance",40.0,Lower Range Watch,71.11,1427.33,1830.31,28.23,34.48,80.0% of closes stayed inside the range | Range width 28.2% | Currently 34.5% through the range,29.06,3.53,8.29,4.04,300.44,174.19,355.35,0.49,0.48,641.96,12248.9,4479.1,2045.92,52.3267,22.1678,14.3548,100.0,0.816,49484.61,27.46,Telecom,8.0,20.0,0.0,17.0,7.0,52.0,1.0,Strong ROE,Very high debt,2.0,54.0,General quality ROE,42.26,19.0,"Below 200 DMA, Low volume participation, Very high debt",23.74,Avoid,"Above 50 DMA, Healthy RSI momentum, Strong ROE, Strong 1M absolute return, Positive 3M return, 1M Nifty outperformance, 80.0% of closes stayed inside the range | Range width 28.2% | Currently 34.5% through the range"
NAUKRI,Communication Services,Internet Content & Information,969.86,0.0,650.59,1808.5,49.07,46.37,40.24,1009.06,1254.4,1653273.25,0.0,0.0,Bearish,8.0,Weak but watchable RSI,-1.26,-25.0,-29.52,7.46,-4.68,-6.97,-8.72,-20.32,-22.55,0.0,,96.67,Accumulation Zone,68.98,976.18,1357.96,39.11,0.0,80.0% of closes stayed inside the range | Range width 39.1% | Currently 0.0% through the range,3.82,3.05,32.44,44.14,300.86,433.6,0.68,2.47,,365.42,258.53,1076.43,1001.4,54.3867,57.9013,2.2877,1.06,0.288,86732.07,56.39,Telecom,12.0,20.0,17.0,17.0,7.0,73.0,0.93,Cash covers debt,,2.0,75.0,General low-debt support,42.26,11.0,"Below 200 DMA, Low volume participation",23.59,Avoid,"Weak but watchable RSI, Cash covers debt, 80.0% of closes stayed inside the range | Range width 39.1% | Currently 0.0% through the range"
UNIONBANK,Financial Services,Banks - Regional,161.18,0.0,34.45,199.6,367.93,19.25,36.58,177.56,152.36,19232799.2,0.0,0.0,Bearish,23.0,"Above 200 DMA, Weak but watchable RSI",-3.32,-8.79,12.83,7.46,-4.68,-6.97,-10.78,-4.11,19.8,25.0,"Positive 6M return, 6M Nifty outperformance",51.03,Lower Range Watch,68.68,147.52,184.24,24.89,37.2,80.0% of closes stayed inside the range | Range width 24.9% | Currently 37.2% through the range,14.55,1.22,,33.05,301.78,283.04,55.26,,,96043.36,73797.87,-35798.35,-39022.13,6.9131,6.9857,1.0231,2.74,0.893,142748.43,0.0,Banking,10.0,20.0,7.0,0.0,12.0,49.0,0.79,Cash covers debt,"Negative operating cash flow, Negative free cash flow",0.0,49.0,,40.6,12.0,"Low volume participation, Negative operating cash flow, Negative free cash flow",23.24,Avoid,"Above 200 DMA, Weak but watchable RSI, Cash covers debt, Positive 6M return, 6M Nifty outperformance, 80.0% of closes stayed inside the range | Range width 24.9% | Currently 37.2% through the range"
ICICIBANK,Financial Services,Banks - Regional,1252.84,0.0,770.28,1476.07,62.65,15.12,40.28,1303.51,1362.48,18679427.2,0.0,0.0,Bearish,8.0,Weak but watchable RSI,4.18,-7.63,-7.31,7.46,-4.68,-6.97,-3.28,-2.95,-0.34,8.0,Positive 1M return,84.54,Accumulation Zone,73.08,1252.47,1396.45,11.5,0.25,80.0% of closes stayed inside the range | Range width 11.5% | Currently 0.3% through the range,14.93,1.86,,24.26,533.01,332.35,57.19,,,290248.95,207617.34,67325.42,63595.42,18.4855,15.2309,2.6994,84.0,0.261,1026998.09,0.0,Banking,10.0,20.0,7.0,17.0,15.0,69.0,0.79,Cash covers debt,,0.0,69.0,,40.6,11.0,"Below 200 DMA, Low volume participation",23.24,Avoid,"Weak but watchable RSI, Cash covers debt, Positive 1M return, 80.0% of closes stayed inside the range | Range width 11.5% | Currently 0.3% through the range"
GODREJPROP,Real Estate,Real Estate - Development,1826.37,0.0,1000.17,3386.33,82.61,46.07,62.57,1692.38,1947.15,1043562.85,0.0,0.0,Bullish,35.0,"Above 50 DMA, Healthy RSI momentum",21.69,18.38,-20.09,7.46,-4.68,-6.97,14.23,23.06,-13.12,50.0,"Strong 1M absolute return, Positive 3M return, 1M Nifty outperformance, 3M Nifty outperformance",40.0,Neutral Range,67.78,1552.59,2114.35,36.18,48.74,80.0% of closes stayed inside the range | Range width 36.2% | Currently 48.7% through the range,9.66,2.26,-10.5,36.82,908.43,848.04,82.97,1.27,0.3,1860.74,15894.09,-2003.34,-2409.38,38.3153,18.06,3.1684,49.0,0.478,60697.14,42.86,Cement / Realty,8.0,20.0,6.0,0.0,9.0,43.0,1.0,,"Negative operating cash flow, Negative free cash flow",0.0,43.0,,45.08,20.0,"Below 200 DMA, Low volume participation, Negative operating cash flow, Negative free cash flow",23.06,Avoid,"Above 50 DMA, Healthy RSI momentum, Strong 1M absolute return, Positive 3M return, 1M Nifty outperformance, 3M Nifty outperformance, 80.0% of closes stayed inside the range | Range width 36.2% | Currently 48.7% through the range"
BANKBARODA,Financial Services,Banks - Regional,255.21,0.0,103.5,315.3,146.58,19.06,38.45,274.49,264.89,10359455.8,0.0,0.0,Bearish,8.0,Weak but watchable RSI,4.54,-13.96,-4.87,7.46,-4.68,-6.97,-2.92,-9.28,2.1,8.0,Positive 1M return,84.54,Accumulation Zone,72.95,263.86,297.27,12.66,0.0,80.0% of closes stayed inside the range | Range width 12.7% | Currently 0.0% through the range,11.97,0.94,,26.51,285.67,264.63,93.63,,,160823.12,155296.59,33426.12,31610.09,7.149,5.892,0.77,3.45,0.43,129801.19,0.0,Banking,8.0,20.0,7.0,17.0,15.0,67.0,0.79,Cash covers debt,,0.0,67.0,,40.6,11.0,"Below 200 DMA, Low volume participation",22.54,Avoid,"Weak but watchable RSI, Cash covers debt, Positive 1M return, 80.0% of closes stayed inside the range | Range width 12.7% | Currently 0.0% through the range"
ZYDUSLIFE,Healthcare,Drug Manufacturers - Specialty & Generic,891.1,0.0,341.92,1308.13,160.61,31.88,43.26,905.66,942.08,711120.55,0.0,0.0,Bearish,8.0,Weak but watchable RSI,3.32,-0.56,-10.92,7.46,-4.68,-6.97,-4.14,4.12,-3.95,8.0,Positive 1M return,90.0,Accumulation Zone,71.25,881.12,938.08,6.46,17.52,80.0% of closes stayed inside the range | Range width 6.5% | Currently 17.5% through the range,18.59,9.62,21.66,18.86,294.07,383.64,46.09,1.27,0.91,855.2,12496.0,2116.6,-554.9,26.8374,24.5592,4.4723,8.0,0.37,120199.21,72.11,Pharma / Healthcare,21.0,20.0,9.0,9.0,11.0,70.0,1.0,Strong ROE,Negative free cash flow,4.0,74.0,"General quality ROE, General low-debt support",50.08,15.0,"Below 200 DMA, Low volume participation, Negative free cash flow",22.41,Avoid,"Weak but watchable RSI, Strong ROE, Positive 1M return, 80.0% of closes stayed inside the range | Range width 6.5% | Currently 17.5% through the range"
PIRAMALFIN,Financial Services,Credit Services,1987.33,0.0,1252.89,2061.51,58.62,3.6,68.85,1782.7,,907474.9,0.0,0.0,Bullish,45.0,"Above 50 DMA, Healthy RSI momentum, Near 52W high momentum",11.45,11.72,,7.46,-4.68,-6.97,3.99,16.4,,40.0,"Strong 1M absolute return, Positive 3M return, 3M Nifty outperformance",31.96,Profit Booking Zone,79.15,1507.87,1836.48,21.79,100.0,79.8% of closes stayed inside the range | Range width 21.8% | Currently 100.0% through the range,5.34,1.36,3.91,14.51,262.95,275.92,284.17,1.81,,4123.12,79989.21,-15892.3,-16008.75,27.7736,14.2337,1.6651,52.0,,46857.6,98.62,Financial Services,5.0,20.0,4.0,0.0,13.0,42.0,0.93,,"Very high debt, Negative operating cash flow, Negative free cash flow",1.0,43.0,"High leverage is structural for this sector, Weak ROE for a leveraged-balance-sheet business",40.6,20.0,"Low volume participation, Very high debt, Negative operating cash flow, Negative free cash flow",22.39,Avoid,"Above 50 DMA, Healthy RSI momentum, Near 52W high momentum, Strong 1M absolute return, Positive 3M return, 3M Nifty outperformance, 79.8% of closes stayed inside the range | Range width 21.8% | Currently 100.0% through the range"
HDFCBANK,Financial Services,Banks - Regional,759.14,0.0,646.11,1003.9,17.49,24.38,41.2,810.72,923.3,40310172.0,0.0,0.0,Bearish,13.0,"Weak but watchable RSI, Near 52W low zone",3.97,-17.26,-23.1,7.46,-4.68,-6.97,-3.49,-12.58,-16.13,8.0,Positive 1M return,84.54,Accumulation Zone,71.75,769.39,981.92,27.62,0.0,80.0% of closes stayed inside the range | Range width 27.6% | Currently 0.0% through the range,8.63,1.34,,36.6,125.63,333.51,81.34,,,365067.39,664364.04,111855.99,106577.63,15.924,11.6454,1.8511,1.78,0.414,1123335.9,0.0,Banking,8.0,20.0,4.0,17.0,14.0,63.0,0.79,,,0.0,63.0,,40.6,11.0,"Below 200 DMA, Low volume participation",22.39,Avoid,"Weak but watchable RSI, Near 52W low zone, Positive 1M return, 80.0% of closes stayed inside the range | Range width 27.6% | Currently 0.0% through the range"
SCHAEFFLER,Consumer Cyclical,Auto Parts,4124.8,0.0,2474.05,4869.38,66.72,15.29,52.86,4011.66,3944.12,121161.95,0.0,0.0,Bullish,50.0,"Above 50 DMA, Above 200 DMA, Healthy RSI momentum",7.44,14.24,7.41,7.46,-4.68,-6.97,-0.02,18.92,14.38,53.0,"Positive 1M return, Positive 3M return, Positive 6M return, 3M Nifty outperformance, Positive across 1M/3M/6M",24.22,Profit Booking Zone,80.75,3737.8,4159.11,11.27,91.86,80.0% of closes stayed inside the range | Range width 11.3% | Currently 91.9% through the range,,,15.0,12.22,-72.93,-72.52,,,,,,,,51.4953,40.9915,10.512,84.0,0.118,64487.76,38.41,Automobile,8.0,0.0,0.0,0.0,7.0,15.0,0.5,,"Revenue contraction, Earnings contraction",0.0,15.0,,42.06,15.0,"Low volume participation, Revenue contraction, Earnings contraction",22.31,Avoid,"Above 50 DMA, Above 200 DMA, Healthy RSI momentum, Positive 1M return, Positive 3M return, Positive 6M return, 3M Nifty outperformance, Positive across 1M/3M/6M, 80.0% of closes stayed inside the range | Range width 11.3% | Currently 91.9% through the range"
PNB,Financial Services,Banks - Regional,106.27,0.0,29.62,133.38,258.72,20.32,43.33,111.94,112.66,17048081.2,0.0,0.0,Bearish,8.0,Weak but watchable RSI,5.15,-12.16,-9.72,7.46,-4.68,-6.97,-2.31,-7.48,-2.75,8.0,Positive 1M return,84.54,Accumulation Zone,72.66,106.91,122.49,14.57,0.0,80.0% of closes stayed inside the range | Range width 14.6% | Currently 0.0% through the range,12.26,0.9,,29.37,297.88,231.05,57.52,,,164121.98,86268.23,25635.41,24010.83,6.1872,6.9245,0.8745,2.63,0.504,136743.04,0.0,Banking,10.0,20.0,7.0,17.0,12.0,66.0,0.79,Cash covers debt,,0.0,66.0,,40.6,11.0,"Below 200 DMA, Low volume participation",22.19,Avoid,"Weak but watchable RSI, Cash covers debt, Positive 1M return, 80.0% of closes stayed inside the range | Range width 14.6% | Currently 0.0% through the range"
SHRIRAMFIN,Financial Services,Credit Services,932.08,0.0,213.18,1101.77,337.22,15.4,40.7,996.18,826.26,7057231.2,0.0,0.0,Bearish,23.0,"Above 200 DMA, Weak but watchable RSI",4.09,-7.99,30.31,7.46,-4.68,-6.97,-3.37,-3.31,37.28,43.0,"Positive 1M return, Strong 6M absolute return, 6M Nifty outperformance",30.93,Neutral Range,66.73,823.49,1053.58,27.94,47.19,80.0% of closes stayed inside the range | Range width 27.9% | Currently 47.2% through the range,15.21,3.12,,40.04,271.77,296.27,276.09,,,6185.08,181993.56,-13281.43,-13477.67,19.735,15.5658,3.1889,1.22,0.606,262875.3,96.81,Financial Services,10.0,20.0,0.0,0.0,12.0,42.0,0.79,,"Very high debt, Negative operating cash flow, Negative free cash flow",12.0,54.0,"High leverage is structural for this sector, Strong ROE for a leveraged-balance-sheet business",40.6,20.0,"Low volume participation, Very high debt, Negative operating cash flow, Negative free cash flow",21.49,Avoid,"Above 200 DMA, Weak but watchable RSI, Positive 1M return, Strong 6M absolute return, 6M Nifty outperformance, 80.0% of closes stayed inside the range | Range width 27.9% | Currently 47.2% through the range"
TATACAP,Financial Services,Credit Services,332.59,0.0,299.65,366.69,10.99,9.3,54.04,326.43,,2151562.1,0.0,0.0,Bullish,50.0,"Above 50 DMA, Healthy RSI momentum, Near 52W high momentum, Near 52W low zone",8.91,-1.57,0.62,7.46,-4.68,-6.97,1.45,3.11,7.59,18.0,"Positive 1M return, Positive 6M return",63.4,Lower Range Watch,75.71,316.55,356.08,12.49,40.59,80.0% of closes stayed inside the range | Range width 12.5% | Currently 40.6% through the range,10.57,1.67,28.95,16.29,286.08,285.57,496.64,1.16,,3640.56,227767.1,-37964.94,-38960.01,28.6534,17.3649,3.3748,16.0,,154773.7,99.92,Financial Services,13.0,20.0,2.0,0.0,11.0,46.0,0.93,,"Very high debt, Negative operating cash flow, Negative free cash flow",6.0,52.0,High leverage is structural for this sector,40.6,20.0,"Low volume participation, Very high debt, Negative operating cash flow, Negative free cash flow",21.29,Avoid,"Above 50 DMA, Healthy RSI momentum, Near 52W high momentum, Near 52W low zone, Positive 1M return, Positive 6M return, 80.0% of closes stayed inside the range | Range width 12.5% | Currently 40.6% through the range"
BALKRISIND,Consumer Cyclical,Auto Parts,2153.31,-1.78,1750.0,3327.52,23.05,35.29,41.97,2267.78,2367.83,173891.05,138178.0,0.79,Bearish,13.0,"Weak but watchable RSI, Near 52W low zone",3.73,-10.49,-6.84,7.46,-4.68,-6.97,-3.73,-5.81,0.13,8.0,Positive 1M return,78.12,Accumulation Zone,73.34,2157.79,2525.83,17.06,0.0,80.0% of closes stayed inside the range | Range width 17.1% | Currently 0.0% through the range,11.35,7.0,16.92,11.59,292.05,225.29,37.52,1.01,0.66,60.92,4110.82,2249.32,-753.97,34.3358,24.8272,4.406,75.0,0.321,48269.36,50.17,Automobile,10.0,20.0,9.0,9.0,11.0,59.0,1.0,,Negative free cash flow,2.0,61.0,General low-debt support,42.06,12.0,"Below 200 DMA, Negative free cash flow",20.91,Avoid,"Weak but watchable RSI, Near 52W low zone, Positive 1M return, 80.0% of closes stayed inside the range | Range width 17.1% | Currently 0.0% through the range"
AXISBANK,Financial Services,Banks - Regional,1267.32,0.0,705.29,1417.21,79.69,10.58,42.22,1301.24,1223.96,7261698.2,0.0,0.0,Bearish,23.0,"Above 200 DMA, Weak but watchable RSI",6.3,-3.9,1.77,7.46,-4.68,-6.97,-1.16,0.78,8.74,18.0,"Positive 1M return, Positive 6M return",63.4,Lower Range Watch,71.36,1220.46,1365.09,11.85,32.4,80.0% of closes stayed inside the range | Range width 11.9% | Currently 32.4% through the range,12.27,1.36,,29.96,298.26,276.35,130.45,,,118041.09,280510.62,-8636.71,-10846.71,13.8498,9.7233,1.7142,8.0,0.416,382872.22,0.0,Banking,10.0,20.0,2.0,0.0,15.0,47.0,0.79,,"Negative operating cash flow, Negative free cash flow",0.0,47.0,,40.6,12.0,"Low volume participation, Negative operating cash flow, Negative free cash flow",20.79,Avoid,"Above 200 DMA, Weak but watchable RSI, Positive 1M return, Positive 6M return, 80.0% of closes stayed inside the range | Range width 11.9% | Currently 32.4% through the range"
MOTILALOFS,Financial Services,Capital Markets,800.25,0.0,299.28,1267.92,167.39,36.89,58.92,735.22,858.25,1350761.25,0.0,0.0,Bullish,35.0,"Above 50 DMA, Healthy RSI momentum",17.68,2.1,-26.08,7.46,-4.68,-6.97,10.22,6.78,-19.11,35.0,"Strong 1M absolute return, Positive 3M return, 1M Nifty outperformance",36.6,Lower Range Watch,68.64,692.15,949.31,37.15,42.04,80.0% of closes stayed inside the range | Range width 37.2% | Currently 42.0% through the range,14.5,4.3,31.6,22.77,333.32,230.28,164.92,1.19,,5161.21,21255.12,-6070.7,-6159.71,27.5451,15.2672,4.2076,1.24,0.334,54253.42,62.9,Financial Services,16.0,20.0,2.0,0.0,10.0,48.0,0.93,,"Negative operating cash flow, Negative free cash flow",0.0,48.0,,40.6,20.0,"Below 200 DMA, Low volume participation, Negative operating cash flow, Negative free cash flow",20.39,Avoid,"Above 50 DMA, Healthy RSI momentum, Strong 1M absolute return, Positive 3M return, 1M Nifty outperformance, 80.0% of closes stayed inside the range | Range width 37.2% | Currently 42.0% through the range"
RVNL,Industrials,Engineering & Construction,297.65,0.0,29.19,639.13,919.59,53.43,54.77,287.05,322.83,9248609.8,0.0,0.0,Bullish,35.0,"Above 50 DMA, Healthy RSI momentum",13.34,-12.82,-9.2,7.46,-4.68,-6.97,5.88,-8.14,-2.23,25.0,"Strong 1M absolute return, 1M Nifty outperformance",71.84,Lower Range Watch,70.49,268.75,341.43,27.05,39.77,80.0% of closes stayed inside the range | Range width 27.0% | Currently 39.8% through the range,8.91,4.03,3.58,4.29,335.74,170.94,49.06,1.91,1.89,556.32,4818.49,-1889.37,-1950.33,53.4884,41.8182,4.8674,1.49,,47955.46,6.0,Capital Goods / Infra,2.0,20.0,14.0,0.0,8.0,44.0,1.0,,"Negative operating cash flow, Negative free cash flow",5.0,49.0,Strong order-book-driven revenue growth,52.61,20.0,"Below 200 DMA, Low volume participation, Negative operating cash flow, Negative free cash flow",20.04,Avoid,"Above 50 DMA, Healthy RSI momentum, Strong 1M absolute return, 1M Nifty outperformance, 80.0% of closes stayed inside the range | Range width 27.0% | Currently 39.8% through the range"
PWL,Consumer Defensive,Education & Training Services,108.58,0.0,77.72,161.99,39.71,32.97,62.0,94.95,,3764231.2,0.0,0.0,Bullish,35.0,"Above 50 DMA, Healthy RSI momentum",22.0,-13.08,,7.46,-4.68,-6.97,14.54,-8.4,,25.0,"Strong 1M absolute return, 1M Nifty outperformance",58.0,Neutral Range,63.4,86.07,135.52,57.46,45.52,78.6% of closes stayed inside the range | Range width 57.5% | Currently 45.5% through the range,-0.5,-0.29,-1.45,-0.58,260.26,-122.37,23.27,2.9,2.85,359.5,1052.11,833.24,490.17,,60.1859,7.8947,,,35431.59,31.52,General,0.0,10.0,15.0,17.0,0.0,42.0,0.86,,"Negative net margin, Earnings contraction",2.0,44.0,General low-debt support,47.4,18.0,"Low volume participation, Negative net margin, Earnings contraction",19.51,Avoid,"Above 50 DMA, Healthy RSI momentum, Strong 1M absolute return, 1M Nifty outperformance, 78.6% of closes stayed inside the range | Range width 57.5% | Currently 45.5% through the range"
AMBUJACEM,Basic Materials,Building Materials,442.01,0.0,309.86,700.9,42.65,36.94,46.96,454.7,534.35,2716610.55,0.0,0.0,Bearish,12.0,RSI recovering,5.67,-16.81,-19.95,7.46,-4.68,-6.97,-1.79,-12.13,-12.98,8.0,Positive 1M return,84.75,Accumulation Zone,69.56,427.83,554.83,29.69,11.17,80.0% of closes stayed inside the range | Range width 29.7% | Currently 11.2% through the range,7.97,5.28,7.74,11.83,292.61,2221.15,1.46,1.05,0.7,891.59,865.93,5361.53,-982.8,23.7585,28.9663,1.7535,47.0,0.221,104610.8,56.82,Cement / Realty,5.0,20.0,14.0,9.0,10.0,58.0,1.0,Cash covers debt,Negative free cash flow,2.0,60.0,General low-debt support,50.01,15.0,"Below 200 DMA, Low volume participation, Negative free cash flow",18.5,Avoid,"RSI recovering, Cash covers debt, Positive 1M return, 80.0% of closes stayed inside the range | Range width 29.7% | Currently 11.2% through the range"
ICICIGI,Financial Services,Insurance - Diversified,1756.53,0.0,1022.63,2270.75,71.77,22.65,41.79,1822.3,1894.39,606849.5,0.0,0.0,Bearish,8.0,Weak but watchable RSI,4.03,-3.24,-12.67,7.46,-4.68,-6.97,-3.43,1.44,-5.7,8.0,Positive 1M return,84.54,Accumulation Zone,72.89,1763.43,1993.74,13.06,0.0,80.0% of closes stayed inside the range | Range width 13.1% | Currently 0.0% through the range,16.66,3.64,13.33,9.85,307.56,320.78,,,,986.78,,,2378.63,33.8369,23.2532,4.7882,85.0,0.452,81672.71,21.54,Financial Services,10.0,20.0,0.0,8.0,11.0,49.0,0.71,,,6.0,55.0,Strong ROE for a leveraged-balance-sheet business,40.6,11.0,"Below 200 DMA, Low volume participation",18.34,Avoid,"Weak but watchable RSI, Positive 1M return, 80.0% of closes stayed inside the range | Range width 13.1% | Currently 0.0% through the range"
ETERNAL,Consumer Cyclical,Internet Retail,247.03,0.0,44.35,368.45,457.0,32.95,48.78,244.95,289.95,50311409.05,0.0,0.0,Bullish,27.0,"Above 50 DMA, RSI recovering",4.44,-7.24,-26.17,7.46,-4.68,-6.97,-3.02,-2.56,-19.2,8.0,Positive 1M return,78.12,Accumulation Zone,71.15,232.28,302.34,30.16,21.05,80.0% of closes stayed inside the range | Range width 30.2% | Currently 21.1% through the range,1.18,0.9,-0.12,0.67,233.21,258.82,14.82,2.77,2.38,993.0,4592.0,632.0,-1119.0,713.75,82.0471,9.2835,,0.225,289095.37,35.19,Consumer Discretionary,0.0,20.0,17.0,9.0,3.0,49.0,0.93,,"Negative free cash flow, Very high PE",2.0,51.0,General low-debt support,42.06,15.0,"Below 200 DMA, Low volume participation, Negative free cash flow",17.91,Avoid,"Above 50 DMA, RSI recovering, Positive 1M return, 80.0% of closes stayed inside the range | Range width 30.2% | Currently 21.1% through the range"
FACT,Basic Materials,Agricultural Inputs,899.2,0.0,103.66,1185.35,767.47,24.14,58.93,812.82,878.96,761330.5,0.0,0.0,Bullish,50.0,"Above 50 DMA, Above 200 DMA, Healthy RSI momentum",14.45,9.74,0.03,7.46,-4.68,-6.97,6.99,14.42,7.0,70.0,"Strong 1M absolute return, Positive 3M return, Positive 6M return, 1M Nifty outperformance, 3M Nifty outperformance, Positive across 1M/3M/6M",25.42,Profit Booking Zone,80.45,773.75,905.1,16.98,95.51,80.0% of closes stayed inside the range | Range width 17.0% | Currently 95.5% through the range,-2.93,-0.66,0.59,-0.69,265.07,41.68,295.15,0.93,0.65,168.93,3985.45,-995.7,-1106.94,,,38.5634,5.0,,53030.78,47.47,General,0.0,20.0,0.0,0.0,2.0,22.0,0.93,,"Negative net margin, Very high debt, Negative operating cash flow, Negative free cash flow",0.0,22.0,,50.01,28.0,"Low volume participation, Very high debt, Negative net margin, Negative operating cash flow, Negative free cash flow",17.2,Avoid,"Above 50 DMA, Above 200 DMA, Healthy RSI momentum, Strong 1M absolute return, Positive 3M return, Positive 6M return, 1M Nifty outperformance, 3M Nifty outperformance, Positive across 1M/3M/6M, 80.0% of closes stayed inside the range | Range width 17.0% | Currently 95.5% through the range"
JIOFIN,Financial Services,Asset Management,245.79,0.0,197.88,393.16,24.22,37.48,52.41,242.94,287.15,26896777.45,0.0,0.0,Bullish,40.0,"Above 50 DMA, Healthy RSI momentum, Near 52W low zone",6.23,-3.46,-20.0,7.46,-4.68,-6.97,-1.23,1.22,-13.03,8.0,Positive 1M return,84.54,Accumulation Zone,74.92,235.38,303.77,29.05,15.23,80.0% of closes stayed inside the range | Range width 29.1% | Currently 15.2% through the range,1.17,0.95,71.92,49.0,364.08,480.3,16.26,2.88,,665.04,21768.36,-15438.64,-15544.1,79.7664,57.4103,1.211,24.0,0.502,169073.43,100.0,Financial Services,12.0,20.0,14.0,0.0,9.0,55.0,0.93,,"Negative operating cash flow, Negative free cash flow",-5.0,50.0,Weak ROE for a leveraged-balance-sheet business,40.6,20.0,"Below 200 DMA, Low volume participation, Negative operating cash flow, Negative free cash flow",15.59,Avoid,"Above 50 DMA, Healthy RSI momentum, Near 52W low zone, Positive 1M return, 80.0% of closes stayed inside the range | Range width 29.1% | Currently 15.2% through the range"
UBL,Consumer Defensive,Beverages - Brewers,1448.29,0.0,1324.03,2271.75,9.39,36.25,38.85,1549.5,1688.54,197158.7,0.0,0.0,Bearish,16.0,"Weak but watchable RSI, Near 52W low with stable RSI",-7.93,2.18,-20.49,7.46,-4.68,-6.97,-15.39,6.86,-13.52,10.0,Positive 3M return,76.0,Accumulation Zone,73.82,1453.7,1716.02,18.05,0.0,80.0% of closes stayed inside the range | Range width 18.0% | Currently 0.0% through the range,9.14,4.26,5.77,4.47,345.79,410.09,29.11,1.24,0.81,460.08,1316.53,434.95,-76.77,92.6769,49.7287,8.1161,71.0,-0.03,36707.37,42.07,FMCG / Consumer,2.0,20.0,9.0,9.0,5.0,45.0,1.0,,"Negative free cash flow, Very high PE",3.0,48.0,"Low debt, typical of a healthy consumer business",47.4,15.0,"Below 200 DMA, Low volume participation, Negative free cash flow",15.41,Avoid,"Weak but watchable RSI, Near 52W low with stable RSI, Positive 3M return, 80.0% of closes stayed inside the range | Range width 18.0% | Currently 0.0% through the range"
JKCEMENT,Basic Materials,Building Materials,5267.4,0.0,2388.03,7537.45,120.57,30.12,43.27,5410.22,5970.69,78992.9,0.0,0.0,Bearish,8.0,Weak but watchable RSI,2.86,-6.76,-17.65,7.46,-4.68,-6.97,-4.6,-2.08,-10.68,8.0,Positive 1M return,84.75,Accumulation Zone,69.59,5119.2,5802.3,13.34,21.69,80.0% of closes stayed inside the range | Range width 13.3% | Currently 21.7% through the range,14.1,5.36,12.96,7.41,286.68,468.34,87.86,0.93,0.59,118.95,6182.99,1872.99,-393.46,43.8603,27.6921,5.922,37.0,0.412,41674.63,62.85,Cement / Realty,12.0,20.0,4.0,9.0,9.0,54.0,1.0,,Negative free cash flow,0.0,54.0,,50.01,15.0,"Below 200 DMA, Low volume participation, Negative free cash flow",15.4,Avoid,"Weak but watchable RSI, Positive 1M return, 80.0% of closes stayed inside the range | Range width 13.3% | Currently 21.7% through the range"
GRASIM,Basic Materials,Building Materials,2785.82,0.0,1496.78,2969.75,86.12,6.19,58.21,2721.7,2772.26,809245.95,0.0,0.0,Bullish,60.0,"Above 50 DMA, Above 200 DMA, Healthy RSI momentum, Near 52W high momentum",7.78,-1.57,-4.72,7.46,-4.68,-6.97,0.32,3.11,2.25,8.0,Positive 1M return,84.75,Neutral Range,79.6,2645.5,2855.5,7.94,66.82,80.0% of closes stayed inside the range | Range width 7.9% | Currently 66.8% through the range,4.8,0.87,9.74,2.86,292.5,379.12,220.2,0.95,0.82,2784.1,227842.05,-17809.6,-33435.9,45.2565,22.5144,2.1683,30.0,0.355,224352.46,55.8,Cement / Realty,0.0,20.0,0.0,0.0,11.0,31.0,1.0,,"Very high debt, Negative operating cash flow, Negative free cash flow",0.0,31.0,,50.01,20.0,"Low volume participation, Very high debt, Negative operating cash flow, Negative free cash flow",15.35,Avoid,"Above 50 DMA, Above 200 DMA, Healthy RSI momentum, Near 52W high momentum, Positive 1M return, 80.0% of closes stayed inside the range | Range width 7.9% | Currently 66.8% through the range"
SBICARD,Financial Services,Credit Services,643.9,0.0,615.5,1023.66,4.61,37.1,37.41,701.08,813.0,1382302.5,0.0,0.0,Bearish,16.0,"Weak but watchable RSI, Near 52W low with stable RSI",1.06,-17.41,-28.66,7.46,-4.68,-6.97,-6.4,-12.73,-21.69,8.0,Positive 1M return,84.54,Accumulation Zone,72.02,670.66,872.08,30.03,0.0,80.0% of closes stayed inside the range | Range width 30.0% | Currently 0.0% through the range,13.78,3.27,,13.87,270.16,289.25,281.26,,,2133.03,44230.27,493.03,459.39,27.1772,18.3719,3.9751,38.0,0.246,62484.85,24.65,Financial Services,9.0,20.0,0.0,17.0,11.0,57.0,0.79,,Very high debt,6.0,63.0,High leverage is structural for this sector,40.6,19.0,"Below 200 DMA, Low volume participation, Very high debt",15.14,Avoid,"Weak but watchable RSI, Near 52W low with stable RSI, Positive 1M return, 80.0% of closes stayed inside the range | Range width 30.0% | Currently 0.0% through the range"
HDFCLIFE,Financial Services,Insurance - Life,584.82,0.0,451.88,817.84,29.42,28.49,39.94,637.47,724.28,4786416.5,0.0,0.0,Bearish,8.0,Weak but watchable RSI,2.43,-19.45,-21.43,7.46,-4.68,-6.97,-5.03,-14.77,-14.46,8.0,Positive 1M return,84.54,Accumulation Zone,70.54,594.89,765.77,28.72,0.0,80.0% of closes stayed inside the range | Range width 28.7% | Currently 0.0% through the range,10.77,0.49,2.39,2.09,211.36,357.28,17.46,,,2405.0,3099.0,,22337.97,58.4967,44.8408,5.9286,39.0,0.502,116632.92,10.2,Financial Services,2.0,20.0,9.0,8.0,9.0,48.0,0.79,,,-4.0,44.0,Expensive relative to book value for this sector,40.6,11.0,"Below 200 DMA, Low volume participation",14.49,Avoid,"Weak but watchable RSI, Positive 1M return, 80.0% of closes stayed inside the range | Range width 28.7% | Currently 0.0% through the range"
VEDL,Basic Materials,Other Industrial Metals & Mining,271.55,0.0,163.09,795.0,66.51,65.84,16.61,686.78,553.57,21942125.8,0.0,0.0,Bearish,4.0,Oversold RSI,-59.9,-62.54,-45.05,7.46,-4.68,-6.97,-67.36,-57.86,-38.08,0.0,,98.31,Accumulation Zone,67.23,507.8,737.23,45.18,0.0,80.0% of closes stayed inside the range | Range width 45.2% | Currently 0.0% through the range,42.59,7.46,24.12,22.68,233.66,204.57,68.19,1.32,1.28,1370.0,27844.0,39499.0,18623.0,12.0753,8.5779,2.169,12.36,0.363,107694.43,53.91,Metals / Mining,21.0,20.0,8.0,17.0,15.0,81.0,1.0,Strong ROE,,4.0,85.0,"General quality ROE, General low-debt support",50.01,24.0,"Below 200 DMA, Extreme RSI weakness, Far from 52W high, Low volume participation",14.25,Avoid,"Oversold RSI, Strong ROE, 80.0% of closes stayed inside the range | Range width 45.2% | Currently 0.0% through the range"
LICI,Financial Services,Insurance - Life,389.81,0.0,252.0,589.19,54.69,33.84,46.97,395.95,421.03,3423081.9,0.0,0.0,Bearish,12.0,RSI recovering,6.96,-2.95,-11.33,7.46,-4.68,-6.97,-0.5,1.73,-4.36,8.0,Positive 1M return,84.54,Accumulation Zone,70.85,379.95,439.57,15.69,16.54,80.0% of closes stayed inside the range | Range width 15.7% | Currently 16.5% through the range,32.53,0.97,5.95,5.93,310.17,344.32,,,,63345.12,,,-27327.26,8.5468,7.091,2.9869,2.46,0.543,527504.82,11.08,Financial Services,8.0,20.0,0.0,0.0,15.0,43.0,0.71,Strong ROE,Negative free cash flow,6.0,49.0,Strong ROE for a leveraged-balance-sheet business,40.6,15.0,"Below 200 DMA, Low volume participation, Negative free cash flow",13.24,Avoid,"RSI recovering, Strong ROE, Positive 1M return, 80.0% of closes stayed inside the range | Range width 15.7% | Currently 16.5% through the range"
IRFC,Financial Services,Credit Services,104.21,0.0,18.59,221.22,460.44,52.89,56.4,100.51,116.01,17478676.05,0.0,0.0,Bullish,35.0,"Above 50 DMA, Healthy RSI momentum",13.28,-12.35,-14.22,7.46,-4.68,-6.97,5.82,-7.67,-7.25,25.0,"Strong 1M absolute return, 1M Nifty outperformance",51.03,Lower Range Watch,72.01,96.53,120.94,25.28,31.45,80.0% of closes stayed inside the range | Range width 25.3% | Currently 31.5% through the range,12.35,1.36,64.84,25.89,306.71,288.93,769.13,0.9,,211.31,436471.15,-27026.41,-27039.81,16.0765,12.0904,2.0307,3.3,0.33,115342.64,100.0,Financial Services,16.0,20.0,0.0,0.0,15.0,51.0,0.93,,"Very high debt, Negative operating cash flow, Negative free cash flow",6.0,57.0,High leverage is structural for this sector,40.6,28.0,"Below 200 DMA, Low volume participation, Very high debt, Negative operating cash flow, Negative free cash flow",13.04,Avoid,"Above 50 DMA, Healthy RSI momentum, Strong 1M absolute return, 1M Nifty outperformance, 80.0% of closes stayed inside the range | Range width 25.3% | Currently 31.5% through the range"
BAJFINANCE,Financial Services,Credit Services,931.28,0.0,536.89,1095.76,73.46,15.01,57.75,914.12,956.11,9001037.25,0.0,0.0,Bullish,35.0,"Above 50 DMA, Healthy RSI momentum",14.65,0.2,-12.65,7.46,-4.68,-6.97,7.19,4.88,-5.68,35.0,"Strong 1M absolute return, Positive 3M return, 1M Nifty outperformance",36.6,Lower Range Watch,71.23,862.75,1019.32,18.15,43.77,80.0% of closes stayed inside the range | Range width 18.1% | Currently 43.8% through the range,16.68,3.4,,38.29,286.0,378.08,309.52,,,4016.18,352846.71,-65789.8,-66750.9,33.5541,21.7163,5.9681,49.0,0.323,680692.29,91.55,Financial Services,10.0,20.0,0.0,0.0,11.0,41.0,0.79,,"Very high debt, Negative operating cash flow, Negative free cash flow",8.0,49.0,"High leverage is structural for this sector, Strong ROE for a leveraged-balance-sheet business, Expensive relative to book value for this sector",40.6,28.0,"Below 200 DMA, Low volume participation, Very high debt, Negative operating cash flow, Negative free cash flow",12.74,Avoid,"Above 50 DMA, Healthy RSI momentum, Strong 1M absolute return, Positive 3M return, 1M Nifty outperformance, 80.0% of closes stayed inside the range | Range width 18.1% | Currently 43.8% through the range"
BAJAJHFL,Financial Services,Mortgage Finance,87.18,0.0,72.65,188.5,20.0,53.75,51.29,84.96,100.47,6492152.05,0.0,0.0,Bullish,40.0,"Above 50 DMA, Healthy RSI momentum, Near 52W low zone",12.9,-2.22,-20.03,7.46,-4.68,-6.97,5.44,2.46,-13.06,25.0,"Strong 1M absolute return, 1M Nifty outperformance",51.03,Accumulation Zone,73.76,81.72,105.55,29.16,22.91,80.0% of closes stayed inside the range | Range width 29.2% | Currently 22.9% through the range,11.37,2.01,30.04,23.62,278.37,285.08,460.23,0.23,,161.8,103656.79,-19894.86,-19942.8,26.405,19.4619,3.1343,,,70593.74,99.29,Financial Services,14.0,20.0,0.0,0.0,9.0,43.0,0.86,,"Very high debt, Negative operating cash flow, Negative free cash flow",6.0,49.0,High leverage is structural for this sector,40.6,28.0,"Below 200 DMA, Low volume participation, Very high debt, Negative operating cash flow, Negative free cash flow",11.49,Avoid,"Above 50 DMA, Healthy RSI momentum, Near 52W low zone, Strong 1M absolute return, 1M Nifty outperformance, 80.0% of closes stayed inside the range | Range width 29.2% | Currently 22.9% through the range"
SBILIFE,Financial Services,Insurance - Life,1819.0,0.0,1048.65,2129.04,73.46,14.56,41.48,1922.46,1920.94,1808940.75,0.0,0.0,Bearish,8.0,Weak but watchable RSI,1.59,-11.28,-5.95,7.46,-4.68,-6.97,-5.87,-6.6,1.02,8.0,Positive 1M return,84.54,Accumulation Zone,72.96,1836.72,2068.2,12.6,0.0,80.0% of closes stayed inside the range | Range width 12.6% | Currently 0.0% through the range,12.94,0.49,2.31,2.24,139.6,328.32,,,,3187.56,,,34337.67,70.6291,52.3737,9.1193,15.0,0.366,183596.77,9.71,Financial Services,4.0,20.0,0.0,8.0,5.0,37.0,0.71,,,-4.0,33.0,Expensive relative to book value for this sector,40.6,11.0,"Below 200 DMA, Low volume participation",10.64,Avoid,"Weak but watchable RSI, Positive 1M return, 80.0% of closes stayed inside the range | Range width 12.6% | Currently 0.0% through the range"
HDBFS,Financial Services,Credit Services,654.73,0.0,553.72,886.97,18.24,26.18,51.21,655.32,728.1,1216128.85,0.0,0.0,Bearish,25.0,"Healthy RSI momentum, Near 52W low zone",13.86,-7.59,-10.38,7.46,-4.68,-6.97,6.4,-2.91,-3.41,25.0,"Strong 1M absolute return, 1M Nifty outperformance",51.03,Accumulation Zone,71.77,624.05,761.98,22.1,22.24,80.0% of closes stayed inside the range | Range width 22.1% | Currently 22.2% through the range,12.31,2.06,52.1,14.02,288.82,295.07,480.21,1.29,,1246.12,99230.05,-8605.56,-8749.17,20.572,14.6315,2.7676,58.0,,57059.81,99.79,Financial Services,15.0,20.0,2.0,0.0,13.0,50.0,0.93,,"Very high debt, Negative operating cash flow, Negative free cash flow",6.0,56.0,High leverage is structural for this sector,40.6,28.0,"Below 200 DMA, Low volume participation, Very high debt, Negative operating cash flow, Negative free cash flow",10.19,Avoid,"Healthy RSI momentum, Near 52W low zone, Strong 1M absolute return, 1M Nifty outperformance, 80.0% of closes stayed inside the range | Range width 22.1% | Currently 22.2% through the range"
PAYTM,Technology,Software - Infrastructure,1095.8,0.0,310.0,1381.8,253.48,20.7,47.37,1086.28,1189.68,3048310.8,0.0,0.0,Bullish,27.0,"Above 50 DMA, RSI recovering",9.9,-6.9,-16.33,7.46,-4.68,-6.97,2.44,-2.22,-9.36,8.0,Positive 1M return,69.51,Accumulation Zone,71.43,1034.5,1332.15,28.77,20.59,80.0% of closes stayed inside the range | Range width 28.8% | Currently 20.6% through the range,3.45,2.31,-0.5,6.55,284.55,145.78,1.07,2.55,,3285.0,172.0,-743.0,-1222.0,160.3586,51.8355,6.4407,,-0.307,103222.43,36.98,IT / Technology,3.0,20.0,17.0,0.0,3.0,43.0,0.86,Cash covers debt,"Negative operating cash flow, Negative free cash flow, Very high PE",0.0,43.0,,40.83,20.0,"Below 200 DMA, Low volume participation, Negative operating cash flow, Negative free cash flow",9.92,Avoid,"Above 50 DMA, RSI recovering, Cash covers debt, Positive 1M return, 80.0% of closes stayed inside the range | Range width 28.8% | Currently 20.6% through the range"
CHOLAFIN,Financial Services,Credit Services,1562.9,0.0,654.07,1830.13,138.95,14.6,52.97,1563.38,1610.22,2142168.75,0.0,0.0,Bearish,30.0,"Healthy RSI momentum, Near 52W high momentum",13.78,-4.44,-9.23,7.46,-4.68,-6.97,6.32,0.24,-2.26,25.0,"Strong 1M absolute return, 1M Nifty outperformance",51.03,Accumulation Zone,73.93,1513.32,1738.43,14.88,22.02,80.0% of closes stayed inside the range | Range width 14.9% | Currently 22.0% through the range,17.18,2.13,,31.24,283.97,305.64,695.0,,,10889.74,211685.75,-30020.8,-30285.91,28.3753,19.5308,5.3643,7.0,0.477,163765.54,99.93,Financial Services,10.0,20.0,0.0,0.0,11.0,41.0,0.79,,"Very high debt, Negative operating cash flow, Negative free cash flow",8.0,49.0,"High leverage is structural for this sector, Strong ROE for a leveraged-balance-sheet business, Expensive relative to book value for this sector",40.6,28.0,"Below 200 DMA, Low volume participation, Very high debt, Negative operating cash flow, Negative free cash flow",8.99,Avoid,"Healthy RSI momentum, Near 52W high momentum, Strong 1M absolute return, 1M Nifty outperformance, 80.0% of closes stayed inside the range | Range width 14.9% | Currently 22.0% through the range"
PATANJALI,Consumer Defensive,Packaged Foods,459.45,0.0,278.5,665.11,64.97,30.92,42.12,483.86,549.99,1992025.9,0.0,0.0,Bearish,8.0,Weak but watchable RSI,-1.9,-8.81,-22.08,7.46,-4.68,-6.97,-9.36,-4.13,-15.11,0.0,,100.0,Accumulation Zone,71.4,465.57,572.55,22.98,0.0,80.0% of closes stayed inside the range | Range width 23.0% | Currently 0.0% through the range,13.86,9.65,3.75,4.52,283.16,205.75,21.3,2.14,0.85,616.3,2788.83,-332.63,-1306.65,21.1645,19.163,2.9269,99.0,-0.175,38358.64,13.03,FMCG / Consumer,8.0,20.0,12.0,0.0,13.0,53.0,1.0,,"Negative operating cash flow, Negative free cash flow",3.0,56.0,"Low debt, typical of a healthy consumer business",47.4,20.0,"Below 200 DMA, Low volume participation, Negative operating cash flow, Negative free cash flow",8.71,Avoid,"Weak but watchable RSI, 80.0% of closes stayed inside the range | Range width 23.0% | Currently 0.0% through the range"
360ONE,Financial Services,Asset Management,1034.65,0.0,373.47,1295.81,177.04,20.15,49.65,1041.41,1089.11,1503895.9,0.0,0.0,Bearish,12.0,RSI recovering,9.19,-8.71,-11.28,7.46,-4.68,-6.97,1.73,-4.03,-4.31,8.0,Positive 1M return,84.54,Accumulation Zone,70.67,1006.49,1173.09,16.55,16.9,80.0% of closes stayed inside the range | Range width 16.6% | Currently 16.9% through the range,12.37,4.47,42.56,38.75,288.8,271.6,160.64,13.02,,569.24,15799.63,-2921.06,-3018.74,38.533,28.3458,4.787,1.54,0.47,47239.83,72.87,Financial Services,16.0,20.0,5.0,0.0,8.0,49.0,0.93,,"Negative operating cash flow, Negative free cash flow",0.0,49.0,,40.6,20.0,"Below 200 DMA, Low volume participation, Negative operating cash flow, Negative free cash flow",8.24,Avoid,"RSI recovering, Positive 1M return, 80.0% of closes stayed inside the range | Range width 16.6% | Currently 16.9% through the range"
ICICIPRULI,Financial Services,Insurance - Life,512.07,0.0,378.11,792.99,35.43,35.43,34.54,573.49,611.43,1700887.4,0.0,0.0,Bearish,8.0,Weak but watchable RSI,0.1,-20.01,-14.43,7.46,-4.68,-6.97,-7.36,-15.33,-7.46,8.0,Positive 1M return,84.54,Accumulation Zone,71.92,529.33,666.94,26.0,0.0,80.8% of closes stayed inside the range | Range width 26.0% | Currently 0.0% through the range,11.8,0.5,3.26,2.58,172.43,315.31,19.04,,,2038.16,2595.0,,-5477.8,43.0979,35.6732,5.3841,33.0,0.471,73415.47,10.44,Financial Services,2.0,20.0,9.0,0.0,9.0,40.0,0.79,,Negative free cash flow,-4.0,36.0,Expensive relative to book value for this sector,40.6,15.0,"Below 200 DMA, Low volume participation, Negative free cash flow",7.69,Avoid,"Weak but watchable RSI, Positive 1M return, 80.8% of closes stayed inside the range | Range width 26.0% | Currently 0.0% through the range"
GODREJIND,Industrials,Conglomerates,959.05,0.0,395.0,1390.0,142.8,31.0,58.49,915.12,1048.92,262909.4,0.0,0.0,Bullish,35.0,"Above 50 DMA, Healthy RSI momentum",15.29,-3.5,-12.01,7.46,-4.68,-6.97,7.83,1.18,-5.04,25.0,"Strong 1M absolute return, 1M Nifty outperformance",71.84,Neutral Range,70.11,842.48,1052.4,24.92,55.53,80.0% of closes stayed inside the range | Range width 24.9% | Currently 55.5% through the range,11.1,0.98,7.43,5.61,337.49,506.47,461.36,1.09,0.35,3048.55,51563.93,-8854.9,-9883.04,33.4833,,3.7223,,0.635,41607.84,40.36,Capital Goods / Infra,2.0,20.0,2.0,0.0,6.0,30.0,0.93,,"Very high debt, Negative operating cash flow, Negative free cash flow",5.0,35.0,Strong order-book-driven revenue growth,52.61,28.0,"Below 200 DMA, Low volume participation, Very high debt, Negative operating cash flow, Negative free cash flow",7.14,Avoid,"Above 50 DMA, Healthy RSI momentum, Strong 1M absolute return, 1M Nifty outperformance, 80.0% of closes stayed inside the range | Range width 24.9% | Currently 55.5% through the range"
MEESHO,Consumer Cyclical,Internet Retail,193.13,0.0,125.56,254.4,53.81,24.08,70.89,157.0,,16924871.3,0.0,0.0,Bullish,22.0,"Above 50 DMA, Strong but overbought RSI",31.05,14.83,,7.46,-4.68,-6.97,23.59,19.51,,50.0,"Strong 1M absolute return, Positive 3M return, 1M Nifty outperformance, 3M Nifty outperformance",32.81,Profit Booking Zone,72.49,145.12,186.99,28.85,100.0,79.2% of closes stayed inside the range | Range width 28.8% | Currently 100.0% through the range,-30.95,-17.17,-12.13,-10.75,258.95,-176.71,1.43,1.55,,620.37,62.63,-3875.34,-3976.38,,125.406,20.2138,,,88721.67,93.15,Consumer Discretionary,0.0,10.0,16.0,0.0,0.0,26.0,0.79,Cash covers debt,"Negative net margin, Earnings contraction, Negative operating cash flow, Negative free cash flow",2.0,28.0,General low-debt support,42.06,27.0,"Low volume participation, Negative net margin, Earnings contraction, Negative operating cash flow, Negative free cash flow",7.11,Avoid,"Above 50 DMA, Strong but overbought RSI, Cash covers debt, Strong 1M absolute return, Positive 3M return, 1M Nifty outperformance, 3M Nifty outperformance, 79.2% of closes stayed inside the range | Range width 28.8% | Currently 100.0% through the range"
M&MFIN,Financial Services,Credit Services,303.86,0.0,161.66,403.13,87.96,24.62,50.42,319.8,310.01,4707999.8,0.0,0.0,Bearish,20.0,Healthy RSI momentum,7.25,-16.06,3.6,7.46,-4.68,-6.97,-0.21,-11.38,10.57,18.0,"Positive 1M return, Positive 6M return",63.4,Accumulation Zone,71.05,292.56,376.21,28.59,13.51,80.0% of closes stayed inside the range | Range width 28.6% | Currently 13.5% through the range,10.72,1.8,,26.54,279.0,246.36,430.68,,,5626.28,114728.12,-12772.18,-13188.45,17.0039,12.9871,2.0642,1.88,0.343,55006.67,86.34,Financial Services,8.0,20.0,0.0,0.0,14.0,42.0,0.79,,"Very high debt, Negative operating cash flow, Negative free cash flow",6.0,48.0,High leverage is structural for this sector,40.6,28.0,"Below 200 DMA, Low volume participation, Very high debt, Negative operating cash flow, Negative free cash flow",4.39,Avoid,"Healthy RSI momentum, Positive 1M return, Positive 6M return, 80.0% of closes stayed inside the range | Range width 28.6% | Currently 13.5% through the range"
POONAWALLA,Financial Services,Credit Services,417.2,0.0,240.66,570.4,73.36,26.86,51.88,421.14,452.43,2600278.5,0.0,0.0,Bearish,20.0,Healthy RSI momentum,9.03,2.68,-15.45,7.46,-4.68,-6.97,1.57,7.36,-8.48,18.0,"Positive 1M return, Positive 3M return",63.4,Accumulation Zone,71.18,400.21,478.98,19.68,21.56,80.0% of closes stayed inside the range | Range width 19.7% | Currently 21.6% through the range,5.24,0.9,25.61,8.35,265.59,260.68,468.06,1.17,,286.0,48435.8,-21785.59,-21892.61,50.6911,19.7165,3.7798,,0.318,42391.77,99.87,Financial Services,9.0,20.0,2.0,0.0,7.0,38.0,0.86,,"Very high debt, Negative operating cash flow, Negative free cash flow",1.0,39.0,"High leverage is structural for this sector, Weak ROE for a leveraged-balance-sheet business",40.6,28.0,"Below 200 DMA, Low volume participation, Very high debt, Negative operating cash flow, Negative free cash flow",1.24,Avoid,"Healthy RSI momentum, Positive 1M return, Positive 3M return, 80.0% of closes stayed inside the range | Range width 19.7% | Currently 21.6% through the range"
SWIGGY,Consumer Cyclical,Internet Retail,270.3,0.0,256.7,617.3,5.3,56.21,41.44,289.14,369.37,9837882.95,0.0,0.0,Bearish,16.0,"Weak but watchable RSI, Near 52W low with stable RSI",1.88,-16.45,-35.96,7.46,-4.68,-6.97,-5.58,-11.77,-28.99,8.0,Positive 1M return,78.12,Accumulation Zone,70.67,275.0,400.16,45.51,0.0,80.8% of closes stayed inside the range | Range width 45.5% | Currently 0.0% through the range,-22.68,-16.46,-19.34,-18.2,271.31,-290.05,13.93,3.35,3.33,2747.0,2551.0,-2898.0,-3817.0,,-53.2182,3.9751,,,73189.75,44.37,Consumer Discretionary,0.0,10.0,20.0,0.0,2.0,32.0,0.86,Cash covers debt,"Negative net margin, Earnings contraction, Negative operating cash flow, Negative free cash flow",2.0,34.0,General low-debt support,42.06,35.0,"Below 200 DMA, Low volume participation, Negative net margin, Earnings contraction, Negative operating cash flow, Negative free cash flow",0.0,Avoid,"Weak but watchable RSI, Near 52W low with stable RSI, Cash covers debt, Positive 1M return, 80.8% of closes stayed inside the range | Range width 45.5% | Currently 0.0% through the range"
BAJAJFINSV,Financial Services,Financial Conglomerates,1745.71,0.0,1211.97,2193.13,44.04,20.4,42.87,1827.58,1974.5,1256460.85,0.0,0.0,Bearish,8.0,Weak but watchable RSI,6.08,-9.95,-18.36,7.46,-4.68,-6.97,-1.38,-5.27,-11.39,8.0,Positive 1M return,84.54,Accumulation Zone,72.1,1745.61,2064.5,18.27,0.03,80.0% of closes stayed inside the range | Range width 18.3% | Currently 0.0% through the range,12.58,1.29,40.19,7.15,320.45,339.67,463.81,,,3598.59,361378.51,-55301.41,-56749.59,31.9699,21.4331,4.1459,6.0,0.374,323329.46,51.48,Financial Services,13.0,20.0,0.0,0.0,11.0,44.0,0.86,,"Very high debt, Negative operating cash flow, Negative free cash flow",6.0,50.0,High leverage is structural for this sector,40.6,28.0,"Below 200 DMA, Low volume participation, Very high debt, Negative operating cash flow, Negative free cash flow",0.0,Avoid,"Weak but watchable RSI, Positive 1M return, 80.0% of closes stayed inside the range | Range width 18.3% | Currently 0.0% through the range"
SUNDARMFIN,Financial Services,Credit Services,4511.01,0.0,1910.96,5612.41,136.06,19.62,36.9,4965.79,4833.16,62296.85,0.0,0.0,Bearish,8.0,Weak but watchable RSI,-1.28,-13.22,-2.96,7.46,-4.68,-6.97,-8.74,-8.54,4.01,0.0,,97.94,Accumulation Zone,72.54,4624.91,5336.83,15.39,0.0,80.0% of closes stayed inside the range | Range width 15.4% | Currently 0.0% through the range,13.82,2.4,,41.83,286.27,280.31,409.02,,,579.21,60917.5,-5892.22,-5954.64,22.2038,20.2032,3.3371,90.0,0.186,49304.73,89.16,Financial Services,10.0,20.0,0.0,0.0,11.0,41.0,0.79,,"Very high debt, Negative operating cash flow, Negative free cash flow",6.0,47.0,High leverage is structural for this sector,40.6,28.0,"Below 200 DMA, Low volume participation, Very high debt, Negative operating cash flow, Negative free cash flow",0.0,Avoid,"Weak but watchable RSI, 80.0% of closes stayed inside the range | Range width 15.4% | Currently 0.0% through the range"
HEXT,Technology,Information Technology Services,439.35,0.0,392.78,876.24,11.86,49.86,42.3,456.48,651.9,553097.35,0.0,0.0,Bearish,13.0,"Weak but watchable RSI, Near 52W low zone",3.53,-35.56,-39.25,7.46,-4.68,-6.97,-3.93,-30.88,-32.28,8.0,Positive 1M return,69.51,Lower Range Watch,64.87,432.93,742.1,71.41,2.07,80.0% of closes stayed inside the range | Range width 71.4% | Currently 2.1% through the range,5.18,3.0,38.25,9.73,-73.1,-74.32,10.52,1.91,,2089.1,713.2,-7.6,-48.6,25.995,20.3095,5.151,2.52,,34572.16,40.67,IT / Technology,9.0,0.0,16.0,0.0,11.0,36.0,0.93,Cash covers debt,"Revenue contraction, Earnings contraction, Negative operating cash flow, Negative free cash flow",5.0,41.0,Strong operating margin,40.83,32.0,"Below 200 DMA, Low volume participation, Revenue contraction, Earnings contraction, Negative operating cash flow, Negative free cash flow",0.0,Avoid,"Weak but watchable RSI, Near 52W low zone, Cash covers debt, Positive 1M return, 80.0% of closes stayed inside the range | Range width 71.4% | Currently 2.1% through the range"
