symbol,sector,industry,current_price,day_change_pct,low_52w,high_52w,distance_from_low_pct,distance_from_high_pct,rsi,sma50,sma200,avg_volume_20d,latest_volume,volume_ratio,trend,technical_score,technical_reasons,return_1m,return_3m,return_6m,nifty_return_1m,nifty_return_3m,nifty_return_6m,return_vs_nifty_1m,return_vs_nifty_3m,return_vs_nifty_6m,relative_strength_score,relative_strength_reasons,sector_rank_pct,range_status,range_score,range_low,range_high,range_width_pct,range_position_pct,range_reasons,roe,roa,operating_margin,net_profit_margin,revenue_growth,earnings_growth,debt_to_equity,current_ratio,quick_ratio,total_cash_cr,total_debt_cr,operating_cashflow_cr,free_cashflow_cr,trailing_pe,forward_pe,price_to_book,dividend_yield,beta,market_cap_cr,gross_margin,sector_bucket,profitability_score,growth_score,balance_sheet_score,cashflow_score,valuation_score,fundamental_score,fundamental_data_coverage,fundamental_reasons,fundamental_risk_reasons,sector_adjustment,sector_adjusted_fundamental_score,sector_adjustment_reasons,sector_score,risk_penalty,risk_reasons,final_score,score_band,reasons
SCHAEFFLER,Consumer Cyclical,Auto Parts,4035.1,0.54,2474.05,4869.38,63.1,17.13,47.1,4060.73,3547.9,98942.1,62066.0,0.63,Bearish,32.0,"Above 200 DMA, RSI recovering, Positive day move",0.77,13.86,31.43,-2.35,1.61,8.27,3.12,12.25,23.16,78.0,"Positive 1M return, Positive 3M return, Strong 6M absolute return, 3M Nifty outperformance, 6M Nifty outperformance, Positive across 1M/3M/6M",18.42,Profit Booking Zone,72.56,3039.45,4167.62,37.12,88.25,80.0% of closes stayed inside the range | Range width 37.1% | Currently 88.3% through the range,5.28,3.93,14.85,12.2,8.19,14.1,1.01,2.55,1.67,664.4,54.99,,,51.4953,40.9915,10.512,84.0,0.118,64487.76,38.41,Automobile,8.0,10.0,20.0,0.0,7.0,45.0,0.86,Cash covers debt,,2.0,47.0,General low-debt support,30.8,0.0,,48.57,Neutral,"Above 200 DMA, RSI recovering, Positive day move, Cash covers debt, Positive 1M return, Positive 3M return, Strong 6M absolute return, 3M Nifty outperformance, 6M Nifty outperformance, Positive across 1M/3M/6M, 80.0% of closes stayed inside the range | Range width 37.1% | Currently 88.3% through the range"
WELCORP,Basic Materials,Steel,938.48,1.84,171.25,985.39,448.03,4.76,57.16,901.16,796.66,657209.9,2089278.0,3.18,Bullish,80.0,"Above 50 DMA, Above 200 DMA, Healthy RSI momentum, Near 52W high momentum, Strong volume expansion, Positive day move",0.94,23.39,31.9,-2.35,1.61,8.27,3.29,21.78,23.63,88.0,"Positive 1M return, Strong 3M absolute return, Strong 6M absolute return, 3M Nifty outperformance, 6M Nifty outperformance, Positive across 1M/3M/6M",18.1,Profit Booking Zone,86.28,744.33,927.51,24.61,100.0,80.0% of closes stayed inside the range | Range width 24.6% | Currently 100.0% through the range,,,12.4,9.87,-73.34,-81.64,,,,,,,,21.3148,18.9284,5.3809,27.0,0.473,49249.35,38.4,Metals / Mining,6.0,0.0,0.0,0.0,11.0,17.0,0.5,,"Revenue contraction, Earnings contraction",0.0,17.0,,38.56,12.0,"Revenue contraction, Earnings contraction",41.73,Weak,"Above 50 DMA, Above 200 DMA, Healthy RSI momentum, Near 52W high momentum, Strong volume expansion, Positive day move, Positive 1M return, Strong 3M absolute return, Strong 6M absolute return, 3M Nifty outperformance, 6M Nifty outperformance, Positive across 1M/3M/6M, 80.0% of closes stayed inside the range | Range width 24.6% | Currently 100.0% through the range"
POWERINDIA,Industrials,Electrical Equipment & Parts,20818.96,5.23,2836.07,21343.81,634.08,2.46,62.45,18908.86,14558.23,112036.85,314118.0,2.8,Bullish,85.0,"Above 50 DMA, Above 200 DMA, Healthy RSI momentum, Near 52W high momentum, Strong volume expansion, Strong positive day move",4.33,42.89,116.44,-2.35,1.61,8.27,6.68,41.28,108.17,98.0,"Positive 1M return, Strong 3M absolute return, Strong 6M absolute return, 1M Nifty outperformance, 3M Nifty outperformance, 6M Nifty outperformance, Positive across 1M/3M/6M",6.4,Breakout Watch,80.85,11708.29,19642.7,67.77,100.0,80.0% of closes stayed inside the range | Range width 67.8% | Currently 100.0% through the range | Above upper band on elevated volume,,,9.74,9.21,-77.04,-65.73,,,,,,,,138.2239,72.2106,30.8289,2.0,0.572,159569.06,38.99,Capital Goods / Infra,3.0,0.0,0.0,0.0,5.0,8.0,0.5,,"Revenue contraction, Earnings contraction, Very high PE",0.0,8.0,,28.74,12.0,"Revenue contraction, Earnings contraction",40.86,Weak,"Above 50 DMA, Above 200 DMA, Healthy RSI momentum, Near 52W high momentum, Strong volume expansion, Strong positive day move, Positive 1M return, Strong 3M absolute return, Strong 6M absolute return, 1M Nifty outperformance, 3M Nifty outperformance, 6M Nifty outperformance, Positive across 1M/3M/6M, 80.0% of closes stayed inside the range | Range width 67.8% | Currently 100.0% through the range | Above upper band on elevated volume"
PAYTM,Technology,Software - Infrastructure,1068.2,-0.46,310.0,1128.5,244.58,5.34,65.88,941.3,855.86,5985281.05,2972369.0,0.5,Bullish,60.0,"Above 50 DMA, Above 200 DMA, Healthy RSI momentum, Near 52W high momentum",15.27,23.35,38.87,-2.35,1.61,8.27,17.62,21.74,30.6,100.0,"Strong 1M absolute return, Strong 3M absolute return, Strong 6M absolute return, 1M Nifty outperformance, 3M Nifty outperformance, 6M Nifty outperformance, Positive across 1M/3M/6M",4.05,Profit Booking Zone,80.53,723.45,976.08,34.92,100.0,80.0% of closes stayed inside the range | Range width 34.9% | Currently 100.0% through the range,,,-4.9,6.41,-72.2,118.66,,,,,,,,160.3586,51.8355,6.4407,,-0.307,103222.43,36.98,IT / Technology,3.0,10.0,0.0,0.0,3.0,16.0,0.43,,"Revenue contraction, Very high PE",0.0,16.0,,27.18,9.0,"Revenue contraction, Limited fundamental data coverage",40.68,Weak,"Above 50 DMA, Above 200 DMA, Healthy RSI momentum, Near 52W high momentum, Strong 1M absolute return, Strong 3M absolute return, Strong 6M absolute return, 1M Nifty outperformance, 3M Nifty outperformance, 6M Nifty outperformance, Positive across 1M/3M/6M, 80.0% of closes stayed inside the range | Range width 34.9% | Currently 100.0% through the range"
COROMANDEL,Basic Materials,Agricultural Inputs,2639.71,6.3,814.36,2648.97,224.15,0.35,70.4,2328.38,1979.25,620883.1,1517159.0,2.44,Bullish,72.0,"Above 50 DMA, Above 200 DMA, Strong but overbought RSI, Near 52W high momentum, Strong volume expansion, Strong positive day move",17.15,19.5,55.9,-2.35,1.61,8.27,19.5,17.89,47.63,95.0,"Strong 1M absolute return, Positive 3M return, Strong 6M absolute return, 1M Nifty outperformance, 3M Nifty outperformance, 6M Nifty outperformance, Positive across 1M/3M/6M",12.07,Breakout Watch,82.36,1717.08,2395.14,39.49,100.0,80.0% of closes stayed inside the range | Range width 39.5% | Currently 100.0% through the range | Above upper band on elevated volume,,,9.39,7.17,-55.81,-75.56,,,,,,,,33.365,21.4553,4.8621,53.0,0.143,61057.99,23.99,General,3.0,0.0,0.0,0.0,11.0,14.0,0.5,,"Revenue contraction, Earnings contraction",0.0,14.0,,38.56,12.0,"Revenue contraction, Earnings contraction",40.43,Weak,"Above 50 DMA, Above 200 DMA, Strong but overbought RSI, Near 52W high momentum, Strong volume expansion, Strong positive day move, Strong 1M absolute return, Positive 3M return, Strong 6M absolute return, 1M Nifty outperformance, 3M Nifty outperformance, 6M Nifty outperformance, Positive across 1M/3M/6M, 80.0% of closes stayed inside the range | Range width 39.5% | Currently 100.0% through the range | Above upper band on elevated volume"
JKCEMENT,Basic Materials,Building Materials,6588.48,1.71,2388.03,6665.19,175.9,1.15,64.35,5996.28,4952.62,95187.35,74335.0,0.78,Bullish,65.0,"Above 50 DMA, Above 200 DMA, Healthy RSI momentum, Near 52W high momentum, Positive day move",7.63,28.45,37.21,-2.35,1.61,8.27,9.98,26.84,28.94,98.0,"Positive 1M return, Strong 3M absolute return, Strong 6M absolute return, 1M Nifty outperformance, 3M Nifty outperformance, 6M Nifty outperformance, Positive across 1M/3M/6M",8.62,Profit Booking Zone,80.4,4488.39,6407.5,42.76,100.0,80.0% of closes stayed inside the range | Range width 42.8% | Currently 100.0% through the range,,,16.14,9.68,-70.83,-62.33,,,,,,,,43.8603,27.6921,5.922,37.0,0.412,41674.63,62.85,Cement / Realty,6.0,0.0,0.0,0.0,9.0,15.0,0.5,,"Revenue contraction, Earnings contraction",0.0,15.0,,38.56,12.0,"Revenue contraction, Earnings contraction",39.78,Weak,"Above 50 DMA, Above 200 DMA, Healthy RSI momentum, Near 52W high momentum, Positive day move, Positive 1M return, Strong 3M absolute return, Strong 6M absolute return, 1M Nifty outperformance, 3M Nifty outperformance, 6M Nifty outperformance, Positive across 1M/3M/6M, 80.0% of closes stayed inside the range | Range width 42.8% | Currently 100.0% through the range"
NAVINFLUOR,Basic Materials,Chemicals,5177.82,0.79,2855.73,5233.1,81.31,1.06,65.08,4706.68,4031.92,102721.3,107294.0,1.04,Bullish,70.0,"Above 50 DMA, Above 200 DMA, Healthy RSI momentum, Near 52W high momentum, Normal volume support, Positive day move",6.57,11.76,45.89,-2.35,1.61,8.27,8.92,10.15,37.62,88.0,"Positive 1M return, Positive 3M return, Strong 6M absolute return, 1M Nifty outperformance, 3M Nifty outperformance, 6M Nifty outperformance, Positive across 1M/3M/6M",18.1,Profit Booking Zone,84.37,4030.43,4969.14,23.29,100.0,80.0% of closes stayed inside the range | Range width 23.3% | Currently 100.0% through the range,,,23.65,16.15,-68.86,-59.4,,,,,,,,54.2102,41.8624,10.7744,19.0,0.239,42868.86,56.75,Chemicals,10.0,0.0,0.0,0.0,7.0,17.0,0.5,,"Revenue contraction, Earnings contraction",0.0,17.0,,38.56,12.0,"Revenue contraction, Earnings contraction",39.23,Weak,"Above 50 DMA, Above 200 DMA, Healthy RSI momentum, Near 52W high momentum, Normal volume support, Positive day move, Positive 1M return, Positive 3M return, Strong 6M absolute return, 1M Nifty outperformance, 3M Nifty outperformance, 6M Nifty outperformance, Positive across 1M/3M/6M, 80.0% of closes stayed inside the range | Range width 23.3% | Currently 100.0% through the range"
PIIND,Basic Materials,Agricultural Inputs,4291.14,1.76,2827.12,4758.45,51.78,9.82,66.12,4013.42,3785.5,143085.85,249591.0,1.74,Bullish,75.0,"Above 50 DMA, Above 200 DMA, Healthy RSI momentum, Near 52W high momentum, Volume expansion, Positive day move",3.75,17.51,29.4,-2.35,1.61,8.27,6.1,15.9,21.13,78.0,"Positive 1M return, Positive 3M return, Positive 6M return, 1M Nifty outperformance, 3M Nifty outperformance, 6M Nifty outperformance, Positive across 1M/3M/6M",23.28,Breakout Watch,84.44,3177.57,4125.99,29.85,100.0,80.0% of closes stayed inside the range | Range width 29.8% | Currently 100.0% through the range | Above upper band on elevated volume,,,22.68,21.05,-75.95,-75.91,,,,,,,,35.5884,23.3804,3.3541,55.0,,37668.63,57.49,General,11.0,0.0,0.0,0.0,9.0,20.0,0.5,,"Revenue contraction, Earnings contraction",0.0,20.0,,38.56,12.0,"Revenue contraction, Earnings contraction",39.03,Weak,"Above 50 DMA, Above 200 DMA, Healthy RSI momentum, Near 52W high momentum, Volume expansion, Positive day move, Positive 1M return, Positive 3M return, Positive 6M return, 1M Nifty outperformance, 3M Nifty outperformance, 6M Nifty outperformance, Positive across 1M/3M/6M, 80.0% of closes stayed inside the range | Range width 29.8% | Currently 100.0% through the range | Above upper band on elevated volume"
GODFRYPHLP,Consumer Defensive,Tobacco,3051.21,5.01,328.0,3193.37,830.24,4.45,60.04,2791.4,2196.96,718521.45,1427196.0,1.99,Bullish,80.0,"Above 50 DMA, Above 200 DMA, Healthy RSI momentum, Near 52W high momentum, Volume expansion, Strong positive day move",6.17,6.63,115.08,-2.35,1.61,8.27,8.52,5.02,106.81,73.0,"Positive 1M return, Positive 3M return, Strong 6M absolute return, 1M Nifty outperformance, 6M Nifty outperformance, Positive across 1M/3M/6M",12.5,Breakout Watch,79.87,1743.34,2917.25,67.34,100.0,80.0% of closes stayed inside the range | Range width 67.3% | Currently 100.0% through the range | Above upper band on elevated volume,,,20.99,24.17,-73.57,-66.76,,,,,,,,25.0856,19.6164,5.5211,2.25,0.33,34300.39,43.61,FMCG / Consumer,11.0,0.0,0.0,0.0,11.0,22.0,0.5,,"Revenue contraction, Earnings contraction",0.0,22.0,,33.07,12.0,"Revenue contraction, Earnings contraction",38.91,Weak,"Above 50 DMA, Above 200 DMA, Healthy RSI momentum, Near 52W high momentum, Volume expansion, Strong positive day move, Positive 1M return, Positive 3M return, Strong 6M absolute return, 1M Nifty outperformance, 6M Nifty outperformance, Positive across 1M/3M/6M, 80.0% of closes stayed inside the range | Range width 67.3% | Currently 100.0% through the range | Above upper band on elevated volume"
RBLBANK,Financial Services,Banks - Regional,260.13,2.35,95.02,296.89,173.77,12.38,59.75,236.12,186.7,12026001.9,23816281.0,1.98,Bullish,80.0,"Above 50 DMA, Above 200 DMA, Healthy RSI momentum, Near 52W high momentum, Volume expansion, Strong positive day move",5.01,28.08,68.26,-2.35,1.61,8.27,7.36,26.47,59.99,98.0,"Positive 1M return, Strong 3M absolute return, Strong 6M absolute return, 1M Nifty outperformance, 3M Nifty outperformance, 6M Nifty outperformance, Positive across 1M/3M/6M",8.24,Profit Booking Zone,80.75,157.45,254.23,61.47,100.0,80.0% of closes stayed inside the range | Range width 61.5% | Currently 100.0% through the range,,,,8.39,-75.48,-70.13,,,,,,,,32.1617,19.5915,1.4386,33.0,0.642,60423.22,0.0,Banking,3.0,0.0,0.0,0.0,13.0,16.0,0.43,,"Revenue contraction, Earnings contraction",0.0,16.0,,30.82,16.0,"Revenue contraction, Earnings contraction, Limited fundamental data coverage",38.72,Weak,"Above 50 DMA, Above 200 DMA, Healthy RSI momentum, Near 52W high momentum, Volume expansion, Strong positive day move, Positive 1M return, Strong 3M absolute return, Strong 6M absolute return, 1M Nifty outperformance, 3M Nifty outperformance, 6M Nifty outperformance, Positive across 1M/3M/6M, 80.0% of closes stayed inside the range | Range width 61.5% | Currently 100.0% through the range"
AIIL,Financial Services,Capital Markets,567.72,0.46,146.31,579.2,288.02,1.98,59.54,515.99,385.28,2228374.0,1095150.0,0.49,Bullish,65.0,"Above 50 DMA, Above 200 DMA, Healthy RSI momentum, Near 52W high momentum, Positive day move",13.54,53.07,74.17,-2.35,1.61,8.27,15.89,51.46,65.9,100.0,"Strong 1M absolute return, Strong 3M absolute return, Strong 6M absolute return, 1M Nifty outperformance, 3M Nifty outperformance, 6M Nifty outperformance, Positive across 1M/3M/6M",3.3,Profit Booking Zone,75.09,302.24,538.47,78.16,100.0,80.0% of closes stayed inside the range | Range width 78.2% | Currently 100.0% through the range,,,93.35,77.6,-73.46,-77.77,,,,,,,,28.9713,,2.9231,4.0,-0.018,47115.03,97.86,Financial Services,12.0,0.0,0.0,0.0,10.0,22.0,0.5,,"Revenue contraction, Earnings contraction",0.0,22.0,,30.82,15.0,"Low volume participation, Revenue contraction, Earnings contraction",38.57,Weak,"Above 50 DMA, Above 200 DMA, Healthy RSI momentum, Near 52W high momentum, Positive day move, Strong 1M absolute return, Strong 3M absolute return, Strong 6M absolute return, 1M Nifty outperformance, 3M Nifty outperformance, 6M Nifty outperformance, Positive across 1M/3M/6M, 80.0% of closes stayed inside the range | Range width 78.2% | Currently 100.0% through the range"
DRREDDY,Healthcare,Drug Manufacturers - Specialty & Generic,1283.96,-0.59,778.62,1403.63,64.9,8.53,56.73,1272.28,1228.8,1387207.5,1387013.0,1.0,Bullish,60.0,"Above 50 DMA, Above 200 DMA, Healthy RSI momentum, Near 52W high momentum",2.32,11.01,10.08,-2.35,1.61,8.27,4.67,9.4,1.81,38.0,"Positive 1M return, Positive 3M return, Positive 6M return, Positive across 1M/3M/6M",73.96,Profit Booking Zone,81.75,1110.88,1302.26,17.23,90.44,80.0% of closes stayed inside the range | Range width 17.2% | Currently 90.4% through the range,4.05,2.73,19.71,16.59,-73.75,-74.93,13.9,1.89,1.36,900.4,4864.4,1462.9,448.2,30.1735,20.2046,2.607,66.0,0.242,99960.01,50.18,Pharma / Healthcare,10.0,0.0,15.0,17.0,13.0,55.0,1.0,,"Revenue contraction, Earnings contraction",2.0,57.0,General low-debt support,39.72,12.0,"Revenue contraction, Earnings contraction",38.41,Weak,"Above 50 DMA, Above 200 DMA, Healthy RSI momentum, Near 52W high momentum, Positive 1M return, Positive 3M return, Positive 6M return, Positive across 1M/3M/6M, 80.0% of closes stayed inside the range | Range width 17.2% | Currently 90.4% through the range"
CUMMINSIND,Industrials,Specialty Industrial Machinery,3536.35,1.32,1088.43,4032.79,224.91,12.31,64.35,3299.99,3101.13,506611.5,479098.0,0.95,Bullish,65.0,"Above 50 DMA, Above 200 DMA, Healthy RSI momentum, Near 52W high momentum, Positive day move",8.32,22.97,32.83,-2.35,1.61,8.27,10.67,21.36,24.56,98.0,"Positive 1M return, Strong 3M absolute return, Strong 6M absolute return, 1M Nifty outperformance, 3M Nifty outperformance, 6M Nifty outperformance, Positive across 1M/3M/6M",6.4,Profit Booking Zone,82.74,2728.87,3470.18,27.17,100.0,80.0% of closes stayed inside the range | Range width 27.2% | Currently 100.0% through the range,,,20.13,21.12,-72.03,-69.8,,,,,,,,62.7339,45.4491,17.5475,1.23,0.546,148717.8,35.46,Capital Goods / Infra,11.0,0.0,0.0,0.0,4.0,15.0,0.5,,"Revenue contraction, Earnings contraction",0.0,15.0,,28.74,12.0,"Revenue contraction, Earnings contraction",38.31,Weak,"Above 50 DMA, Above 200 DMA, Healthy RSI momentum, Near 52W high momentum, Positive day move, Positive 1M return, Strong 3M absolute return, Strong 6M absolute return, 1M Nifty outperformance, 3M Nifty outperformance, 6M Nifty outperformance, Positive across 1M/3M/6M, 80.0% of closes stayed inside the range | Range width 27.2% | Currently 100.0% through the range"
NAM-INDIA,Financial Services,Asset Management,806.34,1.99,177.32,858.38,354.74,6.06,54.36,761.95,658.41,889801.05,607594.0,0.68,Bullish,65.0,"Above 50 DMA, Above 200 DMA, Healthy RSI momentum, Near 52W high momentum, Positive day move",4.2,27.67,46.44,-2.35,1.61,8.27,6.55,26.06,38.17,98.0,"Positive 1M return, Strong 3M absolute return, Strong 6M absolute return, 1M Nifty outperformance, 3M Nifty outperformance, 6M Nifty outperformance, Positive across 1M/3M/6M",8.24,Profit Booking Zone,78.61,511.24,790.84,54.69,100.0,80.0% of closes stayed inside the range | Range width 54.7% | Currently 100.0% through the range,,,62.59,65.3,-72.81,-69.21,,,,,,,,46.7312,35.4773,16.1928,1.84,0.634,75633.87,83.17,Financial Services,12.0,0.0,0.0,0.0,6.0,18.0,0.5,,"Revenue contraction, Earnings contraction",-4.0,14.0,Expensive relative to book value for this sector,30.82,12.0,"Revenue contraction, Earnings contraction",38.27,Weak,"Above 50 DMA, Above 200 DMA, Healthy RSI momentum, Near 52W high momentum, Positive day move, Positive 1M return, Strong 3M absolute return, Strong 6M absolute return, 1M Nifty outperformance, 3M Nifty outperformance, 6M Nifty outperformance, Positive across 1M/3M/6M, 80.0% of closes stayed inside the range | Range width 54.7% | Currently 100.0% through the range"
ABBOTINDIA,Healthcare,Drug Manufacturers - Specialty & Generic,34390.26,1.4,16232.57,35657.37,111.86,3.55,64.57,31669.57,28964.91,6553.8,8866.0,1.35,Bullish,75.0,"Above 50 DMA, Above 200 DMA, Healthy RSI momentum, Near 52W high momentum, Volume expansion, Positive day move",0.64,16.14,38.86,-2.35,1.61,8.27,2.99,14.53,30.59,78.0,"Positive 1M return, Positive 3M return, Strong 6M absolute return, 3M Nifty outperformance, 6M Nifty outperformance, Positive across 1M/3M/6M",19.79,Breakout Watch,86.3,28242.41,33177.26,17.47,100.0,80.0% of closes stayed inside the range | Range width 17.5% | Currently 100.0% through the range | Above upper band on elevated volume,,,24.51,21.05,-72.87,-74.13,,,,,,,,38.4784,31.1337,12.5248,1.87,0.056,59795.54,46.52,Pharma / Healthcare,11.0,0.0,0.0,0.0,6.0,17.0,0.5,,"Revenue contraction, Earnings contraction",0.0,17.0,,39.72,12.0,"Revenue contraction, Earnings contraction",38.16,Weak,"Above 50 DMA, Above 200 DMA, Healthy RSI momentum, Near 52W high momentum, Volume expansion, Positive day move, Positive 1M return, Positive 3M return, Strong 6M absolute return, 3M Nifty outperformance, 6M Nifty outperformance, Positive across 1M/3M/6M, 80.0% of closes stayed inside the range | Range width 17.5% | Currently 100.0% through the range | Above upper band on elevated volume"
FORTIS,Healthcare,Medical Care Facilities,841.81,-0.93,243.7,853.59,245.42,1.38,66.77,772.75,681.26,1568214.1,1418596.0,0.9,Bullish,60.0,"Above 50 DMA, Above 200 DMA, Healthy RSI momentum, Near 52W high momentum",6.45,23.89,45.16,-2.35,1.61,8.27,8.8,22.28,36.89,98.0,"Positive 1M return, Strong 3M absolute return, Strong 6M absolute return, 1M Nifty outperformance, 3M Nifty outperformance, 6M Nifty outperformance, Positive across 1M/3M/6M",11.46,Profit Booking Zone,81.24,612.0,796.79,30.19,100.0,80.0% of closes stayed inside the range | Range width 30.2% | Currently 100.0% through the range,,,17.96,12.01,-71.95,-66.38,,,,,,,,67.5676,39.5602,6.8663,11.0,0.665,67946.23,59.39,Pharma / Healthcare,8.0,0.0,0.0,0.0,5.0,13.0,0.5,,"Revenue contraction, Earnings contraction",0.0,13.0,,39.72,12.0,"Revenue contraction, Earnings contraction",38.01,Weak,"Above 50 DMA, Above 200 DMA, Healthy RSI momentum, Near 52W high momentum, Positive 1M return, Strong 3M absolute return, Strong 6M absolute return, 1M Nifty outperformance, 3M Nifty outperformance, 6M Nifty outperformance, Positive across 1M/3M/6M, 80.0% of closes stayed inside the range | Range width 30.2% | Currently 100.0% through the range"
KPRMILL,Consumer Cyclical,Textile Manufacturing,1172.54,2.42,468.75,1379.22,150.14,14.99,50.89,1145.05,1003.65,558086.25,327233.0,0.59,Bullish,70.0,"Above 50 DMA, Above 200 DMA, Healthy RSI momentum, Near 52W high momentum, Strong positive day move",6.44,14.65,34.03,-2.35,1.61,8.27,8.79,13.04,25.76,88.0,"Positive 1M return, Positive 3M return, Strong 6M absolute return, 1M Nifty outperformance, 3M Nifty outperformance, 6M Nifty outperformance, Positive across 1M/3M/6M",13.16,Profit Booking Zone,81.18,845.59,1186.92,40.37,95.79,80.0% of closes stayed inside the range | Range width 40.4% | Currently 95.8% through the range,,,15.24,12.61,-72.52,-73.91,,,,,,,,40.8671,29.9392,6.5314,46.0,0.283,37290.43,37.35,Consumer Discretionary,8.0,0.0,0.0,0.0,7.0,15.0,0.5,,"Revenue contraction, Earnings contraction",0.0,15.0,,30.8,12.0,"Revenue contraction, Earnings contraction",37.37,Weak,"Above 50 DMA, Above 200 DMA, Healthy RSI momentum, Near 52W high momentum, Strong positive day move, Positive 1M return, Positive 3M return, Strong 6M absolute return, 1M Nifty outperformance, 3M Nifty outperformance, 6M Nifty outperformance, Positive across 1M/3M/6M, 80.0% of closes stayed inside the range | Range width 40.4% | Currently 95.8% through the range"
GVT&D,Industrials,Specialty Industrial Machinery,2592.25,5.0,98.25,2592.25,2538.35,0.0,66.24,2331.83,1862.11,432525.65,48263.0,0.11,Bullish,70.0,"Above 50 DMA, Above 200 DMA, Healthy RSI momentum, Near 52W high momentum, Strong positive day move",8.75,62.02,63.18,-2.35,1.61,8.27,11.1,60.41,54.91,98.0,"Positive 1M return, Strong 3M absolute return, Strong 6M absolute return, 1M Nifty outperformance, 3M Nifty outperformance, 6M Nifty outperformance, Positive across 1M/3M/6M",6.4,Profit Booking Zone,77.25,1398.79,2388.86,70.78,100.0,80.0% of closes stayed inside the range | Range width 70.8% | Currently 100.0% through the range,,,28.3,21.89,-69.01,-52.13,,,,,,,,86.6909,56.6679,41.9339,23.0,0.634,112826.91,43.57,Capital Goods / Infra,12.0,0.0,0.0,0.0,5.0,17.0,0.5,,"Revenue contraction, Earnings contraction, Very high PE",0.0,17.0,,28.74,15.0,"Low volume participation, Revenue contraction, Earnings contraction",37.26,Weak,"Above 50 DMA, Above 200 DMA, Healthy RSI momentum, Near 52W high momentum, Strong positive day move, Positive 1M return, Strong 3M absolute return, Strong 6M absolute return, 1M Nifty outperformance, 3M Nifty outperformance, 6M Nifty outperformance, Positive across 1M/3M/6M, 80.0% of closes stayed inside the range | Range width 70.8% | Currently 100.0% through the range"
LAURUSLABS,Healthcare,Drug Manufacturers - Specialty & Generic,879.85,-3.12,276.17,920.82,218.59,4.45,75.27,719.35,603.29,3268612.7,5553033.0,1.7,Bullish,57.0,"Above 50 DMA, Above 200 DMA, Strong but overbought RSI, Near 52W high momentum, Volume expansion",16.48,42.87,72.82,-2.35,1.61,8.27,18.83,41.26,64.55,100.0,"Strong 1M absolute return, Strong 3M absolute return, Strong 6M absolute return, 1M Nifty outperformance, 3M Nifty outperformance, 6M Nifty outperformance, Positive across 1M/3M/6M",5.21,Breakout Watch,78.05,556.87,820.11,47.27,100.0,80.0% of closes stayed inside the range | Range width 47.3% | Currently 100.0% through the range | Above upper band on elevated volume,,,16.9,10.39,-71.5,-54.5,,,,,,,,91.358,64.5153,18.8439,13.0,0.357,99957.76,59.45,Pharma / Healthcare,6.0,0.0,0.0,0.0,5.0,11.0,0.5,,"Revenue contraction, Earnings contraction, Very high PE",0.0,11.0,,39.72,12.0,"Revenue contraction, Earnings contraction",37.06,Weak,"Above 50 DMA, Above 200 DMA, Strong but overbought RSI, Near 52W high momentum, Volume expansion, Strong 1M absolute return, Strong 3M absolute return, Strong 6M absolute return, 1M Nifty outperformance, 3M Nifty outperformance, 6M Nifty outperformance, Positive across 1M/3M/6M, 80.0% of closes stayed inside the range | Range width 47.3% | Currently 100.0% through the range | Above upper band on elevated volume"
APARINDS,Industrials,Electrical Equipment & Parts,9669.5,-0.12,1147.8,11710.57,742.43,17.43,67.04,8374.39,8054.55,135629.55,419566.0,3.09,Bullish,65.0,"Above 50 DMA, Above 200 DMA, Healthy RSI momentum, Strong volume expansion",10.02,67.76,35.59,-2.35,1.61,8.27,12.37,66.15,27.32,100.0,"Strong 1M absolute return, Strong 3M absolute return, Strong 6M absolute return, 1M Nifty outperformance, 3M Nifty outperformance, 6M Nifty outperformance, Positive across 1M/3M/6M",2.33,Breakout Watch,76.92,5308.53,8811.38,65.99,100.0,80.0% of closes stayed inside the range | Range width 66.0% | Currently 100.0% through the range | Above upper band on elevated volume,,,8.14,5.17,-72.51,-67.99,,,,,,,,57.1429,47.8647,13.4064,38.0,0.152,72330.69,21.59,Capital Goods / Infra,0.0,0.0,0.0,0.0,7.0,7.0,0.5,,"Revenue contraction, Earnings contraction",0.0,7.0,,28.74,12.0,"Revenue contraction, Earnings contraction",36.01,Weak,"Above 50 DMA, Above 200 DMA, Healthy RSI momentum, Strong volume expansion, Strong 1M absolute return, Strong 3M absolute return, Strong 6M absolute return, 1M Nifty outperformance, 3M Nifty outperformance, 6M Nifty outperformance, Positive across 1M/3M/6M, 80.0% of closes stayed inside the range | Range width 66.0% | Currently 100.0% through the range | Above upper band on elevated volume"
HDFCAMC,Financial Services,Asset Management,2774.32,0.76,732.04,2786.55,278.98,0.44,73.7,2497.71,2125.74,1170831.8,773452.0,0.66,Bullish,52.0,"Above 50 DMA, Above 200 DMA, Strong but overbought RSI, Near 52W high momentum, Positive day move",11.7,29.37,56.6,-2.35,1.61,8.27,14.05,27.76,48.33,100.0,"Strong 1M absolute return, Strong 3M absolute return, Strong 6M absolute return, 1M Nifty outperformance, 3M Nifty outperformance, 6M Nifty outperformance, Positive across 1M/3M/6M",3.3,Profit Booking Zone,77.8,1800.95,2556.01,41.93,100.0,80.0% of closes stayed inside the range | Range width 41.9% | Currently 100.0% through the range,,,78.06,77.21,-72.33,-69.61,,,,,,,,36.6284,28.3148,11.5587,2.15,0.554,106767.91,88.85,Financial Services,12.0,0.0,0.0,0.0,7.0,19.0,0.5,,"Revenue contraction, Earnings contraction",-4.0,15.0,Expensive relative to book value for this sector,30.82,12.0,"Revenue contraction, Earnings contraction",35.87,Weak,"Above 50 DMA, Above 200 DMA, Strong but overbought RSI, Near 52W high momentum, Positive day move, Strong 1M absolute return, Strong 3M absolute return, Strong 6M absolute return, 1M Nifty outperformance, 3M Nifty outperformance, 6M Nifty outperformance, Positive across 1M/3M/6M, 80.0% of closes stayed inside the range | Range width 41.9% | Currently 100.0% through the range"
STARHEALTH,Financial Services,Insurance - Life,447.8,4.93,327.3,780.0,36.82,42.59,59.88,442.2,437.48,741812.4,4326599.0,5.83,Bullish,75.0,"Above 50 DMA, Above 200 DMA, Healthy RSI momentum, Strong volume expansion, Strong positive day move",6.64,20.01,0.66,-2.35,1.61,8.27,8.99,18.4,-7.61,73.0,"Positive 1M return, Strong 3M absolute return, Positive 6M return, 1M Nifty outperformance, 3M Nifty outperformance, Positive across 1M/3M/6M",13.19,Profit Booking Zone,83.25,356.14,463.05,30.02,85.73,80.8% of closes stayed inside the range | Range width 30.0% | Currently 85.7% through the range,5.71,2.4,12.83,9.34,-71.54,-32.16,6.13,,,,470.0,,,51.433,20.1468,3.3841,,0.197,34318.63,21.95,Financial Services,6.0,0.0,9.0,0.0,7.0,22.0,0.64,,"Revenue contraction, Earnings contraction",-5.0,17.0,Weak ROE for a leveraged-balance-sheet business,30.82,12.0,"Revenue contraction, Earnings contraction",35.57,Weak,"Above 50 DMA, Above 200 DMA, Healthy RSI momentum, Strong volume expansion, Strong positive day move, Positive 1M return, Strong 3M absolute return, Positive 6M return, 1M Nifty outperformance, 3M Nifty outperformance, Positive across 1M/3M/6M, 80.8% of closes stayed inside the range | Range width 30.0% | Currently 85.7% through the range"
EMCURE,Healthcare,Drug Manufacturers - Specialty & Generic,1424.75,1.33,887.17,1576.74,60.6,9.64,69.06,1332.46,1243.9,484648.2,346214.0,0.71,Bullish,65.0,"Above 50 DMA, Above 200 DMA, Healthy RSI momentum, Near 52W high momentum, Positive day move",12.36,39.41,16.13,-2.35,1.61,8.27,14.71,37.8,7.86,80.0,"Strong 1M absolute return, Strong 3M absolute return, Positive 6M return, 1M Nifty outperformance, 3M Nifty outperformance, Positive across 1M/3M/6M",16.67,Profit Booking Zone,80.32,949.27,1360.16,43.29,100.0,80.0% of closes stayed inside the range | Range width 43.3% | Currently 100.0% through the range,,,14.49,9.85,-73.4,-69.63,,,,,,,,37.6541,25.8557,7.696,18.0,-0.056,38118.12,59.43,Pharma / Healthcare,6.0,0.0,0.0,0.0,7.0,13.0,0.5,,"Revenue contraction, Earnings contraction",0.0,13.0,,39.72,12.0,"Revenue contraction, Earnings contraction",34.76,Avoid,"Above 50 DMA, Above 200 DMA, Healthy RSI momentum, Near 52W high momentum, Positive day move, Strong 1M absolute return, Strong 3M absolute return, Positive 6M return, 1M Nifty outperformance, 3M Nifty outperformance, Positive across 1M/3M/6M, 80.0% of closes stayed inside the range | Range width 43.3% | Currently 100.0% through the range"
GLAND,Healthcare,Drug Manufacturers - Specialty & Generic,2026.37,-1.97,838.01,2537.39,141.81,20.14,68.45,1760.73,1632.96,481614.45,140627.0,0.29,Bullish,50.0,"Above 50 DMA, Above 200 DMA, Healthy RSI momentum",10.39,45.19,38.65,-2.35,1.61,8.27,12.74,43.58,30.38,100.0,"Strong 1M absolute return, Strong 3M absolute return, Strong 6M absolute return, 1M Nifty outperformance, 3M Nifty outperformance, 6M Nifty outperformance, Positive across 1M/3M/6M",5.21,Profit Booking Zone,78.78,1402.2,1858.73,32.56,100.0,80.0% of closes stayed inside the range | Range width 32.6% | Currently 100.0% through the range,,,17.71,14.31,-73.04,-69.15,,,,,,,,42.2505,29.9428,4.5988,77.0,0.566,47695.16,59.05,Pharma / Healthcare,8.0,0.0,0.0,0.0,9.0,17.0,0.5,,"Revenue contraction, Earnings contraction",0.0,17.0,,39.72,15.0,"Low volume participation, Revenue contraction, Earnings contraction",34.41,Avoid,"Above 50 DMA, Above 200 DMA, Healthy RSI momentum, Strong 1M absolute return, Strong 3M absolute return, Strong 6M absolute return, 1M Nifty outperformance, 3M Nifty outperformance, 6M Nifty outperformance, Positive across 1M/3M/6M, 80.0% of closes stayed inside the range | Range width 32.6% | Currently 100.0% through the range"
MOTILALOFS,Financial Services,Capital Markets,925.93,-0.43,299.28,1267.92,209.38,26.97,58.16,862.09,792.87,1971067.55,828745.0,0.42,Bullish,50.0,"Above 50 DMA, Above 200 DMA, Healthy RSI momentum",9.07,34.05,45.62,-2.35,1.61,8.27,11.42,32.44,37.35,98.0,"Positive 1M return, Strong 3M absolute return, Strong 6M absolute return, 1M Nifty outperformance, 3M Nifty outperformance, 6M Nifty outperformance, Positive across 1M/3M/6M",8.24,Profit Booking Zone,75.15,587.88,921.76,56.79,100.0,80.0% of closes stayed inside the range | Range width 56.8% | Currently 100.0% through the range,,,101.56,69.69,-74.07,-53.55,,,,,,,,27.5451,15.2672,4.2076,1.24,0.334,54253.42,62.9,Financial Services,12.0,0.0,0.0,0.0,10.0,22.0,0.5,,"Revenue contraction, Earnings contraction",0.0,22.0,,30.82,15.0,"Low volume participation, Revenue contraction, Earnings contraction",34.32,Avoid,"Above 50 DMA, Above 200 DMA, Healthy RSI momentum, Positive 1M return, Strong 3M absolute return, Strong 6M absolute return, 1M Nifty outperformance, 3M Nifty outperformance, 6M Nifty outperformance, Positive across 1M/3M/6M, 80.0% of closes stayed inside the range | Range width 56.8% | Currently 100.0% through the range"
VBL,Consumer Defensive,Beverages - Non-Alcoholic,519.88,1.94,179.77,676.37,189.19,23.14,70.93,470.79,536.43,9283158.5,25521111.0,2.75,Bullish,42.0,"Above 50 DMA, Strong but overbought RSI, Strong volume expansion, Positive day move",15.24,-3.0,-3.02,-2.35,1.61,8.27,17.59,-4.61,-11.29,25.0,"Strong 1M absolute return, 1M Nifty outperformance",58.33,Neutral Range,75.03,457.52,543.58,18.81,72.45,80.0% of closes stayed inside the range | Range width 18.8% | Currently 72.5% through the range,7.17,5.33,24.12,18.77,26.05,81.29,11.64,1.8,1.11,1973.8,2138.25,,,44.006,37.7022,7.6091,46.0,0.298,148997.58,55.45,FMCG / Consumer,13.0,20.0,15.0,0.0,7.0,55.0,0.86,,,3.0,58.0,"Low debt, typical of a healthy consumer business",33.07,8.0,Below 200 DMA,34.01,Avoid,"Above 50 DMA, Strong but overbought RSI, Strong volume expansion, Positive day move, Strong 1M absolute return, 1M Nifty outperformance, 80.0% of closes stayed inside the range | Range width 18.8% | Currently 72.5% through the range"
LLOYDSME,Basic Materials,Steel,1517.29,2.3,490.69,1611.04,209.21,5.82,53.72,1483.37,1246.11,306936.75,273783.0,0.89,Bullish,70.0,"Above 50 DMA, Above 200 DMA, Healthy RSI momentum, Near 52W high momentum, Strong positive day move",-0.45,23.55,23.35,-2.35,1.61,8.27,1.9,21.94,15.08,60.0,"Strong 3M absolute return, Positive 6M return, 3M Nifty outperformance, 6M Nifty outperformance",42.24,Profit Booking Zone,82.26,1127.65,1525.53,35.28,97.93,80.0% of closes stayed inside the range | Range width 35.3% | Currently 97.9% through the range,,,32.12,26.99,-64.13,-55.91,,,,,,,,22.1189,12.3348,7.6829,5.0,,106531.99,54.65,Metals / Mining,12.0,0.0,0.0,0.0,9.0,21.0,0.5,,"Revenue contraction, Earnings contraction",0.0,21.0,,38.56,12.0,"Revenue contraction, Earnings contraction",33.63,Avoid,"Above 50 DMA, Above 200 DMA, Healthy RSI momentum, Near 52W high momentum, Strong positive day move, Strong 3M absolute return, Positive 6M return, 3M Nifty outperformance, 6M Nifty outperformance, 80.0% of closes stayed inside the range | Range width 35.3% | Currently 97.9% through the range"
WAAREEENER,Technology,Solar,3141.74,-0.92,1861.96,3740.9,68.73,16.02,53.38,2984.32,,2415962.0,2622145.0,1.09,Bullish,40.0,"Above 50 DMA, Healthy RSI momentum, Normal volume support",6.0,16.18,50.27,-2.35,1.61,8.27,8.35,14.57,42.0,88.0,"Positive 1M return, Positive 3M return, Strong 6M absolute return, 1M Nifty outperformance, 3M Nifty outperformance, 6M Nifty outperformance, Positive across 1M/3M/6M",13.51,Profit Booking Zone,74.88,2156.43,3118.0,44.59,100.0,80.0% of closes stayed inside the range | Range width 44.6% | Currently 100.0% through the range,,,18.42,16.84,-69.36,-60.09,,,,,,,,20.4085,16.1252,5.3126,15.0,,76745.38,30.23,IT / Technology,10.0,0.0,0.0,0.0,11.0,21.0,0.5,,"Revenue contraction, Earnings contraction",5.0,26.0,Strong operating margin,27.18,12.0,"Revenue contraction, Earnings contraction",33.18,Avoid,"Above 50 DMA, Healthy RSI momentum, Normal volume support, Positive 1M return, Positive 3M return, Strong 6M absolute return, 1M Nifty outperformance, 3M Nifty outperformance, 6M Nifty outperformance, Positive across 1M/3M/6M, 80.0% of closes stayed inside the range | Range width 44.6% | Currently 100.0% through the range"
DALBHARAT,Basic Materials,Building Materials,2228.77,1.86,1448.98,2401.43,53.82,7.19,57.08,2131.93,1891.36,381619.1,352725.0,0.92,Bullish,65.0,"Above 50 DMA, Above 200 DMA, Healthy RSI momentum, Near 52W high momentum, Positive day move",0.87,15.66,23.81,-2.35,1.61,8.27,3.22,14.05,15.54,68.0,"Positive 1M return, Positive 3M return, Positive 6M return, 3M Nifty outperformance, 6M Nifty outperformance, Positive across 1M/3M/6M",34.48,Profit Booking Zone,82.52,1701.31,2188.73,28.65,100.0,80.0% of closes stayed inside the range | Range width 28.6% | Currently 100.0% through the range,,,15.43,10.81,-73.99,-42.46,,,,,,,,36.8796,25.1706,1.921,54.0,0.184,34568.38,61.49,Cement / Realty,6.0,0.0,0.0,0.0,11.0,17.0,0.5,,"Revenue contraction, Earnings contraction",0.0,17.0,,38.56,12.0,"Revenue contraction, Earnings contraction",32.98,Avoid,"Above 50 DMA, Above 200 DMA, Healthy RSI momentum, Near 52W high momentum, Positive day move, Positive 1M return, Positive 3M return, Positive 6M return, 3M Nifty outperformance, 6M Nifty outperformance, Positive across 1M/3M/6M, 80.0% of closes stayed inside the range | Range width 28.6% | Currently 100.0% through the range"
IPCALAB,Healthcare,Drug Manufacturers - Specialty & Generic,1522.1,2.75,663.43,1747.4,129.43,12.89,65.01,1415.03,1470.04,281474.8,501364.0,1.78,Bullish,80.0,"Above 50 DMA, Above 200 DMA, Healthy RSI momentum, Near 52W high momentum, Volume expansion, Strong positive day move",11.23,10.18,10.61,-2.35,1.61,8.27,13.58,8.57,2.34,55.0,"Strong 1M absolute return, Positive 3M return, Positive 6M return, 1M Nifty outperformance, Positive across 1M/3M/6M",40.62,Breakout Watch,88.35,1332.96,1476.19,10.75,100.0,80.0% of closes stayed inside the range | Range width 10.7% | Currently 100.0% through the range | Above upper band on elevated volume,,,13.7,10.1,-73.92,-68.39,,,,,,,,39.3189,26.9068,5.5581,34.0,0.035,44819.39,67.23,Pharma / Healthcare,6.0,0.0,0.0,0.0,9.0,15.0,0.5,,"Revenue contraction, Earnings contraction",0.0,15.0,,39.72,12.0,"Revenue contraction, Earnings contraction",32.96,Avoid,"Above 50 DMA, Above 200 DMA, Healthy RSI momentum, Near 52W high momentum, Volume expansion, Strong positive day move, Strong 1M absolute return, Positive 3M return, Positive 6M return, 1M Nifty outperformance, Positive across 1M/3M/6M, 80.0% of closes stayed inside the range | Range width 10.7% | Currently 100.0% through the range | Above upper band on elevated volume"
AMBUJACEM,Basic Materials,Building Materials,614.81,1.28,309.86,700.9,98.42,12.28,69.66,571.85,541.32,2396938.1,2616022.0,1.09,Bullish,70.0,"Above 50 DMA, Above 200 DMA, Healthy RSI momentum, Near 52W high momentum, Normal volume support, Positive day move",3.98,14.54,14.17,-2.35,1.61,8.27,6.33,12.93,5.9,63.0,"Positive 1M return, Positive 3M return, Positive 6M return, 1M Nifty outperformance, 3M Nifty outperformance, Positive across 1M/3M/6M",37.93,Profit Booking Zone,84.58,484.93,591.31,21.94,100.0,80.0% of closes stayed inside the range | Range width 21.9% | Currently 100.0% through the range,,,11.66,8.48,-69.56,-79.81,,,,,,,,23.7585,28.9663,1.7535,47.0,0.221,104610.8,56.82,Cement / Realty,6.0,0.0,0.0,0.0,10.0,16.0,0.5,,"Revenue contraction, Earnings contraction",0.0,16.0,,38.56,12.0,"Revenue contraction, Earnings contraction",32.63,Avoid,"Above 50 DMA, Above 200 DMA, Healthy RSI momentum, Near 52W high momentum, Normal volume support, Positive day move, Positive 1M return, Positive 3M return, Positive 6M return, 1M Nifty outperformance, 3M Nifty outperformance, Positive across 1M/3M/6M, 80.0% of closes stayed inside the range | Range width 21.9% | Currently 100.0% through the range"
BPCL,Energy,Oil & Gas Refining & Marketing,316.36,0.63,121.3,346.08,160.8,8.59,50.37,308.79,278.24,6781623.8,11366010.0,1.68,Bullish,75.0,"Above 50 DMA, Above 200 DMA, Healthy RSI momentum, Near 52W high momentum, Volume expansion, Positive day move",1.58,4.98,33.2,-2.35,1.61,8.27,3.93,3.37,24.93,63.0,"Positive 1M return, Positive 3M return, Strong 6M absolute return, 6M Nifty outperformance, Positive across 1M/3M/6M",14.29,Profit Booking Zone,83.81,239.91,321.65,34.07,93.52,80.8% of closes stayed inside the range | Range width 34.1% | Currently 93.5% through the range,,,6.92,6.08,-74.35,-48.72,,,,,,,,7.9033,7.9415,1.3525,6.29,0.873,135440.94,12.75,Energy / Utilities,3.0,0.0,0.0,0.0,12.0,15.0,0.5,,"Revenue contraction, Earnings contraction",0.0,15.0,,28.27,12.0,"Revenue contraction, Earnings contraction",31.99,Avoid,"Above 50 DMA, Above 200 DMA, Healthy RSI momentum, Near 52W high momentum, Volume expansion, Positive day move, Positive 1M return, Positive 3M return, Strong 6M absolute return, 6M Nifty outperformance, Positive across 1M/3M/6M, 80.8% of closes stayed inside the range | Range width 34.1% | Currently 93.5% through the range"
GLENMARK,Healthcare,Drug Manufacturers - Specialty & Generic,2148.33,-0.2,356.64,2279.21,502.38,5.74,72.26,1782.55,1569.25,2251097.4,786091.0,0.35,Bullish,47.0,"Above 50 DMA, Above 200 DMA, Strong but overbought RSI, Near 52W high momentum",21.67,53.13,53.92,-2.35,1.61,8.27,24.02,51.52,45.65,100.0,"Strong 1M absolute return, Strong 3M absolute return, Strong 6M absolute return, 1M Nifty outperformance, 3M Nifty outperformance, 6M Nifty outperformance, Positive across 1M/3M/6M",5.21,Profit Booking Zone,74.53,1364.64,2138.97,56.74,100.0,80.0% of closes stayed inside the range | Range width 56.7% | Currently 100.0% through the range,,,14.73,1.53,-76.73,-95.52,,,,,,,,35.9328,23.447,6.1481,33.0,0.248,64629.45,71.94,Pharma / Healthcare,3.0,0.0,0.0,0.0,7.0,10.0,0.5,,"Revenue contraction, Earnings contraction",0.0,10.0,,39.72,15.0,"Low volume participation, Revenue contraction, Earnings contraction",31.21,Avoid,"Above 50 DMA, Above 200 DMA, Strong but overbought RSI, Near 52W high momentum, Strong 1M absolute return, Strong 3M absolute return, Strong 6M absolute return, 1M Nifty outperformance, 3M Nifty outperformance, 6M Nifty outperformance, Positive across 1M/3M/6M, 80.0% of closes stayed inside the range | Range width 56.7% | Currently 100.0% through the range"
ANANDRATHI,Financial Services,Asset Management,1330.51,-0.63,155.16,1359.69,757.53,2.15,73.37,1085.84,983.86,1067220.8,282336.0,0.26,Bullish,47.0,"Above 50 DMA, Above 200 DMA, Strong but overbought RSI, Near 52W high momentum",27.14,53.68,52.82,-2.35,1.61,8.27,29.49,52.07,44.55,100.0,"Strong 1M absolute return, Strong 3M absolute return, Strong 6M absolute return, 1M Nifty outperformance, 3M Nifty outperformance, 6M Nifty outperformance, Positive across 1M/3M/6M",3.3,Profit Booking Zone,76.58,856.79,1225.82,43.07,100.0,80.0% of closes stayed inside the range | Range width 43.1% | Currently 100.0% through the range,,,43.83,34.17,-70.82,-68.77,,,,,,,,78.1228,65.0423,36.4135,32.0,0.337,36346.43,57.81,Financial Services,12.0,0.0,0.0,0.0,5.0,17.0,0.5,,"Revenue contraction, Earnings contraction",-4.0,13.0,Expensive relative to book value for this sector,30.82,15.0,"Low volume participation, Revenue contraction, Earnings contraction",30.92,Avoid,"Above 50 DMA, Above 200 DMA, Strong but overbought RSI, Near 52W high momentum, Strong 1M absolute return, Strong 3M absolute return, Strong 6M absolute return, 1M Nifty outperformance, 3M Nifty outperformance, 6M Nifty outperformance, Positive across 1M/3M/6M, 80.0% of closes stayed inside the range | Range width 43.1% | Currently 100.0% through the range"
GLAXO,Healthcare,Drug Manufacturers - General,3117.64,1.49,1135.42,3428.43,174.58,9.07,50.77,3160.8,2594.9,68152.85,96877.0,1.42,Bearish,60.0,"Above 200 DMA, Healthy RSI momentum, Near 52W high momentum, Volume expansion, Positive day move",-2.94,11.91,60.08,-2.35,1.61,8.27,-0.59,10.3,51.81,60.0,"Positive 3M return, Strong 6M absolute return, 3M Nifty outperformance, 6M Nifty outperformance",37.5,Profit Booking Zone,78.78,2414.8,3223.44,33.49,86.92,80.0% of closes stayed inside the range | Range width 33.5% | Currently 86.9% through the range,,,29.27,25.46,-78.39,-77.9,,,,,,,,41.6103,33.2197,19.5764,2.19,0.057,44387.77,64.2,Pharma / Healthcare,12.0,0.0,0.0,0.0,7.0,19.0,0.5,,"Revenue contraction, Earnings contraction",0.0,19.0,,39.72,12.0,"Revenue contraction, Earnings contraction",30.61,Avoid,"Above 200 DMA, Healthy RSI momentum, Near 52W high momentum, Volume expansion, Positive day move, Positive 3M return, Strong 6M absolute return, 3M Nifty outperformance, 6M Nifty outperformance, 80.0% of closes stayed inside the range | Range width 33.5% | Currently 86.9% through the range"
JIOFIN,Financial Services,Asset Management,319.05,-0.25,197.88,393.16,61.24,18.85,56.18,305.11,281.21,15551887.05,15393963.0,0.99,Bullish,50.0,"Above 50 DMA, Above 200 DMA, Healthy RSI momentum",-1.96,22.91,37.23,-2.35,1.61,8.27,0.39,21.3,28.96,70.0,"Strong 3M absolute return, Strong 6M absolute return, 3M Nifty outperformance, 6M Nifty outperformance",17.03,Profit Booking Zone,76.81,220.77,319.86,44.88,99.19,80.0% of closes stayed inside the range | Range width 44.9% | Currently 99.2% through the range,,,108.24,77.96,-69.09,-79.87,,,,,,,,79.7664,57.4103,1.211,24.0,0.502,169073.43,100.0,Financial Services,12.0,0.0,0.0,0.0,9.0,21.0,0.5,,"Revenue contraction, Earnings contraction",0.0,21.0,,30.82,12.0,"Revenue contraction, Earnings contraction",29.97,Avoid,"Above 50 DMA, Above 200 DMA, Healthy RSI momentum, Strong 3M absolute return, Strong 6M absolute return, 3M Nifty outperformance, 6M Nifty outperformance, 80.0% of closes stayed inside the range | Range width 44.9% | Currently 99.2% through the range"
MRF,Consumer Cyclical,Auto Parts,149757.67,0.45,78177.46,152495.03,91.56,1.8,59.4,142773.52,126336.35,7356.75,3136.0,0.43,Bullish,65.0,"Above 50 DMA, Above 200 DMA, Healthy RSI momentum, Near 52W high momentum, Positive day move",3.47,10.38,33.11,-2.35,1.61,8.27,5.82,8.77,24.84,73.0,"Positive 1M return, Positive 3M return, Strong 6M absolute return, 1M Nifty outperformance, 6M Nifty outperformance, Positive across 1M/3M/6M",21.93,Profit Booking Zone,81.08,106904.23,147807.15,38.26,100.0,80.0% of closes stayed inside the range | Range width 38.3% | Currently 100.0% through the range,,,8.37,6.52,-72.56,-73.28,,,,,,,,22.9289,19.5371,2.6445,35.0,,55467.79,35.97,Automobile,3.0,0.0,0.0,0.0,13.0,16.0,0.5,,"Revenue contraction, Earnings contraction",0.0,16.0,,30.8,15.0,"Low volume participation, Revenue contraction, Earnings contraction",29.72,Avoid,"Above 50 DMA, Above 200 DMA, Healthy RSI momentum, Near 52W high momentum, Positive day move, Positive 1M return, Positive 3M return, Strong 6M absolute return, 1M Nifty outperformance, 6M Nifty outperformance, Positive across 1M/3M/6M, 80.0% of closes stayed inside the range | Range width 38.3% | Currently 100.0% through the range"
ZYDUSLIFE,Healthcare,Drug Manufacturers - Specialty & Generic,994.26,0.03,341.92,1308.13,190.78,23.99,64.95,953.83,935.41,846375.45,775428.0,0.92,Bullish,55.0,"Above 50 DMA, Above 200 DMA, Healthy RSI momentum, Positive day move",1.12,12.78,10.58,-2.35,1.61,8.27,3.47,11.17,2.31,53.0,"Positive 1M return, Positive 3M return, Positive 6M return, 3M Nifty outperformance, Positive across 1M/3M/6M",44.79,Profit Booking Zone,82.79,860.89,971.63,12.86,100.0,80.0% of closes stayed inside the range | Range width 12.9% | Currently 100.0% through the range,,,27.73,22.68,-71.35,-67.59,,,,,,,,26.8374,24.5592,4.4723,8.0,0.37,120199.21,72.11,Pharma / Healthcare,12.0,0.0,0.0,0.0,11.0,23.0,0.5,,"Revenue contraction, Earnings contraction",0.0,23.0,,39.72,12.0,"Revenue contraction, Earnings contraction",29.01,Avoid,"Above 50 DMA, Above 200 DMA, Healthy RSI momentum, Positive day move, Positive 1M return, Positive 3M return, Positive 6M return, 3M Nifty outperformance, Positive across 1M/3M/6M, 80.0% of closes stayed inside the range | Range width 12.9% | Currently 100.0% through the range"
PAGEIND,Consumer Cyclical,Apparel Manufacturing,47636.59,2.33,31839.03,51744.07,49.62,7.94,56.5,46427.01,44482.86,20350.1,64163.0,3.15,Bullish,85.0,"Above 50 DMA, Above 200 DMA, Healthy RSI momentum, Near 52W high momentum, Strong volume expansion, Strong positive day move",1.72,5.7,8.97,-2.35,1.61,8.27,4.07,4.09,0.7,38.0,"Positive 1M return, Positive 3M return, Positive 6M return, Positive across 1M/3M/6M",45.61,Profit Booking Zone,88.26,40146.63,47523.2,18.37,100.0,80.0% of closes stayed inside the range | Range width 18.4% | Currently 100.0% through the range,,,20.36,15.25,-73.2,-72.46,,,,,,,,55.968,41.7449,28.4266,1.56,0.052,42713.76,58.47,Consumer Discretionary,10.0,0.0,0.0,0.0,6.0,16.0,0.5,,"Revenue contraction, Earnings contraction",0.0,16.0,,30.8,12.0,"Revenue contraction, Earnings contraction",28.97,Avoid,"Above 50 DMA, Above 200 DMA, Healthy RSI momentum, Near 52W high momentum, Strong volume expansion, Strong positive day move, Positive 1M return, Positive 3M return, Positive 6M return, Positive across 1M/3M/6M, 80.0% of closes stayed inside the range | Range width 18.4% | Currently 100.0% through the range"
RADICO,Consumer Defensive,Beverages - Wineries & Distilleries,2705.6,0.91,920.13,2776.7,194.05,2.56,55.15,2626.97,2397.14,198949.25,107869.0,0.54,Bullish,65.0,"Above 50 DMA, Above 200 DMA, Healthy RSI momentum, Near 52W high momentum, Positive day move",7.8,7.22,28.63,-2.35,1.61,8.27,10.15,5.61,20.36,63.0,"Positive 1M return, Positive 3M return, Positive 6M return, 1M Nifty outperformance, 6M Nifty outperformance, Positive across 1M/3M/6M",22.92,Profit Booking Zone,82.69,2115.43,2697.07,27.5,100.0,80.0% of closes stayed inside the range | Range width 27.5% | Currently 100.0% through the range,,,13.01,8.67,-68.69,-62.23,,,,,,,,86.2115,56.8584,18.3055,15.0,0.244,60734.22,43.35,FMCG / Consumer,6.0,0.0,0.0,0.0,5.0,11.0,0.5,,"Revenue contraction, Earnings contraction, Very high PE",0.0,11.0,,33.07,12.0,"Revenue contraction, Earnings contraction",28.81,Avoid,"Above 50 DMA, Above 200 DMA, Healthy RSI momentum, Near 52W high momentum, Positive day move, Positive 1M return, Positive 3M return, Positive 6M return, 1M Nifty outperformance, 6M Nifty outperformance, Positive across 1M/3M/6M, 80.0% of closes stayed inside the range | Range width 27.5% | Currently 100.0% through the range"
TORNTPHARM,Healthcare,Drug Manufacturers - Specialty & Generic,3697.85,-1.0,1388.75,3754.64,166.27,1.51,74.35,3288.48,3215.32,554910.25,439527.0,0.79,Bullish,47.0,"Above 50 DMA, Above 200 DMA, Strong but overbought RSI, Near 52W high momentum",11.38,13.77,13.64,-2.35,1.61,8.27,13.73,12.16,5.37,70.0,"Strong 1M absolute return, Positive 3M return, Positive 6M return, 1M Nifty outperformance, 3M Nifty outperformance, Positive across 1M/3M/6M",27.08,Profit Booking Zone,81.24,3026.29,3388.97,11.98,100.0,80.0% of closes stayed inside the range | Range width 12.0% | Currently 100.0% through the range,,,26.57,17.52,-72.36,-71.33,,,,,,,,78.2379,52.2222,19.7416,78.0,0.145,186114.0,75.98,Pharma / Healthcare,11.0,0.0,0.0,0.0,5.0,16.0,0.5,,"Revenue contraction, Earnings contraction",0.0,16.0,,39.72,12.0,"Revenue contraction, Earnings contraction",28.81,Avoid,"Above 50 DMA, Above 200 DMA, Strong but overbought RSI, Near 52W high momentum, Strong 1M absolute return, Positive 3M return, Positive 6M return, 1M Nifty outperformance, 3M Nifty outperformance, Positive across 1M/3M/6M, 80.0% of closes stayed inside the range | Range width 12.0% | Currently 100.0% through the range"
MEDANTA,Healthcare,Medical Care Facilities,1305.37,-1.89,406.36,1512.82,221.23,13.71,56.5,1225.4,1157.88,545574.65,168493.0,0.31,Bullish,60.0,"Above 50 DMA, Above 200 DMA, Healthy RSI momentum, Near 52W high momentum",12.02,8.09,28.36,-2.35,1.61,8.27,14.37,6.48,20.09,70.0,"Strong 1M absolute return, Positive 3M return, Positive 6M return, 1M Nifty outperformance, 6M Nifty outperformance, Positive across 1M/3M/6M",27.08,Profit Booking Zone,83.55,1133.67,1301.02,14.76,100.0,80.0% of closes stayed inside the range | Range width 14.8% | Currently 100.0% through the range,,,17.64,15.43,-72.08,-66.97,,,,,,,,67.6456,41.3212,9.4493,3.0,0.14,37445.97,52.79,Pharma / Healthcare,8.0,0.0,0.0,0.0,5.0,13.0,0.5,,"Revenue contraction, Earnings contraction",0.0,13.0,,39.72,15.0,"Low volume participation, Revenue contraction, Earnings contraction",28.01,Avoid,"Above 50 DMA, Above 200 DMA, Healthy RSI momentum, Near 52W high momentum, Strong 1M absolute return, Positive 3M return, Positive 6M return, 1M Nifty outperformance, 6M Nifty outperformance, Positive across 1M/3M/6M, 80.0% of closes stayed inside the range | Range width 14.8% | Currently 100.0% through the range"
CIPLA,Healthcare,Drug Manufacturers - Specialty & Generic,1544.91,-0.93,821.48,1668.41,88.06,7.4,66.33,1475.4,1461.76,1695930.8,1390012.0,0.82,Bullish,60.0,"Above 50 DMA, Above 200 DMA, Healthy RSI momentum, Near 52W high momentum",4.13,2.15,10.94,-2.35,1.61,8.27,6.48,0.54,2.67,48.0,"Positive 1M return, Positive 3M return, Positive 6M return, 1M Nifty outperformance, Positive across 1M/3M/6M",59.38,Profit Booking Zone,84.91,1417.03,1498.12,5.72,100.0,80.0% of closes stayed inside the range | Range width 5.7% | Currently 100.0% through the range,,,22.31,18.98,-74.81,-75.39,,,,,,,,35.0839,23.0495,3.4322,89.0,0.086,118188.92,63.28,Pharma / Healthcare,11.0,0.0,0.0,0.0,9.0,20.0,0.5,,"Revenue contraction, Earnings contraction",0.0,20.0,,39.72,12.0,"Revenue contraction, Earnings contraction",27.96,Avoid,"Above 50 DMA, Above 200 DMA, Healthy RSI momentum, Near 52W high momentum, Positive 1M return, Positive 3M return, Positive 6M return, 1M Nifty outperformance, Positive across 1M/3M/6M, 80.0% of closes stayed inside the range | Range width 5.7% | Currently 100.0% through the range"
KALYANKJIL,Consumer Cyclical,Luxury Goods,604.88,0.37,68.94,793.08,777.41,23.73,62.71,562.49,581.23,3711079.75,1639300.0,0.44,Bullish,55.0,"Above 50 DMA, Above 200 DMA, Healthy RSI momentum, Positive day move",3.59,14.29,38.49,-2.35,1.61,8.27,5.94,12.68,30.22,88.0,"Positive 1M return, Positive 3M return, Strong 6M absolute return, 1M Nifty outperformance, 3M Nifty outperformance, 6M Nifty outperformance, Positive across 1M/3M/6M",13.16,Profit Booking Zone,80.63,460.64,586.13,27.24,100.0,80.0% of closes stayed inside the range | Range width 27.2% | Currently 100.0% through the range,,,5.65,3.63,-70.98,-63.05,,,,,,,,43.4913,31.2985,9.7562,25.0,-0.216,61624.25,12.7,Consumer Discretionary,0.0,0.0,0.0,0.0,7.0,7.0,0.5,,"Revenue contraction, Earnings contraction",0.0,7.0,,30.8,15.0,"Low volume participation, Revenue contraction, Earnings contraction",27.82,Avoid,"Above 50 DMA, Above 200 DMA, Healthy RSI momentum, Positive day move, Positive 1M return, Positive 3M return, Strong 6M absolute return, 1M Nifty outperformance, 3M Nifty outperformance, 6M Nifty outperformance, Positive across 1M/3M/6M, 80.0% of closes stayed inside the range | Range width 27.2% | Currently 100.0% through the range"
LTF,Financial Services,Credit Services,201.33,-1.27,68.12,212.61,195.54,5.31,50.91,192.97,156.9,9228453.7,6921827.0,0.75,Bullish,60.0,"Above 50 DMA, Above 200 DMA, Healthy RSI momentum, Near 52W high momentum",-1.37,23.73,45.67,-2.35,1.61,8.27,0.98,22.12,37.4,70.0,"Strong 3M absolute return, Strong 6M absolute return, 3M Nifty outperformance, 6M Nifty outperformance",17.03,Profit Booking Zone,77.68,135.83,203.91,50.12,96.2,80.0% of closes stayed inside the range | Range width 50.1% | Currently 96.2% through the range,,,,27.67,-73.79,-73.48,,,,,,,,25.0158,16.2301,2.83,87.0,0.64,79491.77,99.53,Financial Services,6.0,0.0,0.0,0.0,13.0,19.0,0.43,,"Revenue contraction, Earnings contraction",0.0,19.0,,30.82,16.0,"Revenue contraction, Earnings contraction, Limited fundamental data coverage",27.77,Avoid,"Above 50 DMA, Above 200 DMA, Healthy RSI momentum, Near 52W high momentum, Strong 3M absolute return, Strong 6M absolute return, 3M Nifty outperformance, 6M Nifty outperformance, 80.0% of closes stayed inside the range | Range width 50.1% | Currently 96.2% through the range"
MUTHOOTFIN,Financial Services,Credit Services,2611.12,0.62,861.43,2695.21,203.11,3.12,53.48,2499.18,2183.2,344971.75,686131.0,1.99,Bullish,75.0,"Above 50 DMA, Above 200 DMA, Healthy RSI momentum, Near 52W high momentum, Volume expansion, Positive day move",0.3,19.5,24.79,-2.35,1.61,8.27,2.65,17.89,16.52,68.0,"Positive 1M return, Positive 3M return, Positive 6M return, 3M Nifty outperformance, 6M Nifty outperformance, Positive across 1M/3M/6M",20.88,Profit Booking Zone,84.49,2077.26,2627.62,26.49,97.0,80.0% of closes stayed inside the range | Range width 26.5% | Currently 97.0% through the range,6.64,1.36,,49.05,-68.02,-62.19,373.81,,,11656.41,113470.37,,,10.2879,9.0103,2.951,1.03,0.529,115474.38,100.0,Financial Services,6.0,0.0,0.0,0.0,14.0,20.0,0.64,,"Revenue contraction, Earnings contraction, Very high debt",1.0,21.0,"High leverage is structural for this sector, Weak ROE for a leveraged-balance-sheet business",30.82,20.0,"Very high debt, Revenue contraction, Earnings contraction",27.72,Avoid,"Above 50 DMA, Above 200 DMA, Healthy RSI momentum, Near 52W high momentum, Volume expansion, Positive day move, Positive 1M return, Positive 3M return, Positive 6M return, 3M Nifty outperformance, 6M Nifty outperformance, Positive across 1M/3M/6M, 80.0% of closes stayed inside the range | Range width 26.5% | Currently 97.0% through the range"
POLYCAB,Industrials,Electrical Equipment & Parts,6898.27,-0.45,2262.97,7526.97,204.83,8.35,60.96,6373.38,6172.45,385631.6,218429.0,0.57,Bullish,60.0,"Above 50 DMA, Above 200 DMA, Healthy RSI momentum, Near 52W high momentum",2.41,20.27,22.82,-2.35,1.61,8.27,4.76,18.66,14.55,63.0,"Positive 1M return, Strong 3M absolute return, Positive 6M return, 3M Nifty outperformance, Positive across 1M/3M/6M",22.09,Profit Booking Zone,80.34,4967.02,6765.5,36.21,100.0,80.0% of closes stayed inside the range | Range width 36.2% | Currently 100.0% through the range,,,13.07,10.03,-73.19,-70.69,,,,,,,,48.941,36.4857,11.5631,52.0,0.636,139924.9,24.48,Capital Goods / Infra,6.0,0.0,0.0,0.0,7.0,13.0,0.5,,"Revenue contraction, Earnings contraction",0.0,13.0,,28.74,12.0,"Revenue contraction, Earnings contraction",27.61,Avoid,"Above 50 DMA, Above 200 DMA, Healthy RSI momentum, Near 52W high momentum, Positive 1M return, Strong 3M absolute return, Positive 6M return, 3M Nifty outperformance, Positive across 1M/3M/6M, 80.0% of closes stayed inside the range | Range width 36.2% | Currently 100.0% through the range"
PATANJALI,Consumer Defensive,Packaged Foods,628.36,0.68,278.5,665.11,125.63,5.52,67.31,570.81,592.77,4770097.8,3827943.0,0.8,Bullish,65.0,"Above 50 DMA, Above 200 DMA, Healthy RSI momentum, Near 52W high momentum, Positive day move",15.98,1.42,3.88,-2.35,1.61,8.27,18.33,-0.19,-4.39,55.0,"Strong 1M absolute return, Positive 3M return, Positive 6M return, 1M Nifty outperformance, Positive across 1M/3M/6M",33.33,Profit Booking Zone,82.6,549.13,638.93,16.35,88.23,80.0% of closes stayed inside the range | Range width 16.4% | Currently 88.2% through the range,,,2.91,2.03,-73.64,-86.13,,,,,,,,21.1645,19.163,2.9269,99.0,-0.175,38358.64,13.03,FMCG / Consumer,0.0,0.0,0.0,0.0,13.0,13.0,0.5,,"Revenue contraction, Earnings contraction",0.0,13.0,,33.07,12.0,"Revenue contraction, Earnings contraction",27.51,Avoid,"Above 50 DMA, Above 200 DMA, Healthy RSI momentum, Near 52W high momentum, Positive day move, Strong 1M absolute return, Positive 3M return, Positive 6M return, 1M Nifty outperformance, Positive across 1M/3M/6M, 80.0% of closes stayed inside the range | Range width 16.4% | Currently 88.2% through the range"
DELHIVERY,Industrials,Integrated Freight & Logistics,409.15,-3.03,236.53,608.7,72.98,32.78,50.08,387.69,335.52,2914634.55,1742813.0,0.6,Bullish,50.0,"Above 50 DMA, Above 200 DMA, Healthy RSI momentum",5.9,33.86,31.37,-2.35,1.61,8.27,8.25,32.25,23.1,98.0,"Positive 1M return, Strong 3M absolute return, Strong 6M absolute return, 1M Nifty outperformance, 3M Nifty outperformance, 6M Nifty outperformance, Positive across 1M/3M/6M",6.4,Profit Booking Zone,73.53,253.6,415.35,63.78,96.17,80.0% of closes stayed inside the range | Range width 63.8% | Currently 96.2% through the range,,,0.06,3.97,-74.32,-43.84,,,,,,,,385.4508,42.6924,3.6232,,0.174,35229.57,84.92,Capital Goods / Infra,0.0,0.0,0.0,0.0,5.0,5.0,0.43,,"Revenue contraction, Earnings contraction, Very high PE",0.0,5.0,,28.74,16.0,"Revenue contraction, Earnings contraction, Limited fundamental data coverage",27.06,Avoid,"Above 50 DMA, Above 200 DMA, Healthy RSI momentum, Positive 1M return, Strong 3M absolute return, Strong 6M absolute return, 1M Nifty outperformance, 3M Nifty outperformance, 6M Nifty outperformance, Positive across 1M/3M/6M, 80.0% of closes stayed inside the range | Range width 63.8% | Currently 96.2% through the range"
LT,Industrials,Engineering & Construction,3629.65,4.85,1730.13,3888.89,109.79,6.67,63.42,3551.25,3442.81,1794950.6,8760659.0,4.88,Bullish,85.0,"Above 50 DMA, Above 200 DMA, Healthy RSI momentum, Near 52W high momentum, Strong volume expansion, Strong positive day move",1.9,11.08,8.36,-2.35,1.61,8.27,4.25,9.47,0.09,38.0,"Positive 1M return, Positive 3M return, Positive 6M return, Positive across 1M/3M/6M",44.19,Profit Booking Zone,88.83,3147.89,3607.58,14.6,100.0,80.0% of closes stayed inside the range | Range width 14.6% | Currently 100.0% through the range,,,8.3,5.68,-74.95,-75.94,,,,,,,,33.4443,22.303,5.06,94.0,0.508,553098.2,37.43,Capital Goods / Infra,0.0,0.0,0.0,0.0,11.0,11.0,0.5,,"Revenue contraction, Earnings contraction",0.0,11.0,,28.74,12.0,"Revenue contraction, Earnings contraction",26.91,Avoid,"Above 50 DMA, Above 200 DMA, Healthy RSI momentum, Near 52W high momentum, Strong volume expansion, Strong positive day move, Positive 1M return, Positive 3M return, Positive 6M return, Positive across 1M/3M/6M, 80.0% of closes stayed inside the range | Range width 14.6% | Currently 100.0% through the range"
ETERNAL,Consumer Cyclical,Internet Retail,303.45,-1.01,44.35,314.45,584.22,3.5,69.54,260.38,247.82,45499898.55,21677387.0,0.48,Bullish,60.0,"Above 50 DMA, Above 200 DMA, Healthy RSI momentum, Near 52W high momentum",16.82,26.49,45.75,-2.35,1.61,8.27,19.17,24.88,37.48,100.0,"Strong 1M absolute return, Strong 3M absolute return, Strong 6M absolute return, 1M Nifty outperformance, 3M Nifty outperformance, 6M Nifty outperformance, Positive across 1M/3M/6M",4.39,Profit Booking Zone,81.97,210.86,264.19,25.29,100.0,80.0% of closes stayed inside the range | Range width 25.3% | Currently 100.0% through the range,,,-2.78,0.35,-64.6,-95.26,,,,,,,,713.75,82.0471,9.2835,,0.225,289095.37,35.19,Consumer Discretionary,0.0,0.0,0.0,0.0,3.0,3.0,0.43,,"Revenue contraction, Earnings contraction, Very high PE",0.0,3.0,,30.8,19.0,"Low volume participation, Revenue contraction, Earnings contraction, Limited fundamental data coverage",26.67,Avoid,"Above 50 DMA, Above 200 DMA, Healthy RSI momentum, Near 52W high momentum, Strong 1M absolute return, Strong 3M absolute return, Strong 6M absolute return, 1M Nifty outperformance, 3M Nifty outperformance, 6M Nifty outperformance, Positive across 1M/3M/6M, 80.0% of closes stayed inside the range | Range width 25.3% | Currently 100.0% through the range"
ICICIBANK,Financial Services,Banks - Regional,1458.75,-0.26,770.28,1476.07,89.38,1.17,62.67,1418.83,1312.85,8298524.8,7238625.0,0.87,Bullish,60.0,"Above 50 DMA, Above 200 DMA, Healthy RSI momentum, Near 52W high momentum",3.82,3.71,18.89,-2.35,1.61,8.27,6.17,2.1,10.62,48.0,"Positive 1M return, Positive 3M return, Positive 6M return, 1M Nifty outperformance, Positive across 1M/3M/6M",32.42,Profit Booking Zone,83.22,1224.02,1431.76,16.97,100.0,80.0% of closes stayed inside the range | Range width 17.0% | Currently 100.0% through the range,4.11,0.51,,38.07,-82.6,-73.43,65.27,,,196821.17,215148.97,,,18.4855,15.2309,2.6994,84.0,0.261,1026998.09,0.0,Banking,6.0,0.0,4.0,0.0,15.0,25.0,0.64,,"Revenue contraction, Earnings contraction",-5.0,20.0,Weak ROE for a leveraged-balance-sheet business,30.82,12.0,"Revenue contraction, Earnings contraction",26.62,Avoid,"Above 50 DMA, Above 200 DMA, Healthy RSI momentum, Near 52W high momentum, Positive 1M return, Positive 3M return, Positive 6M return, 1M Nifty outperformance, Positive across 1M/3M/6M, 80.0% of closes stayed inside the range | Range width 17.0% | Currently 100.0% through the range"
BHARTIARTL,Communication Services,Telecom Services,1908.58,0.75,665.27,2003.62,186.89,4.74,51.69,1880.42,1697.77,4852079.0,5044683.0,1.04,Bullish,70.0,"Above 50 DMA, Above 200 DMA, Healthy RSI momentum, Near 52W high momentum, Normal volume support, Positive day move",-4.16,4.43,20.42,-2.35,1.61,8.27,-1.81,2.82,12.15,20.0,"Positive 3M return, Positive 6M return",56.67,Profit Booking Zone,85.35,1605.36,1920.08,19.6,96.35,80.8% of closes stayed inside the range | Range width 19.6% | Currently 96.3% through the range,4.97,1.15,31.08,12.03,-71.41,-82.27,169.85,0.42,,5323.3,203354.5,30689.8,19349.4,39.9959,23.6178,7.4958,1.25,0.01,1213418.96,67.86,Telecom,11.0,0.0,0.0,17.0,6.0,34.0,0.93,,"Revenue contraction, Earnings contraction",0.0,34.0,,27.26,12.0,"Revenue contraction, Earnings contraction",26.49,Avoid,"Above 50 DMA, Above 200 DMA, Healthy RSI momentum, Near 52W high momentum, Normal volume support, Positive day move, Positive 3M return, Positive 6M return, 80.8% of closes stayed inside the range | Range width 19.6% | Currently 96.3% through the range"
NLCINDIA,Utilities,Utilities - Regulated Electric,239.0,1.83,60.45,301.85,295.36,20.82,59.84,229.09,231.39,1801904.45,1487643.0,0.83,Bullish,55.0,"Above 50 DMA, Above 200 DMA, Healthy RSI momentum, Positive day move",6.49,8.22,18.21,-2.35,1.61,8.27,8.84,6.61,9.94,48.0,"Positive 1M return, Positive 3M return, Positive 6M return, 1M Nifty outperformance, Positive across 1M/3M/6M",21.05,Profit Booking Zone,82.39,213.47,239.84,12.35,96.82,80.0% of closes stayed inside the range | Range width 12.4% | Currently 96.8% through the range,,,10.34,20.85,-74.97,-69.57,,,,,,,,12.0326,10.25,1.7827,2.52,,38375.17,80.32,Energy / Utilities,9.0,0.0,0.0,0.0,15.0,24.0,0.5,,"Revenue contraction, Earnings contraction",0.0,24.0,,27.85,12.0,"Revenue contraction, Earnings contraction",26.33,Avoid,"Above 50 DMA, Above 200 DMA, Healthy RSI momentum, Positive day move, Positive 1M return, Positive 3M return, Positive 6M return, 1M Nifty outperformance, Positive across 1M/3M/6M, 80.0% of closes stayed inside the range | Range width 12.4% | Currently 96.8% through the range"
PREMIERENE,Technology,Solar,1068.62,1.67,772.91,1385.26,38.26,22.86,51.46,1053.88,1055.94,1329341.2,2521530.0,1.9,Bullish,65.0,"Above 50 DMA, Above 200 DMA, Healthy RSI momentum, Volume expansion, Positive day move",1.32,8.1,21.66,-2.35,1.61,8.27,3.67,6.49,13.39,38.0,"Positive 1M return, Positive 3M return, Positive 6M return, Positive across 1M/3M/6M",29.73,Profit Booking Zone,82.86,892.93,1078.94,20.83,94.45,80.0% of closes stayed inside the range | Range width 20.8% | Currently 94.4% through the range,,,21.46,16.9,-72.07,-67.16,,,,,,,,27.5241,20.7582,10.7314,14.0,,46322.93,39.49,IT / Technology,10.0,0.0,0.0,0.0,9.0,19.0,0.5,,"Revenue contraction, Earnings contraction",5.0,24.0,Strong operating margin,27.18,12.0,"Revenue contraction, Earnings contraction",26.23,Avoid,"Above 50 DMA, Above 200 DMA, Healthy RSI momentum, Volume expansion, Positive day move, Positive 1M return, Positive 3M return, Positive 6M return, Positive across 1M/3M/6M, 80.0% of closes stayed inside the range | Range width 20.8% | Currently 94.4% through the range"
NMDC,Basic Materials,Steel,68.97,0.36,24.26,87.7,184.33,21.36,58.64,67.43,65.34,23888845.65,10931756.0,0.46,Bullish,55.0,"Above 50 DMA, Above 200 DMA, Healthy RSI momentum, Positive day move",5.94,9.26,16.69,-2.35,1.61,8.27,8.29,7.65,8.42,48.0,"Positive 1M return, Positive 3M return, Positive 6M return, 1M Nifty outperformance, Positive across 1M/3M/6M",48.28,Profit Booking Zone,82.17,59.01,68.98,16.89,99.92,80.0% of closes stayed inside the range | Range width 16.9% | Currently 99.9% through the range,,,35.17,29.2,-71.81,-69.92,,,,,,,,10.094,8.3816,2.2131,4.1,0.643,75521.71,45.64,Metals / Mining,12.0,0.0,0.0,0.0,15.0,27.0,0.5,,"Revenue contraction, Earnings contraction",0.0,27.0,,38.56,15.0,"Low volume participation, Revenue contraction, Earnings contraction",25.98,Avoid,"Above 50 DMA, Above 200 DMA, Healthy RSI momentum, Positive day move, Positive 1M return, Positive 3M return, Positive 6M return, 1M Nifty outperformance, Positive across 1M/3M/6M, 80.0% of closes stayed inside the range | Range width 16.9% | Currently 99.9% through the range"
TATASTEEL,Basic Materials,Steel,158.1,-0.2,86.34,173.26,83.1,8.75,53.42,155.19,141.44,20792588.25,16083106.0,0.77,Bullish,60.0,"Above 50 DMA, Above 200 DMA, Healthy RSI momentum, Near 52W high momentum",-2.72,16.22,28.38,-2.35,1.61,8.27,-0.37,14.61,20.11,50.0,"Positive 3M return, Positive 6M return, 3M Nifty outperformance, 6M Nifty outperformance",44.83,Profit Booking Zone,82.31,128.81,158.17,22.79,99.76,80.0% of closes stayed inside the range | Range width 22.8% | Currently 99.8% through the range,,,8.88,3.94,-75.68,-39.26,,,,,,,,21.0395,10.4022,2.2751,2.12,0.867,232271.75,56.35,Metals / Mining,0.0,0.0,0.0,0.0,13.0,13.0,0.5,,"Revenue contraction, Earnings contraction",0.0,13.0,,38.56,12.0,"Revenue contraction, Earnings contraction",25.83,Avoid,"Above 50 DMA, Above 200 DMA, Healthy RSI momentum, Near 52W high momentum, Positive 3M return, Positive 6M return, 3M Nifty outperformance, 6M Nifty outperformance, 80.0% of closes stayed inside the range | Range width 22.8% | Currently 99.8% through the range"
MANKIND,Healthcare,Drug Manufacturers - Specialty & Generic,2574.49,0.81,1241.51,3053.6,107.37,15.69,55.24,2448.14,2519.65,841668.45,763354.0,0.91,Bullish,55.0,"Above 50 DMA, Above 200 DMA, Healthy RSI momentum, Positive day move",8.0,6.63,4.84,-2.35,1.61,8.27,10.35,5.02,-3.43,48.0,"Positive 1M return, Positive 3M return, Positive 6M return, 1M Nifty outperformance, Positive across 1M/3M/6M",59.38,Profit Booking Zone,82.45,2287.83,2581.26,12.83,97.69,80.0% of closes stayed inside the range | Range width 12.8% | Currently 97.7% through the range,,,17.59,12.28,-70.75,-77.98,,,,,,,,49.1833,34.567,6.1622,8.0,0.46,100486.05,70.76,Pharma / Healthcare,8.0,0.0,0.0,0.0,7.0,15.0,0.5,,"Revenue contraction, Earnings contraction",0.0,15.0,,39.72,12.0,"Revenue contraction, Earnings contraction",24.96,Avoid,"Above 50 DMA, Above 200 DMA, Healthy RSI momentum, Positive day move, Positive 1M return, Positive 3M return, Positive 6M return, 1M Nifty outperformance, Positive across 1M/3M/6M, 80.0% of closes stayed inside the range | Range width 12.8% | Currently 97.7% through the range"
HINDUNILVR,Consumer Defensive,Household & Personal Products,2394.04,-0.66,2066.79,2916.05,15.83,17.9,53.38,2327.4,2316.25,1563189.35,1224146.0,0.78,Bullish,55.0,"Above 50 DMA, Above 200 DMA, Healthy RSI momentum, Near 52W low zone",5.65,4.87,3.11,-2.35,1.61,8.27,8.0,3.26,-5.16,48.0,"Positive 1M return, Positive 3M return, Positive 6M return, 1M Nifty outperformance, Positive across 1M/3M/6M",41.67,Profit Booking Zone,83.16,2169.83,2394.08,10.33,99.98,80.0% of closes stayed inside the range | Range width 10.3% | Currently 100.0% through the range,,,21.27,17.69,-74.28,-74.12,,,,,,,,45.875,38.7544,9.9452,2.13,0.332,484720.67,50.37,FMCG / Consumer,10.0,0.0,0.0,0.0,7.0,17.0,0.5,,"Revenue contraction, Earnings contraction",0.0,17.0,,33.07,12.0,"Revenue contraction, Earnings contraction",24.66,Avoid,"Above 50 DMA, Above 200 DMA, Healthy RSI momentum, Near 52W low zone, Positive 1M return, Positive 3M return, Positive 6M return, 1M Nifty outperformance, Positive across 1M/3M/6M, 80.0% of closes stayed inside the range | Range width 10.3% | Currently 100.0% through the range"
OIL,Energy,Oil & Gas Integrated,432.97,0.93,95.09,729.69,355.34,40.66,50.98,431.91,421.77,2189004.55,1901183.0,0.87,Bullish,55.0,"Above 50 DMA, Above 200 DMA, Healthy RSI momentum, Positive day move",2.04,9.94,14.04,-2.35,1.61,8.27,4.39,8.33,5.77,38.0,"Positive 1M return, Positive 3M return, Positive 6M return, Positive across 1M/3M/6M",39.29,Profit Booking Zone,80.11,358.27,439.5,22.67,91.96,80.0% of closes stayed inside the range | Range width 22.7% | Currently 92.0% through the range,,,21.74,23.92,-75.61,-71.05,,,,,,,,9.1579,7.5062,1.3235,4.04,0.253,76775.88,56.89,Energy / Utilities,11.0,0.0,0.0,0.0,15.0,26.0,0.5,,"Revenue contraction, Earnings contraction",0.0,26.0,,28.27,12.0,"Revenue contraction, Earnings contraction",24.59,Avoid,"Above 50 DMA, Above 200 DMA, Healthy RSI momentum, Positive day move, Positive 1M return, Positive 3M return, Positive 6M return, Positive across 1M/3M/6M, 80.0% of closes stayed inside the range | Range width 22.7% | Currently 92.0% through the range"
M&M,Consumer Cyclical,Auto Manufacturers,3175.55,0.3,1083.49,3268.67,193.08,2.85,56.01,3076.89,2910.6,2038575.55,2199654.0,1.08,Bullish,70.0,"Above 50 DMA, Above 200 DMA, Healthy RSI momentum, Near 52W high momentum, Normal volume support, Positive day move",2.2,7.06,12.68,-2.35,1.61,8.27,4.55,5.45,4.41,38.0,"Positive 1M return, Positive 3M return, Positive 6M return, Positive across 1M/3M/6M",45.61,Profit Booking Zone,84.62,2594.63,3156.75,21.66,100.0,80.0% of closes stayed inside the range | Range width 21.7% | Currently 100.0% through the range,,,14.9,8.99,-70.81,-68.42,,,,,,,,21.0528,21.6049,4.0858,95.0,0.291,408691.44,38.59,Automobile,6.0,0.0,0.0,0.0,8.0,14.0,0.5,,"Revenue contraction, Earnings contraction",0.0,14.0,,30.8,12.0,"Revenue contraction, Earnings contraction",24.52,Avoid,"Above 50 DMA, Above 200 DMA, Healthy RSI momentum, Near 52W high momentum, Normal volume support, Positive day move, Positive 1M return, Positive 3M return, Positive 6M return, Positive across 1M/3M/6M, 80.0% of closes stayed inside the range | Range width 21.7% | Currently 100.0% through the range"
BALKRISIND,Consumer Cyclical,Auto Parts,2736.1,0.86,1750.0,3327.52,56.35,17.77,67.0,2533.22,2646.16,390237.2,375440.0,0.96,Bullish,55.0,"Above 50 DMA, Above 200 DMA, Healthy RSI momentum, Positive day move",7.68,2.37,2.26,-2.35,1.61,8.27,10.03,0.76,-6.01,48.0,"Positive 1M return, Positive 3M return, Positive 6M return, 1M Nifty outperformance, Positive across 1M/3M/6M",35.96,Profit Booking Zone,82.9,2421.1,2715.09,12.14,100.0,80.0% of closes stayed inside the range | Range width 12.1% | Currently 100.0% through the range,,,11.52,10.45,-73.35,-82.58,,,,,,,,34.3358,24.8272,4.406,75.0,0.321,48269.36,50.17,Automobile,6.0,0.0,0.0,0.0,11.0,17.0,0.5,,"Revenue contraction, Earnings contraction",0.0,17.0,,30.8,12.0,"Revenue contraction, Earnings contraction",24.32,Avoid,"Above 50 DMA, Above 200 DMA, Healthy RSI momentum, Positive day move, Positive 1M return, Positive 3M return, Positive 6M return, 1M Nifty outperformance, Positive across 1M/3M/6M, 80.0% of closes stayed inside the range | Range width 12.1% | Currently 100.0% through the range"
HDFCBANK,Financial Services,Banks - Regional,996.42,0.21,646.11,999.78,54.22,0.34,62.4,962.48,884.74,15262549.0,15154036.0,0.99,Bullish,65.0,"Above 50 DMA, Above 200 DMA, Healthy RSI momentum, Near 52W high momentum, Positive day move",2.26,6.01,22.92,-2.35,1.61,8.27,4.61,4.4,14.65,38.0,"Positive 1M return, Positive 3M return, Positive 6M return, Positive across 1M/3M/6M",39.56,Profit Booking Zone,83.98,825.66,981.98,18.93,100.0,80.0% of closes stayed inside the range | Range width 18.9% | Currently 100.0% through the range,3.0,0.36,,19.05,-53.58,-75.86,110.5,,,214612.78,599612.81,,,15.924,11.6454,1.8511,1.78,0.414,1123335.9,0.0,Banking,6.0,0.0,2.0,0.0,14.0,22.0,0.64,,"Revenue contraction, Earnings contraction",-5.0,17.0,Weak ROE for a leveraged-balance-sheet business,30.82,12.0,"Revenue contraction, Earnings contraction",24.32,Avoid,"Above 50 DMA, Above 200 DMA, Healthy RSI momentum, Near 52W high momentum, Positive day move, Positive 1M return, Positive 3M return, Positive 6M return, Positive across 1M/3M/6M, 80.0% of closes stayed inside the range | Range width 18.9% | Currently 100.0% through the range"
3MINDIA,Industrials,Conglomerates,30513.1,0.13,20146.33,39386.18,51.46,22.53,73.44,28690.44,29157.04,7383.9,13836.0,1.87,Bullish,52.0,"Above 50 DMA, Above 200 DMA, Strong but overbought RSI, Volume expansion, Positive day move",10.83,4.31,7.11,-2.35,1.61,8.27,13.18,2.7,-1.16,55.0,"Strong 1M absolute return, Positive 3M return, Positive 6M return, 1M Nifty outperformance, Positive across 1M/3M/6M",24.42,Breakout Watch,83.45,26444.2,29277.3,10.71,100.0,80.8% of closes stayed inside the range | Range width 10.7% | Currently 100.0% through the range | Above upper band on elevated volume,,,18.94,14.86,-73.08,-62.68,,,,,,,,77.736,47.6971,22.8946,44.0,0.273,40481.03,41.86,Capital Goods / Infra,10.0,0.0,0.0,0.0,5.0,15.0,0.5,,"Revenue contraction, Earnings contraction",0.0,15.0,,28.74,12.0,"Revenue contraction, Earnings contraction",24.31,Avoid,"Above 50 DMA, Above 200 DMA, Strong but overbought RSI, Volume expansion, Positive day move, Strong 1M absolute return, Positive 3M return, Positive 6M return, 1M Nifty outperformance, Positive across 1M/3M/6M, 80.8% of closes stayed inside the range | Range width 10.7% | Currently 100.0% through the range | Above upper band on elevated volume"
MAXHEALTH,Healthcare,Medical Care Facilities,1262.36,-0.76,351.87,1311.97,258.76,3.78,54.2,1217.86,1105.22,1771673.8,875446.0,0.49,Bullish,60.0,"Above 50 DMA, Above 200 DMA, Healthy RSI momentum, Near 52W high momentum",-1.46,11.87,23.92,-2.35,1.61,8.27,0.89,10.26,15.65,50.0,"Positive 3M return, Positive 6M return, 3M Nifty outperformance, 6M Nifty outperformance",51.04,Profit Booking Zone,81.76,998.55,1262.91,26.48,99.79,80.0% of closes stayed inside the range | Range width 26.5% | Currently 99.8% through the range,,,20.65,15.19,-70.66,-71.38,,,,,,,,70.4053,41.5708,9.1232,19.0,0.128,98057.3,62.42,Pharma / Healthcare,10.0,0.0,0.0,0.0,5.0,15.0,0.5,,"Revenue contraction, Earnings contraction",0.0,15.0,,39.72,15.0,"Low volume participation, Revenue contraction, Earnings contraction",23.71,Avoid,"Above 50 DMA, Above 200 DMA, Healthy RSI momentum, Near 52W high momentum, Positive 3M return, Positive 6M return, 3M Nifty outperformance, 6M Nifty outperformance, 80.0% of closes stayed inside the range | Range width 26.5% | Currently 99.8% through the range"
HEXT,Technology,Information Technology Services,693.35,-0.99,569.49,876.24,21.75,20.87,22.26,810.56,,940086.15,1254289.0,1.33,Bearish,19.0,"Oversold RSI, Near 52W low zone, Volume expansion",-18.62,2.07,,-2.35,1.61,8.27,-16.27,0.46,,10.0,Positive 3M return,71.62,Accumulation Zone,70.09,659.95,836.42,26.74,18.93,79.8% of closes stayed inside the range | Range width 26.7% | Currently 18.9% through the range,6.55,4.09,13.4,11.65,1.65,16.11,10.03,1.69,,1908.6,581.9,467.2,423.2,25.995,20.3095,5.151,2.52,,34572.16,40.67,IT / Technology,6.0,8.0,16.0,17.0,11.0,58.0,0.93,Cash covers debt,,0.0,58.0,,27.18,8.0,Extreme RSI weakness,23.63,Avoid,"Oversold RSI, Near 52W low zone, Volume expansion, Cash covers debt, Positive 3M return, 79.8% of closes stayed inside the range | Range width 26.7% | Currently 18.9% through the range"
ASTERDM,Healthcare,Medical Care Facilities,589.18,0.21,151.5,670.94,288.89,12.19,50.5,579.89,495.1,2144570.6,339016.0,0.16,Bullish,65.0,"Above 50 DMA, Above 200 DMA, Healthy RSI momentum, Near 52W high momentum, Positive day move",-0.08,12.93,26.27,-2.35,1.61,8.27,2.27,11.32,18.0,50.0,"Positive 3M return, Positive 6M return, 3M Nifty outperformance, 6M Nifty outperformance",51.04,Profit Booking Zone,80.09,414.92,592.7,42.85,98.02,80.0% of closes stayed inside the range | Range width 42.8% | Currently 98.0% through the range,,,13.37,7.93,-73.95,-98.41,,,,,,,,138.9178,42.5242,9.3243,47.0,-0.059,72170.12,58.62,Pharma / Healthcare,6.0,0.0,0.0,0.0,5.0,11.0,0.5,,"Revenue contraction, Earnings contraction, Very high PE",0.0,11.0,,39.72,15.0,"Low volume participation, Revenue contraction, Earnings contraction",23.56,Avoid,"Above 50 DMA, Above 200 DMA, Healthy RSI momentum, Near 52W high momentum, Positive day move, Positive 3M return, Positive 6M return, 3M Nifty outperformance, 6M Nifty outperformance, 80.0% of closes stayed inside the range | Range width 42.8% | Currently 98.0% through the range"
HYUNDAI,Consumer Cyclical,Auto Manufacturers,2047.13,-0.67,1512.47,2222.35,35.35,7.88,50.9,1981.01,,462160.05,360104.0,0.78,Bullish,45.0,"Above 50 DMA, Healthy RSI momentum, Near 52W high momentum",-1.74,20.74,28.46,-2.35,1.61,8.27,0.61,19.13,20.19,60.0,"Strong 3M absolute return, Positive 6M return, 3M Nifty outperformance, 6M Nifty outperformance",28.07,Profit Booking Zone,77.41,1622.0,2077.27,28.07,93.38,80.0% of closes stayed inside the range | Range width 28.1% | Currently 93.4% through the range,,,10.24,8.46,-76.19,-75.72,,,,,,,,36.0999,24.5077,9.0955,95.0,,182009.21,28.22,Automobile,6.0,0.0,0.0,0.0,7.0,13.0,0.5,,"Revenue contraction, Earnings contraction",0.0,13.0,,30.8,12.0,"Revenue contraction, Earnings contraction",23.42,Avoid,"Above 50 DMA, Healthy RSI momentum, Near 52W high momentum, Strong 3M absolute return, Positive 6M return, 3M Nifty outperformance, 6M Nifty outperformance, 80.0% of closes stayed inside the range | Range width 28.1% | Currently 93.4% through the range"
MPHASIS,Technology,Information Technology Services,2733.32,1.16,1511.01,3091.63,80.89,11.59,55.95,2608.82,2593.97,523109.9,867993.0,1.66,Bullish,75.0,"Above 50 DMA, Above 200 DMA, Healthy RSI momentum, Near 52W high momentum, Volume expansion, Positive day move",-0.89,16.55,-0.73,-2.35,1.61,8.27,1.46,14.94,-9.0,25.0,"Positive 3M return, 3M Nifty outperformance",43.24,Profit Booking Zone,84.37,2162.99,2751.41,27.2,96.93,80.0% of closes stayed inside the range | Range width 27.2% | Currently 96.9% through the range,,,15.3,11.83,-73.77,-74.05,,,,,,,,25.3152,20.0133,4.2716,2.45,0.485,48421.74,44.45,IT / Technology,6.0,0.0,0.0,0.0,11.0,17.0,0.5,,"Revenue contraction, Earnings contraction",0.0,17.0,,27.18,12.0,"Revenue contraction, Earnings contraction",23.03,Avoid,"Above 50 DMA, Above 200 DMA, Healthy RSI momentum, Near 52W high momentum, Volume expansion, Positive day move, Positive 3M return, 3M Nifty outperformance, 80.0% of closes stayed inside the range | Range width 27.2% | Currently 96.9% through the range"
ENDURANCE,Consumer Cyclical,Auto Parts,2561.63,0.85,1160.92,3026.82,120.66,15.37,47.21,2548.85,2204.35,86122.05,27869.0,0.32,Bullish,47.0,"Above 50 DMA, Above 200 DMA, RSI recovering, Positive day move",-9.9,39.01,31.47,-2.35,1.61,8.27,-7.55,37.4,23.2,70.0,"Strong 3M absolute return, Strong 6M absolute return, 3M Nifty outperformance, 6M Nifty outperformance",24.56,Profit Booking Zone,74.98,1835.98,2640.85,43.84,90.16,80.0% of closes stayed inside the range | Range width 43.8% | Currently 90.2% through the range,,,8.42,6.82,-70.81,-72.94,,,,,,,,44.723,30.1333,6.2092,38.0,0.723,42475.96,42.33,Automobile,3.0,0.0,0.0,0.0,7.0,10.0,0.5,,"Revenue contraction, Earnings contraction",0.0,10.0,,30.8,15.0,"Low volume participation, Revenue contraction, Earnings contraction",22.37,Avoid,"Above 50 DMA, Above 200 DMA, RSI recovering, Positive day move, Strong 3M absolute return, Strong 6M absolute return, 3M Nifty outperformance, 6M Nifty outperformance, 80.0% of closes stayed inside the range | Range width 43.8% | Currently 90.2% through the range"
APOLLOHOSP,Healthcare,Medical Care Facilities,7421.97,-0.08,3944.97,7606.28,88.14,2.42,57.57,7148.28,6904.27,422584.95,266922.0,0.63,Bullish,60.0,"Above 50 DMA, Above 200 DMA, Healthy RSI momentum, Near 52W high momentum",0.12,6.83,11.2,-2.35,1.61,8.27,2.47,5.22,2.93,38.0,"Positive 1M return, Positive 3M return, Positive 6M return, Positive across 1M/3M/6M",73.96,Profit Booking Zone,83.09,6224.32,7333.11,17.81,100.0,80.0% of closes stayed inside the range | Range width 17.8% | Currently 100.0% through the range,,,10.91,7.41,-72.86,-70.07,,,,,,,,64.9369,40.1114,13.0391,23.0,0.201,123611.67,34.63,Pharma / Healthcare,6.0,0.0,0.0,0.0,5.0,11.0,0.5,,"Revenue contraction, Earnings contraction",0.0,11.0,,39.72,12.0,"Revenue contraction, Earnings contraction",22.31,Avoid,"Above 50 DMA, Above 200 DMA, Healthy RSI momentum, Near 52W high momentum, Positive 1M return, Positive 3M return, Positive 6M return, Positive across 1M/3M/6M, 80.0% of closes stayed inside the range | Range width 17.8% | Currently 100.0% through the range"
PNB,Financial Services,Banks - Regional,105.05,-1.09,29.62,133.38,254.59,21.24,47.13,104.03,96.21,20597547.3,49635403.0,2.41,Bullish,57.0,"Above 50 DMA, Above 200 DMA, RSI recovering, Strong volume expansion",-5.05,11.9,11.48,-2.35,1.61,8.27,-2.7,10.29,3.21,35.0,"Positive 3M return, Positive 6M return, 3M Nifty outperformance",47.25,Profit Booking Zone,79.65,86.08,107.55,24.93,88.34,80.0% of closes stayed inside the range | Range width 24.9% | Currently 88.3% through the range,1.53,0.11,,13.11,-72.94,-88.53,67.67,,,140739.7,93471.78,,,6.1872,6.9245,0.8745,2.63,0.504,136743.04,0.0,Banking,5.0,0.0,7.0,0.0,12.0,24.0,0.64,Cash covers debt,"Revenue contraction, Earnings contraction",-5.0,19.0,Weak ROE for a leveraged-balance-sheet business,30.82,12.0,"Revenue contraction, Earnings contraction",22.27,Avoid,"Above 50 DMA, Above 200 DMA, RSI recovering, Strong volume expansion, Cash covers debt, Positive 3M return, Positive 6M return, 3M Nifty outperformance, 80.0% of closes stayed inside the range | Range width 24.9% | Currently 88.3% through the range"
VMM,Consumer Cyclical,Department Stores,137.87,0.9,95.99,143.42,43.63,3.87,56.27,130.85,,17395701.35,14818991.0,0.85,Bullish,50.0,"Above 50 DMA, Healthy RSI momentum, Near 52W high momentum, Positive day move",4.68,11.06,35.54,-2.35,1.61,8.27,7.03,9.45,27.27,73.0,"Positive 1M return, Positive 3M return, Strong 6M absolute return, 1M Nifty outperformance, 6M Nifty outperformance, Positive across 1M/3M/6M",21.93,Profit Booking Zone,78.81,101.88,134.86,32.37,100.0,80.0% of closes stayed inside the range | Range width 32.4% | Currently 100.0% through the range,,,9.56,6.56,-70.7,-67.39,,,,,,,,56.8421,39.8039,6.7954,,,50595.94,28.5,Consumer Discretionary,3.0,0.0,0.0,0.0,5.0,8.0,0.43,,"Revenue contraction, Earnings contraction",0.0,8.0,,30.8,16.0,"Revenue contraction, Earnings contraction, Limited fundamental data coverage",22.17,Avoid,"Above 50 DMA, Healthy RSI momentum, Near 52W high momentum, Positive day move, Positive 1M return, Positive 3M return, Strong 6M absolute return, 1M Nifty outperformance, 6M Nifty outperformance, Positive across 1M/3M/6M, 80.0% of closes stayed inside the range | Range width 32.4% | Currently 100.0% through the range"
AJANTPHARM,Healthcare,Drug Manufacturers - Specialty & Generic,2744.29,-0.8,1045.69,3384.33,162.44,18.91,60.49,2580.48,2685.8,170441.55,68741.0,0.4,Bullish,50.0,"Above 50 DMA, Above 200 DMA, Healthy RSI momentum",9.87,8.27,9.03,-2.35,1.61,8.27,12.22,6.66,0.76,48.0,"Positive 1M return, Positive 3M return, Positive 6M return, 1M Nifty outperformance, Positive across 1M/3M/6M",59.38,Profit Booking Zone,82.07,2457.23,2718.71,10.64,100.0,80.0% of closes stayed inside the range | Range width 10.6% | Currently 100.0% through the range,,,52.4,19.6,-71.6,-72.26,,,,,,,,38.9849,30.3719,9.7708,1.82,0.216,44239.7,78.61,Pharma / Healthcare,12.0,0.0,0.0,0.0,6.0,18.0,0.5,,"Revenue contraction, Earnings contraction",0.0,18.0,,39.72,15.0,"Low volume participation, Revenue contraction, Earnings contraction",21.76,Avoid,"Above 50 DMA, Above 200 DMA, Healthy RSI momentum, Positive 1M return, Positive 3M return, Positive 6M return, 1M Nifty outperformance, Positive across 1M/3M/6M, 80.0% of closes stayed inside the range | Range width 10.6% | Currently 100.0% through the range"
GRASIM,Basic Materials,Building Materials,2740.07,0.57,1496.78,2876.54,83.06,4.74,52.0,2696.85,2583.42,702652.45,772901.0,1.1,Bullish,70.0,"Above 50 DMA, Above 200 DMA, Healthy RSI momentum, Near 52W high momentum, Normal volume support, Positive day move",-3.2,0.13,14.4,-2.35,1.61,8.27,-0.85,-1.48,6.13,20.0,"Positive 3M return, Positive 6M return",70.69,Profit Booking Zone,85.37,2383.23,2767.03,16.1,92.97,80.8% of closes stayed inside the range | Range width 16.1% | Currently 93.0% through the range,,,10.66,3.54,-72.74,-61.72,,,,,,,,45.2565,22.5144,2.1683,30.0,0.355,224352.46,55.8,Cement / Realty,3.0,0.0,0.0,0.0,11.0,14.0,0.5,,"Revenue contraction, Earnings contraction",0.0,14.0,,38.56,12.0,"Revenue contraction, Earnings contraction",21.18,Avoid,"Above 50 DMA, Above 200 DMA, Healthy RSI momentum, Near 52W high momentum, Normal volume support, Positive day move, Positive 3M return, Positive 6M return, 80.8% of closes stayed inside the range | Range width 16.1% | Currently 93.0% through the range"
ASIANPAINT,Basic Materials,Specialty Chemicals,2391.29,0.6,2083.96,3454.02,14.75,30.77,58.21,2302.54,2356.77,921821.3,1685818.0,1.83,Bullish,70.0,"Above 50 DMA, Above 200 DMA, Healthy RSI momentum, Near 52W low zone, Volume expansion, Positive day move",-0.15,0.05,8.76,-2.35,1.61,8.27,2.2,-1.56,0.49,20.0,"Positive 3M return, Positive 6M return",70.69,Profit Booking Zone,85.81,2191.41,2400.05,9.52,95.8,80.0% of closes stayed inside the range | Range width 9.5% | Currently 95.8% through the range,,,14.84,12.32,-73.61,-70.01,,,,,,,,55.0311,45.2244,12.2976,1.01,0.289,262668.52,43.53,Chemicals,8.0,0.0,0.0,0.0,6.0,14.0,0.5,,"Revenue contraction, Earnings contraction",0.0,14.0,,38.56,12.0,"Revenue contraction, Earnings contraction",21.18,Avoid,"Above 50 DMA, Above 200 DMA, Healthy RSI momentum, Near 52W low zone, Volume expansion, Positive day move, Positive 3M return, Positive 6M return, 80.0% of closes stayed inside the range | Range width 9.5% | Currently 95.8% through the range"
IDBI,Financial Services,Banks - Regional,94.17,1.24,36.58,105.64,157.45,10.86,45.61,95.54,81.83,7037931.05,4816138.0,0.68,Bearish,32.0,"Above 200 DMA, RSI recovering, Positive day move",-6.57,18.95,23.81,-2.35,1.61,8.27,-4.22,17.34,15.54,50.0,"Positive 3M return, Positive 6M return, 3M Nifty outperformance, 6M Nifty outperformance",29.67,Profit Booking Zone,72.42,70.77,98.83,39.66,83.38,80.8% of closes stayed inside the range | Range width 39.7% | Currently 83.4% through the range,3.17,0.5,,43.45,-74.17,-73.54,35.26,,,33071.03,22462.46,,,9.511,16.8286,1.2551,2.43,0.832,88664.31,0.0,Banking,6.0,0.0,10.0,0.0,12.0,28.0,0.64,Cash covers debt,"Revenue contraction, Earnings contraction",-5.0,23.0,Weak ROE for a leveraged-balance-sheet business,30.82,12.0,"Revenue contraction, Earnings contraction",21.17,Avoid,"Above 200 DMA, RSI recovering, Positive day move, Cash covers debt, Positive 3M return, Positive 6M return, 3M Nifty outperformance, 6M Nifty outperformance, 80.8% of closes stayed inside the range | Range width 39.7% | Currently 83.4% through the range"
BHARTIHEXA,Communication Services,Telecom Services,1779.92,0.39,740.06,2019.43,140.51,11.86,49.95,1783.97,1510.87,244164.15,105235.0,0.43,Bearish,32.0,"Above 200 DMA, RSI recovering, Positive day move",-7.93,7.38,39.23,-2.35,1.61,8.27,-5.58,5.77,30.96,45.0,"Positive 3M return, Strong 6M absolute return, 6M Nifty outperformance",26.67,Profit Booking Zone,73.3,1315.15,1810.87,37.69,93.76,80.0% of closes stayed inside the range | Range width 37.7% | Currently 93.8% through the range,6.19,2.08,27.99,17.3,-73.53,-73.78,101.61,0.29,,35.1,6425.1,1343.7,1048.1,40.7012,23.3453,10.3696,1.19,0.085,74300.0,59.93,Telecom,11.0,0.0,2.0,17.0,6.0,36.0,0.93,,"Revenue contraction, Earnings contraction",0.0,36.0,,27.26,15.0,"Low volume participation, Revenue contraction, Earnings contraction",20.94,Avoid,"Above 200 DMA, RSI recovering, Positive day move, Positive 3M return, Strong 6M absolute return, 6M Nifty outperformance, 80.0% of closes stayed inside the range | Range width 37.7% | Currently 93.8% through the range"
JSWSTEEL,Basic Materials,Steel,1031.97,0.29,601.78,1065.89,71.49,3.18,56.34,1009.97,977.18,1402259.55,1781038.0,1.27,Bullish,70.0,"Above 50 DMA, Above 200 DMA, Healthy RSI momentum, Near 52W high momentum, Normal volume support, Positive day move",-1.81,8.92,13.59,-2.35,1.61,8.27,0.54,7.31,5.32,20.0,"Positive 3M return, Positive 6M return",70.69,Profit Booking Zone,85.54,950.54,1037.51,9.15,93.63,80.0% of closes stayed inside the range | Range width 9.1% | Currently 93.6% through the range,,,11.87,5.14,-74.51,-37.67,,,,,,,,12.6581,17.4188,3.096,55.0,0.627,309784.53,42.29,Metals / Mining,3.0,0.0,0.0,0.0,10.0,13.0,0.5,,"Revenue contraction, Earnings contraction",0.0,13.0,,38.56,12.0,"Revenue contraction, Earnings contraction",20.83,Avoid,"Above 50 DMA, Above 200 DMA, Healthy RSI momentum, Near 52W high momentum, Normal volume support, Positive day move, Positive 3M return, Positive 6M return, 80.0% of closes stayed inside the range | Range width 9.1% | Currently 93.6% through the range"
BERGEPAINT,Basic Materials,Specialty Chemicals,566.84,0.6,428.37,665.9,32.33,14.88,52.11,561.45,511.83,426846.35,475258.0,1.11,Bullish,70.0,"Above 50 DMA, Above 200 DMA, Healthy RSI momentum, Near 52W high momentum, Normal volume support, Positive day move",-3.35,3.76,21.62,-2.35,1.61,8.27,-1.0,2.15,13.35,20.0,"Positive 3M return, Positive 6M return",70.69,Profit Booking Zone,83.93,481.02,573.34,19.19,92.95,80.0% of closes stayed inside the range | Range width 19.2% | Currently 93.0% through the range,,,13.57,9.83,-72.06,-73.35,,,,,,,,51.2637,43.1943,9.4377,75.0,0.449,65272.83,40.89,Chemicals,6.0,0.0,0.0,0.0,7.0,13.0,0.5,,"Revenue contraction, Earnings contraction",0.0,13.0,,38.56,12.0,"Revenue contraction, Earnings contraction",20.83,Avoid,"Above 50 DMA, Above 200 DMA, Healthy RSI momentum, Near 52W high momentum, Normal volume support, Positive day move, Positive 3M return, Positive 6M return, 80.0% of closes stayed inside the range | Range width 19.2% | Currently 93.0% through the range"
HEROMOTOCO,Consumer Cyclical,Auto Manufacturers,4109.57,-1.71,2004.26,5802.49,105.04,29.18,48.59,4116.57,4004.77,524814.7,547169.0,1.04,Bearish,32.0,"Above 200 DMA, RSI recovering, Normal volume support",1.69,14.54,9.87,-2.35,1.61,8.27,4.04,12.93,1.6,53.0,"Positive 1M return, Positive 3M return, Positive 6M return, 3M Nifty outperformance, Positive across 1M/3M/6M",30.7,Profit Booking Zone,75.83,3451.77,4156.39,20.41,93.36,80.0% of closes stayed inside the range | Range width 20.4% | Currently 93.4% through the range,,,12.41,17.53,-76.11,-61.05,,,,,,,,21.5516,18.1039,5.458,3.15,0.468,117983.24,31.65,Automobile,8.0,0.0,0.0,0.0,11.0,19.0,0.5,,"Revenue contraction, Earnings contraction",0.0,19.0,,30.8,12.0,"Revenue contraction, Earnings contraction",20.52,Avoid,"Above 200 DMA, RSI recovering, Normal volume support, Positive 1M return, Positive 3M return, Positive 6M return, 3M Nifty outperformance, Positive across 1M/3M/6M, 80.0% of closes stayed inside the range | Range width 20.4% | Currently 93.4% through the range"
POONAWALLA,Financial Services,Credit Services,414.0,-0.4,240.66,517.51,72.03,20.0,34.27,433.0,363.21,2090174.9,1349554.0,0.65,Bearish,23.0,"Above 200 DMA, Weak but watchable RSI",-10.88,6.73,34.11,-2.35,1.61,8.27,-8.53,5.12,25.84,45.0,"Positive 3M return, Strong 6M absolute return, 6M Nifty outperformance",36.26,Profit Booking Zone,65.56,286.19,454.57,58.84,75.9,80.0% of closes stayed inside the range | Range width 58.8% | Currently 75.9% through the range,,,20.72,5.02,-68.8,163.66,,,,,,,,50.6911,19.7165,3.7798,,0.318,42391.77,99.87,Financial Services,5.0,10.0,0.0,0.0,7.0,22.0,0.43,,Revenue contraction,0.0,22.0,,30.82,9.0,"Revenue contraction, Limited fundamental data coverage",20.32,Avoid,"Above 200 DMA, Weak but watchable RSI, Positive 3M return, Strong 6M absolute return, 6M Nifty outperformance, 80.0% of closes stayed inside the range | Range width 58.8% | Currently 75.9% through the range"
ULTRACEMCO,Basic Materials,Building Materials,12022.6,0.38,5786.89,12381.2,107.76,2.9,55.55,11571.78,11141.53,244700.05,185681.0,0.76,Bullish,65.0,"Above 50 DMA, Above 200 DMA, Healthy RSI momentum, Near 52W high momentum, Positive day move",-0.73,5.79,9.29,-2.35,1.61,8.27,1.62,4.18,1.02,20.0,"Positive 3M return, Positive 6M return",70.69,Profit Booking Zone,83.45,10301.96,12111.35,17.56,95.1,80.0% of closes stayed inside the range | Range width 17.6% | Currently 95.1% through the range,,,15.53,10.46,-71.61,-63.14,,,,,,,,41.0332,27.5174,4.5645,2.04,0.505,349797.12,58.4,Cement / Realty,6.0,0.0,0.0,0.0,9.0,15.0,0.5,,"Revenue contraction, Earnings contraction",0.0,15.0,,38.56,12.0,"Revenue contraction, Earnings contraction",20.28,Avoid,"Above 50 DMA, Above 200 DMA, Healthy RSI momentum, Near 52W high momentum, Positive day move, Positive 3M return, Positive 6M return, 80.0% of closes stayed inside the range | Range width 17.6% | Currently 95.1% through the range"
HINDALCO,Basic Materials,Aluminum,680.24,-0.56,350.03,763.04,94.33,10.85,56.65,659.18,640.79,4109375.5,2829322.0,0.69,Bullish,60.0,"Above 50 DMA, Above 200 DMA, Healthy RSI momentum, Near 52W high momentum",-1.37,8.75,20.03,-2.35,1.61,8.27,0.98,7.14,11.76,20.0,"Positive 3M return, Positive 6M return",70.69,Profit Booking Zone,83.77,598.3,684.83,14.46,94.69,80.8% of closes stayed inside the range | Range width 14.5% | Currently 94.7% through the range,,,9.33,6.23,-72.9,-74.98,,,,,,,,14.2245,9.717,1.7528,48.0,0.925,239409.43,31.31,Metals / Mining,3.0,0.0,0.0,0.0,15.0,18.0,0.5,,"Revenue contraction, Earnings contraction",0.0,18.0,,38.56,12.0,"Revenue contraction, Earnings contraction",20.08,Avoid,"Above 50 DMA, Above 200 DMA, Healthy RSI momentum, Near 52W high momentum, Positive 3M return, Positive 6M return, 80.8% of closes stayed inside the range | Range width 14.5% | Currently 94.7% through the range"
PRESTIGE,Real Estate,Real Estate - Diversified,1620.89,-0.94,388.74,2067.83,316.96,21.61,42.35,1643.11,1494.97,934522.75,557073.0,0.6,Bearish,23.0,"Above 200 DMA, Weak but watchable RSI",1.45,17.27,27.83,-2.35,1.61,8.27,3.8,15.66,19.56,68.0,"Positive 1M return, Positive 3M return, Positive 6M return, 3M Nifty outperformance, 6M Nifty outperformance, Positive across 1M/3M/6M",20.0,Profit Booking Zone,67.99,1131.33,1710.64,51.21,84.51,80.0% of closes stayed inside the range | Range width 51.2% | Currently 84.5% through the range,,,29.37,12.68,-67.98,-37.43,,,,,,,,60.0718,27.7803,4.2105,13.0,0.445,68516.26,58.8,Cement / Realty,11.0,0.0,0.0,0.0,7.0,18.0,0.5,,"Revenue contraction, Earnings contraction",0.0,18.0,,18.39,12.0,"Revenue contraction, Earnings contraction",19.81,Avoid,"Above 200 DMA, Weak but watchable RSI, Positive 1M return, Positive 3M return, Positive 6M return, 3M Nifty outperformance, 6M Nifty outperformance, Positive across 1M/3M/6M, 80.0% of closes stayed inside the range | Range width 51.2% | Currently 84.5% through the range"
HINDCOPPER,Basic Materials,Copper,256.61,-0.02,92.4,411.82,177.73,37.69,45.53,258.77,248.2,4955635.7,12381244.0,2.5,Bearish,42.0,"Above 200 DMA, RSI recovering, Strong volume expansion",-8.95,18.84,13.4,-2.35,1.61,8.27,-6.6,17.23,5.13,35.0,"Positive 3M return, Positive 6M return, 3M Nifty outperformance",56.9,Profit Booking Zone,75.23,208.28,270.13,29.7,78.14,80.8% of closes stayed inside the range | Range width 29.7% | Currently 78.1% through the range,,,33.06,26.0,-75.07,-71.14,,,,,,,,45.4523,27.1139,15.8616,46.0,,52963.9,91.1,Metals / Mining,12.0,0.0,0.0,0.0,7.0,19.0,0.5,,"Revenue contraction, Earnings contraction",0.0,19.0,,38.56,12.0,"Revenue contraction, Earnings contraction",19.68,Avoid,"Above 200 DMA, RSI recovering, Strong volume expansion, Positive 3M return, Positive 6M return, 3M Nifty outperformance, 80.8% of closes stayed inside the range | Range width 29.7% | Currently 78.1% through the range"
BRITANNIA,Consumer Defensive,Packaged Foods,5579.73,2.15,3358.32,6281.59,66.15,11.17,53.59,5501.68,5093.69,233827.05,176798.0,0.76,Bullish,70.0,"Above 50 DMA, Above 200 DMA, Healthy RSI momentum, Near 52W high momentum, Strong positive day move",-0.74,7.24,13.56,-2.35,1.61,8.27,1.61,5.63,5.29,20.0,"Positive 3M return, Positive 6M return",66.67,Profit Booking Zone,84.26,4641.58,5610.56,20.88,96.82,80.0% of closes stayed inside the range | Range width 20.9% | Currently 96.8% through the range,,,14.88,11.48,-74.14,-76.1,,,,,,,,52.2538,43.3854,26.629,1.62,0.421,135982.19,41.42,FMCG / Consumer,6.0,0.0,0.0,0.0,6.0,12.0,0.5,,"Revenue contraction, Earnings contraction",0.0,12.0,,33.07,12.0,"Revenue contraction, Earnings contraction",19.66,Avoid,"Above 50 DMA, Above 200 DMA, Healthy RSI momentum, Near 52W high momentum, Strong positive day move, Positive 3M return, Positive 6M return, 80.0% of closes stayed inside the range | Range width 20.9% | Currently 96.8% through the range"
ABCAPITAL,Financial Services,Financial Conglomerates,248.8,-1.41,106.65,282.65,133.29,11.98,35.74,254.2,203.4,2993641.8,3390277.0,1.13,Bearish,28.0,"Above 200 DMA, Weak but watchable RSI, Normal volume support",-9.1,24.82,47.21,-2.35,1.61,8.27,-6.75,23.21,38.94,70.0,"Strong 3M absolute return, Strong 6M absolute return, 3M Nifty outperformance, 6M Nifty outperformance",17.03,Profit Booking Zone,65.31,157.86,271.22,71.81,80.22,80.0% of closes stayed inside the range | Range width 71.8% | Currently 80.2% through the range,,,43.24,9.24,-78.97,-74.83,,,,,,,,26.3092,16.2013,3.1273,,0.687,112442.53,28.11,Financial Services,9.0,0.0,0.0,0.0,9.0,18.0,0.43,,"Revenue contraction, Earnings contraction",0.0,18.0,,30.82,16.0,"Revenue contraction, Earnings contraction, Limited fundamental data coverage",19.42,Avoid,"Above 200 DMA, Weak but watchable RSI, Normal volume support, Strong 3M absolute return, Strong 6M absolute return, 3M Nifty outperformance, 6M Nifty outperformance, 80.0% of closes stayed inside the range | Range width 71.8% | Currently 80.2% through the range"
JSL,Basic Materials,Steel,678.5,0.48,115.54,841.14,487.25,19.34,51.3,677.58,652.96,670975.7,305202.0,0.45,Bullish,55.0,"Above 50 DMA, Above 200 DMA, Healthy RSI momentum, Positive day move",-3.2,16.23,10.95,-2.35,1.61,8.27,-0.85,14.62,2.68,35.0,"Positive 3M return, Positive 6M return, 3M Nifty outperformance",56.9,Profit Booking Zone,79.91,569.51,691.47,21.41,89.37,80.0% of closes stayed inside the range | Range width 21.4% | Currently 89.4% through the range,,,10.36,7.0,-73.96,-71.49,,,,,,,,18.7427,14.2066,13.508,55.0,0.554,60799.26,21.99,Metals / Mining,6.0,0.0,0.0,0.0,11.0,17.0,0.5,,"Revenue contraction, Earnings contraction",0.0,17.0,,38.56,15.0,"Low volume participation, Revenue contraction, Earnings contraction",19.23,Avoid,"Above 50 DMA, Above 200 DMA, Healthy RSI momentum, Positive day move, Positive 3M return, Positive 6M return, 3M Nifty outperformance, 80.0% of closes stayed inside the range | Range width 21.4% | Currently 89.4% through the range"
SUPREMEIND,Industrials,Building Products & Equipment,4236.89,-1.07,1762.06,6324.19,140.45,33.0,52.97,4229.52,4066.47,198045.5,121793.0,0.61,Bullish,50.0,"Above 50 DMA, Above 200 DMA, Healthy RSI momentum",-0.54,22.84,18.94,-2.35,1.61,8.27,1.81,21.23,10.67,45.0,"Strong 3M absolute return, Positive 6M return, 3M Nifty outperformance",38.37,Profit Booking Zone,77.62,3303.04,4331.38,31.13,90.81,80.0% of closes stayed inside the range | Range width 31.1% | Currently 90.8% through the range,,,8.66,7.75,-74.81,-78.95,,,,,,,,42.4997,33.2494,7.1243,1.05,0.182,43969.03,32.69,Capital Goods / Infra,3.0,0.0,0.0,0.0,6.0,9.0,0.5,,"Revenue contraction, Earnings contraction",0.0,9.0,,28.74,12.0,"Revenue contraction, Earnings contraction",19.21,Avoid,"Above 50 DMA, Above 200 DMA, Healthy RSI momentum, Strong 3M absolute return, Positive 6M return, 3M Nifty outperformance, 80.0% of closes stayed inside the range | Range width 31.1% | Currently 90.8% through the range"
BAJAJHLDNG,Financial Services,Asset Management,13818.1,-0.02,4965.59,14458.18,178.28,4.43,52.9,13648.51,11766.18,38842.0,17412.0,0.45,Bullish,60.0,"Above 50 DMA, Above 200 DMA, Healthy RSI momentum, Near 52W high momentum",-2.48,18.37,27.73,-2.35,1.61,8.27,-0.13,16.76,19.46,50.0,"Positive 3M return, Positive 6M return, 3M Nifty outperformance, 6M Nifty outperformance",29.67,Profit Booking Zone,81.65,11202.07,13907.15,24.15,96.71,80.0% of closes stayed inside the range | Range width 24.1% | Currently 96.7% through the range,,,,92.91,-45.42,-46.53,,,,,,,,14.5501,,1.7617,1.39,0.154,128866.75,98.98,Financial Services,6.0,0.0,0.0,0.0,11.0,17.0,0.43,,"Revenue contraction, Earnings contraction",0.0,17.0,,30.82,19.0,"Low volume participation, Revenue contraction, Earnings contraction, Limited fundamental data coverage",19.07,Avoid,"Above 50 DMA, Above 200 DMA, Healthy RSI momentum, Near 52W high momentum, Positive 3M return, Positive 6M return, 3M Nifty outperformance, 6M Nifty outperformance, 80.0% of closes stayed inside the range | Range width 24.1% | Currently 96.7% through the range"
ITCHOTELS,Consumer Cyclical,Resorts & Casinos,233.06,0.39,154.09,259.92,51.25,10.33,52.29,222.0,,5950223.7,2819933.0,0.47,Bullish,50.0,"Above 50 DMA, Healthy RSI momentum, Near 52W high momentum, Positive day move",5.29,18.65,,-2.35,1.61,8.27,7.64,17.04,,43.0,"Positive 1M return, Positive 3M return, 1M Nifty outperformance, 3M Nifty outperformance",41.23,Profit Booking Zone,77.83,165.59,230.04,38.92,100.0,80.0% of closes stayed inside the range | Range width 38.9% | Currently 100.0% through the range,,,17.58,16.45,-77.06,-79.03,,,,,,,,40.1718,28.8883,3.0075,60.0,,35060.66,61.83,Consumer Discretionary,8.0,0.0,0.0,0.0,9.0,17.0,0.5,,"Revenue contraction, Earnings contraction",0.0,17.0,,30.8,15.0,"Low volume participation, Revenue contraction, Earnings contraction",18.82,Avoid,"Above 50 DMA, Healthy RSI momentum, Near 52W high momentum, Positive day move, Positive 1M return, Positive 3M return, 1M Nifty outperformance, 3M Nifty outperformance, 80.0% of closes stayed inside the range | Range width 38.9% | Currently 100.0% through the range"
MARUTI,Consumer Cyclical,Auto Manufacturers,12358.77,1.19,7763.06,13273.58,59.2,6.89,54.14,12246.45,11731.82,239679.6,203847.0,0.85,Bullish,65.0,"Above 50 DMA, Above 200 DMA, Healthy RSI momentum, Near 52W high momentum, Positive day move",-0.03,1.28,4.08,-2.35,1.61,8.27,2.32,-0.33,-4.19,20.0,"Positive 3M return, Positive 6M return",57.89,Profit Booking Zone,83.44,11377.53,12501.1,9.88,87.33,80.0% of closes stayed inside the range | Range width 9.9% | Currently 87.3% through the range,,,8.07,9.98,-74.24,-73.85,,,,,,,,30.423,22.9458,4.071,100.0,0.239,436233.54,26.35,Automobile,3.0,0.0,0.0,0.0,11.0,14.0,0.5,,"Revenue contraction, Earnings contraction",0.0,14.0,,30.8,12.0,"Revenue contraction, Earnings contraction",18.77,Avoid,"Above 50 DMA, Above 200 DMA, Healthy RSI momentum, Near 52W high momentum, Positive day move, Positive 3M return, Positive 6M return, 80.0% of closes stayed inside the range | Range width 9.9% | Currently 87.3% through the range"
KEI,Industrials,Electrical Equipment & Parts,3896.79,-0.53,1330.3,5029.01,192.93,22.51,56.8,3738.85,3714.81,374101.2,156034.0,0.42,Bullish,50.0,"Above 50 DMA, Above 200 DMA, Healthy RSI momentum",3.65,21.54,-0.26,-2.35,1.61,8.27,6.0,19.93,-8.53,53.0,"Positive 1M return, Strong 3M absolute return, 1M Nifty outperformance, 3M Nifty outperformance",26.74,Profit Booking Zone,78.11,2837.15,3888.06,37.04,100.0,80.0% of closes stayed inside the range | Range width 37.0% | Currently 100.0% through the range,,,9.19,7.56,-73.39,-71.89,,,,,,,,55.0991,39.2189,8.2533,8.0,0.529,55008.58,23.88,Capital Goods / Infra,3.0,0.0,0.0,0.0,7.0,10.0,0.5,,"Revenue contraction, Earnings contraction",0.0,10.0,,28.74,15.0,"Low volume participation, Revenue contraction, Earnings contraction",18.56,Avoid,"Above 50 DMA, Above 200 DMA, Healthy RSI momentum, Positive 1M return, Strong 3M absolute return, 1M Nifty outperformance, 3M Nifty outperformance, 80.0% of closes stayed inside the range | Range width 37.0% | Currently 100.0% through the range"
GMRAIRPORT,Industrials,Airports & Air Services,89.84,-0.42,33.35,103.75,169.39,13.41,49.92,87.37,81.31,11658901.65,9985594.0,0.86,Bullish,42.0,"Above 50 DMA, Above 200 DMA, RSI recovering",1.63,1.99,26.43,-2.35,1.61,8.27,3.98,0.38,18.16,53.0,"Positive 1M return, Positive 3M return, Positive 6M return, 6M Nifty outperformance, Positive across 1M/3M/6M",26.74,Profit Booking Zone,76.98,71.74,91.09,26.96,93.55,80.0% of closes stayed inside the range | Range width 27.0% | Currently 93.6% through the range,,,25.49,-6.6,-69.22,46.14,,,,,,,,804.2308,72.0701,-43.9655,,0.573,110394.09,57.86,Capital Goods / Infra,6.0,10.0,0.0,0.0,5.0,21.0,0.43,,"Negative net margin, Revenue contraction, Very high PE",0.0,21.0,,28.74,17.0,"Negative net margin, Revenue contraction, Limited fundamental data coverage",18.41,Avoid,"Above 50 DMA, Above 200 DMA, RSI recovering, Positive 1M return, Positive 3M return, Positive 6M return, 6M Nifty outperformance, Positive across 1M/3M/6M, 80.0% of closes stayed inside the range | Range width 27.0% | Currently 93.6% through the range"
NH,Healthcare,Medical Care Facilities,1928.97,-2.26,668.13,2359.4,188.71,18.24,46.09,1907.49,1554.41,397531.4,180947.0,0.46,Bullish,42.0,"Above 50 DMA, Above 200 DMA, RSI recovering",-2.2,8.9,52.69,-2.35,1.61,8.27,0.15,7.29,44.42,45.0,"Positive 3M return, Strong 6M absolute return, 6M Nifty outperformance",66.67,Profit Booking Zone,74.28,1390.17,1981.33,42.52,91.14,80.0% of closes stayed inside the range | Range width 42.5% | Currently 91.1% through the range,,,16.76,13.05,-72.41,-75.11,,,,,,,,45.2285,26.3467,8.1974,24.0,,37193.68,39.83,Pharma / Healthcare,8.0,0.0,0.0,0.0,7.0,15.0,0.5,,"Revenue contraction, Earnings contraction",0.0,15.0,,39.72,15.0,"Low volume participation, Revenue contraction, Earnings contraction",17.96,Avoid,"Above 50 DMA, Above 200 DMA, RSI recovering, Positive 3M return, Strong 6M absolute return, 6M Nifty outperformance, 80.0% of closes stayed inside the range | Range width 42.5% | Currently 91.1% through the range"
COCHINSHIP,Industrials,Aerospace & Defense,1775.5,1.17,154.78,2941.12,1047.14,39.63,34.25,2012.66,1595.6,1087135.8,614104.0,0.56,Bearish,28.0,"Above 200 DMA, Weak but watchable RSI, Positive day move",-11.81,15.63,27.07,-2.35,1.61,8.27,-9.46,14.02,18.8,50.0,"Positive 3M return, Positive 6M return, 3M Nifty outperformance, 6M Nifty outperformance",30.23,Neutral Range,63.1,1287.87,2122.16,64.78,58.45,80.0% of closes stayed inside the range | Range width 64.8% | Currently 58.4% through the range,,,19.41,17.58,-77.83,-77.3,,,,,,,,55.3066,34.0724,6.7461,89.0,0.582,39619.97,34.96,Capital Goods / Infra,10.0,0.0,0.0,0.0,7.0,17.0,0.5,,"Revenue contraction, Earnings contraction",0.0,17.0,,28.74,12.0,"Revenue contraction, Earnings contraction",17.76,Avoid,"Above 200 DMA, Weak but watchable RSI, Positive day move, Positive 3M return, Positive 6M return, 3M Nifty outperformance, 6M Nifty outperformance, 80.0% of closes stayed inside the range | Range width 64.8% | Currently 58.4% through the range"
SBILIFE,Financial Services,Insurance - Life,1836.55,0.31,1048.65,1929.64,75.13,4.82,55.59,1808.4,1599.01,868229.6,480951.0,0.55,Bullish,65.0,"Above 50 DMA, Above 200 DMA, Healthy RSI momentum, Near 52W high momentum, Positive day move",-0.95,3.91,29.81,-2.35,1.61,8.27,1.4,2.3,21.54,35.0,"Positive 3M return, Positive 6M return, 6M Nifty outperformance",47.25,Profit Booking Zone,83.63,1432.26,1829.69,27.75,100.0,80.8% of closes stayed inside the range | Range width 27.7% | Currently 100.0% through the range,3.33,0.12,,1.52,-66.2,-75.37,,,,2440.03,,,,70.6291,52.3737,9.1193,15.0,0.366,183596.77,9.71,Financial Services,0.0,0.0,0.0,0.0,5.0,5.0,0.57,,"Revenue contraction, Earnings contraction",-9.0,0.0,"Weak ROE for a leveraged-balance-sheet business, Expensive relative to book value for this sector",30.82,12.0,"Revenue contraction, Earnings contraction",17.62,Avoid,"Above 50 DMA, Above 200 DMA, Healthy RSI momentum, Near 52W high momentum, Positive day move, Positive 3M return, Positive 6M return, 6M Nifty outperformance, 80.8% of closes stayed inside the range | Range width 27.7% | Currently 100.0% through the range"
FACT,Basic Materials,Agricultural Inputs,962.62,2.09,103.66,1185.35,828.65,18.79,51.96,970.21,865.27,720890.45,606561.0,0.84,Bearish,45.0,"Above 200 DMA, Healthy RSI momentum, Strong positive day move",1.12,20.9,10.56,-2.35,1.61,8.27,3.47,19.29,2.29,63.0,"Positive 1M return, Strong 3M absolute return, Positive 6M return, 3M Nifty outperformance, Positive across 1M/3M/6M",37.93,Profit Booking Zone,71.33,639.1,1021.48,59.83,84.61,80.0% of closes stayed inside the range | Range width 59.8% | Currently 84.6% through the range,,,1.63,0.41,-74.26,-89.62,,,,,,,,,,38.5634,5.0,,53030.78,47.47,General,0.0,0.0,0.0,0.0,2.0,2.0,0.43,,"Revenue contraction, Earnings contraction",0.0,2.0,,38.56,16.0,"Revenue contraction, Earnings contraction, Limited fundamental data coverage",17.48,Avoid,"Above 200 DMA, Healthy RSI momentum, Strong positive day move, Positive 1M return, Strong 3M absolute return, Positive 6M return, 3M Nifty outperformance, Positive across 1M/3M/6M, 80.0% of closes stayed inside the range | Range width 59.8% | Currently 84.6% through the range"
TATACOMM,Communication Services,Telecom Services,1742.75,1.69,1021.76,2123.7,70.56,17.94,58.84,1687.92,1631.02,579030.9,385517.0,0.67,Bullish,55.0,"Above 50 DMA, Above 200 DMA, Healthy RSI momentum, Positive day move",-2.71,12.18,14.47,-2.35,1.61,8.27,-0.36,10.57,6.2,35.0,"Positive 3M return, Positive 6M return, 3M Nifty outperformance",36.67,Profit Booking Zone,82.0,1453.0,1716.5,18.14,100.0,80.0% of closes stayed inside the range | Range width 18.1% | Currently 100.0% through the range,,,7.9,3.19,-74.07,-89.65,,,,,,,,52.3267,22.1678,14.3548,100.0,0.816,49484.61,27.46,Telecom,0.0,0.0,0.0,0.0,7.0,7.0,0.5,,"Revenue contraction, Earnings contraction",0.0,7.0,,27.26,12.0,"Revenue contraction, Earnings contraction",17.04,Avoid,"Above 50 DMA, Above 200 DMA, Healthy RSI momentum, Positive day move, Positive 3M return, Positive 6M return, 3M Nifty outperformance, 80.0% of closes stayed inside the range | Range width 18.1% | Currently 100.0% through the range"
NYKAA,Consumer Cyclical,Internet Retail,213.84,1.62,114.25,235.8,87.17,9.31,54.09,205.2,183.08,9131248.25,2675631.0,0.29,Bullish,65.0,"Above 50 DMA, Above 200 DMA, Healthy RSI momentum, Near 52W high momentum, Positive day move",1.06,8.95,27.45,-2.35,1.61,8.27,3.41,7.34,19.18,53.0,"Positive 1M return, Positive 3M return, Positive 6M return, 6M Nifty outperformance, Positive across 1M/3M/6M",30.7,Profit Booking Zone,82.45,164.87,212.91,29.14,100.0,80.0% of closes stayed inside the range | Range width 29.1% | Currently 100.0% through the range,,,2.99,1.08,-72.67,-64.71,,,,,,,,360.4945,111.7595,65.3226,,0.351,93989.27,45.35,Consumer Discretionary,0.0,0.0,0.0,0.0,3.0,3.0,0.43,,"Revenue contraction, Earnings contraction, Very high PE",0.0,3.0,,30.8,19.0,"Low volume participation, Revenue contraction, Earnings contraction, Limited fundamental data coverage",16.17,Avoid,"Above 50 DMA, Above 200 DMA, Healthy RSI momentum, Near 52W high momentum, Positive day move, Positive 1M return, Positive 3M return, Positive 6M return, 6M Nifty outperformance, Positive across 1M/3M/6M, 80.0% of closes stayed inside the range | Range width 29.1% | Currently 100.0% through the range"
DIXON,Technology,Consumer Electronics,16757.54,-0.11,2549.37,19140.38,557.32,12.45,70.1,15208.35,15406.05,389584.1,148613.0,0.38,Bullish,47.0,"Above 50 DMA, Above 200 DMA, Strong but overbought RSI, Near 52W high momentum",10.57,0.33,14.93,-2.35,1.61,8.27,12.92,-1.28,6.66,55.0,"Strong 1M absolute return, Positive 3M return, Positive 6M return, 1M Nifty outperformance, Positive across 1M/3M/6M",18.92,Profit Booking Zone,79.38,13315.61,16559.43,24.36,100.0,80.0% of closes stayed inside the range | Range width 24.4% | Currently 100.0% through the range,,,3.04,1.75,-66.97,-79.46,,,,,,,,40.4977,49.0426,15.3722,6.0,-0.156,83906.61,6.87,IT / Technology,0.0,0.0,0.0,0.0,4.0,4.0,0.5,,"Revenue contraction, Earnings contraction",0.0,4.0,,27.18,15.0,"Low volume participation, Revenue contraction, Earnings contraction",15.98,Avoid,"Above 50 DMA, Above 200 DMA, Strong but overbought RSI, Near 52W high momentum, Strong 1M absolute return, Positive 3M return, Positive 6M return, 1M Nifty outperformance, Positive across 1M/3M/6M, 80.0% of closes stayed inside the range | Range width 24.4% | Currently 100.0% through the range"
TATAPOWER,Utilities,Utilities - Independent Power Producers,398.88,0.38,177.68,488.93,124.49,18.42,50.37,397.13,388.05,5706703.65,5468844.0,0.96,Bullish,55.0,"Above 50 DMA, Above 200 DMA, Healthy RSI momentum, Positive day move",-1.3,3.76,16.56,-2.35,1.61,8.27,1.05,2.15,8.29,20.0,"Positive 3M return, Positive 6M return",47.37,Profit Booking Zone,82.64,346.55,401.34,15.81,95.5,80.8% of closes stayed inside the range | Range width 15.8% | Currently 95.5% through the range,,,16.51,5.88,-71.88,-73.31,,,,,,,,31.5945,22.6373,3.0714,66.0,0.342,121247.16,35.71,Energy / Utilities,3.0,0.0,0.0,0.0,11.0,14.0,0.5,,"Revenue contraction, Earnings contraction",0.0,14.0,,27.85,12.0,"Revenue contraction, Earnings contraction",15.83,Avoid,"Above 50 DMA, Above 200 DMA, Healthy RSI momentum, Positive day move, Positive 3M return, Positive 6M return, 80.8% of closes stayed inside the range | Range width 15.8% | Currently 95.5% through the range"
SHREECEM,Basic Materials,Building Materials,30424.47,0.59,19811.99,32314.19,53.57,5.85,46.48,30242.37,27947.19,24896.0,18682.0,0.75,Bullish,47.0,"Above 50 DMA, Above 200 DMA, RSI recovering, Positive day move",-3.13,4.0,17.95,-2.35,1.61,8.27,-0.78,2.39,9.68,20.0,"Positive 3M return, Positive 6M return",70.69,Profit Booking Zone,77.87,27783.6,31180.15,12.23,77.75,80.0% of closes stayed inside the range | Range width 12.2% | Currently 77.8% through the range,,,12.85,12.17,-72.17,-42.76,,,,,,,,56.6297,37.086,10.0126,55.0,,92258.47,73.54,Cement / Realty,8.0,0.0,0.0,0.0,7.0,15.0,0.5,,"Revenue contraction, Earnings contraction",0.0,15.0,,38.56,12.0,"Revenue contraction, Earnings contraction",15.78,Avoid,"Above 50 DMA, Above 200 DMA, RSI recovering, Positive day move, Positive 3M return, Positive 6M return, 80.0% of closes stayed inside the range | Range width 12.2% | Currently 77.8% through the range"
ALKEM,Healthcare,Drug Manufacturers - Specialty & Generic,5041.49,0.57,2739.33,6316.6,84.04,20.19,65.61,4891.92,5097.81,113168.95,69771.0,0.62,Bullish,40.0,"Above 50 DMA, Healthy RSI momentum, Positive day move",4.61,0.28,4.55,-2.35,1.61,8.27,6.96,-1.33,-3.72,48.0,"Positive 1M return, Positive 3M return, Positive 6M return, 1M Nifty outperformance, Positive across 1M/3M/6M",59.38,Profit Booking Zone,76.57,4641.6,5155.72,11.08,77.78,80.0% of closes stayed inside the range | Range width 11.1% | Currently 77.8% through the range,,,19.32,19.7,-73.67,-69.33,,,,,,,,28.4883,24.2259,4.741,36.0,0.295,65521.62,64.12,Pharma / Healthcare,11.0,0.0,0.0,0.0,11.0,22.0,0.5,,"Revenue contraction, Earnings contraction",0.0,22.0,,39.72,20.0,"Below 200 DMA, Revenue contraction, Earnings contraction",15.66,Avoid,"Above 50 DMA, Healthy RSI momentum, Positive day move, Positive 1M return, Positive 3M return, Positive 6M return, 1M Nifty outperformance, Positive across 1M/3M/6M, 80.0% of closes stayed inside the range | Range width 11.1% | Currently 77.8% through the range"
BSE,Financial Services,Financial Data & Stock Exchanges,2451.04,-1.19,131.96,3022.04,1757.35,18.89,42.82,2623.89,1972.68,5429905.15,1846915.0,0.34,Bearish,23.0,"Above 200 DMA, Weak but watchable RSI",-10.71,14.6,43.42,-2.35,1.61,8.27,-8.36,12.99,35.15,60.0,"Positive 3M return, Strong 6M absolute return, 3M Nifty outperformance, 6M Nifty outperformance",25.27,Profit Booking Zone,61.29,1482.27,2767.83,86.73,75.36,80.0% of closes stayed inside the range | Range width 86.7% | Currently 75.4% through the range,,,62.49,56.31,-65.01,-59.32,,,,,,,,51.2199,37.9807,18.1646,28.0,0.471,143241.73,99.59,Financial Services,12.0,0.0,0.0,0.0,7.0,19.0,0.5,,"Revenue contraction, Earnings contraction",-4.0,15.0,Expensive relative to book value for this sector,30.82,15.0,"Low volume participation, Revenue contraction, Earnings contraction",15.62,Avoid,"Above 200 DMA, Weak but watchable RSI, Positive 3M return, Strong 6M absolute return, 3M Nifty outperformance, 6M Nifty outperformance, 80.0% of closes stayed inside the range | Range width 86.7% | Currently 75.4% through the range"
DIVISLAB,Healthcare,Drug Manufacturers - Specialty & Generic,6622.69,-0.4,2668.41,7010.54,148.19,5.53,48.34,6631.82,6035.82,272723.95,226974.0,0.83,Bearish,27.0,"Above 200 DMA, RSI recovering",-2.61,9.07,23.48,-2.35,1.61,8.27,-0.26,7.46,15.21,35.0,"Positive 3M return, Positive 6M return, 6M Nifty outperformance",78.12,Profit Booking Zone,74.22,5529.66,6731.51,21.73,90.95,80.0% of closes stayed inside the range | Range width 21.7% | Currently 90.9% through the range,,,25.6,22.61,-74.16,-75.13,,,,,,,,88.4956,57.207,13.6211,35.0,0.22,228302.97,61.24,Pharma / Healthcare,12.0,0.0,0.0,0.0,5.0,17.0,0.5,,"Revenue contraction, Earnings contraction, Very high PE",0.0,17.0,,39.72,12.0,"Revenue contraction, Earnings contraction",15.41,Avoid,"Above 200 DMA, RSI recovering, Positive 3M return, Positive 6M return, 6M Nifty outperformance, 80.0% of closes stayed inside the range | Range width 21.7% | Currently 90.9% through the range"
UNOMINDA,Consumer Cyclical,Auto Parts,1067.36,-0.24,431.26,1249.33,147.5,14.56,47.55,1066.54,986.76,458866.0,276608.0,0.6,Bullish,42.0,"Above 50 DMA, Above 200 DMA, RSI recovering",-2.62,17.49,20.68,-2.35,1.61,8.27,-0.27,15.88,12.41,35.0,"Positive 3M return, Positive 6M return, 3M Nifty outperformance",50.0,Profit Booking Zone,76.02,849.87,1094.3,28.76,88.98,80.0% of closes stayed inside the range | Range width 28.8% | Currently 89.0% through the range,,,8.55,6.48,-72.93,-69.17,,,,,,,,59.307,38.9381,10.4196,21.0,0.289,71167.06,34.04,Automobile,3.0,0.0,0.0,0.0,7.0,10.0,0.5,,"Revenue contraction, Earnings contraction",0.0,10.0,,30.8,12.0,"Revenue contraction, Earnings contraction",15.37,Avoid,"Above 50 DMA, Above 200 DMA, RSI recovering, Positive 3M return, Positive 6M return, 3M Nifty outperformance, 80.0% of closes stayed inside the range | Range width 28.8% | Currently 89.0% through the range"
HINDPETRO,Energy,Oil & Gas Refining & Marketing,390.94,0.11,115.53,419.28,238.38,6.76,48.93,384.65,352.34,4294489.6,6890461.0,1.6,Bullish,57.0,"Above 50 DMA, Above 200 DMA, RSI recovering, Volume expansion, Positive day move",-2.36,4.0,21.96,-2.35,1.61,8.27,-0.01,2.39,13.69,20.0,"Positive 3M return, Positive 6M return",53.57,Profit Booking Zone,78.65,297.09,399.85,34.59,91.33,80.0% of closes stayed inside the range | Range width 34.6% | Currently 91.3% through the range,,,9.7,3.73,-74.47,-38.97,,,,,,,,49.6183,6.9656,1.2661,6.2,0.912,82985.08,6.47,Energy / Utilities,0.0,0.0,0.0,0.0,11.0,11.0,0.5,,"Revenue contraction, Earnings contraction",0.0,11.0,,28.27,12.0,"Revenue contraction, Earnings contraction",15.34,Avoid,"Above 50 DMA, Above 200 DMA, RSI recovering, Volume expansion, Positive day move, Positive 3M return, Positive 6M return, 80.0% of closes stayed inside the range | Range width 34.6% | Currently 91.3% through the range"
TATAINVEST,Financial Services,Asset Management,669.65,0.2,143.54,962.86,366.52,30.45,53.74,663.9,638.31,370489.5,248130.0,0.67,Bullish,55.0,"Above 50 DMA, Above 200 DMA, Healthy RSI momentum, Positive day move",-1.36,12.55,18.21,-2.35,1.61,8.27,0.99,10.94,9.94,35.0,"Positive 3M return, Positive 6M return, 3M Nifty outperformance",47.25,Profit Booking Zone,81.45,584.36,675.29,15.56,93.8,80.0% of closes stayed inside the range | Range width 15.6% | Currently 93.8% through the range,,,,81.29,-56.0,-53.12,,,,,,,,79.7014,,1.1785,49.0,0.314,34437.69,99.99,Financial Services,6.0,0.0,0.0,0.0,6.0,12.0,0.43,,"Revenue contraction, Earnings contraction",0.0,12.0,,30.82,16.0,"Revenue contraction, Earnings contraction, Limited fundamental data coverage",15.32,Avoid,"Above 50 DMA, Above 200 DMA, Healthy RSI momentum, Positive day move, Positive 3M return, Positive 6M return, 3M Nifty outperformance, 80.0% of closes stayed inside the range | Range width 15.6% | Currently 93.8% through the range"
ADANIPORTS,Industrials,Marine Shipping,1388.15,-0.14,387.26,1599.91,258.45,13.24,42.57,1414.24,1256.79,918715.3,627316.0,0.68,Bearish,23.0,"Above 200 DMA, Weak but watchable RSI",-3.46,3.99,29.62,-2.35,1.61,8.27,-1.11,2.38,21.35,35.0,"Positive 3M return, Positive 6M return, 6M Nifty outperformance",49.42,Profit Booking Zone,71.13,1101.44,1439.22,30.67,84.88,80.0% of closes stayed inside the range | Range width 30.7% | Currently 84.9% through the range,,,46.46,36.32,-70.05,-70.12,,,,,,,,28.4908,21.3027,3.9976,45.0,0.507,383609.18,64.4,Capital Goods / Infra,12.0,0.0,0.0,0.0,11.0,23.0,0.5,,"Revenue contraction, Earnings contraction",0.0,23.0,,28.74,12.0,"Revenue contraction, Earnings contraction",14.86,Avoid,"Above 200 DMA, Weak but watchable RSI, Positive 3M return, Positive 6M return, 6M Nifty outperformance, 80.0% of closes stayed inside the range | Range width 30.7% | Currently 84.9% through the range"
SUNPHARMA,Healthcare,Drug Manufacturers - Specialty & Generic,1718.11,1.36,824.65,1924.63,108.34,10.73,65.46,1663.34,1721.6,1696730.3,2318723.0,1.37,Bullish,60.0,"Above 50 DMA, Healthy RSI momentum, Near 52W high momentum, Volume expansion, Positive day move",3.7,-5.29,2.61,-2.35,1.61,8.27,6.05,-6.9,-5.66,28.0,"Positive 1M return, Positive 6M return, 1M Nifty outperformance",82.29,Neutral Range,80.79,1627.69,1749.34,7.47,74.33,80.0% of closes stayed inside the range | Range width 7.5% | Currently 74.3% through the range,,,24.46,16.53,-73.51,-79.15,,,,,,,,38.5027,30.1242,5.5813,82.0,0.124,466430.72,78.92,Pharma / Healthcare,10.0,0.0,0.0,0.0,9.0,19.0,0.5,,"Revenue contraction, Earnings contraction",0.0,19.0,,39.72,20.0,"Below 200 DMA, Revenue contraction, Earnings contraction",14.61,Avoid,"Above 50 DMA, Healthy RSI momentum, Near 52W high momentum, Volume expansion, Positive day move, Positive 1M return, Positive 6M return, 1M Nifty outperformance, 80.0% of closes stayed inside the range | Range width 7.5% | Currently 74.3% through the range"
GODREJCP,Consumer Defensive,Household & Personal Products,1188.52,0.5,754.09,1488.38,57.61,20.15,44.59,1198.03,1151.71,1308669.5,1893697.0,1.45,Bearish,38.0,"Above 200 DMA, Weak but watchable RSI, Volume expansion, Positive day move",3.58,-3.23,8.94,-2.35,1.61,8.27,5.93,-4.84,0.67,28.0,"Positive 1M return, Positive 6M return, 1M Nifty outperformance",52.08,Neutral Range,74.85,1016.47,1247.92,22.77,74.34,80.8% of closes stayed inside the range | Range width 22.8% | Currently 74.3% through the range,,,17.89,12.74,-74.48,-75.57,,,,,,,,54.9517,33.3113,7.3619,1.95,0.368,93120.75,49.72,FMCG / Consumer,8.0,0.0,0.0,0.0,6.0,14.0,0.5,,"Revenue contraction, Earnings contraction",0.0,14.0,,33.07,12.0,"Revenue contraction, Earnings contraction",14.36,Avoid,"Above 200 DMA, Weak but watchable RSI, Volume expansion, Positive day move, Positive 1M return, Positive 6M return, 1M Nifty outperformance, 80.8% of closes stayed inside the range | Range width 22.8% | Currently 74.3% through the range"
MAHABANK,Financial Services,Banks - Regional,54.85,-0.41,14.91,69.19,267.8,20.73,52.45,53.75,49.46,10231000.9,4827130.0,0.47,Bullish,50.0,"Above 50 DMA, Above 200 DMA, Healthy RSI momentum",-0.96,12.48,17.94,-2.35,1.61,8.27,1.39,10.87,9.67,35.0,"Positive 3M return, Positive 6M return, 3M Nifty outperformance",47.25,Profit Booking Zone,79.26,43.62,55.18,26.51,97.12,80.0% of closes stayed inside the range | Range width 26.5% | Currently 97.1% through the range,,,,36.54,-70.08,-72.85,,,,,,,,8.3626,6.5496,1.7645,2.79,0.78,62970.76,0.0,Banking,6.0,0.0,0.0,0.0,15.0,21.0,0.43,,"Revenue contraction, Earnings contraction",0.0,21.0,,30.82,19.0,"Low volume participation, Revenue contraction, Earnings contraction, Limited fundamental data coverage",14.22,Avoid,"Above 50 DMA, Above 200 DMA, Healthy RSI momentum, Positive 3M return, Positive 6M return, 3M Nifty outperformance, 80.0% of closes stayed inside the range | Range width 26.5% | Currently 97.1% through the range"
CANBK,Financial Services,Banks - Regional,104.74,-1.72,36.32,117.29,188.38,10.69,42.46,107.5,94.45,26674947.7,23534777.0,0.88,Bearish,23.0,"Above 200 DMA, Weak but watchable RSI",-5.28,15.35,22.06,-2.35,1.61,8.27,-2.93,13.74,13.79,35.0,"Positive 3M return, Positive 6M return, 3M Nifty outperformance",47.25,Profit Booking Zone,70.59,79.46,110.06,38.52,82.63,80.8% of closes stayed inside the range | Range width 38.5% | Currently 82.6% through the range,2.94,0.18,,16.43,-72.68,-81.78,110.16,,,205898.16,119668.92,,,5.9486,5.6696,1.0172,3.22,0.503,119732.59,0.0,Banking,5.0,0.0,5.0,0.0,15.0,25.0,0.64,Cash covers debt,"Revenue contraction, Earnings contraction",-5.0,20.0,Weak ROE for a leveraged-balance-sheet business,30.82,12.0,"Revenue contraction, Earnings contraction",14.12,Avoid,"Above 200 DMA, Weak but watchable RSI, Cash covers debt, Positive 3M return, Positive 6M return, 3M Nifty outperformance, 80.8% of closes stayed inside the range | Range width 38.5% | Currently 82.6% through the range"
BANKINDIA,Financial Services,Banks - Regional,110.53,1.76,40.78,144.31,171.06,23.41,47.54,112.66,102.59,7510128.0,22481500.0,2.99,Bearish,47.0,"Above 200 DMA, RSI recovering, Strong volume expansion, Positive day move",-4.29,1.65,8.01,-2.35,1.61,8.27,-1.94,0.04,-0.26,20.0,"Positive 3M return, Positive 6M return",64.29,Profit Booking Zone,76.51,91.42,114.73,25.49,81.99,80.0% of closes stayed inside the range | Range width 25.5% | Currently 82.0% through the range,2.26,0.17,,21.89,-73.5,-80.84,157.8,,,104772.41,127695.09,,,5.3869,5.6026,0.7284,3.25,0.777,66241.31,0.0,Banking,6.0,0.0,0.0,0.0,12.0,18.0,0.64,,"Revenue contraction, Earnings contraction",-5.0,13.0,Weak ROE for a leveraged-balance-sheet business,30.82,12.0,"Revenue contraction, Earnings contraction",13.92,Avoid,"Above 200 DMA, RSI recovering, Strong volume expansion, Positive day move, Positive 3M return, Positive 6M return, 80.0% of closes stayed inside the range | Range width 25.5% | Currently 82.0% through the range"
DMART,Consumer Defensive,Discount Stores,4281.4,7.06,3292.0,5484.85,30.05,21.94,61.85,4143.26,3917.25,796511.8,3389361.0,4.26,Bullish,75.0,"Above 50 DMA, Above 200 DMA, Healthy RSI momentum, Strong volume expansion, Strong positive day move",-2.52,6.54,20.29,-2.35,1.61,8.27,-0.17,4.93,12.02,20.0,"Positive 3M return, Positive 6M return",66.67,Profit Booking Zone,85.27,3623.57,4317.44,19.15,94.81,80.0% of closes stayed inside the range | Range width 19.1% | Currently 94.8% through the range,,,6.52,4.72,-72.38,-71.46,,,,,,,,85.8843,58.628,10.7462,,0.228,263507.36,15.19,General,0.0,0.0,0.0,0.0,3.0,3.0,0.43,,"Revenue contraction, Earnings contraction, Very high PE",0.0,3.0,,33.07,16.0,"Revenue contraction, Earnings contraction, Limited fundamental data coverage",13.76,Avoid,"Above 50 DMA, Above 200 DMA, Healthy RSI momentum, Strong volume expansion, Strong positive day move, Positive 3M return, Positive 6M return, 80.0% of closes stayed inside the range | Range width 19.1% | Currently 94.8% through the range"
ATHERENERG,Consumer Cyclical,Auto Manufacturers,345.8,0.3,288.15,358.25,20.01,3.48,61.72,326.57,,776304.35,2829538.0,3.64,Bullish,70.0,"Above 50 DMA, Healthy RSI momentum, Near 52W high momentum, Near 52W low zone, Strong volume expansion, Positive day move",2.66,,,-2.35,1.61,8.27,5.01,,,18.0,"Positive 1M return, 1M Nifty outperformance",66.67,,,,,,,,,,-28.3,-27.65,-71.36,78.06,,,,,,,,,600.6882,23.3444,,,62769.64,20.9,Automobile,0.0,10.0,0.0,0.0,0.0,10.0,0.36,,"Negative net margin, Revenue contraction",0.0,10.0,,30.8,17.0,"Negative net margin, Revenue contraction, Limited fundamental data coverage",13.12,Avoid,"Above 50 DMA, Healthy RSI momentum, Near 52W high momentum, Near 52W low zone, Strong volume expansion, Positive day move, Positive 1M return, 1M Nifty outperformance"
SUZLON,Industrials,Specialty Industrial Machinery,61.21,-0.94,6.6,86.04,827.42,28.86,35.99,65.51,61.13,41155275.6,26142390.0,0.64,Bearish,23.0,"Above 200 DMA, Weak but watchable RSI",-5.53,7.54,21.79,-2.35,1.61,8.27,-3.18,5.93,13.52,20.0,"Positive 3M return, Positive 6M return",63.95,Neutral Range,68.12,52.37,66.73,27.4,61.57,80.0% of closes stayed inside the range | Range width 27.4% | Currently 61.6% through the range,5.11,2.24,17.09,10.4,-71.27,-84.34,4.9,1.75,1.16,1931.0,311.0,,,20.7675,22.3752,6.6568,,0.657,65086.27,34.49,Capital Goods / Infra,6.0,0.0,18.0,0.0,4.0,28.0,0.79,Cash covers debt,"Revenue contraction, Earnings contraction",0.0,28.0,,28.74,12.0,"Revenue contraction, Earnings contraction",12.86,Avoid,"Above 200 DMA, Weak but watchable RSI, Cash covers debt, Positive 3M return, Positive 6M return, 80.0% of closes stayed inside the range | Range width 27.4% | Currently 61.6% through the range"
LTM,Technology,Information Technology Services,5051.67,1.64,3703.55,6592.7,36.4,23.37,45.84,5158.02,5269.86,281482.6,152345.0,0.54,Bearish,17.0,"RSI recovering, Positive day move",-3.11,12.22,-8.46,-2.35,1.61,8.27,-0.76,10.61,-16.73,25.0,"Positive 3M return, 3M Nifty outperformance",43.24,Neutral Range,69.67,4246.91,5356.47,26.13,72.53,80.8% of closes stayed inside the range | Range width 26.1% | Currently 72.5% through the range,5.53,4.08,14.29,12.74,-74.11,-72.73,9.82,3.36,3.36,1879.5,2227.5,1032.9,1032.9,27.0482,20.7158,5.7545,1.55,0.261,141177.8,29.77,IT / Technology,8.0,0.0,17.0,17.0,10.0,52.0,1.0,,"Revenue contraction, Earnings contraction",0.0,52.0,,27.18,20.0,"Below 200 DMA, Revenue contraction, Earnings contraction",12.78,Avoid,"RSI recovering, Positive day move, Positive 3M return, 3M Nifty outperformance, 80.8% of closes stayed inside the range | Range width 26.1% | Currently 72.5% through the range"
HDFCLIFE,Financial Services,Insurance - Life,754.76,0.15,451.88,817.84,67.02,7.71,45.52,767.52,688.64,2726850.05,2011152.0,0.74,Bearish,32.0,"Above 200 DMA, RSI recovering, Positive day move",-4.08,2.79,24.2,-2.35,1.61,8.27,-1.73,1.18,15.93,35.0,"Positive 3M return, Positive 6M return, 6M Nifty outperformance",47.25,Profit Booking Zone,73.9,618.88,777.47,25.62,85.68,80.0% of closes stayed inside the range | Range width 25.6% | Currently 85.7% through the range,3.22,0.15,,1.86,-67.28,-69.72,17.34,,,567.0,2950.0,,,58.4967,44.8408,5.9286,39.0,0.502,116632.92,10.2,Financial Services,0.0,0.0,9.0,0.0,9.0,18.0,0.64,,"Revenue contraction, Earnings contraction",-9.0,9.0,"Weak ROE for a leveraged-balance-sheet business, Expensive relative to book value for this sector",30.82,12.0,"Revenue contraction, Earnings contraction",12.52,Avoid,"Above 200 DMA, RSI recovering, Positive day move, Positive 3M return, Positive 6M return, 6M Nifty outperformance, 80.0% of closes stayed inside the range | Range width 25.6% | Currently 85.7% through the range"
COFORGE,Technology,Information Technology Services,1729.48,1.69,611.3,1973.26,182.92,12.35,40.07,1794.78,1644.92,2100957.75,1877573.0,0.89,Bearish,28.0,"Above 200 DMA, Weak but watchable RSI, Positive day move",-9.17,16.97,3.4,-2.35,1.61,8.27,-6.82,15.36,-4.87,35.0,"Positive 3M return, Positive 6M return, 3M Nifty outperformance",33.78,Neutral Range,69.93,1429.33,1861.38,30.23,69.47,80.0% of closes stayed inside the range | Range width 30.2% | Currently 69.5% through the range,,,11.82,8.57,-69.32,-60.92,,,,,,,,37.3136,25.1184,6.3441,88.0,0.294,79750.75,37.25,IT / Technology,6.0,0.0,0.0,0.0,7.0,13.0,0.5,,"Revenue contraction, Earnings contraction",0.0,13.0,,27.18,12.0,"Revenue contraction, Earnings contraction",12.38,Avoid,"Above 200 DMA, Weak but watchable RSI, Positive day move, Positive 3M return, Positive 6M return, 3M Nifty outperformance, 80.0% of closes stayed inside the range | Range width 30.2% | Currently 69.5% through the range"
ADANIPOWER,Utilities,Utilities - Independent Power Producers,117.94,-0.48,26.48,179.17,345.39,34.17,52.77,114.76,108.41,21711841.5,14559345.0,0.67,Bullish,50.0,"Above 50 DMA, Above 200 DMA, Healthy RSI momentum",-0.29,5.98,18.6,-2.35,1.61,8.27,2.06,4.37,10.33,20.0,"Positive 3M return, Positive 6M return",47.37,Profit Booking Zone,80.3,99.39,118.55,19.28,96.81,80.0% of closes stayed inside the range | Range width 19.3% | Currently 96.8% through the range,,,32.58,23.99,-74.86,-73.84,,,,,,,,27.9716,26.0646,6.1471,,0.475,399173.9,43.48,Energy / Utilities,12.0,0.0,0.0,0.0,7.0,19.0,0.43,,"Revenue contraction, Earnings contraction",0.0,19.0,,27.85,16.0,"Revenue contraction, Earnings contraction, Limited fundamental data coverage",12.33,Avoid,"Above 50 DMA, Above 200 DMA, Healthy RSI momentum, Positive 3M return, Positive 6M return, 80.0% of closes stayed inside the range | Range width 19.3% | Currently 96.8% through the range"
HAL,Industrials,Aerospace & Defense,4483.33,1.04,1047.95,5542.24,327.82,19.11,34.12,4835.71,4242.06,1010293.8,727643.0,0.72,Bearish,28.0,"Above 200 DMA, Weak but watchable RSI, Positive day move",-7.21,-1.0,27.19,-2.35,1.61,8.27,-4.86,-2.61,18.92,25.0,"Positive 6M return, 6M Nifty outperformance",58.14,Neutral Range,67.61,3371.1,4948.32,46.79,70.52,80.0% of closes stayed inside the range | Range width 46.8% | Currently 70.5% through the range,,,22.82,28.71,-83.99,-83.46,,,,,,,,36.6014,29.4868,8.1395,41.0,0.502,334053.09,51.85,Capital Goods / Infra,11.0,0.0,0.0,0.0,7.0,18.0,0.5,,"Revenue contraction, Earnings contraction",0.0,18.0,,28.74,12.0,"Revenue contraction, Earnings contraction",11.86,Avoid,"Above 200 DMA, Weak but watchable RSI, Positive day move, Positive 6M return, 6M Nifty outperformance, 80.0% of closes stayed inside the range | Range width 46.8% | Currently 70.5% through the range"
THERMAX,Industrials,Conglomerates,3821.49,1.55,1804.31,5792.82,111.8,34.03,63.15,3528.76,3839.73,330676.65,53325.0,0.16,Bullish,40.0,"Above 50 DMA, Healthy RSI momentum, Positive day move",12.91,18.55,6.06,-2.35,1.61,8.27,15.26,16.94,-2.21,70.0,"Strong 1M absolute return, Positive 3M return, Positive 6M return, 1M Nifty outperformance, 3M Nifty outperformance, Positive across 1M/3M/6M",18.6,Profit Booking Zone,79.49,3185.11,3625.25,13.82,100.0,80.0% of closes stayed inside the range | Range width 13.8% | Currently 100.0% through the range,,,8.79,7.25,-79.53,-75.98,,,,,,,,77.4232,45.6669,8.2899,35.0,0.321,45997.83,34.09,Capital Goods / Infra,3.0,0.0,0.0,0.0,5.0,8.0,0.5,,"Revenue contraction, Earnings contraction",0.0,8.0,,28.74,23.0,"Below 200 DMA, Low volume participation, Revenue contraction, Earnings contraction",11.61,Avoid,"Above 50 DMA, Healthy RSI momentum, Positive day move, Strong 1M absolute return, Positive 3M return, Positive 6M return, 1M Nifty outperformance, 3M Nifty outperformance, Positive across 1M/3M/6M, 80.0% of closes stayed inside the range | Range width 13.8% | Currently 100.0% through the range"
EICHERMOT,Consumer Cyclical,Auto Manufacturers,5354.77,0.19,2710.4,5770.47,97.56,7.2,45.8,5368.57,5061.45,317297.7,266223.0,0.84,Bearish,32.0,"Above 200 DMA, RSI recovering, Positive day move",-4.22,0.38,7.36,-2.35,1.61,8.27,-1.87,-1.23,-0.91,20.0,"Positive 3M return, Positive 6M return",57.89,Neutral Range,74.06,4856.86,5522.27,13.7,74.83,80.0% of closes stayed inside the range | Range width 13.7% | Currently 74.8% through the range,,,20.32,24.37,-73.32,-74.54,,,,,,,,38.2557,29.6311,8.7966,1.03,0.226,220962.51,42.31,Automobile,11.0,0.0,0.0,0.0,6.0,17.0,0.5,,"Revenue contraction, Earnings contraction",0.0,17.0,,30.8,12.0,"Revenue contraction, Earnings contraction",11.57,Avoid,"Above 200 DMA, RSI recovering, Positive day move, Positive 3M return, Positive 6M return, 80.0% of closes stayed inside the range | Range width 13.7% | Currently 74.8% through the range"
AUBANK,Financial Services,Banks - Regional,745.58,0.86,488.37,839.15,52.67,11.15,41.86,768.23,635.81,2594236.75,3045837.0,1.17,Bearish,33.0,"Above 200 DMA, Weak but watchable RSI, Normal volume support, Positive day move",-8.68,10.11,26.93,-2.35,1.61,8.27,-6.33,8.5,18.66,35.0,"Positive 3M return, Positive 6M return, 6M Nifty outperformance",47.25,Profit Booking Zone,68.95,531.52,807.42,51.91,77.58,80.0% of closes stayed inside the range | Range width 51.9% | Currently 77.6% through the range,,,,20.34,-72.9,-72.42,,,,,,,,28.9496,17.9736,4.084,9.0,,81746.32,0.0,Banking,6.0,0.0,0.0,0.0,11.0,17.0,0.43,,"Revenue contraction, Earnings contraction",0.0,17.0,,30.82,16.0,"Revenue contraction, Earnings contraction, Limited fundamental data coverage",11.57,Avoid,"Above 200 DMA, Weak but watchable RSI, Normal volume support, Positive day move, Positive 3M return, Positive 6M return, 6M Nifty outperformance, 80.0% of closes stayed inside the range | Range width 51.9% | Currently 77.6% through the range"
JSWINFRA,Industrials,Marine Shipping,305.13,-1.7,141.18,358.36,116.13,14.85,45.59,304.62,295.36,2059081.2,733846.0,0.36,Bullish,42.0,"Above 50 DMA, Above 200 DMA, RSI recovering",-1.34,6.06,17.47,-2.35,1.61,8.27,1.01,4.45,9.2,20.0,"Positive 3M return, Positive 6M return",63.95,Profit Booking Zone,75.98,254.19,314.94,23.9,83.86,80.0% of closes stayed inside the range | Range width 23.9% | Currently 83.9% through the range,,,35.76,31.43,-72.63,-74.41,,,,,,,,48.9548,30.9322,6.6442,26.0,0.554,80243.51,52.82,Capital Goods / Infra,12.0,0.0,0.0,0.0,7.0,19.0,0.5,,"Revenue contraction, Earnings contraction",0.0,19.0,,28.74,15.0,"Low volume participation, Revenue contraction, Earnings contraction",11.46,Avoid,"Above 50 DMA, Above 200 DMA, RSI recovering, Positive 3M return, Positive 6M return, 80.0% of closes stayed inside the range | Range width 23.9% | Currently 83.9% through the range"
SWIGGY,Consumer Cyclical,Internet Retail,401.1,-3.07,297.0,617.3,35.05,35.02,54.97,374.77,,14059131.5,10405480.0,0.74,Bullish,35.0,"Above 50 DMA, Healthy RSI momentum",5.12,16.62,-2.4,-2.35,1.61,8.27,7.47,15.01,-10.67,43.0,"Positive 1M return, Positive 3M return, 1M Nifty outperformance, 3M Nifty outperformance",41.23,Profit Booking Zone,76.78,320.2,400.0,24.92,100.0,80.0% of closes stayed inside the range | Range width 24.9% | Currently 100.0% through the range,,,-25.04,-24.13,-67.03,61.6,,,,,,,,,-53.2182,3.9751,,,73189.75,44.37,Consumer Discretionary,0.0,10.0,0.0,0.0,2.0,12.0,0.36,,"Negative net margin, Revenue contraction",0.0,12.0,,30.8,17.0,"Negative net margin, Revenue contraction, Limited fundamental data coverage",11.32,Avoid,"Above 50 DMA, Healthy RSI momentum, Positive 1M return, Positive 3M return, 1M Nifty outperformance, 3M Nifty outperformance, 80.0% of closes stayed inside the range | Range width 24.9% | Currently 100.0% through the range"
DLF,Real Estate,Real Estate - Development,779.02,-1.44,325.47,943.27,139.35,17.41,37.53,814.18,753.09,2271164.95,1601532.0,0.71,Bearish,23.0,"Above 200 DMA, Weak but watchable RSI",-4.49,14.53,9.33,-2.35,1.61,8.27,-2.14,12.92,1.06,35.0,"Positive 3M return, Positive 6M return, 3M Nifty outperformance",30.0,Neutral Range,69.42,642.12,831.42,29.48,72.32,80.0% of closes stayed inside the range | Range width 29.5% | Currently 72.3% through the range,,,12.14,28.07,-65.81,-82.54,,,,,,,,36.8868,25.8892,3.6022,1.23,0.386,163803.75,46.51,Cement / Realty,9.0,0.0,0.0,0.0,8.0,17.0,0.5,,"Revenue contraction, Earnings contraction",0.0,17.0,,18.39,12.0,"Revenue contraction, Earnings contraction",11.21,Avoid,"Above 200 DMA, Weak but watchable RSI, Positive 3M return, Positive 6M return, 3M Nifty outperformance, 80.0% of closes stayed inside the range | Range width 29.5% | Currently 72.3% through the range"
360ONE,Financial Services,Asset Management,1048.75,-2.05,373.47,1295.81,180.81,19.07,33.06,1112.43,1048.48,2324487.45,995837.0,0.43,Bearish,23.0,"Above 200 DMA, Weak but watchable RSI",-9.94,13.11,5.3,-2.35,1.61,8.27,-7.59,11.5,-2.97,35.0,"Positive 3M return, Positive 6M return, 3M Nifty outperformance",47.25,Neutral Range,66.25,875.32,1181.51,34.98,56.64,80.0% of closes stayed inside the range | Range width 35.0% | Currently 56.6% through the range,,,42.87,42.95,-74.85,-71.96,,,,,,,,38.533,28.3458,4.787,1.54,0.47,47239.83,72.87,Financial Services,12.0,0.0,0.0,0.0,8.0,20.0,0.5,,"Revenue contraction, Earnings contraction",0.0,20.0,,30.82,15.0,"Low volume participation, Revenue contraction, Earnings contraction",11.12,Avoid,"Above 200 DMA, Weak but watchable RSI, Positive 3M return, Positive 6M return, 3M Nifty outperformance, 80.0% of closes stayed inside the range | Range width 35.0% | Currently 56.6% through the range"
SBIN,Financial Services,Banks - Regional,787.46,0.31,463.91,878.22,69.74,10.33,44.55,792.21,765.11,9435618.45,8743723.0,0.93,Bearish,28.0,"Above 200 DMA, Weak but watchable RSI, Positive day move",-1.38,3.51,8.69,-2.35,1.61,8.27,0.97,1.9,0.42,20.0,"Positive 3M return, Positive 6M return",64.29,Profit Booking Zone,74.94,700.22,800.57,14.33,86.93,80.0% of closes stayed inside the range | Range width 14.3% | Currently 86.9% through the range,4.07,0.28,,23.9,-74.62,-72.66,112.62,,,390181.91,586170.04,,,11.5734,10.297,1.6754,1.63,0.385,998752.81,0.0,Banking,6.0,0.0,2.0,0.0,14.0,22.0,0.64,,"Revenue contraction, Earnings contraction",-5.0,17.0,Weak ROE for a leveraged-balance-sheet business,30.82,12.0,"Revenue contraction, Earnings contraction",10.57,Avoid,"Above 200 DMA, Weak but watchable RSI, Positive day move, Positive 3M return, Positive 6M return, 80.0% of closes stayed inside the range | Range width 14.3% | Currently 86.9% through the range"
NHPC,Utilities,Utilities - Renewable,82.24,0.5,29.88,112.53,175.24,26.92,42.94,84.1,79.62,11596791.5,6831275.0,0.59,Bearish,28.0,"Above 200 DMA, Weak but watchable RSI, Positive day move",-0.3,-0.2,17.78,-2.35,1.61,8.27,2.05,-1.81,9.51,10.0,Positive 6M return,84.21,Neutral Range,72.16,73.76,85.8,16.33,70.42,80.0% of closes stayed inside the range | Range width 16.3% | Currently 70.4% through the range,,,42.5,33.14,-69.02,-64.58,,,,,,,,28.1502,12.0078,1.8676,2.09,0.191,77196.09,93.4,Energy / Utilities,12.0,0.0,0.0,0.0,13.0,25.0,0.5,,"Revenue contraction, Earnings contraction",0.0,25.0,,27.85,12.0,"Revenue contraction, Earnings contraction",10.43,Avoid,"Above 200 DMA, Weak but watchable RSI, Positive day move, Positive 6M return, 80.0% of closes stayed inside the range | Range width 16.3% | Currently 70.4% through the range"
UNIONBANK,Financial Services,Banks - Regional,127.01,-1.48,34.45,157.89,268.73,19.56,33.01,137.67,117.97,13049316.7,10561917.0,0.81,Bearish,23.0,"Above 200 DMA, Weak but watchable RSI",-11.87,7.11,22.27,-2.35,1.61,8.27,-9.52,5.5,14.0,20.0,"Positive 3M return, Positive 6M return",64.29,Neutral Range,66.47,106.97,142.52,33.23,56.38,80.0% of closes stayed inside the range | Range width 33.2% | Currently 56.4% through the range,3.64,0.3,,31.38,-76.22,-75.44,55.71,,,139841.38,67803.68,,,6.9131,6.9857,1.0231,2.74,0.893,142748.43,0.0,Banking,6.0,0.0,7.0,0.0,12.0,25.0,0.64,Cash covers debt,"Revenue contraction, Earnings contraction",-5.0,20.0,Weak ROE for a leveraged-balance-sheet business,30.82,12.0,"Revenue contraction, Earnings contraction",10.37,Avoid,"Above 200 DMA, Weak but watchable RSI, Cash covers debt, Positive 3M return, Positive 6M return, 80.0% of closes stayed inside the range | Range width 33.2% | Currently 56.4% through the range"
INDUSTOWER,Communication Services,Telecom Services,369.88,-1.73,130.25,443.65,183.98,16.63,37.31,383.91,351.79,4256842.1,2430128.0,0.57,Bearish,23.0,"Above 200 DMA, Weak but watchable RSI",-9.32,-0.08,8.57,-2.35,1.61,8.27,-6.97,-1.69,0.3,10.0,Positive 6M return,73.33,Neutral Range,69.77,321.91,393.21,22.15,67.27,80.0% of closes stayed inside the range | Range width 22.1% | Currently 67.3% through the range,,,33.33,21.55,-73.25,-82.51,,,,,,,,14.1424,12.5435,2.4433,3.79,0.05,101110.34,55.94,Telecom,12.0,0.0,0.0,0.0,15.0,27.0,0.5,,"Revenue contraction, Earnings contraction",0.0,27.0,,27.26,12.0,"Revenue contraction, Earnings contraction",9.79,Avoid,"Above 200 DMA, Weak but watchable RSI, Positive 6M return, 80.0% of closes stayed inside the range | Range width 22.1% | Currently 67.3% through the range"
SAIL,Basic Materials,Steel,122.62,-1.47,69.99,171.84,75.21,28.64,34.04,129.8,116.92,11381362.4,8402184.0,0.74,Bearish,23.0,"Above 200 DMA, Weak but watchable RSI",-9.69,8.16,20.73,-2.35,1.61,8.27,-7.34,6.55,12.46,20.0,"Positive 3M return, Positive 6M return",70.69,Neutral Range,68.58,104.81,132.71,26.62,63.86,80.0% of closes stayed inside the range | Range width 26.6% | Currently 63.9% through the range,,,5.12,2.87,-74.71,-68.61,,,,,,,,16.7147,10.9697,1.1918,92.0,1.029,71871.14,51.8,Metals / Mining,0.0,0.0,0.0,0.0,15.0,15.0,0.5,,"Revenue contraction, Earnings contraction",0.0,15.0,,38.56,12.0,"Revenue contraction, Earnings contraction",9.78,Avoid,"Above 200 DMA, Weak but watchable RSI, Positive 3M return, Positive 6M return, 80.0% of closes stayed inside the range | Range width 26.6% | Currently 63.9% through the range"
MARICO,Consumer Defensive,Household & Personal Products,692.95,0.69,445.44,734.29,55.57,5.63,43.0,700.57,656.69,1824824.55,2091790.0,1.15,Bearish,33.0,"Above 200 DMA, Weak but watchable RSI, Normal volume support, Positive day move",-1.31,-2.71,6.45,-2.35,1.61,8.27,1.04,-4.32,-1.82,10.0,Positive 6M return,83.33,Profit Booking Zone,74.15,609.27,716.57,17.61,77.99,80.0% of closes stayed inside the range | Range width 17.6% | Currently 78.0% through the range,,,18.94,15.65,-69.99,-69.06,,,,,,,,58.8033,43.8817,26.3637,47.0,0.184,110823.09,43.87,FMCG / Consumer,10.0,0.0,0.0,0.0,7.0,17.0,0.5,,"Revenue contraction, Earnings contraction",0.0,17.0,,33.07,12.0,"Revenue contraction, Earnings contraction",9.66,Avoid,"Above 200 DMA, Weak but watchable RSI, Normal volume support, Positive day move, Positive 6M return, 80.0% of closes stayed inside the range | Range width 17.6% | Currently 78.0% through the range"
LICI,Financial Services,Insurance - Life,440.67,0.33,252.0,589.19,74.87,25.21,44.72,450.24,419.7,1364830.1,1175664.0,0.86,Bearish,28.0,"Above 200 DMA, Weak but watchable RSI, Positive day move",-4.6,11.81,11.64,-2.35,1.61,8.27,-2.25,10.2,3.37,35.0,"Positive 3M return, Positive 6M return, 3M Nifty outperformance",47.25,Profit Booking Zone,72.17,366.0,459.63,25.58,79.75,80.0% of closes stayed inside the range | Range width 25.6% | Currently 79.7% through the range,,,,4.87,-74.75,-77.32,,,,,,,,8.5468,7.091,2.9869,2.46,0.543,527504.82,11.08,Financial Services,0.0,0.0,0.0,0.0,15.0,15.0,0.43,,"Revenue contraction, Earnings contraction",0.0,15.0,,30.82,16.0,"Revenue contraction, Earnings contraction, Limited fundamental data coverage",9.62,Avoid,"Above 200 DMA, Weak but watchable RSI, Positive day move, Positive 3M return, Positive 6M return, 3M Nifty outperformance, 80.0% of closes stayed inside the range | Range width 25.6% | Currently 79.7% through the range"
SRF,Industrials,Conglomerates,3074.97,-0.76,2017.83,3308.24,52.39,7.05,44.81,3083.58,2723.39,436939.25,462805.0,1.06,Bearish,28.0,"Above 200 DMA, Weak but watchable RSI, Normal volume support",-5.07,3.69,19.0,-2.35,1.61,8.27,-2.72,2.08,10.73,20.0,"Positive 3M return, Positive 6M return",63.95,Neutral Range,72.96,2796.36,3177.61,13.63,73.08,80.0% of closes stayed inside the range | Range width 13.6% | Currently 73.1% through the range,,,16.53,11.56,-73.96,-65.44,,,,,,,,35.4158,28.5908,5.4566,39.0,0.132,76620.96,48.32,Capital Goods / Infra,6.0,0.0,0.0,0.0,9.0,15.0,0.5,,"Revenue contraction, Earnings contraction",0.0,15.0,,28.74,12.0,"Revenue contraction, Earnings contraction",9.56,Avoid,"Above 200 DMA, Weak but watchable RSI, Normal volume support, Positive 3M return, Positive 6M return, 80.0% of closes stayed inside the range | Range width 13.6% | Currently 73.1% through the range"
EXIDEIND,Consumer Cyclical,Auto Parts,389.18,-0.17,149.41,611.9,160.48,36.4,55.81,383.54,393.25,1721827.7,998900.0,0.58,Bullish,35.0,"Above 50 DMA, Healthy RSI momentum",2.68,7.36,14.49,-2.35,1.61,8.27,5.03,5.75,6.22,48.0,"Positive 1M return, Positive 3M return, Positive 6M return, 1M Nifty outperformance, Positive across 1M/3M/6M",35.96,Profit Booking Zone,78.95,350.86,387.42,10.42,100.0,80.0% of closes stayed inside the range | Range width 10.4% | Currently 100.0% through the range,,,8.29,5.81,-72.61,-65.66,,,,,,,,44.044,26.4992,2.9993,41.0,0.552,41705.25,31.41,Automobile,0.0,0.0,0.0,0.0,11.0,11.0,0.5,,"Revenue contraction, Earnings contraction",0.0,11.0,,30.8,20.0,"Below 200 DMA, Revenue contraction, Earnings contraction",9.22,Avoid,"Above 50 DMA, Healthy RSI momentum, Positive 1M return, Positive 3M return, Positive 6M return, 1M Nifty outperformance, Positive across 1M/3M/6M, 80.0% of closes stayed inside the range | Range width 10.4% | Currently 100.0% through the range"
WIPRO,Technology,Information Technology Services,241.15,-0.64,162.77,305.88,48.15,21.16,42.61,244.75,258.83,9877286.85,6057152.0,0.61,Bearish,8.0,Weak but watchable RSI,-4.45,4.74,-15.97,-2.35,1.61,8.27,-2.1,3.13,-24.24,10.0,Positive 3M return,71.62,Accumulation Zone,67.79,228.72,289.74,26.68,20.36,80.0% of closes stayed inside the range | Range width 26.7% | Currently 20.4% through the range,3.83,2.55,16.06,15.05,-75.15,-74.65,18.27,2.4,2.39,12576.3,15873.6,4111.9,3837.7,14.6683,13.2285,2.3486,4.33,0.394,181959.9,29.04,IT / Technology,8.0,0.0,17.0,17.0,15.0,57.0,1.0,,"Revenue contraction, Earnings contraction",0.0,57.0,,27.18,20.0,"Below 200 DMA, Revenue contraction, Earnings contraction",8.53,Avoid,"Weak but watchable RSI, Positive 3M return, 80.0% of closes stayed inside the range | Range width 26.7% | Currently 20.4% through the range"
NTPC,Utilities,Utilities - Regulated Electric,330.09,1.26,139.29,430.88,136.97,23.39,50.81,328.21,337.04,8585401.05,12537358.0,1.46,Bullish,50.0,"Above 50 DMA, Healthy RSI momentum, Volume expansion, Positive day move",1.51,-2.81,7.29,-2.35,1.61,8.27,3.86,-4.42,-0.98,18.0,"Positive 1M return, Positive 6M return",65.79,Neutral Range,74.64,307.49,349.71,13.73,53.52,80.0% of closes stayed inside the range | Range width 13.7% | Currently 53.5% through the range,,,16.98,12.77,-74.73,-74.34,,,,,,,,10.3522,12.0003,1.6207,3.65,0.3,329153.35,48.18,Energy / Utilities,8.0,0.0,0.0,0.0,12.0,20.0,0.5,,"Revenue contraction, Earnings contraction",0.0,20.0,,27.85,20.0,"Below 200 DMA, Revenue contraction, Earnings contraction",8.18,Avoid,"Above 50 DMA, Healthy RSI momentum, Volume expansion, Positive day move, Positive 1M return, Positive 6M return, 80.0% of closes stayed inside the range | Range width 13.7% | Currently 53.5% through the range"
BDL,Industrials,Aerospace & Defense,1613.9,-0.17,383.25,2088.32,321.11,22.72,28.67,1862.61,1377.75,1799453.7,683194.0,0.38,Bearish,19.0,"Above 200 DMA, Oversold RSI",-17.97,3.61,34.14,-2.35,1.61,8.27,-15.62,2.0,25.87,45.0,"Positive 3M return, Strong 6M absolute return, 6M Nifty outperformance",38.37,Neutral Range,58.96,1067.04,1952.88,83.02,61.73,80.0% of closes stayed inside the range | Range width 83.0% | Currently 61.7% through the range,,,-27.28,7.94,-93.05,-96.66,,,,,,,,113.6556,43.4794,11.5734,39.0,0.326,49119.37,49.94,Capital Goods / Infra,3.0,0.0,0.0,0.0,5.0,8.0,0.5,,"Revenue contraction, Earnings contraction, Very high PE",0.0,8.0,,28.74,15.0,"Low volume participation, Revenue contraction, Earnings contraction",8.11,Avoid,"Above 200 DMA, Oversold RSI, Positive 3M return, Strong 6M absolute return, 6M Nifty outperformance, 80.0% of closes stayed inside the range | Range width 83.0% | Currently 61.7% through the range"
IDFCFIRSTB,Financial Services,Banks - Regional,69.04,-1.52,42.78,100.08,61.36,31.02,33.98,71.42,64.97,22088330.5,16071445.0,0.73,Bearish,23.0,"Above 200 DMA, Weak but watchable RSI",-10.08,3.65,19.22,-2.35,1.61,8.27,-7.73,2.04,10.95,20.0,"Positive 3M return, Positive 6M return",64.29,Neutral Range,69.74,56.58,73.3,29.56,74.5,80.0% of closes stayed inside the range | Range width 29.6% | Currently 74.5% through the range,1.17,0.13,,6.33,-72.88,-69.57,110.38,,,15521.39,42815.38,,,33.1274,12.8729,1.5569,30.0,,73970.07,0.0,Banking,3.0,0.0,2.0,0.0,13.0,18.0,0.64,,"Revenue contraction, Earnings contraction",-5.0,13.0,Weak ROE for a leveraged-balance-sheet business,30.82,12.0,"Revenue contraction, Earnings contraction",7.92,Avoid,"Above 200 DMA, Weak but watchable RSI, Positive 3M return, Positive 6M return, 80.0% of closes stayed inside the range | Range width 29.6% | Currently 74.5% through the range"
BAJAJFINSV,Financial Services,Financial Conglomerates,1958.13,-0.65,1211.97,2132.14,61.57,8.16,38.56,2010.73,1849.62,1135716.3,932988.0,0.82,Bearish,23.0,"Above 200 DMA, Weak but watchable RSI",-2.4,-3.23,10.84,-2.35,1.61,8.27,-0.05,-4.84,2.57,10.0,Positive 6M return,83.52,Neutral Range,69.99,1834.18,2047.02,11.6,58.23,80.0% of closes stayed inside the range | Range width 11.6% | Currently 58.2% through the range,,,46.35,9.23,-74.95,-68.56,,,,,,,,31.9699,21.4331,4.1459,6.0,0.374,323329.46,51.48,Financial Services,9.0,0.0,0.0,0.0,11.0,20.0,0.5,,"Revenue contraction, Earnings contraction",0.0,20.0,,30.82,12.0,"Revenue contraction, Earnings contraction",7.87,Avoid,"Above 200 DMA, Weak but watchable RSI, Positive 6M return, 80.0% of closes stayed inside the range | Range width 11.6% | Currently 58.2% through the range"
JSWENERGY,Utilities,Utilities - Independent Power Producers,524.72,0.32,200.89,799.01,161.2,34.33,53.71,512.92,554.12,3326884.4,1616906.0,0.49,Bullish,40.0,"Above 50 DMA, Healthy RSI momentum, Positive day move",1.63,9.85,4.88,-2.35,1.61,8.27,3.98,8.24,-3.39,38.0,"Positive 1M return, Positive 3M return, Positive 6M return, Positive across 1M/3M/6M",31.58,Profit Booking Zone,78.04,464.15,530.81,14.36,90.86,80.0% of closes stayed inside the range | Range width 14.4% | Currently 90.9% through the range,,,39.86,14.45,-55.21,-61.91,,,,,,,,43.9269,32.8867,3.191,36.0,0.133,102383.84,66.89,Energy / Utilities,11.0,0.0,0.0,0.0,9.0,20.0,0.5,,"Revenue contraction, Earnings contraction",0.0,20.0,,27.85,23.0,"Below 200 DMA, Low volume participation, Revenue contraction, Earnings contraction",7.68,Avoid,"Above 50 DMA, Healthy RSI momentum, Positive day move, Positive 1M return, Positive 3M return, Positive 6M return, Positive across 1M/3M/6M, 80.0% of closes stayed inside the range | Range width 14.4% | Currently 90.9% through the range"
MAZDOCK,Industrials,Aerospace & Defense,2742.63,1.44,144.32,3751.65,1800.41,26.9,27.53,3218.83,2579.22,1470337.35,1545793.0,1.05,Bearish,29.0,"Above 200 DMA, Oversold RSI, Normal volume support, Positive day move",-15.82,-10.96,18.95,-2.35,1.61,8.27,-13.47,-12.57,10.68,10.0,Positive 6M return,80.23,Neutral Range,63.76,2168.73,3388.97,56.27,47.03,80.0% of closes stayed inside the range | Range width 56.3% | Currently 47.0% through the range,,,10.61,17.22,-76.55,-81.27,,,,,,,,38.4627,32.1624,10.5529,82.0,0.624,102942.58,32.58,Capital Goods / Infra,8.0,0.0,0.0,0.0,7.0,15.0,0.5,,"Revenue contraction, Earnings contraction",0.0,15.0,,28.74,12.0,"Revenue contraction, Earnings contraction",7.31,Avoid,"Above 200 DMA, Oversold RSI, Normal volume support, Positive day move, Positive 6M return, 80.0% of closes stayed inside the range | Range width 56.3% | Currently 47.0% through the range"
TITAN,Consumer Cyclical,Luxury Goods,3365.46,-0.08,2240.77,3850.02,50.19,12.59,38.08,3498.13,3338.0,891945.95,443735.0,0.5,Bearish,23.0,"Above 200 DMA, Weak but watchable RSI",-8.67,1.95,1.83,-2.35,1.61,8.27,-6.32,0.34,-6.44,20.0,"Positive 3M return, Positive 6M return",57.89,Neutral Range,69.1,3055.66,3588.43,17.44,58.15,80.0% of closes stayed inside the range | Range width 17.4% | Currently 58.1% through the range,,,11.11,7.36,-75.43,-67.31,,,,,,,,78.2896,58.2409,28.8278,29.0,0.18,452440.57,20.47,Consumer Discretionary,6.0,0.0,0.0,0.0,5.0,11.0,0.5,,"Revenue contraction, Earnings contraction",0.0,11.0,,30.8,12.0,"Revenue contraction, Earnings contraction",7.22,Avoid,"Above 200 DMA, Weak but watchable RSI, Positive 3M return, Positive 6M return, 80.0% of closes stayed inside the range | Range width 17.4% | Currently 58.1% through the range"
SOLARINDS,Basic Materials,Specialty Chemicals,14460.46,-0.01,3150.56,17798.82,358.98,18.76,24.27,16151.03,11953.86,128620.5,122728.0,0.95,Bearish,19.0,"Above 200 DMA, Oversold RSI",-14.53,9.75,56.48,-2.35,1.61,8.27,-12.18,8.14,48.21,45.0,"Positive 3M return, Strong 6M absolute return, 6M Nifty outperformance",51.72,Neutral Range,59.14,8944.04,16924.56,89.23,69.12,80.0% of closes stayed inside the range | Range width 89.2% | Currently 69.1% through the range,,,22.23,15.72,-70.73,-72.0,,,,,,,,100.7965,56.2038,27.0006,6.0,0.238,169487.88,49.2,Chemicals,10.0,0.0,0.0,0.0,5.0,15.0,0.5,,"Revenue contraction, Earnings contraction, Very high PE",0.0,15.0,,38.56,20.0,"Extreme RSI weakness, Revenue contraction, Earnings contraction",7.03,Avoid,"Above 200 DMA, Oversold RSI, Positive 3M return, Strong 6M absolute return, 6M Nifty outperformance, 80.0% of closes stayed inside the range | Range width 89.2% | Currently 69.1% through the range"
TATACONSUM,Consumer Defensive,Packaged Foods,1064.1,1.08,663.99,1240.54,60.26,14.22,45.66,1088.63,1015.88,1224586.8,1175543.0,0.96,Bearish,32.0,"Above 200 DMA, RSI recovering, Positive day move",-2.07,-6.93,12.46,-2.35,1.61,8.27,0.28,-8.54,4.19,10.0,Positive 6M return,83.33,Neutral Range,71.64,945.99,1129.41,19.39,64.39,80.0% of closes stayed inside the range | Range width 19.4% | Currently 64.4% through the range,,,9.58,6.99,-72.71,-73.86,,,,,,,,64.3966,44.4085,4.823,93.0,0.414,105095.18,41.11,FMCG / Consumer,3.0,0.0,0.0,0.0,7.0,10.0,0.5,,"Revenue contraction, Earnings contraction",0.0,10.0,,33.07,12.0,"Revenue contraction, Earnings contraction",6.96,Avoid,"Above 200 DMA, RSI recovering, Positive day move, Positive 6M return, 80.0% of closes stayed inside the range | Range width 19.4% | Currently 64.4% through the range"
SHRIRAMFIN,Financial Services,Credit Services,625.43,-0.87,213.18,710.44,193.38,11.97,42.26,654.98,612.86,5733718.05,6024759.0,1.05,Bearish,28.0,"Above 200 DMA, Weak but watchable RSI, Normal volume support",-6.1,1.08,20.47,-2.35,1.61,8.27,-3.75,-0.53,12.2,20.0,"Positive 3M return, Positive 6M return",64.29,Neutral Range,69.14,567.24,676.55,19.27,53.23,80.0% of closes stayed inside the range | Range width 19.3% | Currently 53.2% through the range,,,,35.99,-72.71,-77.4,,,,,,,,19.735,15.5658,3.1889,1.22,0.606,262875.3,96.81,Financial Services,6.0,0.0,0.0,0.0,12.0,18.0,0.43,,"Revenue contraction, Earnings contraction",0.0,18.0,,30.82,16.0,"Revenue contraction, Earnings contraction, Limited fundamental data coverage",6.92,Avoid,"Above 200 DMA, Weak but watchable RSI, Normal volume support, Positive 3M return, Positive 6M return, 80.0% of closes stayed inside the range | Range width 19.3% | Currently 53.2% through the range"
BANKBARODA,Financial Services,Banks - Regional,232.16,-1.07,103.5,273.02,124.31,14.96,47.07,233.39,222.24,7241160.15,3131598.0,0.43,Bearish,27.0,"Above 200 DMA, RSI recovering",-1.39,-0.48,11.8,-2.35,1.61,8.27,0.96,-2.09,3.53,10.0,Positive 6M return,83.52,Profit Booking Zone,74.7,192.65,237.05,23.04,88.99,80.8% of closes stayed inside the range | Range width 23.0% | Currently 89.0% through the range,2.26,0.19,,19.17,-75.72,-83.25,86.7,,,138143.18,133238.25,,,7.149,5.892,0.77,3.45,0.43,129801.19,0.0,Banking,6.0,0.0,7.0,0.0,15.0,28.0,0.64,Cash covers debt,"Revenue contraction, Earnings contraction",-5.0,23.0,Weak ROE for a leveraged-balance-sheet business,30.82,15.0,"Low volume participation, Revenue contraction, Earnings contraction",6.92,Avoid,"Above 200 DMA, RSI recovering, Cash covers debt, Positive 6M return, 80.8% of closes stayed inside the range | Range width 23.0% | Currently 89.0% through the range"
INDIANB,Financial Services,Banks - Regional,601.78,-2.52,156.65,644.23,284.16,6.59,42.51,611.75,541.84,1714606.85,971897.0,0.57,Bearish,23.0,"Above 200 DMA, Weak but watchable RSI",-5.54,9.33,22.59,-2.35,1.61,8.27,-3.19,7.72,14.32,20.0,"Positive 3M return, Positive 6M return",64.29,Profit Booking Zone,71.63,493.98,622.84,26.09,83.66,80.0% of closes stayed inside the range | Range width 26.1% | Currently 83.7% through the range,,,,25.35,-74.5,-79.79,,,,,,,,9.2255,8.1752,1.44,2.08,0.28,120822.67,0.0,Banking,6.0,0.0,0.0,0.0,15.0,21.0,0.43,,"Revenue contraction, Earnings contraction",0.0,21.0,,30.82,16.0,"Revenue contraction, Earnings contraction, Limited fundamental data coverage",6.72,Avoid,"Above 200 DMA, Weak but watchable RSI, Positive 3M return, Positive 6M return, 80.0% of closes stayed inside the range | Range width 26.1% | Currently 83.7% through the range"
FEDERALBNK,Financial Services,Banks - Regional,202.76,-0.26,102.82,217.93,97.19,6.96,37.85,207.11,196.38,5813083.35,5616031.0,0.97,Bearish,23.0,"Above 200 DMA, Weak but watchable RSI",-6.0,6.88,11.18,-2.35,1.61,8.27,-3.65,5.27,2.91,20.0,"Positive 3M return, Positive 6M return",64.29,Profit Booking Zone,72.56,178.75,210.7,17.88,75.14,80.8% of closes stayed inside the range | Range width 17.9% | Currently 75.1% through the range,,,,24.32,-73.5,-77.92,,,,,,,,19.1033,13.2216,2.1967,34.0,0.276,88118.6,0.0,Banking,6.0,0.0,0.0,0.0,15.0,21.0,0.43,,"Revenue contraction, Earnings contraction",0.0,21.0,,30.82,16.0,"Revenue contraction, Earnings contraction, Limited fundamental data coverage",6.72,Avoid,"Above 200 DMA, Weak but watchable RSI, Positive 3M return, Positive 6M return, 80.8% of closes stayed inside the range | Range width 17.9% | Currently 75.1% through the range"
GODREJIND,Industrials,Conglomerates,1138.2,1.88,395.0,1390.0,188.15,18.12,44.31,1203.51,1089.65,209622.6,57885.0,0.28,Bearish,28.0,"Above 200 DMA, Weak but watchable RSI, Positive day move",-1.55,4.43,36.47,-2.35,1.61,8.27,0.8,2.82,28.2,45.0,"Positive 3M return, Strong 6M absolute return, 6M Nifty outperformance",38.37,Neutral Range,68.25,999.62,1257.22,25.77,53.8,80.0% of closes stayed inside the range | Range width 25.8% | Currently 53.8% through the range,,,6.35,7.83,-77.24,-64.42,,,,,,,,33.4833,,3.7223,,0.635,41607.84,40.36,Capital Goods / Infra,3.0,0.0,0.0,0.0,6.0,9.0,0.43,,"Revenue contraction, Earnings contraction",0.0,9.0,,28.74,19.0,"Low volume participation, Revenue contraction, Earnings contraction, Limited fundamental data coverage",6.71,Avoid,"Above 200 DMA, Weak but watchable RSI, Positive day move, Positive 3M return, Strong 6M absolute return, 6M Nifty outperformance, 80.0% of closes stayed inside the range | Range width 25.8% | Currently 53.8% through the range"
ABB,Industrials,Specialty Industrial Machinery,5456.58,-0.45,2557.9,8922.81,113.32,38.85,37.27,5791.0,6070.06,328984.8,331867.0,1.01,Bearish,13.0,"Weak but watchable RSI, Normal volume support",-5.96,1.21,-6.85,-2.35,1.61,8.27,-3.61,-0.4,-15.12,10.0,Positive 3M return,80.23,Neutral Range,65.92,5023.66,5910.09,17.64,48.84,80.0% of closes stayed inside the range | Range width 17.6% | Currently 48.8% through the range,4.89,2.75,12.57,12.09,-2.7,-25.89,1.02,2.01,1.59,1096.94,73.22,,,102.0381,73.5122,17.5008,52.0,0.486,163381.35,37.28,Capital Goods / Infra,8.0,0.0,20.0,0.0,5.0,33.0,0.86,Cash covers debt,"Revenue contraction, Earnings contraction, Very high PE",0.0,33.0,,28.74,15.0,"Below 200 DMA, Earnings contraction",6.61,Avoid,"Weak but watchable RSI, Normal volume support, Cash covers debt, Positive 3M return, 80.0% of closes stayed inside the range | Range width 17.6% | Currently 48.8% through the range"
ADANIENT,Energy,Thermal Coal,2531.77,-0.59,1015.6,4182.39,149.29,39.47,44.37,2552.27,2479.3,423611.95,262063.0,0.62,Bearish,23.0,"Above 200 DMA, Weak but watchable RSI",-3.7,3.2,10.85,-2.35,1.61,8.27,-1.35,1.59,2.58,20.0,"Positive 3M return, Positive 6M return",53.57,Profit Booking Zone,72.85,2218.93,2597.13,17.04,82.72,80.0% of closes stayed inside the range | Range width 17.0% | Currently 82.7% through the range,,,9.23,4.03,-77.52,-87.53,,,,,,,,52.0792,44.307,4.7693,4.0,0.808,424857.17,43.31,Metals / Mining,0.0,0.0,0.0,0.0,9.0,9.0,0.5,,"Revenue contraction, Earnings contraction",0.0,9.0,,28.27,12.0,"Revenue contraction, Earnings contraction",6.14,Avoid,"Above 200 DMA, Weak but watchable RSI, Positive 3M return, Positive 6M return, 80.0% of closes stayed inside the range | Range width 17.0% | Currently 82.7% through the range"
INFY,Technology,Information Technology Services,1464.41,0.35,1064.05,1907.5,37.63,23.23,34.12,1527.84,1638.41,6942450.5,5719051.0,0.82,Bearish,13.0,"Weak but watchable RSI, Positive day move",-5.68,2.11,-15.82,-2.35,1.61,8.27,-3.33,0.5,-24.09,10.0,Positive 3M return,71.62,Accumulation Zone,69.78,1406.7,1726.46,22.73,18.05,80.0% of closes stayed inside the range | Range width 22.7% | Currently 18.0% through the range,7.31,4.64,20.81,16.37,-74.37,-74.38,6.26,2.18,,320.2,69.3,,,15.4324,14.7125,5.1946,4.2,0.107,476334.99,29.68,IT / Technology,10.0,0.0,17.0,0.0,13.0,40.0,0.79,Cash covers debt,"Revenue contraction, Earnings contraction",5.0,45.0,Strong operating margin,27.18,20.0,"Below 200 DMA, Revenue contraction, Earnings contraction",5.58,Avoid,"Weak but watchable RSI, Positive day move, Cash covers debt, Positive 3M return, 80.0% of closes stayed inside the range | Range width 22.7% | Currently 18.0% through the range"
FLUOROCHEM,Basic Materials,Specialty Chemicals,3592.16,1.66,2472.27,4877.1,45.3,26.35,55.81,3584.48,3878.86,96999.45,77916.0,0.8,Bullish,40.0,"Above 50 DMA, Healthy RSI momentum, Positive day move",1.54,-7.23,7.31,-2.35,1.61,8.27,3.89,-8.84,-0.96,18.0,"Positive 1M return, Positive 6M return",82.76,Accumulation Zone,75.25,3450.93,3975.65,15.21,26.92,80.0% of closes stayed inside the range | Range width 15.2% | Currently 26.9% through the range,,,18.35,14.36,-72.96,-66.3,,,,,,,,87.6185,44.0047,6.5534,7.0,-0.005,50155.31,51.34,Chemicals,10.0,0.0,0.0,0.0,5.0,15.0,0.5,,"Revenue contraction, Earnings contraction, Very high PE",0.0,15.0,,38.56,20.0,"Below 200 DMA, Revenue contraction, Earnings contraction",5.53,Avoid,"Above 50 DMA, Healthy RSI momentum, Positive day move, Positive 1M return, Positive 6M return, 80.0% of closes stayed inside the range | Range width 15.2% | Currently 26.9% through the range"
NATIONALUM,Basic Materials,Aluminum,179.04,-1.34,56.5,242.41,216.89,26.14,45.59,180.07,186.21,6740971.35,3849575.0,0.57,Bearish,12.0,RSI recovering,-2.74,16.33,0.84,-2.35,1.61,8.27,-0.39,14.72,-7.43,35.0,"Positive 3M return, Positive 6M return, 3M Nifty outperformance",56.9,Profit Booking Zone,69.93,150.72,184.44,22.37,84.0,80.0% of closes stayed inside the range | Range width 22.4% | Currently 84.0% through the range,,,34.5,27.57,-77.15,-80.08,,,,,,,,10.5607,10.8213,3.5699,1.03,0.709,77138.53,71.34,Metals / Mining,12.0,0.0,0.0,0.0,9.0,21.0,0.5,,"Revenue contraction, Earnings contraction",0.0,21.0,,38.56,20.0,"Below 200 DMA, Revenue contraction, Earnings contraction",4.88,Avoid,"RSI recovering, Positive 3M return, Positive 6M return, 3M Nifty outperformance, 80.0% of closes stayed inside the range | Range width 22.4% | Currently 84.0% through the range"
ICICIGI,Financial Services,Insurance - Diversified,1906.94,0.26,1022.63,2270.75,86.47,16.02,43.13,1936.21,1852.6,614103.65,279986.0,0.46,Bearish,28.0,"Above 200 DMA, Weak but watchable RSI, Positive day move",-6.07,4.06,8.61,-2.35,1.61,8.27,-3.72,2.45,0.34,20.0,"Positive 3M return, Positive 6M return",64.29,Neutral Range,71.85,1691.68,1998.57,18.14,70.14,80.0% of closes stayed inside the range | Range width 18.1% | Currently 70.1% through the range,4.92,1.04,,11.63,-74.2,-70.22,,,,650.41,,,,33.8369,23.2532,4.7882,85.0,0.452,81672.71,21.54,Financial Services,3.0,0.0,0.0,0.0,11.0,14.0,0.57,,"Revenue contraction, Earnings contraction",-5.0,9.0,Weak ROE for a leveraged-balance-sheet business,30.82,15.0,"Low volume participation, Revenue contraction, Earnings contraction",4.77,Avoid,"Above 200 DMA, Weak but watchable RSI, Positive day move, Positive 3M return, Positive 6M return, 80.0% of closes stayed inside the range | Range width 18.1% | Currently 70.1% through the range"
POLICYBZR,Financial Services,Insurance Brokers,1821.4,1.75,356.2,2246.9,411.34,18.94,51.61,1829.29,1746.75,1050028.05,937146.0,0.89,Bearish,40.0,"Above 200 DMA, Healthy RSI momentum, Positive day move",-0.01,9.11,10.79,-2.35,1.61,8.27,2.34,7.5,2.52,20.0,"Positive 3M return, Positive 6M return",64.29,Profit Booking Zone,75.69,1468.41,1869.07,27.28,88.1,80.0% of closes stayed inside the range | Range width 27.3% | Currently 88.1% through the range,,,0.07,6.28,-72.92,-75.97,,,,,,,,107.8784,51.9191,10.9914,,0.375,80349.11,64.25,Financial Services,3.0,0.0,0.0,0.0,3.0,6.0,0.43,,"Revenue contraction, Earnings contraction, Very high PE",-4.0,2.0,Expensive relative to book value for this sector,30.82,16.0,"Revenue contraction, Earnings contraction, Limited fundamental data coverage",4.32,Avoid,"Above 200 DMA, Healthy RSI momentum, Positive day move, Positive 3M return, Positive 6M return, 80.0% of closes stayed inside the range | Range width 27.3% | Currently 88.1% through the range"
LUPIN,Healthcare,Drug Manufacturers - Specialty & Generic,1970.31,0.0,609.38,2370.86,223.33,16.89,59.89,1930.73,2028.26,975860.35,754124.0,0.77,Bullish,35.0,"Above 50 DMA, Healthy RSI momentum",1.45,-4.24,-1.26,-2.35,1.61,8.27,3.8,-5.85,-9.53,8.0,Positive 1M return,93.75,Neutral Range,72.38,1896.36,2058.26,8.54,45.68,80.0% of closes stayed inside the range | Range width 8.5% | Currently 45.7% through the range,,,21.78,19.78,-72.23,-62.85,,,,,,,,18.8684,22.3319,4.6455,79.0,0.182,104295.27,72.36,Pharma / Healthcare,11.0,0.0,0.0,0.0,10.0,21.0,0.5,,"Revenue contraction, Earnings contraction",0.0,21.0,,39.72,20.0,"Below 200 DMA, Revenue contraction, Earnings contraction",4.06,Avoid,"Above 50 DMA, Healthy RSI momentum, Positive 1M return, 80.0% of closes stayed inside the range | Range width 8.5% | Currently 45.7% through the range"
AUROPHARMA,Healthcare,Drug Manufacturers - Specialty & Generic,1153.67,-0.01,391.5,1586.05,194.68,27.26,55.99,1138.72,1200.18,933434.7,672250.0,0.72,Bullish,35.0,"Above 50 DMA, Healthy RSI momentum",0.0,-6.76,1.7,-2.35,1.61,8.27,2.35,-8.37,-6.57,10.0,Positive 6M return,90.62,Neutral Range,72.39,1090.59,1202.92,10.3,56.15,80.0% of closes stayed inside the range | Range width 10.3% | Currently 56.2% through the range,,,15.37,10.58,-75.17,-76.34,,,,,,,,25.9052,18.0068,2.5552,24.0,0.022,95915.5,58.85,Pharma / Healthcare,6.0,0.0,0.0,0.0,13.0,19.0,0.5,,"Revenue contraction, Earnings contraction",0.0,19.0,,39.72,20.0,"Below 200 DMA, Revenue contraction, Earnings contraction",3.86,Avoid,"Above 50 DMA, Healthy RSI momentum, Positive 6M return, 80.0% of closes stayed inside the range | Range width 10.3% | Currently 56.2% through the range"
SUNDARMFIN,Financial Services,Credit Services,4704.93,-0.03,1910.96,5451.57,146.21,13.7,33.66,4991.03,4677.2,47982.0,33705.0,0.7,Bearish,23.0,"Above 200 DMA, Weak but watchable RSI",-5.82,-6.59,8.2,-2.35,1.61,8.27,-3.47,-8.2,-0.07,10.0,Positive 6M return,83.52,Lower Range Watch,70.2,4451.85,5147.93,15.64,36.36,80.0% of closes stayed inside the range | Range width 15.6% | Currently 36.4% through the range,,,,41.16,-72.6,-74.72,,,,,,,,22.2038,20.2032,3.3371,90.0,0.186,49304.73,89.16,Financial Services,6.0,0.0,0.0,0.0,11.0,17.0,0.43,,"Revenue contraction, Earnings contraction",0.0,17.0,,30.82,16.0,"Revenue contraction, Earnings contraction, Limited fundamental data coverage",2.82,Avoid,"Above 200 DMA, Weak but watchable RSI, Positive 6M return, 80.0% of closes stayed inside the range | Range width 15.6% | Currently 36.4% through the range"
BHEL,Industrials,Specialty Industrial Machinery,240.37,0.46,50.9,333.29,372.22,27.88,37.59,254.28,229.51,3976562.4,3128052.0,0.79,Bearish,28.0,"Above 200 DMA, Weak but watchable RSI, Positive day move",-7.27,5.65,28.8,-2.35,1.61,8.27,-4.92,4.04,20.53,35.0,"Positive 3M return, Positive 6M return, 6M Nifty outperformance",49.42,Neutral Range,69.66,193.53,259.17,33.92,71.35,80.0% of closes stayed inside the range | Range width 33.9% | Currently 71.4% through the range,,,-11.15,-8.3,-79.94,-185.32,,,,,,,,60.2582,30.5233,5.5934,35.0,0.845,146246.66,31.47,Capital Goods / Infra,0.0,0.0,0.0,0.0,7.0,7.0,0.5,,"Negative net margin, Revenue contraction, Earnings contraction",0.0,7.0,,28.74,20.0,"Negative net margin, Revenue contraction, Earnings contraction",2.51,Avoid,"Above 200 DMA, Weak but watchable RSI, Positive day move, Positive 3M return, Positive 6M return, 6M Nifty outperformance, 80.0% of closes stayed inside the range | Range width 33.9% | Currently 71.4% through the range"
ONGC,Energy,Oil & Gas Integrated,229.39,0.15,96.9,310.8,136.73,26.19,45.62,231.7,232.59,7620526.5,8767763.0,1.15,Bearish,22.0,"RSI recovering, Normal volume support, Positive day move",0.31,1.09,-0.83,-2.35,1.61,8.27,2.66,-0.52,-9.1,18.0,"Positive 1M return, Positive 3M return",64.29,Neutral Range,70.5,217.87,237.01,8.79,60.21,80.0% of closes stayed inside the range | Range width 8.8% | Currently 60.2% through the range,,,18.66,6.01,-73.22,-72.94,,,,,,,,6.909,5.754,0.809,6.06,0.107,300731.57,35.33,Energy / Utilities,8.0,0.0,0.0,0.0,15.0,23.0,0.5,,"Revenue contraction, Earnings contraction",0.0,23.0,,28.27,20.0,"Below 200 DMA, Revenue contraction, Earnings contraction",2.29,Avoid,"RSI recovering, Normal volume support, Positive day move, Positive 1M return, Positive 3M return, 80.0% of closes stayed inside the range | Range width 8.8% | Currently 60.2% through the range"
BAJFINANCE,Financial Services,Credit Services,879.44,-0.19,536.89,972.82,63.8,9.6,37.98,919.56,810.71,7402578.0,5054496.0,0.68,Bearish,23.0,"Above 200 DMA, Weak but watchable RSI",-4.13,-0.32,17.04,-2.35,1.61,8.27,-1.78,-1.93,8.77,10.0,Positive 6M return,83.52,Neutral Range,68.99,830.8,932.53,12.24,47.82,80.0% of closes stayed inside the range | Range width 12.2% | Currently 47.8% through the range,,,,40.19,-71.81,-71.75,,,,,,,,33.5541,21.7163,5.9681,49.0,0.323,680692.29,91.55,Financial Services,6.0,0.0,0.0,0.0,11.0,17.0,0.43,,"Revenue contraction, Earnings contraction",-4.0,13.0,Expensive relative to book value for this sector,30.82,16.0,"Revenue contraction, Earnings contraction, Limited fundamental data coverage",1.42,Avoid,"Above 200 DMA, Weak but watchable RSI, Positive 6M return, 80.0% of closes stayed inside the range | Range width 12.2% | Currently 47.8% through the range"
M&MFIN,Financial Services,Credit Services,251.98,2.26,161.66,327.32,55.87,23.02,48.11,254.39,258.7,3048121.5,6187624.0,2.03,Bearish,37.0,"RSI recovering, Strong volume expansion, Strong positive day move",0.88,2.6,-2.92,-2.35,1.61,8.27,3.23,0.99,-11.19,18.0,"Positive 1M return, Positive 3M return",73.63,Accumulation Zone,75.72,245.8,271.02,10.26,24.5,80.0% of closes stayed inside the range | Range width 10.3% | Currently 24.5% through the range,,,,21.5,-72.91,-76.66,,,,,,,,17.0039,12.9871,2.0642,1.88,0.343,55006.67,86.34,Financial Services,6.0,0.0,0.0,0.0,14.0,20.0,0.43,,"Revenue contraction, Earnings contraction",0.0,20.0,,30.82,24.0,"Below 200 DMA, Revenue contraction, Earnings contraction, Limited fundamental data coverage",1.37,Avoid,"RSI recovering, Strong volume expansion, Strong positive day move, Positive 1M return, Positive 3M return, 80.0% of closes stayed inside the range | Range width 10.3% | Currently 24.5% through the range"
HINDZINC,Basic Materials,Other Industrial Metals & Mining,424.69,-1.13,194.09,749.99,118.81,43.37,42.69,444.59,443.65,2540467.15,1275211.0,0.5,Bearish,8.0,Weak but watchable RSI,-3.3,2.99,1.81,-2.35,1.61,8.27,-0.95,1.38,-6.46,20.0,"Positive 3M return, Positive 6M return",70.69,Neutral Range,66.15,396.52,447.77,12.93,54.96,80.0% of closes stayed inside the range | Range width 12.9% | Currently 55.0% through the range,,,38.81,29.43,-77.03,-78.42,,,,,,,,14.4846,13.3134,10.9157,3.58,0.661,247012.13,75.8,Metals / Mining,12.0,0.0,0.0,0.0,11.0,23.0,0.5,,"Revenue contraction, Earnings contraction",0.0,23.0,,38.56,20.0,"Below 200 DMA, Revenue contraction, Earnings contraction",0.83,Avoid,"Weak but watchable RSI, Positive 3M return, Positive 6M return, 80.0% of closes stayed inside the range | Range width 12.9% | Currently 55.0% through the range"
IDEA,Communication Services,Telecom Services,7.0,-2.64,5.7,19.18,22.81,63.5,40.96,7.12,7.73,387432932.8,309770604.0,0.8,Bearish,13.0,"Weak but watchable RSI, Near 52W low zone",-6.91,-2.1,-22.22,-2.35,1.61,8.27,-4.56,-3.71,-30.49,0.0,,93.33,Accumulation Zone,70.18,6.76,8.21,21.48,16.6,80.0% of closes stayed inside the range | Range width 21.5% | Currently 16.6% through the range,,,-7.81,-60.03,-74.67,75.87,,,,,,,,3.6885,-8.9483,-4.0872,,0.436,146263.1,45.2,Telecom,0.0,10.0,0.0,0.0,8.0,18.0,0.43,,"Negative net margin, Revenue contraction",0.0,18.0,,27.26,25.0,"Below 200 DMA, Negative net margin, Revenue contraction, Limited fundamental data coverage",0.0,Avoid,"Weak but watchable RSI, Near 52W low zone, 80.0% of closes stayed inside the range | Range width 21.5% | Currently 16.6% through the range"
VEDL,Basic Materials,Other Industrial Metals & Mining,412.27,-1.11,163.09,483.26,152.8,14.69,40.7,423.32,415.8,7067506.85,2945839.0,0.42,Bearish,8.0,Weak but watchable RSI,-7.42,5.24,3.79,-2.35,1.61,8.27,-5.07,3.63,-4.48,20.0,"Positive 3M return, Positive 6M return",70.69,Neutral Range,66.78,380.85,433.24,13.76,59.98,80.0% of closes stayed inside the range | Range width 13.8% | Currently 60.0% through the range,,,20.34,20.5,-74.78,-78.75,,,,,,,,12.0753,8.5779,2.169,12.36,0.363,107694.43,53.91,Metals / Mining,11.0,0.0,0.0,0.0,15.0,26.0,0.5,,"Revenue contraction, Earnings contraction",0.0,26.0,,38.56,23.0,"Below 200 DMA, Low volume participation, Revenue contraction, Earnings contraction",0.0,Avoid,"Weak but watchable RSI, Positive 3M return, Positive 6M return, 80.0% of closes stayed inside the range | Range width 13.8% | Currently 60.0% through the range"
YESBANK,Financial Services,Banks - Regional,19.22,-0.93,14.4,32.85,33.47,41.49,35.27,20.34,19.33,66649469.15,53521061.0,0.8,Bearish,8.0,Weak but watchable RSI,-5.23,8.4,4.63,-2.35,1.61,8.27,-2.88,6.79,-3.64,20.0,"Positive 3M return, Positive 6M return",64.29,Neutral Range,64.74,16.92,20.98,24.03,56.68,80.0% of closes stayed inside the range | Range width 24.0% | Currently 56.7% through the range,1.66,0.2,,19.28,-75.08,-66.95,138.05,,,24555.4,67234.86,,,19.15,12.6515,1.4297,,0.485,72129.13,0.0,Banking,6.0,0.0,2.0,0.0,13.0,21.0,0.57,,"Revenue contraction, Earnings contraction",-5.0,16.0,Weak ROE for a leveraged-balance-sheet business,30.82,20.0,"Below 200 DMA, Revenue contraction, Earnings contraction",0.0,Avoid,"Weak but watchable RSI, Positive 3M return, Positive 6M return, 80.0% of closes stayed inside the range | Range width 24.0% | Currently 56.7% through the range"
VOLTAS,Consumer Cyclical,"Furnishings, Fixtures & Appliances",1331.82,0.07,724.31,1928.05,83.87,30.92,47.99,1308.36,1453.98,1043526.4,533140.0,0.51,Bullish,32.0,"Above 50 DMA, RSI recovering, Positive day move",0.24,8.32,-6.11,-2.35,1.61,8.27,2.59,6.71,-14.38,18.0,"Positive 1M return, Positive 3M return",66.67,Neutral Range,72.16,1230.71,1394.39,13.3,61.77,80.0% of closes stayed inside the range | Range width 13.3% | Currently 61.8% through the range,,,4.09,3.59,-74.46,-83.31,,,,,,,,113.2572,38.3226,6.6943,31.0,0.138,42684.13,22.23,Consumer Discretionary,0.0,0.0,0.0,0.0,5.0,5.0,0.5,,"Revenue contraction, Earnings contraction, Very high PE",0.0,5.0,,30.8,20.0,"Below 200 DMA, Revenue contraction, Earnings contraction",0.0,Avoid,"Above 50 DMA, RSI recovering, Positive day move, Positive 1M return, Positive 3M return, 80.0% of closes stayed inside the range | Range width 13.3% | Currently 61.8% through the range"
ATGL,Utilities,Utilities - Regulated Gas,624.93,-0.67,521.49,3994.52,19.84,84.36,38.05,658.24,656.37,518543.35,330702.0,0.64,Bearish,13.0,"Weak but watchable RSI, Near 52W low zone",-5.74,-6.04,1.51,-2.35,1.61,8.27,-3.39,-7.65,-6.76,10.0,Positive 6M return,84.21,Neutral Range,66.63,582.14,675.8,16.09,45.69,80.0% of closes stayed inside the range | Range width 16.1% | Currently 45.7% through the range,,,17.23,11.99,-72.26,-74.75,,,,,,,,116.2588,,14.9289,4.0,0.606,72625.95,28.25,Energy / Utilities,6.0,0.0,0.0,0.0,2.0,8.0,0.5,,"Revenue contraction, Earnings contraction, Very high PE",0.0,8.0,,27.85,25.0,"Below 200 DMA, Far from 52W high, Revenue contraction, Earnings contraction",0.0,Avoid,"Weak but watchable RSI, Near 52W low zone, Positive 6M return, 80.0% of closes stayed inside the range | Range width 16.1% | Currently 45.7% through the range"
ADANIGREEN,Utilities,Utilities - Renewable,1009.7,-0.58,439.1,2572.0,129.95,60.74,50.04,1005.76,1075.98,1981380.55,1365437.0,0.69,Bullish,35.0,"Above 50 DMA, Healthy RSI momentum",-0.91,4.56,2.27,-2.35,1.61,8.27,1.44,2.95,-6.0,20.0,"Positive 3M return, Positive 6M return",47.37,Profit Booking Zone,76.64,853.04,1020.16,19.59,93.74,80.0% of closes stayed inside the range | Range width 19.6% | Currently 93.7% through the range,,,60.81,19.06,-66.14,-50.62,,,,,,,,131.5202,42.438,11.3765,,1.083,219453.29,94.69,Energy / Utilities,12.0,0.0,0.0,0.0,3.0,15.0,0.43,,"Revenue contraction, Earnings contraction, Very high PE",0.0,15.0,,27.85,24.0,"Below 200 DMA, Revenue contraction, Earnings contraction, Limited fundamental data coverage",0.0,Avoid,"Above 50 DMA, Healthy RSI momentum, Positive 3M return, Positive 6M return, 80.0% of closes stayed inside the range | Range width 19.6% | Currently 93.7% through the range"
NESTLEIND,Consumer Defensive,Packaged Foods,1104.45,0.35,860.07,1360.46,28.41,18.82,29.99,1182.11,1129.92,1380728.1,929698.0,0.67,Bearish,9.0,"Oversold RSI, Positive day move",-6.16,-3.75,4.59,-2.35,1.61,8.27,-3.81,-5.36,-3.68,10.0,Positive 6M return,83.33,Accumulation Zone,70.65,1082.76,1199.41,10.77,18.59,80.0% of closes stayed inside the range | Range width 10.8% | Currently 18.6% through the range,,,18.59,12.74,-74.73,-79.84,,,,,,,,76.4587,60.7096,56.3512,80.0,0.426,290596.98,55.13,FMCG / Consumer,10.0,0.0,0.0,0.0,5.0,15.0,0.5,,"Revenue contraction, Earnings contraction",0.0,15.0,,33.07,20.0,"Below 200 DMA, Revenue contraction, Earnings contraction",0.0,Avoid,"Oversold RSI, Positive day move, Positive 6M return, 80.0% of closes stayed inside the range | Range width 10.8% | Currently 18.6% through the range"
INDUSINDBK,Financial Services,Banks - Regional,800.6,-0.78,605.02,1673.18,32.33,52.15,36.07,834.72,915.63,4278806.3,3218643.0,0.75,Bearish,8.0,Weak but watchable RSI,-6.5,-5.3,-14.16,-2.35,1.61,8.27,-4.15,-6.91,-22.43,0.0,,97.8,Lower Range Watch,61.96,680.66,1034.51,51.99,33.9,80.0% of closes stayed inside the range | Range width 52.0% | Currently 33.9% through the range,,,,8.89,-74.35,-76.55,,,,,,,,60.0295,12.9494,1.2053,15.0,0.494,79277.55,0.0,Banking,3.0,0.0,0.0,0.0,9.0,12.0,0.43,,"Revenue contraction, Earnings contraction",0.0,12.0,,30.82,24.0,"Below 200 DMA, Revenue contraction, Earnings contraction, Limited fundamental data coverage",0.0,Avoid,"Weak but watchable RSI, 80.0% of closes stayed inside the range | Range width 52.0% | Currently 33.9% through the range"
NAUKRI,Communication Services,Internet Content & Information,1385.81,-0.98,650.59,1808.5,113.01,23.37,43.73,1440.2,1489.07,1650728.0,2075877.0,1.26,Bearish,13.0,"Weak but watchable RSI, Normal volume support",-3.64,-2.44,-2.14,-2.35,1.61,8.27,-1.29,-4.05,-10.41,0.0,,93.33,Lower Range Watch,69.32,1334.15,1497.86,12.27,31.56,80.0% of closes stayed inside the range | Range width 12.3% | Currently 31.6% through the range,,,29.54,37.42,-72.25,-69.24,,,,,,,,54.3867,57.9013,2.2877,1.06,0.288,86732.07,56.39,Telecom,12.0,0.0,0.0,0.0,7.0,19.0,0.5,,"Revenue contraction, Earnings contraction",0.0,19.0,,27.26,20.0,"Below 200 DMA, Revenue contraction, Earnings contraction",0.0,Avoid,"Weak but watchable RSI, Normal volume support, 80.0% of closes stayed inside the range | Range width 12.3% | Currently 31.6% through the range"
IRFC,Financial Services,Credit Services,128.93,-0.62,18.59,221.22,593.37,41.72,40.21,135.58,134.39,10891552.15,7578162.0,0.7,Bearish,8.0,Weak but watchable RSI,-6.35,5.11,-4.06,-2.35,1.61,8.27,-4.0,3.5,-12.33,10.0,Positive 3M return,83.52,Neutral Range,65.87,116.76,137.71,17.95,58.08,80.0% of closes stayed inside the range | Range width 17.9% | Currently 58.1% through the range,3.21,0.36,25.25,25.3,-74.5,-73.15,743.81,34505.9,,172.48,404812.87,1467.53,1467.21,16.0765,12.0904,2.0307,3.3,0.33,115342.64,100.0,Financial Services,12.0,0.0,5.0,17.0,15.0,49.0,0.93,,"Revenue contraction, Earnings contraction, Very high debt",1.0,50.0,"High leverage is structural for this sector, Weak ROE for a leveraged-balance-sheet business",30.82,28.0,"Below 200 DMA, Very high debt, Revenue contraction, Earnings contraction",0.0,Avoid,"Weak but watchable RSI, Positive 3M return, 80.0% of closes stayed inside the range | Range width 17.9% | Currently 58.1% through the range"
IRCTC,Consumer Cyclical,Travel Services,725.85,0.05,538.33,1108.01,34.83,34.49,32.44,760.12,762.0,625480.45,774642.0,1.24,Bearish,18.0,"Weak but watchable RSI, Normal volume support, Positive day move",-5.07,-3.83,-1.45,-2.35,1.61,8.27,-2.72,-5.44,-9.72,0.0,,93.86,Lower Range Watch,68.81,690.6,774.21,12.11,42.15,80.0% of closes stayed inside the range | Range width 12.1% | Currently 42.2% through the range,,,33.23,28.52,-75.19,-74.85,,,,,,,,29.5824,22.5736,9.5354,1.84,0.171,41084.0,36.63,Consumer Discretionary,12.0,0.0,0.0,0.0,8.0,20.0,0.5,,"Revenue contraction, Earnings contraction",0.0,20.0,,30.8,20.0,"Below 200 DMA, Revenue contraction, Earnings contraction",0.0,Avoid,"Weak but watchable RSI, Normal volume support, Positive day move, 80.0% of closes stayed inside the range | Range width 12.1% | Currently 42.2% through the range"
KOTAKBANK,Financial Services,Banks - Regional,391.26,-0.66,307.55,459.06,27.22,14.77,26.35,425.21,392.85,17830089.75,17949955.0,1.01,Bearish,9.0,"Oversold RSI, Normal volume support",-9.55,-5.9,3.93,-2.35,1.61,8.27,-7.2,-7.51,-4.34,10.0,Positive 6M return,83.52,Accumulation Zone,71.49,385.96,439.63,13.9,9.88,80.0% of closes stayed inside the range | Range width 13.9% | Currently 9.9% through the range,,,,23.32,-74.76,-79.79,,,,,,,,19.2649,15.2838,2.1432,17.0,0.275,388409.46,0.0,Banking,6.0,0.0,0.0,0.0,15.0,21.0,0.43,,"Revenue contraction, Earnings contraction",0.0,21.0,,30.82,24.0,"Below 200 DMA, Revenue contraction, Earnings contraction, Limited fundamental data coverage",0.0,Avoid,"Oversold RSI, Normal volume support, Positive 6M return, 80.0% of closes stayed inside the range | Range width 13.9% | Currently 9.9% through the range"
LTTS,Technology,Information Technology Services,4243.16,0.52,3071.35,5836.77,38.15,27.3,47.4,4298.44,4653.06,89595.6,49562.0,0.55,Bearish,17.0,"RSI recovering, Positive day move",-0.33,3.2,-15.1,-2.35,1.61,8.27,2.02,1.59,-23.37,10.0,Positive 3M return,71.62,Accumulation Zone,71.77,4130.49,4770.93,15.51,17.59,80.0% of closes stayed inside the range | Range width 15.5% | Currently 17.6% through the range,,,13.65,11.97,-72.65,-75.08,,,,,,,,29.6906,22.045,5.8609,1.59,0.154,37964.09,40.76,IT / Technology,6.0,0.0,0.0,0.0,10.0,16.0,0.5,,"Revenue contraction, Earnings contraction",0.0,16.0,,27.18,20.0,"Below 200 DMA, Revenue contraction, Earnings contraction",0.0,Avoid,"RSI recovering, Positive day move, Positive 3M return, 80.0% of closes stayed inside the range | Range width 15.5% | Currently 17.6% through the range"
LODHA,Real Estate,Real Estate - Development,1229.81,-0.67,352.0,1635.9,249.38,24.82,30.17,1406.82,1274.91,2208258.25,1198616.0,0.54,Bearish,8.0,Weak but watchable RSI,-11.48,-7.15,9.48,-2.35,1.61,8.27,-9.13,-8.76,1.21,10.0,Positive 6M return,60.0,Lower Range Watch,65.64,1124.53,1443.87,28.4,32.97,80.0% of closes stayed inside the range | Range width 28.4% | Currently 33.0% through the range,,,26.31,19.32,-74.46,-75.59,,,,,,,,29.4089,24.8976,5.1863,35.0,0.623,120770.28,43.66,Cement / Realty,12.0,0.0,0.0,0.0,11.0,23.0,0.5,,"Revenue contraction, Earnings contraction",0.0,23.0,,18.39,20.0,"Below 200 DMA, Revenue contraction, Earnings contraction",0.0,Avoid,"Weak but watchable RSI, Positive 6M return, 80.0% of closes stayed inside the range | Range width 28.4% | Currently 33.0% through the range"
LINDEINDIA,Basic Materials,Specialty Chemicals,6594.03,0.8,2911.17,9885.09,126.51,33.29,45.17,6915.4,6617.47,23420.1,8405.0,0.36,Bearish,17.0,"RSI recovering, Positive day move",-0.76,4.1,17.21,-2.35,1.61,8.27,1.59,2.49,8.94,20.0,"Positive 3M return, Positive 6M return",70.69,Neutral Range,65.84,5915.36,7288.96,23.22,49.41,80.0% of closes stayed inside the range | Range width 23.2% | Currently 49.4% through the range,,,24.7,18.77,-77.02,-76.43,,,,,,,,105.6673,78.7623,13.5476,6.0,,57801.38,58.55,Chemicals,11.0,0.0,0.0,0.0,5.0,16.0,0.5,,"Revenue contraction, Earnings contraction, Very high PE",0.0,16.0,,38.56,23.0,"Below 200 DMA, Low volume participation, Revenue contraction, Earnings contraction",0.0,Avoid,"RSI recovering, Positive day move, Positive 3M return, Positive 6M return, 80.0% of closes stayed inside the range | Range width 23.2% | Currently 49.4% through the range"
ADANIENSOL,Utilities,Utilities - Independent Power Producers,823.9,-0.37,588.0,4236.75,40.12,80.55,34.0,867.27,836.7,1641711.05,438934.0,0.27,Bearish,8.0,Weak but watchable RSI,-6.25,-12.09,10.21,-2.35,1.61,8.27,-3.9,-13.7,1.94,10.0,Positive 6M return,84.21,Neutral Range,64.31,709.35,907.74,27.97,57.74,80.0% of closes stayed inside the range | Range width 28.0% | Currently 57.7% through the range,,,27.13,7.52,-71.07,-51.65,,,,,,,,66.6528,44.2264,7.5542,,0.679,195550.42,43.66,Energy / Utilities,9.0,0.0,0.0,0.0,3.0,12.0,0.43,,"Revenue contraction, Earnings contraction",0.0,12.0,,27.85,32.0,"Below 200 DMA, Far from 52W high, Low volume participation, Revenue contraction, Earnings contraction, Limited fundamental data coverage",0.0,Avoid,"Weak but watchable RSI, Positive 6M return, 80.0% of closes stayed inside the range | Range width 28.0% | Currently 57.7% through the range"
HAVELLS,Industrials,Electrical Equipment & Parts,1515.79,1.17,998.35,2075.88,51.83,26.98,47.23,1530.29,1574.4,1199903.1,704672.0,0.59,Bearish,17.0,"RSI recovering, Positive day move",-1.45,-3.06,2.76,-2.35,1.61,8.27,0.9,-4.67,-5.51,10.0,Positive 6M return,80.23,Neutral Range,67.99,1451.19,1582.29,9.03,49.27,80.0% of closes stayed inside the range | Range width 9.0% | Currently 49.3% through the range,,,7.58,6.37,-74.74,-76.38,,,,,,,,49.012,38.6678,8.3918,94.0,0.3,79386.55,32.03,Capital Goods / Infra,3.0,0.0,0.0,0.0,7.0,10.0,0.5,,"Revenue contraction, Earnings contraction",0.0,10.0,,28.74,20.0,"Below 200 DMA, Revenue contraction, Earnings contraction",0.0,Avoid,"RSI recovering, Positive day move, Positive 6M return, 80.0% of closes stayed inside the range | Range width 9.0% | Currently 49.3% through the range"
HFCL,Technology,Communication Equipment,76.89,-2.12,55.45,170.76,38.66,54.97,35.7,84.37,97.34,7384493.75,5860749.0,0.79,Bearish,8.0,Weak but watchable RSI,-10.13,-4.45,-17.97,-2.35,1.61,8.27,-7.78,-6.06,-26.24,0.0,,91.89,Accumulation Zone,73.21,77.53,91.03,17.41,0.0,80.8% of closes stayed inside the range | Range width 17.4% | Currently 0.0% through the range,,,-0.44,-3.7,-78.57,-118.17,,,,,,,,57.8381,42.6,6.6817,5.0,0.926,33898.4,37.62,IT / Technology,0.0,0.0,0.0,0.0,7.0,7.0,0.5,,"Negative net margin, Revenue contraction, Earnings contraction",0.0,7.0,,27.18,28.0,"Below 200 DMA, Negative net margin, Revenue contraction, Earnings contraction",0.0,Avoid,"Weak but watchable RSI, 80.8% of closes stayed inside the range | Range width 17.4% | Currently 0.0% through the range"
PFC,Financial Services,Credit Services,393.34,0.32,66.83,531.48,488.59,25.99,45.89,395.88,402.42,5602728.75,2147122.0,0.38,Bearish,17.0,"RSI recovering, Positive day move",-1.55,0.86,9.12,-2.35,1.61,8.27,0.8,-0.75,0.85,20.0,"Positive 3M return, Positive 6M return",64.29,Neutral Range,70.92,360.73,405.09,12.3,73.52,80.0% of closes stayed inside the range | Range width 12.3% | Currently 73.5% through the range,,,276.01,66.74,-75.32,-70.13,,,,,,-5374.17,-5389.77,4.8263,4.1648,0.9351,4.09,0.639,124248.82,99.22,Financial Services,12.0,0.0,0.0,0.0,15.0,27.0,0.64,,"Revenue contraction, Earnings contraction, Negative operating cash flow, Negative free cash flow",0.0,27.0,,30.82,32.0,"Below 200 DMA, Low volume participation, Revenue contraction, Earnings contraction, Negative operating cash flow, Negative free cash flow",0.0,Avoid,"RSI recovering, Positive day move, Positive 3M return, Positive 6M return, 80.0% of closes stayed inside the range | Range width 12.3% | Currently 73.5% through the range"
HCLTECH,Technology,Information Technology Services,1412.53,0.28,749.44,1869.31,88.48,24.44,25.73,1562.04,1605.84,3806071.75,1642426.0,0.43,Bearish,9.0,"Oversold RSI, Positive day move",-13.41,-5.13,-11.1,-2.35,1.61,8.27,-11.06,-6.74,-19.37,0.0,,91.89,Accumulation Zone,72.41,1408.01,1627.24,15.57,2.06,80.0% of closes stayed inside the range | Range width 15.6% | Currently 2.1% through the range,,,29.92,12.66,-74.07,-77.9,,,,,,,,21.2315,17.0459,4.9998,4.39,0.006,369445.39,34.0,IT / Technology,11.0,0.0,0.0,0.0,11.0,22.0,0.5,,"Revenue contraction, Earnings contraction",5.0,27.0,Strong operating margin,27.18,23.0,"Below 200 DMA, Low volume participation, Revenue contraction, Earnings contraction",0.0,Avoid,"Oversold RSI, Positive day move, 80.0% of closes stayed inside the range | Range width 15.6% | Currently 2.1% through the range"
RVNL,Industrials,Engineering & Construction,355.42,-0.31,29.19,639.13,1117.48,44.39,30.81,392.33,396.53,3582417.85,2041969.0,0.57,Bearish,8.0,Weak but watchable RSI,-8.72,1.06,-12.08,-2.35,1.61,8.27,-6.37,-0.55,-20.35,10.0,Positive 3M return,80.23,Accumulation Zone,67.02,333.13,408.71,22.69,29.49,80.0% of closes stayed inside the range | Range width 22.7% | Currently 29.5% through the range,,,1.13,3.44,-80.38,-89.47,,,,,,,,53.4884,41.8182,4.8674,1.49,,47955.46,6.0,Capital Goods / Infra,0.0,0.0,0.0,0.0,8.0,8.0,0.5,,"Revenue contraction, Earnings contraction",0.0,8.0,,28.74,20.0,"Below 200 DMA, Revenue contraction, Earnings contraction",0.0,Avoid,"Weak but watchable RSI, Positive 3M return, 80.0% of closes stayed inside the range | Range width 22.7% | Currently 29.5% through the range"
PIDILITIND,Basic Materials,Specialty Chemicals,1437.05,-0.65,1107.06,1695.86,29.81,15.26,33.82,1496.87,1475.41,471297.7,499792.0,1.06,Bearish,13.0,"Weak but watchable RSI, Normal volume support",-5.94,-4.64,1.04,-2.35,1.61,8.27,-3.59,-6.25,-7.23,10.0,Positive 6M return,89.66,Lower Range Watch,68.45,1365.08,1527.77,11.92,44.24,80.8% of closes stayed inside the range | Range width 11.9% | Currently 44.2% through the range,,,22.5,17.92,-71.33,-67.61,,,,,,,,64.9428,53.7455,15.9869,68.0,0.397,173177.03,54.79,Chemicals,10.0,0.0,0.0,0.0,5.0,15.0,0.5,,"Revenue contraction, Earnings contraction",0.0,15.0,,38.56,20.0,"Below 200 DMA, Revenue contraction, Earnings contraction",0.0,Avoid,"Weak but watchable RSI, Normal volume support, Positive 6M return, 80.8% of closes stayed inside the range | Range width 11.9% | Currently 44.2% through the range"
GODREJPROP,Real Estate,Real Estate - Development,2119.16,-1.19,1000.17,3386.33,111.88,37.42,35.15,2305.83,2386.16,758726.55,387200.0,0.51,Bearish,8.0,Weak but watchable RSI,-7.02,-4.05,-1.46,-2.35,1.61,8.27,-4.67,-5.66,-9.73,0.0,,95.0,Lower Range Watch,66.15,1965.01,2387.4,21.5,36.49,80.0% of closes stayed inside the range | Range width 21.5% | Currently 36.5% through the range,,,-61.06,138.1,-90.94,-57.13,,,,,,,,38.3153,18.06,3.1684,49.0,0.478,60697.14,42.86,Cement / Realty,6.0,0.0,0.0,0.0,9.0,15.0,0.5,,"Revenue contraction, Earnings contraction",0.0,15.0,,18.39,20.0,"Below 200 DMA, Revenue contraction, Earnings contraction",0.0,Avoid,"Weak but watchable RSI, 80.0% of closes stayed inside the range | Range width 21.5% | Currently 36.5% through the range"
ICICIPRULI,Financial Services,Insurance - Life,617.01,0.45,378.11,792.99,63.18,22.19,39.53,641.07,633.12,1545869.75,579816.0,0.38,Bearish,13.0,"Weak but watchable RSI, Positive day move",-6.02,1.27,3.28,-2.35,1.61,8.27,-3.67,-0.34,-4.99,20.0,"Positive 3M return, Positive 6M return",64.29,Neutral Range,67.52,550.17,655.71,19.18,63.33,80.0% of closes stayed inside the range | Range width 19.2% | Currently 63.3% through the range,2.41,0.09,,1.19,-63.66,-74.52,20.73,,,345.26,2600.0,,,43.0979,35.6732,5.3841,33.0,0.471,73415.47,10.44,Financial Services,0.0,0.0,7.0,0.0,9.0,16.0,0.64,,"Revenue contraction, Earnings contraction",-9.0,7.0,"Weak ROE for a leveraged-balance-sheet business, Expensive relative to book value for this sector",30.82,23.0,"Below 200 DMA, Low volume participation, Revenue contraction, Earnings contraction",0.0,Avoid,"Weak but watchable RSI, Positive day move, Positive 3M return, Positive 6M return, 80.0% of closes stayed inside the range | Range width 19.2% | Currently 63.3% through the range"
HUDCO,Financial Services,Credit Services,210.19,0.49,30.31,333.2,593.56,36.92,35.95,224.69,210.64,2953778.3,3160010.0,1.07,Bearish,18.0,"Weak but watchable RSI, Normal volume support, Positive day move",-7.07,-4.97,5.76,-2.35,1.61,8.27,-4.72,-6.58,-2.51,10.0,Positive 6M return,83.52,Neutral Range,66.41,175.16,231.65,32.25,62.02,80.0% of closes stayed inside the range | Range width 32.2% | Currently 62.0% through the range,,,,73.62,-76.21,-76.74,,,,,,,,9.2171,8.0304,1.7552,3.06,0.837,38582.62,99.96,Financial Services,6.0,0.0,0.0,0.0,15.0,21.0,0.43,,"Revenue contraction, Earnings contraction",0.0,21.0,,30.82,24.0,"Below 200 DMA, Revenue contraction, Earnings contraction, Limited fundamental data coverage",0.0,Avoid,"Weak but watchable RSI, Normal volume support, Positive day move, Positive 6M return, 80.0% of closes stayed inside the range | Range width 32.2% | Currently 62.0% through the range"
HONAUT,Industrials,Electrical Equipment & Parts,38546.02,0.99,30852.31,59548.55,24.94,35.27,41.01,38993.66,38954.83,5524.9,1901.0,0.34,Bearish,18.0,"Weak but watchable RSI, Near 52W low zone, Positive day move",-0.41,10.53,-0.67,-2.35,1.61,8.27,1.94,8.92,-8.94,10.0,Positive 3M return,80.23,Neutral Range,69.91,33512.35,40359.89,20.43,73.51,80.0% of closes stayed inside the range | Range width 20.4% | Currently 73.5% through the range,,,10.83,10.53,-71.71,-76.2,,,,,,,,60.9754,45.3198,7.4533,29.0,0.513,33283.77,38.95,Capital Goods / Infra,6.0,0.0,0.0,0.0,5.0,11.0,0.5,,"Revenue contraction, Earnings contraction",0.0,11.0,,28.74,23.0,"Below 200 DMA, Low volume participation, Revenue contraction, Earnings contraction",0.0,Avoid,"Weak but watchable RSI, Near 52W low zone, Positive day move, Positive 3M return, 80.0% of closes stayed inside the range | Range width 20.4% | Currently 73.5% through the range"
PETRONET,Energy,Oil & Gas Refining & Marketing,281.47,-0.27,166.97,359.19,68.58,21.64,37.12,291.72,299.12,2996306.55,1582995.0,0.53,Bearish,8.0,Weak but watchable RSI,-2.32,-6.32,1.53,-2.35,1.61,8.27,0.03,-7.93,-6.74,10.0,Positive 6M return,85.71,Lower Range Watch,68.44,272.22,301.0,10.57,32.14,80.0% of closes stayed inside the range | Range width 10.6% | Currently 32.1% through the range,,,9.18,7.09,-76.7,-78.81,,,,,,,,10.7263,9.9224,1.8833,3.61,0.45,41977.51,14.66,Energy / Utilities,3.0,0.0,0.0,0.0,15.0,18.0,0.5,,"Revenue contraction, Earnings contraction",0.0,18.0,,28.27,20.0,"Below 200 DMA, Revenue contraction, Earnings contraction",0.0,Avoid,"Weak but watchable RSI, Positive 6M return, 80.0% of closes stayed inside the range | Range width 10.6% | Currently 32.1% through the range"
PHOENIXLTD,Real Estate,Real Estate - Diversified,1499.39,-0.43,589.78,2062.23,154.23,27.29,46.89,1555.34,1591.02,1072816.85,358150.0,0.33,Bearish,12.0,RSI recovering,0.45,-3.45,-0.83,-2.35,1.61,8.27,2.8,-5.06,-9.1,8.0,Positive 1M return,80.0,Accumulation Zone,73.71,1494.66,1644.71,10.04,3.15,80.0% of closes stayed inside the range | Range width 10.0% | Currently 3.2% through the range,,,49.41,25.26,-75.01,-75.55,,,,,,,,52.0776,38.1787,6.199,13.0,0.324,68134.93,93.68,Cement / Realty,12.0,0.0,0.0,0.0,7.0,19.0,0.5,,"Revenue contraction, Earnings contraction",0.0,19.0,,18.39,23.0,"Below 200 DMA, Low volume participation, Revenue contraction, Earnings contraction",0.0,Avoid,"RSI recovering, Positive 1M return, 80.0% of closes stayed inside the range | Range width 10.0% | Currently 3.2% through the range"
PERSISTENT,Technology,Information Technology Services,5126.24,-0.27,1500.77,6700.89,241.57,23.5,30.2,5678.67,5649.88,573723.35,365158.0,0.64,Bearish,8.0,Weak but watchable RSI,-13.93,-6.44,-12.13,-2.35,1.61,8.27,-11.58,-8.05,-20.4,0.0,,91.89,Accumulation Zone,71.85,5100.35,5968.38,17.02,2.98,80.0% of closes stayed inside the range | Range width 17.0% | Currently 3.0% through the range,,,15.53,12.75,-72.08,-69.65,,,,,,,,44.7405,30.8947,10.9263,65.0,0.082,85520.87,31.68,IT / Technology,8.0,0.0,0.0,0.0,7.0,15.0,0.5,,"Revenue contraction, Earnings contraction",0.0,15.0,,27.18,20.0,"Below 200 DMA, Revenue contraction, Earnings contraction",0.0,Avoid,"Weak but watchable RSI, 80.0% of closes stayed inside the range | Range width 17.0% | Currently 3.0% through the range"
OBEROIRLTY,Real Estate,Real Estate - Development,1640.03,-1.01,774.64,2324.19,111.72,29.44,28.74,1822.82,1824.6,766170.1,360307.0,0.47,Bearish,4.0,Oversold RSI,-13.07,1.53,-1.26,-2.35,1.61,8.27,-10.72,-0.08,-9.53,10.0,Positive 3M return,60.0,Lower Range Watch,65.95,1531.32,1891.98,23.55,30.14,80.0% of closes stayed inside the range | Range width 23.6% | Currently 30.1% through the range,,,49.49,42.66,-81.32,-81.07,,,,,,,,24.9018,16.8684,3.6517,45.0,0.324,65444.77,62.61,Cement / Realty,12.0,0.0,0.0,0.0,11.0,23.0,0.5,,"Revenue contraction, Earnings contraction",0.0,23.0,,18.39,23.0,"Below 200 DMA, Low volume participation, Revenue contraction, Earnings contraction",0.0,Avoid,"Oversold RSI, Positive 3M return, 80.0% of closes stayed inside the range | Range width 23.6% | Currently 30.1% through the range"
OFSS,Technology,Software - Infrastructure,8204.12,-1.09,2435.42,12262.5,236.87,33.1,40.11,8525.59,9040.45,116007.8,72342.0,0.62,Bearish,8.0,Weak but watchable RSI,-4.17,2.43,-4.35,-2.35,1.61,8.27,-1.82,0.82,-12.62,10.0,Positive 3M return,71.62,Neutral Range,66.27,7030.76,8768.15,24.71,67.54,80.0% of closes stayed inside the range | Range width 24.7% | Currently 67.5% through the range,,,44.74,34.66,-72.95,-73.02,,,,,,,,30.3951,25.7616,14.6798,5.59,0.496,101695.49,58.6,IT / Technology,12.0,0.0,0.0,0.0,9.0,21.0,0.5,,"Revenue contraction, Earnings contraction",5.0,26.0,Strong operating margin,27.18,20.0,"Below 200 DMA, Revenue contraction, Earnings contraction",0.0,Avoid,"Weak but watchable RSI, Positive 3M return, 80.0% of closes stayed inside the range | Range width 24.7% | Currently 67.5% through the range"
IOB,Financial Services,Banks - Regional,37.95,0.08,16.8,83.75,125.89,54.69,40.58,38.9,45.19,6668677.85,1973167.0,0.3,Bearish,13.0,"Weak but watchable RSI, Positive day move",-4.79,1.01,-23.32,-2.35,1.61,8.27,-2.44,-0.6,-31.59,10.0,Positive 3M return,83.52,Accumulation Zone,70.49,36.94,46.24,25.17,10.88,80.0% of closes stayed inside the range | Range width 25.2% | Currently 10.9% through the range,3.56,0.29,,27.87,-74.38,-65.29,121.94,,,23402.96,40408.49,,,11.4712,37.6,1.6756,,0.253,65164.3,0.0,Banking,6.0,0.0,2.0,0.0,10.0,18.0,0.57,,"Revenue contraction, Earnings contraction",-5.0,13.0,Weak ROE for a leveraged-balance-sheet business,30.82,23.0,"Below 200 DMA, Low volume participation, Revenue contraction, Earnings contraction",0.0,Avoid,"Weak but watchable RSI, Positive day move, Positive 3M return, 80.0% of closes stayed inside the range | Range width 25.2% | Currently 10.9% through the range"
INDHOTEL,Consumer Cyclical,Lodging,741.6,-0.44,259.95,888.32,185.29,16.52,45.52,754.17,767.07,2829220.0,1798426.0,0.64,Bearish,12.0,RSI recovering,-1.47,-6.82,-0.88,-2.35,1.61,8.27,0.88,-8.43,-9.15,0.0,,93.86,Accumulation Zone,71.77,729.36,813.45,11.53,14.55,80.0% of closes stayed inside the range | Range width 11.5% | Currently 14.5% through the range,,,21.23,14.52,-74.62,-84.46,,,,,,,,48.0744,38.7458,7.8957,45.0,-0.154,103056.49,63.01,Consumer Discretionary,10.0,0.0,0.0,0.0,7.0,17.0,0.5,,"Revenue contraction, Earnings contraction",0.0,17.0,,30.8,20.0,"Below 200 DMA, Revenue contraction, Earnings contraction",0.0,Avoid,"RSI recovering, 80.0% of closes stayed inside the range | Range width 11.5% | Currently 14.5% through the range"
CONCOR,Industrials,Railroads,574.86,-1.17,471.37,1141.62,21.96,49.65,36.21,598.98,632.03,1161694.55,1292143.0,1.11,Bearish,18.0,"Weak but watchable RSI, Near 52W low zone, Normal volume support",-1.72,6.21,-0.09,-2.35,1.61,8.27,0.63,4.6,-8.36,10.0,Positive 3M return,80.23,Neutral Range,69.59,515.33,610.01,18.37,62.87,80.8% of closes stayed inside the range | Range width 18.4% | Currently 62.9% through the range,,,12.59,12.38,-75.77,-79.34,,,,,,,,31.2607,21.9481,3.0133,1.25,0.228,38998.65,39.47,Capital Goods / Infra,8.0,0.0,0.0,0.0,10.0,18.0,0.5,,"Revenue contraction, Earnings contraction",0.0,18.0,,28.74,20.0,"Below 200 DMA, Revenue contraction, Earnings contraction",0.0,Avoid,"Weak but watchable RSI, Near 52W low zone, Normal volume support, Positive 3M return, 80.8% of closes stayed inside the range | Range width 18.4% | Currently 62.9% through the range"
MOTHERSON,Consumer Cyclical,Auto Parts,98.44,-3.58,40.29,143.08,144.31,31.2,44.8,101.1,99.33,14280351.7,16070296.0,1.13,Bearish,13.0,"Weak but watchable RSI, Normal volume support",-2.97,7.07,7.92,-2.35,1.61,8.27,-0.62,5.46,-0.35,20.0,"Positive 3M return, Positive 6M return",57.89,Profit Booking Zone,69.25,81.66,102.36,25.36,81.06,80.0% of closes stayed inside the range | Range width 25.4% | Currently 81.1% through the range,,,4.1,1.71,-73.39,-86.54,,,,,,,,40.7452,24.4622,4.356,30.0,1.034,178504.36,43.82,Automobile,0.0,0.0,0.0,0.0,9.0,9.0,0.5,,"Revenue contraction, Earnings contraction",0.0,9.0,,30.8,20.0,"Below 200 DMA, Revenue contraction, Earnings contraction",0.0,Avoid,"Weak but watchable RSI, Normal volume support, Positive 3M return, Positive 6M return, 80.0% of closes stayed inside the range | Range width 25.4% | Currently 81.1% through the range"
SBICARD,Financial Services,Credit Services,811.86,-0.82,643.76,1023.66,26.11,20.69,24.11,926.5,816.96,1148765.65,740562.0,0.64,Bearish,4.0,Oversold RSI,-10.78,-9.91,7.65,-2.35,1.61,8.27,-8.43,-11.52,-0.62,10.0,Positive 6M return,83.52,Accumulation Zone,71.54,830.3,966.69,16.43,0.0,80.0% of closes stayed inside the range | Range width 16.4% | Currently 0.0% through the range,,,,13.78,-71.72,-70.99,,,,,,,,27.1772,18.3719,3.9751,38.0,0.246,62484.85,24.65,Financial Services,5.0,0.0,0.0,0.0,11.0,16.0,0.43,,"Revenue contraction, Earnings contraction",0.0,16.0,,30.82,32.0,"Below 200 DMA, Extreme RSI weakness, Revenue contraction, Earnings contraction, Limited fundamental data coverage",0.0,Avoid,"Oversold RSI, Positive 6M return, 80.0% of closes stayed inside the range | Range width 16.4% | Currently 0.0% through the range"
GAIL,Utilities,Utilities - Regulated Gas,174.11,-1.32,72.05,228.83,141.63,23.91,40.17,181.77,176.99,11184569.35,8784760.0,0.79,Bearish,8.0,Weak but watchable RSI,-5.34,-5.55,12.8,-2.35,1.61,8.27,-2.99,-7.16,4.53,10.0,Positive 6M return,84.21,Neutral Range,66.2,154.0,185.88,20.7,63.06,80.0% of closes stayed inside the range | Range width 20.7% | Currently 63.1% through the range,,,7.58,6.71,-75.12,-80.97,,,,,,,,11.6689,9.7283,1.3128,3.14,0.515,117003.53,18.75,Energy / Utilities,3.0,0.0,0.0,0.0,15.0,18.0,0.5,,"Revenue contraction, Earnings contraction",0.0,18.0,,27.85,20.0,"Below 200 DMA, Revenue contraction, Earnings contraction",0.0,Avoid,"Weak but watchable RSI, Positive 6M return, 80.0% of closes stayed inside the range | Range width 20.7% | Currently 63.1% through the range"
HSCL,Basic Materials,Specialty Chemicals,478.25,-1.56,79.72,686.9,499.91,30.38,41.9,485.31,495.33,1971283.55,644579.0,0.33,Bearish,8.0,Weak but watchable RSI,-3.05,8.76,3.87,-2.35,1.61,8.27,-0.7,7.15,-4.4,20.0,"Positive 3M return, Positive 6M return",70.69,Neutral Range,66.52,412.54,509.27,23.45,67.93,80.0% of closes stayed inside the range | Range width 23.4% | Currently 67.9% through the range,,,19.73,16.25,-75.69,-67.3,,,,,,,,47.3835,37.0097,8.1727,11.0,0.264,38468.74,36.82,Chemicals,10.0,0.0,0.0,0.0,7.0,17.0,0.5,,"Revenue contraction, Earnings contraction",0.0,17.0,,38.56,23.0,"Below 200 DMA, Low volume participation, Revenue contraction, Earnings contraction",0.0,Avoid,"Weak but watchable RSI, Positive 3M return, Positive 6M return, 80.0% of closes stayed inside the range | Range width 23.4% | Currently 67.9% through the range"
SONACOMS,Consumer Cyclical,Auto Parts,458.47,-1.96,376.41,758.97,21.8,39.59,43.18,488.72,539.39,4850067.9,2852842.0,0.59,Bearish,13.0,"Weak but watchable RSI, Near 52W low zone",-2.62,-9.0,-6.61,-2.35,1.61,8.27,-0.27,-10.61,-14.88,0.0,,93.86,Accumulation Zone,71.9,451.12,528.26,17.1,9.54,80.0% of closes stayed inside the range | Range width 17.1% | Currently 9.5% through the range,,,16.23,14.6,-74.98,-79.26,,,,,,,,71.4476,47.8131,8.3617,45.0,0.449,50164.83,49.92,Automobile,8.0,0.0,0.0,0.0,5.0,13.0,0.5,,"Revenue contraction, Earnings contraction",0.0,13.0,,30.8,20.0,"Below 200 DMA, Revenue contraction, Earnings contraction",0.0,Avoid,"Weak but watchable RSI, Near 52W low zone, 80.0% of closes stayed inside the range | Range width 17.1% | Currently 9.5% through the range"
COLPAL,Consumer Defensive,Household & Personal Products,2187.38,1.0,1327.04,3733.22,64.83,41.41,29.86,2349.92,2560.68,724774.75,875237.0,1.21,Bearish,14.0,"Oversold RSI, Normal volume support, Positive day move",-8.11,-13.72,-15.6,-2.35,1.61,8.27,-5.76,-15.33,-23.87,0.0,,97.92,Accumulation Zone,74.5,2311.43,2558.74,10.7,0.0,80.0% of closes stayed inside the range | Range width 10.7% | Currently 0.0% through the range,,,29.21,22.57,-76.32,-77.69,,,,,,,,40.4887,34.0636,34.4253,2.39,0.522,54533.12,68.93,FMCG / Consumer,12.0,0.0,0.0,0.0,7.0,19.0,0.5,,"Revenue contraction, Earnings contraction",0.0,19.0,,33.07,20.0,"Below 200 DMA, Revenue contraction, Earnings contraction",0.0,Avoid,"Oversold RSI, Normal volume support, Positive day move, 80.0% of closes stayed inside the range | Range width 10.7% | Currently 0.0% through the range"
BHARATFORG,Consumer Cyclical,Auto Parts,1183.65,-2.61,660.33,1777.61,79.25,33.41,39.38,1256.38,1223.61,812458.9,1273567.0,1.57,Bearish,18.0,"Weak but watchable RSI, Volume expansion",-8.94,6.66,-1.17,-2.35,1.61,8.27,-6.59,5.05,-9.44,10.0,Positive 3M return,77.19,Neutral Range,67.04,1044.87,1287.5,23.22,57.2,80.0% of closes stayed inside the range | Range width 23.2% | Currently 57.2% through the range,,,11.43,7.26,-73.1,-69.86,,,,,,,,140.9275,43.1994,10.3879,41.0,0.54,99514.15,53.26,Automobile,6.0,0.0,0.0,0.0,5.0,11.0,0.5,,"Revenue contraction, Earnings contraction, Very high PE",0.0,11.0,,30.8,20.0,"Below 200 DMA, Revenue contraction, Earnings contraction",0.0,Avoid,"Weak but watchable RSI, Volume expansion, Positive 3M return, 80.0% of closes stayed inside the range | Range width 23.2% | Currently 57.2% through the range"
CGPOWER,Industrials,Electrical Equipment & Parts,658.9,0.2,209.52,871.04,214.48,24.36,42.68,678.86,671.64,2912082.0,2373174.0,0.81,Bearish,13.0,"Weak but watchable RSI, Positive day move",-0.86,3.98,15.08,-2.35,1.61,8.27,1.49,2.37,6.81,20.0,"Positive 3M return, Positive 6M return",63.95,Neutral Range,68.82,581.64,689.78,18.59,71.44,80.0% of closes stayed inside the range | Range width 18.6% | Currently 71.4% through the range,,,11.73,9.35,-70.68,-72.38,,,,,,,,111.9798,63.7634,17.5463,15.0,0.42,139899.97,30.72,Capital Goods / Infra,6.0,0.0,0.0,0.0,5.0,11.0,0.5,,"Revenue contraction, Earnings contraction, Very high PE",0.0,11.0,,28.74,20.0,"Below 200 DMA, Revenue contraction, Earnings contraction",0.0,Avoid,"Weak but watchable RSI, Positive day move, Positive 3M return, Positive 6M return, 80.0% of closes stayed inside the range | Range width 18.6% | Currently 71.4% through the range"
SIEMENS,Industrials,Specialty Industrial Machinery,3056.38,0.11,1540.11,4732.24,98.45,35.41,39.99,3212.29,3433.95,426144.05,310945.0,0.73,Bearish,13.0,"Weak but watchable RSI, Positive day move",-6.58,4.06,-7.63,-2.35,1.61,8.27,-4.23,2.45,-15.9,10.0,Positive 3M return,80.23,Neutral Range,65.96,2825.58,3288.91,16.4,49.81,80.0% of closes stayed inside the range | Range width 16.4% | Currently 49.8% through the range,,,10.36,9.73,7.88,-27.34,,,,,,,,84.7533,59.3557,10.3412,45.0,0.57,143124.83,28.2,Capital Goods / Infra,6.0,2.0,0.0,0.0,5.0,13.0,0.5,,"Earnings contraction, Very high PE",0.0,13.0,,28.74,15.0,"Below 200 DMA, Earnings contraction",0.0,Avoid,"Weak but watchable RSI, Positive day move, Positive 3M return, 80.0% of closes stayed inside the range | Range width 16.4% | Currently 49.8% through the range"
CHOLAFIN,Financial Services,Credit Services,1477.0,-0.45,654.07,1682.38,125.82,12.21,34.87,1569.7,1422.25,1902178.5,738799.0,0.39,Bearish,23.0,"Above 200 DMA, Weak but watchable RSI",-4.88,-4.69,19.2,-2.35,1.61,8.27,-2.53,-6.3,10.93,10.0,Positive 6M return,83.52,Lower Range Watch,69.61,1384.25,1624.96,17.39,38.53,80.0% of closes stayed inside the range | Range width 17.4% | Currently 38.5% through the range,,,,29.29,-71.03,-73.31,,,,,,,,28.3753,19.5308,5.3643,7.0,0.477,163765.54,99.93,Financial Services,6.0,0.0,0.0,0.0,11.0,17.0,0.43,,"Revenue contraction, Earnings contraction",-4.0,13.0,Expensive relative to book value for this sector,30.82,19.0,"Low volume participation, Revenue contraction, Earnings contraction, Limited fundamental data coverage",0.0,Avoid,"Above 200 DMA, Weak but watchable RSI, Positive 6M return, 80.0% of closes stayed inside the range | Range width 17.4% | Currently 38.5% through the range"
COALINDIA,Energy,Thermal Coal,350.27,-0.98,153.6,476.32,128.03,26.46,41.11,360.42,363.19,4490102.75,5107774.0,1.14,Bearish,13.0,"Weak but watchable RSI, Normal volume support",-1.81,-1.48,4.01,-2.35,1.61,8.27,0.54,-3.09,-4.26,10.0,Positive 6M return,85.71,Lower Range Watch,68.96,338.96,369.31,8.95,37.26,80.0% of closes stayed inside the range | Range width 9.0% | Currently 37.3% through the range,,,23.95,20.5,-74.19,-75.22,,,,,,,,8.1631,7.2265,2.1177,5.09,-0.04,252240.46,74.76,Metals / Mining,11.0,0.0,0.0,0.0,15.0,26.0,0.5,,"Revenue contraction, Earnings contraction",0.0,26.0,,28.27,20.0,"Below 200 DMA, Revenue contraction, Earnings contraction",0.0,Avoid,"Weak but watchable RSI, Normal volume support, Positive 6M return, 80.0% of closes stayed inside the range | Range width 9.0% | Currently 37.3% through the range"
BAJAJHFL,Financial Services,Mortgage Finance,115.0,-0.79,103.1,188.5,11.54,38.99,32.2,121.62,123.4,5189339.35,4077130.0,0.79,Bearish,13.0,"Weak but watchable RSI, Near 52W low zone",-5.23,-6.18,3.45,-2.35,1.61,8.27,-2.88,-7.79,-4.82,10.0,Positive 6M return,83.52,Accumulation Zone,72.27,113.38,125.11,10.35,13.84,80.0% of closes stayed inside the range | Range width 10.4% | Currently 13.8% through the range,,,29.37,22.71,-72.02,-73.03,,,,,,,,26.405,19.4619,3.1343,,,70593.74,99.29,Financial Services,12.0,0.0,0.0,0.0,9.0,21.0,0.43,,"Revenue contraction, Earnings contraction",0.0,21.0,,30.82,24.0,"Below 200 DMA, Revenue contraction, Earnings contraction, Limited fundamental data coverage",0.0,Avoid,"Weak but watchable RSI, Near 52W low zone, Positive 6M return, 80.0% of closes stayed inside the range | Range width 10.4% | Currently 13.8% through the range"
BAJAJ-AUTO,Consumer Cyclical,Auto Manufacturers,7931.87,-1.03,3203.99,12285.36,147.56,35.44,39.44,8243.33,8364.65,266994.3,222804.0,0.83,Bearish,8.0,Weak but watchable RSI,-3.75,4.13,-1.8,-2.35,1.61,8.27,-1.4,2.52,-10.07,10.0,Positive 3M return,77.19,Neutral Range,66.25,7284.76,8400.14,15.31,58.02,80.0% of closes stayed inside the range | Range width 15.3% | Currently 58.0% through the range,,,21.16,17.48,-74.33,-69.82,,,,,,,,27.8148,24.7664,8.4212,1.28,0.633,321520.48,34.19,Automobile,10.0,0.0,0.0,0.0,8.0,18.0,0.5,,"Revenue contraction, Earnings contraction",0.0,18.0,,30.8,20.0,"Below 200 DMA, Revenue contraction, Earnings contraction",0.0,Avoid,"Weak but watchable RSI, Positive 3M return, 80.0% of closes stayed inside the range | Range width 15.3% | Currently 58.0% through the range"
TECHM,Technology,Information Technology Services,1411.36,0.65,859.95,1712.37,64.12,17.58,28.99,1530.05,1524.54,2091978.1,1299448.0,0.62,Bearish,9.0,"Oversold RSI, Positive day move",-11.16,-0.31,-9.61,-2.35,1.61,8.27,-8.81,-1.92,-17.88,0.0,,91.89,Lower Range Watch,67.07,1322.43,1595.33,20.64,32.59,80.0% of closes stayed inside the range | Range width 20.6% | Currently 32.6% through the range,,,11.06,8.54,-74.8,-73.17,,,,,,,,28.4091,18.707,4.8593,3.1,0.162,143950.49,35.76,IT / Technology,6.0,0.0,0.0,0.0,11.0,17.0,0.5,,"Revenue contraction, Earnings contraction",0.0,17.0,,27.18,20.0,"Below 200 DMA, Revenue contraction, Earnings contraction",0.0,Avoid,"Oversold RSI, Positive day move, 80.0% of closes stayed inside the range | Range width 20.6% | Currently 32.6% through the range"
TATATECH,Technology,Information Technology Services,698.62,0.28,578.84,1344.53,20.69,48.04,46.59,716.87,772.6,1267602.15,625725.0,0.49,Bearish,22.0,"RSI recovering, Near 52W low zone, Positive day move",0.52,8.18,-4.45,-2.35,1.61,8.27,2.87,6.57,-12.72,18.0,"Positive 1M return, Positive 3M return",58.11,Neutral Range,69.08,629.36,744.33,18.27,60.24,80.0% of closes stayed inside the range | Range width 18.3% | Currently 60.2% through the range,,,13.57,13.68,-75.93,-74.85,,,,,,,,62.8902,35.9162,8.7138,97.0,0.833,34193.62,24.55,IT / Technology,8.0,0.0,0.0,0.0,5.0,13.0,0.5,,"Revenue contraction, Earnings contraction",0.0,13.0,,27.18,23.0,"Below 200 DMA, Low volume participation, Revenue contraction, Earnings contraction",0.0,Avoid,"RSI recovering, Near 52W low zone, Positive day move, Positive 1M return, Positive 3M return, 80.0% of closes stayed inside the range | Range width 18.3% | Currently 60.2% through the range"
AXISBANK,Financial Services,Banks - Regional,1072.47,0.86,705.29,1337.47,52.06,19.81,25.83,1174.43,1116.11,9409327.55,8247433.0,0.88,Bearish,9.0,"Oversold RSI, Positive day move",-8.6,-8.44,9.19,-2.35,1.61,8.27,-6.25,-10.05,0.92,10.0,Positive 6M return,83.52,Lower Range Watch,67.39,1009.46,1213.25,20.19,30.92,80.0% of closes stayed inside the range | Range width 20.2% | Currently 30.9% through the range,3.22,0.38,,28.17,-73.82,-77.74,113.47,,,102448.05,219991.64,,,13.8498,9.7233,1.7142,8.0,0.416,382872.22,0.0,Banking,6.0,0.0,2.0,0.0,15.0,23.0,0.64,,"Revenue contraction, Earnings contraction",-5.0,18.0,Weak ROE for a leveraged-balance-sheet business,30.82,20.0,"Below 200 DMA, Revenue contraction, Earnings contraction",0.0,Avoid,"Oversold RSI, Positive day move, Positive 6M return, 80.0% of closes stayed inside the range | Range width 20.2% | Currently 30.9% through the range"
ASTRAL,Industrials,Building Products & Equipment,1424.6,0.8,1227.05,2438.47,16.1,41.58,38.31,1493.01,1518.49,587975.35,639913.0,1.09,Bearish,23.0,"Weak but watchable RSI, Near 52W low zone, Normal volume support, Positive day move",-4.25,6.7,-2.75,-2.35,1.61,8.27,-1.9,5.09,-11.02,10.0,Positive 3M return,80.23,Neutral Range,69.49,1281.11,1514.38,18.21,61.51,80.0% of closes stayed inside the range | Range width 18.2% | Currently 61.5% through the range,,,8.3,5.96,-76.61,-84.52,,,,,,,,73.3834,43.7432,9.6923,28.0,0.166,39330.39,39.36,Capital Goods / Infra,0.0,0.0,0.0,0.0,5.0,5.0,0.5,,"Revenue contraction, Earnings contraction",0.0,5.0,,28.74,20.0,"Below 200 DMA, Revenue contraction, Earnings contraction",0.0,Avoid,"Weak but watchable RSI, Near 52W low zone, Normal volume support, Positive day move, Positive 3M return, 80.0% of closes stayed inside the range | Range width 18.2% | Currently 61.5% through the range"
TORNTPOWER,Utilities,Utilities - Independent Power Producers,1318.23,0.88,393.65,1980.17,234.87,33.43,36.01,1385.52,1462.84,303322.7,439272.0,1.45,Bearish,23.0,"Weak but watchable RSI, Volume expansion, Positive day move",-9.04,-9.25,-7.51,-2.35,1.61,8.27,-6.69,-10.86,-15.78,0.0,,100.0,Accumulation Zone,72.08,1268.85,1512.23,19.18,20.29,80.0% of closes stayed inside the range | Range width 19.2% | Currently 20.3% through the range,,,13.82,9.25,-72.59,-75.52,,,,,,,,28.818,21.9958,3.4843,1.5,0.655,66464.88,26.63,Energy / Utilities,6.0,0.0,0.0,0.0,10.0,16.0,0.5,,"Revenue contraction, Earnings contraction",0.0,16.0,,27.85,20.0,"Below 200 DMA, Revenue contraction, Earnings contraction",0.0,Avoid,"Weak but watchable RSI, Volume expansion, Positive day move, 80.0% of closes stayed inside the range | Range width 19.2% | Currently 20.3% through the range"
TRENT,Consumer Cyclical,Apparel Retail,5036.06,0.84,1150.98,8327.88,337.55,39.53,31.07,5596.75,5925.18,1226033.45,640920.0,0.52,Bearish,13.0,"Weak but watchable RSI, Positive day move",-18.95,-6.03,-7.49,-2.35,1.61,8.27,-16.6,-7.64,-15.76,0.0,,93.86,Accumulation Zone,72.59,4986.49,5768.84,15.69,6.34,80.0% of closes stayed inside the range | Range width 15.7% | Currently 6.3% through the range,,,11.36,8.8,-71.06,-72.22,,,,,,,,88.5037,58.9539,22.8036,13.0,0.384,159276.48,43.01,Consumer Discretionary,6.0,0.0,0.0,0.0,5.0,11.0,0.5,,"Revenue contraction, Earnings contraction, Very high PE",0.0,11.0,,30.8,20.0,"Below 200 DMA, Revenue contraction, Earnings contraction",0.0,Avoid,"Weak but watchable RSI, Positive day move, 80.0% of closes stayed inside the range | Range width 15.7% | Currently 6.3% through the range"
AEGISLOG,Energy,Oil & Gas Refining & Marketing,718.92,-0.32,235.58,1020.67,205.17,29.56,36.83,764.94,770.2,289095.95,127210.0,0.44,Bearish,8.0,Weak but watchable RSI,-2.28,-7.78,12.18,-2.35,1.61,8.27,0.07,-9.39,3.91,10.0,Positive 6M return,85.71,Accumulation Zone,73.39,729.11,799.89,9.71,0.0,80.0% of closes stayed inside the range | Range width 9.7% | Currently 0.0% through the range,,,11.53,7.64,-73.83,-80.2,,,,,,,,36.3676,33.7418,7.3301,1.03,0.55,44383.95,26.48,Energy / Utilities,6.0,0.0,0.0,0.0,6.0,12.0,0.5,,"Revenue contraction, Earnings contraction",0.0,12.0,,28.27,23.0,"Below 200 DMA, Low volume participation, Revenue contraction, Earnings contraction",0.0,Avoid,"Weak but watchable RSI, Positive 6M return, 80.0% of closes stayed inside the range | Range width 9.7% | Currently 0.0% through the range"
TIINDIA,Industrials,Conglomerates,2851.43,-0.46,2024.31,4798.42,40.86,40.58,42.12,2961.79,3195.94,282708.05,725196.0,2.57,Bearish,23.0,"Weak but watchable RSI, Strong volume expansion",-4.62,-4.5,-8.91,-2.35,1.61,8.27,-2.27,-6.11,-17.18,0.0,,95.93,Neutral Range,68.88,2590.3,3049.17,17.71,56.91,80.0% of closes stayed inside the range | Range width 17.7% | Currently 56.9% through the range,,,7.62,3.85,-72.66,-70.48,,,,,,,,86.5549,37.3799,7.089,16.0,-0.3,54955.18,31.7,Capital Goods / Infra,0.0,0.0,0.0,0.0,5.0,5.0,0.5,,"Revenue contraction, Earnings contraction, Very high PE",0.0,5.0,,28.74,20.0,"Below 200 DMA, Revenue contraction, Earnings contraction",0.0,Avoid,"Weak but watchable RSI, Strong volume expansion, 80.0% of closes stayed inside the range | Range width 17.7% | Currently 56.9% through the range"
UNITDSPR,Consumer Defensive,Beverages - Wineries & Distilleries,1292.11,-0.62,709.87,1664.74,82.02,22.38,30.39,1418.92,1436.86,1023471.7,541385.0,0.53,Bearish,8.0,Weak but watchable RSI,-4.89,-15.61,-5.55,-2.35,1.61,8.27,-2.54,-17.22,-13.82,0.0,,97.92,Accumulation Zone,72.14,1301.19,1535.77,18.03,0.0,80.0% of closes stayed inside the range | Range width 18.0% | Currently 0.0% through the range,,,13.77,16.36,-77.87,-73.64,,,,,,,,64.3606,50.7888,12.1739,1.1,0.148,108993.5,46.86,FMCG / Consumer,8.0,0.0,0.0,0.0,4.0,12.0,0.5,,"Revenue contraction, Earnings contraction",0.0,12.0,,33.07,20.0,"Below 200 DMA, Revenue contraction, Earnings contraction",0.0,Avoid,"Weak but watchable RSI, 80.0% of closes stayed inside the range | Range width 18.0% | Currently 0.0% through the range"
UBL,Consumer Defensive,Beverages - Brewers,1927.68,-1.22,1324.03,2271.75,45.59,15.15,40.37,1975.12,1983.79,172964.3,111442.0,0.64,Bearish,8.0,Weak but watchable RSI,0.61,-8.43,-3.89,-2.35,1.61,8.27,2.96,-10.04,-12.16,8.0,Positive 1M return,91.67,Accumulation Zone,71.3,1901.16,2111.88,11.08,12.59,80.0% of closes stayed inside the range | Range width 11.1% | Currently 12.6% through the range,,,8.66,6.42,-67.87,-58.37,,,,,,,,92.6769,49.7287,8.1161,71.0,-0.03,36707.37,42.07,FMCG / Consumer,3.0,0.0,0.0,0.0,5.0,8.0,0.5,,"Revenue contraction, Earnings contraction, Very high PE",0.0,8.0,,33.07,20.0,"Below 200 DMA, Revenue contraction, Earnings contraction",0.0,Avoid,"Weak but watchable RSI, Positive 1M return, 80.0% of closes stayed inside the range | Range width 11.1% | Currently 12.6% through the range"
APLAPOLLO,Basic Materials,Steel,1560.85,3.39,928.18,1929.27,68.16,19.1,35.25,1756.02,1582.48,815310.05,1212306.0,1.49,Bearish,28.0,"Weak but watchable RSI, Volume expansion, Strong positive day move",-10.15,-3.21,5.21,-2.35,1.61,8.27,-7.8,-4.82,-3.06,10.0,Positive 6M return,89.66,Lower Range Watch,69.36,1414.74,1827.21,29.16,35.42,80.0% of closes stayed inside the range | Range width 29.2% | Currently 35.4% through the range,,,6.35,4.74,-74.98,-68.67,,,,,,,,45.1016,31.4255,10.471,29.0,0.301,55451.16,15.61,Metals / Mining,0.0,0.0,0.0,0.0,7.0,7.0,0.5,,"Revenue contraction, Earnings contraction",0.0,7.0,,38.56,20.0,"Below 200 DMA, Revenue contraction, Earnings contraction",0.0,Avoid,"Weak but watchable RSI, Volume expansion, Strong positive day move, Positive 6M return, 80.0% of closes stayed inside the range | Range width 29.2% | Currently 35.4% through the range"
