symbol,sector,industry,current_price,day_change_pct,low_52w,high_52w,distance_from_low_pct,distance_from_high_pct,rsi,sma50,sma200,avg_volume_20d,latest_volume,volume_ratio,trend,technical_score,technical_reasons,return_1m,return_3m,return_6m,nifty_return_1m,nifty_return_3m,nifty_return_6m,return_vs_nifty_1m,return_vs_nifty_3m,return_vs_nifty_6m,relative_strength_score,relative_strength_reasons,sector_rank_pct,range_status,range_score,range_low,range_high,range_width_pct,range_position_pct,range_reasons,roe,roa,operating_margin,net_profit_margin,revenue_growth,earnings_growth,debt_to_equity,current_ratio,quick_ratio,total_cash_cr,total_debt_cr,operating_cashflow_cr,free_cashflow_cr,trailing_pe,forward_pe,price_to_book,dividend_yield,beta,market_cap_cr,gross_margin,sector_bucket,profitability_score,growth_score,balance_sheet_score,cashflow_score,valuation_score,fundamental_score,fundamental_data_coverage,fundamental_reasons,fundamental_risk_reasons,sector_adjustment,sector_adjusted_fundamental_score,sector_adjustment_reasons,sector_score,risk_penalty,risk_reasons,final_score,score_band,reasons
EICHERMOT,Consumer Cyclical,Auto Manufacturers,6973.97,0.87,2710.4,7048.69,157.3,1.06,77.05,6057.16,5366.05,615335.45,679362.0,1.1,Bullish,57.0,"Above 50 DMA, Above 200 DMA, Strong but overbought RSI, Near 52W high momentum, Normal volume support, Positive day move",15.47,26.2,32.11,0.93,-3.38,4.97,14.54,29.58,27.14,100.0,"Strong 1M absolute return, Strong 3M absolute return, Strong 6M absolute return, 1M Nifty outperformance, 3M Nifty outperformance, 6M Nifty outperformance, Positive across 1M/3M/6M",2.5,Profit Booking Zone,80.77,5226.69,6746.5,29.08,100.0,80.0% of closes stayed inside the range | Range width 29.1% | Currently 100.0% through the range,,,20.32,24.37,-73.32,-74.54,,,,,,,,38.2557,29.6311,8.7966,1.03,0.226,220962.51,42.31,Automobile,11.0,0.0,0.0,0.0,6.0,17.0,0.5,,"Revenue contraction, Earnings contraction",0.0,17.0,,30.97,12.0,"Revenue contraction, Earnings contraction",37.85,Weak,"Above 50 DMA, Above 200 DMA, Strong but overbought RSI, Near 52W high momentum, Normal volume support, Positive day move, Strong 1M absolute return, Strong 3M absolute return, Strong 6M absolute return, 1M Nifty outperformance, 3M Nifty outperformance, 6M Nifty outperformance, Positive across 1M/3M/6M, 80.0% of closes stayed inside the range | Range width 29.1% | Currently 100.0% through the range"
NAM-INDIA,Financial Services,Asset Management,838.01,-0.3,177.32,869.34,372.6,3.6,61.14,807.94,685.72,682196.95,1479352.0,2.17,Bullish,75.0,"Above 50 DMA, Above 200 DMA, Healthy RSI momentum, Near 52W high momentum, Strong volume expansion",9.07,8.33,47.03,0.93,-3.38,4.97,8.14,11.71,42.06,88.0,"Positive 1M return, Positive 3M return, Strong 6M absolute return, 1M Nifty outperformance, 3M Nifty outperformance, 6M Nifty outperformance, Positive across 1M/3M/6M",4.89,Profit Booking Zone,83.69,614.43,828.35,34.82,100.0,80.0% of closes stayed inside the range | Range width 34.8% | Currently 100.0% through the range,,,62.59,65.3,-72.81,-69.21,,,,,,,,46.7312,35.4773,16.1928,1.84,0.634,75633.87,83.17,Financial Services,12.0,0.0,0.0,0.0,6.0,18.0,0.5,,"Revenue contraction, Earnings contraction",-4.0,14.0,Expensive relative to book value for this sector,27.64,12.0,"Revenue contraction, Earnings contraction",37.8,Weak,"Above 50 DMA, Above 200 DMA, Healthy RSI momentum, Near 52W high momentum, Strong volume expansion, Positive 1M return, Positive 3M return, Strong 6M absolute return, 1M Nifty outperformance, 3M Nifty outperformance, 6M Nifty outperformance, Positive across 1M/3M/6M, 80.0% of closes stayed inside the range | Range width 34.8% | Currently 100.0% through the range"
HEROMOTOCO,Consumer Cyclical,Auto Manufacturers,5150.38,-0.49,2004.26,5802.49,156.97,11.24,59.03,4749.86,4071.57,660665.1,689941.0,1.04,Bullish,65.0,"Above 50 DMA, Above 200 DMA, Healthy RSI momentum, Near 52W high momentum, Normal volume support",4.72,27.65,48.34,0.93,-3.38,4.97,3.79,31.03,43.37,88.0,"Positive 1M return, Strong 3M absolute return, Strong 6M absolute return, 3M Nifty outperformance, 6M Nifty outperformance, Positive across 1M/3M/6M",12.5,Profit Booking Zone,80.62,3650.01,5152.41,41.16,99.86,80.0% of closes stayed inside the range | Range width 41.2% | Currently 99.9% through the range,,,12.41,17.53,-76.11,-61.05,,,,,,,,21.5516,18.1039,5.458,3.15,0.468,117983.24,31.65,Automobile,8.0,0.0,0.0,0.0,11.0,19.0,0.5,,"Revenue contraction, Earnings contraction",0.0,19.0,,30.97,12.0,"Revenue contraction, Earnings contraction",37.55,Weak,"Above 50 DMA, Above 200 DMA, Healthy RSI momentum, Near 52W high momentum, Normal volume support, Positive 1M return, Strong 3M absolute return, Strong 6M absolute return, 3M Nifty outperformance, 6M Nifty outperformance, Positive across 1M/3M/6M, 80.0% of closes stayed inside the range | Range width 41.2% | Currently 99.9% through the range"
HYUNDAI,Consumer Cyclical,Auto Manufacturers,2614.23,-3.57,1512.47,2862.66,72.85,8.68,56.62,2356.77,1923.99,815490.15,725805.0,0.89,Bullish,60.0,"Above 50 DMA, Above 200 DMA, Healthy RSI momentum, Near 52W high momentum",7.27,20.05,55.95,0.93,-3.38,4.97,6.34,23.43,50.98,98.0,"Positive 1M return, Strong 3M absolute return, Strong 6M absolute return, 1M Nifty outperformance, 3M Nifty outperformance, 6M Nifty outperformance, Positive across 1M/3M/6M",5.83,Profit Booking Zone,78.08,1670.07,2526.26,51.27,100.0,80.0% of closes stayed inside the range | Range width 51.3% | Currently 100.0% through the range,,,10.24,8.46,-76.19,-75.72,,,,,,,,36.0999,24.5077,9.0955,95.0,,182009.21,28.22,Automobile,6.0,0.0,0.0,0.0,7.0,13.0,0.5,,"Revenue contraction, Earnings contraction",0.0,13.0,,30.97,12.0,"Revenue contraction, Earnings contraction",36.7,Weak,"Above 50 DMA, Above 200 DMA, Healthy RSI momentum, Near 52W high momentum, Positive 1M return, Strong 3M absolute return, Strong 6M absolute return, 1M Nifty outperformance, 3M Nifty outperformance, 6M Nifty outperformance, Positive across 1M/3M/6M, 80.0% of closes stayed inside the range | Range width 51.3% | Currently 100.0% through the range"
GVT&D,Industrials,Specialty Industrial Machinery,2906.7,-1.63,98.25,3147.0,2858.39,7.64,54.34,2752.26,2067.59,335360.05,378858.0,1.13,Bullish,65.0,"Above 50 DMA, Above 200 DMA, Healthy RSI momentum, Near 52W high momentum, Normal volume support",4.59,23.33,89.09,0.93,-3.38,4.97,3.66,26.71,84.12,88.0,"Positive 1M return, Strong 3M absolute return, Strong 6M absolute return, 3M Nifty outperformance, 6M Nifty outperformance, Positive across 1M/3M/6M",4.65,Profit Booking Zone,73.73,1517.08,2840.2,87.21,100.0,80.0% of closes stayed inside the range | Range width 87.2% | Currently 100.0% through the range,,,28.3,21.89,-69.01,-52.13,,,,,,,,86.6909,56.6679,41.9339,23.0,0.634,112826.91,43.57,Capital Goods / Infra,12.0,0.0,0.0,0.0,5.0,17.0,0.5,,"Revenue contraction, Earnings contraction, Very high PE",0.0,17.0,,25.43,12.0,"Revenue contraction, Earnings contraction",36.01,Weak,"Above 50 DMA, Above 200 DMA, Healthy RSI momentum, Near 52W high momentum, Normal volume support, Positive 1M return, Strong 3M absolute return, Strong 6M absolute return, 3M Nifty outperformance, 6M Nifty outperformance, Positive across 1M/3M/6M, 80.0% of closes stayed inside the range | Range width 87.2% | Currently 100.0% through the range"
NLCINDIA,Utilities,Utilities - Regulated Electric,275.6,-0.01,60.45,301.85,355.91,8.69,75.98,239.02,229.78,3933953.15,9028792.0,2.3,Bullish,62.0,"Above 50 DMA, Above 200 DMA, Strong but overbought RSI, Near 52W high momentum, Strong volume expansion",24.88,22.11,16.23,0.93,-3.38,4.97,23.95,25.49,11.26,80.0,"Strong 1M absolute return, Strong 3M absolute return, Positive 6M return, 1M Nifty outperformance, 3M Nifty outperformance, Positive across 1M/3M/6M",10.0,Breakout Watch,84.58,220.83,244.43,10.69,100.0,80.0% of closes stayed inside the range | Range width 10.7% | Currently 100.0% through the range | Above upper band on elevated volume,,,10.34,20.85,-74.97,-69.57,,,,,,,,12.0326,10.25,1.7827,2.52,,38375.17,80.32,Energy / Utilities,9.0,0.0,0.0,0.0,15.0,24.0,0.5,,"Revenue contraction, Earnings contraction",0.0,24.0,,26.05,12.0,"Revenue contraction, Earnings contraction",35.81,Weak,"Above 50 DMA, Above 200 DMA, Strong but overbought RSI, Near 52W high momentum, Strong volume expansion, Strong 1M absolute return, Strong 3M absolute return, Positive 6M return, 1M Nifty outperformance, 3M Nifty outperformance, Positive across 1M/3M/6M, 80.0% of closes stayed inside the range | Range width 10.7% | Currently 100.0% through the range | Above upper band on elevated volume"
MARUTI,Consumer Cyclical,Auto Manufacturers,16124.07,0.1,7763.06,16271.58,107.7,0.91,82.46,13888.09,12354.94,546376.75,490957.0,0.9,Bullish,52.0,"Above 50 DMA, Above 200 DMA, Strong but overbought RSI, Near 52W high momentum, Positive day move",10.11,32.76,40.29,0.93,-3.38,4.97,9.18,36.14,35.32,100.0,"Strong 1M absolute return, Strong 3M absolute return, Strong 6M absolute return, 1M Nifty outperformance, 3M Nifty outperformance, 6M Nifty outperformance, Positive across 1M/3M/6M",2.5,Profit Booking Zone,79.57,11610.57,15106.98,30.11,100.0,80.0% of closes stayed inside the range | Range width 30.1% | Currently 100.0% through the range,,,8.07,9.98,-74.24,-73.85,,,,,,,,30.423,22.9458,4.071,100.0,0.239,436233.54,26.35,Automobile,3.0,0.0,0.0,0.0,11.0,14.0,0.5,,"Revenue contraction, Earnings contraction",0.0,14.0,,30.97,12.0,"Revenue contraction, Earnings contraction",35.55,Weak,"Above 50 DMA, Above 200 DMA, Strong but overbought RSI, Near 52W high momentum, Positive day move, Strong 1M absolute return, Strong 3M absolute return, Strong 6M absolute return, 1M Nifty outperformance, 3M Nifty outperformance, 6M Nifty outperformance, Positive across 1M/3M/6M, 80.0% of closes stayed inside the range | Range width 30.1% | Currently 100.0% through the range"
CANBK,Financial Services,Banks - Regional,114.31,-2.77,36.32,120.57,214.71,5.19,60.08,107.27,96.79,21724979.2,25531804.0,1.18,Bullish,65.0,"Above 50 DMA, Above 200 DMA, Healthy RSI momentum, Near 52W high momentum, Normal volume support",13.72,3.4,40.2,0.93,-3.38,4.97,12.79,6.78,35.23,80.0,"Strong 1M absolute return, Positive 3M return, Strong 6M absolute return, 1M Nifty outperformance, 6M Nifty outperformance, Positive across 1M/3M/6M",8.15,Profit Booking Zone,83.41,90.32,110.84,22.71,100.0,80.0% of closes stayed inside the range | Range width 22.7% | Currently 100.0% through the range,2.94,0.18,,16.43,-72.68,-81.78,110.16,,,205898.16,119668.92,,,5.9486,5.6696,1.0172,3.22,0.503,119732.59,0.0,Banking,5.0,0.0,5.0,0.0,15.0,25.0,0.64,Cash covers debt,"Revenue contraction, Earnings contraction",-5.0,20.0,Weak ROE for a leveraged-balance-sheet business,27.64,12.0,"Revenue contraction, Earnings contraction",35.4,Weak,"Above 50 DMA, Above 200 DMA, Healthy RSI momentum, Near 52W high momentum, Normal volume support, Cash covers debt, Strong 1M absolute return, Positive 3M return, Strong 6M absolute return, 1M Nifty outperformance, 6M Nifty outperformance, Positive across 1M/3M/6M, 80.0% of closes stayed inside the range | Range width 22.7% | Currently 100.0% through the range"
TATAINVEST,Financial Services,Asset Management,862.15,3.51,143.54,962.86,500.63,10.46,74.28,696.63,645.12,4858000.0,21267960.0,4.38,Bullish,72.0,"Above 50 DMA, Above 200 DMA, Strong but overbought RSI, Near 52W high momentum, Strong volume expansion, Strong positive day move",27.15,26.3,38.9,0.93,-3.38,4.97,26.22,29.68,33.93,100.0,"Strong 1M absolute return, Strong 3M absolute return, Strong 6M absolute return, 1M Nifty outperformance, 3M Nifty outperformance, 6M Nifty outperformance, Positive across 1M/3M/6M",1.09,Breakout Watch,85.93,605.26,700.31,15.7,100.0,80.0% of closes stayed inside the range | Range width 15.7% | Currently 100.0% through the range | Above upper band on elevated volume,,,,81.29,-56.0,-53.12,,,,,,,,79.7014,,1.1785,49.0,0.314,34437.69,99.99,Financial Services,6.0,0.0,0.0,0.0,6.0,12.0,0.43,,"Revenue contraction, Earnings contraction",0.0,12.0,,27.64,16.0,"Revenue contraction, Earnings contraction, Limited fundamental data coverage",35.35,Weak,"Above 50 DMA, Above 200 DMA, Strong but overbought RSI, Near 52W high momentum, Strong volume expansion, Strong positive day move, Strong 1M absolute return, Strong 3M absolute return, Strong 6M absolute return, 1M Nifty outperformance, 3M Nifty outperformance, 6M Nifty outperformance, Positive across 1M/3M/6M, 80.0% of closes stayed inside the range | Range width 15.7% | Currently 100.0% through the range | Above upper band on elevated volume"
POONAWALLA,Financial Services,Credit Services,485.25,-1.66,240.66,517.51,101.64,6.23,60.63,447.82,381.0,4991781.85,870181.0,0.17,Bullish,60.0,"Above 50 DMA, Above 200 DMA, Healthy RSI momentum, Near 52W high momentum",12.44,4.12,41.78,0.93,-3.38,4.97,11.51,7.5,36.81,80.0,"Strong 1M absolute return, Positive 3M return, Strong 6M absolute return, 1M Nifty outperformance, 6M Nifty outperformance, Positive across 1M/3M/6M",8.15,Profit Booking Zone,82.45,383.15,467.94,22.13,100.0,80.0% of closes stayed inside the range | Range width 22.1% | Currently 100.0% through the range,,,20.72,5.02,-68.8,163.66,,,,,,,,50.6911,19.7165,3.7798,,0.318,42391.77,99.87,Financial Services,5.0,10.0,0.0,0.0,7.0,22.0,0.43,,Revenue contraction,0.0,22.0,,27.64,12.0,"Low volume participation, Revenue contraction, Limited fundamental data coverage",34.85,Avoid,"Above 50 DMA, Above 200 DMA, Healthy RSI momentum, Near 52W high momentum, Strong 1M absolute return, Positive 3M return, Strong 6M absolute return, 1M Nifty outperformance, 6M Nifty outperformance, Positive across 1M/3M/6M, 80.0% of closes stayed inside the range | Range width 22.1% | Currently 100.0% through the range"
JSL,Basic Materials,Steel,788.17,0.6,115.54,841.14,582.17,6.3,59.2,736.67,663.92,704845.85,370954.0,0.53,Bullish,65.0,"Above 50 DMA, Above 200 DMA, Healthy RSI momentum, Near 52W high momentum, Positive day move",3.43,12.21,32.94,0.93,-3.38,4.97,2.5,15.59,27.97,78.0,"Positive 1M return, Positive 3M return, Strong 6M absolute return, 3M Nifty outperformance, 6M Nifty outperformance, Positive across 1M/3M/6M",12.93,Profit Booking Zone,81.58,569.51,768.42,34.93,100.0,80.0% of closes stayed inside the range | Range width 34.9% | Currently 100.0% through the range,,,10.36,7.0,-73.96,-71.49,,,,,,,,18.7427,14.2066,13.508,55.0,0.554,60799.26,21.99,Metals / Mining,6.0,0.0,0.0,0.0,11.0,17.0,0.5,,"Revenue contraction, Earnings contraction",0.0,17.0,,28.68,12.0,"Revenue contraction, Earnings contraction",34.0,Avoid,"Above 50 DMA, Above 200 DMA, Healthy RSI momentum, Near 52W high momentum, Positive day move, Positive 1M return, Positive 3M return, Strong 6M absolute return, 3M Nifty outperformance, 6M Nifty outperformance, Positive across 1M/3M/6M, 80.0% of closes stayed inside the range | Range width 34.9% | Currently 100.0% through the range"
HINDCOPPER,Basic Materials,Copper,311.47,-4.95,92.4,411.82,237.1,24.37,70.74,256.15,241.79,14320604.95,17213905.0,1.2,Bullish,42.0,"Above 50 DMA, Above 200 DMA, Strong but overbought RSI, Normal volume support",36.4,12.27,39.05,0.93,-3.38,4.97,35.47,15.65,34.08,95.0,"Strong 1M absolute return, Positive 3M return, Strong 6M absolute return, 1M Nifty outperformance, 3M Nifty outperformance, 6M Nifty outperformance, Positive across 1M/3M/6M",7.76,Profit Booking Zone,77.25,211.72,278.63,31.6,100.0,80.0% of closes stayed inside the range | Range width 31.6% | Currently 100.0% through the range,,,33.06,26.0,-75.07,-71.14,,,,,,,,45.4523,27.1139,15.8616,46.0,,52963.9,91.1,Metals / Mining,12.0,0.0,0.0,0.0,7.0,19.0,0.5,,"Revenue contraction, Earnings contraction",0.0,19.0,,28.68,12.0,"Revenue contraction, Earnings contraction",33.2,Avoid,"Above 50 DMA, Above 200 DMA, Strong but overbought RSI, Normal volume support, Strong 1M absolute return, Positive 3M return, Strong 6M absolute return, 1M Nifty outperformance, 3M Nifty outperformance, 6M Nifty outperformance, Positive across 1M/3M/6M, 80.0% of closes stayed inside the range | Range width 31.6% | Currently 100.0% through the range"
JSWSTEEL,Basic Materials,Steel,1124.34,-1.54,601.78,1161.23,86.83,3.18,63.68,1063.27,998.34,1455445.05,2999892.0,2.06,Bullish,75.0,"Above 50 DMA, Above 200 DMA, Healthy RSI momentum, Near 52W high momentum, Strong volume expansion",10.15,11.11,7.33,0.93,-3.38,4.97,9.22,14.49,2.36,70.0,"Strong 1M absolute return, Positive 3M return, Positive 6M return, 1M Nifty outperformance, 3M Nifty outperformance, Positive across 1M/3M/6M",15.52,Profit Booking Zone,86.99,970.1,1094.64,12.84,100.0,80.0% of closes stayed inside the range | Range width 12.8% | Currently 100.0% through the range,,,11.87,5.14,-74.51,-37.67,,,,,,,,12.6581,17.4188,3.096,55.0,0.627,309784.53,42.29,Metals / Mining,3.0,0.0,0.0,0.0,10.0,13.0,0.5,,"Revenue contraction, Earnings contraction",0.0,13.0,,28.68,12.0,"Revenue contraction, Earnings contraction",33.1,Avoid,"Above 50 DMA, Above 200 DMA, Healthy RSI momentum, Near 52W high momentum, Strong volume expansion, Strong 1M absolute return, Positive 3M return, Positive 6M return, 1M Nifty outperformance, 3M Nifty outperformance, Positive across 1M/3M/6M, 80.0% of closes stayed inside the range | Range width 12.8% | Currently 100.0% through the range"
LTF,Financial Services,Credit Services,233.88,-3.18,68.12,249.63,243.32,6.31,55.24,217.1,172.31,5385028.6,6695936.0,1.24,Bullish,65.0,"Above 50 DMA, Above 200 DMA, Healthy RSI momentum, Near 52W high momentum, Normal volume support",8.81,14.7,56.97,0.93,-3.38,4.97,7.88,18.08,52.0,88.0,"Positive 1M return, Positive 3M return, Strong 6M absolute return, 1M Nifty outperformance, 3M Nifty outperformance, 6M Nifty outperformance, Positive across 1M/3M/6M",4.89,Profit Booking Zone,80.42,162.12,231.23,42.62,100.0,80.0% of closes stayed inside the range | Range width 42.6% | Currently 100.0% through the range,,,,27.67,-73.79,-73.48,,,,,,,,25.0158,16.2301,2.83,87.0,0.64,79491.77,99.53,Financial Services,6.0,0.0,0.0,0.0,13.0,19.0,0.43,,"Revenue contraction, Earnings contraction",0.0,19.0,,27.64,16.0,"Revenue contraction, Earnings contraction, Limited fundamental data coverage",33.05,Avoid,"Above 50 DMA, Above 200 DMA, Healthy RSI momentum, Near 52W high momentum, Normal volume support, Positive 1M return, Positive 3M return, Strong 6M absolute return, 1M Nifty outperformance, 3M Nifty outperformance, 6M Nifty outperformance, Positive across 1M/3M/6M, 80.0% of closes stayed inside the range | Range width 42.6% | Currently 100.0% through the range"
INDIANB,Financial Services,Banks - Regional,691.62,-0.85,156.65,706.94,341.51,2.17,63.64,650.62,568.03,1365013.05,1277067.0,0.94,Bullish,60.0,"Above 50 DMA, Above 200 DMA, Healthy RSI momentum, Near 52W high momentum",8.15,9.78,33.47,0.93,-3.38,4.97,7.22,13.16,28.5,88.0,"Positive 1M return, Positive 3M return, Strong 6M absolute return, 1M Nifty outperformance, 3M Nifty outperformance, 6M Nifty outperformance, Positive across 1M/3M/6M",4.89,Profit Booking Zone,82.0,542.21,678.2,25.08,100.0,80.0% of closes stayed inside the range | Range width 25.1% | Currently 100.0% through the range,,,,25.35,-74.5,-79.79,,,,,,,,9.2255,8.1752,1.44,2.08,0.28,120822.67,0.0,Banking,6.0,0.0,0.0,0.0,15.0,21.0,0.43,,"Revenue contraction, Earnings contraction",0.0,21.0,,27.64,16.0,"Revenue contraction, Earnings contraction, Limited fundamental data coverage",32.5,Avoid,"Above 50 DMA, Above 200 DMA, Healthy RSI momentum, Near 52W high momentum, Positive 1M return, Positive 3M return, Strong 6M absolute return, 1M Nifty outperformance, 3M Nifty outperformance, 6M Nifty outperformance, Positive across 1M/3M/6M, 80.0% of closes stayed inside the range | Range width 25.1% | Currently 100.0% through the range"
SCHAEFFLER,Consumer Cyclical,Auto Parts,3959.42,-2.63,2474.05,4869.38,60.04,18.69,47.56,3979.42,3626.66,47231.8,24421.0,0.52,Bearish,27.0,"Above 200 DMA, RSI recovering",3.22,-1.37,14.87,0.93,-3.38,4.97,2.29,2.01,9.9,18.0,"Positive 1M return, Positive 6M return",71.67,Profit Booking Zone,71.22,3260.47,4167.62,27.82,77.05,80.0% of closes stayed inside the range | Range width 27.8% | Currently 77.0% through the range,5.28,3.93,14.85,12.2,8.19,14.1,1.01,2.55,1.67,664.4,54.99,,,51.4953,40.9915,10.512,84.0,0.118,64487.76,38.41,Automobile,8.0,10.0,20.0,0.0,7.0,45.0,0.86,Cash covers debt,,2.0,47.0,General low-debt support,30.97,0.0,,32.35,Avoid,"Above 200 DMA, RSI recovering, Cash covers debt, Positive 1M return, Positive 6M return, 80.0% of closes stayed inside the range | Range width 27.8% | Currently 77.0% through the range"
POLYCAB,Industrials,Electrical Equipment & Parts,7287.92,-1.15,2262.97,7677.57,222.05,5.08,52.13,7066.16,6240.57,240154.95,244407.0,1.02,Bullish,65.0,"Above 50 DMA, Above 200 DMA, Healthy RSI momentum, Near 52W high momentum, Normal volume support",3.26,11.78,42.96,0.93,-3.38,4.97,2.33,15.16,37.99,78.0,"Positive 1M return, Positive 3M return, Strong 6M absolute return, 3M Nifty outperformance, 6M Nifty outperformance, Positive across 1M/3M/6M",8.72,Profit Booking Zone,81.98,5455.39,7216.21,32.28,100.0,80.0% of closes stayed inside the range | Range width 32.3% | Currently 100.0% through the range,,,13.07,10.03,-73.19,-70.69,,,,,,,,48.941,36.4857,11.5631,52.0,0.636,139924.9,24.48,Capital Goods / Infra,6.0,0.0,0.0,0.0,7.0,13.0,0.5,,"Revenue contraction, Earnings contraction",0.0,13.0,,25.43,12.0,"Revenue contraction, Earnings contraction",32.11,Avoid,"Above 50 DMA, Above 200 DMA, Healthy RSI momentum, Near 52W high momentum, Normal volume support, Positive 1M return, Positive 3M return, Strong 6M absolute return, 3M Nifty outperformance, 6M Nifty outperformance, Positive across 1M/3M/6M, 80.0% of closes stayed inside the range | Range width 32.3% | Currently 100.0% through the range"
ADANIPOWER,Utilities,Utilities - Independent Power Producers,146.25,-1.85,26.48,182.7,452.3,19.95,59.25,124.02,110.86,88561494.3,65042463.0,0.73,Bullish,50.0,"Above 50 DMA, Above 200 DMA, Healthy RSI momentum",21.74,24.84,46.88,0.93,-3.38,4.97,20.81,28.22,41.91,100.0,"Strong 1M absolute return, Strong 3M absolute return, Strong 6M absolute return, 1M Nifty outperformance, 3M Nifty outperformance, 6M Nifty outperformance, Positive across 1M/3M/6M",5.0,Profit Booking Zone,81.01,107.29,126.32,17.74,100.0,80.0% of closes stayed inside the range | Range width 17.7% | Currently 100.0% through the range,,,32.58,23.99,-74.86,-73.84,,,,,,,,27.9716,26.0646,6.1471,,0.475,399173.9,43.48,Energy / Utilities,12.0,0.0,0.0,0.0,7.0,19.0,0.43,,"Revenue contraction, Earnings contraction",0.0,19.0,,26.05,16.0,"Revenue contraction, Earnings contraction, Limited fundamental data coverage",32.06,Avoid,"Above 50 DMA, Above 200 DMA, Healthy RSI momentum, Strong 1M absolute return, Strong 3M absolute return, Strong 6M absolute return, 1M Nifty outperformance, 3M Nifty outperformance, 6M Nifty outperformance, Positive across 1M/3M/6M, 80.0% of closes stayed inside the range | Range width 17.7% | Currently 100.0% through the range"
CUMMINSIND,Industrials,Specialty Industrial Machinery,3897.4,-0.74,1088.43,4115.69,258.08,5.3,50.8,3764.08,3185.79,373478.25,245108.0,0.66,Bullish,60.0,"Above 50 DMA, Above 200 DMA, Healthy RSI momentum, Near 52W high momentum",3.17,17.22,32.61,0.93,-3.38,4.97,2.24,20.6,27.64,78.0,"Positive 1M return, Positive 3M return, Strong 6M absolute return, 3M Nifty outperformance, 6M Nifty outperformance, Positive across 1M/3M/6M",8.72,Profit Booking Zone,79.44,2815.5,3927.52,39.5,97.29,80.0% of closes stayed inside the range | Range width 39.5% | Currently 97.3% through the range,,,20.13,21.12,-72.03,-69.8,,,,,,,,62.7339,45.4491,17.5475,1.23,0.546,148717.8,35.46,Capital Goods / Infra,11.0,0.0,0.0,0.0,4.0,15.0,0.5,,"Revenue contraction, Earnings contraction",0.0,15.0,,25.43,12.0,"Revenue contraction, Earnings contraction",31.56,Avoid,"Above 50 DMA, Above 200 DMA, Healthy RSI momentum, Near 52W high momentum, Positive 1M return, Positive 3M return, Strong 6M absolute return, 3M Nifty outperformance, 6M Nifty outperformance, Positive across 1M/3M/6M, 80.0% of closes stayed inside the range | Range width 39.5% | Currently 97.3% through the range"
NMDC,Basic Materials,Steel,72.78,-1.82,24.26,87.7,200.03,17.01,52.62,70.21,65.4,22976973.0,24363080.0,1.06,Bullish,55.0,"Above 50 DMA, Above 200 DMA, Healthy RSI momentum, Normal volume support",9.0,8.63,12.23,0.93,-3.38,4.97,8.07,12.01,7.26,63.0,"Positive 1M return, Positive 3M return, Positive 6M return, 1M Nifty outperformance, 3M Nifty outperformance, Positive across 1M/3M/6M",18.1,Profit Booking Zone,82.26,62.72,72.81,16.07,99.72,80.0% of closes stayed inside the range | Range width 16.1% | Currently 99.7% through the range,,,35.17,29.2,-71.81,-69.92,,,,,,,,10.094,8.3816,2.2131,4.1,0.643,75521.71,45.64,Metals / Mining,12.0,0.0,0.0,0.0,15.0,27.0,0.5,,"Revenue contraction, Earnings contraction",0.0,27.0,,28.68,12.0,"Revenue contraction, Earnings contraction",31.25,Avoid,"Above 50 DMA, Above 200 DMA, Healthy RSI momentum, Normal volume support, Positive 1M return, Positive 3M return, Positive 6M return, 1M Nifty outperformance, 3M Nifty outperformance, Positive across 1M/3M/6M, 80.0% of closes stayed inside the range | Range width 16.1% | Currently 99.7% through the range"
MUTHOOTFIN,Financial Services,Credit Services,2994.98,-1.03,861.43,3074.8,247.67,2.6,63.63,2736.93,2360.72,541536.9,456328.0,0.84,Bullish,60.0,"Above 50 DMA, Above 200 DMA, Healthy RSI momentum, Near 52W high momentum",14.5,15.11,32.15,0.93,-3.38,4.97,13.57,18.49,27.18,95.0,"Strong 1M absolute return, Positive 3M return, Strong 6M absolute return, 1M Nifty outperformance, 3M Nifty outperformance, 6M Nifty outperformance, Positive across 1M/3M/6M",2.17,Profit Booking Zone,79.98,2077.26,2879.09,38.6,100.0,80.0% of closes stayed inside the range | Range width 38.6% | Currently 100.0% through the range,6.64,1.36,,49.05,-68.02,-62.19,373.81,,,11656.41,113470.37,,,10.2879,9.0103,2.951,1.03,0.529,115474.38,100.0,Financial Services,6.0,0.0,0.0,0.0,14.0,20.0,0.64,,"Revenue contraction, Earnings contraction, Very high debt",1.0,21.0,"High leverage is structural for this sector, Weak ROE for a leveraged-balance-sheet business",27.64,20.0,"Very high debt, Revenue contraction, Earnings contraction",30.25,Avoid,"Above 50 DMA, Above 200 DMA, Healthy RSI momentum, Near 52W high momentum, Strong 1M absolute return, Positive 3M return, Strong 6M absolute return, 1M Nifty outperformance, 3M Nifty outperformance, 6M Nifty outperformance, Positive across 1M/3M/6M, 80.0% of closes stayed inside the range | Range width 38.6% | Currently 100.0% through the range"
VEDL,Basic Materials,Other Industrial Metals & Mining,440.59,-2.97,163.09,483.26,170.16,8.83,52.4,426.38,416.11,10042362.6,10271939.0,1.02,Bullish,65.0,"Above 50 DMA, Above 200 DMA, Healthy RSI momentum, Near 52W high momentum, Normal volume support",6.49,0.78,1.65,0.93,-3.38,4.97,5.56,4.16,-3.32,48.0,"Positive 1M return, Positive 3M return, Positive 6M return, 1M Nifty outperformance, Positive across 1M/3M/6M",31.03,Profit Booking Zone,84.66,385.63,440.64,14.27,99.91,80.0% of closes stayed inside the range | Range width 14.3% | Currently 99.9% through the range,,,20.34,20.5,-74.78,-78.75,,,,,,,,12.0753,8.5779,2.169,12.36,0.363,107694.43,53.91,Metals / Mining,11.0,0.0,0.0,0.0,15.0,26.0,0.5,,"Revenue contraction, Earnings contraction",0.0,26.0,,28.68,12.0,"Revenue contraction, Earnings contraction",29.65,Avoid,"Above 50 DMA, Above 200 DMA, Healthy RSI momentum, Near 52W high momentum, Normal volume support, Positive 1M return, Positive 3M return, Positive 6M return, 1M Nifty outperformance, Positive across 1M/3M/6M, 80.0% of closes stayed inside the range | Range width 14.3% | Currently 99.9% through the range"
ANANDRATHI,Financial Services,Asset Management,1427.78,-0.27,155.16,1539.19,820.22,7.24,45.83,1396.39,1065.3,224600.0,190148.0,0.85,Bullish,42.0,"Above 50 DMA, Above 200 DMA, RSI recovering",2.61,32.74,56.66,0.93,-3.38,4.97,1.68,36.12,51.69,88.0,"Positive 1M return, Strong 3M absolute return, Strong 6M absolute return, 3M Nifty outperformance, 6M Nifty outperformance, Positive across 1M/3M/6M",4.89,Profit Booking Zone,70.78,866.41,1462.9,68.85,94.11,80.0% of closes stayed inside the range | Range width 68.8% | Currently 94.1% through the range,,,43.83,34.17,-70.82,-68.77,,,,,,,,78.1228,65.0423,36.4135,32.0,0.337,36346.43,57.81,Financial Services,12.0,0.0,0.0,0.0,5.0,17.0,0.5,,"Revenue contraction, Earnings contraction",-4.0,13.0,Expensive relative to book value for this sector,27.64,12.0,"Revenue contraction, Earnings contraction",29.2,Avoid,"Above 50 DMA, Above 200 DMA, RSI recovering, Positive 1M return, Strong 3M absolute return, Strong 6M absolute return, 3M Nifty outperformance, 6M Nifty outperformance, Positive across 1M/3M/6M, 80.0% of closes stayed inside the range | Range width 68.8% | Currently 94.1% through the range"
KEI,Industrials,Electrical Equipment & Parts,4044.51,-2.61,1330.3,5029.01,204.03,19.58,49.77,3963.59,3688.17,243467.1,277563.0,1.14,Bullish,47.0,"Above 50 DMA, Above 200 DMA, RSI recovering, Normal volume support",6.26,6.77,43.59,0.93,-3.38,4.97,5.33,10.15,38.62,88.0,"Positive 1M return, Positive 3M return, Strong 6M absolute return, 1M Nifty outperformance, 3M Nifty outperformance, 6M Nifty outperformance, Positive across 1M/3M/6M",4.65,Profit Booking Zone,77.21,2994.41,4074.74,36.08,97.2,80.0% of closes stayed inside the range | Range width 36.1% | Currently 97.2% through the range,,,9.19,7.56,-73.39,-71.89,,,,,,,,55.0991,39.2189,8.2533,8.0,0.529,55008.58,23.88,Capital Goods / Infra,3.0,0.0,0.0,0.0,7.0,10.0,0.5,,"Revenue contraction, Earnings contraction",0.0,10.0,,25.43,12.0,"Revenue contraction, Earnings contraction",29.06,Avoid,"Above 50 DMA, Above 200 DMA, RSI recovering, Normal volume support, Positive 1M return, Positive 3M return, Strong 6M absolute return, 1M Nifty outperformance, 3M Nifty outperformance, 6M Nifty outperformance, Positive across 1M/3M/6M, 80.0% of closes stayed inside the range | Range width 36.1% | Currently 97.2% through the range"
ALKEM,Healthcare,Drug Manufacturers - Specialty & Generic,5379.92,-1.36,2739.33,6316.6,96.4,14.83,53.74,5186.94,5015.07,177298.1,181521.0,1.02,Bullish,65.0,"Above 50 DMA, Above 200 DMA, Healthy RSI momentum, Near 52W high momentum, Normal volume support",2.44,10.18,8.77,0.93,-3.38,4.97,1.51,13.56,3.8,53.0,"Positive 1M return, Positive 3M return, Positive 6M return, 3M Nifty outperformance, Positive across 1M/3M/6M",19.79,Profit Booking Zone,84.92,4766.16,5369.43,12.66,100.0,80.0% of closes stayed inside the range | Range width 12.7% | Currently 100.0% through the range,,,19.32,19.7,-73.67,-69.33,,,,,,,,28.4883,24.2259,4.741,36.0,0.295,65521.62,64.12,Pharma / Healthcare,11.0,0.0,0.0,0.0,11.0,22.0,0.5,,"Revenue contraction, Earnings contraction",0.0,22.0,,22.86,12.0,"Revenue contraction, Earnings contraction",28.63,Avoid,"Above 50 DMA, Above 200 DMA, Healthy RSI momentum, Near 52W high momentum, Normal volume support, Positive 1M return, Positive 3M return, Positive 6M return, 3M Nifty outperformance, Positive across 1M/3M/6M, 80.0% of closes stayed inside the range | Range width 12.7% | Currently 100.0% through the range"
RBLBANK,Financial Services,Banks - Regional,271.65,-1.13,95.02,296.89,185.89,8.5,56.49,262.07,205.34,9946007.3,8484898.0,0.85,Bullish,60.0,"Above 50 DMA, Above 200 DMA, Healthy RSI momentum, Near 52W high momentum",4.71,10.0,52.76,0.93,-3.38,4.97,3.78,13.38,47.79,78.0,"Positive 1M return, Positive 3M return, Strong 6M absolute return, 3M Nifty outperformance, 6M Nifty outperformance, Positive across 1M/3M/6M",10.87,Profit Booking Zone,80.04,194.71,269.04,38.17,100.0,80.0% of closes stayed inside the range | Range width 38.2% | Currently 100.0% through the range,,,,8.39,-75.48,-70.13,,,,,,,,32.1617,19.5915,1.4386,33.0,0.642,60423.22,0.0,Banking,3.0,0.0,0.0,0.0,13.0,16.0,0.43,,"Revenue contraction, Earnings contraction",0.0,16.0,,27.64,16.0,"Revenue contraction, Earnings contraction, Limited fundamental data coverage",28.25,Avoid,"Above 50 DMA, Above 200 DMA, Healthy RSI momentum, Near 52W high momentum, Positive 1M return, Positive 3M return, Strong 6M absolute return, 3M Nifty outperformance, 6M Nifty outperformance, Positive across 1M/3M/6M, 80.0% of closes stayed inside the range | Range width 38.2% | Currently 100.0% through the range"
HEXT,Technology,Information Technology Services,646.57,-2.57,569.49,876.24,13.54,26.21,33.81,733.78,,1474055.05,1474682.0,1.0,Bearish,18.0,"Weak but watchable RSI, Near 52W low zone, Normal volume support",-12.36,-21.92,-7.1,0.93,-3.38,4.97,-13.29,-18.54,-12.07,0.0,,87.84,Accumulation Zone,73.04,663.25,835.83,26.02,0.0,80.0% of closes stayed inside the range | Range width 26.0% | Currently 0.0% through the range,6.55,4.09,13.4,11.65,1.65,16.11,10.03,1.69,,1908.6,581.9,467.2,423.2,25.995,20.3095,5.151,2.52,,34572.16,40.67,IT / Technology,6.0,8.0,16.0,17.0,11.0,58.0,0.93,Cash covers debt,,0.0,58.0,,22.19,0.0,,28.13,Avoid,"Weak but watchable RSI, Near 52W low zone, Normal volume support, Cash covers debt, 80.0% of closes stayed inside the range | Range width 26.0% | Currently 0.0% through the range"
M&M,Consumer Cyclical,Auto Manufacturers,3361.2,-3.78,1083.49,3685.1,210.22,8.79,43.62,3332.63,3007.81,2747614.65,3046760.0,1.11,Bullish,43.0,"Above 50 DMA, Above 200 DMA, Weak but watchable RSI, Normal volume support",6.16,7.56,24.85,0.93,-3.38,4.97,5.23,10.94,19.88,78.0,"Positive 1M return, Positive 3M return, Positive 6M return, 1M Nifty outperformance, 3M Nifty outperformance, 6M Nifty outperformance, Positive across 1M/3M/6M",21.67,Profit Booking Zone,76.0,2855.61,3524.29,23.42,75.61,80.8% of closes stayed inside the range | Range width 23.4% | Currently 75.6% through the range,,,14.9,8.99,-70.81,-68.42,,,,,,,,21.0528,21.6049,4.0858,95.0,0.291,408691.44,38.59,Automobile,6.0,0.0,0.0,0.0,8.0,14.0,0.5,,"Revenue contraction, Earnings contraction",0.0,14.0,,30.97,12.0,"Revenue contraction, Earnings contraction",27.8,Avoid,"Above 50 DMA, Above 200 DMA, Weak but watchable RSI, Normal volume support, Positive 1M return, Positive 3M return, Positive 6M return, 1M Nifty outperformance, 3M Nifty outperformance, 6M Nifty outperformance, Positive across 1M/3M/6M, 80.8% of closes stayed inside the range | Range width 23.4% | Currently 75.6% through the range"
FORTIS,Healthcare,Medical Care Facilities,931.76,-1.25,243.7,982.16,282.33,5.13,46.3,910.6,740.24,1290144.6,1580604.0,1.23,Bullish,47.0,"Above 50 DMA, Above 200 DMA, RSI recovering, Normal volume support",2.33,17.54,44.63,0.93,-3.38,4.97,1.4,20.92,39.66,78.0,"Positive 1M return, Positive 3M return, Strong 6M absolute return, 3M Nifty outperformance, 6M Nifty outperformance, Positive across 1M/3M/6M",3.12,Profit Booking Zone,75.41,664.56,953.2,43.43,92.57,80.0% of closes stayed inside the range | Range width 43.4% | Currently 92.6% through the range,,,17.96,12.01,-71.95,-66.38,,,,,,,,67.5676,39.5602,6.8663,11.0,0.665,67946.23,59.39,Pharma / Healthcare,8.0,0.0,0.0,0.0,5.0,13.0,0.5,,"Revenue contraction, Earnings contraction",0.0,13.0,,22.86,12.0,"Revenue contraction, Earnings contraction",27.23,Avoid,"Above 50 DMA, Above 200 DMA, RSI recovering, Normal volume support, Positive 1M return, Positive 3M return, Strong 6M absolute return, 3M Nifty outperformance, 6M Nifty outperformance, Positive across 1M/3M/6M, 80.0% of closes stayed inside the range | Range width 43.4% | Currently 92.6% through the range"
HINDALCO,Basic Materials,Aluminum,739.99,-0.24,350.03,765.11,111.4,3.28,58.3,707.03,648.94,3954116.8,3636265.0,0.92,Bullish,60.0,"Above 50 DMA, Above 200 DMA, Healthy RSI momentum, Near 52W high momentum",5.67,8.15,8.39,0.93,-3.38,4.97,4.74,11.53,3.42,53.0,"Positive 1M return, Positive 3M return, Positive 6M return, 3M Nifty outperformance, Positive across 1M/3M/6M",27.59,Profit Booking Zone,82.73,614.77,739.11,20.23,100.0,80.0% of closes stayed inside the range | Range width 20.2% | Currently 100.0% through the range,,,9.33,6.23,-72.9,-74.98,,,,,,,,14.2245,9.717,1.7528,48.0,0.925,239409.43,31.31,Metals / Mining,3.0,0.0,0.0,0.0,15.0,18.0,0.5,,"Revenue contraction, Earnings contraction",0.0,18.0,,28.68,12.0,"Revenue contraction, Earnings contraction",26.85,Avoid,"Above 50 DMA, Above 200 DMA, Healthy RSI momentum, Near 52W high momentum, Positive 1M return, Positive 3M return, Positive 6M return, 3M Nifty outperformance, Positive across 1M/3M/6M, 80.0% of closes stayed inside the range | Range width 20.2% | Currently 100.0% through the range"
HINDPETRO,Energy,Oil & Gas Refining & Marketing,397.42,-0.3,115.53,419.28,243.99,5.21,68.95,377.92,355.88,2861659.9,5579737.0,1.95,Bullish,70.0,"Above 50 DMA, Above 200 DMA, Healthy RSI momentum, Near 52W high momentum, Volume expansion",12.33,-1.08,23.14,0.93,-3.38,4.97,11.4,2.3,18.17,50.0,"Strong 1M absolute return, Positive 6M return, 1M Nifty outperformance, 6M Nifty outperformance",20.0,Profit Booking Zone,85.13,355.45,399.96,12.52,94.29,80.0% of closes stayed inside the range | Range width 12.5% | Currently 94.3% through the range,,,9.7,3.73,-74.47,-38.97,,,,,,,,49.6183,6.9656,1.2661,6.2,0.912,82985.08,6.47,Energy / Utilities,0.0,0.0,0.0,0.0,11.0,11.0,0.5,,"Revenue contraction, Earnings contraction",0.0,11.0,,30.9,12.0,"Revenue contraction, Earnings contraction",26.48,Avoid,"Above 50 DMA, Above 200 DMA, Healthy RSI momentum, Near 52W high momentum, Volume expansion, Strong 1M absolute return, Positive 6M return, 1M Nifty outperformance, 6M Nifty outperformance, 80.0% of closes stayed inside the range | Range width 12.5% | Currently 94.3% through the range"
LT,Industrials,Engineering & Construction,3693.43,2.34,1730.13,3888.89,113.48,5.03,64.17,3558.33,3453.29,1642929.35,5870301.0,3.57,Bullish,85.0,"Above 50 DMA, Above 200 DMA, Healthy RSI momentum, Near 52W high momentum, Strong volume expansion, Strong positive day move",3.57,1.63,9.27,0.93,-3.38,4.97,2.64,5.01,4.3,38.0,"Positive 1M return, Positive 3M return, Positive 6M return, Positive across 1M/3M/6M",31.4,Profit Booking Zone,89.18,3238.82,3634.7,12.22,100.0,80.0% of closes stayed inside the range | Range width 12.2% | Currently 100.0% through the range,,,8.3,5.68,-74.95,-75.94,,,,,,,,33.4443,22.303,5.06,94.0,0.508,553098.2,37.43,Capital Goods / Infra,0.0,0.0,0.0,0.0,11.0,11.0,0.5,,"Revenue contraction, Earnings contraction",0.0,11.0,,25.43,12.0,"Revenue contraction, Earnings contraction",26.41,Avoid,"Above 50 DMA, Above 200 DMA, Healthy RSI momentum, Near 52W high momentum, Strong volume expansion, Strong positive day move, Positive 1M return, Positive 3M return, Positive 6M return, Positive across 1M/3M/6M, 80.0% of closes stayed inside the range | Range width 12.2% | Currently 100.0% through the range"
ASTERDM,Healthcare,Medical Care Facilities,622.37,-2.72,151.5,670.94,310.8,7.24,50.13,608.25,530.08,885301.7,733548.0,0.83,Bullish,60.0,"Above 50 DMA, Above 200 DMA, Healthy RSI momentum, Near 52W high momentum",4.0,5.05,42.21,0.93,-3.38,4.97,3.07,8.43,37.24,63.0,"Positive 1M return, Positive 3M return, Strong 6M absolute return, 6M Nifty outperformance, Positive across 1M/3M/6M",10.42,Profit Booking Zone,81.24,505.53,629.4,24.5,94.33,80.0% of closes stayed inside the range | Range width 24.5% | Currently 94.3% through the range,,,13.37,7.93,-73.95,-98.41,,,,,,,,138.9178,42.5242,9.3243,47.0,-0.059,72170.12,58.62,Pharma / Healthcare,6.0,0.0,0.0,0.0,5.0,11.0,0.5,,"Revenue contraction, Earnings contraction, Very high PE",0.0,11.0,,22.86,12.0,"Revenue contraction, Earnings contraction",26.03,Avoid,"Above 50 DMA, Above 200 DMA, Healthy RSI momentum, Near 52W high momentum, Positive 1M return, Positive 3M return, Strong 6M absolute return, 6M Nifty outperformance, Positive across 1M/3M/6M, 80.0% of closes stayed inside the range | Range width 24.5% | Currently 94.3% through the range"
YESBANK,Financial Services,Banks - Regional,20.97,-1.78,14.4,32.85,45.62,36.16,58.59,19.84,19.22,93274401.65,85479445.0,0.92,Bullish,50.0,"Above 50 DMA, Above 200 DMA, Healthy RSI momentum",9.79,3.1,23.64,0.93,-3.38,4.97,8.86,6.48,18.67,63.0,"Positive 1M return, Positive 3M return, Positive 6M return, 1M Nifty outperformance, 6M Nifty outperformance, Positive across 1M/3M/6M",16.3,Profit Booking Zone,81.15,17.98,21.15,17.6,94.31,80.8% of closes stayed inside the range | Range width 17.6% | Currently 94.3% through the range,1.66,0.2,,19.28,-75.08,-66.95,138.05,,,24555.4,67234.86,,,19.15,12.6515,1.4297,,0.485,72129.13,0.0,Banking,6.0,0.0,2.0,0.0,13.0,21.0,0.57,,"Revenue contraction, Earnings contraction",-5.0,16.0,Weak ROE for a leveraged-balance-sheet business,27.64,12.0,"Revenue contraction, Earnings contraction",26.0,Avoid,"Above 50 DMA, Above 200 DMA, Healthy RSI momentum, Positive 1M return, Positive 3M return, Positive 6M return, 1M Nifty outperformance, 6M Nifty outperformance, Positive across 1M/3M/6M, 80.8% of closes stayed inside the range | Range width 17.6% | Currently 94.3% through the range"
JSWINFRA,Industrials,Marine Shipping,321.68,-4.61,141.18,358.36,127.85,10.24,52.29,310.56,295.72,2274349.4,1739109.0,0.76,Bullish,60.0,"Above 50 DMA, Above 200 DMA, Healthy RSI momentum, Near 52W high momentum",9.0,3.31,2.37,0.93,-3.38,4.97,8.07,6.69,-2.6,48.0,"Positive 1M return, Positive 3M return, Positive 6M return, 1M Nifty outperformance, Positive across 1M/3M/6M",25.0,Profit Booking Zone,84.22,286.64,316.11,10.28,100.0,80.0% of closes stayed inside the range | Range width 10.3% | Currently 100.0% through the range,,,35.76,31.43,-72.63,-74.41,,,,,,,,48.9548,30.9322,6.6442,26.0,0.554,80243.51,52.82,Capital Goods / Infra,12.0,0.0,0.0,0.0,7.0,19.0,0.5,,"Revenue contraction, Earnings contraction",0.0,19.0,,25.43,12.0,"Revenue contraction, Earnings contraction",25.46,Avoid,"Above 50 DMA, Above 200 DMA, Healthy RSI momentum, Near 52W high momentum, Positive 1M return, Positive 3M return, Positive 6M return, 1M Nifty outperformance, Positive across 1M/3M/6M, 80.0% of closes stayed inside the range | Range width 10.3% | Currently 100.0% through the range"
SBIN,Financial Services,Banks - Regional,841.78,-0.49,463.91,878.22,81.45,4.15,63.76,806.38,768.01,7959786.5,6959545.0,0.87,Bullish,60.0,"Above 50 DMA, Above 200 DMA, Healthy RSI momentum, Near 52W high momentum",6.79,4.46,14.42,0.93,-3.38,4.97,5.86,7.84,9.45,48.0,"Positive 1M return, Positive 3M return, Positive 6M return, 1M Nifty outperformance, Positive across 1M/3M/6M",23.91,Profit Booking Zone,84.71,760.61,814.28,7.06,100.0,80.0% of closes stayed inside the range | Range width 7.1% | Currently 100.0% through the range,4.07,0.28,,23.9,-74.62,-72.66,112.62,,,390181.91,586170.04,,,11.5734,10.297,1.6754,1.63,0.385,998752.81,0.0,Banking,6.0,0.0,2.0,0.0,14.0,22.0,0.64,,"Revenue contraction, Earnings contraction",-5.0,17.0,Weak ROE for a leveraged-balance-sheet business,27.64,12.0,"Revenue contraction, Earnings contraction",25.1,Avoid,"Above 50 DMA, Above 200 DMA, Healthy RSI momentum, Near 52W high momentum, Positive 1M return, Positive 3M return, Positive 6M return, 1M Nifty outperformance, Positive across 1M/3M/6M, 80.0% of closes stayed inside the range | Range width 7.1% | Currently 100.0% through the range"
GLAND,Healthcare,Drug Manufacturers - Specialty & Generic,1943.42,-0.75,838.01,2537.39,131.91,23.41,49.35,1945.67,1680.81,189629.9,594322.0,3.13,Bearish,42.0,"Above 200 DMA, RSI recovering, Strong volume expansion",4.63,7.78,21.76,0.93,-3.38,4.97,3.7,11.16,16.79,68.0,"Positive 1M return, Positive 3M return, Positive 6M return, 3M Nifty outperformance, 6M Nifty outperformance, Positive across 1M/3M/6M",7.29,Profit Booking Zone,74.64,1402.2,1986.18,41.65,92.68,80.0% of closes stayed inside the range | Range width 41.6% | Currently 92.7% through the range,,,17.71,14.31,-73.04,-69.15,,,,,,,,42.2505,29.9428,4.5988,77.0,0.566,47695.16,59.05,Pharma / Healthcare,8.0,0.0,0.0,0.0,9.0,17.0,0.5,,"Revenue contraction, Earnings contraction",0.0,17.0,,22.86,12.0,"Revenue contraction, Earnings contraction",24.88,Avoid,"Above 200 DMA, RSI recovering, Strong volume expansion, Positive 1M return, Positive 3M return, Positive 6M return, 3M Nifty outperformance, 6M Nifty outperformance, Positive across 1M/3M/6M, 80.0% of closes stayed inside the range | Range width 41.6% | Currently 92.7% through the range"
MOTILALOFS,Financial Services,Capital Markets,903.46,-1.01,299.28,1267.92,201.87,28.75,47.15,910.92,791.56,783870.95,576550.0,0.74,Bearish,27.0,"Above 200 DMA, RSI recovering",6.23,4.68,48.79,0.93,-3.38,4.97,5.3,8.06,43.82,73.0,"Positive 1M return, Positive 3M return, Strong 6M absolute return, 1M Nifty outperformance, 6M Nifty outperformance, Positive across 1M/3M/6M",13.04,Profit Booking Zone,71.57,671.94,929.45,38.32,89.91,80.0% of closes stayed inside the range | Range width 38.3% | Currently 89.9% through the range,,,101.56,69.69,-74.07,-53.55,,,,,,,,27.5451,15.2672,4.2076,1.24,0.334,54253.42,62.9,Financial Services,12.0,0.0,0.0,0.0,10.0,22.0,0.5,,"Revenue contraction, Earnings contraction",0.0,22.0,,27.64,12.0,"Revenue contraction, Earnings contraction",24.85,Avoid,"Above 200 DMA, RSI recovering, Positive 1M return, Positive 3M return, Strong 6M absolute return, 1M Nifty outperformance, 6M Nifty outperformance, Positive across 1M/3M/6M, 80.0% of closes stayed inside the range | Range width 38.3% | Currently 89.9% through the range"
MRF,Consumer Cyclical,Auto Parts,148280.3,-1.26,78177.46,156121.31,89.67,5.02,49.51,147091.95,130754.89,9118.75,5719.0,0.63,Bullish,42.0,"Above 50 DMA, Above 200 DMA, RSI recovering",5.38,4.5,30.13,0.93,-3.38,4.97,4.45,7.88,25.16,63.0,"Positive 1M return, Positive 3M return, Strong 6M absolute return, 6M Nifty outperformance, Positive across 1M/3M/6M",34.17,Profit Booking Zone,78.37,129365.13,149969.88,15.93,91.8,80.0% of closes stayed inside the range | Range width 15.9% | Currently 91.8% through the range,,,8.37,6.52,-72.56,-73.28,,,,,,,,22.9289,19.5371,2.6445,35.0,,55467.79,35.97,Automobile,3.0,0.0,0.0,0.0,13.0,16.0,0.5,,"Revenue contraction, Earnings contraction",0.0,16.0,,30.97,12.0,"Revenue contraction, Earnings contraction",24.5,Avoid,"Above 50 DMA, Above 200 DMA, RSI recovering, Positive 1M return, Positive 3M return, Strong 6M absolute return, 6M Nifty outperformance, Positive across 1M/3M/6M, 80.0% of closes stayed inside the range | Range width 15.9% | Currently 91.8% through the range"
PAYTM,Technology,Software - Infrastructure,1125.2,-1.42,310.0,1296.6,262.97,13.22,37.12,1160.53,931.56,3001097.9,3460505.0,1.15,Bearish,28.0,"Above 200 DMA, Weak but watchable RSI, Normal volume support",-6.78,21.77,44.83,0.93,-3.38,4.97,-7.71,25.15,39.86,70.0,"Strong 3M absolute return, Strong 6M absolute return, 3M Nifty outperformance, 6M Nifty outperformance",13.51,Neutral Range,68.03,843.87,1231.75,45.97,72.53,80.0% of closes stayed inside the range | Range width 46.0% | Currently 72.5% through the range,,,-4.9,6.41,-72.2,118.66,,,,,,,,160.3586,51.8355,6.4407,,-0.307,103222.43,36.98,IT / Technology,3.0,10.0,0.0,0.0,3.0,16.0,0.43,,"Revenue contraction, Very high PE",0.0,16.0,,22.19,9.0,"Revenue contraction, Limited fundamental data coverage",24.43,Avoid,"Above 200 DMA, Weak but watchable RSI, Normal volume support, Strong 3M absolute return, Strong 6M absolute return, 3M Nifty outperformance, 6M Nifty outperformance, 80.0% of closes stayed inside the range | Range width 46.0% | Currently 72.5% through the range"
DIXON,Technology,Consumer Electronics,17511.0,-3.8,2549.37,19140.38,586.87,8.51,46.69,17115.31,15788.54,188029.35,233711.0,1.24,Bullish,47.0,"Above 50 DMA, Above 200 DMA, RSI recovering, Normal volume support",4.97,16.92,32.11,0.93,-3.38,4.97,4.04,20.3,27.14,78.0,"Positive 1M return, Positive 3M return, Strong 6M absolute return, 3M Nifty outperformance, 6M Nifty outperformance, Positive across 1M/3M/6M",10.81,Profit Booking Zone,77.31,14355.41,17978.7,25.24,87.09,80.0% of closes stayed inside the range | Range width 25.2% | Currently 87.1% through the range,,,3.04,1.75,-66.97,-79.46,,,,,,,,40.4977,49.0426,15.3722,6.0,-0.156,83906.61,6.87,IT / Technology,0.0,0.0,0.0,0.0,4.0,4.0,0.5,,"Revenue contraction, Earnings contraction",0.0,4.0,,22.19,12.0,"Revenue contraction, Earnings contraction",23.98,Avoid,"Above 50 DMA, Above 200 DMA, RSI recovering, Normal volume support, Positive 1M return, Positive 3M return, Strong 6M absolute return, 3M Nifty outperformance, 6M Nifty outperformance, Positive across 1M/3M/6M, 80.0% of closes stayed inside the range | Range width 25.2% | Currently 87.1% through the range"
TATASTEEL,Basic Materials,Steel,164.02,-2.89,86.34,173.26,89.96,5.33,50.23,159.86,145.14,22513760.6,20157657.0,0.9,Bullish,60.0,"Above 50 DMA, Above 200 DMA, Healthy RSI momentum, Near 52W high momentum",8.36,4.78,9.94,0.93,-3.38,4.97,7.43,8.16,4.97,48.0,"Positive 1M return, Positive 3M return, Positive 6M return, 1M Nifty outperformance, Positive across 1M/3M/6M",31.03,Profit Booking Zone,81.52,135.08,165.74,22.7,94.38,80.0% of closes stayed inside the range | Range width 22.7% | Currently 94.4% through the range,,,8.88,3.94,-75.68,-39.26,,,,,,,,21.0395,10.4022,2.2751,2.12,0.867,232271.75,56.35,Metals / Mining,0.0,0.0,0.0,0.0,13.0,13.0,0.5,,"Revenue contraction, Earnings contraction",0.0,13.0,,28.68,12.0,"Revenue contraction, Earnings contraction",23.85,Avoid,"Above 50 DMA, Above 200 DMA, Healthy RSI momentum, Near 52W high momentum, Positive 1M return, Positive 3M return, Positive 6M return, 1M Nifty outperformance, Positive across 1M/3M/6M, 80.0% of closes stayed inside the range | Range width 22.7% | Currently 94.4% through the range"
SAIL,Basic Materials,Steel,131.02,-4.03,69.99,171.84,87.21,23.76,51.59,126.85,118.53,10840724.35,9029952.0,0.83,Bullish,50.0,"Above 50 DMA, Above 200 DMA, Healthy RSI momentum",11.8,0.51,17.1,0.93,-3.38,4.97,10.87,3.89,12.13,55.0,"Strong 1M absolute return, Positive 3M return, Positive 6M return, 1M Nifty outperformance, Positive across 1M/3M/6M",25.86,Profit Booking Zone,79.2,112.52,133.37,18.52,88.73,80.0% of closes stayed inside the range | Range width 18.5% | Currently 88.7% through the range,,,5.12,2.87,-74.71,-68.61,,,,,,,,16.7147,10.9697,1.1918,92.0,1.029,71871.14,51.8,Metals / Mining,0.0,0.0,0.0,0.0,15.0,15.0,0.5,,"Revenue contraction, Earnings contraction",0.0,15.0,,28.68,12.0,"Revenue contraction, Earnings contraction",23.8,Avoid,"Above 50 DMA, Above 200 DMA, Healthy RSI momentum, Strong 1M absolute return, Positive 3M return, Positive 6M return, 1M Nifty outperformance, Positive across 1M/3M/6M, 80.0% of closes stayed inside the range | Range width 18.5% | Currently 88.7% through the range"
COALINDIA,Energy,Thermal Coal,369.01,-0.85,153.6,476.32,140.24,22.53,50.91,361.61,357.05,4817780.5,4698693.0,0.98,Bullish,50.0,"Above 50 DMA, Above 200 DMA, Healthy RSI momentum",3.83,2.11,1.38,0.93,-3.38,4.97,2.9,5.49,-3.59,38.0,"Positive 1M return, Positive 3M return, Positive 6M return, Positive across 1M/3M/6M",33.33,Profit Booking Zone,79.98,352.57,372.82,5.74,81.18,80.0% of closes stayed inside the range | Range width 5.7% | Currently 81.2% through the range,,,23.95,20.5,-74.19,-75.22,,,,,,,,8.1631,7.2265,2.1177,5.09,-0.04,252240.46,74.76,Metals / Mining,11.0,0.0,0.0,0.0,15.0,26.0,0.5,,"Revenue contraction, Earnings contraction",0.0,26.0,,30.9,12.0,"Revenue contraction, Earnings contraction",23.74,Avoid,"Above 50 DMA, Above 200 DMA, Healthy RSI momentum, Positive 1M return, Positive 3M return, Positive 6M return, Positive across 1M/3M/6M, 80.0% of closes stayed inside the range | Range width 5.7% | Currently 81.2% through the range"
ETERNAL,Consumer Cyclical,Internet Retail,321.0,-3.39,44.35,343.9,623.79,6.66,46.56,314.92,258.43,26595422.35,26840537.0,1.01,Bullish,47.0,"Above 50 DMA, Above 200 DMA, RSI recovering, Normal volume support",2.25,21.52,57.9,0.93,-3.38,4.97,1.32,24.9,52.93,88.0,"Positive 1M return, Strong 3M absolute return, Strong 6M absolute return, 3M Nifty outperformance, 6M Nifty outperformance, Positive across 1M/3M/6M",12.5,Profit Booking Zone,75.78,228.17,326.28,43.0,94.62,80.0% of closes stayed inside the range | Range width 43.0% | Currently 94.6% through the range,,,-2.78,0.35,-64.6,-95.26,,,,,,,,713.75,82.0471,9.2835,,0.225,289095.37,35.19,Consumer Discretionary,0.0,0.0,0.0,0.0,3.0,3.0,0.43,,"Revenue contraction, Earnings contraction, Very high PE",0.0,3.0,,30.97,16.0,"Revenue contraction, Earnings contraction, Limited fundamental data coverage",23.45,Avoid,"Above 50 DMA, Above 200 DMA, RSI recovering, Normal volume support, Positive 1M return, Strong 3M absolute return, Strong 6M absolute return, 3M Nifty outperformance, 6M Nifty outperformance, Positive across 1M/3M/6M, 80.0% of closes stayed inside the range | Range width 43.0% | Currently 94.6% through the range"
MOTHERSON,Consumer Cyclical,Auto Parts,105.15,0.27,40.29,143.08,160.95,26.51,55.83,98.91,95.27,26413473.95,24534407.0,0.93,Bullish,55.0,"Above 50 DMA, Above 200 DMA, Healthy RSI momentum, Positive day move",13.92,2.36,18.18,0.93,-3.38,4.97,12.99,5.74,13.21,55.0,"Strong 1M absolute return, Positive 3M return, Positive 6M return, 1M Nifty outperformance, Positive across 1M/3M/6M",46.67,Profit Booking Zone,81.93,88.48,104.9,18.56,100.0,80.0% of closes stayed inside the range | Range width 18.6% | Currently 100.0% through the range,,,4.1,1.71,-73.39,-86.54,,,,,,,,40.7452,24.4622,4.356,30.0,1.034,178504.36,43.82,Automobile,0.0,0.0,0.0,0.0,9.0,9.0,0.5,,"Revenue contraction, Earnings contraction",0.0,9.0,,30.97,12.0,"Revenue contraction, Earnings contraction",23.3,Avoid,"Above 50 DMA, Above 200 DMA, Healthy RSI momentum, Positive day move, Strong 1M absolute return, Positive 3M return, Positive 6M return, 1M Nifty outperformance, Positive across 1M/3M/6M, 80.0% of closes stayed inside the range | Range width 18.6% | Currently 100.0% through the range"
COCHINSHIP,Industrials,Aerospace & Defense,1865.52,-2.73,154.78,2941.12,1105.3,36.57,59.41,1745.46,1644.91,2113477.4,1526837.0,0.72,Bullish,50.0,"Above 50 DMA, Above 200 DMA, Healthy RSI momentum",16.7,-9.15,29.27,0.93,-3.38,4.97,15.77,-5.77,24.3,50.0,"Strong 1M absolute return, Positive 6M return, 1M Nifty outperformance, 6M Nifty outperformance",23.26,Neutral Range,71.13,1473.31,2122.16,44.04,60.45,80.0% of closes stayed inside the range | Range width 44.0% | Currently 60.4% through the range,,,19.41,17.58,-77.83,-77.3,,,,,,,,55.3066,34.0724,6.7461,89.0,0.582,39619.97,34.96,Capital Goods / Infra,10.0,0.0,0.0,0.0,7.0,17.0,0.5,,"Revenue contraction, Earnings contraction",0.0,17.0,,25.43,12.0,"Revenue contraction, Earnings contraction",22.76,Avoid,"Above 50 DMA, Above 200 DMA, Healthy RSI momentum, Strong 1M absolute return, Positive 6M return, 1M Nifty outperformance, 6M Nifty outperformance, 80.0% of closes stayed inside the range | Range width 44.0% | Currently 60.4% through the range"
BAJFINANCE,Financial Services,Credit Services,979.08,-2.73,536.89,1029.67,82.36,4.91,56.18,921.27,860.4,8301342.15,9109737.0,1.1,Bullish,65.0,"Above 50 DMA, Above 200 DMA, Healthy RSI momentum, Near 52W high momentum, Normal volume support",12.22,5.19,11.79,0.93,-3.38,4.97,11.29,8.57,6.82,55.0,"Strong 1M absolute return, Positive 3M return, Positive 6M return, 1M Nifty outperformance, Positive across 1M/3M/6M",20.65,Profit Booking Zone,85.25,871.44,962.58,10.46,100.0,80.0% of closes stayed inside the range | Range width 10.5% | Currently 100.0% through the range,,,,40.19,-71.81,-71.75,,,,,,,,33.5541,21.7163,5.9681,49.0,0.323,680692.29,91.55,Financial Services,6.0,0.0,0.0,0.0,11.0,17.0,0.43,,"Revenue contraction, Earnings contraction",-4.0,13.0,Expensive relative to book value for this sector,27.64,16.0,"Revenue contraction, Earnings contraction, Limited fundamental data coverage",22.7,Avoid,"Above 50 DMA, Above 200 DMA, Healthy RSI momentum, Near 52W high momentum, Normal volume support, Strong 1M absolute return, Positive 3M return, Positive 6M return, 1M Nifty outperformance, Positive across 1M/3M/6M, 80.0% of closes stayed inside the range | Range width 10.5% | Currently 100.0% through the range"
HDFCAMC,Financial Services,Asset Management,2750.34,-2.26,732.04,2900.31,275.71,5.17,44.06,2772.86,2260.85,529596.4,444412.0,0.84,Bearish,23.0,"Above 200 DMA, Weak but watchable RSI",2.89,8.27,40.65,0.93,-3.38,4.97,1.96,11.65,35.68,78.0,"Positive 1M return, Positive 3M return, Strong 6M absolute return, 3M Nifty outperformance, 6M Nifty outperformance, Positive across 1M/3M/6M",10.87,Profit Booking Zone,71.22,2104.46,2828.41,34.4,89.22,80.0% of closes stayed inside the range | Range width 34.4% | Currently 89.2% through the range,,,78.06,77.21,-72.33,-69.61,,,,,,,,36.6284,28.3148,11.5587,2.15,0.554,106767.91,88.85,Financial Services,12.0,0.0,0.0,0.0,7.0,19.0,0.5,,"Revenue contraction, Earnings contraction",-4.0,15.0,Expensive relative to book value for this sector,27.64,12.0,"Revenue contraction, Earnings contraction",22.65,Avoid,"Above 200 DMA, Weak but watchable RSI, Positive 1M return, Positive 3M return, Strong 6M absolute return, 3M Nifty outperformance, 6M Nifty outperformance, Positive across 1M/3M/6M, 80.0% of closes stayed inside the range | Range width 34.4% | Currently 89.2% through the range"
BPCL,Energy,Oil & Gas Refining & Marketing,309.02,-1.61,121.3,346.08,154.75,10.71,53.04,306.93,281.96,5672953.1,5692665.0,1.0,Bullish,65.0,"Above 50 DMA, Above 200 DMA, Healthy RSI momentum, Near 52W high momentum, Normal volume support",5.24,-0.82,20.59,0.93,-3.38,4.97,4.31,2.56,15.62,33.0,"Positive 1M return, Positive 6M return, 6M Nifty outperformance",46.67,Neutral Range,79.53,287.12,321.65,12.03,63.43,80.0% of closes stayed inside the range | Range width 12.0% | Currently 63.4% through the range,,,6.92,6.08,-74.35,-48.72,,,,,,,,7.9033,7.9415,1.3525,6.29,0.873,135440.94,12.75,Energy / Utilities,3.0,0.0,0.0,0.0,12.0,15.0,0.5,,"Revenue contraction, Earnings contraction",0.0,15.0,,30.9,12.0,"Revenue contraction, Earnings contraction",22.38,Avoid,"Above 50 DMA, Above 200 DMA, Healthy RSI momentum, Near 52W high momentum, Normal volume support, Positive 1M return, Positive 6M return, 6M Nifty outperformance, 80.0% of closes stayed inside the range | Range width 12.0% | Currently 63.4% through the range"
HINDZINC,Basic Materials,Other Industrial Metals & Mining,441.04,-3.78,194.09,749.99,127.24,41.19,51.07,429.68,430.75,4235852.8,6524790.0,1.54,Bullish,60.0,"Above 50 DMA, Above 200 DMA, Healthy RSI momentum, Volume expansion",7.12,-0.39,3.58,0.93,-3.38,4.97,6.19,2.99,-1.39,28.0,"Positive 1M return, Positive 6M return, 1M Nifty outperformance",47.41,Neutral Range,79.79,412.3,453.29,9.94,70.11,80.0% of closes stayed inside the range | Range width 9.9% | Currently 70.1% through the range,,,38.81,29.43,-77.03,-78.42,,,,,,,,14.4846,13.3134,10.9157,3.58,0.661,247012.13,75.8,Metals / Mining,12.0,0.0,0.0,0.0,11.0,23.0,0.5,,"Revenue contraction, Earnings contraction",0.0,23.0,,28.68,12.0,"Revenue contraction, Earnings contraction",22.35,Avoid,"Above 50 DMA, Above 200 DMA, Healthy RSI momentum, Volume expansion, Positive 1M return, Positive 6M return, 1M Nifty outperformance, 80.0% of closes stayed inside the range | Range width 9.9% | Currently 70.1% through the range"
AXISBANK,Financial Services,Banks - Regional,1153.11,-1.08,705.29,1337.47,63.5,13.78,67.15,1086.85,1101.7,6793474.85,5618932.0,0.83,Bullish,60.0,"Above 50 DMA, Above 200 DMA, Healthy RSI momentum, Near 52W high momentum",10.41,-3.69,5.36,0.93,-3.38,4.97,9.48,-0.31,0.39,35.0,"Strong 1M absolute return, Positive 6M return, 1M Nifty outperformance",32.07,Neutral Range,77.7,1060.61,1213.25,14.39,60.6,80.0% of closes stayed inside the range | Range width 14.4% | Currently 60.6% through the range,3.22,0.38,,28.17,-73.82,-77.74,113.47,,,102448.05,219991.64,,,13.8498,9.7233,1.7142,8.0,0.416,382872.22,0.0,Banking,6.0,0.0,2.0,0.0,15.0,23.0,0.64,,"Revenue contraction, Earnings contraction",-5.0,18.0,Weak ROE for a leveraged-balance-sheet business,27.64,12.0,"Revenue contraction, Earnings contraction",22.2,Avoid,"Above 50 DMA, Above 200 DMA, Healthy RSI momentum, Near 52W high momentum, Strong 1M absolute return, Positive 6M return, 1M Nifty outperformance, 80.0% of closes stayed inside the range | Range width 14.4% | Currently 60.6% through the range"
BANKBARODA,Financial Services,Banks - Regional,240.67,-1.73,103.5,273.02,132.53,11.85,57.76,234.17,222.45,9211555.45,7652782.0,0.83,Bullish,60.0,"Above 50 DMA, Above 200 DMA, Healthy RSI momentum, Near 52W high momentum",6.71,-0.13,16.64,0.93,-3.38,4.97,5.78,3.25,11.67,28.0,"Positive 1M return, Positive 6M return, 1M Nifty outperformance",47.28,Profit Booking Zone,84.45,219.95,239.21,8.75,100.0,80.0% of closes stayed inside the range | Range width 8.8% | Currently 100.0% through the range,2.26,0.19,,19.17,-75.72,-83.25,86.7,,,138143.18,133238.25,,,7.149,5.892,0.77,3.45,0.43,129801.19,0.0,Banking,6.0,0.0,7.0,0.0,15.0,28.0,0.64,Cash covers debt,"Revenue contraction, Earnings contraction",-5.0,23.0,Weak ROE for a leveraged-balance-sheet business,27.64,12.0,"Revenue contraction, Earnings contraction",22.2,Avoid,"Above 50 DMA, Above 200 DMA, Healthy RSI momentum, Near 52W high momentum, Cash covers debt, Positive 1M return, Positive 6M return, 1M Nifty outperformance, 80.0% of closes stayed inside the range | Range width 8.8% | Currently 100.0% through the range"
NATIONALUM,Basic Materials,Aluminum,194.18,-2.45,56.5,242.41,243.68,19.9,46.22,189.0,180.84,8610641.6,6436834.0,0.75,Bullish,42.0,"Above 50 DMA, Above 200 DMA, RSI recovering",9.01,5.32,13.23,0.93,-3.38,4.97,8.08,8.7,8.26,48.0,"Positive 1M return, Positive 3M return, Positive 6M return, 1M Nifty outperformance, Positive across 1M/3M/6M",31.03,Profit Booking Zone,75.47,150.72,199.57,32.42,88.96,80.0% of closes stayed inside the range | Range width 32.4% | Currently 89.0% through the range,,,34.5,27.57,-77.15,-80.08,,,,,,,,10.5607,10.8213,3.5699,1.03,0.709,77138.53,71.34,Metals / Mining,12.0,0.0,0.0,0.0,9.0,21.0,0.5,,"Revenue contraction, Earnings contraction",0.0,21.0,,28.68,12.0,"Revenue contraction, Earnings contraction",22.15,Avoid,"Above 50 DMA, Above 200 DMA, RSI recovering, Positive 1M return, Positive 3M return, Positive 6M return, 1M Nifty outperformance, Positive across 1M/3M/6M, 80.0% of closes stayed inside the range | Range width 32.4% | Currently 89.0% through the range"
DRREDDY,Healthcare,Drug Manufacturers - Specialty & Generic,1245.2,-1.73,778.62,1403.63,59.92,11.29,41.01,1258.87,1230.33,1235084.45,2284377.0,1.85,Bearish,33.0,"Above 200 DMA, Weak but watchable RSI, Volume expansion",-0.56,-1.73,8.28,0.93,-3.38,4.97,-1.49,1.65,3.31,10.0,Positive 6M return,59.38,Neutral Range,72.13,1155.82,1305.25,12.93,59.82,80.0% of closes stayed inside the range | Range width 12.9% | Currently 59.8% through the range,4.05,2.73,19.71,16.59,-73.75,-74.93,13.9,1.89,1.36,900.4,4864.4,1462.9,448.2,30.1735,20.2046,2.607,66.0,0.242,99960.01,50.18,Pharma / Healthcare,10.0,0.0,15.0,17.0,13.0,55.0,1.0,,"Revenue contraction, Earnings contraction",2.0,57.0,General low-debt support,22.86,12.0,"Revenue contraction, Earnings contraction",22.13,Avoid,"Above 200 DMA, Weak but watchable RSI, Volume expansion, Positive 6M return, 80.0% of closes stayed inside the range | Range width 12.9% | Currently 59.8% through the range"
ADANIPORTS,Industrials,Marine Shipping,1386.16,-1.08,387.26,1599.91,257.94,13.36,50.91,1368.93,1269.24,2385805.35,1899079.0,0.8,Bullish,60.0,"Above 50 DMA, Above 200 DMA, Healthy RSI momentum, Near 52W high momentum",6.03,-4.01,18.38,0.93,-3.38,4.97,5.1,-0.63,13.41,28.0,"Positive 1M return, Positive 6M return, 1M Nifty outperformance",47.09,Profit Booking Zone,79.43,1224.93,1439.22,17.49,75.24,80.0% of closes stayed inside the range | Range width 17.5% | Currently 75.2% through the range,,,46.46,36.32,-70.05,-70.12,,,,,,,,28.4908,21.3027,3.9976,45.0,0.507,383609.18,64.4,Capital Goods / Infra,12.0,0.0,0.0,0.0,11.0,23.0,0.5,,"Revenue contraction, Earnings contraction",0.0,23.0,,25.43,12.0,"Revenue contraction, Earnings contraction",21.86,Avoid,"Above 50 DMA, Above 200 DMA, Healthy RSI momentum, Near 52W high momentum, Positive 1M return, Positive 6M return, 1M Nifty outperformance, 80.0% of closes stayed inside the range | Range width 17.5% | Currently 75.2% through the range"
UNOMINDA,Consumer Cyclical,Auto Parts,1266.01,-2.81,431.26,1345.23,193.56,5.89,49.49,1197.75,1033.37,705521.85,559487.0,0.79,Bullish,42.0,"Above 50 DMA, Above 200 DMA, RSI recovering",-0.79,14.91,35.99,0.93,-3.38,4.97,-1.72,18.29,31.02,60.0,"Positive 3M return, Strong 6M absolute return, 3M Nifty outperformance, 6M Nifty outperformance",40.83,Profit Booking Zone,74.07,891.19,1295.93,45.42,92.61,80.0% of closes stayed inside the range | Range width 45.4% | Currently 92.6% through the range,,,8.55,6.48,-72.93,-69.17,,,,,,,,59.307,38.9381,10.4196,21.0,0.289,71167.06,34.04,Automobile,3.0,0.0,0.0,0.0,7.0,10.0,0.5,,"Revenue contraction, Earnings contraction",0.0,10.0,,30.97,12.0,"Revenue contraction, Earnings contraction",21.65,Avoid,"Above 50 DMA, Above 200 DMA, RSI recovering, Positive 3M return, Strong 6M absolute return, 3M Nifty outperformance, 6M Nifty outperformance, 80.0% of closes stayed inside the range | Range width 45.4% | Currently 92.6% through the range"
GLENMARK,Healthcare,Drug Manufacturers - Specialty & Generic,1969.18,-2.91,356.64,2279.21,452.15,13.6,41.6,2049.61,1649.02,750331.05,924467.0,1.23,Bearish,28.0,"Above 200 DMA, Weak but watchable RSI, Normal volume support",2.6,12.56,35.04,0.93,-3.38,4.97,1.67,15.94,30.07,78.0,"Positive 1M return, Positive 3M return, Strong 6M absolute return, 3M Nifty outperformance, 6M Nifty outperformance, Positive across 1M/3M/6M",3.12,Profit Booking Zone,67.46,1381.55,2138.97,54.82,77.58,80.0% of closes stayed inside the range | Range width 54.8% | Currently 77.6% through the range,,,14.73,1.53,-76.73,-95.52,,,,,,,,35.9328,23.447,6.1481,33.0,0.248,64629.45,71.94,Pharma / Healthcare,3.0,0.0,0.0,0.0,7.0,10.0,0.5,,"Revenue contraction, Earnings contraction",0.0,10.0,,22.86,12.0,"Revenue contraction, Earnings contraction",21.43,Avoid,"Above 200 DMA, Weak but watchable RSI, Normal volume support, Positive 1M return, Positive 3M return, Strong 6M absolute return, 3M Nifty outperformance, 6M Nifty outperformance, Positive across 1M/3M/6M, 80.0% of closes stayed inside the range | Range width 54.8% | Currently 77.6% through the range"
AUBANK,Financial Services,Banks - Regional,742.48,0.22,488.37,839.15,52.03,11.52,58.72,732.31,658.66,2629243.7,4071836.0,1.55,Bullish,75.0,"Above 50 DMA, Above 200 DMA, Healthy RSI momentum, Near 52W high momentum, Volume expansion, Positive day move",3.5,-8.98,29.69,0.93,-3.38,4.97,2.57,-5.6,24.72,33.0,"Positive 1M return, Positive 6M return, 6M Nifty outperformance",40.22,Neutral Range,78.66,673.32,807.42,19.92,51.57,80.0% of closes stayed inside the range | Range width 19.9% | Currently 51.6% through the range,,,,20.34,-72.9,-72.42,,,,,,,,28.9496,17.9736,4.084,9.0,,81746.32,0.0,Banking,6.0,0.0,0.0,0.0,11.0,17.0,0.43,,"Revenue contraction, Earnings contraction",0.0,17.0,,27.64,16.0,"Revenue contraction, Earnings contraction, Limited fundamental data coverage",21.1,Avoid,"Above 50 DMA, Above 200 DMA, Healthy RSI momentum, Near 52W high momentum, Volume expansion, Positive day move, Positive 1M return, Positive 6M return, 6M Nifty outperformance, 80.0% of closes stayed inside the range | Range width 19.9% | Currently 51.6% through the range"
ABCAPITAL,Financial Services,Financial Conglomerates,278.9,-2.65,106.65,299.4,161.51,6.85,44.36,277.61,219.21,4619052.05,4655764.0,1.01,Bullish,43.0,"Above 50 DMA, Above 200 DMA, Weak but watchable RSI, Normal volume support",0.38,0.83,53.72,0.93,-3.38,4.97,-0.55,4.21,48.75,63.0,"Positive 1M return, Positive 3M return, Strong 6M absolute return, 6M Nifty outperformance, Positive across 1M/3M/6M",16.3,Profit Booking Zone,73.82,196.79,287.7,46.19,90.32,80.0% of closes stayed inside the range | Range width 46.2% | Currently 90.3% through the range,,,43.24,9.24,-78.97,-74.83,,,,,,,,26.3092,16.2013,3.1273,,0.687,112442.53,28.11,Financial Services,9.0,0.0,0.0,0.0,9.0,18.0,0.43,,"Revenue contraction, Earnings contraction",0.0,18.0,,27.64,16.0,"Revenue contraction, Earnings contraction, Limited fundamental data coverage",20.95,Avoid,"Above 50 DMA, Above 200 DMA, Weak but watchable RSI, Normal volume support, Positive 1M return, Positive 3M return, Strong 6M absolute return, 6M Nifty outperformance, Positive across 1M/3M/6M, 80.0% of closes stayed inside the range | Range width 46.2% | Currently 90.3% through the range"
HAL,Industrials,Aerospace & Defense,4687.58,-0.82,1047.95,5542.24,347.31,15.42,55.29,4525.8,4292.55,1237074.75,1794960.0,1.45,Bullish,60.0,"Above 50 DMA, Above 200 DMA, Healthy RSI momentum, Volume expansion",9.31,-2.42,15.11,0.93,-3.38,4.97,8.38,0.96,10.14,28.0,"Positive 1M return, Positive 6M return, 1M Nifty outperformance",47.09,Neutral Range,77.7,4250.43,4948.32,16.42,62.64,80.0% of closes stayed inside the range | Range width 16.4% | Currently 62.6% through the range,,,22.82,28.71,-83.99,-83.46,,,,,,,,36.6014,29.4868,8.1395,41.0,0.502,334053.09,51.85,Capital Goods / Infra,11.0,0.0,0.0,0.0,7.0,18.0,0.5,,"Revenue contraction, Earnings contraction",0.0,18.0,,25.43,12.0,"Revenue contraction, Earnings contraction",20.11,Avoid,"Above 50 DMA, Above 200 DMA, Healthy RSI momentum, Volume expansion, Positive 1M return, Positive 6M return, 1M Nifty outperformance, 80.0% of closes stayed inside the range | Range width 16.4% | Currently 62.6% through the range"
RADICO,Consumer Defensive,Beverages - Wineries & Distilleries,2876.42,-2.7,920.13,3060.21,212.61,6.01,47.41,2841.51,2511.56,268288.9,131442.0,0.49,Bullish,42.0,"Above 50 DMA, Above 200 DMA, RSI recovering",1.06,10.31,22.8,0.93,-3.38,4.97,0.13,13.69,17.83,68.0,"Positive 1M return, Positive 3M return, Positive 6M return, 3M Nifty outperformance, 6M Nifty outperformance, Positive across 1M/3M/6M",12.5,Profit Booking Zone,78.73,2438.39,2890.83,18.55,96.82,80.0% of closes stayed inside the range | Range width 18.6% | Currently 96.8% through the range,,,13.01,8.67,-68.69,-62.23,,,,,,,,86.2115,56.8584,18.3055,15.0,0.244,60734.22,43.35,FMCG / Consumer,6.0,0.0,0.0,0.0,5.0,11.0,0.5,,"Revenue contraction, Earnings contraction, Very high PE",0.0,11.0,,24.24,15.0,"Low volume participation, Revenue contraction, Earnings contraction",19.99,Avoid,"Above 50 DMA, Above 200 DMA, RSI recovering, Positive 1M return, Positive 3M return, Positive 6M return, 3M Nifty outperformance, 6M Nifty outperformance, Positive across 1M/3M/6M, 80.0% of closes stayed inside the range | Range width 18.6% | Currently 96.8% through the range"
ADANIGREEN,Utilities,Utilities - Renewable,1047.4,-2.98,439.1,2572.0,138.53,59.28,57.14,981.9,974.25,5151624.85,3774879.0,0.73,Bullish,50.0,"Above 50 DMA, Above 200 DMA, Healthy RSI momentum",14.66,2.13,14.83,0.93,-3.38,4.97,13.73,5.51,9.86,55.0,"Strong 1M absolute return, Positive 3M return, Positive 6M return, 1M Nifty outperformance, Positive across 1M/3M/6M",20.0,Profit Booking Zone,81.77,917.48,1033.18,12.61,100.0,80.0% of closes stayed inside the range | Range width 12.6% | Currently 100.0% through the range,,,60.81,19.06,-66.14,-50.62,,,,,,,,131.5202,42.438,11.3765,,1.083,219453.29,94.69,Energy / Utilities,12.0,0.0,0.0,0.0,3.0,15.0,0.43,,"Revenue contraction, Earnings contraction, Very high PE",0.0,15.0,,26.05,16.0,"Revenue contraction, Earnings contraction, Limited fundamental data coverage",19.41,Avoid,"Above 50 DMA, Above 200 DMA, Healthy RSI momentum, Strong 1M absolute return, Positive 3M return, Positive 6M return, 1M Nifty outperformance, Positive across 1M/3M/6M, 80.0% of closes stayed inside the range | Range width 12.6% | Currently 100.0% through the range"
CGPOWER,Industrials,Electrical Equipment & Parts,737.77,-2.6,209.52,871.04,252.12,15.3,47.52,706.4,665.48,4184170.45,1925106.0,0.46,Bullish,42.0,"Above 50 DMA, Above 200 DMA, RSI recovering",6.5,8.39,16.29,0.93,-3.38,4.97,5.57,11.77,11.32,63.0,"Positive 1M return, Positive 3M return, Positive 6M return, 1M Nifty outperformance, 3M Nifty outperformance, Positive across 1M/3M/6M",12.79,Profit Booking Zone,77.94,619.16,745.98,20.48,93.53,80.0% of closes stayed inside the range | Range width 20.5% | Currently 93.5% through the range,,,11.73,9.35,-70.68,-72.38,,,,,,,,111.9798,63.7634,17.5463,15.0,0.42,139899.97,30.72,Capital Goods / Infra,6.0,0.0,0.0,0.0,5.0,11.0,0.5,,"Revenue contraction, Earnings contraction, Very high PE",0.0,11.0,,25.43,15.0,"Low volume participation, Revenue contraction, Earnings contraction",18.91,Avoid,"Above 50 DMA, Above 200 DMA, RSI recovering, Positive 1M return, Positive 3M return, Positive 6M return, 1M Nifty outperformance, 3M Nifty outperformance, Positive across 1M/3M/6M, 80.0% of closes stayed inside the range | Range width 20.5% | Currently 93.5% through the range"
PNB,Financial Services,Banks - Regional,104.74,-3.24,29.62,133.38,253.57,21.47,48.19,104.16,97.43,12979772.8,18377053.0,1.42,Bullish,52.0,"Above 50 DMA, Above 200 DMA, RSI recovering, Volume expansion",6.85,-2.45,19.44,0.93,-3.38,4.97,5.92,0.93,14.47,28.0,"Positive 1M return, Positive 6M return, 1M Nifty outperformance",47.28,Profit Booking Zone,77.71,92.42,108.81,17.74,75.2,80.0% of closes stayed inside the range | Range width 17.7% | Currently 75.2% through the range,1.53,0.11,,13.11,-72.94,-88.53,67.67,,,140739.7,93471.78,,,6.1872,6.9245,0.8745,2.63,0.504,136743.04,0.0,Banking,5.0,0.0,7.0,0.0,12.0,24.0,0.64,Cash covers debt,"Revenue contraction, Earnings contraction",-5.0,19.0,Weak ROE for a leveraged-balance-sheet business,27.64,12.0,"Revenue contraction, Earnings contraction",18.8,Avoid,"Above 50 DMA, Above 200 DMA, RSI recovering, Volume expansion, Cash covers debt, Positive 1M return, Positive 6M return, 1M Nifty outperformance, 80.0% of closes stayed inside the range | Range width 17.7% | Currently 75.2% through the range"
BHARTIARTL,Communication Services,Telecom Services,1892.78,-0.98,665.27,2003.62,184.51,5.53,49.14,1886.19,1757.76,4601397.2,3239306.0,0.7,Bullish,42.0,"Above 50 DMA, Above 200 DMA, RSI recovering",1.47,-3.83,11.16,0.93,-3.38,4.97,0.54,-0.45,6.19,18.0,"Positive 1M return, Positive 6M return",46.67,Profit Booking Zone,77.29,1784.86,1925.76,7.89,76.59,80.0% of closes stayed inside the range | Range width 7.9% | Currently 76.6% through the range,4.97,1.15,31.08,12.03,-71.41,-82.27,169.85,0.42,,5323.3,203354.5,30689.8,19349.4,39.9959,23.6178,7.4958,1.25,0.01,1213418.96,67.86,Telecom,11.0,0.0,0.0,17.0,6.0,34.0,0.93,,"Revenue contraction, Earnings contraction",0.0,34.0,,25.86,12.0,"Revenue contraction, Earnings contraction",18.78,Avoid,"Above 50 DMA, Above 200 DMA, RSI recovering, Positive 1M return, Positive 6M return, 80.0% of closes stayed inside the range | Range width 7.9% | Currently 76.6% through the range"
TORNTPHARM,Healthcare,Drug Manufacturers - Specialty & Generic,3529.73,0.83,1388.75,3754.64,154.17,5.99,46.56,3571.22,3287.41,211342.75,717472.0,3.39,Bearish,47.0,"Above 200 DMA, RSI recovering, Strong volume expansion, Positive day move",0.03,4.48,10.83,0.93,-3.38,4.97,-0.9,7.86,5.86,38.0,"Positive 1M return, Positive 3M return, Positive 6M return, Positive across 1M/3M/6M",29.17,Profit Booking Zone,78.18,3139.22,3611.72,15.05,82.65,80.0% of closes stayed inside the range | Range width 15.1% | Currently 82.6% through the range,,,26.57,17.52,-72.36,-71.33,,,,,,,,78.2379,52.2222,19.7416,78.0,0.145,186114.0,75.98,Pharma / Healthcare,11.0,0.0,0.0,0.0,5.0,16.0,0.5,,"Revenue contraction, Earnings contraction",0.0,16.0,,22.86,12.0,"Revenue contraction, Earnings contraction",18.28,Avoid,"Above 200 DMA, RSI recovering, Strong volume expansion, Positive day move, Positive 1M return, Positive 3M return, Positive 6M return, Positive across 1M/3M/6M, 80.0% of closes stayed inside the range | Range width 15.1% | Currently 82.6% through the range"
ENRIN,Utilities,Utilities - Renewable,3510.53,-0.33,2504.76,3619.16,40.15,3.0,57.47,3284.78,,487379.0,616010.0,1.26,Bullish,50.0,"Above 50 DMA, Healthy RSI momentum, Near 52W high momentum, Normal volume support",4.19,18.16,,0.93,-3.38,4.97,3.26,21.54,,33.0,"Positive 1M return, Positive 3M return, 3M Nifty outperformance",30.0,,,,,,,,,,26.69,14.72,-62.51,-56.22,,,,,,,,85.4221,63.0392,26.3631,11.0,,126853.7,40.71,Energy / Utilities,11.0,0.0,0.0,0.0,5.0,16.0,0.5,,"Revenue contraction, Earnings contraction, Very high PE",0.0,16.0,,26.05,12.0,"Revenue contraction, Earnings contraction",18.26,Avoid,"Above 50 DMA, Healthy RSI momentum, Near 52W high momentum, Normal volume support, Positive 1M return, Positive 3M return, 3M Nifty outperformance"
IDEA,Communication Services,Telecom Services,8.02,-7.6,5.7,19.18,40.7,58.19,56.09,7.2,7.55,580543021.75,523630795.0,0.9,Bullish,50.0,"Above 50 DMA, Above 200 DMA, Healthy RSI momentum",23.57,7.94,13.92,0.93,-3.38,4.97,22.64,11.32,8.95,70.0,"Strong 1M absolute return, Positive 3M return, Positive 6M return, 1M Nifty outperformance, 3M Nifty outperformance, Positive across 1M/3M/6M",13.33,Profit Booking Zone,80.57,6.56,7.91,20.63,100.0,80.0% of closes stayed inside the range | Range width 20.6% | Currently 100.0% through the range,,,-7.81,-60.03,-74.67,75.87,,,,,,,,3.6885,-8.9483,-4.0872,,0.436,146263.1,45.2,Telecom,0.0,10.0,0.0,0.0,8.0,18.0,0.43,,"Negative net margin, Revenue contraction",0.0,18.0,,25.86,22.0,"Sharp daily fall, Negative net margin, Revenue contraction, Limited fundamental data coverage",18.18,Avoid,"Above 50 DMA, Above 200 DMA, Healthy RSI momentum, Strong 1M absolute return, Positive 3M return, Positive 6M return, 1M Nifty outperformance, 3M Nifty outperformance, Positive across 1M/3M/6M, 80.0% of closes stayed inside the range | Range width 20.6% | Currently 100.0% through the range"
NHPC,Utilities,Utilities - Renewable,81.93,-3.23,29.88,112.53,174.21,27.19,48.93,81.4,80.07,13651423.25,8128101.0,0.6,Bullish,42.0,"Above 50 DMA, Above 200 DMA, RSI recovering",8.3,-1.94,3.96,0.93,-3.38,4.97,7.37,1.44,-1.01,28.0,"Positive 1M return, Positive 6M return, 1M Nifty outperformance",40.0,Neutral Range,73.2,78.08,86.05,10.21,48.34,80.0% of closes stayed inside the range | Range width 10.2% | Currently 48.3% through the range,,,42.5,33.14,-69.02,-64.58,,,,,,,,28.1502,12.0078,1.8676,2.09,0.191,77196.09,93.4,Energy / Utilities,12.0,0.0,0.0,0.0,13.0,25.0,0.5,,"Revenue contraction, Earnings contraction",0.0,25.0,,26.05,12.0,"Revenue contraction, Earnings contraction",18.16,Avoid,"Above 50 DMA, Above 200 DMA, RSI recovering, Positive 1M return, Positive 6M return, 1M Nifty outperformance, 80.0% of closes stayed inside the range | Range width 10.2% | Currently 48.3% through the range"
BAJAJ-AUTO,Consumer Cyclical,Auto Manufacturers,8581.23,-1.59,3203.99,12285.36,167.83,30.15,41.88,8518.11,8190.67,420175.2,335841.0,0.8,Bullish,38.0,"Above 50 DMA, Above 200 DMA, Weak but watchable RSI",0.82,3.89,11.85,0.93,-3.38,4.97,-0.11,7.27,6.88,38.0,"Positive 1M return, Positive 3M return, Positive 6M return, Positive across 1M/3M/6M",53.33,Neutral Range,74.84,7686.38,8900.29,15.79,73.72,80.0% of closes stayed inside the range | Range width 15.8% | Currently 73.7% through the range,,,21.16,17.48,-74.33,-69.82,,,,,,,,27.8148,24.7664,8.4212,1.28,0.633,321520.48,34.19,Automobile,10.0,0.0,0.0,0.0,8.0,18.0,0.5,,"Revenue contraction, Earnings contraction",0.0,18.0,,30.97,12.0,"Revenue contraction, Earnings contraction",17.95,Avoid,"Above 50 DMA, Above 200 DMA, Weak but watchable RSI, Positive 1M return, Positive 3M return, Positive 6M return, Positive across 1M/3M/6M, 80.0% of closes stayed inside the range | Range width 15.8% | Currently 73.7% through the range"
M&MFIN,Financial Services,Credit Services,273.59,0.05,161.66,327.32,69.24,16.41,58.84,258.93,258.43,1822897.15,1766807.0,0.97,Bullish,55.0,"Above 50 DMA, Above 200 DMA, Healthy RSI momentum, Positive day move",10.16,6.2,-0.17,0.93,-3.38,4.97,9.23,9.58,-5.14,35.0,"Strong 1M absolute return, Positive 3M return, 1M Nifty outperformance",32.07,Profit Booking Zone,83.5,245.8,265.79,8.13,100.0,80.0% of closes stayed inside the range | Range width 8.1% | Currently 100.0% through the range,,,,21.5,-72.91,-76.66,,,,,,,,17.0039,12.9871,2.0642,1.88,0.343,55006.67,86.34,Financial Services,6.0,0.0,0.0,0.0,14.0,20.0,0.43,,"Revenue contraction, Earnings contraction",0.0,20.0,,27.64,16.0,"Revenue contraction, Earnings contraction, Limited fundamental data coverage",17.65,Avoid,"Above 50 DMA, Above 200 DMA, Healthy RSI momentum, Positive day move, Strong 1M absolute return, Positive 3M return, 1M Nifty outperformance, 80.0% of closes stayed inside the range | Range width 8.1% | Currently 100.0% through the range"
AIIL,Financial Services,Capital Markets,593.1,-1.24,146.31,659.0,305.37,10.0,42.04,597.49,440.03,1104767.75,462385.0,0.42,Bearish,23.0,"Above 200 DMA, Weak but watchable RSI",-8.27,12.73,93.24,0.93,-3.38,4.97,-9.2,16.11,88.27,60.0,"Positive 3M return, Strong 6M absolute return, 3M Nifty outperformance, 6M Nifty outperformance",19.02,Profit Booking Zone,65.04,355.52,622.93,75.22,88.85,80.0% of closes stayed inside the range | Range width 75.2% | Currently 88.8% through the range,,,93.35,77.6,-73.46,-77.77,,,,,,,,28.9713,,2.9231,4.0,-0.018,47115.03,97.86,Financial Services,12.0,0.0,0.0,0.0,10.0,22.0,0.5,,"Revenue contraction, Earnings contraction",0.0,22.0,,27.64,15.0,"Low volume participation, Revenue contraction, Earnings contraction",17.6,Avoid,"Above 200 DMA, Weak but watchable RSI, Positive 3M return, Strong 6M absolute return, 3M Nifty outperformance, 6M Nifty outperformance, 80.0% of closes stayed inside the range | Range width 75.2% | Currently 88.8% through the range"
GODFRYPHLP,Consumer Defensive,Tobacco,3217.52,-1.85,328.0,3868.28,880.94,16.82,44.22,3273.6,2458.22,1410638.0,379024.0,0.27,Bearish,23.0,"Above 200 DMA, Weak but watchable RSI",-10.49,10.31,60.83,0.93,-3.38,4.97,-11.42,13.69,55.86,60.0,"Positive 3M return, Strong 6M absolute return, 3M Nifty outperformance, 6M Nifty outperformance",20.83,Neutral Range,68.9,2601.42,3455.32,32.82,72.15,80.0% of closes stayed inside the range | Range width 32.8% | Currently 72.2% through the range,,,20.99,24.17,-73.57,-66.76,,,,,,,,25.0856,19.6164,5.5211,2.25,0.33,34300.39,43.61,FMCG / Consumer,11.0,0.0,0.0,0.0,11.0,22.0,0.5,,"Revenue contraction, Earnings contraction",0.0,22.0,,24.24,15.0,"Low volume participation, Revenue contraction, Earnings contraction",17.09,Avoid,"Above 200 DMA, Weak but watchable RSI, Positive 3M return, Strong 6M absolute return, 3M Nifty outperformance, 6M Nifty outperformance, 80.0% of closes stayed inside the range | Range width 32.8% | Currently 72.2% through the range"
ADANIENT,Energy,Thermal Coal,2542.56,-1.27,1015.6,4182.39,150.35,39.21,60.76,2406.01,2402.39,1662553.45,1037808.0,0.62,Bullish,50.0,"Above 50 DMA, Above 200 DMA, Healthy RSI momentum",13.32,-2.89,10.05,0.93,-3.38,4.97,12.39,0.49,5.08,35.0,"Strong 1M absolute return, Positive 6M return, 1M Nifty outperformance",40.0,Profit Booking Zone,78.53,2280.56,2607.6,14.34,80.11,80.0% of closes stayed inside the range | Range width 14.3% | Currently 80.1% through the range,,,9.23,4.03,-77.52,-87.53,,,,,,,,52.0792,44.307,4.7693,4.0,0.808,424857.17,43.31,Metals / Mining,0.0,0.0,0.0,0.0,9.0,9.0,0.5,,"Revenue contraction, Earnings contraction",0.0,9.0,,30.9,12.0,"Revenue contraction, Earnings contraction",17.03,Avoid,"Above 50 DMA, Above 200 DMA, Healthy RSI momentum, Strong 1M absolute return, Positive 6M return, 1M Nifty outperformance, 80.0% of closes stayed inside the range | Range width 14.3% | Currently 80.1% through the range"
VBL,Consumer Defensive,Beverages - Non-Alcoholic,443.28,-1.57,179.77,676.37,146.58,34.46,29.61,488.82,513.53,6113256.35,5431906.0,0.89,Bearish,4.0,Oversold RSI,-8.7,-2.7,-15.51,0.93,-3.38,4.97,-9.63,0.68,-20.48,0.0,,91.67,Accumulation Zone,71.62,456.93,529.65,15.92,0.0,80.0% of closes stayed inside the range | Range width 15.9% | Currently 0.0% through the range,7.17,5.33,24.12,18.77,26.05,81.29,11.64,1.8,1.11,1973.8,2138.25,,,44.006,37.7022,7.6091,46.0,0.298,148997.58,55.45,FMCG / Consumer,13.0,20.0,15.0,0.0,7.0,55.0,0.86,,,3.0,58.0,"Low debt, typical of a healthy consumer business",24.24,8.0,Below 200 DMA,16.94,Avoid,"Oversold RSI, 80.0% of closes stayed inside the range | Range width 15.9% | Currently 0.0% through the range"
UNIONBANK,Financial Services,Banks - Regional,130.23,-3.38,34.45,157.89,278.09,17.52,48.45,129.9,121.73,9104091.25,8038715.0,0.88,Bullish,42.0,"Above 50 DMA, Above 200 DMA, RSI recovering",7.42,-9.75,15.32,0.93,-3.38,4.97,6.49,-6.37,10.35,28.0,"Positive 1M return, Positive 6M return, 1M Nifty outperformance",47.28,Neutral Range,71.55,118.36,142.52,20.41,49.17,80.0% of closes stayed inside the range | Range width 20.4% | Currently 49.2% through the range,3.64,0.3,,31.38,-76.22,-75.44,55.71,,,139841.38,67803.68,,,6.9131,6.9857,1.0231,2.74,0.893,142748.43,0.0,Banking,6.0,0.0,7.0,0.0,12.0,25.0,0.64,Cash covers debt,"Revenue contraction, Earnings contraction",-5.0,20.0,Weak ROE for a leveraged-balance-sheet business,27.64,12.0,"Revenue contraction, Earnings contraction",16.65,Avoid,"Above 50 DMA, Above 200 DMA, RSI recovering, Cash covers debt, Positive 1M return, Positive 6M return, 1M Nifty outperformance, 80.0% of closes stayed inside the range | Range width 20.4% | Currently 49.2% through the range"
TATACONSUM,Consumer Defensive,Packaged Foods,1109.61,-1.34,663.99,1240.54,67.11,10.55,55.5,1076.23,1036.35,1221063.1,565909.0,0.46,Bullish,60.0,"Above 50 DMA, Above 200 DMA, Healthy RSI momentum, Near 52W high momentum",5.03,1.83,17.47,0.93,-3.38,4.97,4.1,5.21,12.5,38.0,"Positive 1M return, Positive 3M return, Positive 6M return, Positive across 1M/3M/6M",31.25,Neutral Range,80.59,1053.43,1130.61,7.33,72.79,80.0% of closes stayed inside the range | Range width 7.3% | Currently 72.8% through the range,,,9.58,6.99,-72.71,-73.86,,,,,,,,64.3966,44.4085,4.823,93.0,0.414,105095.18,41.11,FMCG / Consumer,3.0,0.0,0.0,0.0,7.0,10.0,0.5,,"Revenue contraction, Earnings contraction",0.0,10.0,,24.24,15.0,"Low volume participation, Revenue contraction, Earnings contraction",16.64,Avoid,"Above 50 DMA, Above 200 DMA, Healthy RSI momentum, Near 52W high momentum, Positive 1M return, Positive 3M return, Positive 6M return, Positive across 1M/3M/6M, 80.0% of closes stayed inside the range | Range width 7.3% | Currently 72.8% through the range"
BRITANNIA,Consumer Defensive,Packaged Foods,5823.51,-0.55,3358.32,6281.59,73.41,7.29,47.78,5678.54,5191.7,383907.4,189383.0,0.49,Bullish,42.0,"Above 50 DMA, Above 200 DMA, RSI recovering",1.66,2.51,23.68,0.93,-3.38,4.97,0.73,5.89,18.71,53.0,"Positive 1M return, Positive 3M return, Positive 6M return, 6M Nifty outperformance, Positive across 1M/3M/6M",25.0,Profit Booking Zone,77.11,5236.49,5958.56,13.79,81.3,80.0% of closes stayed inside the range | Range width 13.8% | Currently 81.3% through the range,,,14.88,11.48,-74.14,-76.1,,,,,,,,52.2538,43.3854,26.629,1.62,0.421,135982.19,41.42,FMCG / Consumer,6.0,0.0,0.0,0.0,6.0,12.0,0.5,,"Revenue contraction, Earnings contraction",0.0,12.0,,24.24,15.0,"Low volume participation, Revenue contraction, Earnings contraction",16.59,Avoid,"Above 50 DMA, Above 200 DMA, RSI recovering, Positive 1M return, Positive 3M return, Positive 6M return, 6M Nifty outperformance, Positive across 1M/3M/6M, 80.0% of closes stayed inside the range | Range width 13.8% | Currently 81.3% through the range"
CHOLAFIN,Financial Services,Credit Services,1568.73,-1.44,654.07,1682.38,139.84,6.76,54.98,1509.82,1461.45,1394234.35,1273246.0,0.91,Bullish,60.0,"Above 50 DMA, Above 200 DMA, Healthy RSI momentum, Near 52W high momentum",10.5,-3.53,3.18,0.93,-3.38,4.97,9.57,-0.15,-1.79,35.0,"Strong 1M absolute return, Positive 6M return, 1M Nifty outperformance",32.07,Neutral Range,79.97,1453.7,1626.05,11.86,66.74,80.8% of closes stayed inside the range | Range width 11.9% | Currently 66.7% through the range,,,,29.29,-71.03,-73.31,,,,,,,,28.3753,19.5308,5.3643,7.0,0.477,163765.54,99.93,Financial Services,6.0,0.0,0.0,0.0,11.0,17.0,0.43,,"Revenue contraction, Earnings contraction",-4.0,13.0,Expensive relative to book value for this sector,27.64,16.0,"Revenue contraction, Earnings contraction, Limited fundamental data coverage",16.45,Avoid,"Above 50 DMA, Above 200 DMA, Healthy RSI momentum, Near 52W high momentum, Strong 1M absolute return, Positive 6M return, 1M Nifty outperformance, 80.8% of closes stayed inside the range | Range width 11.9% | Currently 66.7% through the range"
NTPC,Utilities,Utilities - Regulated Electric,332.54,-0.76,139.29,430.88,138.74,22.82,53.95,328.0,326.95,8495993.15,6337702.0,0.75,Bullish,50.0,"Above 50 DMA, Above 200 DMA, Healthy RSI momentum",4.2,1.92,-3.76,0.93,-3.38,4.97,3.27,5.3,-8.73,18.0,"Positive 1M return, Positive 3M return",62.5,Neutral Range,75.6,322.34,344.03,6.73,47.05,80.0% of closes stayed inside the range | Range width 6.7% | Currently 47.1% through the range,,,16.98,12.77,-74.73,-74.34,,,,,,,,10.3522,12.0003,1.6207,3.65,0.3,329153.35,48.18,Energy / Utilities,8.0,0.0,0.0,0.0,12.0,20.0,0.5,,"Revenue contraction, Earnings contraction",0.0,20.0,,26.05,12.0,"Revenue contraction, Earnings contraction",15.91,Avoid,"Above 50 DMA, Above 200 DMA, Healthy RSI momentum, Positive 1M return, Positive 3M return, 80.0% of closes stayed inside the range | Range width 6.7% | Currently 47.1% through the range"
SBICARD,Financial Services,Credit Services,870.8,-1.48,643.76,1023.66,35.27,14.93,57.83,834.22,842.3,1046226.5,894416.0,0.85,Bullish,60.0,"Above 50 DMA, Above 200 DMA, Healthy RSI momentum, Near 52W high momentum",8.76,-8.31,0.6,0.93,-3.38,4.97,7.83,-4.93,-4.37,28.0,"Positive 1M return, Positive 6M return, 1M Nifty outperformance",47.28,Lower Range Watch,76.33,800.78,966.69,20.72,42.2,80.0% of closes stayed inside the range | Range width 20.7% | Currently 42.2% through the range,,,,13.78,-71.72,-70.99,,,,,,,,27.1772,18.3719,3.9751,38.0,0.246,62484.85,24.65,Financial Services,5.0,0.0,0.0,0.0,11.0,16.0,0.43,,"Revenue contraction, Earnings contraction",0.0,16.0,,27.64,16.0,"Revenue contraction, Earnings contraction, Limited fundamental data coverage",15.75,Avoid,"Above 50 DMA, Above 200 DMA, Healthy RSI momentum, Near 52W high momentum, Positive 1M return, Positive 6M return, 1M Nifty outperformance, 80.0% of closes stayed inside the range | Range width 20.7% | Currently 42.2% through the range"
NYKAA,Consumer Cyclical,Internet Retail,230.62,-2.47,114.25,249.28,101.86,7.49,44.29,225.72,193.28,4453475.9,1792733.0,0.4,Bullish,38.0,"Above 50 DMA, Above 200 DMA, Weak but watchable RSI",0.2,10.67,34.12,0.93,-3.38,4.97,-0.73,14.05,29.15,78.0,"Positive 1M return, Positive 3M return, Strong 6M absolute return, 3M Nifty outperformance, 6M Nifty outperformance, Positive across 1M/3M/6M",21.67,Profit Booking Zone,75.21,192.9,237.92,23.34,83.79,80.0% of closes stayed inside the range | Range width 23.3% | Currently 83.8% through the range,,,2.99,1.08,-72.67,-64.71,,,,,,,,360.4945,111.7595,65.3226,,0.351,93989.27,45.35,Consumer Discretionary,0.0,0.0,0.0,0.0,3.0,3.0,0.43,,"Revenue contraction, Earnings contraction, Very high PE",0.0,3.0,,30.97,19.0,"Low volume participation, Revenue contraction, Earnings contraction, Limited fundamental data coverage",15.7,Avoid,"Above 50 DMA, Above 200 DMA, Weak but watchable RSI, Positive 1M return, Positive 3M return, Strong 6M absolute return, 3M Nifty outperformance, 6M Nifty outperformance, Positive across 1M/3M/6M, 80.0% of closes stayed inside the range | Range width 23.3% | Currently 83.8% through the range"
SWIGGY,Consumer Cyclical,Internet Retail,420.65,-1.28,297.0,617.3,41.63,31.86,45.77,417.43,398.66,13547081.65,11140200.0,0.82,Bullish,42.0,"Above 50 DMA, Above 200 DMA, RSI recovering",2.66,5.06,29.89,0.93,-3.38,4.97,1.73,8.44,24.92,53.0,"Positive 1M return, Positive 3M return, Positive 6M return, 6M Nifty outperformance, Positive across 1M/3M/6M",49.17,Profit Booking Zone,75.47,320.2,430.55,34.47,91.02,80.0% of closes stayed inside the range | Range width 34.5% | Currently 91.0% through the range,,,-25.04,-24.13,-67.03,61.6,,,,,,,,,-53.2182,3.9751,,,73189.75,44.37,Consumer Discretionary,0.0,10.0,0.0,0.0,2.0,12.0,0.36,,"Negative net margin, Revenue contraction",0.0,12.0,,30.97,17.0,"Negative net margin, Revenue contraction, Limited fundamental data coverage",15.6,Avoid,"Above 50 DMA, Above 200 DMA, RSI recovering, Positive 1M return, Positive 3M return, Positive 6M return, 6M Nifty outperformance, Positive across 1M/3M/6M, 80.0% of closes stayed inside the range | Range width 34.5% | Currently 91.0% through the range"
APARINDS,Industrials,Electrical Equipment & Parts,8360.5,-4.28,1147.8,11710.57,628.39,28.61,45.91,8573.36,7809.03,65392.6,67095.0,1.03,Bearish,32.0,"Above 200 DMA, RSI recovering, Normal volume support",8.13,-3.57,45.26,0.93,-3.38,4.97,7.2,-0.19,40.29,53.0,"Positive 1M return, Strong 6M absolute return, 1M Nifty outperformance, 6M Nifty outperformance",20.35,Profit Booking Zone,68.01,5491.74,8930.07,62.61,83.43,80.0% of closes stayed inside the range | Range width 62.6% | Currently 83.4% through the range,,,8.14,5.17,-72.51,-67.99,,,,,,,,57.1429,47.8647,13.4064,38.0,0.152,72330.69,21.59,Capital Goods / Infra,0.0,0.0,0.0,0.0,7.0,7.0,0.5,,"Revenue contraction, Earnings contraction",0.0,7.0,,25.43,12.0,"Revenue contraction, Earnings contraction",15.51,Avoid,"Above 200 DMA, RSI recovering, Normal volume support, Positive 1M return, Strong 6M absolute return, 1M Nifty outperformance, 6M Nifty outperformance, 80.0% of closes stayed inside the range | Range width 62.6% | Currently 83.4% through the range"
BHARTIHEXA,Communication Services,Telecom Services,1658.06,-2.98,740.06,2019.43,124.04,17.89,39.83,1747.64,1580.68,177605.1,259991.0,1.46,Bearish,33.0,"Above 200 DMA, Weak but watchable RSI, Volume expansion",-5.51,-13.68,14.28,0.93,-3.38,4.97,-6.44,-10.3,9.31,10.0,Positive 6M return,66.67,Accumulation Zone,75.11,1614.67,1838.73,13.88,19.36,80.0% of closes stayed inside the range | Range width 13.9% | Currently 19.4% through the range,6.19,2.08,27.99,17.3,-73.53,-73.78,101.61,0.29,,35.1,6425.1,1343.7,1048.1,40.7012,23.3453,10.3696,1.19,0.085,74300.0,59.93,Telecom,11.0,0.0,2.0,17.0,6.0,36.0,0.93,,"Revenue contraction, Earnings contraction",0.0,36.0,,25.86,12.0,"Revenue contraction, Earnings contraction",15.23,Avoid,"Above 200 DMA, Weak but watchable RSI, Volume expansion, Positive 6M return, 80.0% of closes stayed inside the range | Range width 13.9% | Currently 19.4% through the range"
LAURUSLABS,Healthcare,Drug Manufacturers - Specialty & Generic,830.79,-7.15,276.17,942.28,200.82,11.83,34.82,868.11,677.31,1638694.85,5612259.0,3.42,Bearish,38.0,"Above 200 DMA, Weak but watchable RSI, Strong volume expansion",-2.87,14.82,35.56,0.93,-3.38,4.97,-3.8,18.2,30.59,60.0,"Positive 3M return, Strong 6M absolute return, 3M Nifty outperformance, 6M Nifty outperformance",13.54,Profit Booking Zone,70.5,595.78,893.39,49.95,78.96,80.0% of closes stayed inside the range | Range width 50.0% | Currently 79.0% through the range,,,16.9,10.39,-71.5,-54.5,,,,,,,,91.358,64.5153,18.8439,13.0,0.357,99957.76,59.45,Pharma / Healthcare,6.0,0.0,0.0,0.0,5.0,11.0,0.5,,"Revenue contraction, Earnings contraction, Very high PE",0.0,11.0,,22.86,17.0,"Sharp daily fall, Revenue contraction, Earnings contraction",14.78,Avoid,"Above 200 DMA, Weak but watchable RSI, Strong volume expansion, Positive 3M return, Strong 6M absolute return, 3M Nifty outperformance, 6M Nifty outperformance, 80.0% of closes stayed inside the range | Range width 50.0% | Currently 79.0% through the range"
MAZDOCK,Industrials,Aerospace & Defense,2812.67,-3.3,144.32,3751.65,1848.94,25.03,47.29,2787.25,2707.58,1458844.5,943654.0,0.65,Bullish,42.0,"Above 50 DMA, Above 200 DMA, RSI recovering",8.72,-12.76,7.2,0.93,-3.38,4.97,7.79,-9.38,2.23,28.0,"Positive 1M return, Positive 6M return, 1M Nifty outperformance",47.09,Accumulation Zone,74.59,2653.62,3388.97,27.71,21.63,80.0% of closes stayed inside the range | Range width 27.7% | Currently 21.6% through the range,,,10.61,17.22,-76.55,-81.27,,,,,,,,38.4627,32.1624,10.5529,82.0,0.624,102942.58,32.58,Capital Goods / Infra,8.0,0.0,0.0,0.0,7.0,15.0,0.5,,"Revenue contraction, Earnings contraction",0.0,15.0,,25.43,12.0,"Revenue contraction, Earnings contraction",14.56,Avoid,"Above 50 DMA, Above 200 DMA, RSI recovering, Positive 1M return, Positive 6M return, 1M Nifty outperformance, 80.0% of closes stayed inside the range | Range width 27.7% | Currently 21.6% through the range"
JKCEMENT,Basic Materials,Building Materials,6323.96,-3.55,2388.03,7537.45,164.82,16.1,35.86,6761.14,5475.11,121393.7,113731.0,0.94,Bearish,23.0,"Above 200 DMA, Weak but watchable RSI",-8.62,3.46,35.02,0.93,-3.38,4.97,-9.55,6.84,30.05,45.0,"Positive 3M return, Strong 6M absolute return, 6M Nifty outperformance",35.34,Neutral Range,67.64,5061.69,6924.78,36.81,67.75,80.0% of closes stayed inside the range | Range width 36.8% | Currently 67.8% through the range,,,16.14,9.68,-70.83,-62.33,,,,,,,,43.8603,27.6921,5.922,37.0,0.412,41674.63,62.85,Cement / Realty,6.0,0.0,0.0,0.0,9.0,15.0,0.5,,"Revenue contraction, Earnings contraction",0.0,15.0,,28.68,12.0,"Revenue contraction, Earnings contraction",14.55,Avoid,"Above 200 DMA, Weak but watchable RSI, Positive 3M return, Strong 6M absolute return, 6M Nifty outperformance, 80.0% of closes stayed inside the range | Range width 36.8% | Currently 67.8% through the range"
ATHERENERG,Consumer Cyclical,Auto Manufacturers,539.9,-3.1,288.15,614.4,87.37,12.13,56.22,448.52,,4694247.1,2318093.0,0.49,Bullish,45.0,"Above 50 DMA, Healthy RSI momentum, Near 52W high momentum",19.94,62.47,,0.93,-3.38,4.97,19.01,65.85,,60.0,"Strong 1M absolute return, Strong 3M absolute return, 1M Nifty outperformance, 3M Nifty outperformance",40.83,Profit Booking Zone,69.38,310.15,542.49,74.91,98.89,78.4% of closes stayed inside the range | Range width 74.9% | Currently 98.9% through the range,,,-28.3,-27.65,-71.36,78.06,,,,,,,,,600.6882,23.3444,,,62769.64,20.9,Automobile,0.0,10.0,0.0,0.0,0.0,10.0,0.36,,"Negative net margin, Revenue contraction",0.0,10.0,,30.97,20.0,"Low volume participation, Negative net margin, Revenue contraction, Limited fundamental data coverage",14.4,Avoid,"Above 50 DMA, Healthy RSI momentum, Near 52W high momentum, Strong 1M absolute return, Strong 3M absolute return, 1M Nifty outperformance, 3M Nifty outperformance, 78.4% of closes stayed inside the range | Range width 74.9% | Currently 98.9% through the range"
KPRMILL,Consumer Cyclical,Textile Manufacturing,1065.58,-0.98,468.75,1379.22,127.32,22.74,52.21,1058.12,1023.46,387239.45,79008.0,0.2,Bullish,50.0,"Above 50 DMA, Above 200 DMA, Healthy RSI momentum",8.57,-5.95,13.44,0.93,-3.38,4.97,7.64,-2.57,8.47,28.0,"Positive 1M return, Positive 6M return, 1M Nifty outperformance",58.33,Lower Range Watch,74.38,981.36,1186.92,20.95,40.97,80.0% of closes stayed inside the range | Range width 20.9% | Currently 41.0% through the range,,,15.24,12.61,-72.52,-73.91,,,,,,,,40.8671,29.9392,6.5314,46.0,0.283,37290.43,37.35,Consumer Discretionary,8.0,0.0,0.0,0.0,7.0,15.0,0.5,,"Revenue contraction, Earnings contraction",0.0,15.0,,30.97,15.0,"Low volume participation, Revenue contraction, Earnings contraction",14.4,Avoid,"Above 50 DMA, Above 200 DMA, Healthy RSI momentum, Positive 1M return, Positive 6M return, 1M Nifty outperformance, 80.0% of closes stayed inside the range | Range width 20.9% | Currently 41.0% through the range"
ENDURANCE,Consumer Cyclical,Auto Parts,2719.1,0.56,1160.92,3067.27,134.22,11.35,40.46,2738.87,2287.51,175544.3,329760.0,1.88,Bearish,38.0,"Above 200 DMA, Weak but watchable RSI, Volume expansion, Positive day move",-4.83,-1.05,37.11,0.93,-3.38,4.97,-5.76,2.33,32.14,35.0,"Strong 6M absolute return, 6M Nifty outperformance",55.0,Profit Booking Zone,71.21,1903.73,2868.93,50.7,84.48,80.0% of closes stayed inside the range | Range width 50.7% | Currently 84.5% through the range,,,8.42,6.82,-70.81,-72.94,,,,,,,,44.723,30.1333,6.2092,38.0,0.723,42475.96,42.33,Automobile,3.0,0.0,0.0,0.0,7.0,10.0,0.5,,"Revenue contraction, Earnings contraction",0.0,10.0,,30.97,12.0,"Revenue contraction, Earnings contraction",14.4,Avoid,"Above 200 DMA, Weak but watchable RSI, Volume expansion, Positive day move, Strong 6M absolute return, 6M Nifty outperformance, 80.0% of closes stayed inside the range | Range width 50.7% | Currently 84.5% through the range"
STARHEALTH,Financial Services,Insurance - Life,445.85,-2.2,327.3,780.0,36.22,42.84,49.8,441.58,426.01,1296402.2,468090.0,0.36,Bullish,42.0,"Above 50 DMA, Above 200 DMA, RSI recovering",-0.22,5.48,26.29,0.93,-3.38,4.97,-1.15,8.86,21.32,35.0,"Positive 3M return, Positive 6M return, 6M Nifty outperformance",32.07,Profit Booking Zone,76.6,382.54,463.05,21.05,78.64,80.8% of closes stayed inside the range | Range width 21.0% | Currently 78.6% through the range,5.71,2.4,12.83,9.34,-71.54,-32.16,6.13,,,,470.0,,,51.433,20.1468,3.3841,,0.197,34318.63,21.95,Financial Services,6.0,0.0,9.0,0.0,7.0,22.0,0.64,,"Revenue contraction, Earnings contraction",-5.0,17.0,Weak ROE for a leveraged-balance-sheet business,27.64,15.0,"Low volume participation, Revenue contraction, Earnings contraction",14.35,Avoid,"Above 50 DMA, Above 200 DMA, RSI recovering, Positive 3M return, Positive 6M return, 6M Nifty outperformance, 80.8% of closes stayed inside the range | Range width 21.0% | Currently 78.6% through the range"
JIOFIN,Financial Services,Asset Management,295.16,-1.91,197.88,393.16,49.16,24.93,27.27,316.63,280.01,10510611.25,11503280.0,1.09,Bearish,24.0,"Above 200 DMA, Oversold RSI, Normal volume support",-5.09,-9.32,33.07,0.93,-3.38,4.97,-6.02,-5.94,28.1,35.0,"Strong 6M absolute return, 6M Nifty outperformance",32.07,Neutral Range,67.38,250.45,327.04,30.58,58.37,80.0% of closes stayed inside the range | Range width 30.6% | Currently 58.4% through the range,,,108.24,77.96,-69.09,-79.87,,,,,,,,79.7664,57.4103,1.211,24.0,0.502,169073.43,100.0,Financial Services,12.0,0.0,0.0,0.0,9.0,21.0,0.5,,"Revenue contraction, Earnings contraction",0.0,21.0,,27.64,12.0,"Revenue contraction, Earnings contraction",14.25,Avoid,"Above 200 DMA, Oversold RSI, Normal volume support, Strong 6M absolute return, 6M Nifty outperformance, 80.0% of closes stayed inside the range | Range width 30.6% | Currently 58.4% through the range"
BAJAJFINSV,Financial Services,Financial Conglomerates,2001.49,-1.59,1211.97,2132.14,65.14,6.13,45.07,1989.93,1907.03,1044214.8,754739.0,0.72,Bullish,42.0,"Above 50 DMA, Above 200 DMA, RSI recovering",4.69,-2.57,3.13,0.93,-3.38,4.97,3.76,0.81,-1.84,18.0,"Positive 1M return, Positive 6M return",59.24,Neutral Range,74.25,1922.24,2064.27,7.39,55.8,80.0% of closes stayed inside the range | Range width 7.4% | Currently 55.8% through the range,,,46.35,9.23,-74.95,-68.56,,,,,,,,31.9699,21.4331,4.1459,6.0,0.374,323329.46,51.48,Financial Services,9.0,0.0,0.0,0.0,11.0,20.0,0.5,,"Revenue contraction, Earnings contraction",0.0,20.0,,27.64,12.0,"Revenue contraction, Earnings contraction",14.15,Avoid,"Above 50 DMA, Above 200 DMA, RSI recovering, Positive 1M return, Positive 6M return, 80.0% of closes stayed inside the range | Range width 7.4% | Currently 55.8% through the range"
WAAREEENER,Technology,Solar,3205.8,-6.89,1861.96,3862.83,72.17,17.01,42.39,3243.27,2775.28,2865710.7,3603777.0,1.26,Bearish,28.0,"Above 200 DMA, Weak but watchable RSI, Normal volume support",-5.71,2.17,32.16,0.93,-3.38,4.97,-6.64,5.55,27.19,45.0,"Positive 3M return, Strong 6M absolute return, 6M Nifty outperformance",18.92,Neutral Range,70.46,2601.99,3417.16,31.33,74.07,80.0% of closes stayed inside the range | Range width 31.3% | Currently 74.1% through the range,,,18.42,16.84,-69.36,-60.09,,,,,,,,20.4085,16.1252,5.3126,15.0,,76745.38,30.23,IT / Technology,10.0,0.0,0.0,0.0,11.0,21.0,0.5,,"Revenue contraction, Earnings contraction",5.0,26.0,Strong operating margin,22.19,17.0,"Sharp daily fall, Revenue contraction, Earnings contraction",13.68,Avoid,"Above 200 DMA, Weak but watchable RSI, Normal volume support, Positive 3M return, Strong 6M absolute return, 6M Nifty outperformance, 80.0% of closes stayed inside the range | Range width 31.3% | Currently 74.1% through the range"
TIINDIA,Industrials,Conglomerates,3124.75,-2.61,2024.31,4798.42,54.36,34.88,45.55,3060.8,3019.55,403745.15,200317.0,0.5,Bullish,42.0,"Above 50 DMA, Above 200 DMA, RSI recovering",5.66,0.7,15.49,0.93,-3.38,4.97,4.73,4.08,10.52,38.0,"Positive 1M return, Positive 3M return, Positive 6M return, Positive across 1M/3M/6M",31.4,Profit Booking Zone,77.46,2650.31,3178.7,19.94,89.79,80.0% of closes stayed inside the range | Range width 19.9% | Currently 89.8% through the range,,,7.62,3.85,-72.66,-70.48,,,,,,,,86.5549,37.3799,7.089,16.0,-0.3,54955.18,31.7,Capital Goods / Infra,0.0,0.0,0.0,0.0,5.0,5.0,0.5,,"Revenue contraction, Earnings contraction, Very high PE",0.0,5.0,,25.43,12.0,"Revenue contraction, Earnings contraction",13.56,Avoid,"Above 50 DMA, Above 200 DMA, RSI recovering, Positive 1M return, Positive 3M return, Positive 6M return, Positive across 1M/3M/6M, 80.0% of closes stayed inside the range | Range width 19.9% | Currently 89.8% through the range"
HINDUNILVR,Consumer Defensive,Household & Personal Products,2467.11,-1.04,2066.79,2916.05,19.37,15.4,38.79,2514.4,2333.01,1336259.5,885612.0,0.66,Bearish,28.0,"Above 200 DMA, Weak but watchable RSI, Near 52W low zone",-5.56,9.47,13.01,0.93,-3.38,4.97,-6.49,12.85,8.04,35.0,"Positive 3M return, Positive 6M return, 3M Nifty outperformance",37.5,Neutral Range,71.51,2253.77,2584.96,14.7,64.42,80.0% of closes stayed inside the range | Range width 14.7% | Currently 64.4% through the range,,,21.27,17.69,-74.28,-74.12,,,,,,,,45.875,38.7544,9.9452,2.13,0.332,484720.67,50.37,FMCG / Consumer,10.0,0.0,0.0,0.0,7.0,17.0,0.5,,"Revenue contraction, Earnings contraction",0.0,17.0,,24.24,12.0,"Revenue contraction, Earnings contraction",13.34,Avoid,"Above 200 DMA, Weak but watchable RSI, Near 52W low zone, Positive 3M return, Positive 6M return, 3M Nifty outperformance, 80.0% of closes stayed inside the range | Range width 14.7% | Currently 64.4% through the range"
HUDCO,Financial Services,Credit Services,214.94,-3.68,30.31,333.2,609.24,35.49,48.42,211.51,211.14,4075996.65,2317537.0,0.57,Bullish,42.0,"Above 50 DMA, Above 200 DMA, RSI recovering",8.14,-6.41,13.03,0.93,-3.38,4.97,7.21,-3.03,8.06,28.0,"Positive 1M return, Positive 6M return, 1M Nifty outperformance",47.28,Lower Range Watch,73.88,203.63,231.77,13.82,40.21,80.0% of closes stayed inside the range | Range width 13.8% | Currently 40.2% through the range,,,,73.62,-76.21,-76.74,,,,,,,,9.2171,8.0304,1.7552,3.06,0.837,38582.62,99.96,Financial Services,6.0,0.0,0.0,0.0,15.0,21.0,0.43,,"Revenue contraction, Earnings contraction",0.0,21.0,,27.64,16.0,"Revenue contraction, Earnings contraction, Limited fundamental data coverage",13.0,Avoid,"Above 50 DMA, Above 200 DMA, RSI recovering, Positive 1M return, Positive 6M return, 1M Nifty outperformance, 80.0% of closes stayed inside the range | Range width 13.8% | Currently 40.2% through the range"
DELHIVERY,Industrials,Integrated Freight & Logistics,445.7,-2.13,236.53,608.7,88.43,26.78,36.65,458.75,357.02,1900942.35,3445147.0,1.81,Bearish,33.0,"Above 200 DMA, Weak but watchable RSI, Volume expansion",-4.78,16.43,75.0,0.93,-3.38,4.97,-5.71,19.81,70.03,60.0,"Positive 3M return, Strong 6M absolute return, 3M Nifty outperformance, 6M Nifty outperformance",15.7,Profit Booking Zone,69.32,301.24,471.73,56.59,84.73,80.0% of closes stayed inside the range | Range width 56.6% | Currently 84.7% through the range,,,0.06,3.97,-74.32,-43.84,,,,,,,,385.4508,42.6924,3.6232,,0.174,35229.57,84.92,Capital Goods / Infra,0.0,0.0,0.0,0.0,5.0,5.0,0.43,,"Revenue contraction, Earnings contraction, Very high PE",0.0,5.0,,25.43,16.0,"Revenue contraction, Earnings contraction, Limited fundamental data coverage",12.81,Avoid,"Above 200 DMA, Weak but watchable RSI, Volume expansion, Positive 3M return, Strong 6M absolute return, 3M Nifty outperformance, 6M Nifty outperformance, 80.0% of closes stayed inside the range | Range width 56.6% | Currently 84.7% through the range"
POWERINDIA,Industrials,Electrical Equipment & Parts,19109.0,-0.49,2836.07,21793.68,573.78,12.32,45.4,19737.38,15835.58,76455.7,104379.0,1.37,Bearish,37.0,"Above 200 DMA, RSI recovering, Volume expansion",-0.01,-4.46,57.03,0.93,-3.38,4.97,-0.94,-1.08,52.06,35.0,"Strong 6M absolute return, 6M Nifty outperformance",37.21,Profit Booking Zone,71.82,13918.56,20116.25,44.53,83.75,80.0% of closes stayed inside the range | Range width 44.5% | Currently 83.7% through the range,,,9.74,9.21,-77.04,-65.73,,,,,,,,138.2239,72.2106,30.8289,2.0,0.572,159569.06,38.99,Capital Goods / Infra,3.0,0.0,0.0,0.0,5.0,8.0,0.5,,"Revenue contraction, Earnings contraction, Very high PE",0.0,8.0,,25.43,12.0,"Revenue contraction, Earnings contraction",12.61,Avoid,"Above 200 DMA, RSI recovering, Volume expansion, Strong 6M absolute return, 6M Nifty outperformance, 80.0% of closes stayed inside the range | Range width 44.5% | Currently 83.7% through the range"
ICICIGI,Financial Services,Insurance - Diversified,1880.72,0.65,1022.63,2270.75,83.91,17.18,52.21,1881.96,1846.54,640041.5,1278304.0,2.0,Bearish,50.0,"Above 200 DMA, Healthy RSI momentum, Volume expansion, Positive day move",2.96,-7.17,7.26,0.93,-3.38,4.97,2.03,-3.79,2.29,18.0,"Positive 1M return, Positive 6M return",59.24,Lower Range Watch,76.47,1809.86,1998.57,10.43,37.55,80.0% of closes stayed inside the range | Range width 10.4% | Currently 37.6% through the range,4.92,1.04,,11.63,-74.2,-70.22,,,,650.41,,,,33.8369,23.2532,4.7882,85.0,0.452,81672.71,21.54,Financial Services,3.0,0.0,0.0,0.0,11.0,14.0,0.57,,"Revenue contraction, Earnings contraction",-5.0,9.0,Weak ROE for a leveraged-balance-sheet business,27.64,12.0,"Revenue contraction, Earnings contraction",12.3,Avoid,"Above 200 DMA, Healthy RSI momentum, Volume expansion, Positive day move, Positive 1M return, Positive 6M return, 80.0% of closes stayed inside the range | Range width 10.4% | Currently 37.6% through the range"
APLAPOLLO,Basic Materials,Steel,1660.1,-1.67,928.18,1929.27,78.86,13.95,47.13,1636.82,1608.61,483045.05,836539.0,1.73,Bullish,52.0,"Above 50 DMA, Above 200 DMA, RSI recovering, Volume expansion",3.45,-4.21,11.2,0.93,-3.38,4.97,2.52,-0.83,6.23,18.0,"Positive 1M return, Positive 6M return",60.34,Lower Range Watch,76.65,1575.48,1827.21,15.98,33.61,80.0% of closes stayed inside the range | Range width 16.0% | Currently 33.6% through the range,,,6.35,4.74,-74.98,-68.67,,,,,,,,45.1016,31.4255,10.471,29.0,0.301,55451.16,15.61,Metals / Mining,0.0,0.0,0.0,0.0,7.0,7.0,0.5,,"Revenue contraction, Earnings contraction",0.0,7.0,,28.68,12.0,"Revenue contraction, Earnings contraction",12.25,Avoid,"Above 50 DMA, Above 200 DMA, RSI recovering, Volume expansion, Positive 1M return, Positive 6M return, 80.0% of closes stayed inside the range | Range width 16.0% | Currently 33.6% through the range"
SOLARINDS,Basic Materials,Specialty Chemicals,13757.87,-2.7,3150.56,17798.82,336.68,22.7,38.58,14453.94,12732.11,89489.7,120026.0,1.34,Bearish,33.0,"Above 200 DMA, Weak but watchable RSI, Volume expansion",-0.21,-21.73,25.43,0.93,-3.38,4.97,-1.14,-18.35,20.46,25.0,"Positive 6M return, 6M Nifty outperformance",50.0,Accumulation Zone,72.98,13066.95,16924.56,29.52,17.91,80.0% of closes stayed inside the range | Range width 29.5% | Currently 17.9% through the range,,,22.23,15.72,-70.73,-72.0,,,,,,,,100.7965,56.2038,27.0006,6.0,0.238,169487.88,49.2,Chemicals,10.0,0.0,0.0,0.0,5.0,15.0,0.5,,"Revenue contraction, Earnings contraction, Very high PE",0.0,15.0,,28.68,12.0,"Revenue contraction, Earnings contraction",12.05,Avoid,"Above 200 DMA, Weak but watchable RSI, Volume expansion, Positive 6M return, 6M Nifty outperformance, 80.0% of closes stayed inside the range | Range width 29.5% | Currently 17.9% through the range"
DALBHARAT,Basic Materials,Building Materials,2204.79,-2.07,1448.98,2484.34,52.16,11.25,27.98,2309.97,1995.68,492520.7,397012.0,0.81,Bearish,19.0,"Above 200 DMA, Oversold RSI",-7.75,0.35,26.13,0.93,-3.38,4.97,-8.68,3.73,21.16,35.0,"Positive 3M return, Positive 6M return, 6M Nifty outperformance",43.1,Neutral Range,67.5,1925.13,2392.31,24.27,59.86,80.0% of closes stayed inside the range | Range width 24.3% | Currently 59.9% through the range,,,15.43,10.81,-73.99,-42.46,,,,,,,,36.8796,25.1706,1.921,54.0,0.184,34568.38,61.49,Cement / Realty,6.0,0.0,0.0,0.0,11.0,17.0,0.5,,"Revenue contraction, Earnings contraction",0.0,17.0,,28.68,12.0,"Revenue contraction, Earnings contraction",11.75,Avoid,"Above 200 DMA, Oversold RSI, Positive 3M return, Positive 6M return, 6M Nifty outperformance, 80.0% of closes stayed inside the range | Range width 24.3% | Currently 59.9% through the range"
BANKINDIA,Financial Services,Banks - Regional,112.65,-2.86,40.78,144.31,176.26,21.94,48.27,111.0,104.74,6313206.95,6173940.0,0.98,Bullish,42.0,"Above 50 DMA, Above 200 DMA, RSI recovering",5.48,-1.88,14.36,0.93,-3.38,4.97,4.55,1.5,9.39,18.0,"Positive 1M return, Positive 6M return",59.24,Neutral Range,75.64,105.77,115.99,9.66,67.36,80.0% of closes stayed inside the range | Range width 9.7% | Currently 67.4% through the range,2.26,0.17,,21.89,-73.5,-80.84,157.8,,,104772.41,127695.09,,,5.3869,5.6026,0.7284,3.25,0.777,66241.31,0.0,Banking,6.0,0.0,0.0,0.0,12.0,18.0,0.64,,"Revenue contraction, Earnings contraction",-5.0,13.0,Weak ROE for a leveraged-balance-sheet business,27.64,12.0,"Revenue contraction, Earnings contraction",11.7,Avoid,"Above 50 DMA, Above 200 DMA, RSI recovering, Positive 1M return, Positive 6M return, 80.0% of closes stayed inside the range | Range width 9.7% | Currently 67.4% through the range"
ZYDUSLIFE,Healthcare,Drug Manufacturers - Specialty & Generic,974.12,-4.34,341.92,1308.13,184.9,25.53,36.54,991.87,940.04,1027615.1,2575036.0,2.51,Bearish,38.0,"Above 200 DMA, Weak but watchable RSI, Strong volume expansion",-0.62,-0.38,8.67,0.93,-3.38,4.97,-1.55,3.0,3.7,10.0,Positive 6M return,59.38,Neutral Range,73.72,867.43,1023.3,17.97,68.45,80.0% of closes stayed inside the range | Range width 18.0% | Currently 68.5% through the range,,,27.73,22.68,-71.35,-67.59,,,,,,,,26.8374,24.5592,4.4723,8.0,0.37,120199.21,72.11,Pharma / Healthcare,12.0,0.0,0.0,0.0,11.0,23.0,0.5,,"Revenue contraction, Earnings contraction",0.0,23.0,,22.86,12.0,"Revenue contraction, Earnings contraction",11.48,Avoid,"Above 200 DMA, Weak but watchable RSI, Strong volume expansion, Positive 6M return, 80.0% of closes stayed inside the range | Range width 18.0% | Currently 68.5% through the range"
IDFCFIRSTB,Financial Services,Banks - Regional,68.39,-1.92,42.78,100.08,59.85,31.66,35.5,70.43,65.71,16836627.25,14698569.0,0.87,Bearish,23.0,"Above 200 DMA, Weak but watchable RSI",0.88,-5.53,20.73,0.93,-3.38,4.97,-0.05,-2.15,15.76,33.0,"Positive 1M return, Positive 6M return, 6M Nifty outperformance",40.22,Lower Range Watch,71.19,65.84,73.35,11.41,33.98,80.0% of closes stayed inside the range | Range width 11.4% | Currently 34.0% through the range,1.17,0.13,,6.33,-72.88,-69.57,110.38,,,15521.39,42815.38,,,33.1274,12.8729,1.5569,30.0,,73970.07,0.0,Banking,3.0,0.0,2.0,0.0,13.0,18.0,0.64,,"Revenue contraction, Earnings contraction",-5.0,13.0,Weak ROE for a leveraged-balance-sheet business,27.64,12.0,"Revenue contraction, Earnings contraction",10.7,Avoid,"Above 200 DMA, Weak but watchable RSI, Positive 1M return, Positive 6M return, 6M Nifty outperformance, 80.0% of closes stayed inside the range | Range width 11.4% | Currently 34.0% through the range"
MEDANTA,Healthcare,Medical Care Facilities,1299.24,-2.18,406.36,1512.82,219.73,14.12,37.8,1354.89,1213.87,286620.5,251410.0,0.88,Bearish,23.0,"Above 200 DMA, Weak but watchable RSI",-5.41,14.37,6.56,0.93,-3.38,4.97,-6.34,17.75,1.59,35.0,"Positive 3M return, Positive 6M return, 3M Nifty outperformance",33.33,Neutral Range,69.2,1176.35,1384.43,17.69,59.06,80.0% of closes stayed inside the range | Range width 17.7% | Currently 59.1% through the range,,,17.64,15.43,-72.08,-66.97,,,,,,,,67.6456,41.3212,9.4493,3.0,0.14,37445.97,52.79,Pharma / Healthcare,8.0,0.0,0.0,0.0,5.0,13.0,0.5,,"Revenue contraction, Earnings contraction",0.0,13.0,,22.86,12.0,"Revenue contraction, Earnings contraction",10.48,Avoid,"Above 200 DMA, Weak but watchable RSI, Positive 3M return, Positive 6M return, 3M Nifty outperformance, 80.0% of closes stayed inside the range | Range width 17.7% | Currently 59.1% through the range"
ATGL,Utilities,Utilities - Regulated Gas,649.02,-3.34,521.49,3994.52,24.46,83.75,52.4,622.19,637.16,4693616.55,3164703.0,0.67,Bullish,55.0,"Above 50 DMA, Above 200 DMA, Healthy RSI momentum, Near 52W low zone",9.84,-3.92,8.6,0.93,-3.38,4.97,8.91,-0.54,3.63,28.0,"Positive 1M return, Positive 6M return, 1M Nifty outperformance",40.0,Neutral Range,77.21,593.78,679.54,14.44,64.42,80.0% of closes stayed inside the range | Range width 14.4% | Currently 64.4% through the range,,,17.23,11.99,-72.26,-74.75,,,,,,,,116.2588,,14.9289,4.0,0.606,72625.95,28.25,Energy / Utilities,6.0,0.0,0.0,0.0,2.0,8.0,0.5,,"Revenue contraction, Earnings contraction, Very high PE",0.0,8.0,,26.05,17.0,"Far from 52W high, Revenue contraction, Earnings contraction",10.46,Avoid,"Above 50 DMA, Above 200 DMA, Healthy RSI momentum, Near 52W low zone, Positive 1M return, Positive 6M return, 1M Nifty outperformance, 80.0% of closes stayed inside the range | Range width 14.4% | Currently 64.4% through the range"
IDBI,Financial Services,Banks - Regional,89.57,-1.45,36.58,105.64,144.88,15.21,42.22,92.05,84.05,7266695.4,4650919.0,0.64,Bearish,23.0,"Above 200 DMA, Weak but watchable RSI",4.55,-11.55,18.06,0.93,-3.38,4.97,3.62,-8.17,13.09,18.0,"Positive 1M return, Positive 6M return",59.24,Neutral Range,67.23,78.95,98.83,25.19,53.41,80.0% of closes stayed inside the range | Range width 25.2% | Currently 53.4% through the range,3.17,0.5,,43.45,-74.17,-73.54,35.26,,,33071.03,22462.46,,,9.511,16.8286,1.2551,2.43,0.832,88664.31,0.0,Banking,6.0,0.0,10.0,0.0,12.0,28.0,0.64,Cash covers debt,"Revenue contraction, Earnings contraction",-5.0,23.0,Weak ROE for a leveraged-balance-sheet business,27.64,12.0,"Revenue contraction, Earnings contraction",10.45,Avoid,"Above 200 DMA, Weak but watchable RSI, Cash covers debt, Positive 1M return, Positive 6M return, 80.0% of closes stayed inside the range | Range width 25.2% | Currently 53.4% through the range"
CIPLA,Healthcare,Drug Manufacturers - Specialty & Generic,1485.46,-0.68,821.48,1668.41,80.83,10.97,36.89,1527.3,1470.43,1061789.3,2653841.0,2.5,Bearish,38.0,"Above 200 DMA, Weak but watchable RSI, Strong volume expansion",-5.66,-0.43,2.66,0.93,-3.38,4.97,-6.59,2.95,-2.31,10.0,Positive 6M return,59.38,Lower Range Watch,74.88,1447.35,1559.43,7.74,34.01,80.0% of closes stayed inside the range | Range width 7.7% | Currently 34.0% through the range,,,22.31,18.98,-74.81,-75.39,,,,,,,,35.0839,23.0495,3.4322,89.0,0.086,118188.92,63.28,Pharma / Healthcare,11.0,0.0,0.0,0.0,9.0,20.0,0.5,,"Revenue contraction, Earnings contraction",0.0,20.0,,22.86,12.0,"Revenue contraction, Earnings contraction",10.43,Avoid,"Above 200 DMA, Weak but watchable RSI, Strong volume expansion, Positive 6M return, 80.0% of closes stayed inside the range | Range width 7.7% | Currently 34.0% through the range"
WELCORP,Basic Materials,Steel,858.05,-1.38,171.25,985.39,401.06,12.92,43.59,881.99,825.73,408819.35,492988.0,1.21,Bearish,28.0,"Above 200 DMA, Weak but watchable RSI, Normal volume support",2.2,-6.38,4.67,0.93,-3.38,4.97,1.27,-3.0,-0.3,18.0,"Positive 1M return, Positive 6M return",60.34,Neutral Range,69.49,760.59,927.84,21.99,58.27,80.0% of closes stayed inside the range | Range width 22.0% | Currently 58.3% through the range,,,12.4,9.87,-73.34,-81.64,,,,,,,,21.3148,18.9284,5.3809,27.0,0.473,49249.35,38.4,Metals / Mining,6.0,0.0,0.0,0.0,11.0,17.0,0.5,,"Revenue contraction, Earnings contraction",0.0,17.0,,28.68,12.0,"Revenue contraction, Earnings contraction",9.75,Avoid,"Above 200 DMA, Weak but watchable RSI, Normal volume support, Positive 1M return, Positive 6M return, 80.0% of closes stayed inside the range | Range width 22.0% | Currently 58.3% through the range"
MAHABANK,Financial Services,Banks - Regional,52.38,-2.42,14.91,69.19,251.28,24.29,43.63,53.39,49.89,8750660.25,6912771.0,0.79,Bearish,23.0,"Above 200 DMA, Weak but watchable RSI",3.93,-5.46,19.98,0.93,-3.38,4.97,3.0,-2.08,15.01,33.0,"Positive 1M return, Positive 6M return, 6M Nifty outperformance",40.22,Neutral Range,70.61,47.53,55.49,16.75,60.99,80.8% of closes stayed inside the range | Range width 16.7% | Currently 61.0% through the range,,,,36.54,-70.08,-72.85,,,,,,,,8.3626,6.5496,1.7645,2.79,0.78,62970.76,0.0,Banking,6.0,0.0,0.0,0.0,15.0,21.0,0.43,,"Revenue contraction, Earnings contraction",0.0,21.0,,27.64,16.0,"Revenue contraction, Earnings contraction, Limited fundamental data coverage",9.5,Avoid,"Above 200 DMA, Weak but watchable RSI, Positive 1M return, Positive 6M return, 6M Nifty outperformance, 80.8% of closes stayed inside the range | Range width 16.7% | Currently 61.0% through the range"
SUPREMEIND,Industrials,Building Products & Equipment,4192.34,-0.86,1762.06,6324.19,137.92,33.71,39.01,4340.69,4023.32,151323.25,198687.0,1.31,Bearish,33.0,"Above 200 DMA, Weak but watchable RSI, Volume expansion",-5.3,-3.58,24.63,0.93,-3.38,4.97,-6.23,-0.2,19.66,25.0,"Positive 6M return, 6M Nifty outperformance",54.07,Neutral Range,70.69,3427.11,4529.21,32.16,69.43,80.0% of closes stayed inside the range | Range width 32.2% | Currently 69.4% through the range,,,8.66,7.75,-74.81,-78.95,,,,,,,,42.4997,33.2494,7.1243,1.05,0.182,43969.03,32.69,Capital Goods / Infra,3.0,0.0,0.0,0.0,6.0,9.0,0.5,,"Revenue contraction, Earnings contraction",0.0,9.0,,25.43,12.0,"Revenue contraction, Earnings contraction",9.46,Avoid,"Above 200 DMA, Weak but watchable RSI, Volume expansion, Positive 6M return, 6M Nifty outperformance, 80.0% of closes stayed inside the range | Range width 32.2% | Currently 69.4% through the range"
ASIANPAINT,Basic Materials,Specialty Chemicals,2319.03,-2.55,2083.96,3454.02,11.28,32.86,27.96,2451.53,2316.45,978738.55,1089446.0,1.11,Bearish,29.0,"Above 200 DMA, Oversold RSI, Near 52W low zone, Normal volume support",-6.98,0.07,1.78,0.93,-3.38,4.97,-7.91,3.45,-3.19,20.0,"Positive 3M return, Positive 6M return",53.45,Accumulation Zone,72.93,2236.96,2511.82,12.29,29.86,80.0% of closes stayed inside the range | Range width 12.3% | Currently 29.9% through the range,,,14.84,12.32,-73.61,-70.01,,,,,,,,55.0311,45.2244,12.2976,1.01,0.289,262668.52,43.53,Chemicals,8.0,0.0,0.0,0.0,6.0,14.0,0.5,,"Revenue contraction, Earnings contraction",0.0,14.0,,28.68,12.0,"Revenue contraction, Earnings contraction",9.45,Avoid,"Above 200 DMA, Oversold RSI, Near 52W low zone, Normal volume support, Positive 3M return, Positive 6M return, 80.0% of closes stayed inside the range | Range width 12.3% | Currently 29.9% through the range"
EMCURE,Healthcare,Drug Manufacturers - Specialty & Generic,1284.2,-3.14,887.17,1576.74,44.75,18.55,31.49,1393.92,1242.59,62808.8,78253.0,1.25,Bearish,28.0,"Above 200 DMA, Weak but watchable RSI, Normal volume support",-7.84,-0.54,25.48,0.93,-3.38,4.97,-8.77,2.84,20.51,25.0,"Positive 6M return, 6M Nifty outperformance",39.58,Neutral Range,67.96,1021.05,1422.96,39.36,65.48,80.0% of closes stayed inside the range | Range width 39.4% | Currently 65.5% through the range,,,14.49,9.85,-73.4,-69.63,,,,,,,,37.6541,25.8557,7.696,18.0,-0.056,38118.12,59.43,Pharma / Healthcare,6.0,0.0,0.0,0.0,7.0,13.0,0.5,,"Revenue contraction, Earnings contraction",0.0,13.0,,22.86,12.0,"Revenue contraction, Earnings contraction",9.23,Avoid,"Above 200 DMA, Weak but watchable RSI, Normal volume support, Positive 6M return, 6M Nifty outperformance, 80.0% of closes stayed inside the range | Range width 39.4% | Currently 65.5% through the range"
3MINDIA,Industrials,Conglomerates,28733.87,0.8,20146.33,39386.18,42.63,27.05,34.26,30150.42,28723.27,4630.85,2975.0,0.64,Bearish,28.0,"Above 200 DMA, Weak but watchable RSI, Positive day move",-5.23,4.04,6.09,0.93,-3.38,4.97,-6.16,7.42,1.12,20.0,"Positive 3M return, Positive 6M return",56.98,Lower Range Watch,72.42,27798.97,30514.58,9.77,34.43,80.0% of closes stayed inside the range | Range width 9.8% | Currently 34.4% through the range,,,18.94,14.86,-73.08,-62.68,,,,,,,,77.736,47.6971,22.8946,44.0,0.273,40481.03,41.86,Capital Goods / Infra,10.0,0.0,0.0,0.0,5.0,15.0,0.5,,"Revenue contraction, Earnings contraction",0.0,15.0,,25.43,12.0,"Revenue contraction, Earnings contraction",9.06,Avoid,"Above 200 DMA, Weak but watchable RSI, Positive day move, Positive 3M return, Positive 6M return, 80.0% of closes stayed inside the range | Range width 9.8% | Currently 34.4% through the range"
WIPRO,Technology,Information Technology Services,227.22,-2.58,162.77,305.88,39.59,25.71,32.28,240.14,254.45,8308552.55,16999628.0,2.05,Bearish,23.0,"Weak but watchable RSI, Strong volume expansion",-5.48,-9.62,-10.1,0.93,-3.38,4.97,-6.41,-6.24,-15.07,0.0,,87.84,Accumulation Zone,76.54,228.43,250.58,9.7,0.0,80.0% of closes stayed inside the range | Range width 9.7% | Currently 0.0% through the range,3.83,2.55,16.06,15.05,-75.15,-74.65,18.27,2.4,2.39,12576.3,15873.6,4111.9,3837.7,14.6683,13.2285,2.3486,4.33,0.394,181959.9,29.04,IT / Technology,8.0,0.0,17.0,17.0,15.0,57.0,1.0,,"Revenue contraction, Earnings contraction",0.0,57.0,,22.19,20.0,"Below 200 DMA, Revenue contraction, Earnings contraction",9.03,Avoid,"Weak but watchable RSI, Strong volume expansion, 80.0% of closes stayed inside the range | Range width 9.7% | Currently 0.0% through the range"
ICICIBANK,Financial Services,Banks - Regional,1348.23,-1.18,770.28,1476.07,75.03,8.66,26.02,1412.98,1342.09,9567677.15,18342280.0,1.92,Bearish,29.0,"Above 200 DMA, Oversold RSI, Volume expansion",-2.73,-5.24,2.56,0.93,-3.38,4.97,-3.66,-1.86,-2.41,10.0,Positive 6M return,72.83,Accumulation Zone,78.66,1382.18,1437.46,4.0,0.0,80.0% of closes stayed inside the range | Range width 4.0% | Currently 0.0% through the range,4.11,0.51,,38.07,-82.6,-73.43,65.27,,,196821.17,215148.97,,,18.4855,15.2309,2.6994,84.0,0.261,1026998.09,0.0,Banking,6.0,0.0,4.0,0.0,15.0,25.0,0.64,,"Revenue contraction, Earnings contraction",-5.0,20.0,Weak ROE for a leveraged-balance-sheet business,27.64,12.0,"Revenue contraction, Earnings contraction",8.9,Avoid,"Above 200 DMA, Oversold RSI, Volume expansion, Positive 6M return, 80.0% of closes stayed inside the range | Range width 4.0% | Currently 0.0% through the range"
PRESTIGE,Real Estate,Real Estate - Diversified,1505.5,-1.77,388.74,2067.83,287.28,27.19,36.0,1617.45,1477.57,664348.9,395032.0,0.59,Bearish,23.0,"Above 200 DMA, Weak but watchable RSI",-3.37,-8.95,26.12,0.93,-3.38,4.97,-4.3,-5.57,21.15,25.0,"Positive 6M return, 6M Nifty outperformance",20.0,Neutral Range,65.77,1299.78,1710.64,31.61,50.07,80.0% of closes stayed inside the range | Range width 31.6% | Currently 50.1% through the range,,,29.37,12.68,-67.98,-37.43,,,,,,,,60.0718,27.7803,4.2105,13.0,0.445,68516.26,58.8,Cement / Realty,11.0,0.0,0.0,0.0,7.0,18.0,0.5,,"Revenue contraction, Earnings contraction",0.0,18.0,,16.5,12.0,"Revenue contraction, Earnings contraction",8.78,Avoid,"Above 200 DMA, Weak but watchable RSI, Positive 6M return, 6M Nifty outperformance, 80.0% of closes stayed inside the range | Range width 31.6% | Currently 50.1% through the range"
VMM,Consumer Cyclical,Department Stores,143.95,-1.42,95.99,157.6,49.96,8.66,42.47,145.87,,13018885.25,9049431.0,0.7,Bearish,8.0,Weak but watchable RSI,-3.65,7.44,41.24,0.93,-3.38,4.97,-4.58,10.82,36.27,60.0,"Positive 3M return, Strong 6M absolute return, 3M Nifty outperformance, 6M Nifty outperformance",40.83,Profit Booking Zone,67.05,110.6,150.32,35.92,83.96,80.0% of closes stayed inside the range | Range width 35.9% | Currently 84.0% through the range,,,9.56,6.56,-70.7,-67.39,,,,,,,,56.8421,39.8039,6.7954,,,50595.94,28.5,Consumer Discretionary,3.0,0.0,0.0,0.0,5.0,8.0,0.43,,"Revenue contraction, Earnings contraction",0.0,8.0,,30.97,16.0,"Revenue contraction, Earnings contraction, Limited fundamental data coverage",8.45,Avoid,"Weak but watchable RSI, Positive 3M return, Strong 6M absolute return, 3M Nifty outperformance, 6M Nifty outperformance, 80.0% of closes stayed inside the range | Range width 35.9% | Currently 84.0% through the range"
ADANIENSOL,Utilities,Utilities - Independent Power Producers,879.2,-1.68,588.0,4236.75,49.52,79.25,59.6,819.73,820.82,2519341.2,1824641.0,0.72,Bullish,50.0,"Above 50 DMA, Above 200 DMA, Healthy RSI momentum",15.06,-0.29,9.49,0.93,-3.38,4.97,14.13,3.09,4.52,35.0,"Strong 1M absolute return, Positive 6M return, 1M Nifty outperformance",25.0,Neutral Range,77.08,790.0,914.17,15.72,71.84,80.0% of closes stayed inside the range | Range width 15.7% | Currently 71.8% through the range,,,27.13,7.52,-71.07,-51.65,,,,,,,,66.6528,44.2264,7.5542,,0.679,195550.42,43.66,Energy / Utilities,9.0,0.0,0.0,0.0,3.0,12.0,0.43,,"Revenue contraction, Earnings contraction",0.0,12.0,,26.05,21.0,"Far from 52W high, Revenue contraction, Earnings contraction, Limited fundamental data coverage",8.36,Avoid,"Above 50 DMA, Above 200 DMA, Healthy RSI momentum, Strong 1M absolute return, Positive 6M return, 1M Nifty outperformance, 80.0% of closes stayed inside the range | Range width 15.7% | Currently 71.8% through the range"
ULTRACEMCO,Basic Materials,Building Materials,11828.56,-0.58,5786.89,12835.02,104.4,7.84,36.21,12211.75,11413.84,238680.35,181541.0,0.76,Bearish,23.0,"Above 200 DMA, Weak but watchable RSI",-4.51,0.44,6.53,0.93,-3.38,4.97,-5.44,3.82,1.56,20.0,"Positive 3M return, Positive 6M return",53.45,Neutral Range,70.1,11021.49,12374.81,12.28,59.64,80.0% of closes stayed inside the range | Range width 12.3% | Currently 59.6% through the range,,,15.53,10.46,-71.61,-63.14,,,,,,,,41.0332,27.5174,4.5645,2.04,0.505,349797.12,58.4,Cement / Realty,6.0,0.0,0.0,0.0,9.0,15.0,0.5,,"Revenue contraction, Earnings contraction",0.0,15.0,,28.68,12.0,"Revenue contraction, Earnings contraction",8.3,Avoid,"Above 200 DMA, Weak but watchable RSI, Positive 3M return, Positive 6M return, 80.0% of closes stayed inside the range | Range width 12.3% | Currently 59.6% through the range"
PIDILITIND,Basic Materials,Specialty Chemicals,1474.8,-1.4,1107.06,1695.86,33.22,13.04,34.32,1513.93,1472.59,545600.45,731234.0,1.34,Bearish,33.0,"Above 200 DMA, Weak but watchable RSI, Volume expansion",-3.3,-2.77,4.37,0.93,-3.38,4.97,-4.23,0.61,-0.6,10.0,Positive 6M return,73.28,Accumulation Zone,76.62,1459.84,1546.73,5.95,17.22,80.0% of closes stayed inside the range | Range width 6.0% | Currently 17.2% through the range,,,22.5,17.92,-71.33,-67.61,,,,,,,,64.9428,53.7455,15.9869,68.0,0.397,173177.03,54.79,Chemicals,10.0,0.0,0.0,0.0,5.0,15.0,0.5,,"Revenue contraction, Earnings contraction",0.0,15.0,,28.68,12.0,"Revenue contraction, Earnings contraction",8.3,Avoid,"Above 200 DMA, Weak but watchable RSI, Volume expansion, Positive 6M return, 80.0% of closes stayed inside the range | Range width 6.0% | Currently 17.2% through the range"
BHEL,Industrials,Specialty Industrial Machinery,230.27,-1.54,50.9,333.29,352.38,30.91,52.71,228.61,226.21,7411445.45,4520518.0,0.61,Bullish,50.0,"Above 50 DMA, Above 200 DMA, Healthy RSI momentum",11.06,-13.07,9.96,0.93,-3.38,4.97,10.13,-9.69,4.99,35.0,"Strong 1M absolute return, Positive 6M return, 1M Nifty outperformance",37.21,Lower Range Watch,75.2,214.32,259.17,20.93,35.55,80.0% of closes stayed inside the range | Range width 20.9% | Currently 35.5% through the range,,,-11.15,-8.3,-79.94,-185.32,,,,,,,,60.2582,30.5233,5.5934,35.0,0.845,146246.66,31.47,Capital Goods / Infra,0.0,0.0,0.0,0.0,7.0,7.0,0.5,,"Negative net margin, Revenue contraction, Earnings contraction",0.0,7.0,,25.43,20.0,"Negative net margin, Revenue contraction, Earnings contraction",7.51,Avoid,"Above 50 DMA, Above 200 DMA, Healthy RSI momentum, Strong 1M absolute return, Positive 6M return, 1M Nifty outperformance, 80.0% of closes stayed inside the range | Range width 20.9% | Currently 35.5% through the range"
LTM,Technology,Information Technology Services,4988.27,-2.67,3703.55,6592.7,34.69,24.34,39.2,5097.5,5112.06,251047.85,284891.0,1.13,Bearish,13.0,"Weak but watchable RSI, Normal volume support",-1.14,-4.55,10.85,0.93,-3.38,4.97,-2.07,-1.17,5.88,10.0,Positive 6M return,52.7,Neutral Range,67.85,4412.94,5283.74,19.73,66.07,80.0% of closes stayed inside the range | Range width 19.7% | Currently 66.1% through the range,5.53,4.08,14.29,12.74,-74.11,-72.73,9.82,3.36,3.36,1879.5,2227.5,1032.9,1032.9,27.0482,20.7158,5.7545,1.55,0.261,141177.8,29.77,IT / Technology,8.0,0.0,17.0,17.0,10.0,52.0,1.0,,"Revenue contraction, Earnings contraction",0.0,52.0,,22.19,20.0,"Below 200 DMA, Revenue contraction, Earnings contraction",7.28,Avoid,"Weak but watchable RSI, Normal volume support, Positive 6M return, 80.0% of closes stayed inside the range | Range width 19.7% | Currently 66.1% through the range"
EXIDEIND,Consumer Cyclical,Auto Parts,386.95,-1.11,149.41,611.9,158.98,36.76,37.54,395.53,382.29,2497498.85,2218255.0,0.89,Bearish,23.0,"Above 200 DMA, Weak but watchable RSI",-1.88,0.8,8.84,0.93,-3.38,4.97,-2.81,4.18,3.87,20.0,"Positive 3M return, Positive 6M return",64.17,Neutral Range,69.34,366.79,410.96,12.04,45.64,80.0% of closes stayed inside the range | Range width 12.0% | Currently 45.6% through the range,,,8.29,5.81,-72.61,-65.66,,,,,,,,44.044,26.4992,2.9993,41.0,0.552,41705.25,31.41,Automobile,0.0,0.0,0.0,0.0,11.0,11.0,0.5,,"Revenue contraction, Earnings contraction",0.0,11.0,,30.97,12.0,"Revenue contraction, Earnings contraction",7.25,Avoid,"Above 200 DMA, Weak but watchable RSI, Positive 3M return, Positive 6M return, 80.0% of closes stayed inside the range | Range width 12.0% | Currently 45.6% through the range"
NESTLEIND,Consumer Defensive,Packaged Foods,1150.82,-0.93,860.07,1360.46,33.81,15.41,42.44,1156.92,1136.56,1308734.75,1011036.0,0.77,Bearish,23.0,"Above 200 DMA, Weak but watchable RSI",0.55,-5.29,4.08,0.93,-3.38,4.97,-0.38,-1.91,-0.89,18.0,"Positive 1M return, Positive 6M return",58.33,Lower Range Watch,70.79,1114.68,1205.18,8.12,39.94,80.0% of closes stayed inside the range | Range width 8.1% | Currently 39.9% through the range,,,18.59,12.74,-74.73,-79.84,,,,,,,,76.4587,60.7096,56.3512,80.0,0.426,290596.98,55.13,FMCG / Consumer,10.0,0.0,0.0,0.0,5.0,15.0,0.5,,"Revenue contraction, Earnings contraction",0.0,15.0,,24.24,12.0,"Revenue contraction, Earnings contraction",7.14,Avoid,"Above 200 DMA, Weak but watchable RSI, Positive 1M return, Positive 6M return, 80.0% of closes stayed inside the range | Range width 8.1% | Currently 39.9% through the range"
MARICO,Consumer Defensive,Household & Personal Products,695.17,-0.75,445.44,755.54,56.07,7.99,35.71,714.52,675.52,1994545.25,2170529.0,1.09,Bearish,28.0,"Above 200 DMA, Weak but watchable RSI, Normal volume support",-3.79,-2.36,10.25,0.93,-3.38,4.97,-4.72,1.02,5.28,10.0,Positive 6M return,70.83,Accumulation Zone,74.24,683.97,727.55,6.37,25.7,80.0% of closes stayed inside the range | Range width 6.4% | Currently 25.7% through the range,,,18.94,15.65,-69.99,-69.06,,,,,,,,58.8033,43.8817,26.3637,47.0,0.184,110823.09,43.87,FMCG / Consumer,10.0,0.0,0.0,0.0,7.0,17.0,0.5,,"Revenue contraction, Earnings contraction",0.0,17.0,,24.24,12.0,"Revenue contraction, Earnings contraction",7.09,Avoid,"Above 200 DMA, Weak but watchable RSI, Normal volume support, Positive 6M return, 80.0% of closes stayed inside the range | Range width 6.4% | Currently 25.7% through the range"
TATAPOWER,Utilities,Utilities - Independent Power Producers,381.44,-0.57,177.68,488.93,114.67,21.98,43.3,387.42,379.82,3858633.1,3519702.0,0.91,Bearish,23.0,"Above 200 DMA, Weak but watchable RSI",2.58,-5.34,2.68,0.93,-3.38,4.97,1.65,-1.96,-2.29,18.0,"Positive 1M return, Positive 6M return",62.5,Accumulation Zone,73.41,375.28,401.34,6.95,23.63,80.0% of closes stayed inside the range | Range width 6.9% | Currently 23.6% through the range,,,16.51,5.88,-71.88,-73.31,,,,,,,,31.5945,22.6373,3.0714,66.0,0.342,121247.16,35.71,Energy / Utilities,3.0,0.0,0.0,0.0,11.0,14.0,0.5,,"Revenue contraction, Earnings contraction",0.0,14.0,,26.05,12.0,"Revenue contraction, Earnings contraction",7.06,Avoid,"Above 200 DMA, Weak but watchable RSI, Positive 1M return, Positive 6M return, 80.0% of closes stayed inside the range | Range width 6.9% | Currently 23.6% through the range"
ABB,Industrials,Specialty Industrial Machinery,5092.38,-0.52,2557.9,8922.81,99.08,42.93,42.94,5184.94,5618.35,232675.2,348241.0,1.5,Bearish,18.0,"Weak but watchable RSI, Volume expansion",3.49,-14.76,-5.59,0.93,-3.38,4.97,2.56,-11.38,-10.56,8.0,Positive 1M return,79.07,Accumulation Zone,72.48,4988.14,5910.09,18.48,11.31,80.0% of closes stayed inside the range | Range width 18.5% | Currently 11.3% through the range,4.89,2.75,12.57,12.09,-2.7,-25.89,1.02,2.01,1.59,1096.94,73.22,,,102.0381,73.5122,17.5008,52.0,0.486,163381.35,37.28,Capital Goods / Infra,8.0,0.0,20.0,0.0,5.0,33.0,0.86,Cash covers debt,"Revenue contraction, Earnings contraction, Very high PE",0.0,33.0,,25.43,15.0,"Below 200 DMA, Earnings contraction",6.86,Avoid,"Weak but watchable RSI, Volume expansion, Cash covers debt, Positive 1M return, 80.0% of closes stayed inside the range | Range width 18.5% | Currently 11.3% through the range"
NAVINFLUOR,Basic Materials,Chemicals,4562.82,-3.7,2855.73,5431.65,59.78,16.0,38.65,4880.99,4322.91,86739.65,58281.0,0.67,Bearish,23.0,"Above 200 DMA, Weak but watchable RSI",-2.44,-4.99,9.14,0.93,-3.38,4.97,-3.37,-1.61,4.17,10.0,Positive 6M return,73.28,Lower Range Watch,69.31,4254.8,5031.59,18.26,39.65,80.0% of closes stayed inside the range | Range width 18.3% | Currently 39.7% through the range,,,23.65,16.15,-68.86,-59.4,,,,,,,,54.2102,41.8624,10.7744,19.0,0.239,42868.86,56.75,Chemicals,10.0,0.0,0.0,0.0,7.0,17.0,0.5,,"Revenue contraction, Earnings contraction",0.0,17.0,,28.68,12.0,"Revenue contraction, Earnings contraction",6.5,Avoid,"Above 200 DMA, Weak but watchable RSI, Positive 6M return, 80.0% of closes stayed inside the range | Range width 18.3% | Currently 39.7% through the range"
GMRAIRPORT,Industrials,Airports & Air Services,87.28,-2.06,33.35,103.75,161.71,15.87,41.91,89.69,82.79,17162677.9,7715812.0,0.45,Bearish,23.0,"Above 200 DMA, Weak but watchable RSI",1.41,2.45,14.48,0.93,-3.38,4.97,0.48,5.83,9.51,38.0,"Positive 1M return, Positive 3M return, Positive 6M return, Positive across 1M/3M/6M",31.4,Lower Range Watch,70.25,83.95,91.84,9.39,42.24,80.0% of closes stayed inside the range | Range width 9.4% | Currently 42.2% through the range,,,25.49,-6.6,-69.22,46.14,,,,,,,,804.2308,72.0701,-43.9655,,0.573,110394.09,57.86,Capital Goods / Infra,6.0,10.0,0.0,0.0,5.0,21.0,0.43,,"Negative net margin, Revenue contraction, Very high PE",0.0,21.0,,25.43,20.0,"Low volume participation, Negative net margin, Revenue contraction, Limited fundamental data coverage",6.41,Avoid,"Above 200 DMA, Weak but watchable RSI, Positive 1M return, Positive 3M return, Positive 6M return, Positive across 1M/3M/6M, 80.0% of closes stayed inside the range | Range width 9.4% | Currently 42.2% through the range"
HDFCBANK,Financial Services,Banks - Regional,929.67,-0.51,646.11,999.78,43.89,7.01,32.44,964.22,906.65,17287469.55,14874656.0,0.86,Bearish,23.0,"Above 200 DMA, Weak but watchable RSI",-0.69,-5.33,6.04,0.93,-3.38,4.97,-1.62,-1.95,1.07,10.0,Positive 6M return,72.83,Accumulation Zone,76.91,928.97,984.84,6.01,1.26,80.0% of closes stayed inside the range | Range width 6.0% | Currently 1.3% through the range,3.0,0.36,,19.05,-53.58,-75.86,110.5,,,214612.78,599612.81,,,15.924,11.6454,1.8511,1.78,0.414,1123335.9,0.0,Banking,6.0,0.0,2.0,0.0,14.0,22.0,0.64,,"Revenue contraction, Earnings contraction",-5.0,17.0,Weak ROE for a leveraged-balance-sheet business,27.64,12.0,"Revenue contraction, Earnings contraction",6.35,Avoid,"Above 200 DMA, Weak but watchable RSI, Positive 6M return, 80.0% of closes stayed inside the range | Range width 6.0% | Currently 1.3% through the range"
NH,Healthcare,Medical Care Facilities,1721.19,0.27,668.13,2359.4,157.61,27.05,40.23,1822.36,1660.27,288946.85,234625.0,0.81,Bearish,28.0,"Above 200 DMA, Weak but watchable RSI, Positive day move",-1.64,-20.33,6.09,0.93,-3.38,4.97,-2.57,-16.95,1.12,10.0,Positive 6M return,59.38,Accumulation Zone,76.84,1727.04,1981.33,14.72,0.0,80.0% of closes stayed inside the range | Range width 14.7% | Currently 0.0% through the range,,,16.76,13.05,-72.41,-75.11,,,,,,,,45.2285,26.3467,8.1974,24.0,,37193.68,39.83,Pharma / Healthcare,8.0,0.0,0.0,0.0,7.0,15.0,0.5,,"Revenue contraction, Earnings contraction",0.0,15.0,,22.86,12.0,"Revenue contraction, Earnings contraction",6.18,Avoid,"Above 200 DMA, Weak but watchable RSI, Positive day move, Positive 6M return, 80.0% of closes stayed inside the range | Range width 14.7% | Currently 0.0% through the range"
APOLLOHOSP,Healthcare,Medical Care Facilities,7491.32,-1.5,3944.97,7960.15,89.9,5.89,37.07,7586.69,7038.64,264090.9,207170.0,0.78,Bearish,23.0,"Above 200 DMA, Weak but watchable RSI",-1.31,3.83,15.34,0.93,-3.38,4.97,-2.24,7.21,10.37,20.0,"Positive 3M return, Positive 6M return",44.79,Neutral Range,70.89,6885.3,7804.24,13.35,65.95,80.0% of closes stayed inside the range | Range width 13.3% | Currently 65.9% through the range,,,10.91,7.41,-72.86,-70.07,,,,,,,,64.9369,40.1114,13.0391,23.0,0.201,123611.67,34.63,Pharma / Healthcare,6.0,0.0,0.0,0.0,5.0,11.0,0.5,,"Revenue contraction, Earnings contraction",0.0,11.0,,22.86,12.0,"Revenue contraction, Earnings contraction",6.03,Avoid,"Above 200 DMA, Weak but watchable RSI, Positive 3M return, Positive 6M return, 80.0% of closes stayed inside the range | Range width 13.3% | Currently 65.9% through the range"
AUROPHARMA,Healthcare,Drug Manufacturers - Specialty & Generic,1090.0,-0.64,391.5,1586.05,178.41,31.28,51.61,1082.71,1146.85,1447444.3,2425821.0,1.68,Bullish,45.0,"Above 50 DMA, Healthy RSI momentum, Volume expansion",6.04,-3.59,-5.47,0.93,-3.38,4.97,5.11,-0.21,-10.44,18.0,"Positive 1M return, 1M Nifty outperformance",47.92,Accumulation Zone,76.17,1046.32,1201.52,14.83,28.14,80.0% of closes stayed inside the range | Range width 14.8% | Currently 28.1% through the range,,,15.37,10.58,-75.17,-76.34,,,,,,,,25.9052,18.0068,2.5552,24.0,0.022,95915.5,58.85,Pharma / Healthcare,6.0,0.0,0.0,0.0,13.0,19.0,0.5,,"Revenue contraction, Earnings contraction",0.0,19.0,,22.86,20.0,"Below 200 DMA, Revenue contraction, Earnings contraction",5.83,Avoid,"Above 50 DMA, Healthy RSI momentum, Volume expansion, Positive 1M return, 1M Nifty outperformance, 80.0% of closes stayed inside the range | Range width 14.8% | Currently 28.1% through the range"
ITCHOTELS,Consumer Cyclical,Resorts & Casinos,223.26,-1.95,154.09,259.92,44.89,14.1,33.97,237.43,,2422450.4,2218633.0,0.92,Bearish,8.0,Weak but watchable RSI,-5.75,1.05,17.64,0.93,-3.38,4.97,-6.68,4.43,12.67,20.0,"Positive 3M return, Positive 6M return",64.17,Neutral Range,64.85,196.96,243.23,23.49,56.82,80.0% of closes stayed inside the range | Range width 23.5% | Currently 56.8% through the range,,,17.58,16.45,-77.06,-79.03,,,,,,,,40.1718,28.8883,3.0075,60.0,,35060.66,61.83,Consumer Discretionary,8.0,0.0,0.0,0.0,9.0,17.0,0.5,,"Revenue contraction, Earnings contraction",0.0,17.0,,30.97,12.0,"Revenue contraction, Earnings contraction",5.6,Avoid,"Weak but watchable RSI, Positive 3M return, Positive 6M return, 80.0% of closes stayed inside the range | Range width 23.5% | Currently 56.8% through the range"
GRASIM,Basic Materials,Building Materials,2738.27,-1.14,1496.78,2901.96,82.94,5.64,38.71,2772.62,2616.38,525553.5,523045.0,1.0,Bearish,23.0,"Above 200 DMA, Weak but watchable RSI",-1.04,-3.08,6.79,0.93,-3.38,4.97,-1.97,0.3,1.82,10.0,Positive 6M return,73.28,Neutral Range,70.96,2596.07,2825.75,8.85,61.91,80.0% of closes stayed inside the range | Range width 8.8% | Currently 61.9% through the range,,,10.66,3.54,-72.74,-61.72,,,,,,,,45.2565,22.5144,2.1683,30.0,0.355,224352.46,55.8,Cement / Realty,3.0,0.0,0.0,0.0,11.0,14.0,0.5,,"Revenue contraction, Earnings contraction",0.0,14.0,,28.68,12.0,"Revenue contraction, Earnings contraction",5.45,Avoid,"Above 200 DMA, Weak but watchable RSI, Positive 6M return, 80.0% of closes stayed inside the range | Range width 8.8% | Currently 61.9% through the range"
COROMANDEL,Basic Materials,Agricultural Inputs,2176.0,-2.32,814.36,2705.59,167.2,19.57,39.23,2347.88,2110.59,356610.8,322266.0,0.9,Bearish,23.0,"Above 200 DMA, Weak but watchable RSI",-5.3,-12.38,10.88,0.93,-3.38,4.97,-6.23,-9.0,5.91,10.0,Positive 6M return,73.28,Accumulation Zone,76.29,2182.08,2429.79,11.35,0.0,80.0% of closes stayed inside the range | Range width 11.4% | Currently 0.0% through the range,,,9.39,7.17,-55.81,-75.56,,,,,,,,33.365,21.4553,4.8621,53.0,0.143,61057.99,23.99,General,3.0,0.0,0.0,0.0,11.0,14.0,0.5,,"Revenue contraction, Earnings contraction",0.0,14.0,,28.68,12.0,"Revenue contraction, Earnings contraction",5.45,Avoid,"Above 200 DMA, Weak but watchable RSI, Positive 6M return, 80.0% of closes stayed inside the range | Range width 11.4% | Currently 0.0% through the range"
AMBUJACEM,Basic Materials,Building Materials,562.42,-2.45,309.86,700.9,81.51,19.76,41.14,583.27,546.29,4359422.3,1858418.0,0.43,Bearish,23.0,"Above 200 DMA, Weak but watchable RSI",0.36,-2.12,6.54,0.93,-3.38,4.97,-0.57,1.26,1.57,18.0,"Positive 1M return, Positive 6M return",60.34,Neutral Range,68.92,532.85,592.91,11.27,49.23,80.0% of closes stayed inside the range | Range width 11.3% | Currently 49.2% through the range,,,11.66,8.48,-69.56,-79.81,,,,,,,,23.7585,28.9663,1.7535,47.0,0.221,104610.8,56.82,Cement / Realty,6.0,0.0,0.0,0.0,10.0,16.0,0.5,,"Revenue contraction, Earnings contraction",0.0,16.0,,28.68,15.0,"Low volume participation, Revenue contraction, Earnings contraction",5.15,Avoid,"Above 200 DMA, Weak but watchable RSI, Positive 1M return, Positive 6M return, 80.0% of closes stayed inside the range | Range width 11.3% | Currently 49.2% through the range"
BDL,Industrials,Aerospace & Defense,1492.49,-3.73,383.25,2088.32,289.43,28.53,41.68,1556.48,1467.3,1608644.55,943640.0,0.59,Bearish,23.0,"Above 200 DMA, Weak but watchable RSI",4.37,-22.89,12.94,0.93,-3.38,4.97,3.44,-19.51,7.97,18.0,"Positive 1M return, Positive 6M return",62.21,Accumulation Zone,70.4,1421.75,1952.88,37.36,13.32,80.0% of closes stayed inside the range | Range width 37.4% | Currently 13.3% through the range,,,-27.28,7.94,-93.05,-96.66,,,,,,,,113.6556,43.4794,11.5734,39.0,0.326,49119.37,49.94,Capital Goods / Infra,3.0,0.0,0.0,0.0,5.0,8.0,0.5,,"Revenue contraction, Earnings contraction, Very high PE",0.0,8.0,,25.43,12.0,"Revenue contraction, Earnings contraction",4.86,Avoid,"Above 200 DMA, Weak but watchable RSI, Positive 1M return, Positive 6M return, 80.0% of closes stayed inside the range | Range width 37.4% | Currently 13.3% through the range"
HDFCLIFE,Financial Services,Insurance - Life,761.69,-0.08,451.88,817.84,68.56,6.87,44.74,765.92,703.75,2811269.45,2956314.0,1.05,Bearish,28.0,"Above 200 DMA, Weak but watchable RSI, Normal volume support",-0.99,-6.13,14.68,0.93,-3.38,4.97,-1.92,-2.75,9.71,10.0,Positive 6M return,72.83,Neutral Range,73.66,709.0,785.95,10.85,68.47,80.8% of closes stayed inside the range | Range width 10.9% | Currently 68.5% through the range,3.22,0.15,,1.86,-67.28,-69.72,17.34,,,567.0,2950.0,,,58.4967,44.8408,5.9286,39.0,0.502,116632.92,10.2,Financial Services,0.0,0.0,9.0,0.0,9.0,18.0,0.64,,"Revenue contraction, Earnings contraction",-9.0,9.0,"Weak ROE for a leveraged-balance-sheet business, Expensive relative to book value for this sector",27.64,12.0,"Revenue contraction, Earnings contraction",4.8,Avoid,"Above 200 DMA, Weak but watchable RSI, Normal volume support, Positive 6M return, 80.8% of closes stayed inside the range | Range width 10.9% | Currently 68.5% through the range"
HDBFS,Financial Services,Credit Services,751.67,-1.47,728.65,886.97,3.16,15.25,38.59,769.7,,691815.95,593459.0,0.86,Bearish,16.0,"Weak but watchable RSI, Near 52W low with stable RSI",-2.87,,,0.93,-3.38,4.97,-3.8,,,0.0,,96.74,,,,,,,,,,31.03,12.78,-72.38,-73.91,,,,,,,,20.572,14.6315,2.7676,58.0,,57059.81,99.79,Financial Services,11.0,0.0,0.0,0.0,13.0,24.0,0.5,,"Revenue contraction, Earnings contraction",0.0,24.0,,27.64,12.0,"Revenue contraction, Earnings contraction",4.55,Avoid,"Weak but watchable RSI, Near 52W low with stable RSI"
DMART,Consumer Defensive,Discount Stores,4517.8,-1.28,3292.0,5484.85,37.24,17.63,42.42,4463.34,4050.47,400787.95,504865.0,1.26,Bullish,43.0,"Above 50 DMA, Above 200 DMA, Weak but watchable RSI, Normal volume support",-5.0,3.33,14.5,0.93,-3.38,4.97,-5.93,6.71,9.53,20.0,"Positive 3M return, Positive 6M return",54.17,Neutral Range,75.35,4023.46,4714.42,17.17,71.54,80.0% of closes stayed inside the range | Range width 17.2% | Currently 71.5% through the range,,,6.52,4.72,-72.38,-71.46,,,,,,,,85.8843,58.628,10.7462,,0.228,263507.36,15.19,General,0.0,0.0,0.0,0.0,3.0,3.0,0.43,,"Revenue contraction, Earnings contraction, Very high PE",0.0,3.0,,24.24,16.0,"Revenue contraction, Earnings contraction, Limited fundamental data coverage",4.44,Avoid,"Above 50 DMA, Above 200 DMA, Weak but watchable RSI, Normal volume support, Positive 3M return, Positive 6M return, 80.0% of closes stayed inside the range | Range width 17.2% | Currently 71.5% through the range"
GODREJIND,Industrials,Conglomerates,1195.0,-1.44,395.0,1390.0,202.53,14.03,47.58,1186.78,1122.87,183804.15,113550.0,0.62,Bullish,42.0,"Above 50 DMA, Above 200 DMA, RSI recovering",-2.86,-4.11,4.22,0.93,-3.38,4.97,-3.79,-0.73,-0.75,10.0,Positive 6M return,70.35,Neutral Range,72.11,1100.44,1285.75,16.84,51.03,80.0% of closes stayed inside the range | Range width 16.8% | Currently 51.0% through the range,,,6.35,7.83,-77.24,-64.42,,,,,,,,33.4833,,3.7223,,0.635,41607.84,40.36,Capital Goods / Infra,3.0,0.0,0.0,0.0,6.0,9.0,0.43,,"Revenue contraction, Earnings contraction",0.0,9.0,,25.43,16.0,"Revenue contraction, Earnings contraction, Limited fundamental data coverage",3.96,Avoid,"Above 50 DMA, Above 200 DMA, RSI recovering, Positive 6M return, 80.0% of closes stayed inside the range | Range width 16.8% | Currently 51.0% through the range"
MANKIND,Healthcare,Drug Manufacturers - Specialty & Generic,2482.9,-1.71,1241.51,3053.6,99.99,18.69,39.56,2558.16,2505.49,337043.7,335153.0,0.99,Bearish,8.0,Weak but watchable RSI,0.47,7.07,3.34,0.93,-3.38,4.97,-0.46,10.45,-1.63,53.0,"Positive 1M return, Positive 3M return, Positive 6M return, 3M Nifty outperformance, Positive across 1M/3M/6M",19.79,Neutral Range,65.98,2349.27,2606.97,10.97,51.85,80.0% of closes stayed inside the range | Range width 11.0% | Currently 51.9% through the range,,,17.59,12.28,-70.75,-77.98,,,,,,,,49.1833,34.567,6.1622,8.0,0.46,100486.05,70.76,Pharma / Healthcare,8.0,0.0,0.0,0.0,7.0,15.0,0.5,,"Revenue contraction, Earnings contraction",0.0,15.0,,22.86,20.0,"Below 200 DMA, Revenue contraction, Earnings contraction",3.93,Avoid,"Weak but watchable RSI, Positive 1M return, Positive 3M return, Positive 6M return, 3M Nifty outperformance, Positive across 1M/3M/6M, 80.0% of closes stayed inside the range | Range width 11.0% | Currently 51.9% through the range"
ONGC,Energy,Oil & Gas Integrated,226.99,-0.69,96.9,310.8,134.24,26.97,55.18,225.65,229.11,8274068.15,6349466.0,0.77,Bullish,35.0,"Above 50 DMA, Healthy RSI momentum",2.38,-2.02,-0.19,0.93,-3.38,4.97,1.45,1.36,-5.16,8.0,Positive 1M return,76.67,Lower Range Watch,73.99,221.69,235.97,6.44,37.1,80.0% of closes stayed inside the range | Range width 6.4% | Currently 37.1% through the range,,,18.66,6.01,-73.22,-72.94,,,,,,,,6.909,5.754,0.809,6.06,0.107,300731.57,35.33,Energy / Utilities,8.0,0.0,0.0,0.0,15.0,23.0,0.5,,"Revenue contraction, Earnings contraction",0.0,23.0,,30.9,20.0,"Below 200 DMA, Revenue contraction, Earnings contraction",3.43,Avoid,"Above 50 DMA, Healthy RSI momentum, Positive 1M return, 80.0% of closes stayed inside the range | Range width 6.4% | Currently 37.1% through the range"
OIL,Energy,Oil & Gas Integrated,400.83,-1.1,95.09,729.69,321.54,45.07,54.15,404.85,405.76,1707796.9,1503166.0,0.88,Bearish,20.0,Healthy RSI momentum,5.5,-5.17,8.11,0.93,-3.38,4.97,4.57,-1.79,3.14,18.0,"Positive 1M return, Positive 6M return",63.33,Lower Range Watch,70.53,383.48,439.5,14.61,30.97,80.0% of closes stayed inside the range | Range width 14.6% | Currently 31.0% through the range,,,21.74,23.92,-75.61,-71.05,,,,,,,,9.1579,7.5062,1.3235,4.04,0.253,76775.88,56.89,Energy / Utilities,11.0,0.0,0.0,0.0,15.0,26.0,0.5,,"Revenue contraction, Earnings contraction",0.0,26.0,,30.9,20.0,"Below 200 DMA, Revenue contraction, Earnings contraction",3.23,Avoid,"Healthy RSI momentum, Positive 1M return, Positive 6M return, 80.0% of closes stayed inside the range | Range width 14.6% | Currently 31.0% through the range"
SBILIFE,Financial Services,Insurance - Life,1796.3,-0.61,1048.65,1929.64,71.3,6.91,44.15,1823.71,1649.33,926623.2,1561042.0,1.68,Bearish,33.0,"Above 200 DMA, Weak but watchable RSI, Volume expansion",-0.37,-2.15,16.71,0.93,-3.38,4.97,-1.3,1.23,11.74,10.0,Positive 6M return,72.83,Neutral Range,73.79,1686.1,1849.01,9.66,67.65,80.0% of closes stayed inside the range | Range width 9.7% | Currently 67.6% through the range,3.33,0.12,,1.52,-66.2,-75.37,,,,2440.03,,,,70.6291,52.3737,9.1193,15.0,0.366,183596.77,9.71,Financial Services,0.0,0.0,0.0,0.0,5.0,5.0,0.57,,"Revenue contraction, Earnings contraction",-9.0,0.0,"Weak ROE for a leveraged-balance-sheet business, Expensive relative to book value for this sector",27.64,12.0,"Revenue contraction, Earnings contraction",2.9,Avoid,"Above 200 DMA, Weak but watchable RSI, Volume expansion, Positive 6M return, 80.0% of closes stayed inside the range | Range width 9.7% | Currently 67.6% through the range"
FACT,Basic Materials,Agricultural Inputs,942.65,-2.46,103.66,1185.35,809.39,20.48,39.97,967.86,882.35,314884.65,149955.0,0.48,Bearish,23.0,"Above 200 DMA, Weak but watchable RSI",1.96,-3.24,47.04,0.93,-3.38,4.97,1.03,0.14,42.07,43.0,"Positive 1M return, Strong 6M absolute return, 6M Nifty outperformance",37.93,Neutral Range,68.32,761.13,1021.48,34.21,69.72,80.0% of closes stayed inside the range | Range width 34.2% | Currently 69.7% through the range,,,1.63,0.41,-74.26,-89.62,,,,,,,,,,38.5634,5.0,,53030.78,47.47,General,0.0,0.0,0.0,0.0,2.0,2.0,0.43,,"Revenue contraction, Earnings contraction",0.0,2.0,,28.68,19.0,"Low volume participation, Revenue contraction, Earnings contraction, Limited fundamental data coverage",2.5,Avoid,"Above 200 DMA, Weak but watchable RSI, Positive 1M return, Strong 6M absolute return, 6M Nifty outperformance, 80.0% of closes stayed inside the range | Range width 34.2% | Currently 69.7% through the range"
BAJAJHLDNG,Financial Services,Asset Management,12542.15,-1.56,4965.59,14510.04,152.58,13.56,38.35,13283.6,12338.65,48102.45,32351.0,0.67,Bearish,23.0,"Above 200 DMA, Weak but watchable RSI",-0.07,-11.25,1.49,0.93,-3.38,4.97,-1.0,-7.87,-3.48,10.0,Positive 6M return,72.83,Lower Range Watch,69.41,11691.71,13921.4,19.07,38.14,80.0% of closes stayed inside the range | Range width 19.1% | Currently 38.1% through the range,,,,92.91,-45.42,-46.53,,,,,,,,14.5501,,1.7617,1.39,0.154,128866.75,98.98,Financial Services,6.0,0.0,0.0,0.0,11.0,17.0,0.43,,"Revenue contraction, Earnings contraction",0.0,17.0,,27.64,16.0,"Revenue contraction, Earnings contraction, Limited fundamental data coverage",2.35,Avoid,"Above 200 DMA, Weak but watchable RSI, Positive 6M return, 80.0% of closes stayed inside the range | Range width 19.1% | Currently 38.1% through the range"
INFY,Technology,Information Technology Services,1396.83,-2.42,1064.05,1907.5,31.28,26.77,39.44,1441.93,1570.47,8069400.6,8597058.0,1.07,Bearish,13.0,"Weak but watchable RSI, Normal volume support",-1.41,-9.55,-8.14,0.93,-3.38,4.97,-2.34,-6.17,-13.11,0.0,,87.84,Accumulation Zone,72.47,1379.19,1557.75,12.95,9.88,80.0% of closes stayed inside the range | Range width 12.9% | Currently 9.9% through the range,7.31,4.64,20.81,16.37,-74.37,-74.38,6.26,2.18,,320.2,69.3,,,15.4324,14.7125,5.1946,4.2,0.107,476334.99,29.68,IT / Technology,10.0,0.0,17.0,0.0,13.0,40.0,0.79,Cash covers debt,"Revenue contraction, Earnings contraction",5.0,45.0,Strong operating margin,22.19,20.0,"Below 200 DMA, Revenue contraction, Earnings contraction",2.33,Avoid,"Weak but watchable RSI, Normal volume support, Cash covers debt, 80.0% of closes stayed inside the range | Range width 12.9% | Currently 9.9% through the range"
FLUOROCHEM,Basic Materials,Specialty Chemicals,3679.0,-2.74,2472.27,4877.1,48.81,24.57,53.19,3540.81,3740.81,367678.7,77451.0,0.21,Bullish,35.0,"Above 50 DMA, Healthy RSI momentum",7.84,1.41,-7.41,0.93,-3.38,4.97,6.91,4.79,-12.38,28.0,"Positive 1M return, Positive 3M return, 1M Nifty outperformance",47.41,Neutral Range,70.53,3393.11,3962.43,16.78,50.22,80.0% of closes stayed inside the range | Range width 16.8% | Currently 50.2% through the range,,,18.35,14.36,-72.96,-66.3,,,,,,,,87.6185,44.0047,6.5534,7.0,-0.005,50155.31,51.34,Chemicals,10.0,0.0,0.0,0.0,5.0,15.0,0.5,,"Revenue contraction, Earnings contraction, Very high PE",0.0,15.0,,28.68,23.0,"Below 200 DMA, Low volume participation, Revenue contraction, Earnings contraction",2.3,Avoid,"Above 50 DMA, Healthy RSI momentum, Positive 1M return, Positive 3M return, 1M Nifty outperformance, 80.0% of closes stayed inside the range | Range width 16.8% | Currently 50.2% through the range"
BSE,Financial Services,Financial Data & Stock Exchanges,2037.83,-0.0,131.96,3022.04,1444.22,32.57,31.37,2323.41,2126.02,4400695.05,4532697.0,1.03,Bearish,13.0,"Weak but watchable RSI, Normal volume support",-2.53,-26.24,37.42,0.93,-3.38,4.97,-3.46,-22.86,32.45,35.0,"Strong 6M absolute return, 6M Nifty outperformance",32.07,Accumulation Zone,70.85,2070.82,2767.83,33.66,0.0,80.0% of closes stayed inside the range | Range width 33.7% | Currently 0.0% through the range,,,62.49,56.31,-65.01,-59.32,,,,,,,,51.2199,37.9807,18.1646,28.0,0.471,143241.73,99.59,Financial Services,12.0,0.0,0.0,0.0,7.0,19.0,0.5,,"Revenue contraction, Earnings contraction",-4.0,15.0,Expensive relative to book value for this sector,27.64,20.0,"Below 200 DMA, Revenue contraction, Earnings contraction",1.4,Avoid,"Weak but watchable RSI, Normal volume support, Strong 6M absolute return, 6M Nifty outperformance, 80.0% of closes stayed inside the range | Range width 33.7% | Currently 0.0% through the range"
AEGISLOG,Energy,Oil & Gas Refining & Marketing,744.53,-3.28,235.58,1020.67,216.05,27.05,50.91,726.02,760.1,1132463.3,290684.0,0.26,Bullish,35.0,"Above 50 DMA, Healthy RSI momentum",11.36,-2.74,-3.85,0.93,-3.38,4.97,10.43,0.64,-8.82,25.0,"Strong 1M absolute return, 1M Nifty outperformance",53.33,Neutral Range,71.37,698.5,796.53,14.03,46.96,80.0% of closes stayed inside the range | Range width 14.0% | Currently 47.0% through the range,,,11.53,7.64,-73.83,-80.2,,,,,,,,36.3676,33.7418,7.3301,1.03,0.55,44383.95,26.48,Energy / Utilities,6.0,0.0,0.0,0.0,6.0,12.0,0.5,,"Revenue contraction, Earnings contraction",0.0,12.0,,30.9,23.0,"Below 200 DMA, Low volume participation, Revenue contraction, Earnings contraction",0.84,Avoid,"Above 50 DMA, Healthy RSI momentum, Strong 1M absolute return, 1M Nifty outperformance, 80.0% of closes stayed inside the range | Range width 14.0% | Currently 47.0% through the range"
LICI,Financial Services,Insurance - Life,426.23,-1.77,252.0,589.19,69.14,27.66,41.63,434.75,416.49,2109162.4,999840.0,0.47,Bearish,23.0,"Above 200 DMA, Weak but watchable RSI",2.38,-9.13,12.35,0.93,-3.38,4.97,1.45,-5.75,7.38,18.0,"Positive 1M return, Positive 6M return",59.24,Neutral Range,68.44,383.5,459.63,19.85,56.13,80.0% of closes stayed inside the range | Range width 19.9% | Currently 56.1% through the range,,,,4.87,-74.75,-77.32,,,,,,,,8.5468,7.091,2.9869,2.46,0.543,527504.82,11.08,Financial Services,0.0,0.0,0.0,0.0,15.0,15.0,0.43,,"Revenue contraction, Earnings contraction",0.0,15.0,,27.64,19.0,"Low volume participation, Revenue contraction, Earnings contraction, Limited fundamental data coverage",0.65,Avoid,"Above 200 DMA, Weak but watchable RSI, Positive 1M return, Positive 6M return, 80.0% of closes stayed inside the range | Range width 19.9% | Currently 56.1% through the range"
IPCALAB,Healthcare,Drug Manufacturers - Specialty & Generic,1366.46,1.53,663.43,1747.4,105.97,21.8,51.29,1389.89,1430.2,194035.9,339048.0,1.75,Bearish,35.0,"Healthy RSI momentum, Volume expansion, Positive day move",-0.95,-1.2,-4.2,0.93,-3.38,4.97,-1.88,2.18,-9.17,0.0,,87.5,Accumulation Zone,74.69,1327.67,1462.97,10.19,28.66,80.0% of closes stayed inside the range | Range width 10.2% | Currently 28.7% through the range,,,13.7,10.1,-73.92,-68.39,,,,,,,,39.3189,26.9068,5.5581,34.0,0.035,44819.39,67.23,Pharma / Healthcare,6.0,0.0,0.0,0.0,9.0,15.0,0.5,,"Revenue contraction, Earnings contraction",0.0,15.0,,22.86,20.0,"Below 200 DMA, Revenue contraction, Earnings contraction",0.0,Avoid,"Healthy RSI momentum, Volume expansion, Positive day move, 80.0% of closes stayed inside the range | Range width 10.2% | Currently 28.7% through the range"
CONCOR,Industrials,Railroads,517.1,-0.93,471.37,1141.62,9.7,54.7,32.99,550.78,578.55,1455100.95,2785713.0,1.91,Bearish,26.0,"Weak but watchable RSI, Near 52W low with stable RSI, Volume expansion",-0.48,-13.41,-3.97,0.93,-3.38,4.97,-1.41,-10.03,-8.94,0.0,,92.44,Accumulation Zone,77.28,528.27,610.01,15.47,0.0,80.8% of closes stayed inside the range | Range width 15.5% | Currently 0.0% through the range,,,12.59,12.38,-75.77,-79.34,,,,,,,,31.2607,21.9481,3.0133,1.25,0.228,38998.65,39.47,Capital Goods / Infra,8.0,0.0,0.0,0.0,10.0,18.0,0.5,,"Revenue contraction, Earnings contraction",0.0,18.0,,25.43,20.0,"Below 200 DMA, Revenue contraction, Earnings contraction",0.0,Avoid,"Weak but watchable RSI, Near 52W low with stable RSI, Volume expansion, 80.8% of closes stayed inside the range | Range width 15.5% | Currently 0.0% through the range"
BALKRISIND,Consumer Cyclical,Auto Parts,2335.98,-1.42,1750.0,3327.52,33.48,29.8,40.5,2464.47,2563.36,177822.45,39308.0,0.22,Bearish,8.0,Weak but watchable RSI,2.74,-3.52,-8.6,0.93,-3.38,4.97,1.81,-0.14,-13.57,8.0,Positive 1M return,84.17,Accumulation Zone,72.41,2334.56,2705.54,15.89,0.38,80.0% of closes stayed inside the range | Range width 15.9% | Currently 0.4% through the range,,,11.52,10.45,-73.35,-82.58,,,,,,,,34.3358,24.8272,4.406,75.0,0.321,48269.36,50.17,Automobile,6.0,0.0,0.0,0.0,11.0,17.0,0.5,,"Revenue contraction, Earnings contraction",0.0,17.0,,30.97,23.0,"Below 200 DMA, Low volume participation, Revenue contraction, Earnings contraction",0.0,Avoid,"Weak but watchable RSI, Positive 1M return, 80.0% of closes stayed inside the range | Range width 15.9% | Currently 0.4% through the range"
THERMAX,Industrials,Conglomerates,3184.69,-1.09,1804.31,5792.82,76.5,45.02,38.46,3419.47,3525.37,104411.75,90386.0,0.87,Bearish,8.0,Weak but watchable RSI,-0.31,-6.1,-7.68,0.93,-3.38,4.97,-1.24,-2.72,-12.65,0.0,,92.44,Accumulation Zone,72.89,3219.16,3638.63,13.03,0.0,80.0% of closes stayed inside the range | Range width 13.0% | Currently 0.0% through the range,,,8.79,7.25,-79.53,-75.98,,,,,,,,77.4232,45.6669,8.2899,35.0,0.321,45997.83,34.09,Capital Goods / Infra,3.0,0.0,0.0,0.0,5.0,8.0,0.5,,"Revenue contraction, Earnings contraction",0.0,8.0,,25.43,20.0,"Below 200 DMA, Revenue contraction, Earnings contraction",0.0,Avoid,"Weak but watchable RSI, 80.0% of closes stayed inside the range | Range width 13.0% | Currently 0.0% through the range"
BAJAJHFL,Financial Services,Mortgage Finance,110.43,-0.75,103.1,188.5,7.11,41.42,36.64,114.16,118.93,3675682.75,2586616.0,0.7,Bearish,16.0,"Weak but watchable RSI, Near 52W low with stable RSI",-0.73,-9.37,-4.79,0.93,-3.38,4.97,-1.66,-5.99,-9.76,0.0,,96.74,Accumulation Zone,74.81,112.22,125.05,11.43,0.0,80.0% of closes stayed inside the range | Range width 11.4% | Currently 0.0% through the range,,,29.37,22.71,-72.02,-73.03,,,,,,,,26.405,19.4619,3.1343,,,70593.74,99.29,Financial Services,12.0,0.0,0.0,0.0,9.0,21.0,0.43,,"Revenue contraction, Earnings contraction",0.0,21.0,,27.64,24.0,"Below 200 DMA, Revenue contraction, Earnings contraction, Limited fundamental data coverage",0.0,Avoid,"Weak but watchable RSI, Near 52W low with stable RSI, 80.0% of closes stayed inside the range | Range width 11.4% | Currently 0.0% through the range"
NAUKRI,Communication Services,Internet Content & Information,1306.97,-3.12,650.59,1808.5,100.89,27.73,39.34,1365.66,1444.74,1166737.95,1236310.0,1.06,Bearish,13.0,"Weak but watchable RSI, Normal volume support",-3.09,-11.34,-6.35,0.93,-3.38,4.97,-4.02,-7.96,-11.32,0.0,,90.0,Accumulation Zone,74.23,1327.13,1474.37,11.09,0.0,80.0% of closes stayed inside the range | Range width 11.1% | Currently 0.0% through the range,,,29.54,37.42,-72.25,-69.24,,,,,,,,54.3867,57.9013,2.2877,1.06,0.288,86732.07,56.39,Telecom,12.0,0.0,0.0,0.0,7.0,19.0,0.5,,"Revenue contraction, Earnings contraction",0.0,19.0,,25.86,20.0,"Below 200 DMA, Revenue contraction, Earnings contraction",0.0,Avoid,"Weak but watchable RSI, Normal volume support, 80.0% of closes stayed inside the range | Range width 11.1% | Currently 0.0% through the range"
IRCTC,Consumer Cyclical,Travel Services,694.22,-1.65,538.33,1108.01,28.96,37.35,35.02,717.35,741.16,673038.45,770172.0,1.14,Bearish,13.0,"Weak but watchable RSI, Normal volume support",1.61,-9.91,-0.05,0.93,-3.38,4.97,0.68,-6.53,-5.02,8.0,Positive 1M return,84.17,Accumulation Zone,74.43,704.94,773.99,9.79,0.0,80.0% of closes stayed inside the range | Range width 9.8% | Currently 0.0% through the range,,,33.23,28.52,-75.19,-74.85,,,,,,,,29.5824,22.5736,9.5354,1.84,0.171,41084.0,36.63,Consumer Discretionary,12.0,0.0,0.0,0.0,8.0,20.0,0.5,,"Revenue contraction, Earnings contraction",0.0,20.0,,30.97,20.0,"Below 200 DMA, Revenue contraction, Earnings contraction",0.0,Avoid,"Weak but watchable RSI, Normal volume support, Positive 1M return, 80.0% of closes stayed inside the range | Range width 9.8% | Currently 0.0% through the range"
LODHA,Real Estate,Real Estate - Development,1137.11,-0.72,352.0,1635.9,223.04,30.49,32.26,1231.3,1274.45,1045315.15,1187515.0,1.14,Bearish,13.0,"Weak but watchable RSI, Normal volume support",-4.29,-17.29,-4.38,0.93,-3.38,4.97,-5.22,-13.91,-9.35,0.0,,80.0,Accumulation Zone,72.5,1177.26,1443.87,22.65,0.0,80.0% of closes stayed inside the range | Range width 22.6% | Currently 0.0% through the range,,,26.31,19.32,-74.46,-75.59,,,,,,,,29.4089,24.8976,5.1863,35.0,0.623,120770.28,43.66,Cement / Realty,12.0,0.0,0.0,0.0,11.0,23.0,0.5,,"Revenue contraction, Earnings contraction",0.0,23.0,,16.5,20.0,"Below 200 DMA, Revenue contraction, Earnings contraction",0.0,Avoid,"Weak but watchable RSI, Normal volume support, 80.0% of closes stayed inside the range | Range width 22.6% | Currently 0.0% through the range"
KALYANKJIL,Consumer Cyclical,Luxury Goods,455.8,-1.46,68.94,793.08,561.16,42.53,26.03,534.87,545.15,4240834.05,6220406.0,1.47,Bearish,14.0,"Oversold RSI, Volume expansion",-9.33,-17.76,-3.62,0.93,-3.38,4.97,-10.26,-14.38,-8.59,0.0,,93.33,Breakdown Risk,35.0,501.79,589.25,17.43,0.0,80.0% of closes stayed inside the range | Range width 17.4% | Currently 0.0% through the range | Below lower band on elevated volume,,,5.65,3.63,-70.98,-63.05,,,,,,,,43.4913,31.2985,9.7562,25.0,-0.216,61624.25,12.7,Consumer Discretionary,0.0,0.0,0.0,0.0,7.0,7.0,0.5,,"Revenue contraction, Earnings contraction",0.0,7.0,,30.97,20.0,"Below 200 DMA, Revenue contraction, Earnings contraction",0.0,Avoid,"Oversold RSI, Volume expansion, 80.0% of closes stayed inside the range | Range width 17.4% | Currently 0.0% through the range | Below lower band on elevated volume"
LUPIN,Healthcare,Drug Manufacturers - Specialty & Generic,1905.98,-2.23,609.38,2370.86,212.77,19.61,39.43,1938.69,1998.09,645218.7,1121424.0,1.74,Bearish,18.0,"Weak but watchable RSI, Volume expansion",1.31,-0.32,-6.17,0.93,-3.38,4.97,0.38,3.06,-11.14,8.0,Positive 1M return,71.88,Accumulation Zone,74.51,1893.56,2036.89,7.57,8.67,80.0% of closes stayed inside the range | Range width 7.6% | Currently 8.7% through the range,,,21.78,19.78,-72.23,-62.85,,,,,,,,18.8684,22.3319,4.6455,79.0,0.182,104295.27,72.36,Pharma / Healthcare,11.0,0.0,0.0,0.0,10.0,21.0,0.5,,"Revenue contraction, Earnings contraction",0.0,21.0,,22.86,20.0,"Below 200 DMA, Revenue contraction, Earnings contraction",0.0,Avoid,"Weak but watchable RSI, Volume expansion, Positive 1M return, 80.0% of closes stayed inside the range | Range width 7.6% | Currently 8.7% through the range"
BERGEPAINT,Basic Materials,Specialty Chemicals,517.54,-1.84,428.37,665.9,20.82,22.28,38.47,542.22,517.71,463161.25,870566.0,1.88,Bearish,23.0,"Weak but watchable RSI, Near 52W low zone, Volume expansion",-2.17,-11.42,4.69,0.93,-3.38,4.97,-3.1,-8.04,-0.28,10.0,Positive 6M return,73.28,Accumulation Zone,76.7,527.61,573.34,8.67,0.0,80.0% of closes stayed inside the range | Range width 8.7% | Currently 0.0% through the range,,,13.57,9.83,-72.06,-73.35,,,,,,,,51.2637,43.1943,9.4377,75.0,0.449,65272.83,40.89,Chemicals,6.0,0.0,0.0,0.0,7.0,13.0,0.5,,"Revenue contraction, Earnings contraction",0.0,13.0,,28.68,20.0,"Below 200 DMA, Revenue contraction, Earnings contraction",0.0,Avoid,"Weak but watchable RSI, Near 52W low zone, Volume expansion, Positive 6M return, 80.0% of closes stayed inside the range | Range width 8.7% | Currently 0.0% through the range"
BHARATFORG,Consumer Cyclical,Auto Parts,1176.18,-2.17,660.33,1777.61,78.12,33.83,44.01,1180.65,1183.38,1056559.3,705082.0,0.67,Bearish,8.0,Weak but watchable RSI,6.72,-9.29,0.31,0.93,-3.38,4.97,5.79,-5.91,-4.66,28.0,"Positive 1M return, Positive 6M return, 1M Nifty outperformance",58.33,Lower Range Watch,65.85,1094.46,1287.5,17.64,42.33,80.0% of closes stayed inside the range | Range width 17.6% | Currently 42.3% through the range,,,11.43,7.26,-73.1,-69.86,,,,,,,,140.9275,43.1994,10.3879,41.0,0.54,99514.15,53.26,Automobile,6.0,0.0,0.0,0.0,5.0,11.0,0.5,,"Revenue contraction, Earnings contraction, Very high PE",0.0,11.0,,30.97,20.0,"Below 200 DMA, Revenue contraction, Earnings contraction",0.0,Avoid,"Weak but watchable RSI, Positive 1M return, Positive 6M return, 1M Nifty outperformance, 80.0% of closes stayed inside the range | Range width 17.6% | Currently 42.3% through the range"
JSWENERGY,Utilities,Utilities - Independent Power Producers,518.34,-1.61,200.89,799.01,158.02,35.13,46.02,522.84,522.75,2132802.55,1451737.0,0.68,Bearish,12.0,RSI recovering,6.48,-0.38,-5.59,0.93,-3.38,4.97,5.55,3.0,-10.56,18.0,"Positive 1M return, 1M Nifty outperformance",62.5,Neutral Range,69.91,478.66,533.1,11.37,72.88,80.0% of closes stayed inside the range | Range width 11.4% | Currently 72.9% through the range,,,39.86,14.45,-55.21,-61.91,,,,,,,,43.9269,32.8867,3.191,36.0,0.133,102383.84,66.89,Energy / Utilities,11.0,0.0,0.0,0.0,9.0,20.0,0.5,,"Revenue contraction, Earnings contraction",0.0,20.0,,26.05,20.0,"Below 200 DMA, Revenue contraction, Earnings contraction",0.0,Avoid,"RSI recovering, Positive 1M return, 1M Nifty outperformance, 80.0% of closes stayed inside the range | Range width 11.4% | Currently 72.9% through the range"
INDHOTEL,Consumer Cyclical,Lodging,706.65,-3.05,259.95,888.32,171.85,20.45,24.69,759.65,774.31,2383946.45,4121924.0,1.73,Bearish,14.0,"Oversold RSI, Volume expansion",-6.41,-6.64,-11.92,0.93,-3.38,4.97,-7.34,-3.26,-16.89,0.0,,93.33,Breakdown Risk,35.0,739.29,792.26,7.16,0.0,80.0% of closes stayed inside the range | Range width 7.2% | Currently 0.0% through the range | Below lower band on elevated volume,,,21.23,14.52,-74.62,-84.46,,,,,,,,48.0744,38.7458,7.8957,45.0,-0.154,103056.49,63.01,Consumer Discretionary,10.0,0.0,0.0,0.0,7.0,17.0,0.5,,"Revenue contraction, Earnings contraction",0.0,17.0,,30.97,28.0,"Below 200 DMA, Extreme RSI weakness, Revenue contraction, Earnings contraction",0.0,Avoid,"Oversold RSI, Volume expansion, 80.0% of closes stayed inside the range | Range width 7.2% | Currently 0.0% through the range | Below lower band on elevated volume"
IOB,Financial Services,Banks - Regional,38.2,-1.77,16.8,83.75,127.38,54.39,42.53,38.42,42.18,12445587.95,4892084.0,0.39,Bearish,8.0,Weak but watchable RSI,0.29,-2.0,-10.14,0.93,-3.38,4.97,-0.64,1.38,-15.11,8.0,Positive 1M return,86.96,Neutral Range,66.3,36.14,39.98,10.63,53.66,80.0% of closes stayed inside the range | Range width 10.6% | Currently 53.7% through the range,3.56,0.29,,27.87,-74.38,-65.29,121.94,,,23402.96,40408.49,,,11.4712,37.6,1.6756,,0.253,65164.3,0.0,Banking,6.0,0.0,2.0,0.0,10.0,18.0,0.57,,"Revenue contraction, Earnings contraction",-5.0,13.0,Weak ROE for a leveraged-balance-sheet business,27.64,23.0,"Below 200 DMA, Low volume participation, Revenue contraction, Earnings contraction",0.0,Avoid,"Weak but watchable RSI, Positive 1M return, 80.0% of closes stayed inside the range | Range width 10.6% | Currently 53.7% through the range"
LTTS,Technology,Information Technology Services,3996.33,-1.5,3071.35,5836.77,30.12,31.53,37.02,4170.87,4465.22,72920.75,37163.0,0.51,Bearish,8.0,Weak but watchable RSI,-3.9,-7.8,-9.36,0.93,-3.38,4.97,-4.83,-4.42,-14.33,0.0,,87.84,Accumulation Zone,73.72,4057.25,4363.27,7.54,0.0,80.0% of closes stayed inside the range | Range width 7.5% | Currently 0.0% through the range,,,13.65,11.97,-72.65,-75.08,,,,,,,,29.6906,22.045,5.8609,1.59,0.154,37964.09,40.76,IT / Technology,6.0,0.0,0.0,0.0,10.0,16.0,0.5,,"Revenue contraction, Earnings contraction",0.0,16.0,,22.19,20.0,"Below 200 DMA, Revenue contraction, Earnings contraction",0.0,Avoid,"Weak but watchable RSI, 80.0% of closes stayed inside the range | Range width 7.5% | Currently 0.0% through the range"
IRFC,Financial Services,Credit Services,119.62,-1.75,18.59,221.22,543.29,45.93,36.87,124.6,130.26,8510206.45,5997139.0,0.7,Bearish,8.0,Weak but watchable RSI,3.22,-13.98,-5.05,0.93,-3.38,4.97,2.29,-10.6,-10.02,8.0,Positive 1M return,86.96,Accumulation Zone,72.74,120.74,137.71,14.06,0.0,80.0% of closes stayed inside the range | Range width 14.1% | Currently 0.0% through the range,3.21,0.36,25.25,25.3,-74.5,-73.15,743.81,34505.9,,172.48,404812.87,1467.53,1467.21,16.0765,12.0904,2.0307,3.3,0.33,115342.64,100.0,Financial Services,12.0,0.0,5.0,17.0,15.0,49.0,0.93,,"Revenue contraction, Earnings contraction, Very high debt",1.0,50.0,"High leverage is structural for this sector, Weak ROE for a leveraged-balance-sheet business",27.64,28.0,"Below 200 DMA, Very high debt, Revenue contraction, Earnings contraction",0.0,Avoid,"Weak but watchable RSI, Positive 1M return, 80.0% of closes stayed inside the range | Range width 14.1% | Currently 0.0% through the range"
TORNTPOWER,Utilities,Utilities - Independent Power Producers,1216.44,-1.69,393.65,1980.17,209.02,38.57,37.53,1282.36,1377.95,568045.45,318155.0,0.56,Bearish,8.0,Weak but watchable RSI,0.49,-15.96,-17.48,0.93,-3.38,4.97,-0.44,-12.58,-22.45,8.0,Positive 1M return,80.0,Accumulation Zone,71.69,1248.19,1510.81,21.04,0.0,80.0% of closes stayed inside the range | Range width 21.0% | Currently 0.0% through the range,,,13.82,9.25,-72.59,-75.52,,,,,,,,28.818,21.9958,3.4843,1.5,0.655,66464.88,26.63,Energy / Utilities,6.0,0.0,0.0,0.0,10.0,16.0,0.5,,"Revenue contraction, Earnings contraction",0.0,16.0,,26.05,20.0,"Below 200 DMA, Revenue contraction, Earnings contraction",0.0,Avoid,"Weak but watchable RSI, Positive 1M return, 80.0% of closes stayed inside the range | Range width 21.0% | Currently 0.0% through the range"
TITAN,Consumer Cyclical,Luxury Goods,3316.42,-1.52,2240.77,3850.02,48.0,13.86,23.8,3496.18,3384.59,1055154.1,7524068.0,7.13,Bearish,19.0,"Oversold RSI, Strong volume expansion",-8.31,-9.56,9.15,0.93,-3.38,4.97,-9.24,-6.18,4.18,10.0,Positive 6M return,79.17,Accumulation Zone,75.69,3316.3,3639.83,9.76,0.04,80.0% of closes stayed inside the range | Range width 9.8% | Currently 0.0% through the range,,,11.11,7.36,-75.43,-67.31,,,,,,,,78.2896,58.2409,28.8278,29.0,0.18,452440.57,20.47,Consumer Discretionary,6.0,0.0,0.0,0.0,5.0,11.0,0.5,,"Revenue contraction, Earnings contraction",0.0,11.0,,30.97,28.0,"Below 200 DMA, Extreme RSI weakness, Revenue contraction, Earnings contraction",0.0,Avoid,"Oversold RSI, Strong volume expansion, Positive 6M return, 80.0% of closes stayed inside the range | Range width 9.8% | Currently 0.0% through the range"
HONAUT,Industrials,Electrical Equipment & Parts,35998.22,-1.3,30852.31,59548.55,16.68,39.55,39.98,37590.82,37415.13,3395.2,2573.0,0.76,Bearish,13.0,"Weak but watchable RSI, Near 52W low zone",-6.81,-8.27,7.31,0.93,-3.38,4.97,-7.74,-4.89,2.34,10.0,Positive 6M return,70.35,Lower Range Watch,68.63,34117.54,40359.89,18.3,30.13,80.0% of closes stayed inside the range | Range width 18.3% | Currently 30.1% through the range,,,10.83,10.53,-71.71,-76.2,,,,,,,,60.9754,45.3198,7.4533,29.0,0.513,33283.77,38.95,Capital Goods / Infra,6.0,0.0,0.0,0.0,5.0,11.0,0.5,,"Revenue contraction, Earnings contraction",0.0,11.0,,25.43,20.0,"Below 200 DMA, Revenue contraction, Earnings contraction",0.0,Avoid,"Weak but watchable RSI, Near 52W low zone, Positive 6M return, 80.0% of closes stayed inside the range | Range width 18.3% | Currently 30.1% through the range"
INDUSINDBK,Financial Services,Banks - Regional,711.6,-3.78,605.02,1673.18,17.62,57.47,33.88,776.34,848.12,2608605.3,5779485.0,2.22,Bearish,28.0,"Weak but watchable RSI, Near 52W low zone, Strong volume expansion",-3.62,-18.27,8.77,0.93,-3.38,4.97,-4.55,-14.89,3.8,10.0,Positive 6M return,72.83,Breakdown Risk,35.0,739.24,855.18,15.68,0.0,80.0% of closes stayed inside the range | Range width 15.7% | Currently 0.0% through the range | Below lower band on elevated volume,,,,8.89,-74.35,-76.55,,,,,,,,60.0295,12.9494,1.2053,15.0,0.494,79277.55,0.0,Banking,3.0,0.0,0.0,0.0,9.0,12.0,0.43,,"Revenue contraction, Earnings contraction",0.0,12.0,,27.64,24.0,"Below 200 DMA, Revenue contraction, Earnings contraction, Limited fundamental data coverage",0.0,Avoid,"Weak but watchable RSI, Near 52W low zone, Strong volume expansion, Positive 6M return, 80.0% of closes stayed inside the range | Range width 15.7% | Currently 0.0% through the range | Below lower band on elevated volume"
INDUSTOWER,Communication Services,Telecom Services,333.74,-2.85,130.25,443.65,156.23,24.77,44.22,342.88,351.09,10807326.55,10014825.0,0.93,Bearish,8.0,Weak but watchable RSI,2.27,-17.76,2.08,0.93,-3.38,4.97,1.34,-14.38,-2.89,18.0,"Positive 1M return, Positive 6M return",46.67,Accumulation Zone,70.29,327.01,393.21,20.24,10.16,80.0% of closes stayed inside the range | Range width 20.2% | Currently 10.2% through the range,,,33.33,21.55,-73.25,-82.51,,,,,,,,14.1424,12.5435,2.4433,3.79,0.05,101110.34,55.94,Telecom,12.0,0.0,0.0,0.0,15.0,27.0,0.5,,"Revenue contraction, Earnings contraction",0.0,27.0,,25.86,20.0,"Below 200 DMA, Revenue contraction, Earnings contraction",0.0,Avoid,"Weak but watchable RSI, Positive 1M return, Positive 6M return, 80.0% of closes stayed inside the range | Range width 20.2% | Currently 10.2% through the range"
GODREJPROP,Real Estate,Real Estate - Development,1948.18,-0.5,1000.17,3386.33,94.79,42.47,39.54,2061.14,2216.67,541492.25,387913.0,0.72,Bearish,8.0,Weak but watchable RSI,0.51,-16.45,-8.12,0.93,-3.38,4.97,-0.42,-13.07,-13.09,8.0,Positive 1M return,45.0,Accumulation Zone,71.59,1961.97,2387.4,21.68,0.0,80.0% of closes stayed inside the range | Range width 21.7% | Currently 0.0% through the range,,,-61.06,138.1,-90.94,-57.13,,,,,,,,38.3153,18.06,3.1684,49.0,0.478,60697.14,42.86,Cement / Realty,6.0,0.0,0.0,0.0,9.0,15.0,0.5,,"Revenue contraction, Earnings contraction",0.0,15.0,,16.5,20.0,"Below 200 DMA, Revenue contraction, Earnings contraction",0.0,Avoid,"Weak but watchable RSI, Positive 1M return, 80.0% of closes stayed inside the range | Range width 21.7% | Currently 0.0% through the range"
LLOYDSME,Basic Materials,Steel,1245.26,-2.4,490.69,1611.04,153.78,22.7,31.51,1382.66,1319.43,230506.45,237409.0,1.03,Bearish,13.0,"Weak but watchable RSI, Normal volume support",-3.32,-21.58,-1.52,0.93,-3.38,4.97,-4.25,-18.2,-6.49,0.0,,95.69,Accumulation Zone,71.89,1235.87,1525.53,23.44,3.24,80.0% of closes stayed inside the range | Range width 23.4% | Currently 3.2% through the range,,,32.12,26.99,-64.13,-55.91,,,,,,,,22.1189,12.3348,7.6829,5.0,,106531.99,54.65,Metals / Mining,12.0,0.0,0.0,0.0,9.0,21.0,0.5,,"Revenue contraction, Earnings contraction",0.0,21.0,,28.68,20.0,"Below 200 DMA, Revenue contraction, Earnings contraction",0.0,Avoid,"Weak but watchable RSI, Normal volume support, 80.0% of closes stayed inside the range | Range width 23.4% | Currently 3.2% through the range"
LINDEINDIA,Basic Materials,Specialty Chemicals,6306.31,-0.96,2911.17,9885.09,116.62,36.2,42.35,6434.05,6422.21,16869.1,12256.0,0.73,Bearish,8.0,Weak but watchable RSI,-0.96,-4.91,3.01,0.93,-3.38,4.97,-1.89,-1.53,-1.96,10.0,Positive 6M return,73.28,Accumulation Zone,70.88,6208.42,7288.96,17.4,9.06,80.0% of closes stayed inside the range | Range width 17.4% | Currently 9.1% through the range,,,24.7,18.77,-77.02,-76.43,,,,,,,,105.6673,78.7623,13.5476,6.0,,57801.38,58.55,Chemicals,11.0,0.0,0.0,0.0,5.0,16.0,0.5,,"Revenue contraction, Earnings contraction, Very high PE",0.0,16.0,,28.68,20.0,"Below 200 DMA, Revenue contraction, Earnings contraction",0.0,Avoid,"Weak but watchable RSI, Positive 6M return, 80.0% of closes stayed inside the range | Range width 17.4% | Currently 9.1% through the range"
KOTAKBANK,Financial Services,Banks - Regional,398.27,-0.93,307.55,459.06,29.5,13.24,47.4,401.42,401.57,17237420.75,9595825.0,0.56,Bearish,12.0,RSI recovering,1.76,-7.69,-6.89,0.93,-3.38,4.97,0.83,-4.31,-11.86,8.0,Positive 1M return,86.96,Accumulation Zone,72.09,392.62,439.63,11.97,12.02,80.0% of closes stayed inside the range | Range width 12.0% | Currently 12.0% through the range,,,,23.32,-74.76,-79.79,,,,,,,,19.2649,15.2838,2.1432,17.0,0.275,388409.46,0.0,Banking,6.0,0.0,0.0,0.0,15.0,21.0,0.43,,"Revenue contraction, Earnings contraction",0.0,21.0,,27.64,24.0,"Below 200 DMA, Revenue contraction, Earnings contraction, Limited fundamental data coverage",0.0,Avoid,"RSI recovering, Positive 1M return, 80.0% of closes stayed inside the range | Range width 12.0% | Currently 12.0% through the range"
COFORGE,Technology,Information Technology Services,1524.38,-3.32,611.3,1973.26,149.36,22.75,29.94,1704.03,1669.0,1544126.6,1851852.0,1.2,Bearish,9.0,"Oversold RSI, Normal volume support",-10.78,-19.87,-3.71,0.93,-3.38,4.97,-11.71,-16.49,-8.68,0.0,,87.84,Accumulation Zone,68.23,1453.26,1861.38,28.08,17.43,80.0% of closes stayed inside the range | Range width 28.1% | Currently 17.4% through the range,,,11.82,8.57,-69.32,-60.92,,,,,,,,37.3136,25.1184,6.3441,88.0,0.294,79750.75,37.25,IT / Technology,6.0,0.0,0.0,0.0,7.0,13.0,0.5,,"Revenue contraction, Earnings contraction",0.0,13.0,,22.19,20.0,"Below 200 DMA, Revenue contraction, Earnings contraction",0.0,Avoid,"Oversold RSI, Normal volume support, 80.0% of closes stayed inside the range | Range width 28.1% | Currently 17.4% through the range"
ASTRAL,Industrials,Building Products & Equipment,1370.33,-2.28,1227.05,2438.47,11.68,43.8,37.06,1414.94,1441.29,596499.0,376171.0,0.63,Bearish,13.0,"Weak but watchable RSI, Near 52W low zone",1.03,-8.67,7.61,0.93,-3.38,4.97,0.1,-5.29,2.64,18.0,"Positive 1M return, Positive 6M return",62.21,Lower Range Watch,68.53,1300.52,1514.38,16.44,32.64,80.0% of closes stayed inside the range | Range width 16.4% | Currently 32.6% through the range,,,8.3,5.96,-76.61,-84.52,,,,,,,,73.3834,43.7432,9.6923,28.0,0.166,39330.39,39.36,Capital Goods / Infra,0.0,0.0,0.0,0.0,5.0,5.0,0.5,,"Revenue contraction, Earnings contraction",0.0,5.0,,25.43,20.0,"Below 200 DMA, Revenue contraction, Earnings contraction",0.0,Avoid,"Weak but watchable RSI, Near 52W low zone, Positive 1M return, Positive 6M return, 80.0% of closes stayed inside the range | Range width 16.4% | Currently 32.6% through the range"
MAXHEALTH,Healthcare,Medical Care Facilities,1121.41,-1.26,351.87,1311.97,218.7,14.52,35.79,1205.91,1144.78,2945190.15,2327943.0,0.79,Bearish,8.0,Weak but watchable RSI,-2.68,-11.86,0.19,0.93,-3.38,4.97,-3.61,-8.48,-4.78,10.0,Positive 6M return,59.38,Accumulation Zone,71.14,1105.06,1265.52,14.52,10.19,80.0% of closes stayed inside the range | Range width 14.5% | Currently 10.2% through the range,,,20.65,15.19,-70.66,-71.38,,,,,,,,70.4053,41.5708,9.1232,19.0,0.128,98057.3,62.42,Pharma / Healthcare,10.0,0.0,0.0,0.0,5.0,15.0,0.5,,"Revenue contraction, Earnings contraction",0.0,15.0,,22.86,20.0,"Below 200 DMA, Revenue contraction, Earnings contraction",0.0,Avoid,"Weak but watchable RSI, Positive 6M return, 80.0% of closes stayed inside the range | Range width 14.5% | Currently 10.2% through the range"
ICICIPRULI,Financial Services,Insurance - Life,583.48,-1.6,378.11,792.99,54.31,26.42,34.97,611.04,612.38,902265.9,792307.0,0.88,Bearish,8.0,Weak but watchable RSI,-2.39,-11.0,-0.42,0.93,-3.38,4.97,-3.32,-7.62,-5.39,0.0,,96.74,Accumulation Zone,73.2,590.97,655.71,10.96,0.0,80.0% of closes stayed inside the range | Range width 11.0% | Currently 0.0% through the range,2.41,0.09,,1.19,-63.66,-74.52,20.73,,,345.26,2600.0,,,43.0979,35.6732,5.3841,33.0,0.471,73415.47,10.44,Financial Services,0.0,0.0,7.0,0.0,9.0,16.0,0.64,,"Revenue contraction, Earnings contraction",-9.0,7.0,"Weak ROE for a leveraged-balance-sheet business, Expensive relative to book value for this sector",27.64,20.0,"Below 200 DMA, Revenue contraction, Earnings contraction",0.0,Avoid,"Weak but watchable RSI, 80.0% of closes stayed inside the range | Range width 11.0% | Currently 0.0% through the range"
HFCL,Technology,Communication Equipment,72.1,-5.63,55.45,170.76,30.03,57.78,44.84,74.26,86.62,18557519.75,20761048.0,1.12,Bearish,13.0,"Weak but watchable RSI, Normal volume support",2.81,-16.57,-9.49,0.93,-3.38,4.97,1.88,-13.19,-14.46,8.0,Positive 1M return,66.22,Accumulation Zone,72.05,71.57,87.53,22.3,3.33,80.0% of closes stayed inside the range | Range width 22.3% | Currently 3.3% through the range,,,-0.44,-3.7,-78.57,-118.17,,,,,,,,57.8381,42.6,6.6817,5.0,0.926,33898.4,37.62,IT / Technology,0.0,0.0,0.0,0.0,7.0,7.0,0.5,,"Negative net margin, Revenue contraction, Earnings contraction",0.0,7.0,,22.19,33.0,"Below 200 DMA, Sharp daily fall, Negative net margin, Revenue contraction, Earnings contraction",0.0,Avoid,"Weak but watchable RSI, Normal volume support, Positive 1M return, 80.0% of closes stayed inside the range | Range width 22.3% | Currently 3.3% through the range"
HAVELLS,Industrials,Electrical Equipment & Parts,1495.35,-2.09,998.35,2075.88,49.78,27.97,35.43,1530.61,1542.07,691633.05,953494.0,1.38,Bearish,18.0,"Weak but watchable RSI, Volume expansion",-1.19,-2.82,1.35,0.93,-3.38,4.97,-2.12,0.56,-3.62,10.0,Positive 6M return,70.35,Accumulation Zone,73.99,1482.44,1580.99,6.65,13.1,80.0% of closes stayed inside the range | Range width 6.6% | Currently 13.1% through the range,,,7.58,6.37,-74.74,-76.38,,,,,,,,49.012,38.6678,8.3918,94.0,0.3,79386.55,32.03,Capital Goods / Infra,3.0,0.0,0.0,0.0,7.0,10.0,0.5,,"Revenue contraction, Earnings contraction",0.0,10.0,,25.43,20.0,"Below 200 DMA, Revenue contraction, Earnings contraction",0.0,Avoid,"Weak but watchable RSI, Volume expansion, Positive 6M return, 80.0% of closes stayed inside the range | Range width 6.6% | Currently 13.1% through the range"
GODREJCP,Consumer Defensive,Household & Personal Products,1141.79,-2.13,754.09,1488.38,51.41,23.29,32.36,1207.04,1150.24,1425821.9,1224351.0,0.86,Bearish,8.0,Weak but watchable RSI,-6.33,-0.82,3.81,0.93,-3.38,4.97,-7.26,2.56,-1.16,10.0,Positive 6M return,70.83,Accumulation Zone,73.68,1158.65,1248.87,7.79,0.0,80.0% of closes stayed inside the range | Range width 7.8% | Currently 0.0% through the range,,,17.89,12.74,-74.48,-75.57,,,,,,,,54.9517,33.3113,7.3619,1.95,0.368,93120.75,49.72,FMCG / Consumer,8.0,0.0,0.0,0.0,6.0,14.0,0.5,,"Revenue contraction, Earnings contraction",0.0,14.0,,24.24,20.0,"Below 200 DMA, Revenue contraction, Earnings contraction",0.0,Avoid,"Weak but watchable RSI, Positive 6M return, 80.0% of closes stayed inside the range | Range width 7.8% | Currently 0.0% through the range"
HSCL,Basic Materials,Specialty Chemicals,451.89,-2.12,79.72,686.9,466.84,34.21,43.51,470.34,476.18,2338976.15,929376.0,0.4,Bearish,8.0,Weak but watchable RSI,1.48,-12.61,6.97,0.93,-3.38,4.97,0.55,-9.23,2.0,18.0,"Positive 1M return, Positive 6M return",60.34,Accumulation Zone,69.61,438.74,504.95,15.09,19.85,80.0% of closes stayed inside the range | Range width 15.1% | Currently 19.9% through the range,,,19.73,16.25,-75.69,-67.3,,,,,,,,47.3835,37.0097,8.1727,11.0,0.264,38468.74,36.82,Chemicals,10.0,0.0,0.0,0.0,7.0,17.0,0.5,,"Revenue contraction, Earnings contraction",0.0,17.0,,28.68,23.0,"Below 200 DMA, Low volume participation, Revenue contraction, Earnings contraction",0.0,Avoid,"Weak but watchable RSI, Positive 1M return, Positive 6M return, 80.0% of closes stayed inside the range | Range width 15.1% | Currently 19.9% through the range"
MPHASIS,Technology,Information Technology Services,2573.41,-2.76,1511.01,3091.63,70.31,16.76,34.16,2730.8,2578.86,478649.0,405140.0,0.85,Bearish,8.0,Weak but watchable RSI,-5.22,-5.28,7.16,0.93,-3.38,4.97,-6.15,-1.9,2.19,10.0,Positive 6M return,52.7,Neutral Range,64.6,2291.88,2810.27,22.62,54.31,80.0% of closes stayed inside the range | Range width 22.6% | Currently 54.3% through the range,,,15.3,11.83,-73.77,-74.05,,,,,,,,25.3152,20.0133,4.2716,2.45,0.485,48421.74,44.45,IT / Technology,6.0,0.0,0.0,0.0,11.0,17.0,0.5,,"Revenue contraction, Earnings contraction",0.0,17.0,,22.19,20.0,"Below 200 DMA, Revenue contraction, Earnings contraction",0.0,Avoid,"Weak but watchable RSI, Positive 6M return, 80.0% of closes stayed inside the range | Range width 22.6% | Currently 54.3% through the range"
OFSS,Technology,Software - Infrastructure,8151.47,-4.42,2435.42,12262.5,234.7,33.53,41.2,8313.29,8558.04,272498.65,133987.0,0.49,Bearish,8.0,Weak but watchable RSI,2.67,-5.24,11.39,0.93,-3.38,4.97,1.74,-1.86,6.42,18.0,"Positive 1M return, Positive 6M return",37.84,Lower Range Watch,67.61,7804.69,8771.66,12.39,35.86,80.0% of closes stayed inside the range | Range width 12.4% | Currently 35.9% through the range,,,44.74,34.66,-72.95,-73.02,,,,,,,,30.3951,25.7616,14.6798,5.59,0.496,101695.49,58.6,IT / Technology,12.0,0.0,0.0,0.0,9.0,21.0,0.5,,"Revenue contraction, Earnings contraction",5.0,26.0,Strong operating margin,22.19,23.0,"Below 200 DMA, Low volume participation, Revenue contraction, Earnings contraction",0.0,Avoid,"Weak but watchable RSI, Positive 1M return, Positive 6M return, 80.0% of closes stayed inside the range | Range width 12.4% | Currently 35.9% through the range"
POLICYBZR,Financial Services,Insurance Brokers,1677.1,-4.23,356.2,2246.9,370.83,25.36,32.45,1811.11,1758.63,1232837.95,1956926.0,1.59,Bearish,18.0,"Weak but watchable RSI, Volume expansion",-5.29,-8.05,4.09,0.93,-3.38,4.97,-6.22,-4.67,-0.88,10.0,Positive 6M return,72.83,Accumulation Zone,71.27,1619.87,1890.74,16.72,21.13,80.0% of closes stayed inside the range | Range width 16.7% | Currently 21.1% through the range,,,0.07,6.28,-72.92,-75.97,,,,,,,,107.8784,51.9191,10.9914,,0.375,80349.11,64.25,Financial Services,3.0,0.0,0.0,0.0,3.0,6.0,0.43,,"Revenue contraction, Earnings contraction, Very high PE",-4.0,2.0,Expensive relative to book value for this sector,27.64,24.0,"Below 200 DMA, Revenue contraction, Earnings contraction, Limited fundamental data coverage",0.0,Avoid,"Weak but watchable RSI, Volume expansion, Positive 6M return, 80.0% of closes stayed inside the range | Range width 16.7% | Currently 21.1% through the range"
PIIND,Basic Materials,Agricultural Inputs,3469.43,-2.4,2827.12,4758.45,22.72,27.09,28.03,3843.17,3680.0,175190.0,185817.0,1.06,Bearish,14.0,"Oversold RSI, Near 52W low zone, Normal volume support",-5.61,-14.83,1.99,0.93,-3.38,4.97,-6.54,-11.45,-2.98,10.0,Positive 6M return,73.28,Accumulation Zone,73.92,3609.77,4135.95,14.58,0.0,80.0% of closes stayed inside the range | Range width 14.6% | Currently 0.0% through the range,,,22.68,21.05,-75.95,-75.91,,,,,,,,35.5884,23.3804,3.3541,55.0,,37668.63,57.49,General,11.0,0.0,0.0,0.0,9.0,20.0,0.5,,"Revenue contraction, Earnings contraction",0.0,20.0,,28.68,20.0,"Below 200 DMA, Revenue contraction, Earnings contraction",0.0,Avoid,"Oversold RSI, Near 52W low zone, Normal volume support, Positive 6M return, 80.0% of closes stayed inside the range | Range width 14.6% | Currently 0.0% through the range"
PAGEIND,Consumer Cyclical,Apparel Manufacturing,40799.77,-3.25,31839.03,51744.07,28.14,21.15,28.86,44651.08,44564.75,17093.75,36267.0,2.12,Bearish,19.0,"Oversold RSI, Strong volume expansion",-6.98,-16.25,-1.67,0.93,-3.38,4.97,-7.91,-12.87,-6.64,0.0,,93.33,Breakdown Risk,35.0,43425.44,47571.52,9.55,0.0,80.0% of closes stayed inside the range | Range width 9.5% | Currently 0.0% through the range | Below lower band on elevated volume,,,20.36,15.25,-73.2,-72.46,,,,,,,,55.968,41.7449,28.4266,1.56,0.052,42713.76,58.47,Consumer Discretionary,10.0,0.0,0.0,0.0,6.0,16.0,0.5,,"Revenue contraction, Earnings contraction",0.0,16.0,,30.97,20.0,"Below 200 DMA, Revenue contraction, Earnings contraction",0.0,Avoid,"Oversold RSI, Strong volume expansion, 80.0% of closes stayed inside the range | Range width 9.5% | Currently 0.0% through the range | Below lower band on elevated volume"
OBEROIRLTY,Real Estate,Real Estate - Development,1570.07,-1.39,774.64,2324.19,102.68,32.45,34.48,1645.7,1753.83,552135.1,548852.0,0.99,Bearish,8.0,Weak but watchable RSI,-2.05,-17.11,-2.36,0.93,-3.38,4.97,-2.98,-13.73,-7.33,0.0,,80.0,Accumulation Zone,71.9,1581.22,1891.98,19.65,0.0,80.0% of closes stayed inside the range | Range width 19.7% | Currently 0.0% through the range,,,49.49,42.66,-81.32,-81.07,,,,,,,,24.9018,16.8684,3.6517,45.0,0.324,65444.77,62.61,Cement / Realty,12.0,0.0,0.0,0.0,11.0,23.0,0.5,,"Revenue contraction, Earnings contraction",0.0,23.0,,16.5,20.0,"Below 200 DMA, Revenue contraction, Earnings contraction",0.0,Avoid,"Weak but watchable RSI, 80.0% of closes stayed inside the range | Range width 19.7% | Currently 0.0% through the range"
PREMIERENE,Technology,Solar,1027.59,-2.02,772.91,1385.26,32.95,25.82,48.44,1030.46,1040.97,1145812.95,931729.0,0.81,Bearish,12.0,RSI recovering,3.45,-3.01,14.57,0.93,-3.38,4.97,2.52,0.37,9.6,18.0,"Positive 1M return, Positive 6M return",37.84,Neutral Range,66.95,966.5,1080.61,11.81,53.54,80.0% of closes stayed inside the range | Range width 11.8% | Currently 53.5% through the range,,,21.46,16.9,-72.07,-67.16,,,,,,,,27.5241,20.7582,10.7314,14.0,,46322.93,39.49,IT / Technology,10.0,0.0,0.0,0.0,9.0,19.0,0.5,,"Revenue contraction, Earnings contraction",5.0,24.0,Strong operating margin,22.19,20.0,"Below 200 DMA, Revenue contraction, Earnings contraction",0.0,Avoid,"RSI recovering, Positive 1M return, Positive 6M return, 80.0% of closes stayed inside the range | Range width 11.8% | Currently 53.5% through the range"
PFC,Financial Services,Credit Services,382.8,-2.0,66.83,531.48,472.82,27.97,44.45,389.27,392.2,3526808.2,4214115.0,1.19,Bearish,13.0,"Weak but watchable RSI, Normal volume support",4.64,-6.21,-1.86,0.93,-3.38,4.97,3.71,-2.83,-6.83,8.0,Positive 1M return,86.96,Accumulation Zone,72.44,378.54,405.09,7.01,16.06,80.0% of closes stayed inside the range | Range width 7.0% | Currently 16.1% through the range,,,276.01,66.74,-75.32,-70.13,,,,,,-5374.17,-5389.77,4.8263,4.1648,0.9351,4.09,0.639,124248.82,99.22,Financial Services,12.0,0.0,0.0,0.0,15.0,27.0,0.64,,"Revenue contraction, Earnings contraction, Negative operating cash flow, Negative free cash flow",0.0,27.0,,27.64,29.0,"Below 200 DMA, Revenue contraction, Earnings contraction, Negative operating cash flow, Negative free cash flow",0.0,Avoid,"Weak but watchable RSI, Normal volume support, Positive 1M return, 80.0% of closes stayed inside the range | Range width 7.0% | Currently 16.1% through the range"
DIVISLAB,Healthcare,Drug Manufacturers - Specialty & Generic,5666.13,-3.52,2668.41,7010.54,112.34,19.18,28.71,6187.47,6068.81,368882.8,672699.0,1.82,Bearish,14.0,"Oversold RSI, Volume expansion",-7.21,-16.07,-2.12,0.93,-3.38,4.97,-8.14,-12.69,-7.09,0.0,,87.5,Breakdown Risk,35.0,5873.36,6731.51,14.61,0.0,80.0% of closes stayed inside the range | Range width 14.6% | Currently 0.0% through the range | Below lower band on elevated volume,,,25.6,22.61,-74.16,-75.13,,,,,,,,88.4956,57.207,13.6211,35.0,0.22,228302.97,61.24,Pharma / Healthcare,12.0,0.0,0.0,0.0,5.0,17.0,0.5,,"Revenue contraction, Earnings contraction, Very high PE",0.0,17.0,,22.86,20.0,"Below 200 DMA, Revenue contraction, Earnings contraction",0.0,Avoid,"Oversold RSI, Volume expansion, 80.0% of closes stayed inside the range | Range width 14.6% | Currently 0.0% through the range | Below lower band on elevated volume"
PATANJALI,Consumer Defensive,Packaged Foods,585.06,-1.83,278.5,665.11,110.08,12.04,40.75,604.07,593.09,1072305.7,450394.0,0.42,Bearish,8.0,Weak but watchable RSI,-0.49,7.17,-0.98,0.93,-3.38,4.97,-1.42,10.55,-5.95,25.0,"Positive 3M return, 3M Nifty outperformance",45.83,Lower Range Watch,66.39,549.13,638.93,16.35,40.01,80.0% of closes stayed inside the range | Range width 16.4% | Currently 40.0% through the range,,,2.91,2.03,-73.64,-86.13,,,,,,,,21.1645,19.163,2.9269,99.0,-0.175,38358.64,13.03,FMCG / Consumer,0.0,0.0,0.0,0.0,13.0,13.0,0.5,,"Revenue contraction, Earnings contraction",0.0,13.0,,24.24,23.0,"Below 200 DMA, Low volume participation, Revenue contraction, Earnings contraction",0.0,Avoid,"Weak but watchable RSI, Positive 3M return, 3M Nifty outperformance, 80.0% of closes stayed inside the range | Range width 16.4% | Currently 40.0% through the range"
PERSISTENT,Technology,Information Technology Services,4916.23,-2.97,1500.77,6700.89,227.58,26.63,33.99,5262.96,5572.22,514298.75,364067.0,0.71,Bearish,8.0,Weak but watchable RSI,-6.68,-17.83,-10.02,0.93,-3.38,4.97,-7.61,-14.45,-14.99,0.0,,87.84,Accumulation Zone,72.14,5007.98,5912.13,18.05,0.0,80.0% of closes stayed inside the range | Range width 18.1% | Currently 0.0% through the range,,,15.53,12.75,-72.08,-69.65,,,,,,,,44.7405,30.8947,10.9263,65.0,0.082,85520.87,31.68,IT / Technology,8.0,0.0,0.0,0.0,7.0,15.0,0.5,,"Revenue contraction, Earnings contraction",0.0,15.0,,22.19,20.0,"Below 200 DMA, Revenue contraction, Earnings contraction",0.0,Avoid,"Weak but watchable RSI, 80.0% of closes stayed inside the range | Range width 18.1% | Currently 0.0% through the range"
PETRONET,Energy,Oil & Gas Refining & Marketing,257.23,-1.22,166.97,359.19,54.06,28.39,33.52,271.13,289.0,1510041.75,1894619.0,1.25,Bearish,13.0,"Weak but watchable RSI, Normal volume support",-0.96,-10.7,-8.94,0.93,-3.38,4.97,-1.89,-7.32,-13.91,0.0,,93.33,Accumulation Zone,73.78,263.35,300.52,14.12,0.0,80.0% of closes stayed inside the range | Range width 14.1% | Currently 0.0% through the range,,,9.18,7.09,-76.7,-78.81,,,,,,,,10.7263,9.9224,1.8833,3.61,0.45,41977.51,14.66,Energy / Utilities,3.0,0.0,0.0,0.0,15.0,18.0,0.5,,"Revenue contraction, Earnings contraction",0.0,18.0,,30.9,20.0,"Below 200 DMA, Revenue contraction, Earnings contraction",0.0,Avoid,"Weak but watchable RSI, Normal volume support, 80.0% of closes stayed inside the range | Range width 14.1% | Currently 0.0% through the range"
PHOENIXLTD,Real Estate,Real Estate - Diversified,1540.4,-1.43,589.78,2062.23,161.18,25.3,45.68,1520.41,1579.67,702727.7,477738.0,0.68,Bullish,27.0,"Above 50 DMA, RSI recovering",2.64,-1.21,-6.01,0.93,-3.38,4.97,1.71,2.17,-10.98,8.0,Positive 1M return,45.0,Lower Range Watch,70.67,1473.54,1624.93,10.27,44.16,80.0% of closes stayed inside the range | Range width 10.3% | Currently 44.2% through the range,,,49.41,25.26,-75.01,-75.55,,,,,,,,52.0776,38.1787,6.199,13.0,0.324,68134.93,93.68,Cement / Realty,12.0,0.0,0.0,0.0,7.0,19.0,0.5,,"Revenue contraction, Earnings contraction",0.0,19.0,,16.5,20.0,"Below 200 DMA, Revenue contraction, Earnings contraction",0.0,Avoid,"Above 50 DMA, RSI recovering, Positive 1M return, 80.0% of closes stayed inside the range | Range width 10.3% | Currently 44.2% through the range"
HCLTECH,Technology,Information Technology Services,1334.85,-2.0,749.44,1869.31,78.11,28.59,34.42,1409.68,1542.1,2613001.55,2568054.0,0.98,Bearish,8.0,Weak but watchable RSI,-4.09,-18.65,-12.91,0.93,-3.38,4.97,-5.02,-15.27,-17.88,0.0,,87.84,Accumulation Zone,71.97,1364.95,1627.09,19.2,0.0,80.0% of closes stayed inside the range | Range width 19.2% | Currently 0.0% through the range,,,29.92,12.66,-74.07,-77.9,,,,,,,,21.2315,17.0459,4.9998,4.39,0.006,369445.39,34.0,IT / Technology,11.0,0.0,0.0,0.0,11.0,22.0,0.5,,"Revenue contraction, Earnings contraction",5.0,27.0,Strong operating margin,22.19,20.0,"Below 200 DMA, Revenue contraction, Earnings contraction",0.0,Avoid,"Weak but watchable RSI, 80.0% of closes stayed inside the range | Range width 19.2% | Currently 0.0% through the range"
SHRIRAMFIN,Financial Services,Credit Services,598.99,-1.09,213.18,710.44,180.98,15.69,44.37,611.46,612.45,4775150.35,3958021.0,0.83,Bearish,8.0,Weak but watchable RSI,4.45,-13.88,-9.41,0.93,-3.38,4.97,3.52,-10.5,-14.38,8.0,Positive 1M return,86.96,Accumulation Zone,72.55,597.37,676.55,13.25,2.05,80.0% of closes stayed inside the range | Range width 13.3% | Currently 2.0% through the range,,,,35.99,-72.71,-77.4,,,,,,,,19.735,15.5658,3.1889,1.22,0.606,262875.3,96.81,Financial Services,6.0,0.0,0.0,0.0,12.0,18.0,0.43,,"Revenue contraction, Earnings contraction",0.0,18.0,,27.64,24.0,"Below 200 DMA, Revenue contraction, Earnings contraction, Limited fundamental data coverage",0.0,Avoid,"Weak but watchable RSI, Positive 1M return, 80.0% of closes stayed inside the range | Range width 13.3% | Currently 2.0% through the range"
SHREECEM,Basic Materials,Building Materials,28753.56,-2.05,19811.99,32314.19,45.13,11.02,34.6,30157.23,28965.74,30695.1,20857.0,0.68,Bearish,8.0,Weak but watchable RSI,-1.25,-6.65,-3.22,0.93,-3.38,4.97,-2.18,-3.27,-8.19,0.0,,95.69,Accumulation Zone,73.82,29190.38,31180.15,6.82,0.0,80.0% of closes stayed inside the range | Range width 6.8% | Currently 0.0% through the range,,,12.85,12.17,-72.17,-42.76,,,,,,,,56.6297,37.086,10.0126,55.0,,92258.47,73.54,Cement / Realty,8.0,0.0,0.0,0.0,7.0,15.0,0.5,,"Revenue contraction, Earnings contraction",0.0,15.0,,28.68,20.0,"Below 200 DMA, Revenue contraction, Earnings contraction",0.0,Avoid,"Weak but watchable RSI, 80.0% of closes stayed inside the range | Range width 6.8% | Currently 0.0% through the range"
RVNL,Industrials,Engineering & Construction,336.74,-2.52,29.19,639.13,1053.5,47.31,45.01,341.52,374.63,7832857.95,3434829.0,0.44,Bearish,12.0,RSI recovering,11.63,-14.62,-6.25,0.93,-3.38,4.97,10.7,-11.24,-11.22,25.0,"Strong 1M absolute return, 1M Nifty outperformance",54.07,Accumulation Zone,70.07,326.63,408.71,25.13,12.32,80.0% of closes stayed inside the range | Range width 25.1% | Currently 12.3% through the range,,,1.13,3.44,-80.38,-89.47,,,,,,,,53.4884,41.8182,4.8674,1.49,,47955.46,6.0,Capital Goods / Infra,0.0,0.0,0.0,0.0,8.0,8.0,0.5,,"Revenue contraction, Earnings contraction",0.0,8.0,,25.43,23.0,"Below 200 DMA, Low volume participation, Revenue contraction, Earnings contraction",0.0,Avoid,"RSI recovering, Strong 1M absolute return, 1M Nifty outperformance, 80.0% of closes stayed inside the range | Range width 25.1% | Currently 12.3% through the range"
360ONE,Financial Services,Asset Management,990.98,-1.99,373.47,1295.81,165.35,23.52,36.01,1058.51,1045.79,703273.15,943039.0,1.34,Bearish,18.0,"Weak but watchable RSI, Volume expansion",-1.6,-16.13,5.03,0.93,-3.38,4.97,-2.53,-12.75,0.06,10.0,Positive 6M return,72.83,Accumulation Zone,69.73,937.15,1181.51,26.07,22.03,80.0% of closes stayed inside the range | Range width 26.1% | Currently 22.0% through the range,,,42.87,42.95,-74.85,-71.96,,,,,,,,38.533,28.3458,4.787,1.54,0.47,47239.83,72.87,Financial Services,12.0,0.0,0.0,0.0,8.0,20.0,0.5,,"Revenue contraction, Earnings contraction",0.0,20.0,,27.64,20.0,"Below 200 DMA, Revenue contraction, Earnings contraction",0.0,Avoid,"Weak but watchable RSI, Volume expansion, Positive 6M return, 80.0% of closes stayed inside the range | Range width 26.1% | Currently 22.0% through the range"
COLPAL,Consumer Defensive,Household & Personal Products,2174.86,-2.19,1327.04,3733.22,63.89,41.74,34.56,2254.59,2426.62,556811.1,525358.0,0.94,Bearish,8.0,Weak but watchable RSI,-4.61,-7.59,-6.03,0.93,-3.38,4.97,-5.54,-4.21,-11.0,0.0,,91.67,Accumulation Zone,72.48,2190.19,2536.37,15.81,0.0,80.0% of closes stayed inside the range | Range width 15.8% | Currently 0.0% through the range,,,29.21,22.57,-76.32,-77.69,,,,,,,,40.4887,34.0636,34.4253,2.39,0.522,54533.12,68.93,FMCG / Consumer,12.0,0.0,0.0,0.0,7.0,19.0,0.5,,"Revenue contraction, Earnings contraction",0.0,19.0,,24.24,20.0,"Below 200 DMA, Revenue contraction, Earnings contraction",0.0,Avoid,"Weak but watchable RSI, 80.0% of closes stayed inside the range | Range width 15.8% | Currently 0.0% through the range"
GAIL,Utilities,Utilities - Regulated Gas,166.82,-1.38,72.05,228.83,131.52,27.1,38.32,171.68,172.92,7981123.6,8760356.0,1.1,Bearish,13.0,"Weak but watchable RSI, Normal volume support",-0.61,-9.34,-0.61,0.93,-3.38,4.97,-1.54,-5.96,-5.58,0.0,,92.5,Accumulation Zone,74.27,167.67,185.88,10.86,0.0,80.0% of closes stayed inside the range | Range width 10.9% | Currently 0.0% through the range,,,7.58,6.71,-75.12,-80.97,,,,,,,,11.6689,9.7283,1.3128,3.14,0.515,117003.53,18.75,Energy / Utilities,3.0,0.0,0.0,0.0,15.0,18.0,0.5,,"Revenue contraction, Earnings contraction",0.0,18.0,,26.05,20.0,"Below 200 DMA, Revenue contraction, Earnings contraction",0.0,Avoid,"Weak but watchable RSI, Normal volume support, 80.0% of closes stayed inside the range | Range width 10.9% | Currently 0.0% through the range"
SIEMENS,Industrials,Specialty Industrial Machinery,3081.16,-1.9,1540.11,4732.24,100.06,34.89,40.53,3128.91,3219.64,364526.4,246575.0,0.68,Bearish,8.0,Weak but watchable RSI,1.06,-4.77,-2.65,0.93,-3.38,4.97,0.13,-1.39,-7.62,8.0,Positive 1M return,79.07,Neutral Range,65.17,2856.48,3297.62,15.44,50.93,80.0% of closes stayed inside the range | Range width 15.4% | Currently 50.9% through the range,,,10.36,9.73,7.88,-27.34,,,,,,,,84.7533,59.3557,10.3412,45.0,0.57,143124.83,28.2,Capital Goods / Infra,6.0,2.0,0.0,0.0,5.0,13.0,0.5,,"Earnings contraction, Very high PE",0.0,13.0,,25.43,15.0,"Below 200 DMA, Earnings contraction",0.0,Avoid,"Weak but watchable RSI, Positive 1M return, 80.0% of closes stayed inside the range | Range width 15.4% | Currently 50.9% through the range"
SONACOMS,Consumer Cyclical,Auto Parts,404.61,-0.62,376.41,758.97,7.49,46.69,32.26,445.54,493.52,2948169.9,2512505.0,0.85,Bearish,16.0,"Weak but watchable RSI, Near 52W low with stable RSI",-8.11,-15.14,-17.81,0.93,-3.38,4.97,-9.04,-11.76,-22.78,0.0,,93.33,Accumulation Zone,73.31,431.2,523.76,21.47,0.0,80.0% of closes stayed inside the range | Range width 21.5% | Currently 0.0% through the range,,,16.23,14.6,-74.98,-79.26,,,,,,,,71.4476,47.8131,8.3617,45.0,0.449,50164.83,49.92,Automobile,8.0,0.0,0.0,0.0,5.0,13.0,0.5,,"Revenue contraction, Earnings contraction",0.0,13.0,,30.97,20.0,"Below 200 DMA, Revenue contraction, Earnings contraction",0.0,Avoid,"Weak but watchable RSI, Near 52W low with stable RSI, 80.0% of closes stayed inside the range | Range width 21.5% | Currently 0.0% through the range"
SUNPHARMA,Healthcare,Drug Manufacturers - Specialty & Generic,1572.34,-2.5,824.65,1924.63,90.67,18.3,40.72,1617.83,1683.45,2654888.4,7256759.0,2.73,Bearish,23.0,"Weak but watchable RSI, Strong volume expansion",-0.49,-5.0,-9.5,0.93,-3.38,4.97,-1.42,-1.62,-14.47,0.0,,87.5,Accumulation Zone,76.61,1580.69,1726.31,9.21,0.0,80.0% of closes stayed inside the range | Range width 9.2% | Currently 0.0% through the range,,,24.46,16.53,-73.51,-79.15,,,,,,,,38.5027,30.1242,5.5813,82.0,0.124,466430.72,78.92,Pharma / Healthcare,10.0,0.0,0.0,0.0,9.0,19.0,0.5,,"Revenue contraction, Earnings contraction",0.0,19.0,,22.86,20.0,"Below 200 DMA, Revenue contraction, Earnings contraction",0.0,Avoid,"Weak but watchable RSI, Strong volume expansion, 80.0% of closes stayed inside the range | Range width 9.2% | Currently 0.0% through the range"
SUNDARMFIN,Financial Services,Credit Services,4448.55,-2.27,1910.96,5451.57,132.79,18.4,43.47,4668.97,4700.85,71999.65,25816.0,0.36,Bearish,8.0,Weak but watchable RSI,-0.18,-12.95,-6.81,0.93,-3.38,4.97,-1.11,-9.57,-11.78,0.0,,96.74,Accumulation Zone,72.44,4458.38,5174.01,16.05,0.0,80.0% of closes stayed inside the range | Range width 16.1% | Currently 0.0% through the range,,,,41.16,-72.6,-74.72,,,,,,,,22.2038,20.2032,3.3371,90.0,0.186,49304.73,89.16,Financial Services,6.0,0.0,0.0,0.0,11.0,17.0,0.43,,"Revenue contraction, Earnings contraction",0.0,17.0,,27.64,27.0,"Below 200 DMA, Low volume participation, Revenue contraction, Earnings contraction, Limited fundamental data coverage",0.0,Avoid,"Weak but watchable RSI, 80.0% of closes stayed inside the range | Range width 16.1% | Currently 0.0% through the range"
SUZLON,Industrials,Specialty Industrial Machinery,55.28,-2.4,6.6,86.04,737.58,35.75,34.2,60.43,59.68,48757894.0,54393034.0,1.12,Bearish,13.0,"Weak but watchable RSI, Normal volume support",-2.04,-18.37,-3.74,0.93,-3.38,4.97,-2.97,-14.99,-8.71,0.0,,92.44,Accumulation Zone,72.81,55.35,66.73,20.55,0.0,80.0% of closes stayed inside the range | Range width 20.5% | Currently 0.0% through the range,5.11,2.24,17.09,10.4,-71.27,-84.34,4.9,1.75,1.16,1931.0,311.0,,,20.7675,22.3752,6.6568,,0.657,65086.27,34.49,Capital Goods / Infra,6.0,0.0,18.0,0.0,4.0,28.0,0.79,Cash covers debt,"Revenue contraction, Earnings contraction",0.0,28.0,,25.43,20.0,"Below 200 DMA, Revenue contraction, Earnings contraction",0.0,Avoid,"Weak but watchable RSI, Normal volume support, Cash covers debt, 80.0% of closes stayed inside the range | Range width 20.5% | Currently 0.0% through the range"
SRF,Industrials,Conglomerates,2796.42,-2.51,2017.83,3308.24,38.58,15.47,32.64,2948.57,2853.84,248809.45,138769.0,0.56,Bearish,8.0,Weak but watchable RSI,-1.04,-13.31,-2.88,0.93,-3.38,4.97,-1.97,-9.93,-7.85,0.0,,92.44,Accumulation Zone,73.1,2846.38,3177.61,11.64,0.0,80.0% of closes stayed inside the range | Range width 11.6% | Currently 0.0% through the range,,,16.53,11.56,-73.96,-65.44,,,,,,,,35.4158,28.5908,5.4566,39.0,0.132,76620.96,48.32,Capital Goods / Infra,6.0,0.0,0.0,0.0,9.0,15.0,0.5,,"Revenue contraction, Earnings contraction",0.0,15.0,,25.43,20.0,"Below 200 DMA, Revenue contraction, Earnings contraction",0.0,Avoid,"Weak but watchable RSI, 80.0% of closes stayed inside the range | Range width 11.6% | Currently 0.0% through the range"
GLAXO,Healthcare,Drug Manufacturers - General,2606.06,-2.4,1135.42,3428.43,129.52,23.99,35.67,2782.21,2649.68,88897.65,229634.0,2.58,Bearish,23.0,"Weak but watchable RSI, Strong volume expansion",-4.04,-21.12,-3.95,0.93,-3.38,4.97,-4.97,-17.74,-8.92,0.0,,87.5,Accumulation Zone,74.79,2655.9,3223.44,21.37,0.0,80.0% of closes stayed inside the range | Range width 21.4% | Currently 0.0% through the range,,,29.27,25.46,-78.39,-77.9,,,,,,,,41.6103,33.2197,19.5764,2.19,0.057,44387.77,64.2,Pharma / Healthcare,12.0,0.0,0.0,0.0,7.0,19.0,0.5,,"Revenue contraction, Earnings contraction",0.0,19.0,,22.86,20.0,"Below 200 DMA, Revenue contraction, Earnings contraction",0.0,Avoid,"Weak but watchable RSI, Strong volume expansion, 80.0% of closes stayed inside the range | Range width 21.4% | Currently 0.0% through the range"
ABBOTINDIA,Healthcare,Drug Manufacturers - Specialty & Generic,29059.99,-1.51,16232.57,35657.37,79.02,18.5,29.28,31538.06,29710.19,10155.75,19046.0,1.88,Bearish,14.0,"Oversold RSI, Volume expansion",-5.53,-15.46,-1.43,0.93,-3.38,4.97,-6.46,-12.08,-6.4,0.0,,87.5,Accumulation Zone,73.8,29025.1,33240.38,14.52,0.83,80.0% of closes stayed inside the range | Range width 14.5% | Currently 0.8% through the range,,,24.51,21.05,-72.87,-74.13,,,,,,,,38.4784,31.1337,12.5248,1.87,0.056,59795.54,46.52,Pharma / Healthcare,11.0,0.0,0.0,0.0,6.0,17.0,0.5,,"Revenue contraction, Earnings contraction",0.0,17.0,,22.86,20.0,"Below 200 DMA, Revenue contraction, Earnings contraction",0.0,Avoid,"Oversold RSI, Volume expansion, 80.0% of closes stayed inside the range | Range width 14.5% | Currently 0.8% through the range"
TATACOMM,Communication Services,Telecom Services,1599.16,-2.72,1021.76,2123.7,56.51,24.7,45.22,1638.15,1603.68,309178.65,147048.0,0.48,Bearish,12.0,RSI recovering,4.2,-4.55,2.05,0.93,-3.38,4.97,3.27,-1.17,-2.92,18.0,"Positive 1M return, Positive 6M return",46.67,Lower Range Watch,68.44,1532.36,1716.5,12.02,36.27,80.0% of closes stayed inside the range | Range width 12.0% | Currently 36.3% through the range,,,7.9,3.19,-74.07,-89.65,,,,,,,,52.3267,22.1678,14.3548,100.0,0.816,49484.61,27.46,Telecom,0.0,0.0,0.0,0.0,7.0,7.0,0.5,,"Revenue contraction, Earnings contraction",0.0,7.0,,25.86,23.0,"Below 200 DMA, Low volume participation, Revenue contraction, Earnings contraction",0.0,Avoid,"RSI recovering, Positive 1M return, Positive 6M return, 80.0% of closes stayed inside the range | Range width 12.0% | Currently 36.3% through the range"
TRENT,Consumer Cyclical,Apparel Retail,4672.1,-1.34,1150.98,8327.88,305.92,43.9,22.57,5239.9,5565.94,976623.45,1038283.0,1.06,Bearish,9.0,"Oversold RSI, Normal volume support",-11.68,-24.74,-12.03,0.93,-3.38,4.97,-12.61,-21.36,-17.0,0.0,,93.33,Accumulation Zone,72.78,5009.85,5768.84,15.15,0.0,80.0% of closes stayed inside the range | Range width 15.2% | Currently 0.0% through the range,,,11.36,8.8,-71.06,-72.22,,,,,,,,88.5037,58.9539,22.8036,13.0,0.384,159276.48,43.01,Consumer Discretionary,6.0,0.0,0.0,0.0,5.0,11.0,0.5,,"Revenue contraction, Earnings contraction, Very high PE",0.0,11.0,,30.97,28.0,"Below 200 DMA, Extreme RSI weakness, Revenue contraction, Earnings contraction",0.0,Avoid,"Oversold RSI, Normal volume support, 80.0% of closes stayed inside the range | Range width 15.2% | Currently 0.0% through the range"
FEDERALBNK,Financial Services,Banks - Regional,191.17,-0.78,102.82,217.93,85.92,12.28,39.28,197.06,195.07,4843592.1,3860755.0,0.8,Bearish,8.0,Weak but watchable RSI,0.06,-9.45,0.35,0.93,-3.38,4.97,-0.87,-6.07,-4.62,18.0,"Positive 1M return, Positive 6M return",59.24,Accumulation Zone,73.31,189.96,210.7,10.92,5.81,80.8% of closes stayed inside the range | Range width 10.9% | Currently 5.8% through the range,,,,24.32,-73.5,-77.92,,,,,,,,19.1033,13.2216,2.1967,34.0,0.276,88118.6,0.0,Banking,6.0,0.0,0.0,0.0,15.0,21.0,0.43,,"Revenue contraction, Earnings contraction",0.0,21.0,,27.64,24.0,"Below 200 DMA, Revenue contraction, Earnings contraction, Limited fundamental data coverage",0.0,Avoid,"Weak but watchable RSI, Positive 1M return, Positive 6M return, 80.8% of closes stayed inside the range | Range width 10.9% | Currently 5.8% through the range"
DLF,Real Estate,Real Estate - Development,707.17,-0.69,325.47,943.27,117.28,25.03,30.08,764.37,742.91,2350045.95,2092671.0,0.89,Bearish,8.0,Weak but watchable RSI,-3.11,-13.91,6.0,0.93,-3.38,4.97,-4.04,-10.53,1.03,10.0,Positive 6M return,30.0,Accumulation Zone,66.44,655.76,831.42,26.79,29.27,80.0% of closes stayed inside the range | Range width 26.8% | Currently 29.3% through the range,,,12.14,28.07,-65.81,-82.54,,,,,,,,36.8868,25.8892,3.6022,1.23,0.386,163803.75,46.51,Cement / Realty,9.0,0.0,0.0,0.0,8.0,17.0,0.5,,"Revenue contraction, Earnings contraction",0.0,17.0,,16.5,20.0,"Below 200 DMA, Revenue contraction, Earnings contraction",0.0,Avoid,"Weak but watchable RSI, Positive 6M return, 80.0% of closes stayed inside the range | Range width 26.8% | Currently 29.3% through the range"
TATATECH,Technology,Information Technology Services,657.21,-1.89,578.84,1344.53,13.54,51.12,37.53,679.91,714.93,1002444.25,704757.0,0.7,Bearish,13.0,"Weak but watchable RSI, Near 52W low zone",1.53,-6.15,-3.18,0.93,-3.38,4.97,0.6,-2.77,-8.15,8.0,Positive 1M return,66.22,Accumulation Zone,71.62,637.83,740.18,16.05,18.94,80.8% of closes stayed inside the range | Range width 16.0% | Currently 18.9% through the range,,,13.57,13.68,-75.93,-74.85,,,,,,,,62.8902,35.9162,8.7138,97.0,0.833,34193.62,24.55,IT / Technology,8.0,0.0,0.0,0.0,5.0,13.0,0.5,,"Revenue contraction, Earnings contraction",0.0,13.0,,22.19,20.0,"Below 200 DMA, Revenue contraction, Earnings contraction",0.0,Avoid,"Weak but watchable RSI, Near 52W low zone, Positive 1M return, 80.8% of closes stayed inside the range | Range width 16.0% | Currently 18.9% through the range"
VOLTAS,Consumer Cyclical,"Furnishings, Fixtures & Appliances",1336.0,-2.35,724.31,1928.05,84.45,30.71,38.53,1358.14,1383.22,1046479.25,1100967.0,1.05,Bearish,13.0,"Weak but watchable RSI, Normal volume support",-2.46,1.99,-5.67,0.93,-3.38,4.97,-3.39,5.37,-10.64,10.0,Positive 3M return,79.17,Neutral Range,68.18,1235.56,1398.31,13.17,61.72,80.0% of closes stayed inside the range | Range width 13.2% | Currently 61.7% through the range,,,4.09,3.59,-74.46,-83.31,,,,,,,,113.2572,38.3226,6.6943,31.0,0.138,42684.13,22.23,Consumer Discretionary,0.0,0.0,0.0,0.0,5.0,5.0,0.5,,"Revenue contraction, Earnings contraction, Very high PE",0.0,5.0,,30.97,20.0,"Below 200 DMA, Revenue contraction, Earnings contraction",0.0,Avoid,"Weak but watchable RSI, Normal volume support, Positive 3M return, 80.0% of closes stayed inside the range | Range width 13.2% | Currently 61.7% through the range"
AJANTPHARM,Healthcare,Drug Manufacturers - Specialty & Generic,2415.72,-0.97,1045.69,3384.33,131.02,28.62,33.76,2576.15,2606.2,95508.1,120743.0,1.26,Bearish,13.0,"Weak but watchable RSI, Normal volume support",-0.5,-4.23,-9.66,0.93,-3.38,4.97,-1.43,-0.85,-14.63,0.0,,87.5,Accumulation Zone,74.4,2452.28,2697.59,10.0,0.0,80.0% of closes stayed inside the range | Range width 10.0% | Currently 0.0% through the range,,,52.4,19.6,-71.6,-72.26,,,,,,,,38.9849,30.3719,9.7708,1.82,0.216,44239.7,78.61,Pharma / Healthcare,12.0,0.0,0.0,0.0,6.0,18.0,0.5,,"Revenue contraction, Earnings contraction",0.0,18.0,,22.86,20.0,"Below 200 DMA, Revenue contraction, Earnings contraction",0.0,Avoid,"Weak but watchable RSI, Normal volume support, 80.0% of closes stayed inside the range | Range width 10.0% | Currently 0.0% through the range"
TECHM,Technology,Information Technology Services,1357.83,-2.53,859.95,1712.37,57.9,20.7,30.94,1444.77,1491.61,1721022.4,1851067.0,1.08,Bearish,13.0,"Weak but watchable RSI, Normal volume support",-4.98,-15.03,1.21,0.93,-3.38,4.97,-5.91,-11.65,-3.76,10.0,Positive 6M return,52.7,Accumulation Zone,73.51,1368.45,1586.35,15.92,0.0,80.0% of closes stayed inside the range | Range width 15.9% | Currently 0.0% through the range,,,11.06,8.54,-74.8,-73.17,,,,,,,,28.4091,18.707,4.8593,3.1,0.162,143950.49,35.76,IT / Technology,6.0,0.0,0.0,0.0,11.0,17.0,0.5,,"Revenue contraction, Earnings contraction",0.0,17.0,,22.19,20.0,"Below 200 DMA, Revenue contraction, Earnings contraction",0.0,Avoid,"Weak but watchable RSI, Normal volume support, Positive 6M return, 80.0% of closes stayed inside the range | Range width 15.9% | Currently 0.0% through the range"
UBL,Consumer Defensive,Beverages - Brewers,1764.64,-0.35,1324.03,2271.75,33.28,22.32,34.93,1870.42,1968.09,213467.35,81812.0,0.38,Bearish,8.0,Weak but watchable RSI,-3.94,-8.44,-7.5,0.93,-3.38,4.97,-4.87,-5.06,-12.47,0.0,,91.67,Accumulation Zone,73.09,1786.69,2111.88,18.2,0.0,80.8% of closes stayed inside the range | Range width 18.2% | Currently 0.0% through the range,,,8.66,6.42,-67.87,-58.37,,,,,,,,92.6769,49.7287,8.1161,71.0,-0.03,36707.37,42.07,FMCG / Consumer,3.0,0.0,0.0,0.0,5.0,8.0,0.5,,"Revenue contraction, Earnings contraction, Very high PE",0.0,8.0,,24.24,23.0,"Below 200 DMA, Low volume participation, Revenue contraction, Earnings contraction",0.0,Avoid,"Weak but watchable RSI, 80.8% of closes stayed inside the range | Range width 18.2% | Currently 0.0% through the range"
UNITDSPR,Consumer Defensive,Beverages - Wineries & Distilleries,1281.69,-1.53,709.87,1664.74,80.55,23.01,41.77,1304.95,1405.93,958963.85,733634.0,0.77,Bearish,8.0,Weak but watchable RSI,-1.04,-8.61,-3.87,0.93,-3.38,4.97,-1.97,-5.23,-8.84,0.0,,91.67,Accumulation Zone,72.01,1291.54,1535.77,18.91,0.0,80.0% of closes stayed inside the range | Range width 18.9% | Currently 0.0% through the range,,,13.77,16.36,-77.87,-73.64,,,,,,,,64.3606,50.7888,12.1739,1.1,0.148,108993.5,46.86,FMCG / Consumer,8.0,0.0,0.0,0.0,4.0,12.0,0.5,,"Revenue contraction, Earnings contraction",0.0,12.0,,24.24,20.0,"Below 200 DMA, Revenue contraction, Earnings contraction",0.0,Avoid,"Weak but watchable RSI, 80.0% of closes stayed inside the range | Range width 18.9% | Currently 0.0% through the range"
