symbol,sector,industry,current_price,day_change_pct,low_52w,high_52w,distance_from_low_pct,distance_from_high_pct,rsi,sma50,sma200,avg_volume_20d,latest_volume,volume_ratio,trend,technical_score,technical_reasons,return_1m,return_3m,return_6m,nifty_return_1m,nifty_return_3m,nifty_return_6m,return_vs_nifty_1m,return_vs_nifty_3m,return_vs_nifty_6m,relative_strength_score,relative_strength_reasons,sector_rank_pct,range_status,range_score,range_low,range_high,range_width_pct,range_position_pct,range_reasons,roe,roa,operating_margin,net_profit_margin,revenue_growth,earnings_growth,debt_to_equity,current_ratio,quick_ratio,total_cash_cr,total_debt_cr,operating_cashflow_cr,free_cashflow_cr,trailing_pe,forward_pe,price_to_book,dividend_yield,beta,market_cap_cr,gross_margin,sector_bucket,profitability_score,growth_score,balance_sheet_score,cashflow_score,valuation_score,fundamental_score,fundamental_data_coverage,fundamental_reasons,fundamental_risk_reasons,sector_adjustment,sector_adjusted_fundamental_score,sector_adjustment_reasons,sector_score,risk_penalty,risk_reasons,final_score,score_band,reasons
COALINDIA,Energy,Thermal Coal,286.51,8.02,153.6,287.04,86.53,0.19,79.26,241.52,197.78,10091859.2,42178783.0,4.18,Bullish,72.0,"Above 50 DMA, Above 200 DMA, Strong but overbought RSI, Near 52W high momentum, Strong volume expansion, Strong positive day move",13.44,51.33,49.55,-1.56,0.08,5.68,15.0,51.25,43.87,100.0,"Strong 1M absolute return, Strong 3M absolute return, Strong 6M absolute return, 1M Nifty outperformance, 3M Nifty outperformance, 6M Nifty outperformance, Positive across 1M/3M/6M",14.29,Breakout Watch,82.4,184.12,256.34,39.22,100.0,80.0% of closes stayed inside the range | Range width 39.2% | Currently 100.0% through the range | Above upper band on elevated volume,52.21,14.28,29.57,24.93,,,7.12,1.57,1.45,5627.43,4331.42,35733.97,20415.86,8.1631,7.2265,2.1177,5.09,-0.04,252240.46,74.76,Metals / Mining,25.0,0.0,18.0,17.0,15.0,75.0,0.86,"Strong ROE, Cash covers debt",,4.0,79.0,"General quality ROE, General low-debt support",49.74,0.0,,78.11,High Conviction,"Above 50 DMA, Above 200 DMA, Strong but overbought RSI, Near 52W high momentum, Strong volume expansion, Strong positive day move, Strong ROE, Cash covers debt, Strong 1M absolute return, Strong 3M absolute return, Strong 6M absolute return, 1M Nifty outperformance, 3M Nifty outperformance, 6M Nifty outperformance, Positive across 1M/3M/6M, 80.0% of closes stayed inside the range | Range width 39.2% | Currently 100.0% through the range | Above upper band on elevated volume"
NMDC,Basic Materials,Steel,52.36,3.88,24.26,53.12,115.85,1.43,75.04,45.03,35.74,40360742.25,78027435.0,1.93,Bullish,67.0,"Above 50 DMA, Above 200 DMA, Strong but overbought RSI, Near 52W high momentum, Volume expansion, Strong positive day move",9.6,57.7,68.05,-1.56,0.08,5.68,11.16,57.62,62.37,98.0,"Positive 1M return, Strong 3M absolute return, Strong 6M absolute return, 1M Nifty outperformance, 3M Nifty outperformance, 6M Nifty outperformance, Positive across 1M/3M/6M",10.53,Breakout Watch,79.31,31.17,47.65,52.87,100.0,80.0% of closes stayed inside the range | Range width 52.9% | Currently 100.0% through the range | Above upper band on elevated volume,24.76,18.7,32.39,31.72,,,9.41,2.97,2.52,93.0,2127.87,1837.59,590.37,10.094,8.3816,2.2131,4.1,0.643,75521.71,45.64,Metals / Mining,23.0,0.0,17.0,17.0,15.0,72.0,0.86,Strong ROE,,4.0,76.0,"General quality ROE, General low-debt support",43.6,0.0,,74.39,Strong,"Above 50 DMA, Above 200 DMA, Strong but overbought RSI, Near 52W high momentum, Volume expansion, Strong positive day move, Strong ROE, Positive 1M return, Strong 3M absolute return, Strong 6M absolute return, 1M Nifty outperformance, 3M Nifty outperformance, 6M Nifty outperformance, Positive across 1M/3M/6M, 80.0% of closes stayed inside the range | Range width 52.9% | Currently 100.0% through the range | Above upper band on elevated volume"
UNIONBANK,Financial Services,Banks - Regional,102.51,7.69,34.45,103.75,197.61,1.19,68.03,91.11,73.2,20989110.95,55306838.0,2.64,Bullish,85.0,"Above 50 DMA, Above 200 DMA, Healthy RSI momentum, Near 52W high momentum, Strong volume expansion, Strong positive day move",8.84,22.54,63.63,-1.56,0.08,5.68,10.4,22.46,57.95,98.0,"Positive 1M return, Strong 3M absolute return, Strong 6M absolute return, 1M Nifty outperformance, 3M Nifty outperformance, 6M Nifty outperformance, Positive across 1M/3M/6M",15.66,Breakout Watch,83.23,62.72,95.29,51.92,100.0,80.0% of closes stayed inside the range | Range width 51.9% | Currently 100.0% through the range | Above upper band on elevated volume,10.8,0.66,,18.06,,,37.25,,,112598.86,29354.59,6055.85,2990.3,6.9131,6.9857,1.0231,2.74,0.893,142748.43,0.0,Banking,8.0,0.0,10.0,17.0,12.0,47.0,0.64,Cash covers debt,,0.0,47.0,,49.32,0.0,,69.6,Strong,"Above 50 DMA, Above 200 DMA, Healthy RSI momentum, Near 52W high momentum, Strong volume expansion, Strong positive day move, Cash covers debt, Positive 1M return, Strong 3M absolute return, Strong 6M absolute return, 1M Nifty outperformance, 3M Nifty outperformance, 6M Nifty outperformance, Positive across 1M/3M/6M, 80.0% of closes stayed inside the range | Range width 51.9% | Currently 100.0% through the range | Above upper band on elevated volume"
ANANDRATHI,Financial Services,Asset Management,515.87,0.92,155.16,521.7,232.48,1.12,72.93,427.17,277.8,251627.2,129608.0,0.52,Bullish,52.0,"Above 50 DMA, Above 200 DMA, Strong but overbought RSI, Near 52W high momentum, Positive day move",11.13,46.8,150.46,-1.56,0.08,5.68,12.69,46.72,144.78,100.0,"Strong 1M absolute return, Strong 3M absolute return, Strong 6M absolute return, 1M Nifty outperformance, 3M Nifty outperformance, 6M Nifty outperformance, Positive across 1M/3M/6M",7.23,Profit Booking Zone,69.09,211.91,469.58,121.59,100.0,80.0% of closes stayed inside the range | Range width 121.6% | Currently 100.0% through the range,35.97,26.98,40.47,30.7,,,7.84,2.95,,64.76,36.72,83.89,66.96,78.1228,65.0423,36.4135,32.0,0.337,36346.43,57.81,Financial Services,25.0,0.0,17.0,17.0,5.0,64.0,0.79,"Strong ROE, Cash covers debt",,2.0,66.0,"Strong ROE for a leveraged-balance-sheet business, Expensive relative to book value for this sector",49.32,0.0,,68.5,Strong,"Above 50 DMA, Above 200 DMA, Strong but overbought RSI, Near 52W high momentum, Positive day move, Strong ROE, Cash covers debt, Strong 1M absolute return, Strong 3M absolute return, Strong 6M absolute return, 1M Nifty outperformance, 3M Nifty outperformance, 6M Nifty outperformance, Positive across 1M/3M/6M, 80.0% of closes stayed inside the range | Range width 121.6% | Currently 100.0% through the range"
MEDANTA,Healthcare,Medical Care Facilities,910.2,0.89,406.36,946.37,123.99,3.82,81.14,748.7,617.08,400697.85,619956.0,1.55,Bullish,62.0,"Above 50 DMA, Above 200 DMA, Strong but overbought RSI, Near 52W high momentum, Volume expansion, Positive day move",17.05,34.45,61.91,-1.56,0.08,5.68,18.61,34.37,56.23,100.0,"Strong 1M absolute return, Strong 3M absolute return, Strong 6M absolute return, 1M Nifty outperformance, 3M Nifty outperformance, 6M Nifty outperformance, Positive across 1M/3M/6M",7.5,Breakout Watch,81.97,607.06,777.75,28.12,100.0,80.0% of closes stayed inside the range | Range width 28.1% | Currently 100.0% through the range | Above upper band on elevated volume,13.43,7.92,18.6,12.15,,,46.2,2.76,2.65,767.24,1121.95,644.52,408.53,67.6456,41.3212,9.4493,3.0,0.14,37445.97,52.79,Pharma / Healthcare,16.0,0.0,15.0,17.0,5.0,53.0,0.86,,,2.0,55.0,General low-debt support,53.23,0.0,,67.73,Strong,"Above 50 DMA, Above 200 DMA, Strong but overbought RSI, Near 52W high momentum, Volume expansion, Positive day move, Strong 1M absolute return, Strong 3M absolute return, Strong 6M absolute return, 1M Nifty outperformance, 3M Nifty outperformance, 6M Nifty outperformance, Positive across 1M/3M/6M, 80.0% of closes stayed inside the range | Range width 28.1% | Currently 100.0% through the range | Above upper band on elevated volume"
TORNTPOWER,Utilities,Utilities - Independent Power Producers,787.62,5.5,393.65,803.98,100.08,2.04,78.97,699.13,579.57,445760.7,1434916.0,3.22,Bullish,72.0,"Above 50 DMA, Above 200 DMA, Strong but overbought RSI, Near 52W high momentum, Strong volume expansion, Strong positive day move",12.39,28.21,55.17,-1.56,0.08,5.68,13.95,28.13,49.49,100.0,"Strong 1M absolute return, Strong 3M absolute return, Strong 6M absolute return, 1M Nifty outperformance, 3M Nifty outperformance, 6M Nifty outperformance, Positive across 1M/3M/6M",14.71,Breakout Watch,85.09,581.71,705.67,21.31,100.0,80.0% of closes stayed inside the range | Range width 21.3% | Currently 100.0% through the range | Above upper band on elevated volume,19.23,7.08,13.85,8.34,,,95.74,1.08,0.96,188.23,10541.41,3455.78,366.71,28.818,21.9958,3.4843,1.5,0.655,66464.88,26.63,Energy / Utilities,14.0,0.0,6.0,17.0,10.0,47.0,0.86,Strong ROE,,2.0,49.0,General quality ROE,50.38,0.0,,67.71,Strong,"Above 50 DMA, Above 200 DMA, Strong but overbought RSI, Near 52W high momentum, Strong volume expansion, Strong positive day move, Strong ROE, Strong 1M absolute return, Strong 3M absolute return, Strong 6M absolute return, 1M Nifty outperformance, 3M Nifty outperformance, 6M Nifty outperformance, Positive across 1M/3M/6M, 80.0% of closes stayed inside the range | Range width 21.3% | Currently 100.0% through the range | Above upper band on elevated volume"
PERSISTENT,Technology,Information Technology Services,3059.54,-0.16,1500.77,3113.71,103.86,1.74,64.0,2894.66,2478.31,842254.9,756078.0,0.9,Bullish,60.0,"Above 50 DMA, Above 200 DMA, Healthy RSI momentum, Near 52W high momentum",8.16,27.46,33.55,-1.56,0.08,5.68,9.72,27.38,27.87,98.0,"Positive 1M return, Strong 3M absolute return, Strong 6M absolute return, 1M Nifty outperformance, 3M Nifty outperformance, 6M Nifty outperformance, Positive across 1M/3M/6M",21.21,Profit Booking Zone,81.97,2341.48,2934.26,25.32,100.0,80.0% of closes stayed inside the range | Range width 25.3% | Currently 100.0% through the range,23.23,13.8,15.07,11.03,,,16.58,1.71,,467.01,657.55,955.76,522.46,44.7405,30.8947,10.9263,65.0,0.082,85520.87,31.68,IT / Technology,17.0,0.0,13.0,17.0,7.0,54.0,0.79,Strong ROE,,5.0,59.0,Strong ROE for an asset-light business,49.67,0.0,,67.6,Strong,"Above 50 DMA, Above 200 DMA, Healthy RSI momentum, Near 52W high momentum, Strong ROE, Positive 1M return, Strong 3M absolute return, Strong 6M absolute return, 1M Nifty outperformance, 3M Nifty outperformance, 6M Nifty outperformance, Positive across 1M/3M/6M, 80.0% of closes stayed inside the range | Range width 25.3% | Currently 100.0% through the range"
ADANIPOWER,Utilities,Utilities - Independent Power Producers,78.12,-2.2,26.48,86.5,195.02,9.69,61.08,72.5,52.91,56879518.5,57271400.0,1.01,Bullish,65.0,"Above 50 DMA, Above 200 DMA, Healthy RSI momentum, Near 52W high momentum, Normal volume support",14.24,35.58,65.61,-1.56,0.08,5.68,15.8,35.5,59.93,100.0,"Strong 1M absolute return, Strong 3M absolute return, Strong 6M absolute return, 1M Nifty outperformance, 3M Nifty outperformance, 6M Nifty outperformance, Positive across 1M/3M/6M",14.71,Profit Booking Zone,79.62,49.14,75.91,54.49,100.0,80.8% of closes stayed inside the range | Range width 54.5% | Currently 100.0% through the range,35.9,12.5,17.38,28.21,,,141.19,1.1,0.93,349.23,42180.58,8430.53,5186.85,27.9716,26.0646,6.1471,,0.475,399173.9,43.48,Energy / Utilities,22.0,0.0,4.0,17.0,7.0,50.0,0.79,Strong ROE,,2.0,52.0,General quality ROE,50.38,0.0,,67.01,Strong,"Above 50 DMA, Above 200 DMA, Healthy RSI momentum, Near 52W high momentum, Normal volume support, Strong ROE, Strong 1M absolute return, Strong 3M absolute return, Strong 6M absolute return, 1M Nifty outperformance, 3M Nifty outperformance, 6M Nifty outperformance, Positive across 1M/3M/6M, 80.8% of closes stayed inside the range | Range width 54.5% | Currently 100.0% through the range"
NAM-INDIA,Financial Services,Asset Management,378.64,1.32,177.32,387.67,113.54,2.33,70.67,328.74,255.32,824439.35,775284.0,0.94,Bullish,52.0,"Above 50 DMA, Above 200 DMA, Strong but overbought RSI, Near 52W high momentum, Positive day move",3.54,27.72,75.08,-1.56,0.08,5.68,5.1,27.64,69.4,98.0,"Positive 1M return, Strong 3M absolute return, Strong 6M absolute return, 1M Nifty outperformance, 3M Nifty outperformance, 6M Nifty outperformance, Positive across 1M/3M/6M",15.66,Profit Booking Zone,75.08,221.84,355.02,60.04,100.0,80.0% of closes stayed inside the range | Range width 60.0% | Currently 100.0% through the range,20.57,18.73,56.72,53.59,,,1.59,13.66,,21.26,56.0,586.56,573.74,46.7312,35.4773,16.1928,1.84,0.634,75633.87,83.17,Financial Services,23.0,0.0,14.0,17.0,6.0,60.0,0.79,Strong ROE,,2.0,62.0,"Strong ROE for a leveraged-balance-sheet business, Expensive relative to book value for this sector",49.32,0.0,,66.6,Strong,"Above 50 DMA, Above 200 DMA, Strong but overbought RSI, Near 52W high momentum, Positive day move, Strong ROE, Positive 1M return, Strong 3M absolute return, Strong 6M absolute return, 1M Nifty outperformance, 3M Nifty outperformance, 6M Nifty outperformance, Positive across 1M/3M/6M, 80.0% of closes stayed inside the range | Range width 60.0% | Currently 100.0% through the range"
APARINDS,Industrials,Electrical Equipment & Parts,5363.48,6.28,1147.8,5947.86,367.28,9.82,59.21,5154.56,3459.45,123252.2,200648.0,1.63,Bullish,80.0,"Above 50 DMA, Above 200 DMA, Healthy RSI momentum, Near 52W high momentum, Volume expansion, Strong positive day move",0.31,33.65,99.78,-1.56,0.08,5.68,1.87,33.57,94.1,88.0,"Positive 1M return, Strong 3M absolute return, Strong 6M absolute return, 3M Nifty outperformance, 6M Nifty outperformance, Positive across 1M/3M/6M",21.6,Profit Booking Zone,76.08,2777.03,5347.37,92.56,100.0,80.0% of closes stayed inside the range | Range width 92.6% | Currently 100.0% through the range,28.52,7.76,8.49,4.47,,,16.82,1.22,0.77,498.81,376.23,698.34,450.51,57.1429,47.8647,13.4064,38.0,0.152,72330.69,21.59,Capital Goods / Infra,10.0,0.0,14.0,17.0,7.0,48.0,0.86,"Strong ROE, Cash covers debt",,0.0,48.0,,50.01,0.0,,66.3,Strong,"Above 50 DMA, Above 200 DMA, Healthy RSI momentum, Near 52W high momentum, Volume expansion, Strong positive day move, Strong ROE, Cash covers debt, Positive 1M return, Strong 3M absolute return, Strong 6M absolute return, 3M Nifty outperformance, 6M Nifty outperformance, Positive across 1M/3M/6M, 80.0% of closes stayed inside the range | Range width 92.6% | Currently 100.0% through the range"
SOLARINDS,Basic Materials,Specialty Chemicals,6187.35,1.55,3150.56,6237.95,96.39,0.81,76.54,5070.31,4164.17,73870.65,50798.0,0.69,Bullish,52.0,"Above 50 DMA, Above 200 DMA, Strong but overbought RSI, Near 52W high momentum, Positive day move",15.91,52.18,65.83,-1.56,0.08,5.68,17.47,52.1,60.15,100.0,"Strong 1M absolute return, Strong 3M absolute return, Strong 6M absolute return, 1M Nifty outperformance, 3M Nifty outperformance, 6M Nifty outperformance, Positive across 1M/3M/6M",4.39,Profit Booking Zone,77.71,3719.66,5300.43,42.5,100.0,80.0% of closes stayed inside the range | Range width 42.5% | Currently 100.0% through the range,29.01,15.03,19.88,11.18,,,45.77,1.53,0.86,245.04,1194.69,656.48,177.37,100.7965,56.2038,27.0006,6.0,0.238,169487.88,49.2,Chemicals,21.0,0.0,11.0,17.0,5.0,54.0,0.86,Strong ROE,Very high PE,4.0,58.0,"General quality ROE, General low-debt support",43.6,0.0,,64.84,Watchlist,"Above 50 DMA, Above 200 DMA, Strong but overbought RSI, Near 52W high momentum, Positive day move, Strong ROE, Strong 1M absolute return, Strong 3M absolute return, Strong 6M absolute return, 1M Nifty outperformance, 3M Nifty outperformance, 6M Nifty outperformance, Positive across 1M/3M/6M, 80.0% of closes stayed inside the range | Range width 42.5% | Currently 100.0% through the range"
LODHA,Real Estate,Real Estate - Development,843.01,-0.45,352.0,872.51,139.49,3.38,61.47,779.22,608.25,1419679.3,743166.0,0.52,Bullish,60.0,"Above 50 DMA, Above 200 DMA, Healthy RSI momentum, Near 52W high momentum",4.98,22.22,69.28,-1.56,0.08,5.68,6.54,22.14,63.6,98.0,"Positive 1M return, Strong 3M absolute return, Strong 6M absolute return, 1M Nifty outperformance, 3M Nifty outperformance, 6M Nifty outperformance, Positive across 1M/3M/6M",38.89,Profit Booking Zone,80.11,586.51,807.66,37.71,100.0,80.0% of closes stayed inside the range | Range width 37.7% | Currently 100.0% through the range,3.84,1.24,21.26,5.21,,,71.55,1.5,0.24,1310.8,9060.3,2750.0,2659.6,29.4089,24.8976,5.1863,35.0,0.623,120770.28,43.66,Cement / Realty,5.0,0.0,8.0,17.0,11.0,41.0,0.86,,,2.0,43.0,General low-debt support,65.96,0.0,,64.44,Watchlist,"Above 50 DMA, Above 200 DMA, Healthy RSI momentum, Near 52W high momentum, Positive 1M return, Strong 3M absolute return, Strong 6M absolute return, 1M Nifty outperformance, 3M Nifty outperformance, 6M Nifty outperformance, Positive across 1M/3M/6M, 80.0% of closes stayed inside the range | Range width 37.7% | Currently 100.0% through the range"
HAL,Industrials,Aerospace & Defense,1997.59,0.07,1047.95,2046.65,90.62,2.4,67.57,1888.78,1620.22,1232919.75,1183911.0,0.96,Bullish,65.0,"Above 50 DMA, Above 200 DMA, Healthy RSI momentum, Near 52W high momentum, Positive day move",4.32,9.1,36.76,-1.56,0.08,5.68,5.88,9.02,31.08,73.0,"Positive 1M return, Positive 3M return, Strong 6M absolute return, 1M Nifty outperformance, 6M Nifty outperformance, Positive across 1M/3M/6M",28.4,Profit Booking Zone,84.85,1701.71,1925.32,13.14,100.0,80.0% of closes stayed inside the range | Range width 13.1% | Currently 100.0% through the range,24.72,8.67,21.66,22.11,,,0.01,1.68,1.29,4440.77,2.65,8829.72,7048.5,36.6014,29.4868,8.1395,41.0,0.502,334053.09,51.85,Capital Goods / Infra,21.0,0.0,18.0,17.0,7.0,63.0,0.86,"Strong ROE, Cash covers debt",,0.0,63.0,,50.01,0.0,,64.05,Watchlist,"Above 50 DMA, Above 200 DMA, Healthy RSI momentum, Near 52W high momentum, Positive day move, Strong ROE, Cash covers debt, Positive 1M return, Positive 3M return, Strong 6M absolute return, 1M Nifty outperformance, 6M Nifty outperformance, Positive across 1M/3M/6M, 80.0% of closes stayed inside the range | Range width 13.1% | Currently 100.0% through the range"
COLPAL,Consumer Defensive,Household & Personal Products,2014.65,0.96,1327.04,2035.01,51.81,1.0,60.58,1912.37,1629.49,443772.9,142862.0,0.32,Bullish,65.0,"Above 50 DMA, Above 200 DMA, Healthy RSI momentum, Near 52W high momentum, Positive day move",4.92,9.54,30.13,-1.56,0.08,5.68,6.48,9.46,24.45,73.0,"Positive 1M return, Positive 3M return, Strong 6M absolute return, 1M Nifty outperformance, 6M Nifty outperformance, Positive across 1M/3M/6M",25.0,Profit Booking Zone,82.56,1519.11,1950.3,28.38,100.0,80.0% of closes stayed inside the range | Range width 28.4% | Currently 100.0% through the range,61.01,36.32,26.47,20.18,,,4.02,1.43,1.12,806.06,68.96,1176.26,1106.17,40.4887,34.0636,34.4253,2.39,0.522,54533.12,68.93,FMCG / Consumer,25.0,0.0,16.0,17.0,7.0,65.0,0.86,"Strong ROE, Cash covers debt",,8.0,73.0,"Strong ROE for a consumer staples business, Low debt, typical of a healthy consumer business",46.48,3.0,Low volume participation,64.02,Watchlist,"Above 50 DMA, Above 200 DMA, Healthy RSI momentum, Near 52W high momentum, Positive day move, Strong ROE, Cash covers debt, Positive 1M return, Positive 3M return, Strong 6M absolute return, 1M Nifty outperformance, 6M Nifty outperformance, Positive across 1M/3M/6M, 80.0% of closes stayed inside the range | Range width 28.4% | Currently 100.0% through the range"
NLCINDIA,Utilities,Utilities - Regulated Electric,150.47,4.13,60.45,152.73,148.91,1.48,70.56,130.42,99.59,3916528.9,4628710.0,1.18,Bullish,62.0,"Above 50 DMA, Above 200 DMA, Strong but overbought RSI, Near 52W high momentum, Normal volume support, Strong positive day move",13.13,19.23,83.64,-1.56,0.08,5.68,14.69,19.15,77.96,95.0,"Strong 1M absolute return, Positive 3M return, Strong 6M absolute return, 1M Nifty outperformance, 3M Nifty outperformance, 6M Nifty outperformance, Positive across 1M/3M/6M",35.29,Profit Booking Zone,79.49,92.66,134.02,44.64,100.0,80.0% of closes stayed inside the range | Range width 44.6% | Currently 100.0% through the range,9.2,2.63,36.15,8.63,,,147.23,1.38,1.21,77.48,22333.14,4171.32,1567.95,12.0326,10.25,1.7827,2.52,,38375.17,80.32,Energy / Utilities,11.0,0.0,6.0,17.0,15.0,49.0,0.86,,,0.0,49.0,,50.38,0.0,,63.96,Watchlist,"Above 50 DMA, Above 200 DMA, Strong but overbought RSI, Near 52W high momentum, Normal volume support, Strong positive day move, Strong 1M absolute return, Positive 3M return, Strong 6M absolute return, 1M Nifty outperformance, 3M Nifty outperformance, 6M Nifty outperformance, Positive across 1M/3M/6M, 80.0% of closes stayed inside the range | Range width 44.6% | Currently 100.0% through the range"
PHOENIXLTD,Real Estate,Real Estate - Diversified,1051.93,3.94,589.78,1062.92,78.36,1.03,67.69,933.67,785.86,557024.4,578046.0,1.04,Bullish,75.0,"Above 50 DMA, Above 200 DMA, Healthy RSI momentum, Near 52W high momentum, Normal volume support, Strong positive day move",4.75,23.74,43.1,-1.56,0.08,5.68,6.31,23.66,37.42,98.0,"Positive 1M return, Strong 3M absolute return, Strong 6M absolute return, 1M Nifty outperformance, 3M Nifty outperformance, 6M Nifty outperformance, Positive across 1M/3M/6M",38.89,Profit Booking Zone,85.15,759.75,950.51,25.11,100.0,80.0% of closes stayed inside the range | Range width 25.1% | Currently 100.0% through the range,15.93,7.59,50.86,51.32,,,50.83,1.32,0.85,263.56,4259.28,1356.05,-469.68,52.0776,38.1787,6.199,13.0,0.324,68134.93,93.68,Cement / Realty,18.0,0.0,6.0,9.0,7.0,40.0,0.86,,Negative free cash flow,2.0,42.0,General low-debt support,65.96,4.0,Negative free cash flow,63.84,Watchlist,"Above 50 DMA, Above 200 DMA, Healthy RSI momentum, Near 52W high momentum, Normal volume support, Strong positive day move, Positive 1M return, Strong 3M absolute return, Strong 6M absolute return, 1M Nifty outperformance, 3M Nifty outperformance, 6M Nifty outperformance, Positive across 1M/3M/6M, 80.0% of closes stayed inside the range | Range width 25.1% | Currently 100.0% through the range"
JSL,Basic Materials,Steel,481.77,2.34,115.54,533.87,316.98,9.76,62.78,464.38,349.18,1143996.95,1386482.0,1.21,Bullish,75.0,"Above 50 DMA, Above 200 DMA, Healthy RSI momentum, Near 52W high momentum, Normal volume support, Strong positive day move",4.78,18.65,74.14,-1.56,0.08,5.68,6.34,18.57,68.46,88.0,"Positive 1M return, Positive 3M return, Strong 6M absolute return, 1M Nifty outperformance, 3M Nifty outperformance, 6M Nifty outperformance, Positive across 1M/3M/6M",16.67,Profit Booking Zone,81.09,310.12,471.85,52.15,100.0,80.0% of closes stayed inside the range | Range width 52.2% | Currently 100.0% through the range,17.72,7.8,7.86,5.94,,,33.18,1.38,0.61,469.91,3958.17,3095.63,1439.92,18.7427,14.2066,13.508,55.0,0.554,60799.26,21.99,Metals / Mining,6.0,0.0,9.0,17.0,11.0,43.0,0.86,,,2.0,45.0,General low-debt support,43.6,0.0,,63.04,Watchlist,"Above 50 DMA, Above 200 DMA, Healthy RSI momentum, Near 52W high momentum, Normal volume support, Strong positive day move, Positive 1M return, Positive 3M return, Strong 6M absolute return, 1M Nifty outperformance, 3M Nifty outperformance, 6M Nifty outperformance, Positive across 1M/3M/6M, 80.0% of closes stayed inside the range | Range width 52.2% | Currently 100.0% through the range"
DLF,Real Estate,Real Estate - Development,593.1,0.39,325.47,596.03,82.23,0.49,72.55,533.11,448.02,4302200.5,1898672.0,0.44,Bullish,52.0,"Above 50 DMA, Above 200 DMA, Strong but overbought RSI, Near 52W high momentum, Positive day move",7.04,26.22,30.98,-1.56,0.08,5.68,8.6,26.14,25.3,98.0,"Positive 1M return, Strong 3M absolute return, Strong 6M absolute return, 1M Nifty outperformance, 3M Nifty outperformance, 6M Nifty outperformance, Positive across 1M/3M/6M",38.89,Profit Booking Zone,81.22,464.17,552.85,19.1,100.0,80.0% of closes stayed inside the range | Range width 19.1% | Currently 100.0% through the range,5.4,3.78,29.12,35.83,,,8.85,2.3,0.57,165.52,3334.0,2375.26,2311.52,36.8868,25.8892,3.6022,1.23,0.386,163803.75,46.51,Cement / Realty,12.0,0.0,14.0,17.0,8.0,51.0,0.86,,,2.0,53.0,General low-debt support,65.96,3.0,Low volume participation,62.94,Watchlist,"Above 50 DMA, Above 200 DMA, Strong but overbought RSI, Near 52W high momentum, Positive day move, Positive 1M return, Strong 3M absolute return, Strong 6M absolute return, 1M Nifty outperformance, 3M Nifty outperformance, 6M Nifty outperformance, Positive across 1M/3M/6M, 80.0% of closes stayed inside the range | Range width 19.1% | Currently 100.0% through the range"
BAJAJ-AUTO,Consumer Cyclical,Auto Manufacturers,5175.61,0.61,3203.99,5256.51,61.54,1.54,62.7,4862.92,4267.32,525545.35,93497.0,0.18,Bullish,65.0,"Above 50 DMA, Above 200 DMA, Healthy RSI momentum, Near 52W high momentum, Positive day move",7.38,17.96,22.49,-1.56,0.08,5.68,8.94,17.88,16.81,78.0,"Positive 1M return, Positive 3M return, Positive 6M return, 1M Nifty outperformance, 3M Nifty outperformance, 6M Nifty outperformance, Positive across 1M/3M/6M",23.47,Profit Booking Zone,84.02,4298.31,5098.76,18.62,100.0,80.0% of closes stayed inside the range | Range width 18.6% | Currently 100.0% through the range,20.64,17.25,17.13,17.12,,,0.0,1.83,1.53,241.62,0.0,5277.42,4167.22,27.8148,24.7664,8.4212,1.28,0.633,321520.48,34.19,Automobile,19.0,0.0,19.0,17.0,8.0,63.0,0.86,"Strong ROE, Net cash position",,4.0,67.0,"General quality ROE, General low-debt support",44.22,3.0,Low volume participation,62.83,Watchlist,"Above 50 DMA, Above 200 DMA, Healthy RSI momentum, Near 52W high momentum, Positive day move, Strong ROE, Net cash position, Positive 1M return, Positive 3M return, Positive 6M return, 1M Nifty outperformance, 3M Nifty outperformance, 6M Nifty outperformance, Positive across 1M/3M/6M, 80.0% of closes stayed inside the range | Range width 18.6% | Currently 100.0% through the range"
PNB,Financial Services,Banks - Regional,73.83,3.74,29.62,77.94,149.21,5.27,66.75,69.03,54.22,47433358.25,61511606.0,1.3,Bullish,75.0,"Above 50 DMA, Above 200 DMA, Healthy RSI momentum, Near 52W high momentum, Normal volume support, Strong positive day move",5.19,26.46,63.68,-1.56,0.08,5.68,6.75,26.38,58.0,98.0,"Positive 1M return, Strong 3M absolute return, Strong 6M absolute return, 1M Nifty outperformance, 3M Nifty outperformance, 6M Nifty outperformance, Positive across 1M/3M/6M",15.66,Profit Booking Zone,81.35,47.46,71.38,50.42,100.0,80.0% of closes stayed inside the range | Range width 50.4% | Currently 100.0% through the range,3.25,0.22,,7.11,,,68.18,,,157328.48,70148.62,22592.1,22039.71,6.1872,6.9245,0.8745,2.63,0.504,136743.04,0.0,Banking,3.0,0.0,7.0,17.0,12.0,39.0,0.64,Cash covers debt,,-5.0,34.0,Weak ROE for a leveraged-balance-sheet business,49.32,0.0,,62.55,Watchlist,"Above 50 DMA, Above 200 DMA, Healthy RSI momentum, Near 52W high momentum, Normal volume support, Strong positive day move, Cash covers debt, Positive 1M return, Strong 3M absolute return, Strong 6M absolute return, 1M Nifty outperformance, 3M Nifty outperformance, 6M Nifty outperformance, Positive across 1M/3M/6M, 80.0% of closes stayed inside the range | Range width 50.4% | Currently 100.0% through the range"
FORTIS,Healthcare,Medical Care Facilities,367.12,2.59,243.7,371.55,50.64,1.19,76.66,333.08,299.38,1298589.5,3020750.0,2.33,Bullish,72.0,"Above 50 DMA, Above 200 DMA, Strong but overbought RSI, Near 52W high momentum, Strong volume expansion, Strong positive day move",8.92,15.96,33.92,-1.56,0.08,5.68,10.48,15.88,28.24,88.0,"Positive 1M return, Positive 3M return, Strong 6M absolute return, 1M Nifty outperformance, 3M Nifty outperformance, 6M Nifty outperformance, Positive across 1M/3M/6M",21.25,Breakout Watch,85.51,285.09,337.89,18.52,100.0,80.0% of closes stayed inside the range | Range width 18.5% | Currently 100.0% through the range | Above upper band on elevated volume,8.13,4.73,12.4,9.48,,,12.78,0.99,0.9,141.08,925.72,822.25,375.01,67.5676,39.5602,6.8663,11.0,0.665,67946.23,59.39,Pharma / Healthcare,8.0,0.0,9.0,17.0,5.0,39.0,0.86,,,2.0,41.0,General low-debt support,53.23,0.0,,62.33,Watchlist,"Above 50 DMA, Above 200 DMA, Strong but overbought RSI, Near 52W high momentum, Strong volume expansion, Strong positive day move, Positive 1M return, Positive 3M return, Strong 6M absolute return, 1M Nifty outperformance, 3M Nifty outperformance, 6M Nifty outperformance, Positive across 1M/3M/6M, 80.0% of closes stayed inside the range | Range width 18.5% | Currently 100.0% through the range | Above upper band on elevated volume"
OIL,Energy,Oil & Gas Integrated,193.14,2.78,95.09,208.6,103.12,7.41,58.05,182.47,161.22,3230256.55,1708930.0,0.53,Bullish,70.0,"Above 50 DMA, Above 200 DMA, Healthy RSI momentum, Near 52W high momentum, Strong positive day move",-0.3,15.11,23.54,-1.56,0.08,5.68,1.26,15.03,17.86,50.0,"Positive 3M return, Positive 6M return, 3M Nifty outperformance, 6M Nifty outperformance",64.29,Profit Booking Zone,83.99,151.98,191.3,25.87,100.0,80.0% of closes stayed inside the range | Range width 25.9% | Currently 100.0% through the range,22.68,11.81,40.98,24.19,,,48.94,1.69,1.1,340.64,18831.75,11410.41,2885.86,9.1579,7.5062,1.3235,4.04,0.253,76775.88,56.89,Energy / Utilities,22.0,0.0,13.0,17.0,15.0,67.0,0.86,Strong ROE,,4.0,71.0,"General quality ROE, General low-debt support",49.74,0.0,,62.31,Watchlist,"Above 50 DMA, Above 200 DMA, Healthy RSI momentum, Near 52W high momentum, Strong positive day move, Strong ROE, Positive 3M return, Positive 6M return, 3M Nifty outperformance, 6M Nifty outperformance, 80.0% of closes stayed inside the range | Range width 25.9% | Currently 100.0% through the range"
NH,Healthcare,Medical Care Facilities,1076.26,1.15,668.13,1124.04,61.09,4.25,59.78,1044.81,903.24,202323.85,236658.0,1.17,Bullish,70.0,"Above 50 DMA, Above 200 DMA, Healthy RSI momentum, Near 52W high momentum, Normal volume support, Positive day move",0.06,10.02,41.36,-1.56,0.08,5.68,1.62,9.94,35.68,63.0,"Positive 1M return, Positive 3M return, Strong 6M absolute return, 6M Nifty outperformance, Positive across 1M/3M/6M",42.5,Profit Booking Zone,85.33,918.1,1073.56,16.93,100.0,80.0% of closes stayed inside the range | Range width 16.9% | Currently 100.0% through the range,28.44,14.57,17.59,13.5,,,41.48,1.31,1.24,154.76,884.17,1084.56,562.52,45.2285,26.3467,8.1974,24.0,,37193.68,39.83,Pharma / Healthcare,21.0,0.0,11.0,17.0,7.0,56.0,0.86,Strong ROE,,4.0,60.0,"General quality ROE, General low-debt support",53.23,0.0,,62.23,Watchlist,"Above 50 DMA, Above 200 DMA, Healthy RSI momentum, Near 52W high momentum, Normal volume support, Positive day move, Strong ROE, Positive 1M return, Positive 3M return, Strong 6M absolute return, 6M Nifty outperformance, Positive across 1M/3M/6M, 80.0% of closes stayed inside the range | Range width 16.9% | Currently 100.0% through the range"
3MINDIA,Industrials,Conglomerates,29765.13,-0.96,20146.33,31663.41,47.74,6.0,55.74,29520.64,25286.81,2203.75,3790.0,1.72,Bullish,70.0,"Above 50 DMA, Above 200 DMA, Healthy RSI momentum, Near 52W high momentum, Volume expansion",1.43,6.06,35.01,-1.56,0.08,5.68,2.99,5.98,29.33,63.0,"Positive 1M return, Positive 3M return, Strong 6M absolute return, 6M Nifty outperformance, Positive across 1M/3M/6M",41.36,Profit Booking Zone,84.15,25324.53,30054.35,18.68,93.89,80.0% of closes stayed inside the range | Range width 18.7% | Currently 93.9% through the range,26.89,16.62,14.55,11.4,,,1.59,2.17,1.55,798.21,26.75,465.48,405.25,77.736,47.6971,22.8946,44.0,0.273,40481.03,41.86,Capital Goods / Infra,19.0,0.0,20.0,17.0,5.0,61.0,0.86,"Strong ROE, Cash covers debt",,0.0,61.0,,50.01,0.0,,62.1,Watchlist,"Above 50 DMA, Above 200 DMA, Healthy RSI momentum, Near 52W high momentum, Volume expansion, Strong ROE, Cash covers debt, Positive 1M return, Positive 3M return, Strong 6M absolute return, 6M Nifty outperformance, Positive across 1M/3M/6M, 80.0% of closes stayed inside the range | Range width 18.7% | Currently 93.9% through the range"
HINDCOPPER,Basic Materials,Copper,160.5,11.72,92.4,172.04,73.71,6.71,64.29,152.91,122.74,5794245.25,36133553.0,6.24,Bullish,85.0,"Above 50 DMA, Above 200 DMA, Healthy RSI momentum, Near 52W high momentum, Strong volume expansion, Strong positive day move",3.18,2.56,56.08,-1.56,0.08,5.68,4.74,2.48,50.4,63.0,"Positive 1M return, Positive 3M return, Strong 6M absolute return, 6M Nifty outperformance, Positive across 1M/3M/6M",26.32,Profit Booking Zone,84.75,111.87,158.63,41.8,100.0,80.0% of closes stayed inside the range | Range width 41.8% | Currently 100.0% through the range,14.19,9.9,21.49,17.74,,,7.53,0.95,0.77,15.56,156.86,673.58,326.26,45.4523,27.1139,15.8616,46.0,,52963.9,91.1,Metals / Mining,18.0,0.0,9.0,17.0,7.0,51.0,0.86,,,2.0,53.0,General low-debt support,43.6,0.0,,62.09,Watchlist,"Above 50 DMA, Above 200 DMA, Healthy RSI momentum, Near 52W high momentum, Strong volume expansion, Strong positive day move, Positive 1M return, Positive 3M return, Strong 6M absolute return, 6M Nifty outperformance, Positive across 1M/3M/6M, 80.0% of closes stayed inside the range | Range width 41.8% | Currently 100.0% through the range"
FACT,Basic Materials,Agricultural Inputs,727.69,0.98,103.66,803.88,602.01,9.48,61.64,597.22,405.85,3190733.45,331163.0,0.1,Bullish,65.0,"Above 50 DMA, Above 200 DMA, Healthy RSI momentum, Near 52W high momentum, Positive day move",32.93,64.34,137.16,-1.56,0.08,5.68,34.49,64.26,131.48,100.0,"Strong 1M absolute return, Strong 3M absolute return, Strong 6M absolute return, 1M Nifty outperformance, 3M Nifty outperformance, 6M Nifty outperformance, Positive across 1M/3M/6M",4.39,Profit Booking Zone,71.82,325.7,711.77,118.53,100.0,80.0% of closes stayed inside the range | Range width 118.5% | Currently 100.0% through the range,48.11,11.28,23.82,19.42,,,144.59,1.08,0.83,44.3,1841.71,637.68,544.91,,,38.5634,5.0,,53030.78,47.47,General,23.0,0.0,4.0,17.0,2.0,46.0,0.79,Strong ROE,,2.0,48.0,General quality ROE,43.6,3.0,Low volume participation,61.59,Watchlist,"Above 50 DMA, Above 200 DMA, Healthy RSI momentum, Near 52W high momentum, Positive day move, Strong ROE, Strong 1M absolute return, Strong 3M absolute return, Strong 6M absolute return, 1M Nifty outperformance, 3M Nifty outperformance, 6M Nifty outperformance, Positive across 1M/3M/6M, 80.0% of closes stayed inside the range | Range width 118.5% | Currently 100.0% through the range"
IPCALAB,Healthcare,Drug Manufacturers - Specialty & Generic,1044.43,0.35,663.43,1052.4,57.43,0.76,72.93,935.31,822.96,733735.85,396417.0,0.54,Bullish,52.0,"Above 50 DMA, Above 200 DMA, Strong but overbought RSI, Near 52W high momentum, Positive day move",9.94,16.25,51.66,-1.56,0.08,5.68,11.5,16.17,45.98,88.0,"Positive 1M return, Positive 3M return, Strong 6M absolute return, 1M Nifty outperformance, 3M Nifty outperformance, 6M Nifty outperformance, Positive across 1M/3M/6M",21.25,Profit Booking Zone,78.89,720.1,969.54,34.64,100.0,80.0% of closes stayed inside the range | Range width 34.6% | Currently 100.0% through the range,8.07,5.46,11.35,7.59,,,25.36,2.87,1.91,1257.85,1481.27,805.81,311.34,39.3189,26.9068,5.5581,34.0,0.035,44819.39,67.23,Pharma / Healthcare,10.0,0.0,15.0,17.0,9.0,51.0,0.86,,,2.0,53.0,General low-debt support,53.23,0.0,,61.53,Watchlist,"Above 50 DMA, Above 200 DMA, Strong but overbought RSI, Near 52W high momentum, Positive day move, Positive 1M return, Positive 3M return, Strong 6M absolute return, 1M Nifty outperformance, 3M Nifty outperformance, 6M Nifty outperformance, Positive across 1M/3M/6M, 80.0% of closes stayed inside the range | Range width 34.6% | Currently 100.0% through the range"
ALKEM,Healthcare,Drug Manufacturers - Specialty & Generic,4186.14,-0.15,2739.33,4230.0,52.82,1.04,84.31,3587.12,3392.19,255513.35,131420.0,0.51,Bullish,47.0,"Above 50 DMA, Above 200 DMA, Strong but overbought RSI, Near 52W high momentum",19.03,12.5,25.82,-1.56,0.08,5.68,20.59,12.42,20.14,85.0,"Strong 1M absolute return, Positive 3M return, Positive 6M return, 1M Nifty outperformance, 3M Nifty outperformance, 6M Nifty outperformance, Positive across 1M/3M/6M",27.5,Profit Booking Zone,80.25,3282.37,3891.48,18.56,100.0,80.0% of closes stayed inside the range | Range width 18.6% | Currently 100.0% through the range,10.88,7.15,11.66,8.6,,,15.44,2.35,1.65,273.8,1396.68,1682.5,1449.59,28.4883,24.2259,4.741,36.0,0.295,65521.62,64.12,Pharma / Healthcare,10.0,0.0,17.0,17.0,11.0,55.0,0.86,,,2.0,57.0,General low-debt support,53.23,0.0,,60.93,Watchlist,"Above 50 DMA, Above 200 DMA, Strong but overbought RSI, Near 52W high momentum, Strong 1M absolute return, Positive 3M return, Positive 6M return, 1M Nifty outperformance, 3M Nifty outperformance, 6M Nifty outperformance, Positive across 1M/3M/6M, 80.0% of closes stayed inside the range | Range width 18.6% | Currently 100.0% through the range"
EICHERMOT,Consumer Cyclical,Auto Manufacturers,3522.41,2.96,2710.4,3717.39,29.96,5.25,68.48,3315.9,3211.44,390636.5,875885.0,2.24,Bullish,85.0,"Above 50 DMA, Above 200 DMA, Healthy RSI momentum, Near 52W high momentum, Strong volume expansion, Strong positive day move",4.86,8.75,0.74,-1.56,0.08,5.68,6.42,8.67,-4.94,48.0,"Positive 1M return, Positive 3M return, Positive 6M return, 1M Nifty outperformance, Positive across 1M/3M/6M",40.82,Profit Booking Zone,89.64,3180.36,3472.03,9.17,100.0,80.0% of closes stayed inside the range | Range width 9.2% | Currently 100.0% through the range,19.44,15.18,20.92,20.56,,,1.92,1.14,0.74,88.81,288.41,2822.66,2140.17,38.2557,29.6311,8.7966,1.03,0.226,220962.51,42.31,Automobile,22.0,0.0,11.0,17.0,6.0,56.0,0.86,Strong ROE,,4.0,60.0,"General quality ROE, General low-debt support",44.22,0.0,,60.88,Watchlist,"Above 50 DMA, Above 200 DMA, Healthy RSI momentum, Near 52W high momentum, Strong volume expansion, Strong positive day move, Strong ROE, Positive 1M return, Positive 3M return, Positive 6M return, 1M Nifty outperformance, Positive across 1M/3M/6M, 80.0% of closes stayed inside the range | Range width 9.2% | Currently 100.0% through the range"
FEDERALBNK,Financial Services,Banks - Regional,150.57,2.04,102.82,151.21,46.43,0.42,68.41,143.59,131.67,13366174.85,19532510.0,1.46,Bullish,80.0,"Above 50 DMA, Above 200 DMA, Healthy RSI momentum, Near 52W high momentum, Volume expansion, Strong positive day move",2.34,14.79,20.82,-1.56,0.08,5.68,3.9,14.71,15.14,68.0,"Positive 1M return, Positive 3M return, Positive 6M return, 3M Nifty outperformance, 6M Nifty outperformance, Positive across 1M/3M/6M",42.77,Breakout Watch,87.03,121.53,145.33,19.58,100.0,80.0% of closes stayed inside the range | Range width 19.6% | Currently 100.0% through the range | Above upper band on elevated volume,14.31,1.18,,30.79,,,116.9,,,31396.37,25861.98,489.3,5.28,19.1033,13.2216,2.1967,34.0,0.276,88118.6,0.0,Banking,10.0,0.0,5.0,17.0,15.0,47.0,0.64,Cash covers debt,,0.0,47.0,,49.32,0.0,,60.85,Watchlist,"Above 50 DMA, Above 200 DMA, Healthy RSI momentum, Near 52W high momentum, Volume expansion, Strong positive day move, Cash covers debt, Positive 1M return, Positive 3M return, Positive 6M return, 3M Nifty outperformance, 6M Nifty outperformance, Positive across 1M/3M/6M, 80.0% of closes stayed inside the range | Range width 19.6% | Currently 100.0% through the range | Above upper band on elevated volume"
AJANTPHARM,Healthcare,Drug Manufacturers - Specialty & Generic,1793.96,-1.01,1045.69,1833.46,71.56,2.15,62.99,1690.24,1395.63,198360.2,57027.0,0.29,Bullish,60.0,"Above 50 DMA, Above 200 DMA, Healthy RSI momentum, Near 52W high momentum",5.12,8.28,49.26,-1.56,0.08,5.68,6.68,8.2,43.58,73.0,"Positive 1M return, Positive 3M return, Strong 6M absolute return, 1M Nifty outperformance, 6M Nifty outperformance, Positive across 1M/3M/6M",37.5,Profit Booking Zone,81.36,1330.26,1721.07,29.38,100.0,80.0% of closes stayed inside the range | Range width 29.4% | Currently 100.0% through the range,17.35,12.57,18.33,15.86,,,1.05,2.49,1.77,329.83,35.63,792.11,617.62,38.9849,30.3719,9.7708,1.82,0.216,44239.7,78.61,Pharma / Healthcare,19.0,0.0,20.0,17.0,6.0,62.0,0.86,Cash covers debt,,2.0,64.0,General low-debt support,53.23,3.0,Low volume participation,60.63,Watchlist,"Above 50 DMA, Above 200 DMA, Healthy RSI momentum, Near 52W high momentum, Cash covers debt, Positive 1M return, Positive 3M return, Strong 6M absolute return, 1M Nifty outperformance, 6M Nifty outperformance, Positive across 1M/3M/6M, 80.0% of closes stayed inside the range | Range width 29.4% | Currently 100.0% through the range"
TRENT,Consumer Cyclical,Apparel Retail,2552.63,2.8,1150.98,2557.57,121.78,0.19,84.82,2117.74,1670.76,850643.15,1131761.0,1.33,Bullish,67.0,"Above 50 DMA, Above 200 DMA, Strong but overbought RSI, Near 52W high momentum, Volume expansion, Strong positive day move",22.75,35.7,69.49,-1.56,0.08,5.68,24.31,35.62,63.81,100.0,"Strong 1M absolute return, Strong 3M absolute return, Strong 6M absolute return, 1M Nifty outperformance, 3M Nifty outperformance, 6M Nifty outperformance, Positive across 1M/3M/6M",7.14,Breakout Watch,82.3,1594.97,2119.66,32.9,100.0,80.0% of closes stayed inside the range | Range width 32.9% | Currently 100.0% through the range | Above upper band on elevated volume,17.13,5.5,7.56,5.48,,,172.0,2.17,0.93,83.23,4464.14,594.88,91.48,88.5037,58.9539,22.8036,13.0,0.384,159276.48,43.01,Consumer Discretionary,6.0,0.0,5.0,17.0,5.0,33.0,0.86,,Very high PE,0.0,33.0,,44.22,0.0,,59.93,Watchlist,"Above 50 DMA, Above 200 DMA, Strong but overbought RSI, Near 52W high momentum, Volume expansion, Strong positive day move, Strong 1M absolute return, Strong 3M absolute return, Strong 6M absolute return, 1M Nifty outperformance, 3M Nifty outperformance, 6M Nifty outperformance, Positive across 1M/3M/6M, 80.0% of closes stayed inside the range | Range width 32.9% | Currently 100.0% through the range | Above upper band on elevated volume"
NTPC,Utilities,Utilities - Regulated Electric,231.96,1.22,139.29,236.59,66.53,1.96,64.13,222.41,182.73,10147882.35,18792969.0,1.85,Bullish,75.0,"Above 50 DMA, Above 200 DMA, Healthy RSI momentum, Near 52W high momentum, Volume expansion, Positive day move",2.49,16.47,42.96,-1.56,0.08,5.68,4.05,16.39,37.28,78.0,"Positive 1M return, Positive 3M return, Strong 6M absolute return, 3M Nifty outperformance, 6M Nifty outperformance, Positive across 1M/3M/6M",44.12,Profit Booking Zone,84.68,167.44,225.54,34.69,100.0,80.8% of closes stayed inside the range | Range width 34.7% | Currently 100.0% through the range,11.5,3.78,19.09,9.72,,,151.62,0.79,0.63,465.65,222913.16,47151.78,22333.26,10.3522,12.0003,1.6207,3.65,0.3,329153.35,48.18,Energy / Utilities,10.0,0.0,0.0,17.0,12.0,39.0,0.86,,,0.0,39.0,,50.38,0.0,,59.46,Watchlist,"Above 50 DMA, Above 200 DMA, Healthy RSI momentum, Near 52W high momentum, Volume expansion, Positive day move, Positive 1M return, Positive 3M return, Strong 6M absolute return, 3M Nifty outperformance, 6M Nifty outperformance, Positive across 1M/3M/6M, 80.8% of closes stayed inside the range | Range width 34.7% | Currently 100.0% through the range"
NESTLEIND,Consumer Defensive,Packaged Foods,1171.15,-0.21,860.07,1196.25,36.17,2.1,58.06,1118.91,1038.97,1714087.0,570560.0,0.33,Bullish,60.0,"Above 50 DMA, Above 200 DMA, Healthy RSI momentum, Near 52W high momentum",2.85,10.91,11.2,-1.56,0.08,5.68,4.41,10.83,5.52,53.0,"Positive 1M return, Positive 3M return, Positive 6M return, 3M Nifty outperformance, Positive across 1M/3M/6M",36.36,Profit Booking Zone,84.19,1055.89,1167.09,10.53,100.0,80.0% of closes stayed inside the range | Range width 10.5% | Currently 100.0% through the range,97.21,26.62,19.93,14.24,14.49,12.85,11.0,1.13,0.51,926.55,270.52,2737.43,2187.51,76.4587,60.7096,56.3512,80.0,0.426,290596.98,55.13,FMCG / Consumer,23.0,10.0,14.0,17.0,5.0,69.0,1.0,"Strong ROE, Cash covers debt",,8.0,77.0,"Strong ROE for a consumer staples business, Low debt, typical of a healthy consumer business",46.48,3.0,Low volume participation,59.17,Watchlist,"Above 50 DMA, Above 200 DMA, Healthy RSI momentum, Near 52W high momentum, Strong ROE, Cash covers debt, Positive 1M return, Positive 3M return, Positive 6M return, 3M Nifty outperformance, Positive across 1M/3M/6M, 80.0% of closes stayed inside the range | Range width 10.5% | Currently 100.0% through the range"
COCHINSHIP,Industrials,Aerospace & Defense,514.23,0.49,154.78,612.39,232.24,16.03,58.94,501.97,328.38,4218416.9,2380932.0,0.56,Bullish,55.0,"Above 50 DMA, Above 200 DMA, Healthy RSI momentum, Positive day move",2.3,63.63,96.23,-1.56,0.08,5.68,3.86,63.55,90.55,88.0,"Positive 1M return, Strong 3M absolute return, Strong 6M absolute return, 3M Nifty outperformance, 6M Nifty outperformance, Positive across 1M/3M/6M",21.6,Profit Booking Zone,70.09,268.23,521.81,94.53,97.01,80.0% of closes stayed inside the range | Range width 94.5% | Currently 97.0% through the range,6.88,3.04,11.54,13.14,,,13.27,1.39,1.32,375.02,587.33,1876.5,1537.63,55.3066,34.0724,6.7461,89.0,0.582,39619.97,34.96,Capital Goods / Infra,8.0,0.0,13.0,17.0,7.0,45.0,0.86,,,0.0,45.0,,50.01,0.0,,59.0,Watchlist,"Above 50 DMA, Above 200 DMA, Healthy RSI momentum, Positive day move, Positive 1M return, Strong 3M absolute return, Strong 6M absolute return, 3M Nifty outperformance, 6M Nifty outperformance, Positive across 1M/3M/6M, 80.0% of closes stayed inside the range | Range width 94.5% | Currently 97.0% through the range"
SUZLON,Industrials,Specialty Industrial Machinery,38.65,1.98,6.6,39.25,485.61,1.53,79.47,28.59,16.39,95476091.25,45335763.0,0.47,Bullish,52.0,"Above 50 DMA, Above 200 DMA, Strong but overbought RSI, Near 52W high momentum, Positive day move",44.22,91.34,368.48,-1.56,0.08,5.68,45.78,91.26,362.8,100.0,"Strong 1M absolute return, Strong 3M absolute return, Strong 6M absolute return, 1M Nifty outperformance, 3M Nifty outperformance, 6M Nifty outperformance, Positive across 1M/3M/6M",4.94,Profit Booking Zone,69.09,13.58,31.62,132.93,100.0,80.0% of closes stayed inside the range | Range width 132.9% | Currently 100.0% through the range,259.2,51.58,10.01,48.67,,,176.31,1.55,0.87,367.31,1937.92,491.08,390.4,20.7675,22.3752,6.6568,,0.657,65086.27,34.49,Capital Goods / Infra,22.0,0.0,4.0,17.0,4.0,47.0,0.79,Strong ROE,,0.0,47.0,,50.01,3.0,Low volume participation,58.95,Watchlist,"Above 50 DMA, Above 200 DMA, Strong but overbought RSI, Near 52W high momentum, Positive day move, Strong ROE, Strong 1M absolute return, Strong 3M absolute return, Strong 6M absolute return, 1M Nifty outperformance, 3M Nifty outperformance, 6M Nifty outperformance, Positive across 1M/3M/6M, 80.0% of closes stayed inside the range | Range width 132.9% | Currently 100.0% through the range"
HCLTECH,Technology,Information Technology Services,1130.95,0.44,749.44,1164.93,50.91,2.92,52.67,1120.11,1015.08,1804194.0,730991.0,0.41,Bullish,65.0,"Above 50 DMA, Above 200 DMA, Healthy RSI momentum, Near 52W high momentum, Positive day move",1.37,8.67,16.76,-1.56,0.08,5.68,2.93,8.59,11.08,38.0,"Positive 1M return, Positive 3M return, Positive 6M return, Positive across 1M/3M/6M",51.52,Profit Booking Zone,84.01,990.9,1136.79,14.72,95.99,80.0% of closes stayed inside the range | Range width 14.7% | Currently 96.0% through the range,22.71,15.9,32.95,14.64,,,7.32,2.5,2.49,9057.0,4786.0,18009.0,16348.0,21.2315,17.0459,4.9998,4.39,0.006,369445.39,34.0,IT / Technology,22.0,0.0,20.0,17.0,11.0,70.0,0.86,"Strong ROE, Cash covers debt",,10.0,80.0,"Strong ROE for an asset-light business, Strong operating margin",49.67,3.0,Low volume participation,58.2,Watchlist,"Above 50 DMA, Above 200 DMA, Healthy RSI momentum, Near 52W high momentum, Positive day move, Strong ROE, Cash covers debt, Positive 1M return, Positive 3M return, Positive 6M return, Positive across 1M/3M/6M, 80.0% of closes stayed inside the range | Range width 14.7% | Currently 96.0% through the range"
ONGC,Energy,Oil & Gas Integrated,168.79,-0.05,96.9,170.69,74.19,1.11,65.46,160.35,143.09,8543709.4,11181086.0,1.31,Bullish,70.0,"Above 50 DMA, Above 200 DMA, Healthy RSI momentum, Near 52W high momentum, Volume expansion",5.9,10.81,18.57,-1.56,0.08,5.68,7.46,10.73,12.89,63.0,"Positive 1M return, Positive 3M return, Positive 6M return, 1M Nifty outperformance, 3M Nifty outperformance, Positive across 1M/3M/6M",50.0,Breakout Watch,84.9,134.96,161.62,19.76,100.0,80.0% of closes stayed inside the range | Range width 19.8% | Currently 100.0% through the range | Above upper band on elevated volume,12.9,5.71,10.69,5.83,,,62.11,0.87,0.53,2643.66,176744.04,86062.1,35131.85,6.909,5.754,0.809,6.06,0.107,300731.57,35.33,Energy / Utilities,9.0,0.0,4.0,17.0,15.0,45.0,0.86,,,2.0,47.0,General low-debt support,49.74,0.0,,57.16,Watchlist,"Above 50 DMA, Above 200 DMA, Healthy RSI momentum, Near 52W high momentum, Volume expansion, Positive 1M return, Positive 3M return, Positive 6M return, 1M Nifty outperformance, 3M Nifty outperformance, Positive across 1M/3M/6M, 80.0% of closes stayed inside the range | Range width 19.8% | Currently 100.0% through the range | Above upper band on elevated volume"
HDFCAMC,Financial Services,Asset Management,1312.59,0.42,732.04,1382.7,79.31,5.07,54.91,1272.57,1021.51,888388.6,840820.0,0.95,Bullish,65.0,"Above 50 DMA, Above 200 DMA, Healthy RSI momentum, Near 52W high momentum, Positive day move",-2.59,8.61,54.68,-1.56,0.08,5.68,-1.03,8.53,49.0,45.0,"Positive 3M return, Strong 6M absolute return, 6M Nifty outperformance",58.43,Profit Booking Zone,80.2,905.19,1304.25,44.09,100.0,80.0% of closes stayed inside the range | Range width 44.1% | Currently 100.0% through the range,23.3,21.78,72.18,65.69,,,2.14,6.15,,4.46,130.47,1149.35,1135.25,36.6284,28.3148,11.5587,2.15,0.554,106767.91,88.85,Financial Services,23.0,0.0,14.0,17.0,7.0,61.0,0.79,Strong ROE,,2.0,63.0,"Strong ROE for a leveraged-balance-sheet business, Expensive relative to book value for this sector",49.32,0.0,,56.95,Watchlist,"Above 50 DMA, Above 200 DMA, Healthy RSI momentum, Near 52W high momentum, Positive day move, Strong ROE, Positive 3M return, Strong 6M absolute return, 6M Nifty outperformance, 80.0% of closes stayed inside the range | Range width 44.1% | Currently 100.0% through the range"
HSCL,Basic Materials,Specialty Chemicals,257.99,4.12,79.72,287.77,223.62,10.35,60.39,247.02,149.94,1666671.3,2659666.0,1.6,Bullish,80.0,"Above 50 DMA, Above 200 DMA, Healthy RSI momentum, Near 52W high momentum, Volume expansion, Strong positive day move",0.56,56.62,118.93,-1.56,0.08,5.68,2.12,56.54,113.25,88.0,"Positive 1M return, Strong 3M absolute return, Strong 6M absolute return, 3M Nifty outperformance, 6M Nifty outperformance, Positive across 1M/3M/6M",16.67,Profit Booking Zone,75.34,128.57,253.97,97.54,100.0,80.0% of closes stayed inside the range | Range width 97.5% | Currently 100.0% through the range,9.47,5.87,8.82,5.18,,,36.93,1.51,1.07,199.68,842.12,53.96,-29.19,47.3835,37.0097,8.1727,11.0,0.264,38468.74,36.82,Chemicals,4.0,0.0,13.0,9.0,7.0,33.0,0.86,,Negative free cash flow,2.0,35.0,General low-debt support,43.6,4.0,Negative free cash flow,56.79,Watchlist,"Above 50 DMA, Above 200 DMA, Healthy RSI momentum, Near 52W high momentum, Volume expansion, Strong positive day move, Positive 1M return, Strong 3M absolute return, Strong 6M absolute return, 3M Nifty outperformance, 6M Nifty outperformance, Positive across 1M/3M/6M, 80.0% of closes stayed inside the range | Range width 97.5% | Currently 100.0% through the range"
CUMMINSIND,Industrials,Specialty Industrial Machinery,1707.38,0.57,1088.43,1901.02,56.87,10.19,62.85,1648.98,1622.67,521559.85,488247.0,0.94,Bullish,65.0,"Above 50 DMA, Above 200 DMA, Healthy RSI momentum, Near 52W high momentum, Positive day move",3.69,2.29,8.58,-1.56,0.08,5.68,5.25,2.21,2.9,48.0,"Positive 1M return, Positive 3M return, Positive 6M return, 1M Nifty outperformance, Positive across 1M/3M/6M",56.79,Lower Range Watch,78.9,1627.42,1823.93,12.08,40.69,80.0% of closes stayed inside the range | Range width 12.1% | Currently 40.7% through the range,21.33,15.51,14.49,16.07,,,6.53,2.7,2.22,396.69,376.09,819.66,657.6,62.7339,45.4491,17.5475,1.23,0.546,148717.8,35.46,Capital Goods / Infra,19.0,0.0,20.0,17.0,4.0,60.0,0.86,"Strong ROE, Cash covers debt",,0.0,60.0,,50.01,0.0,,56.75,Watchlist,"Above 50 DMA, Above 200 DMA, Healthy RSI momentum, Near 52W high momentum, Positive day move, Strong ROE, Cash covers debt, Positive 1M return, Positive 3M return, Positive 6M return, 1M Nifty outperformance, Positive across 1M/3M/6M, 80.0% of closes stayed inside the range | Range width 12.1% | Currently 40.7% through the range"
PRESTIGE,Real Estate,Real Estate - Diversified,840.17,-3.45,388.74,884.42,116.12,5.0,68.68,691.83,539.34,1434887.1,762389.0,0.53,Bullish,60.0,"Above 50 DMA, Above 200 DMA, Healthy RSI momentum, Near 52W high momentum",17.73,51.54,66.07,-1.56,0.08,5.68,19.29,51.46,60.39,100.0,"Strong 1M absolute return, Strong 3M absolute return, Strong 6M absolute return, 1M Nifty outperformance, 3M Nifty outperformance, 6M Nifty outperformance, Positive across 1M/3M/6M",11.11,Profit Booking Zone,79.45,524.81,745.76,42.1,100.0,80.0% of closes stayed inside the range | Range width 42.1% | Currently 100.0% through the range,9.44,2.57,17.58,11.46,,,94.43,1.12,0.45,1456.4,9419.9,1539.5,-110.7,60.0718,27.7803,4.2105,13.0,0.445,68516.26,58.8,Cement / Realty,8.0,0.0,6.0,9.0,7.0,30.0,0.86,,Negative free cash flow,0.0,30.0,,65.96,4.0,Negative free cash flow,56.39,Watchlist,"Above 50 DMA, Above 200 DMA, Healthy RSI momentum, Near 52W high momentum, Strong 1M absolute return, Strong 3M absolute return, Strong 6M absolute return, 1M Nifty outperformance, 3M Nifty outperformance, 6M Nifty outperformance, Positive across 1M/3M/6M, 80.0% of closes stayed inside the range | Range width 42.1% | Currently 100.0% through the range"
MANKIND,Healthcare,Drug Manufacturers - Specialty & Generic,1835.23,0.14,1241.51,1948.23,47.82,5.8,58.79,1774.77,,196123.05,86773.0,0.44,Bullish,50.0,"Above 50 DMA, Healthy RSI momentum, Near 52W high momentum, Positive day move",2.6,0.22,32.57,-1.56,0.08,5.68,4.16,0.14,26.89,63.0,"Positive 1M return, Positive 3M return, Strong 6M absolute return, 6M Nifty outperformance, Positive across 1M/3M/6M",42.5,Profit Booking Zone,79.71,1483.66,1842.9,24.21,97.86,80.0% of closes stayed inside the range | Range width 24.2% | Currently 97.9% through the range,17.24,13.19,18.76,14.65,,,2.29,2.32,1.52,304.82,170.37,1813.3,981.23,49.1833,34.567,6.1622,8.0,0.46,100486.05,70.76,Pharma / Healthcare,19.0,0.0,20.0,17.0,7.0,63.0,0.86,Cash covers debt,,2.0,65.0,General low-debt support,53.23,3.0,Low volume participation,55.98,Watchlist,"Above 50 DMA, Healthy RSI momentum, Near 52W high momentum, Positive day move, Cash covers debt, Positive 1M return, Positive 3M return, Strong 6M absolute return, 6M Nifty outperformance, Positive across 1M/3M/6M, 80.0% of closes stayed inside the range | Range width 24.2% | Currently 97.9% through the range"
AUROPHARMA,Healthcare,Drug Manufacturers - Specialty & Generic,971.63,-0.01,391.5,1006.74,148.18,3.49,74.22,876.91,682.32,2118110.1,3934167.0,1.86,Bullish,57.0,"Above 50 DMA, Above 200 DMA, Strong but overbought RSI, Near 52W high momentum, Volume expansion",6.48,13.49,59.63,-1.56,0.08,5.68,8.04,13.41,53.95,88.0,"Positive 1M return, Positive 3M return, Strong 6M absolute return, 1M Nifty outperformance, 3M Nifty outperformance, 6M Nifty outperformance, Positive across 1M/3M/6M",21.25,Breakout Watch,79.87,662.61,895.16,35.1,100.0,80.0% of closes stayed inside the range | Range width 35.1% | Currently 100.0% through the range | Above upper band on elevated volume,7.18,4.83,10.31,7.83,,,19.7,1.87,1.13,4396.29,5286.21,2386.75,-333.65,25.9052,18.0068,2.5552,24.0,0.022,95915.5,58.85,Pharma / Healthcare,6.0,0.0,15.0,9.0,13.0,43.0,0.86,,Negative free cash flow,2.0,45.0,General low-debt support,53.23,4.0,Negative free cash flow,55.98,Watchlist,"Above 50 DMA, Above 200 DMA, Strong but overbought RSI, Near 52W high momentum, Volume expansion, Positive 1M return, Positive 3M return, Strong 6M absolute return, 1M Nifty outperformance, 3M Nifty outperformance, 6M Nifty outperformance, Positive across 1M/3M/6M, 80.0% of closes stayed inside the range | Range width 35.1% | Currently 100.0% through the range | Above upper band on elevated volume"
SUNPHARMA,Healthcare,Drug Manufacturers - Specialty & Generic,1146.15,-0.13,824.65,1155.64,38.99,0.82,63.98,1105.66,1017.56,1905673.15,816825.0,0.43,Bullish,60.0,"Above 50 DMA, Above 200 DMA, Healthy RSI momentum, Near 52W high momentum",2.84,4.01,24.03,-1.56,0.08,5.68,4.4,3.93,18.35,53.0,"Positive 1M return, Positive 3M return, Positive 6M return, 6M Nifty outperformance, Positive across 1M/3M/6M",51.25,Profit Booking Zone,83.25,958.12,1118.92,16.78,100.0,80.0% of closes stayed inside the range | Range width 16.8% | Currently 100.0% through the range,15.13,10.49,21.44,19.58,,,12.3,2.0,1.48,4623.73,6885.87,4959.33,2873.75,38.5027,30.1242,5.5813,82.0,0.124,466430.72,78.92,Pharma / Healthcare,19.0,0.0,16.0,17.0,9.0,61.0,0.86,,,2.0,63.0,General low-debt support,53.23,3.0,Low volume participation,55.28,Watchlist,"Above 50 DMA, Above 200 DMA, Healthy RSI momentum, Near 52W high momentum, Positive 1M return, Positive 3M return, Positive 6M return, 6M Nifty outperformance, Positive across 1M/3M/6M, 80.0% of closes stayed inside the range | Range width 16.8% | Currently 100.0% through the range"
CIPLA,Healthcare,Drug Manufacturers - Specialty & Generic,1205.81,0.04,821.48,1242.11,46.79,2.92,63.75,1169.83,1018.98,1581700.6,689808.0,0.44,Bullish,65.0,"Above 50 DMA, Above 200 DMA, Healthy RSI momentum, Near 52W high momentum, Positive day move",6.23,-0.77,35.52,-1.56,0.08,5.68,7.79,-0.85,29.84,53.0,"Positive 1M return, Strong 6M absolute return, 1M Nifty outperformance, 6M Nifty outperformance",51.25,Profit Booking Zone,83.4,934.2,1206.24,29.12,99.84,80.8% of closes stayed inside the range | Range width 29.1% | Currently 99.8% through the range,11.97,9.51,17.88,12.47,,,3.43,3.38,2.37,627.63,803.12,3237.65,2054.76,35.0839,23.0495,3.4322,89.0,0.086,118188.92,63.28,Pharma / Healthcare,14.0,0.0,17.0,17.0,9.0,57.0,0.86,,,2.0,59.0,General low-debt support,53.23,3.0,Low volume participation,55.13,Watchlist,"Above 50 DMA, Above 200 DMA, Healthy RSI momentum, Near 52W high momentum, Positive day move, Positive 1M return, Strong 6M absolute return, 1M Nifty outperformance, 6M Nifty outperformance, 80.8% of closes stayed inside the range | Range width 29.1% | Currently 99.8% through the range"
MAXHEALTH,Healthcare,Medical Care Facilities,590.0,-0.03,351.87,626.03,67.67,5.76,56.98,575.49,525.18,1305582.05,553676.0,0.42,Bullish,60.0,"Above 50 DMA, Above 200 DMA, Healthy RSI momentum, Near 52W high momentum",1.71,12.06,14.2,-1.56,0.08,5.68,3.27,11.98,8.52,53.0,"Positive 1M return, Positive 3M return, Positive 6M return, 3M Nifty outperformance, Positive across 1M/3M/6M",51.25,Profit Booking Zone,80.43,534.77,605.84,13.29,77.71,80.0% of closes stayed inside the range | Range width 13.3% | Currently 77.7% through the range,14.89,10.92,23.28,24.58,,,12.26,1.86,1.79,1374.33,908.25,1284.13,948.52,70.4053,41.5708,9.1232,19.0,0.128,98057.3,62.42,Pharma / Healthcare,19.0,0.0,19.0,17.0,5.0,60.0,0.86,Cash covers debt,,2.0,62.0,General low-debt support,53.23,3.0,Low volume participation,54.93,Neutral,"Above 50 DMA, Above 200 DMA, Healthy RSI momentum, Near 52W high momentum, Cash covers debt, Positive 1M return, Positive 3M return, Positive 6M return, 3M Nifty outperformance, Positive across 1M/3M/6M, 80.0% of closes stayed inside the range | Range width 13.3% | Currently 77.7% through the range"
CANBK,Financial Services,Banks - Regional,73.6,4.4,36.32,73.82,102.64,0.3,69.47,67.04,57.68,38564499.0,61933460.0,1.61,Bullish,80.0,"Above 50 DMA, Above 200 DMA, Healthy RSI momentum, Near 52W high momentum, Volume expansion, Strong positive day move",10.34,21.79,38.59,-1.56,0.08,5.68,11.9,21.71,32.91,100.0,"Strong 1M absolute return, Strong 3M absolute return, Strong 6M absolute return, 1M Nifty outperformance, 3M Nifty outperformance, 6M Nifty outperformance, Positive across 1M/3M/6M",7.23,Breakout Watch,85.7,54.21,69.63,28.46,100.0,80.0% of closes stayed inside the range | Range width 28.5% | Currently 100.0% through the range | Above upper band on elevated volume,14.42,0.81,,20.32,,,76.12,,,141702.82,59412.56,-39977.87,-40591.32,5.9486,5.6696,1.0172,3.22,0.503,119732.59,0.0,Banking,10.0,0.0,7.0,0.0,15.0,32.0,0.64,Cash covers debt,"Negative operating cash flow, Negative free cash flow",0.0,32.0,,49.32,9.0,"Negative operating cash flow, Negative free cash flow",54.6,Neutral,"Above 50 DMA, Above 200 DMA, Healthy RSI momentum, Near 52W high momentum, Volume expansion, Strong positive day move, Cash covers debt, Strong 1M absolute return, Strong 3M absolute return, Strong 6M absolute return, 1M Nifty outperformance, 3M Nifty outperformance, 6M Nifty outperformance, Positive across 1M/3M/6M, 80.0% of closes stayed inside the range | Range width 28.5% | Currently 100.0% through the range | Above upper band on elevated volume"
ABBOTINDIA,Healthcare,Drug Manufacturers - Specialty & Generic,21994.81,-2.33,16232.57,23506.82,35.5,6.43,52.12,21709.48,21019.41,12002.9,18257.0,1.52,Bullish,70.0,"Above 50 DMA, Above 200 DMA, Healthy RSI momentum, Near 52W high momentum, Volume expansion",3.41,-2.44,10.59,-1.56,0.08,5.68,4.97,-2.52,4.91,18.0,"Positive 1M return, Positive 6M return",80.0,Neutral Range,82.03,20542.2,22586.57,9.95,71.05,80.0% of closes stayed inside the range | Range width 10.0% | Currently 71.1% through the range,29.78,20.84,21.46,17.76,,,3.55,2.51,1.97,239.67,113.17,893.39,859.28,38.4784,31.1337,12.5248,1.87,0.056,59795.54,46.52,Pharma / Healthcare,23.0,0.0,20.0,17.0,6.0,66.0,0.86,"Strong ROE, Cash covers debt",,4.0,70.0,"General quality ROE, General low-debt support",53.23,0.0,,54.48,Neutral,"Above 50 DMA, Above 200 DMA, Healthy RSI momentum, Near 52W high momentum, Volume expansion, Strong ROE, Cash covers debt, Positive 1M return, Positive 6M return, 80.0% of closes stayed inside the range | Range width 10.0% | Currently 71.1% through the range"
MOTILALOFS,Financial Services,Capital Markets,1103.98,10.12,537.72,1120.87,105.31,1.51,68.79,917.02,733.58,450996.15,1561314.0,3.46,Bullish,85.0,"Above 50 DMA, Above 200 DMA, Healthy RSI momentum, Near 52W high momentum, Strong volume expansion, Strong positive day move",14.9,23.55,80.13,-1.56,0.08,5.68,16.46,23.47,74.45,100.0,"Strong 1M absolute return, Strong 3M absolute return, Strong 6M absolute return, 1M Nifty outperformance, 3M Nifty outperformance, 6M Nifty outperformance, Positive across 1M/3M/6M",7.23,Breakout Watch,83.47,649.75,976.73,50.32,100.0,80.0% of closes stayed inside the range | Range width 50.3% | Currently 100.0% through the range | Above upper band on elevated volume,14.9,4.05,38.21,24.4,,,164.36,1.08,,2576.31,10275.92,-3057.9,-3211.68,27.5451,15.2672,4.2076,1.24,0.334,54253.42,62.9,Financial Services,16.0,0.0,2.0,0.0,10.0,28.0,0.79,,"Negative operating cash flow, Negative free cash flow",0.0,28.0,,49.32,9.0,"Negative operating cash flow, Negative free cash flow",54.45,Neutral,"Above 50 DMA, Above 200 DMA, Healthy RSI momentum, Near 52W high momentum, Strong volume expansion, Strong positive day move, Strong 1M absolute return, Strong 3M absolute return, Strong 6M absolute return, 1M Nifty outperformance, 3M Nifty outperformance, 6M Nifty outperformance, Positive across 1M/3M/6M, 80.0% of closes stayed inside the range | Range width 50.3% | Currently 100.0% through the range | Above upper band on elevated volume"
ZYDUSLIFE,Healthcare,Drug Manufacturers - Specialty & Generic,611.15,0.06,341.92,658.94,78.74,7.25,62.65,596.48,539.38,1103800.2,845300.0,0.77,Bullish,65.0,"Above 50 DMA, Above 200 DMA, Healthy RSI momentum, Near 52W high momentum, Positive day move",4.78,-4.72,20.91,-1.56,0.08,5.68,6.34,-4.8,15.23,43.0,"Positive 1M return, Positive 6M return, 1M Nifty outperformance, 6M Nifty outperformance",65.0,Profit Booking Zone,80.11,502.69,635.44,26.41,81.7,80.0% of closes stayed inside the range | Range width 26.4% | Currently 81.7% through the range,11.19,7.61,16.9,11.61,,,6.82,1.81,1.19,487.8,1194.9,2688.8,1657.9,26.8374,24.5592,4.4723,8.0,0.37,120199.21,72.11,Pharma / Healthcare,10.0,0.0,15.0,17.0,11.0,53.0,0.86,,,2.0,55.0,General low-debt support,53.23,0.0,,54.23,Neutral,"Above 50 DMA, Above 200 DMA, Healthy RSI momentum, Near 52W high momentum, Positive day move, Positive 1M return, Positive 6M return, 1M Nifty outperformance, 6M Nifty outperformance, 80.0% of closes stayed inside the range | Range width 26.4% | Currently 81.7% through the range"
TATAINVEST,Financial Services,Asset Management,318.03,0.87,143.54,347.47,121.56,8.47,56.59,294.68,235.95,1202964.5,322350.0,0.27,Bullish,65.0,"Above 50 DMA, Above 200 DMA, Healthy RSI momentum, Near 52W high momentum, Positive day move",1.42,28.99,53.15,-1.56,0.08,5.68,2.98,28.91,47.47,88.0,"Positive 1M return, Strong 3M absolute return, Strong 6M absolute return, 3M Nifty outperformance, 6M Nifty outperformance, Positive across 1M/3M/6M",22.89,Profit Booking Zone,80.46,225.94,319.1,41.23,98.86,80.0% of closes stayed inside the range | Range width 41.2% | Currently 98.9% through the range,1.29,1.19,,82.52,,,1.23,,,4.54,241.62,229.64,229.41,79.7014,,1.1785,49.0,0.314,34437.69,99.99,Financial Services,6.0,0.0,9.0,17.0,6.0,38.0,0.64,,,-5.0,33.0,Weak ROE for a leveraged-balance-sheet business,49.32,3.0,Low volume participation,54.2,Neutral,"Above 50 DMA, Above 200 DMA, Healthy RSI momentum, Near 52W high momentum, Positive day move, Positive 1M return, Strong 3M absolute return, Strong 6M absolute return, 3M Nifty outperformance, 6M Nifty outperformance, Positive across 1M/3M/6M, 80.0% of closes stayed inside the range | Range width 41.2% | Currently 98.9% through the range"
KALYANKJIL,Consumer Cyclical,Luxury Goods,335.46,-0.38,68.94,357.3,386.61,6.11,71.87,264.01,164.95,4336771.1,2751773.0,0.63,Bullish,47.0,"Above 50 DMA, Above 200 DMA, Strong but overbought RSI, Near 52W high momentum",22.89,66.6,217.4,-1.56,0.08,5.68,24.45,66.52,211.72,100.0,"Strong 1M absolute return, Strong 3M absolute return, Strong 6M absolute return, 1M Nifty outperformance, 3M Nifty outperformance, 6M Nifty outperformance, Positive across 1M/3M/6M",7.14,Profit Booking Zone,68.04,110.29,293.45,166.06,100.0,80.0% of closes stayed inside the range | Range width 166.1% | Currently 100.0% through the range,11.92,4.04,6.37,3.09,,,118.18,1.34,0.24,140.91,4295.49,1013.37,826.25,43.4913,31.2985,9.7562,25.0,-0.216,61624.25,12.7,Consumer Discretionary,2.0,0.0,4.0,17.0,7.0,30.0,0.86,,,0.0,30.0,,44.22,0.0,,53.88,Neutral,"Above 50 DMA, Above 200 DMA, Strong but overbought RSI, Near 52W high momentum, Strong 1M absolute return, Strong 3M absolute return, Strong 6M absolute return, 1M Nifty outperformance, 3M Nifty outperformance, 6M Nifty outperformance, Positive across 1M/3M/6M, 80.0% of closes stayed inside the range | Range width 166.1% | Currently 100.0% through the range"
CONCOR,Industrials,Railroads,708.86,0.1,530.94,786.1,33.51,9.82,62.67,683.45,629.25,1147303.1,679954.0,0.59,Bullish,65.0,"Above 50 DMA, Above 200 DMA, Healthy RSI momentum, Near 52W high momentum, Positive day move",3.42,9.3,14.55,-1.56,0.08,5.68,4.98,9.22,8.87,38.0,"Positive 1M return, Positive 3M return, Positive 6M return, Positive across 1M/3M/6M",64.81,Profit Booking Zone,86.1,630.86,701.84,11.25,100.0,80.8% of closes stayed inside the range | Range width 11.3% | Currently 100.0% through the range,10.46,8.72,17.4,15.76,,,6.89,3.06,3.03,343.74,773.56,1405.86,751.39,31.2607,21.9481,3.0133,1.25,0.228,38998.65,39.47,Capital Goods / Infra,14.0,0.0,17.0,17.0,10.0,58.0,0.86,,,0.0,58.0,,50.01,0.0,,53.55,Neutral,"Above 50 DMA, Above 200 DMA, Healthy RSI momentum, Near 52W high momentum, Positive day move, Positive 1M return, Positive 3M return, Positive 6M return, Positive across 1M/3M/6M, 80.8% of closes stayed inside the range | Range width 11.3% | Currently 100.0% through the range"
POLYCAB,Industrials,Electrical Equipment & Parts,5056.11,-0.07,2262.97,5412.36,123.43,6.58,51.0,5101.06,3873.68,585932.45,337361.0,0.58,Bearish,45.0,"Above 200 DMA, Healthy RSI momentum, Near 52W high momentum",-3.59,10.14,52.64,-1.56,0.08,5.68,-2.03,10.06,46.96,60.0,"Positive 3M return, Strong 6M absolute return, 3M Nifty outperformance, 6M Nifty outperformance",47.53,Profit Booking Zone,73.56,3431.53,5208.39,51.78,91.43,80.0% of closes stayed inside the range | Range width 51.8% | Currently 91.4% through the range,19.15,13.48,11.79,9.11,,,20.12,2.64,1.51,152.75,1335.1,1427.52,948.07,48.941,36.4857,11.5631,52.0,0.636,139924.9,24.48,Capital Goods / Infra,17.0,0.0,15.0,17.0,7.0,56.0,0.86,Strong ROE,,0.0,56.0,,50.01,0.0,,53.35,Neutral,"Above 200 DMA, Healthy RSI momentum, Near 52W high momentum, Strong ROE, Positive 3M return, Strong 6M absolute return, 3M Nifty outperformance, 6M Nifty outperformance, 80.0% of closes stayed inside the range | Range width 51.8% | Currently 91.4% through the range"
ICICIGI,Financial Services,Insurance - Diversified,1335.82,0.51,1022.63,1393.76,30.63,4.16,51.72,1319.19,1204.97,457675.95,675464.0,1.48,Bullish,75.0,"Above 50 DMA, Above 200 DMA, Healthy RSI momentum, Near 52W high momentum, Volume expansion, Positive day move",3.82,-0.47,22.44,-1.56,0.08,5.68,5.38,-0.55,16.76,43.0,"Positive 1M return, Positive 6M return, 1M Nifty outperformance, 6M Nifty outperformance",60.84,Profit Booking Zone,85.62,1194.47,1349.75,13.0,91.03,80.0% of closes stayed inside the range | Range width 13.0% | Currently 91.0% through the range,16.56,3.14,11.81,9.31,,,0.34,,,203.13,35.0,,2169.22,33.8369,23.2532,4.7882,85.0,0.452,81672.71,21.54,Financial Services,10.0,0.0,12.0,8.0,11.0,41.0,0.64,Cash covers debt,,6.0,47.0,Strong ROE for a leveraged-balance-sheet business,49.32,0.0,,53.35,Neutral,"Above 50 DMA, Above 200 DMA, Healthy RSI momentum, Near 52W high momentum, Volume expansion, Positive day move, Cash covers debt, Positive 1M return, Positive 6M return, 1M Nifty outperformance, 6M Nifty outperformance, 80.0% of closes stayed inside the range | Range width 13.0% | Currently 91.0% through the range"
LTM,Technology,Information Technology Services,5062.54,-0.02,3901.62,5361.48,29.75,5.58,54.85,5073.37,4696.57,356302.15,140187.0,0.39,Bearish,45.0,"Above 200 DMA, Healthy RSI momentum, Near 52W high momentum",3.66,3.41,13.09,-1.56,0.08,5.68,5.22,3.33,7.41,48.0,"Positive 1M return, Positive 3M return, Positive 6M return, 1M Nifty outperformance, Positive across 1M/3M/6M",45.45,Neutral Range,77.01,4666.24,5201.29,11.47,74.07,80.0% of closes stayed inside the range | Range width 11.5% | Currently 74.1% through the range,26.57,18.76,16.27,13.28,,,9.29,3.13,3.13,2321.6,1541.2,3094.6,2155.3,27.0482,20.7158,5.7545,1.55,0.261,141177.8,29.77,IT / Technology,21.0,0.0,20.0,17.0,10.0,68.0,0.86,"Strong ROE, Cash covers debt",,5.0,73.0,Strong ROE for an asset-light business,49.67,3.0,Low volume participation,53.25,Neutral,"Above 200 DMA, Healthy RSI momentum, Near 52W high momentum, Strong ROE, Cash covers debt, Positive 1M return, Positive 3M return, Positive 6M return, 1M Nifty outperformance, Positive across 1M/3M/6M, 80.0% of closes stayed inside the range | Range width 11.5% | Currently 74.1% through the range"
INDIANB,Financial Services,Banks - Regional,417.37,7.45,156.65,421.25,166.44,0.92,62.42,386.41,306.98,1259862.0,3634585.0,2.88,Bullish,85.0,"Above 50 DMA, Above 200 DMA, Healthy RSI momentum, Near 52W high momentum, Strong volume expansion, Strong positive day move",6.85,15.25,58.51,-1.56,0.08,5.68,8.41,15.17,52.83,88.0,"Positive 1M return, Positive 3M return, Strong 6M absolute return, 1M Nifty outperformance, 3M Nifty outperformance, 6M Nifty outperformance, Positive across 1M/3M/6M",22.89,Breakout Watch,82.94,258.66,397.88,53.82,100.0,80.0% of closes stayed inside the range | Range width 53.8% | Currently 100.0% through the range | Above upper band on elevated volume,11.26,0.78,,19.85,,,44.63,,,50216.83,22092.42,-27893.99,-28228.35,9.2255,8.1752,1.44,2.08,0.28,120822.67,0.0,Banking,8.0,0.0,10.0,0.0,15.0,33.0,0.64,Cash covers debt,"Negative operating cash flow, Negative free cash flow",0.0,33.0,,49.32,9.0,"Negative operating cash flow, Negative free cash flow",53.2,Neutral,"Above 50 DMA, Above 200 DMA, Healthy RSI momentum, Near 52W high momentum, Strong volume expansion, Strong positive day move, Cash covers debt, Positive 1M return, Positive 3M return, Strong 6M absolute return, 1M Nifty outperformance, 3M Nifty outperformance, 6M Nifty outperformance, Positive across 1M/3M/6M, 80.0% of closes stayed inside the range | Range width 53.8% | Currently 100.0% through the range | Above upper band on elevated volume"
IDEA,Communication Services,Telecom Services,13.95,1.82,5.7,14.45,144.74,3.46,68.63,11.62,8.32,294853455.15,104362588.0,0.35,Bullish,65.0,"Above 50 DMA, Above 200 DMA, Healthy RSI momentum, Near 52W high momentum, Positive day move",16.25,72.22,97.87,-1.56,0.08,5.68,17.81,72.14,92.19,100.0,"Strong 1M absolute return, Strong 3M absolute return, Strong 6M absolute return, 1M Nifty outperformance, 3M Nifty outperformance, 6M Nifty outperformance, Positive across 1M/3M/6M",10.71,Profit Booking Zone,79.09,7.3,12.0,64.5,100.0,81.7% of closes stayed inside the range | Range width 64.5% | Currently 100.0% through the range,39.4,-14.14,-14.66,-69.53,,,-319.75,0.23,0.23,228.8,237766.0,18868.7,13246.5,3.6885,-8.9483,-4.0872,,0.436,146263.1,45.2,Telecom,8.0,0.0,9.0,17.0,8.0,42.0,0.79,Strong ROE,Negative net margin,4.0,46.0,"General quality ROE, General low-debt support",45.11,11.0,"Low volume participation, Negative net margin",53.12,Neutral,"Above 50 DMA, Above 200 DMA, Healthy RSI momentum, Near 52W high momentum, Positive day move, Strong ROE, Strong 1M absolute return, Strong 3M absolute return, Strong 6M absolute return, 1M Nifty outperformance, 3M Nifty outperformance, 6M Nifty outperformance, Positive across 1M/3M/6M, 81.7% of closes stayed inside the range | Range width 64.5% | Currently 100.0% through the range"
HEROMOTOCO,Consumer Cyclical,Auto Manufacturers,2814.44,0.44,2004.26,2955.39,40.42,4.77,51.5,2761.76,2513.99,544927.1,386501.0,0.71,Bullish,65.0,"Above 50 DMA, Above 200 DMA, Healthy RSI momentum, Near 52W high momentum, Positive day move",0.66,4.02,17.16,-1.56,0.08,5.68,2.22,3.94,11.48,38.0,"Positive 1M return, Positive 3M return, Positive 6M return, Positive across 1M/3M/6M",48.98,Profit Booking Zone,84.19,2520.85,2830.7,12.29,94.75,80.0% of closes stayed inside the range | Range width 12.3% | Currently 94.8% through the range,16.87,11.75,10.22,8.33,,,3.41,1.57,1.28,226.3,567.54,2613.84,2009.59,21.5516,18.1039,5.458,3.15,0.468,117983.24,31.65,Automobile,14.0,0.0,15.0,17.0,11.0,57.0,0.86,,,2.0,59.0,General low-debt support,44.22,0.0,,53.03,Neutral,"Above 50 DMA, Above 200 DMA, Healthy RSI momentum, Near 52W high momentum, Positive day move, Positive 1M return, Positive 3M return, Positive 6M return, Positive across 1M/3M/6M, 80.0% of closes stayed inside the range | Range width 12.3% | Currently 94.8% through the range"
VBL,Consumer Defensive,Beverages - Non-Alcoholic,400.35,-0.03,179.77,406.4,122.7,1.49,69.08,369.59,315.69,5738628.75,3249237.0,0.57,Bullish,60.0,"Above 50 DMA, Above 200 DMA, Healthy RSI momentum, Near 52W high momentum",8.53,18.94,29.63,-1.56,0.08,5.68,10.09,18.86,23.95,78.0,"Positive 1M return, Positive 3M return, Positive 6M return, 1M Nifty outperformance, 3M Nifty outperformance, 6M Nifty outperformance, Positive across 1M/3M/6M",15.91,Profit Booking Zone,83.27,317.99,370.97,16.66,100.0,80.0% of closes stayed inside the range | Range width 16.7% | Currently 100.0% through the range,29.35,12.89,17.87,11.59,,,76.12,0.86,0.36,154.33,3883.81,1790.03,-10.96,44.006,37.7022,7.6091,46.0,0.298,148997.58,55.45,FMCG / Consumer,19.0,0.0,4.0,9.0,7.0,39.0,0.86,Strong ROE,Negative free cash flow,5.0,44.0,Strong ROE for a consumer staples business,46.48,4.0,Negative free cash flow,52.87,Neutral,"Above 50 DMA, Above 200 DMA, Healthy RSI momentum, Near 52W high momentum, Strong ROE, Positive 1M return, Positive 3M return, Positive 6M return, 1M Nifty outperformance, 3M Nifty outperformance, 6M Nifty outperformance, Positive across 1M/3M/6M, 80.0% of closes stayed inside the range | Range width 16.7% | Currently 100.0% through the range"
AUBANK,Financial Services,Banks - Regional,726.99,4.36,545.21,790.96,33.34,8.09,65.51,708.24,690.06,2284159.55,3927946.0,1.72,Bullish,80.0,"Above 50 DMA, Above 200 DMA, Healthy RSI momentum, Near 52W high momentum, Volume expansion, Strong positive day move",1.79,3.52,1.92,-1.56,0.08,5.68,3.35,3.44,-3.76,38.0,"Positive 1M return, Positive 3M return, Positive 6M return, Positive across 1M/3M/6M",65.06,Lower Range Watch,81.9,695.47,768.18,10.46,43.36,80.0% of closes stayed inside the range | Range width 10.5% | Currently 43.4% through the range,13.01,1.58,,26.15,,,57.38,,,9478.11,6298.65,5493.64,5187.7,28.9496,17.9736,4.084,9.0,,81746.32,0.0,Banking,10.0,0.0,7.0,17.0,11.0,45.0,0.64,Cash covers debt,,0.0,45.0,,49.32,0.0,,52.65,Neutral,"Above 50 DMA, Above 200 DMA, Healthy RSI momentum, Near 52W high momentum, Volume expansion, Strong positive day move, Cash covers debt, Positive 1M return, Positive 3M return, Positive 6M return, Positive across 1M/3M/6M, 80.0% of closes stayed inside the range | Range width 10.5% | Currently 43.4% through the range"
PIIND,Basic Materials,Agricultural Inputs,3622.38,-0.45,2827.12,3952.73,28.13,8.36,67.39,3455.86,3376.09,283473.95,237635.0,0.84,Bullish,60.0,"Above 50 DMA, Above 200 DMA, Healthy RSI momentum, Near 52W high momentum",5.45,-4.68,9.05,-1.56,0.08,5.68,7.01,-4.76,3.37,28.0,"Positive 1M return, Positive 6M return, 1M Nifty outperformance",48.25,Neutral Range,77.79,3361.48,3797.94,12.98,59.78,80.0% of closes stayed inside the range | Range width 13.0% | Currently 59.8% through the range,17.08,14.5,20.61,19.04,,,0.65,4.79,3.61,872.7,46.5,1501.4,1175.1,35.5884,23.3804,3.3541,55.0,,37668.63,57.49,General,20.0,0.0,20.0,17.0,9.0,66.0,0.86,Cash covers debt,,2.0,68.0,General low-debt support,43.6,0.0,,52.34,Neutral,"Above 50 DMA, Above 200 DMA, Healthy RSI momentum, Near 52W high momentum, Cash covers debt, Positive 1M return, Positive 6M return, 1M Nifty outperformance, 80.0% of closes stayed inside the range | Range width 13.0% | Currently 59.8% through the range"
ASTERDM,Healthcare,Medical Care Facilities,258.07,0.69,151.5,280.39,70.34,7.96,56.87,251.55,212.82,249319.65,122892.0,0.49,Bullish,65.0,"Above 50 DMA, Above 200 DMA, Healthy RSI momentum, Near 52W high momentum, Positive day move",1.64,10.85,34.0,-1.56,0.08,5.68,3.2,10.77,28.32,78.0,"Positive 1M return, Positive 3M return, Strong 6M absolute return, 3M Nifty outperformance, 6M Nifty outperformance, Positive across 1M/3M/6M",32.5,Profit Booking Zone,83.7,210.34,254.11,20.81,100.0,80.0% of closes stayed inside the range | Range width 20.8% | Currently 100.0% through the range,9.55,2.86,9.0,14.39,,,128.15,1.06,0.78,378.53,5700.3,1833.98,986.1,138.9178,42.5242,9.3243,47.0,-0.059,72170.12,58.62,Pharma / Healthcare,7.0,0.0,4.0,17.0,5.0,33.0,0.86,,Very high PE,0.0,33.0,,53.23,3.0,Low volume participation,52.28,Neutral,"Above 50 DMA, Above 200 DMA, Healthy RSI momentum, Near 52W high momentum, Positive day move, Positive 1M return, Positive 3M return, Strong 6M absolute return, 3M Nifty outperformance, 6M Nifty outperformance, Positive across 1M/3M/6M, 80.0% of closes stayed inside the range | Range width 20.8% | Currently 100.0% through the range"
BRITANNIA,Consumer Defensive,Packaged Foods,4501.08,0.31,3358.32,5051.21,34.03,10.89,64.7,4366.75,4384.02,334204.5,260394.0,0.78,Bullish,65.0,"Above 50 DMA, Above 200 DMA, Healthy RSI momentum, Near 52W high momentum, Positive day move",2.66,4.13,1.41,-1.56,0.08,5.68,4.22,4.05,-4.27,38.0,"Positive 1M return, Positive 3M return, Positive 6M return, Positive across 1M/3M/6M",50.0,Lower Range Watch,79.87,4322.93,4842.65,12.02,34.28,80.0% of closes stayed inside the range | Range width 12.0% | Currently 34.3% through the range,65.69,24.82,16.33,14.52,,,85.1,1.15,0.86,102.38,3007.62,2526.21,1814.75,52.2538,43.3854,26.629,1.62,0.421,135982.19,41.42,FMCG / Consumer,21.0,0.0,6.0,17.0,6.0,50.0,0.86,Strong ROE,,5.0,55.0,Strong ROE for a consumer staples business,46.48,0.0,,51.97,Neutral,"Above 50 DMA, Above 200 DMA, Healthy RSI momentum, Near 52W high momentum, Positive day move, Strong ROE, Positive 1M return, Positive 3M return, Positive 6M return, Positive across 1M/3M/6M, 80.0% of closes stayed inside the range | Range width 12.0% | Currently 34.3% through the range"
LTF,Financial Services,Credit Services,138.74,2.56,68.12,139.32,103.66,0.41,64.74,127.18,106.38,12537913.45,7816181.0,0.62,Bullish,70.0,"Above 50 DMA, Above 200 DMA, Healthy RSI momentum, Near 52W high momentum, Strong positive day move",8.08,16.26,49.4,-1.56,0.08,5.68,9.64,16.18,43.72,88.0,"Positive 1M return, Positive 3M return, Strong 6M absolute return, 1M Nifty outperformance, 3M Nifty outperformance, 6M Nifty outperformance, Positive across 1M/3M/6M",22.89,Profit Booking Zone,83.3,100.9,131.63,30.46,100.0,80.0% of closes stayed inside the range | Range width 30.5% | Currently 100.0% through the range,7.54,1.53,,24.89,,,386.03,,,8904.07,83104.9,6718.25,6590.33,25.0158,16.2301,2.83,87.0,0.64,79491.77,99.53,Financial Services,6.0,0.0,0.0,17.0,13.0,36.0,0.64,,Very high debt,1.0,37.0,"High leverage is structural for this sector, Weak ROE for a leveraged-balance-sheet business",49.32,8.0,Very high debt,51.85,Neutral,"Above 50 DMA, Above 200 DMA, Healthy RSI momentum, Near 52W high momentum, Strong positive day move, Positive 1M return, Positive 3M return, Strong 6M absolute return, 1M Nifty outperformance, 3M Nifty outperformance, 6M Nifty outperformance, Positive across 1M/3M/6M, 80.0% of closes stayed inside the range | Range width 30.5% | Currently 100.0% through the range"
BSE,Financial Services,Financial Data & Stock Exchanges,765.29,15.47,131.96,774.55,479.92,1.2,81.29,492.69,267.0,7706484.6,14338647.0,1.86,Bullish,67.0,"Above 50 DMA, Above 200 DMA, Strong but overbought RSI, Near 52W high momentum, Volume expansion, Strong positive day move",56.53,158.45,331.59,-1.56,0.08,5.68,58.09,158.37,325.91,100.0,"Strong 1M absolute return, Strong 3M absolute return, Strong 6M absolute return, 1M Nifty outperformance, 3M Nifty outperformance, 6M Nifty outperformance, Positive across 1M/3M/6M",7.23,Breakout Watch,72.24,184.69,589.74,219.31,100.0,80.0% of closes stayed inside the range | Range width 219.3% | Currently 100.0% through the range | Above upper band on elevated volume,8.17,3.68,18.24,27.06,,,0.0,1.61,,13.83,0.02,-137.11,-280.53,51.2199,37.9807,18.1646,28.0,0.471,143241.73,99.59,Financial Services,13.0,0.0,16.0,0.0,7.0,36.0,0.79,Cash covers debt,"Negative operating cash flow, Negative free cash flow",-4.0,32.0,Expensive relative to book value for this sector,49.32,9.0,"Negative operating cash flow, Negative free cash flow",51.35,Neutral,"Above 50 DMA, Above 200 DMA, Strong but overbought RSI, Near 52W high momentum, Volume expansion, Strong positive day move, Cash covers debt, Strong 1M absolute return, Strong 3M absolute return, Strong 6M absolute return, 1M Nifty outperformance, 3M Nifty outperformance, 6M Nifty outperformance, Positive across 1M/3M/6M, 80.0% of closes stayed inside the range | Range width 219.3% | Currently 100.0% through the range | Above upper band on elevated volume"
EXIDEIND,Consumer Cyclical,Auto Parts,268.1,1.36,149.41,275.94,79.43,2.84,62.25,259.01,219.13,2358926.45,3059116.0,1.3,Bullish,70.0,"Above 50 DMA, Above 200 DMA, Healthy RSI momentum, Near 52W high momentum, Normal volume support, Positive day move",3.54,1.0,43.87,-1.56,0.08,5.68,5.1,0.92,38.19,73.0,"Positive 1M return, Positive 3M return, Strong 6M absolute return, 1M Nifty outperformance, 6M Nifty outperformance, Positive across 1M/3M/6M",27.55,Profit Booking Zone,83.66,206.56,264.51,28.06,100.0,80.0% of closes stayed inside the range | Range width 28.1% | Currently 100.0% through the range,7.39,5.57,7.29,5.49,,,5.29,1.88,0.75,131.78,588.39,768.24,-225.06,44.044,26.4992,2.9993,41.0,0.552,41705.25,31.41,Automobile,2.0,0.0,13.0,9.0,11.0,35.0,0.86,,Negative free cash flow,2.0,37.0,General low-debt support,44.22,4.0,Negative free cash flow,51.33,Neutral,"Above 50 DMA, Above 200 DMA, Healthy RSI momentum, Near 52W high momentum, Normal volume support, Positive day move, Positive 1M return, Positive 3M return, Strong 6M absolute return, 1M Nifty outperformance, 6M Nifty outperformance, Positive across 1M/3M/6M, 80.0% of closes stayed inside the range | Range width 28.1% | Currently 100.0% through the range"
TATACONSUM,Consumer Defensive,Packaged Foods,896.0,0.42,663.99,908.61,34.94,1.39,59.44,865.61,785.74,1622939.65,904887.0,0.56,Bullish,65.0,"Above 50 DMA, Above 200 DMA, Healthy RSI momentum, Near 52W high momentum, Positive day move",0.35,9.52,17.73,-1.56,0.08,5.68,1.91,9.44,12.05,38.0,"Positive 1M return, Positive 3M return, Positive 6M return, Positive across 1M/3M/6M",50.0,Profit Booking Zone,84.95,783.01,880.62,12.47,100.0,80.0% of closes stayed inside the range | Range width 12.5% | Currently 100.0% through the range,7.4,5.28,11.37,8.81,,,9.83,2.12,1.43,1539.56,1600.04,1461.29,1149.54,64.3966,44.4085,4.823,93.0,0.414,105095.18,41.11,FMCG / Consumer,8.0,0.0,16.0,17.0,7.0,48.0,0.86,,,3.0,51.0,"Low debt, typical of a healthy consumer business",46.48,0.0,,50.57,Neutral,"Above 50 DMA, Above 200 DMA, Healthy RSI momentum, Near 52W high momentum, Positive day move, Positive 1M return, Positive 3M return, Positive 6M return, Positive across 1M/3M/6M, 80.0% of closes stayed inside the range | Range width 12.5% | Currently 100.0% through the range"
TORNTPHARM,Healthcare,Drug Manufacturers - Specialty & Generic,2007.14,0.38,1388.75,2034.88,44.53,1.36,74.05,1846.78,1711.16,382811.1,188309.0,0.49,Bullish,52.0,"Above 50 DMA, Above 200 DMA, Strong but overbought RSI, Near 52W high momentum, Positive day move",8.99,3.55,24.54,-1.56,0.08,5.68,10.55,3.47,18.86,63.0,"Positive 1M return, Positive 3M return, Positive 6M return, 1M Nifty outperformance, 6M Nifty outperformance, Positive across 1M/3M/6M",42.5,Profit Booking Zone,82.4,1742.78,1938.46,11.23,100.0,80.0% of closes stayed inside the range | Range width 11.2% | Currently 100.0% through the range,20.09,8.29,22.61,13.16,,,86.62,0.98,0.57,508.53,5368.56,2368.13,1794.19,78.2379,52.2222,19.7416,78.0,0.145,186114.0,75.98,Pharma / Healthcare,20.0,0.0,4.0,17.0,5.0,46.0,0.86,Strong ROE,,2.0,48.0,General quality ROE,53.23,3.0,Low volume participation,50.53,Neutral,"Above 50 DMA, Above 200 DMA, Strong but overbought RSI, Near 52W high momentum, Positive day move, Strong ROE, Positive 1M return, Positive 3M return, Positive 6M return, 1M Nifty outperformance, 6M Nifty outperformance, Positive across 1M/3M/6M, 80.0% of closes stayed inside the range | Range width 11.2% | Currently 100.0% through the range"
GLAXO,Healthcare,Drug Manufacturers - General,1392.36,-0.04,1135.42,1536.98,22.63,9.41,51.37,1414.55,1283.93,104483.4,64633.0,0.62,Bearish,50.0,"Above 200 DMA, Healthy RSI momentum, Near 52W high momentum, Near 52W low zone",-3.7,2.05,17.56,-1.56,0.08,5.68,-2.14,1.97,11.88,20.0,"Positive 3M return, Positive 6M return",75.0,Neutral Range,75.99,1285.02,1457.49,13.42,62.24,80.0% of closes stayed inside the range | Range width 13.4% | Currently 62.2% through the range,35.07,18.36,23.2,18.93,,,0.89,1.88,1.53,34.94,15.54,484.23,440.19,41.6103,33.2197,19.5764,2.19,0.057,44387.77,64.2,Pharma / Healthcare,24.0,0.0,19.0,17.0,7.0,67.0,0.86,"Strong ROE, Cash covers debt",,4.0,71.0,"General quality ROE, General low-debt support",53.23,0.0,,50.33,Neutral,"Above 200 DMA, Healthy RSI momentum, Near 52W high momentum, Near 52W low zone, Strong ROE, Cash covers debt, Positive 3M return, Positive 6M return, 80.0% of closes stayed inside the range | Range width 13.4% | Currently 62.2% through the range"
LINDEINDIA,Basic Materials,Specialty Chemicals,6016.19,0.06,2911.17,6755.85,106.66,10.95,47.38,6117.78,4645.58,51876.15,19441.0,0.37,Bearish,32.0,"Above 200 DMA, RSI recovering, Positive day move",-6.2,21.9,53.07,-1.56,0.08,5.68,-4.64,21.82,47.39,70.0,"Strong 3M absolute return, Strong 6M absolute return, 3M Nifty outperformance, 6M Nifty outperformance",22.81,Profit Booking Zone,68.6,3968.64,6369.95,60.51,85.27,80.0% of closes stayed inside the range | Range width 60.5% | Currently 85.3% through the range,14.43,9.99,15.62,17.52,,,0.75,2.1,2.02,1240.3,22.66,568.51,326.37,105.6673,78.7623,13.5476,6.0,,57801.38,58.55,Chemicals,16.0,0.0,20.0,17.0,5.0,58.0,0.86,Cash covers debt,Very high PE,2.0,60.0,General low-debt support,43.6,3.0,Low volume participation,50.04,Neutral,"Above 200 DMA, RSI recovering, Positive day move, Cash covers debt, Strong 3M absolute return, Strong 6M absolute return, 3M Nifty outperformance, 6M Nifty outperformance, 80.0% of closes stayed inside the range | Range width 60.5% | Currently 85.3% through the range"
BHEL,Industrials,Specialty Industrial Machinery,135.66,5.77,50.9,147.99,166.52,8.33,65.11,127.46,94.08,22062324.65,77439295.0,3.51,Bullish,85.0,"Above 50 DMA, Above 200 DMA, Healthy RSI momentum, Near 52W high momentum, Strong volume expansion, Strong positive day move",6.35,32.46,70.35,-1.56,0.08,5.68,7.91,32.38,64.67,98.0,"Positive 1M return, Strong 3M absolute return, Strong 6M absolute return, 1M Nifty outperformance, 3M Nifty outperformance, 6M Nifty outperformance, Positive across 1M/3M/6M",13.58,Breakout Watch,82.57,83.31,130.21,56.29,100.0,80.0% of closes stayed inside the range | Range width 56.3% | Currently 100.0% through the range | Above upper band on elevated volume,2.61,1.12,0.44,2.88,,,22.37,1.24,0.95,1449.11,5453.51,-740.7,-929.1,60.2582,30.5233,5.5934,35.0,0.845,146246.66,31.47,Capital Goods / Infra,0.0,0.0,9.0,0.0,7.0,16.0,0.86,,"Negative operating cash flow, Negative free cash flow",0.0,16.0,,50.01,9.0,"Negative operating cash flow, Negative free cash flow",49.85,Neutral,"Above 50 DMA, Above 200 DMA, Healthy RSI momentum, Near 52W high momentum, Strong volume expansion, Strong positive day move, Positive 1M return, Strong 3M absolute return, Strong 6M absolute return, 1M Nifty outperformance, 3M Nifty outperformance, 6M Nifty outperformance, Positive across 1M/3M/6M, 80.0% of closes stayed inside the range | Range width 56.3% | Currently 100.0% through the range | Above upper band on elevated volume"
KEI,Industrials,Electrical Equipment & Parts,2570.75,0.14,1330.3,2806.09,93.25,8.39,50.76,2589.76,2151.14,256254.65,122805.0,0.48,Bearish,50.0,"Above 200 DMA, Healthy RSI momentum, Near 52W high momentum, Positive day move",-4.96,10.75,28.75,-1.56,0.08,5.68,-3.4,10.67,23.07,50.0,"Positive 3M return, Positive 6M return, 3M Nifty outperformance, 6M Nifty outperformance",54.32,Profit Booking Zone,77.12,2097.68,2664.96,27.04,83.39,80.0% of closes stayed inside the range | Range width 27.0% | Currently 83.4% through the range,18.44,12.66,9.59,6.97,,,6.25,2.83,1.84,479.89,161.83,513.91,415.97,55.0991,39.2189,8.2533,8.0,0.529,55008.58,23.88,Capital Goods / Infra,14.0,0.0,20.0,17.0,7.0,58.0,0.86,"Strong ROE, Cash covers debt",,0.0,58.0,,50.01,3.0,Low volume participation,49.8,Neutral,"Above 200 DMA, Healthy RSI momentum, Near 52W high momentum, Positive day move, Strong ROE, Cash covers debt, Positive 3M return, Positive 6M return, 3M Nifty outperformance, 6M Nifty outperformance, 80.0% of closes stayed inside the range | Range width 27.0% | Currently 83.4% through the range"
LT,Industrials,Engineering & Construction,2967.79,0.5,1730.13,3032.48,71.54,2.13,61.22,2873.52,2407.86,1648244.55,531769.0,0.32,Bullish,65.0,"Above 50 DMA, Above 200 DMA, Healthy RSI momentum, Near 52W high momentum, Positive day move",-1.33,15.54,37.22,-1.56,0.08,5.68,0.23,15.46,31.54,60.0,"Positive 3M return, Strong 6M absolute return, 3M Nifty outperformance, 6M Nifty outperformance",47.53,Profit Booking Zone,82.05,2250.02,2965.25,31.79,100.0,80.0% of closes stayed inside the range | Range width 31.8% | Currently 100.0% through the range,11.72,3.17,10.74,5.76,,,135.07,1.37,1.33,16926.69,120650.44,22776.96,18633.17,33.4443,22.303,5.06,94.0,0.508,553098.2,37.43,Capital Goods / Infra,5.0,0.0,6.0,17.0,11.0,39.0,0.86,,,0.0,39.0,,50.01,3.0,Low volume participation,49.4,Neutral,"Above 50 DMA, Above 200 DMA, Healthy RSI momentum, Near 52W high momentum, Positive day move, Positive 3M return, Strong 6M absolute return, 3M Nifty outperformance, 6M Nifty outperformance, 80.0% of closes stayed inside the range | Range width 31.8% | Currently 100.0% through the range"
MAHABANK,Financial Services,Banks - Regional,42.44,6.84,14.91,47.78,184.6,11.18,59.53,40.92,30.48,34671715.25,56153291.0,1.62,Bullish,80.0,"Above 50 DMA, Above 200 DMA, Healthy RSI momentum, Near 52W high momentum, Volume expansion, Strong positive day move",-1.5,22.44,55.66,-1.56,0.08,5.68,0.06,22.36,49.98,70.0,"Strong 3M absolute return, Strong 6M absolute return, 3M Nifty outperformance, 6M Nifty outperformance",36.75,Profit Booking Zone,80.72,26.24,43.09,64.25,96.12,80.8% of closes stayed inside the range | Range width 64.2% | Currently 96.1% through the range,16.5,0.97,,25.45,,,65.01,,,18753.61,10265.66,-1439.92,-1764.37,8.3626,6.5496,1.7645,2.79,0.78,62970.76,0.0,Banking,10.0,0.0,7.0,0.0,15.0,32.0,0.64,Cash covers debt,"Negative operating cash flow, Negative free cash flow",6.0,38.0,Strong ROE for a leveraged-balance-sheet business,49.32,9.0,"Negative operating cash flow, Negative free cash flow",49.2,Neutral,"Above 50 DMA, Above 200 DMA, Healthy RSI momentum, Near 52W high momentum, Volume expansion, Strong positive day move, Cash covers debt, Strong 3M absolute return, Strong 6M absolute return, 3M Nifty outperformance, 6M Nifty outperformance, 80.8% of closes stayed inside the range | Range width 64.2% | Currently 96.1% through the range"
TIINDIA,Industrials,Conglomerates,3153.15,-0.99,2024.31,3723.3,55.76,15.31,54.52,3106.61,2863.87,145842.15,60824.0,0.42,Bullish,50.0,"Above 50 DMA, Above 200 DMA, Healthy RSI momentum",6.66,11.02,19.64,-1.56,0.08,5.68,8.22,10.94,13.96,63.0,"Positive 1M return, Positive 3M return, Positive 6M return, 1M Nifty outperformance, 3M Nifty outperformance, Positive across 1M/3M/6M",41.36,Profit Booking Zone,78.26,2821.38,3242.02,14.91,78.87,80.0% of closes stayed inside the range | Range width 14.9% | Currently 78.9% through the range,24.19,9.29,10.81,6.62,,,28.5,1.24,0.95,842.8,1126.07,1385.66,969.65,86.5549,37.3799,7.089,16.0,-0.3,54955.18,31.7,Capital Goods / Infra,16.0,0.0,9.0,17.0,5.0,47.0,0.86,Strong ROE,Very high PE,0.0,47.0,,50.01,3.0,Low volume participation,49.2,Neutral,"Above 50 DMA, Above 200 DMA, Healthy RSI momentum, Strong ROE, Positive 1M return, Positive 3M return, Positive 6M return, 1M Nifty outperformance, 3M Nifty outperformance, Positive across 1M/3M/6M, 80.0% of closes stayed inside the range | Range width 14.9% | Currently 78.9% through the range"
PFC,Financial Services,Credit Services,273.43,6.88,66.83,284.37,309.16,3.85,80.61,215.41,153.13,17506582.05,56941773.0,3.25,Bullish,72.0,"Above 50 DMA, Above 200 DMA, Strong but overbought RSI, Near 52W high momentum, Strong volume expansion, Strong positive day move",22.93,45.57,129.73,-1.56,0.08,5.68,24.49,45.49,124.05,100.0,"Strong 1M absolute return, Strong 3M absolute return, Strong 6M absolute return, 1M Nifty outperformance, 3M Nifty outperformance, 6M Nifty outperformance, Positive across 1M/3M/6M",7.23,Breakout Watch,78.9,136.87,222.5,62.57,100.0,80.0% of closes stayed inside the range | Range width 62.6% | Currently 100.0% through the range | Above upper band on elevated volume,18.88,1.77,267.15,57.74,,,927.58,,,415.73,780640.56,-74717.23,-74840.0,4.8263,4.1648,0.9351,4.09,0.639,124248.82,99.22,Financial Services,18.0,0.0,0.0,0.0,15.0,33.0,0.71,Strong ROE,"Very high debt, Negative operating cash flow, Negative free cash flow",12.0,45.0,"High leverage is structural for this sector, Strong ROE for a leveraged-balance-sheet business",49.32,17.0,"Very high debt, Negative operating cash flow, Negative free cash flow",49.15,Neutral,"Above 50 DMA, Above 200 DMA, Strong but overbought RSI, Near 52W high momentum, Strong volume expansion, Strong positive day move, Strong ROE, Strong 1M absolute return, Strong 3M absolute return, Strong 6M absolute return, 1M Nifty outperformance, 3M Nifty outperformance, 6M Nifty outperformance, Positive across 1M/3M/6M, 80.0% of closes stayed inside the range | Range width 62.6% | Currently 100.0% through the range | Above upper band on elevated volume"
INDUSTOWER,Communication Services,Telecom Services,180.55,2.15,130.25,200.46,38.62,9.93,55.14,177.51,159.01,7409686.35,3759779.0,0.51,Bullish,70.0,"Above 50 DMA, Above 200 DMA, Healthy RSI momentum, Near 52W high momentum, Strong positive day move",-2.06,9.21,24.57,-1.56,0.08,5.68,-0.5,9.13,18.89,35.0,"Positive 3M return, Positive 6M return, 6M Nifty outperformance",60.71,Profit Booking Zone,84.25,153.15,182.07,18.88,94.77,80.0% of closes stayed inside the range | Range width 18.9% | Currently 94.8% through the range,9.66,4.38,15.65,7.19,,,90.88,1.07,,22.4,19184.9,7904.8,4282.2,14.1424,12.5435,2.4433,3.79,0.05,101110.34,55.94,Telecom,8.0,0.0,6.0,17.0,15.0,46.0,0.79,,,0.0,46.0,,45.11,0.0,,49.12,Neutral,"Above 50 DMA, Above 200 DMA, Healthy RSI momentum, Near 52W high momentum, Strong positive day move, Positive 3M return, Positive 6M return, 6M Nifty outperformance, 80.0% of closes stayed inside the range | Range width 18.9% | Currently 94.8% through the range"
BDL,Industrials,Aerospace & Defense,534.31,2.81,383.25,629.95,39.42,15.18,65.84,513.37,512.27,955048.2,1080662.0,1.13,Bullish,65.0,"Above 50 DMA, Above 200 DMA, Healthy RSI momentum, Normal volume support, Strong positive day move",8.12,-3.86,6.46,-1.56,0.08,5.68,9.68,-3.94,0.78,28.0,"Positive 1M return, Positive 6M return, 1M Nifty outperformance",72.22,Lower Range Watch,77.52,494.16,587.21,18.83,43.15,80.0% of closes stayed inside the range | Range width 18.8% | Currently 43.1% through the range,10.97,4.06,13.39,14.2,,,0.16,3.45,2.62,1052.88,5.21,2130.25,2021.99,113.6556,43.4794,11.5734,39.0,0.326,49119.37,49.94,Capital Goods / Infra,10.0,0.0,20.0,17.0,5.0,52.0,0.86,Cash covers debt,Very high PE,0.0,52.0,,50.01,0.0,,48.95,Neutral,"Above 50 DMA, Above 200 DMA, Healthy RSI momentum, Normal volume support, Strong positive day move, Cash covers debt, Positive 1M return, Positive 6M return, 1M Nifty outperformance, 80.0% of closes stayed inside the range | Range width 18.8% | Currently 43.1% through the range"
SUPREMEIND,Industrials,Building Products & Equipment,4181.51,0.55,1762.06,4776.54,137.31,12.46,48.27,4202.68,3245.36,268422.4,66927.0,0.25,Bearish,32.0,"Above 200 DMA, RSI recovering, Positive day move",2.82,5.1,54.52,-1.56,0.08,5.68,4.38,5.02,48.84,63.0,"Positive 1M return, Positive 3M return, Strong 6M absolute return, 6M Nifty outperformance, Positive across 1M/3M/6M",41.36,Profit Booking Zone,69.32,2762.93,4376.15,58.39,87.93,80.0% of closes stayed inside the range | Range width 58.4% | Currently 87.9% through the range,19.66,15.2,10.41,9.47,,,1.16,2.53,1.31,737.96,51.17,890.34,466.01,42.4997,33.2494,7.1243,1.05,0.182,43969.03,32.69,Capital Goods / Infra,17.0,0.0,19.0,17.0,6.0,59.0,0.86,"Strong ROE, Cash covers debt",,0.0,59.0,,50.01,3.0,Low volume participation,48.9,Neutral,"Above 200 DMA, RSI recovering, Positive day move, Strong ROE, Cash covers debt, Positive 1M return, Positive 3M return, Strong 6M absolute return, 6M Nifty outperformance, Positive across 1M/3M/6M, 80.0% of closes stayed inside the range | Range width 58.4% | Currently 87.9% through the range"
OBEROIRLTY,Real Estate,Real Estate - Development,1215.99,-1.85,774.64,1247.88,56.97,2.56,62.95,1131.09,981.66,536040.9,205281.0,0.38,Bullish,60.0,"Above 50 DMA, Above 200 DMA, Healthy RSI momentum, Near 52W high momentum",9.45,14.46,25.67,-1.56,0.08,5.68,11.01,14.38,19.99,78.0,"Positive 1M return, Positive 3M return, Positive 6M return, 1M Nifty outperformance, 3M Nifty outperformance, 6M Nifty outperformance, Positive across 1M/3M/6M",94.44,Profit Booking Zone,82.63,948.01,1145.96,20.88,100.0,80.0% of closes stayed inside the range | Range width 20.9% | Currently 100.0% through the range,15.6,10.23,49.64,45.63,,,32.3,3.79,1.19,188.15,3944.09,-2383.04,-2984.86,24.9018,16.8684,3.6517,45.0,0.324,65444.77,62.61,Cement / Realty,20.0,0.0,14.0,0.0,11.0,45.0,0.86,,"Negative operating cash flow, Negative free cash flow",2.0,47.0,General low-debt support,65.96,12.0,"Low volume participation, Negative operating cash flow, Negative free cash flow",48.84,Neutral,"Above 50 DMA, Above 200 DMA, Healthy RSI momentum, Near 52W high momentum, Positive 1M return, Positive 3M return, Positive 6M return, 1M Nifty outperformance, 3M Nifty outperformance, 6M Nifty outperformance, Positive across 1M/3M/6M, 80.0% of closes stayed inside the range | Range width 20.9% | Currently 100.0% through the range"
COFORGE,Technology,Information Technology Services,988.05,-1.05,611.3,1115.46,61.63,11.42,50.32,1010.47,888.75,1782943.5,1334465.0,0.75,Bearish,45.0,"Above 200 DMA, Healthy RSI momentum, Near 52W high momentum",1.95,-3.1,24.05,-1.56,0.08,5.68,3.51,-3.18,18.37,33.0,"Positive 1M return, Positive 6M return, 6M Nifty outperformance",63.64,Neutral Range,74.12,873.71,1052.73,20.49,63.87,80.0% of closes stayed inside the range | Range width 20.5% | Currently 63.9% through the range,22.51,12.21,12.92,8.66,,,18.24,1.5,,569.9,562.2,950.5,792.3,37.3136,25.1184,6.3441,88.0,0.294,79750.75,37.25,IT / Technology,17.0,0.0,16.0,17.0,7.0,57.0,0.79,"Strong ROE, Cash covers debt",,5.0,62.0,Strong ROE for an asset-light business,49.67,0.0,,48.65,Neutral,"Above 200 DMA, Healthy RSI momentum, Near 52W high momentum, Strong ROE, Cash covers debt, Positive 1M return, Positive 6M return, 6M Nifty outperformance, 80.0% of closes stayed inside the range | Range width 20.5% | Currently 63.9% through the range"
GODREJPROP,Real Estate,Real Estate - Development,1812.69,0.21,1000.17,1852.15,81.24,2.13,66.16,1651.44,1428.36,846426.35,540489.0,0.64,Bullish,65.0,"Above 50 DMA, Above 200 DMA, Healthy RSI momentum, Near 52W high momentum, Positive day move",7.89,19.84,31.18,-1.56,0.08,5.68,9.45,19.76,25.5,88.0,"Positive 1M return, Positive 3M return, Strong 6M absolute return, 1M Nifty outperformance, 3M Nifty outperformance, 6M Nifty outperformance, Positive across 1M/3M/6M",77.78,Profit Booking Zone,83.89,1422.78,1700.13,19.49,100.0,80.0% of closes stayed inside the range | Range width 19.5% | Currently 100.0% through the range,6.17,2.47,10.32,26.37,,,69.42,1.46,0.59,714.81,6430.76,-2860.64,-3166.49,38.3153,18.06,3.1684,49.0,0.478,60697.14,42.86,Cement / Realty,9.0,0.0,6.0,0.0,9.0,24.0,0.86,,"Negative operating cash flow, Negative free cash flow",2.0,26.0,General low-debt support,65.96,9.0,"Negative operating cash flow, Negative free cash flow",48.24,Neutral,"Above 50 DMA, Above 200 DMA, Healthy RSI momentum, Near 52W high momentum, Positive day move, Positive 1M return, Positive 3M return, Strong 6M absolute return, 1M Nifty outperformance, 3M Nifty outperformance, 6M Nifty outperformance, Positive across 1M/3M/6M, 80.0% of closes stayed inside the range | Range width 19.5% | Currently 100.0% through the range"
JSWENERGY,Utilities,Utilities - Independent Power Producers,388.25,2.53,200.89,444.25,93.27,12.61,50.84,393.39,295.85,4599694.95,3522456.0,0.77,Bearish,55.0,"Above 200 DMA, Healthy RSI momentum, Near 52W high momentum, Strong positive day move",0.09,14.72,54.47,-1.56,0.08,5.68,1.65,14.64,48.79,78.0,"Positive 1M return, Positive 3M return, Strong 6M absolute return, 3M Nifty outperformance, 6M Nifty outperformance, Positive across 1M/3M/6M",44.12,Profit Booking Zone,74.23,254.47,404.61,59.0,89.1,80.0% of closes stayed inside the range | Range width 59.0% | Currently 89.1% through the range,7.93,3.03,21.96,14.91,,,134.48,1.07,0.96,3422.29,25051.48,2084.27,-2152.31,43.9269,32.8867,3.191,36.0,0.133,102383.84,66.89,Energy / Utilities,10.0,0.0,4.0,9.0,9.0,32.0,0.86,,Negative free cash flow,0.0,32.0,,50.38,4.0,Negative free cash flow,48.01,Neutral,"Above 200 DMA, Healthy RSI momentum, Near 52W high momentum, Strong positive day move, Positive 1M return, Positive 3M return, Strong 6M absolute return, 3M Nifty outperformance, 6M Nifty outperformance, Positive across 1M/3M/6M, 80.0% of closes stayed inside the range | Range width 59.0% | Currently 89.1% through the range"
UNITDSPR,Consumer Defensive,Beverages - Wineries & Distilleries,1015.37,0.06,709.87,1078.58,43.04,5.86,48.81,1009.32,872.82,1060391.7,1355917.0,1.28,Bullish,52.0,"Above 50 DMA, Above 200 DMA, RSI recovering, Normal volume support, Positive day move",-2.18,5.81,29.7,-1.56,0.08,5.68,-0.62,5.73,24.02,35.0,"Positive 3M return, Positive 6M return, 6M Nifty outperformance",59.09,Profit Booking Zone,80.11,855.37,1026.54,20.01,93.48,80.0% of closes stayed inside the range | Range width 20.0% | Currently 93.5% through the range,18.95,11.65,10.75,10.77,,,3.05,1.72,1.1,115.0,183.0,615.0,478.0,64.3606,50.7888,12.1739,1.1,0.148,108993.5,46.86,FMCG / Consumer,16.0,0.0,15.0,17.0,4.0,52.0,0.86,Strong ROE,,3.0,55.0,"Low debt, typical of a healthy consumer business",46.48,0.0,,47.97,Neutral,"Above 50 DMA, Above 200 DMA, RSI recovering, Normal volume support, Positive day move, Strong ROE, Positive 3M return, Positive 6M return, 6M Nifty outperformance, 80.0% of closes stayed inside the range | Range width 20.0% | Currently 93.5% through the range"
ABB,Industrials,Specialty Industrial Machinery,4142.12,0.55,2557.9,4545.62,61.93,8.88,57.39,4094.2,3768.6,267549.2,157036.0,0.59,Bullish,65.0,"Above 50 DMA, Above 200 DMA, Healthy RSI momentum, Near 52W high momentum, Positive day move",0.79,-5.71,10.7,-1.56,0.08,5.68,2.35,-5.79,5.02,18.0,"Positive 1M return, Positive 6M return",80.86,Neutral Range,77.86,3909.83,4358.49,11.48,51.78,80.0% of closes stayed inside the range | Range width 11.5% | Currently 51.8% through the range,20.57,10.91,11.49,11.96,,,0.67,1.82,1.49,3146.86,33.09,741.94,573.98,102.0381,73.5122,17.5008,52.0,0.486,163381.35,37.28,Capital Goods / Infra,16.0,0.0,18.0,17.0,5.0,56.0,0.86,"Strong ROE, Cash covers debt",Very high PE,0.0,56.0,,50.01,0.0,,47.85,Neutral,"Above 50 DMA, Above 200 DMA, Healthy RSI momentum, Near 52W high momentum, Positive day move, Strong ROE, Cash covers debt, Positive 1M return, Positive 6M return, 80.0% of closes stayed inside the range | Range width 11.5% | Currently 51.8% through the range"
PATANJALI,Consumer Defensive,Packaged Foods,474.36,0.0,278.5,487.17,70.33,2.63,69.48,427.82,369.48,1561574.7,973383.0,0.62,Bullish,60.0,"Above 50 DMA, Above 200 DMA, Healthy RSI momentum, Near 52W high momentum",7.06,12.36,52.55,-1.56,0.08,5.68,8.62,12.28,46.87,88.0,"Positive 1M return, Positive 3M return, Strong 6M absolute return, 1M Nifty outperformance, 3M Nifty outperformance, 6M Nifty outperformance, Positive across 1M/3M/6M",9.09,Profit Booking Zone,81.16,337.86,441.67,30.72,100.0,80.0% of closes stayed inside the range | Range width 30.7% | Currently 100.0% through the range,9.0,6.69,3.73,2.84,,,14.77,2.44,1.17,803.1,1454.4,-339.34,-437.9,21.1645,19.163,2.9269,99.0,-0.175,38358.64,13.03,FMCG / Consumer,4.0,0.0,16.0,0.0,13.0,33.0,0.86,,"Negative operating cash flow, Negative free cash flow",3.0,36.0,"Low debt, typical of a healthy consumer business",46.48,9.0,"Negative operating cash flow, Negative free cash flow",47.57,Neutral,"Above 50 DMA, Above 200 DMA, Healthy RSI momentum, Near 52W high momentum, Positive 1M return, Positive 3M return, Strong 6M absolute return, 1M Nifty outperformance, 3M Nifty outperformance, 6M Nifty outperformance, Positive across 1M/3M/6M, 80.0% of closes stayed inside the range | Range width 30.7% | Currently 100.0% through the range"
LUPIN,Healthcare,Drug Manufacturers - Specialty & Generic,1152.55,-0.58,609.38,1216.6,89.14,5.26,51.9,1132.12,876.33,1283751.75,1254592.0,0.98,Bullish,60.0,"Above 50 DMA, Above 200 DMA, Healthy RSI momentum, Near 52W high momentum",-1.23,8.95,49.67,-1.56,0.08,5.68,0.33,8.87,43.99,45.0,"Positive 3M return, Strong 6M absolute return, 6M Nifty outperformance",62.5,Profit Booking Zone,79.06,799.75,1154.02,44.3,99.59,80.0% of closes stayed inside the range | Range width 44.3% | Currently 99.6% through the range,3.45,1.87,5.47,2.64,,,36.44,1.34,0.86,1231.81,4541.52,1897.24,397.62,18.8684,22.3319,4.6455,79.0,0.182,104295.27,72.36,Pharma / Healthcare,0.0,0.0,9.0,17.0,10.0,36.0,0.86,,,2.0,38.0,General low-debt support,53.23,0.0,,47.53,Neutral,"Above 50 DMA, Above 200 DMA, Healthy RSI momentum, Near 52W high momentum, Positive 3M return, Strong 6M absolute return, 6M Nifty outperformance, 80.0% of closes stayed inside the range | Range width 44.3% | Currently 99.6% through the range"
WELCORP,Basic Materials,Steel,514.57,7.37,171.25,536.67,200.49,4.12,81.31,398.97,281.03,1828903.65,4226034.0,2.31,Bullish,72.0,"Above 50 DMA, Above 200 DMA, Strong but overbought RSI, Near 52W high momentum, Strong volume expansion, Strong positive day move",18.88,59.45,130.54,-1.56,0.08,5.68,20.44,59.37,124.86,100.0,"Strong 1M absolute return, Strong 3M absolute return, Strong 6M absolute return, 1M Nifty outperformance, 3M Nifty outperformance, 6M Nifty outperformance, Positive across 1M/3M/6M",4.39,Breakout Watch,78.13,257.43,431.73,67.7,100.0,80.0% of closes stayed inside the range | Range width 67.7% | Currently 100.0% through the range | Above upper band on elevated volume,4.37,1.35,2.37,2.18,,,70.69,1.18,0.49,1016.34,3345.09,-185.13,-1379.31,21.3148,18.9284,5.3809,27.0,0.473,49249.35,38.4,Metals / Mining,0.0,0.0,6.0,0.0,11.0,17.0,0.86,,"Negative operating cash flow, Negative free cash flow",2.0,19.0,General low-debt support,43.6,9.0,"Negative operating cash flow, Negative free cash flow",47.19,Neutral,"Above 50 DMA, Above 200 DMA, Strong but overbought RSI, Near 52W high momentum, Strong volume expansion, Strong positive day move, Strong 1M absolute return, Strong 3M absolute return, Strong 6M absolute return, 1M Nifty outperformance, 3M Nifty outperformance, 6M Nifty outperformance, Positive across 1M/3M/6M, 80.0% of closes stayed inside the range | Range width 67.7% | Currently 100.0% through the range | Above upper band on elevated volume"
HINDALCO,Basic Materials,Aluminum,478.7,1.29,350.03,499.71,36.76,4.21,59.79,468.16,431.65,5199340.7,4918873.0,0.95,Bullish,65.0,"Above 50 DMA, Above 200 DMA, Healthy RSI momentum, Near 52W high momentum, Positive day move",1.44,6.11,19.47,-1.56,0.08,5.68,3.0,6.03,13.79,38.0,"Positive 1M return, Positive 3M return, Positive 6M return, Positive across 1M/3M/6M",42.98,Profit Booking Zone,84.31,407.45,475.66,16.74,100.0,80.0% of closes stayed inside the range | Range width 16.7% | Currently 100.0% through the range,10.65,4.49,7.0,4.55,,,63.59,1.48,0.77,12840.0,60291.0,19208.0,9471.0,14.2245,9.717,1.7528,48.0,0.925,239409.43,31.31,Metals / Mining,2.0,0.0,6.0,17.0,15.0,40.0,0.86,,,2.0,42.0,General low-debt support,43.6,0.0,,46.99,Neutral,"Above 50 DMA, Above 200 DMA, Healthy RSI momentum, Near 52W high momentum, Positive day move, Positive 1M return, Positive 3M return, Positive 6M return, Positive across 1M/3M/6M, 80.0% of closes stayed inside the range | Range width 16.7% | Currently 100.0% through the range"
BAJAJHLDNG,Financial Services,Asset Management,6930.78,-0.17,4965.59,7318.58,39.58,5.3,57.51,6800.56,6480.07,29394.0,23008.0,0.78,Bullish,60.0,"Above 50 DMA, Above 200 DMA, Healthy RSI momentum, Near 52W high momentum",4.2,-0.34,8.18,-1.56,0.08,5.68,5.76,-0.42,2.5,28.0,"Positive 1M return, Positive 6M return, 1M Nifty outperformance",74.1,Neutral Range,78.73,6606.93,7136.93,8.02,61.1,80.0% of closes stayed inside the range | Range width 8.0% | Currently 61.1% through the range,10.98,9.12,,93.59,,,0.21,,,25.83,92.79,1727.65,1725.65,14.5501,,1.7617,1.39,0.154,128866.75,98.98,Financial Services,12.0,0.0,9.0,17.0,11.0,49.0,0.64,,,0.0,49.0,,49.32,0.0,,46.55,Neutral,"Above 50 DMA, Above 200 DMA, Healthy RSI momentum, Near 52W high momentum, Positive 1M return, Positive 6M return, 1M Nifty outperformance, 80.0% of closes stayed inside the range | Range width 8.0% | Currently 61.1% through the range"
INDHOTEL,Consumer Cyclical,Lodging,406.41,0.29,259.95,431.94,56.34,5.91,58.35,405.45,365.2,3233501.5,3025750.0,0.94,Bullish,65.0,"Above 50 DMA, Above 200 DMA, Healthy RSI momentum, Near 52W high momentum, Positive day move",-0.99,6.1,16.52,-1.56,0.08,5.68,0.57,6.02,10.84,20.0,"Positive 3M return, Positive 6M return",67.35,Profit Booking Zone,82.27,377.97,413.89,9.5,79.17,80.0% of closes stayed inside the range | Range width 9.5% | Currently 79.2% through the range,12.56,7.33,24.88,17.96,,,39.33,1.22,1.17,736.39,3139.01,1618.99,1129.65,48.0744,38.7458,7.8957,45.0,-0.154,103056.49,63.01,Consumer Discretionary,16.0,0.0,11.0,17.0,7.0,51.0,0.86,,,2.0,53.0,General low-debt support,44.22,0.0,,46.43,Neutral,"Above 50 DMA, Above 200 DMA, Healthy RSI momentum, Near 52W high momentum, Positive day move, Positive 3M return, Positive 6M return, 80.0% of closes stayed inside the range | Range width 9.5% | Currently 79.2% through the range"
BANKINDIA,Financial Services,Banks - Regional,98.13,4.27,40.78,103.97,140.65,5.62,61.44,93.01,76.19,12131349.0,21374622.0,1.76,Bullish,80.0,"Above 50 DMA, Above 200 DMA, Healthy RSI momentum, Near 52W high momentum, Volume expansion, Strong positive day move",1.23,23.09,40.65,-1.56,0.08,5.68,2.79,23.01,34.97,88.0,"Positive 1M return, Strong 3M absolute return, Strong 6M absolute return, 3M Nifty outperformance, 6M Nifty outperformance, Positive across 1M/3M/6M",22.89,Profit Booking Zone,83.65,65.98,98.04,48.58,100.0,80.8% of closes stayed inside the range | Range width 48.6% | Currently 100.0% through the range,6.35,0.46,,14.56,,,103.13,,,84683.28,62323.23,-7045.04,-7668.34,5.3869,5.6026,0.7284,3.25,0.777,66241.31,0.0,Banking,5.0,0.0,5.0,0.0,12.0,22.0,0.64,Cash covers debt,"Negative operating cash flow, Negative free cash flow",-5.0,17.0,Weak ROE for a leveraged-balance-sheet business,49.32,9.0,"Negative operating cash flow, Negative free cash flow",46.35,Neutral,"Above 50 DMA, Above 200 DMA, Healthy RSI momentum, Near 52W high momentum, Volume expansion, Strong positive day move, Cash covers debt, Positive 1M return, Strong 3M absolute return, Strong 6M absolute return, 3M Nifty outperformance, 6M Nifty outperformance, Positive across 1M/3M/6M, 80.8% of closes stayed inside the range | Range width 48.6% | Currently 100.0% through the range"
ULTRACEMCO,Basic Materials,Building Materials,8400.44,-0.38,5786.89,8471.65,45.16,0.84,61.97,8132.82,7632.67,279945.5,64412.0,0.23,Bullish,60.0,"Above 50 DMA, Above 200 DMA, Healthy RSI momentum, Near 52W high momentum",3.69,6.69,12.32,-1.56,0.08,5.68,5.25,6.61,6.64,48.0,"Positive 1M return, Positive 3M return, Positive 6M return, 1M Nifty outperformance, Positive across 1M/3M/6M",35.96,Profit Booking Zone,84.88,7805.07,8268.23,5.93,100.0,80.0% of closes stayed inside the range | Range width 5.9% | Currently 100.0% through the range,9.32,5.54,12.16,8.12,,,20.35,0.89,0.6,370.37,11057.74,9068.51,2868.4,41.0332,27.5174,4.5645,2.04,0.505,349797.12,58.4,Cement / Realty,10.0,0.0,7.0,17.0,9.0,43.0,0.86,,,2.0,45.0,General low-debt support,43.6,3.0,Low volume participation,46.29,Neutral,"Above 50 DMA, Above 200 DMA, Healthy RSI momentum, Near 52W high momentum, Positive 1M return, Positive 3M return, Positive 6M return, 1M Nifty outperformance, Positive across 1M/3M/6M, 80.0% of closes stayed inside the range | Range width 5.9% | Currently 100.0% through the range"
AXISBANK,Financial Services,Banks - Regional,1022.9,-0.37,705.29,1044.99,45.03,2.11,59.35,1000.05,930.52,6780273.4,5985481.0,0.88,Bullish,60.0,"Above 50 DMA, Above 200 DMA, Healthy RSI momentum, Near 52W high momentum",3.15,9.41,12.08,-1.56,0.08,5.68,4.71,9.33,6.4,38.0,"Positive 1M return, Positive 3M return, Positive 6M return, Positive across 1M/3M/6M",65.06,Profit Booking Zone,85.4,934.89,1018.46,8.94,100.0,80.8% of closes stayed inside the range | Range width 8.9% | Currently 100.0% through the range,8.34,0.8,,17.33,,,152.91,,,139272.13,198444.57,22074.78,20685.36,13.8498,9.7233,1.7142,8.0,0.416,382872.22,0.0,Banking,7.0,0.0,0.0,17.0,15.0,39.0,0.64,,,0.0,39.0,,49.32,0.0,,45.55,Neutral,"Above 50 DMA, Above 200 DMA, Healthy RSI momentum, Near 52W high momentum, Positive 1M return, Positive 3M return, Positive 6M return, Positive across 1M/3M/6M, 80.8% of closes stayed inside the range | Range width 8.9% | Currently 100.0% through the range"
APOLLOHOSP,Healthcare,Medical Care Facilities,5181.02,-1.1,3944.97,5313.49,31.33,2.49,61.2,4979.92,4721.13,445140.15,150128.0,0.34,Bullish,60.0,"Above 50 DMA, Above 200 DMA, Healthy RSI momentum, Near 52W high momentum",4.05,6.61,13.07,-1.56,0.08,5.68,5.61,6.53,7.39,48.0,"Positive 1M return, Positive 3M return, Positive 6M return, 1M Nifty outperformance, Positive across 1M/3M/6M",60.0,Profit Booking Zone,84.61,4782.73,5151.56,7.71,100.0,80.0% of closes stayed inside the range | Range width 7.7% | Currently 100.0% through the range,13.22,5.68,8.81,4.98,,,69.91,1.3,1.19,433.4,4332.4,1376.9,248.4,64.9369,40.1114,13.0391,23.0,0.201,123611.67,34.63,Pharma / Healthcare,6.0,0.0,8.0,17.0,5.0,36.0,0.86,,,2.0,38.0,General low-debt support,53.23,3.0,Low volume participation,45.28,Neutral,"Above 50 DMA, Above 200 DMA, Healthy RSI momentum, Near 52W high momentum, Positive 1M return, Positive 3M return, Positive 6M return, 1M Nifty outperformance, Positive across 1M/3M/6M, 80.0% of closes stayed inside the range | Range width 7.7% | Currently 100.0% through the range"
BPCL,Energy,Oil & Gas Refining & Marketing,164.83,0.79,121.3,167.56,35.89,1.63,74.8,150.25,149.51,9282036.3,4838906.0,0.52,Bullish,52.0,"Above 50 DMA, Above 200 DMA, Strong but overbought RSI, Near 52W high momentum, Positive day move",11.33,8.26,9.64,-1.56,0.08,5.68,12.89,8.18,3.96,55.0,"Strong 1M absolute return, Positive 3M return, Positive 6M return, 1M Nifty outperformance, Positive across 1M/3M/6M",57.14,Profit Booking Zone,82.44,146.66,162.72,10.95,100.0,80.0% of closes stayed inside the range | Range width 11.0% | Currently 100.0% through the range,3.98,1.13,1.59,0.46,,,129.62,0.75,0.24,2312.72,69376.03,12465.6,3916.98,7.9033,7.9415,1.3525,6.29,0.873,135440.94,12.75,Energy / Utilities,0.0,0.0,2.0,17.0,12.0,31.0,0.86,,,0.0,31.0,,49.74,0.0,,45.06,Neutral,"Above 50 DMA, Above 200 DMA, Strong but overbought RSI, Near 52W high momentum, Positive day move, Strong 1M absolute return, Positive 3M return, Positive 6M return, 1M Nifty outperformance, Positive across 1M/3M/6M, 80.0% of closes stayed inside the range | Range width 11.0% | Currently 100.0% through the range"
APLAPOLLO,Basic Materials,Steel,1664.28,1.33,928.18,1786.88,79.31,6.86,56.8,1631.86,1362.58,861604.75,974347.0,1.13,Bullish,70.0,"Above 50 DMA, Above 200 DMA, Healthy RSI momentum, Near 52W high momentum, Normal volume support, Positive day move",-2.08,8.36,45.96,-1.56,0.08,5.68,-0.52,8.28,40.28,45.0,"Positive 3M return, Strong 6M absolute return, 6M Nifty outperformance",38.6,Profit Booking Zone,80.84,1186.63,1687.57,42.22,95.35,80.0% of closes stayed inside the range | Range width 42.2% | Currently 95.4% through the range,21.36,10.97,5.65,4.09,,,29.05,1.17,0.49,122.69,873.01,691.26,-170.79,45.1016,31.4255,10.471,29.0,0.301,55451.16,15.61,Metals / Mining,10.0,0.0,9.0,9.0,7.0,35.0,0.86,Strong ROE,Negative free cash flow,4.0,39.0,"General quality ROE, General low-debt support",43.6,4.0,Negative free cash flow,44.94,Weak,"Above 50 DMA, Above 200 DMA, Healthy RSI momentum, Near 52W high momentum, Normal volume support, Positive day move, Strong ROE, Positive 3M return, Strong 6M absolute return, 6M Nifty outperformance, 80.0% of closes stayed inside the range | Range width 42.2% | Currently 95.4% through the range"
SRF,Industrials,Conglomerates,2315.4,-0.61,2017.83,2829.27,14.75,18.16,60.49,2270.53,2302.27,366275.0,106449.0,0.29,Bullish,55.0,"Above 50 DMA, Above 200 DMA, Healthy RSI momentum, Near 52W low zone",3.61,1.8,-7.51,-1.56,0.08,5.68,5.17,1.72,-13.19,28.0,"Positive 1M return, Positive 3M return, 1M Nifty outperformance",72.22,Neutral Range,76.06,2160.66,2440.7,12.96,55.26,80.0% of closes stayed inside the range | Range width 13.0% | Currently 55.3% through the range,20.94,11.53,21.0,14.82,,,43.36,1.17,0.71,607.98,4477.53,2901.71,35.96,35.4158,28.5908,5.4566,39.0,0.132,76620.96,48.32,Capital Goods / Infra,20.0,0.0,9.0,17.0,9.0,55.0,0.86,Strong ROE,,0.0,55.0,,50.01,3.0,Low volume participation,44.5,Weak,"Above 50 DMA, Above 200 DMA, Healthy RSI momentum, Near 52W low zone, Strong ROE, Positive 1M return, Positive 3M return, 1M Nifty outperformance, 80.0% of closes stayed inside the range | Range width 13.0% | Currently 55.3% through the range"
TATAPOWER,Utilities,Utilities - Independent Power Producers,252.8,2.25,177.68,271.93,42.28,7.03,58.98,249.93,218.96,7996958.6,10251490.0,1.28,Bullish,75.0,"Above 50 DMA, Above 200 DMA, Healthy RSI momentum, Near 52W high momentum, Normal volume support, Strong positive day move",1.16,8.83,24.64,-1.56,0.08,5.68,2.72,8.75,18.96,53.0,"Positive 1M return, Positive 3M return, Positive 6M return, 6M Nifty outperformance, Positive across 1M/3M/6M",58.82,Profit Booking Zone,85.03,213.8,255.47,19.49,93.6,80.0% of closes stayed inside the range | Range width 19.5% | Currently 93.6% through the range,11.59,2.6,8.13,6.17,,,183.84,0.71,0.62,4189.76,52923.09,7165.59,-490.42,31.5945,22.6373,3.0714,66.0,0.342,121247.16,35.71,Energy / Utilities,5.0,0.0,0.0,9.0,11.0,25.0,0.86,,Negative free cash flow,0.0,25.0,,50.38,4.0,Negative free cash flow,44.31,Weak,"Above 50 DMA, Above 200 DMA, Healthy RSI momentum, Near 52W high momentum, Normal volume support, Strong positive day move, Positive 1M return, Positive 3M return, Positive 6M return, 6M Nifty outperformance, Positive across 1M/3M/6M, 80.0% of closes stayed inside the range | Range width 19.5% | Currently 93.6% through the range"
SONACOMS,Consumer Cyclical,Auto Parts,550.26,-0.94,388.88,615.12,41.5,10.54,51.97,557.99,507.01,1255902.4,738903.0,0.59,Bearish,45.0,"Above 200 DMA, Healthy RSI momentum, Near 52W high momentum",-0.03,0.77,2.75,-1.56,0.08,5.68,1.53,0.69,-2.93,20.0,"Positive 3M return, Positive 6M return",67.35,Neutral Range,74.25,506.78,580.68,14.58,58.84,80.0% of closes stayed inside the range | Range width 14.6% | Currently 58.8% through the range,17.26,12.92,19.36,15.39,,,12.89,2.37,1.78,44.11,295.19,533.29,198.05,71.4476,47.8131,8.3617,45.0,0.449,50164.83,49.92,Automobile,19.0,0.0,17.0,17.0,5.0,58.0,0.86,,,2.0,60.0,General low-debt support,44.22,0.0,,43.88,Weak,"Above 200 DMA, Healthy RSI momentum, Near 52W high momentum, Positive 3M return, Positive 6M return, 80.0% of closes stayed inside the range | Range width 14.6% | Currently 58.8% through the range"
DRREDDY,Healthcare,Drug Manufacturers - Specialty & Generic,1064.05,-0.09,778.62,1175.93,36.66,9.51,47.27,1083.51,983.3,2005641.5,855910.0,0.43,Bearish,27.0,"Above 200 DMA, RSI recovering",-0.74,-6.92,20.88,-1.56,0.08,5.68,0.82,-7.0,15.2,25.0,"Positive 6M return, 6M Nifty outperformance",71.25,Neutral Range,70.37,908.76,1135.4,24.94,68.52,80.0% of closes stayed inside the range | Range width 24.9% | Currently 68.5% through the range,19.51,14.0,24.02,18.33,,,5.83,2.38,1.81,577.9,1347.2,5887.5,4000.9,30.1735,20.2046,2.607,66.0,0.242,99960.01,50.18,Pharma / Healthcare,22.0,0.0,17.0,17.0,13.0,69.0,0.86,Strong ROE,,4.0,73.0,"General quality ROE, General low-debt support",53.23,3.0,Low volume participation,43.53,Weak,"Above 200 DMA, RSI recovering, Strong ROE, Positive 6M return, 6M Nifty outperformance, 80.0% of closes stayed inside the range | Range width 24.9% | Currently 68.5% through the range"
KPRMILL,Consumer Cyclical,Textile Manufacturing,750.31,-1.15,468.75,830.21,60.07,9.62,44.3,754.65,636.29,376913.4,92759.0,0.25,Bearish,23.0,"Above 200 DMA, Weak but watchable RSI",1.49,14.22,32.76,-1.56,0.08,5.68,3.05,14.14,27.08,78.0,"Positive 1M return, Positive 3M return, Strong 6M absolute return, 3M Nifty outperformance, 6M Nifty outperformance, Positive across 1M/3M/6M",23.47,Profit Booking Zone,71.09,609.7,781.0,28.1,82.08,80.0% of closes stayed inside the range | Range width 28.1% | Currently 82.1% through the range,21.96,14.54,18.68,13.66,,,36.37,2.25,0.81,108.58,1348.09,298.68,-80.34,40.8671,29.9392,6.5314,46.0,0.283,37290.43,37.35,Consumer Discretionary,21.0,0.0,12.0,9.0,7.0,49.0,0.86,Strong ROE,Negative free cash flow,4.0,53.0,"General quality ROE, General low-debt support",44.22,7.0,"Low volume participation, Negative free cash flow",43.43,Weak,"Above 200 DMA, Weak but watchable RSI, Strong ROE, Positive 1M return, Positive 3M return, Strong 6M absolute return, 3M Nifty outperformance, 6M Nifty outperformance, Positive across 1M/3M/6M, 80.0% of closes stayed inside the range | Range width 28.1% | Currently 82.1% through the range"
RADICO,Consumer Defensive,Beverages - Wineries & Distilleries,1398.21,0.83,920.13,1466.38,51.96,4.65,71.34,1238.04,1206.12,324764.3,144436.0,0.44,Bullish,52.0,"Above 50 DMA, Above 200 DMA, Strong but overbought RSI, Near 52W high momentum, Positive day move",12.1,5.23,27.39,-1.56,0.08,5.68,13.66,5.15,21.71,70.0,"Strong 1M absolute return, Positive 3M return, Positive 6M return, 1M Nifty outperformance, 6M Nifty outperformance, Positive across 1M/3M/6M",31.82,Profit Booking Zone,81.51,1176.6,1378.71,17.18,100.0,80.0% of closes stayed inside the range | Range width 17.2% | Currently 100.0% through the range,9.98,5.92,9.12,7.1,,,34.13,1.7,1.05,122.07,753.64,238.65,-495.03,86.2115,56.8584,18.3055,15.0,0.244,60734.22,43.35,FMCG / Consumer,7.0,0.0,13.0,9.0,5.0,34.0,0.86,,"Negative free cash flow, Very high PE",3.0,37.0,"Low debt, typical of a healthy consumer business",46.48,7.0,"Low volume participation, Negative free cash flow",43.42,Weak,"Above 50 DMA, Above 200 DMA, Strong but overbought RSI, Near 52W high momentum, Positive day move, Strong 1M absolute return, Positive 3M return, Positive 6M return, 1M Nifty outperformance, 6M Nifty outperformance, Positive across 1M/3M/6M, 80.0% of closes stayed inside the range | Range width 17.2% | Currently 100.0% through the range"
MAZDOCK,Industrials,Aerospace & Defense,965.62,-0.29,144.32,1209.28,569.09,20.15,46.27,1011.28,643.31,2495022.6,652382.0,0.26,Bearish,27.0,"Above 200 DMA, RSI recovering",-8.09,13.94,163.29,-1.56,0.08,5.68,-6.53,13.86,157.61,60.0,"Positive 3M return, Strong 6M absolute return, 3M Nifty outperformance, 6M Nifty outperformance",47.53,Profit Booking Zone,61.33,500.77,1059.09,111.49,83.26,80.0% of closes stayed inside the range | Range width 111.5% | Currently 83.3% through the range,23.51,3.8,9.59,14.76,,,0.13,1.08,0.78,1868.42,6.04,1515.6,1380.03,38.4627,32.1624,10.5529,82.0,0.624,102942.58,32.58,Capital Goods / Infra,11.0,0.0,14.0,17.0,7.0,49.0,0.86,"Strong ROE, Cash covers debt",,0.0,49.0,,50.01,3.0,Low volume participation,43.4,Weak,"Above 200 DMA, RSI recovering, Strong ROE, Cash covers debt, Positive 3M return, Strong 6M absolute return, 3M Nifty outperformance, 6M Nifty outperformance, 80.0% of closes stayed inside the range | Range width 111.5% | Currently 83.3% through the range"
OFSS,Technology,Software - Infrastructure,3595.43,-0.52,2435.42,4072.21,47.63,11.71,48.45,3686.56,3246.03,59144.15,17715.0,0.3,Bearish,27.0,"Above 200 DMA, RSI recovering",-2.49,1.01,13.07,-1.56,0.08,5.68,-0.93,0.93,7.39,20.0,"Positive 3M return, Positive 6M return",75.76,Neutral Range,71.31,3251.92,3773.43,16.04,65.87,80.0% of closes stayed inside the range | Range width 16.0% | Currently 65.9% through the range,24.21,19.47,42.4,31.7,,,0.93,6.55,,2036.27,69.4,1758.41,1720.29,30.3951,25.7616,14.6798,5.59,0.496,101695.49,58.6,IT / Technology,23.0,0.0,17.0,17.0,9.0,66.0,0.79,"Strong ROE, Cash covers debt",,10.0,76.0,"Strong ROE for an asset-light business, Strong operating margin",49.67,3.0,Low volume participation,42.8,Weak,"Above 200 DMA, RSI recovering, Strong ROE, Cash covers debt, Positive 3M return, Positive 6M return, 80.0% of closes stayed inside the range | Range width 16.0% | Currently 65.9% through the range"
TITAN,Consumer Cyclical,Luxury Goods,3233.73,0.26,2240.77,3320.15,44.31,2.6,54.19,3197.87,2822.9,821988.8,275538.0,0.34,Bullish,65.0,"Above 50 DMA, Above 200 DMA, Healthy RSI momentum, Near 52W high momentum, Positive day move",-0.58,8.2,17.84,-1.56,0.08,5.68,0.98,8.12,12.16,20.0,"Positive 3M return, Positive 6M return",67.35,Profit Booking Zone,83.99,2840.39,3251.66,14.48,95.64,80.0% of closes stayed inside the range | Range width 14.5% | Currently 95.6% through the range,27.42,12.03,11.08,8.04,,,79.04,1.69,0.44,232.0,9367.0,1370.0,938.0,78.2896,58.2409,28.8278,29.0,0.18,452440.57,20.47,Consumer Discretionary,19.0,0.0,8.0,17.0,5.0,49.0,0.86,Strong ROE,,2.0,51.0,General quality ROE,44.22,3.0,Low volume participation,42.73,Weak,"Above 50 DMA, Above 200 DMA, Healthy RSI momentum, Near 52W high momentum, Positive day move, Strong ROE, Positive 3M return, Positive 6M return, 80.0% of closes stayed inside the range | Range width 14.5% | Currently 95.6% through the range"
IRCTC,Consumer Cyclical,Travel Services,650.4,-0.22,538.33,744.72,20.82,12.66,47.19,665.91,620.39,1246767.25,517232.0,0.41,Bearish,32.0,"Above 200 DMA, RSI recovering, Near 52W low zone",-4.71,1.6,6.44,-1.56,0.08,5.68,-3.15,1.52,0.76,20.0,"Positive 3M return, Positive 6M return",67.35,Neutral Range,71.97,602.09,681.98,13.27,60.47,80.0% of closes stayed inside the range | Range width 13.3% | Currently 60.5% through the range,40.59,19.77,35.31,28.41,,,3.4,1.82,1.82,428.85,84.16,811.73,744.18,29.5824,22.5736,9.5354,1.84,0.171,41084.0,36.63,Consumer Discretionary,25.0,0.0,19.0,17.0,8.0,69.0,0.86,"Strong ROE, Cash covers debt",,4.0,73.0,"General quality ROE, General low-debt support",44.22,3.0,Low volume participation,42.18,Weak,"Above 200 DMA, RSI recovering, Near 52W low zone, Strong ROE, Cash covers debt, Positive 3M return, Positive 6M return, 80.0% of closes stayed inside the range | Range width 13.3% | Currently 60.5% through the range"
NHPC,Utilities,Utilities - Renewable,48.82,1.07,29.88,53.22,63.37,8.27,56.09,48.71,42.83,15303058.3,14637354.0,0.96,Bullish,65.0,"Above 50 DMA, Above 200 DMA, Healthy RSI momentum, Near 52W high momentum, Positive day move",-0.57,4.93,19.73,-1.56,0.08,5.68,0.99,4.85,14.05,20.0,"Positive 3M return, Positive 6M return",70.59,Profit Booking Zone,82.7,41.32,49.45,19.66,92.22,80.0% of closes stayed inside the range | Range width 19.7% | Currently 92.2% through the range,10.56,4.58,50.09,37.25,,,79.93,1.55,1.53,1034.19,29539.84,4704.64,-270.85,28.1502,12.0078,1.8676,2.09,0.191,77196.09,93.4,Energy / Utilities,14.0,0.0,11.0,9.0,13.0,47.0,0.86,,Negative free cash flow,0.0,47.0,,50.38,4.0,Negative free cash flow,41.26,Weak,"Above 50 DMA, Above 200 DMA, Healthy RSI momentum, Near 52W high momentum, Positive day move, Positive 3M return, Positive 6M return, 80.0% of closes stayed inside the range | Range width 19.7% | Currently 92.2% through the range"
MARUTI,Consumer Cyclical,Auto Manufacturers,10089.47,0.09,7763.06,10522.81,29.97,4.12,49.87,10126.13,9101.2,442764.75,261891.0,0.59,Bearish,32.0,"Above 200 DMA, RSI recovering, Positive day move",-3.07,11.13,14.0,-1.56,0.08,5.68,-1.51,11.05,8.32,35.0,"Positive 3M return, Positive 6M return, 3M Nifty outperformance",52.04,Profit Booking Zone,75.93,9078.48,10247.4,12.88,86.49,80.0% of closes stayed inside the range | Range width 12.9% | Currently 86.5% through the range,11.08,8.23,7.26,7.26,,,1.67,0.69,0.45,1785.2,1247.6,10814.6,2749.8,30.423,22.9458,4.071,100.0,0.239,436233.54,26.35,Automobile,9.0,0.0,12.0,17.0,11.0,49.0,0.86,Cash covers debt,,2.0,51.0,General low-debt support,44.22,0.0,,41.23,Weak,"Above 200 DMA, RSI recovering, Positive day move, Cash covers debt, Positive 3M return, Positive 6M return, 3M Nifty outperformance, 80.0% of closes stayed inside the range | Range width 12.9% | Currently 86.5% through the range"
DIVISLAB,Healthcare,Drug Manufacturers - Specialty & Generic,3458.51,0.48,2668.41,3845.93,29.61,10.07,47.6,3574.41,3317.57,454654.7,235202.0,0.52,Bearish,32.0,"Above 200 DMA, RSI recovering, Positive day move",-6.03,-4.6,7.99,-1.56,0.08,5.68,-4.47,-4.68,2.31,10.0,Positive 6M return,91.25,Accumulation Zone,74.19,3365.51,3695.56,9.81,28.18,80.0% of closes stayed inside the range | Range width 9.8% | Currently 28.2% through the range,14.29,12.63,26.44,23.8,,,0.03,8.46,5.73,170.0,4.0,2459.0,1986.0,88.4956,57.207,13.6211,35.0,0.22,228302.97,61.24,Pharma / Healthcare,21.0,0.0,20.0,17.0,5.0,63.0,0.86,Cash covers debt,Very high PE,2.0,65.0,General low-debt support,53.23,0.0,,41.23,Weak,"Above 200 DMA, RSI recovering, Positive day move, Cash covers debt, Positive 6M return, 80.0% of closes stayed inside the range | Range width 9.8% | Currently 28.2% through the range"
UNOMINDA,Consumer Cyclical,Auto Parts,624.84,-0.56,431.26,655.22,44.89,4.64,67.17,598.04,550.19,501047.8,353585.0,0.71,Bullish,60.0,"Above 50 DMA, Above 200 DMA, Healthy RSI momentum, Near 52W high momentum",4.81,6.67,12.0,-1.56,0.08,5.68,6.37,6.59,6.32,48.0,"Positive 1M return, Positive 3M return, Positive 6M return, 1M Nifty outperformance, Positive across 1M/3M/6M",40.82,Profit Booking Zone,83.97,553.1,619.28,11.97,100.0,80.0% of closes stayed inside the range | Range width 12.0% | Currently 100.0% through the range,15.73,7.87,7.4,5.9,,,33.57,1.39,0.87,121.36,1395.3,802.64,-171.87,59.307,38.9381,10.4196,21.0,0.289,71167.06,34.04,Automobile,6.0,0.0,9.0,9.0,7.0,31.0,0.86,,Negative free cash flow,2.0,33.0,General low-debt support,44.22,4.0,Negative free cash flow,41.18,Weak,"Above 50 DMA, Above 200 DMA, Healthy RSI momentum, Near 52W high momentum, Positive 1M return, Positive 3M return, Positive 6M return, 1M Nifty outperformance, Positive across 1M/3M/6M, 80.0% of closes stayed inside the range | Range width 12.0% | Currently 100.0% through the range"
GLAND,Healthcare,Drug Manufacturers - Specialty & Generic,1582.34,-0.08,838.01,2537.39,88.82,37.64,55.44,1588.2,1308.01,360964.9,66266.0,0.18,Bearish,35.0,"Above 200 DMA, Healthy RSI momentum",0.22,-1.35,18.62,-1.56,0.08,5.68,1.78,-1.43,12.94,18.0,"Positive 1M return, Positive 6M return",80.0,Profit Booking Zone,67.72,925.57,1640.29,77.22,91.89,80.0% of closes stayed inside the range | Range width 77.2% | Currently 91.9% through the range,9.81,8.9,24.22,21.74,,,0.06,9.46,6.8,1908.89,4.45,363.97,140.85,42.2505,29.9428,4.5988,77.0,0.566,47695.16,59.05,Pharma / Healthcare,17.0,0.0,20.0,17.0,9.0,63.0,0.86,Cash covers debt,,2.0,65.0,General low-debt support,53.23,3.0,Low volume participation,40.98,Weak,"Above 200 DMA, Healthy RSI momentum, Cash covers debt, Positive 1M return, Positive 6M return, 80.0% of closes stayed inside the range | Range width 77.2% | Currently 91.9% through the range"
NAUKRI,Communication Services,Internet Content & Information,889.23,0.04,650.59,982.19,36.68,9.46,68.14,844.79,801.17,1267404.0,559960.0,0.44,Bullish,65.0,"Above 50 DMA, Above 200 DMA, Healthy RSI momentum, Near 52W high momentum, Positive day move",9.07,1.16,13.75,-1.56,0.08,5.68,10.63,1.08,8.07,48.0,"Positive 1M return, Positive 3M return, Positive 6M return, 1M Nifty outperformance, Positive across 1M/3M/6M",42.86,Profit Booking Zone,81.86,807.0,910.11,12.78,79.75,80.0% of closes stayed inside the range | Range width 12.8% | Currently 79.8% through the range,-0.8,-0.64,21.59,-4.58,,,0.8,2.74,,361.3,107.65,512.42,453.95,54.3867,57.9013,2.2877,1.06,0.288,86732.07,56.39,Telecom,5.0,0.0,17.0,17.0,7.0,46.0,0.79,Cash covers debt,Negative net margin,2.0,48.0,General low-debt support,45.11,11.0,"Low volume participation, Negative net margin",40.82,Weak,"Above 50 DMA, Above 200 DMA, Healthy RSI momentum, Near 52W high momentum, Positive day move, Cash covers debt, Positive 1M return, Positive 3M return, Positive 6M return, 1M Nifty outperformance, Positive across 1M/3M/6M, 80.0% of closes stayed inside the range | Range width 12.8% | Currently 79.8% through the range"
DMART,Consumer Defensive,Discount Stores,3798.45,0.0,3292.0,4609.0,15.38,17.59,59.72,3748.67,3615.92,339402.7,166502.0,0.49,Bullish,60.0,"Above 50 DMA, Above 200 DMA, Healthy RSI momentum, Near 52W low zone, Positive day move",-3.49,7.0,7.81,-1.56,0.08,5.68,-1.93,6.92,2.13,20.0,"Positive 3M return, Positive 6M return",72.73,Profit Booking Zone,81.5,3531.22,3861.62,9.36,80.88,80.0% of closes stayed inside the range | Range width 9.4% | Currently 80.9% through the range,14.79,13.14,7.02,5.57,,,4.0,3.71,1.5,207.15,642.98,2630.27,418.32,85.8843,58.628,10.7462,,0.228,263507.36,15.19,General,9.0,0.0,17.0,17.0,3.0,46.0,0.79,,Very high PE,2.0,48.0,General low-debt support,46.48,3.0,Low volume participation,40.77,Weak,"Above 50 DMA, Above 200 DMA, Healthy RSI momentum, Near 52W low zone, Positive day move, Positive 3M return, Positive 6M return, 80.0% of closes stayed inside the range | Range width 9.4% | Currently 80.9% through the range"
LTTS,Technology,Information Technology Services,4114.0,-0.41,3071.35,4675.34,33.95,12.01,41.38,4334.91,3806.59,157555.0,52126.0,0.33,Bearish,23.0,"Above 200 DMA, Weak but watchable RSI",-9.53,0.56,11.73,-1.56,0.08,5.68,-7.97,0.48,6.05,20.0,"Positive 3M return, Positive 6M return",75.76,Neutral Range,67.73,3698.63,4484.76,21.25,52.84,80.0% of closes stayed inside the range | Range width 21.3% | Currently 52.8% through the range,27.33,14.79,17.54,13.75,,,10.24,1.93,1.93,534.6,454.2,1313.0,1131.5,29.6906,22.045,5.8609,1.59,0.154,37964.09,40.76,IT / Technology,21.0,0.0,19.0,17.0,10.0,67.0,0.86,"Strong ROE, Cash covers debt",,5.0,72.0,Strong ROE for an asset-light business,49.67,3.0,Low volume participation,40.4,Weak,"Above 200 DMA, Weak but watchable RSI, Strong ROE, Cash covers debt, Positive 3M return, Positive 6M return, 80.0% of closes stayed inside the range | Range width 21.3% | Currently 52.8% through the range"
BALKRISIND,Consumer Cyclical,Auto Parts,2529.86,0.27,1750.0,2591.25,44.56,2.37,53.04,2482.42,2254.45,297498.3,177737.0,0.6,Bullish,65.0,"Above 50 DMA, Above 200 DMA, Healthy RSI momentum, Near 52W high momentum, Positive day move",-0.3,9.62,17.3,-1.56,0.08,5.68,1.26,9.54,11.62,20.0,"Positive 3M return, Positive 6M return",67.35,Profit Booking Zone,85.1,2269.69,2529.15,11.43,100.0,80.0% of closes stayed inside the range | Range width 11.4% | Currently 100.0% through the range,13.99,8.56,11.86,10.96,,,44.28,1.17,0.67,69.3,3346.53,1447.93,-314.54,34.3358,24.8272,4.406,75.0,0.321,48269.36,50.17,Automobile,14.0,0.0,9.0,9.0,11.0,43.0,0.86,,Negative free cash flow,2.0,45.0,General low-debt support,44.22,4.0,Negative free cash flow,39.63,Weak,"Above 50 DMA, Above 200 DMA, Healthy RSI momentum, Near 52W high momentum, Positive day move, Positive 3M return, Positive 6M return, 80.0% of closes stayed inside the range | Range width 11.4% | Currently 100.0% through the range"
GODFRYPHLP,Consumer Defensive,Tobacco,667.18,0.34,328.0,769.06,103.41,13.25,43.85,685.51,598.5,395807.25,116691.0,0.29,Bearish,28.0,"Above 200 DMA, Weak but watchable RSI, Positive day move",-5.72,-2.84,24.63,-1.56,0.08,5.68,-4.16,-2.92,18.95,25.0,"Positive 6M return, 6M Nifty outperformance",63.64,Profit Booking Zone,71.01,520.17,701.14,34.79,81.24,80.0% of closes stayed inside the range | Range width 34.8% | Currently 81.2% through the range,19.46,13.9,18.77,19.56,,,9.97,1.37,0.47,15.73,353.76,735.92,649.23,25.0856,19.6164,5.5211,2.25,0.33,34300.39,43.61,FMCG / Consumer,22.0,0.0,11.0,17.0,11.0,61.0,0.86,Strong ROE,,3.0,64.0,"Low debt, typical of a healthy consumer business",46.48,3.0,Low volume participation,39.62,Weak,"Above 200 DMA, Weak but watchable RSI, Positive day move, Strong ROE, Positive 6M return, 6M Nifty outperformance, 80.0% of closes stayed inside the range | Range width 34.8% | Currently 81.2% through the range"
DIXON,Technology,Consumer Electronics,5229.6,-0.78,2549.37,5602.6,105.13,6.66,48.53,5189.79,3968.25,439273.65,127499.0,0.29,Bullish,42.0,"Above 50 DMA, Above 200 DMA, RSI recovering",-1.99,9.55,78.26,-1.56,0.08,5.68,-0.43,9.47,72.58,45.0,"Positive 3M return, Strong 6M absolute return, 6M Nifty outperformance",48.48,Profit Booking Zone,76.27,4005.72,5304.01,32.41,94.27,80.0% of closes stayed inside the range | Range width 32.4% | Currently 94.3% through the range,19.89,5.46,3.35,2.1,,,35.26,1.07,0.74,214.56,453.09,725.75,264.55,40.4977,49.0426,15.3722,6.0,-0.156,83906.61,6.87,IT / Technology,8.0,0.0,9.0,17.0,4.0,38.0,0.86,Strong ROE,,0.0,38.0,,49.67,3.0,Low volume participation,39.5,Weak,"Above 50 DMA, Above 200 DMA, RSI recovering, Strong ROE, Positive 3M return, Strong 6M absolute return, 6M Nifty outperformance, 80.0% of closes stayed inside the range | Range width 32.4% | Currently 94.3% through the range"
MPHASIS,Technology,Information Technology Services,2010.74,-2.31,1511.01,2385.14,33.07,15.7,37.36,2196.28,1933.33,488115.6,616964.0,1.26,Bearish,28.0,"Above 200 DMA, Weak but watchable RSI, Normal volume support",-9.46,-7.65,18.45,-1.56,0.08,5.68,-7.9,-7.73,12.77,10.0,Positive 6M return,87.88,Neutral Range,66.39,1714.65,2313.25,34.91,49.46,80.0% of closes stayed inside the range | Range width 34.9% | Currently 49.5% through the range,20.64,14.11,15.28,11.87,,,13.27,2.13,,1044.11,1052.77,1461.77,1348.62,25.3152,20.0133,4.2716,2.45,0.485,48421.74,44.45,IT / Technology,17.0,0.0,14.0,17.0,11.0,59.0,0.79,Strong ROE,,5.0,64.0,Strong ROE for an asset-light business,49.67,0.0,,39.35,Weak,"Above 200 DMA, Weak but watchable RSI, Normal volume support, Strong ROE, Positive 6M return, 80.0% of closes stayed inside the range | Range width 34.9% | Currently 49.5% through the range"
IOB,Financial Services,Banks - Regional,41.35,5.08,16.8,51.1,146.13,19.08,53.86,40.42,29.32,47625942.2,45611865.0,0.96,Bullish,60.0,"Above 50 DMA, Above 200 DMA, Healthy RSI momentum, Strong positive day move",-4.39,35.35,66.4,-1.56,0.08,5.68,-2.83,35.27,60.72,70.0,"Strong 3M absolute return, Strong 6M absolute return, 3M Nifty outperformance, 6M Nifty outperformance",36.75,Profit Booking Zone,72.18,24.29,44.3,82.34,85.25,80.8% of closes stayed inside the range | Range width 82.3% | Currently 85.3% through the range,8.46,0.67,,17.0,,,83.63,,,20820.57,20803.77,-13654.68,-14237.04,11.4712,37.6,1.6756,,0.253,65164.3,0.0,Banking,7.0,0.0,7.0,0.0,10.0,24.0,0.57,Cash covers debt,"Negative operating cash flow, Negative free cash flow",0.0,24.0,,49.32,9.0,"Negative operating cash flow, Negative free cash flow",39.3,Weak,"Above 50 DMA, Above 200 DMA, Healthy RSI momentum, Strong positive day move, Cash covers debt, Strong 3M absolute return, Strong 6M absolute return, 3M Nifty outperformance, 6M Nifty outperformance, 80.8% of closes stayed inside the range | Range width 82.3% | Currently 85.3% through the range"
COROMANDEL,Basic Materials,Agricultural Inputs,1094.35,1.28,814.36,1166.37,34.38,6.17,52.39,1101.9,970.47,322521.1,148581.0,0.46,Bearish,50.0,"Above 200 DMA, Healthy RSI momentum, Near 52W high momentum, Positive day move",-3.35,4.36,16.44,-1.56,0.08,5.68,-1.79,4.28,10.76,20.0,"Positive 3M return, Positive 6M return",54.39,Profit Booking Zone,77.8,919.15,1128.57,22.78,83.66,80.0% of closes stayed inside the range | Range width 22.8% | Currently 83.7% through the range,25.46,14.14,19.28,13.33,,,4.96,1.75,0.99,1393.75,392.58,590.97,-14.27,33.365,21.4553,4.8621,53.0,0.143,61057.99,23.99,General,23.0,0.0,16.0,9.0,11.0,59.0,0.86,"Strong ROE, Cash covers debt",Negative free cash flow,4.0,63.0,"General quality ROE, General low-debt support",43.6,7.0,"Low volume participation, Negative free cash flow",39.09,Weak,"Above 200 DMA, Healthy RSI momentum, Near 52W high momentum, Positive day move, Strong ROE, Cash covers debt, Positive 3M return, Positive 6M return, 80.0% of closes stayed inside the range | Range width 22.8% | Currently 83.7% through the range"
YESBANK,Financial Services,Banks - Regional,19.4,6.01,14.4,24.75,34.72,21.62,79.07,17.31,16.65,178424846.65,493509056.0,2.77,Bullish,62.0,"Above 50 DMA, Above 200 DMA, Strong but overbought RSI, Strong volume expansion, Strong positive day move",13.45,13.78,22.4,-1.56,0.08,5.68,15.01,13.7,16.72,85.0,"Strong 1M absolute return, Positive 3M return, Positive 6M return, 1M Nifty outperformance, 3M Nifty outperformance, 6M Nifty outperformance, Positive across 1M/3M/6M",28.92,Breakout Watch,87.23,16.0,18.0,12.5,100.0,82.5% of closes stayed inside the range | Range width 12.5% | Currently 100.0% through the range | Above upper band on elevated volume,1.81,0.21,,7.85,,,174.41,,,50265.57,71016.98,-25816.26,-26607.85,19.15,12.6515,1.4297,,0.485,72129.13,0.0,Banking,3.0,0.0,0.0,0.0,13.0,16.0,0.57,,"Negative operating cash flow, Negative free cash flow",-5.0,11.0,Weak ROE for a leveraged-balance-sheet business,49.32,9.0,"Negative operating cash flow, Negative free cash flow",39.0,Weak,"Above 50 DMA, Above 200 DMA, Strong but overbought RSI, Strong volume expansion, Strong positive day move, Strong 1M absolute return, Positive 3M return, Positive 6M return, 1M Nifty outperformance, 3M Nifty outperformance, 6M Nifty outperformance, Positive across 1M/3M/6M, 82.5% of closes stayed inside the range | Range width 12.5% | Currently 100.0% through the range | Above upper band on elevated volume"
ASIANPAINT,Basic Materials,Specialty Chemicals,2992.24,0.3,2582.85,3454.02,15.85,13.37,51.85,3048.69,2975.89,822639.55,405941.0,0.49,Bearish,55.0,"Above 200 DMA, Healthy RSI momentum, Near 52W high momentum, Near 52W low zone, Positive day move",-1.84,-2.96,-0.65,-1.56,0.08,5.68,-0.28,-3.04,-6.33,0.0,,91.23,Accumulation Zone,82.76,2983.29,3282.56,10.03,2.99,80.0% of closes stayed inside the range | Range width 10.0% | Currently 3.0% through the range,25.68,15.92,15.95,11.94,,,12.08,2.09,1.31,523.1,1932.62,4193.43,2747.82,55.0311,45.2244,12.2976,1.01,0.289,262668.52,43.53,Chemicals,19.0,0.0,16.0,17.0,6.0,58.0,0.86,Strong ROE,,4.0,62.0,"General quality ROE, General low-debt support",43.6,3.0,Low volume participation,38.99,Weak,"Above 200 DMA, Healthy RSI momentum, Near 52W high momentum, Near 52W low zone, Positive day move, Strong ROE, 80.0% of closes stayed inside the range | Range width 10.0% | Currently 3.0% through the range"
SUNDARMFIN,Financial Services,Credit Services,3141.85,0.95,1910.96,3343.02,64.41,6.02,53.51,2980.24,2528.86,52862.85,35052.0,0.66,Bullish,65.0,"Above 50 DMA, Above 200 DMA, Healthy RSI momentum, Near 52W high momentum, Positive day move",0.88,23.68,35.28,-1.56,0.08,5.68,2.44,23.6,29.6,88.0,"Positive 1M return, Strong 3M absolute return, Strong 6M absolute return, 3M Nifty outperformance, 6M Nifty outperformance, Positive across 1M/3M/6M",22.89,Profit Booking Zone,82.79,2476.89,3141.89,26.85,99.99,80.0% of closes stayed inside the range | Range width 26.8% | Currently 100.0% through the range,13.38,2.37,,44.97,,,362.77,,,436.95,35985.69,-6504.29,-6529.64,22.2038,20.2032,3.3371,90.0,0.186,49304.73,89.16,Financial Services,10.0,0.0,0.0,0.0,11.0,21.0,0.64,,"Very high debt, Negative operating cash flow, Negative free cash flow",6.0,27.0,High leverage is structural for this sector,49.32,17.0,"Very high debt, Negative operating cash flow, Negative free cash flow",38.1,Weak,"Above 50 DMA, Above 200 DMA, Healthy RSI momentum, Near 52W high momentum, Positive day move, Positive 1M return, Strong 3M absolute return, Strong 6M absolute return, 3M Nifty outperformance, 6M Nifty outperformance, Positive across 1M/3M/6M, 80.0% of closes stayed inside the range | Range width 26.8% | Currently 100.0% through the range"
SBIN,Financial Services,Banks - Regional,550.58,0.32,463.91,588.99,18.68,6.52,55.03,550.13,533.72,12415554.5,11282362.0,0.91,Bullish,70.0,"Above 50 DMA, Above 200 DMA, Healthy RSI momentum, Near 52W high momentum, Near 52W low zone, Positive day move",0.9,1.25,1.85,-1.56,0.08,5.68,2.46,1.17,-3.83,38.0,"Positive 1M return, Positive 3M return, Positive 6M return, Positive across 1M/3M/6M",65.06,Lower Range Watch,80.26,535.6,569.32,6.3,44.43,80.0% of closes stayed inside the range | Range width 6.3% | Currently 44.4% through the range,15.5,0.93,,20.58,,,145.46,,,536903.1,522092.63,-86013.68,-90057.31,11.5734,10.297,1.6754,1.63,0.385,998752.81,0.0,Banking,10.0,0.0,5.0,0.0,14.0,29.0,0.64,Cash covers debt,"Negative operating cash flow, Negative free cash flow",6.0,35.0,Strong ROE for a leveraged-balance-sheet business,49.32,9.0,"Negative operating cash flow, Negative free cash flow",37.65,Weak,"Above 50 DMA, Above 200 DMA, Healthy RSI momentum, Near 52W high momentum, Near 52W low zone, Positive day move, Cash covers debt, Positive 1M return, Positive 3M return, Positive 6M return, Positive across 1M/3M/6M, 80.0% of closes stayed inside the range | Range width 6.3% | Currently 44.4% through the range"
INDUSINDBK,Financial Services,Banks - Regional,1490.61,0.72,966.94,1497.23,54.16,0.44,63.12,1422.76,1261.29,3449065.35,2026629.0,0.59,Bullish,65.0,"Above 50 DMA, Above 200 DMA, Healthy RSI momentum, Near 52W high momentum, Positive day move",3.14,8.04,25.14,-1.56,0.08,5.68,4.7,7.96,19.46,53.0,"Positive 1M return, Positive 3M return, Positive 6M return, 6M Nifty outperformance, Positive across 1M/3M/6M",52.41,Profit Booking Zone,85.01,1281.94,1436.39,12.05,100.0,80.0% of closes stayed inside the range | Range width 12.0% | Currently 100.0% through the range,13.53,1.63,,29.23,,,89.1,,,56776.76,49011.23,-12442.27,-13013.37,60.0295,12.9494,1.2053,15.0,0.494,79277.55,0.0,Banking,10.0,0.0,7.0,0.0,9.0,26.0,0.64,Cash covers debt,"Negative operating cash flow, Negative free cash flow",0.0,26.0,,49.32,9.0,"Negative operating cash flow, Negative free cash flow",37.0,Weak,"Above 50 DMA, Above 200 DMA, Healthy RSI momentum, Near 52W high momentum, Positive day move, Cash covers debt, Positive 1M return, Positive 3M return, Positive 6M return, 6M Nifty outperformance, Positive across 1M/3M/6M, 80.0% of closes stayed inside the range | Range width 12.0% | Currently 100.0% through the range"
RBLBANK,Financial Services,Banks - Regional,242.69,2.48,95.02,253.45,155.41,4.25,60.35,233.23,185.75,9833897.05,7207740.0,0.73,Bullish,70.0,"Above 50 DMA, Above 200 DMA, Healthy RSI momentum, Near 52W high momentum, Strong positive day move",-0.22,11.28,62.34,-1.56,0.08,5.68,1.34,11.2,56.66,60.0,"Positive 3M return, Strong 6M absolute return, 3M Nifty outperformance, 6M Nifty outperformance",49.4,Profit Booking Zone,81.03,165.8,241.4,45.6,100.0,80.0% of closes stayed inside the range | Range width 45.6% | Currently 100.0% through the range,6.8,0.79,,12.36,,,88.62,,,8527.19,11986.46,-11031.25,-11275.58,32.1617,19.5915,1.4386,33.0,0.642,60423.22,0.0,Banking,5.0,0.0,4.0,0.0,13.0,22.0,0.64,,"Negative operating cash flow, Negative free cash flow",-5.0,17.0,Weak ROE for a leveraged-balance-sheet business,49.32,9.0,"Negative operating cash flow, Negative free cash flow",36.85,Weak,"Above 50 DMA, Above 200 DMA, Healthy RSI momentum, Near 52W high momentum, Strong positive day move, Positive 3M return, Strong 6M absolute return, 3M Nifty outperformance, 6M Nifty outperformance, 80.0% of closes stayed inside the range | Range width 45.6% | Currently 100.0% through the range"
INFY,Technology,Information Technology Services,1265.79,0.34,1064.05,1501.5,18.96,15.7,41.95,1315.35,1266.89,4055652.55,3462092.0,0.85,Bearish,18.0,"Weak but watchable RSI, Near 52W low zone, Positive day move",-2.78,1.42,12.05,-1.56,0.08,5.68,-1.22,1.34,6.37,20.0,"Positive 3M return, Positive 6M return",75.76,Neutral Range,67.84,1174.86,1344.25,14.42,53.68,80.0% of closes stayed inside the range | Range width 14.4% | Currently 53.7% through the range,32.5,19.47,21.0,16.37,,,11.01,1.81,,148.1,101.0,285.3,253.4,15.4324,14.7125,5.1946,4.2,0.107,476334.99,29.68,IT / Technology,23.0,0.0,16.0,17.0,13.0,69.0,0.79,"Strong ROE, Cash covers debt",,10.0,79.0,"Strong ROE for an asset-light business, Strong operating margin",49.67,8.0,Below 200 DMA,36.6,Weak,"Weak but watchable RSI, Near 52W low zone, Positive day move, Strong ROE, Cash covers debt, Positive 3M return, Positive 6M return, 80.0% of closes stayed inside the range | Range width 14.4% | Currently 53.7% through the range"
ADANIPORTS,Industrials,Marine Shipping,799.12,0.15,387.26,968.25,106.35,17.47,54.27,800.56,711.9,2932480.05,1050882.0,0.36,Bearish,40.0,"Above 200 DMA, Healthy RSI momentum, Positive day move",-0.48,1.1,17.47,-1.56,0.08,5.68,1.08,1.02,11.79,20.0,"Positive 3M return, Positive 6M return",77.16,Profit Booking Zone,76.43,713.97,819.7,14.81,80.54,80.0% of closes stayed inside the range | Range width 14.8% | Currently 80.5% through the range,11.65,4.63,45.62,25.46,,,115.12,1.4,1.37,1121.11,52442.84,11899.5,2758.46,28.4908,21.3027,3.9976,45.0,0.507,383609.18,64.4,Capital Goods / Infra,14.0,0.0,6.0,17.0,11.0,48.0,0.86,,,0.0,48.0,,50.01,3.0,Low volume participation,36.3,Weak,"Above 200 DMA, Healthy RSI momentum, Positive day move, Positive 3M return, Positive 6M return, 80.0% of closes stayed inside the range | Range width 14.8% | Currently 80.5% through the range"
CGPOWER,Industrials,Electrical Equipment & Parts,379.94,-1.52,209.52,456.45,81.34,16.76,42.83,409.96,361.33,1865732.9,1369804.0,0.73,Bearish,23.0,"Above 200 DMA, Weak but watchable RSI",-3.43,-5.27,15.2,-1.56,0.08,5.68,-1.87,-5.35,9.52,10.0,Positive 6M return,87.65,Accumulation Zone,73.51,371.75,434.41,16.86,13.08,80.0% of closes stayed inside the range | Range width 16.9% | Currently 13.1% through the range,53.77,20.62,13.21,13.96,,,0.92,1.09,0.89,681.78,16.55,946.86,861.4,111.9798,63.7634,17.5463,15.0,0.42,139899.97,30.72,Capital Goods / Infra,21.0,0.0,14.0,17.0,5.0,57.0,0.86,"Strong ROE, Cash covers debt",Very high PE,0.0,57.0,,50.01,0.0,,35.7,Weak,"Above 200 DMA, Weak but watchable RSI, Strong ROE, Cash covers debt, Positive 6M return, 80.0% of closes stayed inside the range | Range width 16.9% | Currently 13.1% through the range"
ASTRAL,Industrials,Building Products & Equipment,1861.4,-0.96,1287.05,2043.26,44.62,8.9,49.96,1874.11,1711.78,637751.45,364407.0,0.57,Bearish,27.0,"Above 200 DMA, RSI recovering",-3.22,-5.04,17.63,-1.56,0.08,5.68,-1.66,-5.12,11.95,10.0,Positive 6M return,87.65,Lower Range Watch,72.51,1806.26,1973.66,9.27,32.94,80.0% of closes stayed inside the range | Range width 9.3% | Currently 32.9% through the range,16.84,10.44,12.31,8.87,,,3.21,1.69,1.03,529.5,87.1,556.9,245.9,73.3834,43.7432,9.6923,28.0,0.166,39330.39,39.36,Capital Goods / Infra,14.0,0.0,18.0,17.0,5.0,54.0,0.86,Cash covers debt,,0.0,54.0,,50.01,0.0,,35.65,Weak,"Above 200 DMA, RSI recovering, Cash covers debt, Positive 6M return, 80.0% of closes stayed inside the range | Range width 9.3% | Currently 32.9% through the range"
ETERNAL,Consumer Cyclical,Internet Retail,122.2,0.74,44.35,126.35,175.54,3.28,65.14,106.29,76.66,76501788.0,28348143.0,0.37,Bullish,65.0,"Above 50 DMA, Above 200 DMA, Healthy RSI momentum, Near 52W high momentum, Positive day move",10.09,30.77,91.84,-1.56,0.08,5.68,11.65,30.69,86.16,100.0,"Strong 1M absolute return, Strong 3M absolute return, Strong 6M absolute return, 1M Nifty outperformance, 3M Nifty outperformance, 6M Nifty outperformance, Positive across 1M/3M/6M",7.14,Profit Booking Zone,79.3,73.97,111.05,50.13,100.0,80.0% of closes stayed inside the range | Range width 50.1% | Currently 100.0% through the range,-4.99,-4.5,-22.53,-13.8,,,2.61,7.52,7.46,218.0,507.0,-844.0,-947.0,713.75,82.0471,9.2835,,0.225,289095.37,35.19,Consumer Discretionary,0.0,0.0,17.0,0.0,3.0,20.0,0.79,,"Negative net margin, Negative operating cash flow, Negative free cash flow, Very high PE",2.0,22.0,General low-debt support,44.22,20.0,"Low volume participation, Negative net margin, Negative operating cash flow, Negative free cash flow",35.58,Weak,"Above 50 DMA, Above 200 DMA, Healthy RSI momentum, Near 52W high momentum, Positive day move, Strong 1M absolute return, Strong 3M absolute return, Strong 6M absolute return, 1M Nifty outperformance, 3M Nifty outperformance, 6M Nifty outperformance, Positive across 1M/3M/6M, 80.0% of closes stayed inside the range | Range width 50.1% | Currently 100.0% through the range"
BERGEPAINT,Basic Materials,Specialty Chemicals,564.16,-0.43,428.37,665.9,31.7,15.28,53.23,568.96,525.37,1114182.85,309268.0,0.28,Bearish,35.0,"Above 200 DMA, Healthy RSI momentum",1.35,-1.37,10.34,-1.56,0.08,5.68,2.91,-1.45,4.66,18.0,"Positive 1M return, Positive 6M return",60.53,Neutral Range,72.94,528.55,587.31,11.12,60.61,80.0% of closes stayed inside the range | Range width 11.1% | Currently 60.6% through the range,19.12,10.79,12.21,8.25,,,26.46,1.4,0.62,116.17,1188.97,975.57,227.53,51.2637,43.1943,9.4377,75.0,0.449,65272.83,40.89,Chemicals,16.0,0.0,9.0,17.0,7.0,49.0,0.86,Strong ROE,,4.0,53.0,"General quality ROE, General low-debt support",43.6,3.0,Low volume participation,35.34,Weak,"Above 200 DMA, Healthy RSI momentum, Strong ROE, Positive 1M return, Positive 6M return, 80.0% of closes stayed inside the range | Range width 11.1% | Currently 60.6% through the range"
TECHM,Technology,Information Technology Services,1042.83,-0.6,859.95,1203.74,21.27,13.37,42.19,1103.27,1016.9,2062808.1,435537.0,0.21,Bearish,28.0,"Above 200 DMA, Weak but watchable RSI, Near 52W low zone",-4.23,-6.3,10.25,-1.56,0.08,5.68,-2.67,-6.38,4.57,10.0,Positive 6M return,87.88,Lower Range Watch,70.65,976.05,1151.99,18.03,37.95,80.0% of closes stayed inside the range | Range width 18.0% | Currently 38.0% through the range,17.3,10.47,11.73,9.07,,,9.81,1.83,1.83,4056.3,2740.2,5572.0,4556.8,28.4091,18.707,4.8593,3.1,0.162,143950.49,35.76,IT / Technology,14.0,0.0,19.0,17.0,11.0,61.0,0.86,Cash covers debt,,0.0,61.0,,49.67,3.0,Low volume participation,35.3,Weak,"Above 200 DMA, Weak but watchable RSI, Near 52W low zone, Cash covers debt, Positive 6M return, 80.0% of closes stayed inside the range | Range width 18.0% | Currently 38.0% through the range"
360ONE,Financial Services,Asset Management,525.24,-0.18,373.47,548.48,40.64,4.24,58.27,503.67,449.98,331030.15,168118.0,0.51,Bullish,60.0,"Above 50 DMA, Above 200 DMA, Healthy RSI momentum, Near 52W high momentum",1.49,5.92,34.13,-1.56,0.08,5.68,3.05,5.84,28.45,63.0,"Positive 1M return, Positive 3M return, Strong 6M absolute return, 6M Nifty outperformance, Positive across 1M/3M/6M",46.39,Profit Booking Zone,81.49,402.44,517.15,28.5,100.0,80.0% of closes stayed inside the range | Range width 28.5% | Currently 100.0% through the range,21.07,5.88,50.67,39.94,,,217.21,0.93,,509.49,6781.24,-1322.51,-1395.5,38.533,28.3458,4.787,1.54,0.47,47239.83,72.87,Financial Services,20.0,0.0,0.0,0.0,8.0,28.0,0.79,Strong ROE,"Very high debt, Negative operating cash flow, Negative free cash flow",12.0,40.0,"High leverage is structural for this sector, Strong ROE for a leveraged-balance-sheet business",49.32,17.0,"Very high debt, Negative operating cash flow, Negative free cash flow",35.15,Weak,"Above 50 DMA, Above 200 DMA, Healthy RSI momentum, Near 52W high momentum, Strong ROE, Positive 1M return, Positive 3M return, Strong 6M absolute return, 6M Nifty outperformance, Positive across 1M/3M/6M, 80.0% of closes stayed inside the range | Range width 28.5% | Currently 100.0% through the range"
JKCEMENT,Basic Materials,Building Materials,3387.12,-1.14,2388.03,3457.2,41.84,2.03,61.12,3206.94,3048.63,180905.55,68575.0,0.38,Bullish,60.0,"Above 50 DMA, Above 200 DMA, Healthy RSI momentum, Near 52W high momentum",5.36,5.29,13.07,-1.56,0.08,5.68,6.92,5.21,7.39,48.0,"Positive 1M return, Positive 3M return, Positive 6M return, 1M Nifty outperformance, Positive across 1M/3M/6M",35.96,Profit Booking Zone,84.41,3059.23,3336.48,9.06,100.0,80.0% of closes stayed inside the range | Range width 9.1% | Currently 100.0% through the range,9.04,3.18,9.18,4.46,,,112.98,1.27,0.94,257.14,5292.18,1377.09,-234.36,43.8603,27.6921,5.922,37.0,0.412,41674.63,62.85,Cement / Realty,2.0,0.0,4.0,9.0,9.0,24.0,0.86,,Negative free cash flow,0.0,24.0,,43.6,7.0,"Low volume participation, Negative free cash flow",34.94,Avoid,"Above 50 DMA, Above 200 DMA, Healthy RSI momentum, Near 52W high momentum, Positive 1M return, Positive 3M return, Positive 6M return, 1M Nifty outperformance, Positive across 1M/3M/6M, 80.0% of closes stayed inside the range | Range width 9.1% | Currently 100.0% through the range"
GAIL,Utilities,Utilities - Regulated Gas,113.56,0.36,72.05,119.33,57.61,4.83,57.09,111.36,99.57,14430448.85,5965121.0,0.41,Bullish,65.0,"Above 50 DMA, Above 200 DMA, Healthy RSI momentum, Near 52W high momentum, Positive day move",-1.72,8.95,12.8,-1.56,0.08,5.68,-0.16,8.87,7.12,20.0,"Positive 3M return, Positive 6M return",70.59,Profit Booking Zone,83.98,94.77,112.71,18.94,100.0,80.0% of closes stayed inside the range | Range width 18.9% | Currently 100.0% through the range,8.65,5.21,3.43,3.86,,,27.44,0.95,0.67,243.77,17816.18,3204.69,-5625.87,11.6689,9.7283,1.3128,3.14,0.515,117003.53,18.75,Energy / Utilities,4.0,0.0,7.0,9.0,15.0,35.0,0.86,,Negative free cash flow,2.0,37.0,General low-debt support,50.38,7.0,"Low volume participation, Negative free cash flow",34.76,Avoid,"Above 50 DMA, Above 200 DMA, Healthy RSI momentum, Near 52W high momentum, Positive day move, Positive 3M return, Positive 6M return, 80.0% of closes stayed inside the range | Range width 18.9% | Currently 100.0% through the range"
LAURUSLABS,Healthcare,Drug Manufacturers - Specialty & Generic,371.31,1.14,276.17,598.68,34.45,37.98,47.37,385.16,347.87,2445279.25,394090.0,0.16,Bearish,32.0,"Above 200 DMA, RSI recovering, Positive day move",-7.53,-3.78,19.98,-1.56,0.08,5.68,-5.97,-3.86,14.3,10.0,Positive 6M return,91.25,Neutral Range,70.46,339.95,397.84,17.03,54.18,80.0% of closes stayed inside the range | Range width 17.0% | Currently 54.2% through the range,19.57,10.31,21.52,13.14,,,49.91,1.42,0.73,45.67,2015.09,993.9,3.74,91.358,64.5153,18.8439,13.0,0.357,99957.76,59.45,Pharma / Healthcare,20.0,0.0,9.0,17.0,5.0,51.0,0.86,Strong ROE,Very high PE,4.0,55.0,"General quality ROE, General low-debt support",53.23,3.0,Low volume participation,34.73,Avoid,"Above 200 DMA, RSI recovering, Positive day move, Strong ROE, Positive 6M return, 80.0% of closes stayed inside the range | Range width 17.0% | Currently 54.2% through the range"
SBILIFE,Financial Services,Insurance - Life,1321.61,-2.0,1048.65,1385.93,26.03,4.64,49.15,1318.72,1228.2,876462.45,1332535.0,1.52,Bullish,52.0,"Above 50 DMA, Above 200 DMA, RSI recovering, Volume expansion",0.9,1.28,11.68,-1.56,0.08,5.68,2.46,1.2,6.0,38.0,"Positive 1M return, Positive 3M return, Positive 6M return, Positive across 1M/3M/6M",65.06,Profit Booking Zone,80.05,1232.23,1341.33,8.85,81.93,80.0% of closes stayed inside the range | Range width 8.9% | Currently 81.9% through the range,13.22,0.55,2.21,2.13,,,,,,1591.22,,,28592.84,70.6291,52.3737,9.1193,15.0,0.366,183596.77,9.71,Financial Services,4.0,0.0,0.0,8.0,5.0,17.0,0.57,,,-4.0,13.0,Expensive relative to book value for this sector,49.32,0.0,,34.45,Avoid,"Above 50 DMA, Above 200 DMA, RSI recovering, Volume expansion, Positive 1M return, Positive 3M return, Positive 6M return, Positive across 1M/3M/6M, 80.0% of closes stayed inside the range | Range width 8.9% | Currently 81.9% through the range"
BHARATFORG,Consumer Cyclical,Auto Parts,1013.59,-0.89,660.33,1128.45,53.5,10.18,42.93,1060.66,880.78,1323214.35,1398118.0,1.06,Bearish,28.0,"Above 200 DMA, Weak but watchable RSI, Normal volume support",-7.76,6.16,35.36,-1.56,0.08,5.68,-6.2,6.08,29.68,45.0,"Positive 3M return, Strong 6M absolute return, 6M Nifty outperformance",45.92,Profit Booking Zone,69.67,789.39,1087.37,37.75,75.24,80.0% of closes stayed inside the range | Range width 37.7% | Currently 75.2% through the range,7.88,2.87,8.74,4.3,,,109.06,1.09,0.71,508.71,7313.24,1294.47,298.28,140.9275,43.1994,10.3879,41.0,0.54,99514.15,53.26,Automobile,0.0,0.0,4.0,17.0,5.0,26.0,0.86,,Very high PE,0.0,26.0,,44.22,0.0,,33.98,Avoid,"Above 200 DMA, Weak but watchable RSI, Normal volume support, Positive 3M return, Strong 6M absolute return, 6M Nifty outperformance, 80.0% of closes stayed inside the range | Range width 37.7% | Currently 75.2% through the range"
VEDL,Basic Materials,Other Industrial Metals & Mining,196.82,-1.35,163.09,234.65,20.69,16.12,63.19,185.85,206.98,6998936.75,4210127.0,0.6,Bullish,40.0,"Above 50 DMA, Healthy RSI momentum, Near 52W low zone",6.96,1.57,-6.97,-1.56,0.08,5.68,8.52,1.49,-12.65,28.0,"Positive 1M return, Positive 3M return, 1M Nifty outperformance",48.25,Lower Range Watch,72.68,181.15,228.33,26.05,33.22,80.0% of closes stayed inside the range | Range width 26.0% | Currently 33.2% through the range,26.82,5.41,16.7,7.27,,,168.98,0.7,0.52,6926.0,66618.0,33065.0,19278.0,12.0753,8.5779,2.169,12.36,0.363,107694.43,53.91,Metals / Mining,16.0,0.0,0.0,17.0,15.0,48.0,0.86,Strong ROE,,2.0,50.0,General quality ROE,43.6,8.0,Below 200 DMA,33.04,Avoid,"Above 50 DMA, Healthy RSI momentum, Near 52W low zone, Strong ROE, Positive 1M return, Positive 3M return, 1M Nifty outperformance, 80.0% of closes stayed inside the range | Range width 26.0% | Currently 33.2% through the range"
IDBI,Financial Services,Banks - Regional,63.12,3.64,36.58,71.98,72.58,12.31,52.85,64.59,54.48,9760116.65,12671945.0,1.3,Bearish,60.0,"Above 200 DMA, Healthy RSI momentum, Near 52W high momentum, Normal volume support, Strong positive day move",-7.28,1.79,25.61,-1.56,0.08,5.68,-5.72,1.71,19.93,35.0,"Positive 3M return, Positive 6M return, 6M Nifty outperformance",70.48,Neutral Range,77.01,51.62,67.51,30.78,72.4,80.0% of closes stayed inside the range | Range width 30.8% | Currently 72.4% through the range,8.0,1.12,,24.71,,,22.1,,,38246.27,10237.75,-2701.4,-2995.85,9.511,16.8286,1.2551,2.43,0.832,88664.31,0.0,Banking,8.0,0.0,10.0,0.0,12.0,30.0,0.64,Cash covers debt,"Negative operating cash flow, Negative free cash flow",0.0,30.0,,49.32,9.0,"Negative operating cash flow, Negative free cash flow",32.65,Avoid,"Above 200 DMA, Healthy RSI momentum, Near 52W high momentum, Normal volume support, Strong positive day move, Cash covers debt, Positive 3M return, Positive 6M return, 6M Nifty outperformance, 80.0% of closes stayed inside the range | Range width 30.8% | Currently 72.4% through the range"
JSWSTEEL,Basic Materials,Steel,748.85,0.84,601.78,826.49,24.44,9.39,51.66,762.72,732.64,1834612.55,942603.0,0.51,Bearish,55.0,"Above 200 DMA, Healthy RSI momentum, Near 52W high momentum, Near 52W low zone, Positive day move",-2.08,-7.26,8.33,-1.56,0.08,5.68,-0.52,-7.34,2.65,10.0,Positive 6M return,71.93,Lower Range Watch,76.92,714.78,799.79,11.89,40.08,80.0% of closes stayed inside the range | Range width 11.9% | Currently 40.1% through the range,6.31,1.96,8.04,2.53,,,162.27,0.97,0.5,15424.0,106605.0,23323.0,8539.0,12.6581,17.4188,3.096,55.0,0.627,309784.53,42.29,Metals / Mining,0.0,0.0,0.0,17.0,10.0,27.0,0.86,,,0.0,27.0,,43.6,0.0,,32.24,Avoid,"Above 200 DMA, Healthy RSI momentum, Near 52W high momentum, Near 52W low zone, Positive day move, Positive 6M return, 80.0% of closes stayed inside the range | Range width 11.9% | Currently 40.1% through the range"
TATASTEEL,Basic Materials,Steel,113.57,0.79,86.34,126.7,31.53,10.37,48.09,117.5,106.31,28216927.7,17951775.0,0.64,Bearish,32.0,"Above 200 DMA, RSI recovering, Positive day move",-3.24,0.58,16.02,-1.56,0.08,5.68,-1.68,0.5,10.34,20.0,"Positive 3M return, Positive 6M return",54.39,Neutral Range,72.44,99.51,120.98,21.57,65.46,80.8% of closes stayed inside the range | Range width 21.6% | Currently 65.5% through the range,8.5,3.04,8.82,3.63,,,82.35,0.89,0.33,12129.9,84893.05,21683.08,7540.59,21.0395,10.4022,2.2751,2.12,0.867,232271.75,56.35,Metals / Mining,2.0,0.0,4.0,17.0,13.0,36.0,0.86,,,0.0,36.0,,43.6,0.0,,32.14,Avoid,"Above 200 DMA, RSI recovering, Positive day move, Positive 3M return, Positive 6M return, 80.8% of closes stayed inside the range | Range width 21.6% | Currently 65.5% through the range"
RVNL,Industrials,Engineering & Construction,154.99,0.45,29.19,196.4,430.92,21.08,47.64,159.79,114.21,14108661.55,5658184.0,0.4,Bearish,32.0,"Above 200 DMA, RSI recovering, Positive day move",-6.61,24.7,30.28,-1.56,0.08,5.68,-5.05,24.62,24.6,70.0,"Strong 3M absolute return, Strong 6M absolute return, 3M Nifty outperformance, 6M Nifty outperformance",35.19,Profit Booking Zone,70.27,118.12,166.23,40.73,76.65,80.0% of closes stayed inside the range | Range width 40.7% | Currently 76.6% through the range,18.52,7.31,6.04,6.62,,,88.89,2.04,2.02,836.68,6441.33,-4063.97,-4125.15,53.4884,41.8182,4.8674,1.49,,47955.46,6.0,Capital Goods / Infra,11.0,0.0,12.0,0.0,8.0,31.0,0.86,Strong ROE,"Negative operating cash flow, Negative free cash flow",0.0,31.0,,50.01,12.0,"Low volume participation, Negative operating cash flow, Negative free cash flow",31.85,Avoid,"Above 200 DMA, RSI recovering, Positive day move, Strong ROE, Strong 3M absolute return, Strong 6M absolute return, 3M Nifty outperformance, 6M Nifty outperformance, 80.0% of closes stayed inside the range | Range width 40.7% | Currently 76.6% through the range"
HUDCO,Financial Services,Credit Services,75.93,1.18,30.31,89.62,150.53,15.28,54.24,74.75,55.21,14494234.3,7289879.0,0.5,Bullish,55.0,"Above 50 DMA, Above 200 DMA, Healthy RSI momentum, Positive day move",-9.87,25.62,53.83,-1.56,0.08,5.68,-8.31,25.54,48.15,70.0,"Strong 3M absolute return, Strong 6M absolute return, 3M Nifty outperformance, 6M Nifty outperformance",36.75,Profit Booking Zone,73.73,51.91,80.95,55.94,82.69,80.0% of closes stayed inside the range | Range width 55.9% | Currently 82.7% through the range,11.02,2.1,,66.03,,,407.34,,,14.32,62907.32,-850.67,-852.94,9.2171,8.0304,1.7552,3.06,0.837,38582.62,99.96,Financial Services,8.0,0.0,0.0,0.0,15.0,23.0,0.64,,"Very high debt, Negative operating cash flow, Negative free cash flow",6.0,29.0,High leverage is structural for this sector,49.32,17.0,"Very high debt, Negative operating cash flow, Negative free cash flow",31.8,Avoid,"Above 50 DMA, Above 200 DMA, Healthy RSI momentum, Positive day move, Strong 3M absolute return, Strong 6M absolute return, 3M Nifty outperformance, 6M Nifty outperformance, 80.0% of closes stayed inside the range | Range width 55.9% | Currently 82.7% through the range"
SHRIRAMFIN,Financial Services,Credit Services,379.13,0.8,213.18,387.73,77.85,2.22,58.97,363.81,299.98,6246852.5,2779500.0,0.44,Bullish,65.0,"Above 50 DMA, Above 200 DMA, Healthy RSI momentum, Near 52W high momentum, Positive day move",5.67,9.93,50.38,-1.56,0.08,5.68,7.23,9.85,44.7,73.0,"Positive 1M return, Positive 3M return, Strong 6M absolute return, 1M Nifty outperformance, 6M Nifty outperformance, Positive across 1M/3M/6M",31.33,Profit Booking Zone,81.05,265.75,367.96,38.46,100.0,80.0% of closes stayed inside the range | Range width 38.5% | Currently 100.0% through the range,13.81,2.85,,35.5,,,295.75,,,10490.36,128688.61,-17625.25,-17821.84,19.735,15.5658,3.1889,1.22,0.606,262875.3,96.81,Financial Services,10.0,0.0,0.0,0.0,12.0,22.0,0.64,,"Very high debt, Negative operating cash flow, Negative free cash flow",6.0,28.0,High leverage is structural for this sector,49.32,20.0,"Low volume participation, Very high debt, Negative operating cash flow, Negative free cash flow",31.7,Avoid,"Above 50 DMA, Above 200 DMA, Healthy RSI momentum, Near 52W high momentum, Positive day move, Positive 1M return, Positive 3M return, Strong 6M absolute return, 1M Nifty outperformance, 6M Nifty outperformance, Positive across 1M/3M/6M, 80.0% of closes stayed inside the range | Range width 38.5% | Currently 100.0% through the range"
POWERINDIA,Industrials,Electrical Equipment & Parts,4360.6,-0.22,2836.07,4796.92,53.76,9.1,50.5,4301.2,3844.75,29566.25,40238.0,1.36,Bullish,70.0,"Above 50 DMA, Above 200 DMA, Healthy RSI momentum, Near 52W high momentum, Volume expansion",-1.96,-1.08,11.72,-1.56,0.08,5.68,-0.4,-1.16,6.04,10.0,Positive 6M return,87.65,Neutral Range,80.96,3934.42,4547.22,15.58,69.55,80.0% of closes stayed inside the range | Range width 15.6% | Currently 69.5% through the range,7.73,2.4,4.89,2.17,,,27.51,1.16,0.85,163.19,334.31,5.37,-6.64,138.2239,72.2106,30.8289,2.0,0.572,159569.06,38.99,Capital Goods / Infra,0.0,0.0,9.0,9.0,5.0,23.0,0.86,,"Negative free cash flow, Very high PE",0.0,23.0,,50.01,4.0,Negative free cash flow,31.55,Avoid,"Above 50 DMA, Above 200 DMA, Healthy RSI momentum, Near 52W high momentum, Volume expansion, Positive 6M return, 80.0% of closes stayed inside the range | Range width 15.6% | Currently 69.5% through the range"
SHREECEM,Basic Materials,Building Materials,25859.93,-0.62,19811.99,26948.52,30.53,4.04,52.41,25632.19,24665.32,23988.0,10644.0,0.44,Bullish,60.0,"Above 50 DMA, Above 200 DMA, Healthy RSI momentum, Near 52W high momentum",-2.44,8.65,6.76,-1.56,0.08,5.68,-0.88,8.57,1.08,20.0,"Positive 3M return, Positive 6M return",54.39,Profit Booking Zone,83.2,23552.6,26023.45,10.49,93.38,80.0% of closes stayed inside the range | Range width 10.5% | Currently 93.4% through the range,6.82,4.83,7.43,7.29,,,14.62,1.33,0.92,46.17,2724.67,2568.74,-745.71,56.6297,37.086,10.0126,55.0,,92258.47,73.54,Cement / Realty,3.0,0.0,11.0,9.0,7.0,30.0,0.86,,Negative free cash flow,2.0,32.0,General low-debt support,43.6,7.0,"Low volume participation, Negative free cash flow",30.74,Avoid,"Above 50 DMA, Above 200 DMA, Healthy RSI momentum, Near 52W high momentum, Positive 3M return, Positive 6M return, 80.0% of closes stayed inside the range | Range width 10.5% | Currently 93.4% through the range"
ENDURANCE,Consumer Cyclical,Auto Parts,1589.2,-1.72,1160.92,1729.3,36.89,8.1,46.98,1594.3,1471.58,168392.2,43895.0,0.26,Bearish,27.0,"Above 200 DMA, RSI recovering",0.34,-2.2,15.31,-1.56,0.08,5.68,1.9,-2.28,9.63,18.0,"Positive 1M return, Positive 6M return",79.59,Neutral Range,70.3,1494.0,1667.97,11.64,54.72,80.0% of closes stayed inside the range | Range width 11.6% | Currently 54.7% through the range,10.87,7.05,7.11,5.53,,,11.67,1.65,1.23,287.66,514.76,861.99,225.73,44.723,30.1333,6.2092,38.0,0.723,42475.96,42.33,Automobile,4.0,0.0,15.0,17.0,7.0,43.0,0.86,,,2.0,45.0,General low-debt support,44.22,3.0,Low volume participation,30.63,Avoid,"Above 200 DMA, RSI recovering, Positive 1M return, Positive 6M return, 80.0% of closes stayed inside the range | Range width 11.6% | Currently 54.7% through the range"
NYKAA,Consumer Cyclical,Internet Retail,151.55,1.1,114.25,235.8,32.65,35.73,63.6,145.17,139.05,4305300.95,4469921.0,1.04,Bullish,60.0,"Above 50 DMA, Above 200 DMA, Healthy RSI momentum, Normal volume support, Positive day move",3.1,3.66,20.81,-1.56,0.08,5.68,4.66,3.58,15.13,53.0,"Positive 1M return, Positive 3M return, Positive 6M return, 6M Nifty outperformance, Positive across 1M/3M/6M",36.73,Profit Booking Zone,83.95,133.12,149.26,12.12,100.0,80.0% of closes stayed inside the range | Range width 12.1% | Currently 100.0% through the range,1.4,0.65,1.64,0.38,,,57.95,1.59,0.75,41.38,798.49,-140.24,-348.4,360.4945,111.7595,65.3226,,0.351,93989.27,45.35,Consumer Discretionary,0.0,0.0,8.0,0.0,3.0,11.0,0.79,,"Negative operating cash flow, Negative free cash flow, Very high PE",2.0,13.0,General low-debt support,44.22,9.0,"Negative operating cash flow, Negative free cash flow",30.43,Avoid,"Above 50 DMA, Above 200 DMA, Healthy RSI momentum, Normal volume support, Positive day move, Positive 1M return, Positive 3M return, Positive 6M return, 6M Nifty outperformance, Positive across 1M/3M/6M, 80.0% of closes stayed inside the range | Range width 12.1% | Currently 100.0% through the range"
IRFC,Financial Services,Credit Services,71.15,-0.61,18.59,87.5,282.63,18.68,53.57,70.78,41.39,49006672.15,21466105.0,0.44,Bullish,50.0,"Above 50 DMA, Above 200 DMA, Healthy RSI momentum",-2.81,53.57,124.5,-1.56,0.08,5.68,-1.25,53.49,118.82,70.0,"Strong 3M absolute return, Strong 6M absolute return, 3M Nifty outperformance, 6M Nifty outperformance",36.75,Profit Booking Zone,68.91,30.83,73.2,137.41,95.15,80.8% of closes stayed inside the range | Range width 137.4% | Currently 95.1% through the range,13.8,1.26,47.3,26.08,,,937.63,0.7,,162.64,418934.9,-28588.36,-28589.14,16.0765,12.0904,2.0307,3.3,0.33,115342.64,100.0,Financial Services,16.0,0.0,0.0,0.0,15.0,31.0,0.79,,"Very high debt, Negative operating cash flow, Negative free cash flow",6.0,37.0,High leverage is structural for this sector,49.32,20.0,"Low volume participation, Very high debt, Negative operating cash flow, Negative free cash flow",30.35,Avoid,"Above 50 DMA, Above 200 DMA, Healthy RSI momentum, Strong 3M absolute return, Strong 6M absolute return, 3M Nifty outperformance, 6M Nifty outperformance, 80.8% of closes stayed inside the range | Range width 137.4% | Currently 95.1% through the range"
MUTHOOTFIN,Financial Services,Credit Services,1245.99,1.35,861.43,1332.45,44.64,6.49,50.86,1227.76,1109.63,546339.65,414961.0,0.76,Bullish,65.0,"Above 50 DMA, Above 200 DMA, Healthy RSI momentum, Near 52W high momentum, Positive day move",4.6,-4.42,20.75,-1.56,0.08,5.68,6.16,-4.5,15.07,43.0,"Positive 1M return, Positive 6M return, 1M Nifty outperformance, 6M Nifty outperformance",60.84,Profit Booking Zone,82.02,1088.77,1286.06,18.12,79.69,80.8% of closes stayed inside the range | Range width 18.1% | Currently 79.7% through the range,16.67,4.51,,46.85,,,256.19,,,8073.79,55506.13,-2804.07,-2945.21,10.2879,9.0103,2.951,1.03,0.529,115474.38,100.0,Financial Services,10.0,0.0,0.0,0.0,14.0,24.0,0.64,,"Very high debt, Negative operating cash flow, Negative free cash flow",12.0,36.0,"High leverage is structural for this sector, Strong ROE for a leveraged-balance-sheet business",49.32,17.0,"Very high debt, Negative operating cash flow, Negative free cash flow",30.0,Avoid,"Above 50 DMA, Above 200 DMA, Healthy RSI momentum, Near 52W high momentum, Positive day move, Positive 1M return, Positive 6M return, 1M Nifty outperformance, 6M Nifty outperformance, 80.8% of closes stayed inside the range | Range width 18.1% | Currently 79.7% through the range"
SCHAEFFLER,Consumer Cyclical,Auto Parts,2665.76,-0.59,2474.05,3843.25,7.75,30.64,32.58,3030.67,2899.5,125087.3,296411.0,2.37,Bearish,31.0,"Weak but watchable RSI, Near 52W low with stable RSI, Strong volume expansion",-12.16,-10.34,-2.31,-1.56,0.08,5.68,-10.6,-10.42,-7.99,0.0,,97.96,Breakdown Risk,35.0,2748.75,3170.09,15.33,0.0,80.0% of closes stayed inside the range | Range width 15.3% | Currently 0.0% through the range | Below lower band on elevated volume,20.51,15.35,16.22,13.04,,,1.34,2.89,1.99,166.04,57.38,750.53,267.49,51.4953,40.9915,10.512,84.0,0.118,64487.76,38.41,Automobile,19.0,0.0,20.0,17.0,7.0,63.0,0.86,"Strong ROE, Cash covers debt",,4.0,67.0,"General quality ROE, General low-debt support",44.22,8.0,Below 200 DMA,29.83,Avoid,"Weak but watchable RSI, Near 52W low with stable RSI, Strong volume expansion, Strong ROE, Cash covers debt, 80.0% of closes stayed inside the range | Range width 15.3% | Currently 0.0% through the range | Below lower band on elevated volume"
POONAWALLA,Financial Services,Credit Services,392.04,0.92,240.66,449.6,62.9,12.8,63.84,375.57,344.4,2749558.2,2103240.0,0.76,Bullish,65.0,"Above 50 DMA, Above 200 DMA, Healthy RSI momentum, Near 52W high momentum, Positive day move",4.68,-9.91,19.85,-1.56,0.08,5.68,6.24,-9.99,14.17,28.0,"Positive 1M return, Positive 6M return, 1M Nifty outperformance",74.1,Neutral Range,78.09,340.41,419.73,23.3,65.09,80.0% of closes stayed inside the range | Range width 23.3% | Currently 65.1% through the range,9.97,2.95,28.02,36.54,,,163.37,1.35,,601.38,11209.16,-5063.87,-5144.89,50.6911,19.7165,3.7798,,0.318,42391.77,99.87,Financial Services,14.0,0.0,2.0,0.0,7.0,23.0,0.71,,"Negative operating cash flow, Negative free cash flow",0.0,23.0,,49.32,9.0,"Negative operating cash flow, Negative free cash flow",29.7,Avoid,"Above 50 DMA, Above 200 DMA, Healthy RSI momentum, Near 52W high momentum, Positive day move, Positive 1M return, Positive 6M return, 1M Nifty outperformance, 80.0% of closes stayed inside the range | Range width 23.3% | Currently 65.1% through the range"
NATIONALUM,Basic Materials,Aluminum,82.04,0.88,56.5,93.78,45.2,12.52,45.99,84.93,76.41,6993053.95,6250696.0,0.89,Bearish,32.0,"Above 200 DMA, RSI recovering, Positive day move",-6.97,-1.34,13.53,-1.56,0.08,5.68,-5.41,-1.42,7.85,10.0,Positive 6M return,71.93,Neutral Range,71.35,73.61,87.28,18.56,61.64,80.0% of closes stayed inside the range | Range width 18.6% | Currently 61.6% through the range,10.93,8.14,13.05,10.12,,,0.8,1.84,1.2,63.29,104.61,908.24,-625.75,10.5607,10.8213,3.5699,1.03,0.709,77138.53,71.34,Metals / Mining,12.0,0.0,15.0,9.0,9.0,45.0,0.86,,Negative free cash flow,2.0,47.0,General low-debt support,43.6,4.0,Negative free cash flow,29.49,Avoid,"Above 200 DMA, RSI recovering, Positive day move, Positive 6M return, 80.0% of closes stayed inside the range | Range width 18.6% | Currently 61.6% through the range"
GLENMARK,Healthcare,Drug Manufacturers - Specialty & Generic,721.64,-6.87,356.64,876.59,102.34,17.68,35.57,784.94,627.44,749236.9,3656128.0,4.88,Bearish,38.0,"Above 200 DMA, Weak but watchable RSI, Strong volume expansion",-9.26,-9.33,19.51,-1.56,0.08,5.68,-7.7,-9.41,13.83,10.0,Positive 6M return,91.25,Neutral Range,69.59,628.56,808.86,28.68,51.63,80.0% of closes stayed inside the range | Range width 28.7% | Currently 51.6% through the range,3.14,1.53,9.44,2.6,,,48.64,2.1,1.64,1159.2,4607.88,625.39,17.63,35.9328,23.447,6.1481,33.0,0.248,64629.45,71.94,Pharma / Healthcare,0.0,0.0,15.0,17.0,7.0,39.0,0.86,,,2.0,41.0,General low-debt support,53.23,5.0,Sharp daily fall,29.33,Avoid,"Above 200 DMA, Weak but watchable RSI, Strong volume expansion, Positive 6M return, 80.0% of closes stayed inside the range | Range width 28.7% | Currently 51.6% through the range"
TATACOMM,Communication Services,Telecom Services,1651.82,-0.09,1021.76,1893.97,61.66,12.79,46.1,1742.03,1443.58,823126.2,315877.0,0.38,Bearish,27.0,"Above 200 DMA, RSI recovering",-5.64,1.59,37.91,-1.56,0.08,5.68,-4.08,1.51,32.23,45.0,"Positive 3M return, Strong 6M absolute return, 6M Nifty outperformance",50.0,Neutral Range,68.44,1377.54,1816.14,31.84,62.54,80.0% of closes stayed inside the range | Range width 31.8% | Currently 62.5% through the range,118.29,8.74,11.79,10.07,,,564.9,0.59,0.58,1004.48,8576.64,4384.35,2891.21,52.3267,22.1678,14.3548,100.0,0.816,49484.61,27.46,Telecom,18.0,0.0,0.0,17.0,7.0,42.0,0.86,Strong ROE,Very high debt,2.0,44.0,General quality ROE,45.11,11.0,"Low volume participation, Very high debt",29.17,Avoid,"Above 200 DMA, RSI recovering, Strong ROE, Positive 3M return, Strong 6M absolute return, 6M Nifty outperformance, 80.0% of closes stayed inside the range | Range width 31.8% | Currently 62.5% through the range"
IDFCFIRSTB,Financial Services,Banks - Regional,85.82,1.17,42.78,100.08,100.58,14.25,48.77,90.11,73.87,27437683.05,21991203.0,0.8,Bearish,32.0,"Above 200 DMA, RSI recovering, Positive day move",-4.32,-2.04,29.36,-1.56,0.08,5.68,-2.76,-2.12,23.68,25.0,"Positive 6M return, 6M Nifty outperformance",76.51,Neutral Range,70.0,73.08,93.58,28.06,62.13,80.0% of closes stayed inside the range | Range width 28.1% | Currently 62.1% through the range,9.61,1.04,,14.45,,,221.34,,,13778.68,57212.09,3563.0,2374.9,33.1274,12.8729,1.5569,30.0,,73970.07,0.0,Banking,7.0,0.0,0.0,17.0,13.0,37.0,0.64,,Very high debt,6.0,43.0,High leverage is structural for this sector,49.32,8.0,Very high debt,28.7,Avoid,"Above 200 DMA, RSI recovering, Positive day move, Positive 6M return, 6M Nifty outperformance, 80.0% of closes stayed inside the range | Range width 28.1% | Currently 62.1% through the range"
MOTHERSON,Consumer Cyclical,Auto Parts,58.85,1.41,40.29,67.88,46.06,13.3,38.72,62.45,55.72,11494053.85,14424292.0,1.25,Bearish,33.0,"Above 200 DMA, Weak but watchable RSI, Normal volume support, Positive day move",-4.98,-8.19,14.76,-1.56,0.08,5.68,-3.42,-8.27,9.08,10.0,Positive 6M return,87.76,Neutral Range,69.43,53.17,64.5,21.31,50.19,80.0% of closes stayed inside the range | Range width 21.3% | Currently 50.2% through the range,6.66,2.42,4.03,1.92,,,61.43,0.97,0.69,4538.1,13792.3,4643.0,2421.9,40.7452,24.4622,4.356,30.0,1.034,178504.36,43.82,Automobile,0.0,0.0,4.0,17.0,9.0,30.0,0.86,,,2.0,32.0,General low-debt support,44.22,0.0,,28.58,Avoid,"Above 200 DMA, Weak but watchable RSI, Normal volume support, Positive day move, Positive 6M return, 80.0% of closes stayed inside the range | Range width 21.3% | Currently 50.2% through the range"
GODREJIND,Industrials,Conglomerates,669.15,0.13,395.0,733.7,69.41,8.8,60.98,611.79,497.33,280699.65,176054.0,0.63,Bullish,65.0,"Above 50 DMA, Above 200 DMA, Healthy RSI momentum, Near 52W high momentum, Positive day move",-2.16,33.83,40.67,-1.56,0.08,5.68,-0.6,33.75,34.99,70.0,"Strong 3M absolute return, Strong 6M absolute return, 3M Nifty outperformance, 6M Nifty outperformance",35.19,Profit Booking Zone,80.91,475.07,662.15,39.38,100.0,80.0% of closes stayed inside the range | Range width 39.4% | Currently 100.0% through the range,12.21,2.22,7.47,5.83,,,246.01,1.18,0.54,1576.96,19642.42,-4409.38,-5237.06,33.4833,,3.7223,,0.635,41607.84,40.36,Capital Goods / Infra,4.0,0.0,2.0,0.0,6.0,12.0,0.79,,"Very high debt, Negative operating cash flow, Negative free cash flow",0.0,12.0,,50.01,17.0,"Very high debt, Negative operating cash flow, Negative free cash flow",28.45,Avoid,"Above 50 DMA, Above 200 DMA, Healthy RSI momentum, Near 52W high momentum, Positive day move, Strong 3M absolute return, Strong 6M absolute return, 3M Nifty outperformance, 6M Nifty outperformance, 80.0% of closes stayed inside the range | Range width 39.4% | Currently 100.0% through the range"
BHARTIARTL,Communication Services,Telecom Services,910.65,-0.05,665.27,935.24,36.88,2.63,53.96,895.72,815.7,3698792.15,1656368.0,0.45,Bullish,60.0,"Above 50 DMA, Above 200 DMA, Healthy RSI momentum, Near 52W high momentum",-2.01,7.4,17.85,-1.56,0.08,5.68,-0.45,7.32,12.17,20.0,"Positive 3M return, Positive 6M return",71.43,Profit Booking Zone,83.58,807.86,912.39,12.94,98.33,80.0% of closes stayed inside the range | Range width 12.9% | Currently 98.3% through the range,10.76,1.87,25.3,6.0,,,291.4,0.47,0.47,7179.4,226020.3,65324.6,38786.1,39.9959,23.6178,7.4958,1.25,0.01,1213418.96,67.86,Telecom,11.0,0.0,0.0,17.0,6.0,34.0,0.86,,Very high debt,0.0,34.0,,45.11,11.0,"Low volume participation, Very high debt",27.67,Avoid,"Above 50 DMA, Above 200 DMA, Healthy RSI momentum, Near 52W high momentum, Positive 3M return, Positive 6M return, 80.0% of closes stayed inside the range | Range width 12.9% | Currently 98.3% through the range"
THERMAX,Industrials,Conglomerates,2871.31,0.22,1804.31,3196.67,59.14,10.18,48.26,2900.53,2429.45,63548.35,13288.0,0.21,Bearish,32.0,"Above 200 DMA, RSI recovering, Positive day move",-1.66,14.02,20.59,-1.56,0.08,5.68,-0.1,13.94,14.91,35.0,"Positive 3M return, Positive 6M return, 3M Nifty outperformance",68.52,Profit Booking Zone,73.42,2236.06,2950.86,31.97,88.87,80.0% of closes stayed inside the range | Range width 32.0% | Currently 88.9% through the range,11.64,5.09,6.6,5.6,,,22.01,1.38,1.21,452.82,851.33,459.56,-204.66,77.4232,45.6669,8.2899,35.0,0.321,45997.83,34.09,Capital Goods / Infra,4.0,0.0,11.0,9.0,5.0,29.0,0.86,,Negative free cash flow,0.0,29.0,,50.01,7.0,"Low volume participation, Negative free cash flow",27.4,Avoid,"Above 200 DMA, RSI recovering, Positive day move, Positive 3M return, Positive 6M return, 3M Nifty outperformance, 80.0% of closes stayed inside the range | Range width 32.0% | Currently 88.9% through the range"
SIEMENS,Industrials,Specialty Industrial Machinery,1981.67,0.31,1540.11,2359.02,28.67,16.0,43.9,2093.43,2042.53,557067.65,164018.0,0.29,Bearish,13.0,"Weak but watchable RSI, Positive day move",-4.85,-6.43,-10.84,-1.56,0.08,5.68,-3.29,-6.51,-16.52,0.0,,96.91,Accumulation Zone,73.99,1984.75,2237.04,12.71,0.0,80.0% of closes stayed inside the range | Range width 12.7% | Currently 0.0% through the range,14.98,9.01,11.04,10.17,21.45,27.09,1.34,2.2,1.87,1191.7,175.2,1400.0,1198.0,84.7533,59.3557,10.3412,45.0,0.57,143124.83,28.2,Capital Goods / Infra,14.0,18.0,20.0,17.0,5.0,74.0,1.0,Cash covers debt,Very high PE,5.0,79.0,Strong order-book-driven revenue growth,50.01,11.0,"Below 200 DMA, Low volume participation",27.4,Avoid,"Weak but watchable RSI, Positive day move, Cash covers debt, 80.0% of closes stayed inside the range | Range width 12.7% | Currently 0.0% through the range"
HINDUNILVR,Consumer Defensive,Household & Personal Products,2358.05,-0.34,2242.14,2616.24,5.17,9.87,47.02,2365.92,2408.02,1383150.25,760809.0,0.55,Bearish,20.0,"RSI recovering, Near 52W low with stable RSI",-2.85,-0.22,-5.47,-1.56,0.08,5.68,-1.29,-0.3,-11.15,0.0,,95.45,Accumulation Zone,75.06,2344.28,2533.26,8.06,7.29,80.0% of closes stayed inside the range | Range width 8.1% | Currently 7.3% through the range,20.12,13.85,21.85,16.99,,,2.42,1.41,1.06,714.0,1219.0,9991.0,8799.0,45.875,38.7544,9.9452,2.13,0.332,484720.67,50.37,FMCG / Consumer,21.0,0.0,13.0,17.0,7.0,58.0,0.86,Strong ROE,,8.0,66.0,"Strong ROE for a consumer staples business, Low debt, typical of a healthy consumer business",46.48,8.0,Below 200 DMA,27.07,Avoid,"RSI recovering, Near 52W low with stable RSI, Strong ROE, 80.0% of closes stayed inside the range | Range width 8.1% | Currently 7.3% through the range"
FLUOROCHEM,Basic Materials,Specialty Chemicals,2809.91,1.41,2528.56,4162.77,11.13,32.5,52.12,2890.77,2995.34,122769.35,66398.0,0.54,Bearish,30.0,"Healthy RSI momentum, Near 52W low zone, Positive day move",-1.64,-3.43,-14.33,-1.56,0.08,5.68,-0.08,-3.51,-20.01,0.0,,91.23,Accumulation Zone,74.36,2731.05,3172.74,16.17,17.85,80.0% of closes stayed inside the range | Range width 16.2% | Currently 17.9% through the range,24.07,15.87,30.92,23.75,,,27.44,1.5,0.86,23.99,1515.12,738.89,7.56,87.6185,44.0047,6.5534,7.0,-0.005,50155.31,51.34,Chemicals,23.0,0.0,11.0,17.0,5.0,56.0,0.86,Strong ROE,Very high PE,4.0,60.0,"General quality ROE, General low-debt support",43.6,8.0,Below 200 DMA,27.04,Avoid,"Healthy RSI momentum, Near 52W low zone, Positive day move, Strong ROE, 80.0% of closes stayed inside the range | Range width 16.2% | Currently 17.9% through the range"
GMRAIRPORT,Industrials,Airports & Air Services,57.25,-0.69,33.35,66.75,71.66,14.23,52.56,58.65,47.79,5120791.75,3608807.0,0.7,Bearish,45.0,"Above 200 DMA, Healthy RSI momentum, Near 52W high momentum",-3.46,5.53,24.32,-1.56,0.08,5.68,-1.9,5.45,18.64,35.0,"Positive 3M return, Positive 6M return, 6M Nifty outperformance",68.52,Profit Booking Zone,74.88,42.35,61.05,44.17,79.66,81.7% of closes stayed inside the range | Range width 44.2% | Currently 79.7% through the range,22.61,-0.41,11.48,-3.07,,,-4201.21,0.98,0.96,3277.71,33306.33,2199.23,-1722.12,804.2308,72.0701,-43.9655,,0.573,110394.09,57.86,Capital Goods / Infra,9.0,0.0,9.0,9.0,5.0,32.0,0.79,Strong ROE,"Negative net margin, Negative free cash flow, Very high PE",0.0,32.0,,50.01,12.0,"Negative net margin, Negative free cash flow",26.7,Avoid,"Above 200 DMA, Healthy RSI momentum, Near 52W high momentum, Strong ROE, Positive 3M return, Positive 6M return, 6M Nifty outperformance, 81.7% of closes stayed inside the range | Range width 44.2% | Currently 79.7% through the range"
GODREJCP,Consumer Defensive,Household & Personal Products,936.19,-0.37,754.09,1046.85,24.15,10.57,46.67,943.97,943.37,843099.6,1010989.0,1.2,Bearish,22.0,"RSI recovering, Near 52W low zone, Normal volume support",0.26,-3.39,-2.39,-1.56,0.08,5.68,1.82,-3.47,-8.07,8.0,Positive 1M return,86.36,Accumulation Zone,76.04,933.52,1009.77,8.17,3.5,80.0% of closes stayed inside the range | Range width 8.2% | Currently 3.5% through the range,12.34,9.73,17.59,12.9,,,8.19,1.76,1.3,357.62,1129.58,2150.65,1923.25,54.9517,33.3113,7.3619,1.95,0.368,93120.75,49.72,FMCG / Consumer,16.0,0.0,15.0,17.0,6.0,54.0,0.86,,,3.0,57.0,"Low debt, typical of a healthy consumer business",46.48,8.0,Below 200 DMA,26.42,Avoid,"RSI recovering, Near 52W low zone, Normal volume support, Positive 1M return, 80.0% of closes stayed inside the range | Range width 8.2% | Currently 3.5% through the range"
HONAUT,Industrials,Electrical Equipment & Parts,36734.17,-0.89,34012.96,43920.46,8.0,16.36,42.34,38217.08,38597.2,2435.85,3402.0,1.4,Bearish,26.0,"Weak but watchable RSI, Near 52W low with stable RSI, Volume expansion",-2.74,-11.95,-1.25,-1.56,0.08,5.68,-1.18,-12.03,-6.93,0.0,,96.91,Accumulation Zone,76.53,37056.97,42246.64,14.0,0.0,80.0% of closes stayed inside the range | Range width 14.0% | Currently 0.0% through the range,13.74,9.84,14.2,12.76,,,1.14,3.34,3.2,480.9,36.3,409.9,381.8,60.9754,45.3198,7.4533,29.0,0.513,33283.77,38.95,Capital Goods / Infra,16.0,0.0,20.0,17.0,5.0,58.0,0.86,Cash covers debt,,0.0,58.0,,50.01,8.0,Below 200 DMA,26.3,Avoid,"Weak but watchable RSI, Near 52W low with stable RSI, Volume expansion, Cash covers debt, 80.0% of closes stayed inside the range | Range width 14.0% | Currently 0.0% through the range"
HDFCLIFE,Financial Services,Insurance - Life,615.05,-0.91,451.88,684.17,36.11,10.1,46.77,627.89,580.0,2306726.7,2047300.0,0.89,Bearish,27.0,"Above 200 DMA, RSI recovering",-0.67,-1.98,11.41,-1.56,0.08,5.68,0.89,-2.06,5.73,10.0,Positive 6M return,88.55,Neutral Range,69.49,577.2,654.57,13.4,48.91,80.0% of closes stayed inside the range | Range width 13.4% | Currently 48.9% through the range,10.53,0.55,1.99,1.95,,,7.31,,,1903.63,950.0,,6795.59,58.4967,44.8408,5.9286,39.0,0.502,116632.92,10.2,Financial Services,2.0,0.0,12.0,8.0,9.0,31.0,0.64,Cash covers debt,,-4.0,27.0,Expensive relative to book value for this sector,49.32,0.0,,26.1,Avoid,"Above 200 DMA, RSI recovering, Cash covers debt, Positive 6M return, 80.0% of closes stayed inside the range | Range width 13.4% | Currently 48.9% through the range"
MRF,Consumer Cyclical,Auto Parts,107120.08,-0.61,78177.46,112893.88,37.02,5.11,46.28,108118.0,97771.14,6935.6,6671.0,0.96,Bearish,27.0,"Above 200 DMA, RSI recovering",-1.33,1.56,11.26,-1.56,0.08,5.68,0.23,1.48,5.58,20.0,"Positive 3M return, Positive 6M return",67.35,Profit Booking Zone,74.72,97241.01,108920.65,12.01,84.58,80.0% of closes stayed inside the range | Range width 12.0% | Currently 84.6% through the range,5.23,3.16,5.26,3.37,,,20.49,1.23,0.68,248.51,3013.61,2755.47,-535.77,22.9289,19.5371,2.6445,35.0,,55467.79,35.97,Automobile,0.0,0.0,9.0,9.0,13.0,31.0,0.86,,Negative free cash flow,2.0,33.0,General low-debt support,44.22,4.0,Negative free cash flow,25.93,Avoid,"Above 200 DMA, RSI recovering, Positive 3M return, Positive 6M return, 80.0% of closes stayed inside the range | Range width 12.0% | Currently 84.6% through the range"
DALBHARAT,Basic Materials,Building Materials,2085.08,1.0,1448.98,2391.21,43.9,12.8,45.82,2198.34,2016.85,336115.1,64937.0,0.19,Bearish,32.0,"Above 200 DMA, RSI recovering, Positive day move",-7.77,6.07,2.26,-1.56,0.08,5.68,-6.21,5.99,-3.42,20.0,"Positive 3M return, Positive 6M return",54.39,Lower Range Watch,70.64,1929.94,2291.12,18.71,42.95,80.0% of closes stayed inside the range | Range width 18.7% | Currently 43.0% through the range,6.62,4.05,7.74,7.82,,,24.67,1.65,1.35,234.0,3855.0,2252.0,-457.0,36.8796,25.1706,1.921,54.0,0.184,34568.38,61.49,Cement / Realty,3.0,0.0,13.0,9.0,11.0,36.0,0.86,,Negative free cash flow,2.0,38.0,General low-debt support,43.6,7.0,"Low volume participation, Negative free cash flow",25.84,Avoid,"Above 200 DMA, RSI recovering, Positive day move, Positive 3M return, Positive 6M return, 80.0% of closes stayed inside the range | Range width 18.7% | Currently 43.0% through the range"
M&M,Consumer Cyclical,Auto Manufacturers,1501.1,1.06,1083.49,1627.56,38.54,7.77,53.45,1511.2,1358.9,2391785.95,1968032.0,0.82,Bearish,50.0,"Above 200 DMA, Healthy RSI momentum, Near 52W high momentum, Positive day move",-1.42,-0.4,21.06,-1.56,0.08,5.68,0.14,-0.48,15.38,25.0,"Positive 6M return, 6M Nifty outperformance",55.1,Profit Booking Zone,78.76,1325.34,1536.57,15.94,83.21,80.0% of closes stayed inside the range | Range width 15.9% | Currently 83.2% through the range,18.24,4.99,13.43,8.64,,,163.66,1.29,1.06,3493.41,92246.85,-7074.02,-13378.59,21.0528,21.6049,4.0858,95.0,0.291,408691.44,38.59,Automobile,12.0,0.0,4.0,0.0,8.0,24.0,0.86,Strong ROE,"Negative operating cash flow, Negative free cash flow",2.0,26.0,General quality ROE,44.22,9.0,"Negative operating cash flow, Negative free cash flow",25.48,Avoid,"Above 200 DMA, Healthy RSI momentum, Near 52W high momentum, Positive day move, Strong ROE, Positive 6M return, 6M Nifty outperformance, 80.0% of closes stayed inside the range | Range width 15.9% | Currently 83.2% through the range"
ADANIGREEN,Utilities,Utilities - Renewable,940.15,0.15,439.1,2572.0,114.11,63.45,52.7,955.81,938.99,614367.35,341112.0,0.56,Bearish,40.0,"Above 200 DMA, Healthy RSI momentum, Positive day move",-0.92,-3.21,8.22,-1.56,0.08,5.68,0.64,-3.29,2.54,10.0,Positive 6M return,82.35,Accumulation Zone,78.72,931.8,1015.46,8.98,9.98,80.0% of closes stayed inside the range | Range width 9.0% | Currently 10.0% through the range,13.34,1.45,54.59,12.53,,,742.39,0.92,0.92,1002.0,54224.0,7265.0,3889.0,131.5202,42.438,11.3765,,1.083,219453.29,94.69,Energy / Utilities,15.0,0.0,0.0,17.0,3.0,35.0,0.79,,"Very high debt, Very high PE",0.0,35.0,,50.38,8.0,Very high debt,24.31,Avoid,"Above 200 DMA, Healthy RSI momentum, Positive day move, Positive 6M return, 80.0% of closes stayed inside the range | Range width 9.0% | Currently 10.0% through the range"
WIPRO,Technology,Information Technology Services,176.48,0.62,162.77,205.23,8.42,14.01,35.1,188.36,183.31,7464572.1,3585902.0,0.48,Bearish,21.0,"Weak but watchable RSI, Near 52W low with stable RSI, Positive day move",-7.15,-7.6,-1.06,-1.56,0.08,5.68,-5.59,-7.68,-6.74,0.0,,96.97,Accumulation Zone,75.73,176.64,198.37,12.3,0.0,80.0% of closes stayed inside the range | Range width 12.3% | Currently 0.0% through the range,14.53,9.65,14.93,12.54,,,22.36,2.47,2.46,9188.0,17466.6,13060.1,11576.7,14.6683,13.2285,2.3486,4.33,0.394,181959.9,29.04,IT / Technology,16.0,0.0,15.0,17.0,15.0,63.0,0.86,,,0.0,63.0,,49.67,11.0,"Below 200 DMA, Low volume participation",23.75,Avoid,"Weak but watchable RSI, Near 52W low with stable RSI, Positive day move, 80.0% of closes stayed inside the range | Range width 12.3% | Currently 0.0% through the range"
SAIL,Basic Materials,Steel,85.76,0.11,69.99,100.27,22.54,14.46,53.69,88.14,84.27,12514803.6,20080996.0,1.6,Bearish,65.0,"Above 200 DMA, Healthy RSI momentum, Near 52W high momentum, Near 52W low zone, Volume expansion, Positive day move",-0.79,-2.68,5.23,-1.56,0.08,5.68,0.77,-2.76,-0.45,10.0,Positive 6M return,71.93,Lower Range Watch,78.42,80.94,92.5,14.28,41.7,80.0% of closes stayed inside the range | Range width 14.3% | Currently 41.7% through the range,3.98,1.67,3.96,2.1,,,56.21,0.77,0.21,57.09,30773.43,-5290.15,-9211.79,16.7147,10.9697,1.1918,92.0,1.029,71871.14,51.8,Metals / Mining,0.0,0.0,4.0,0.0,15.0,19.0,0.86,,"Negative operating cash flow, Negative free cash flow",2.0,21.0,General low-debt support,43.6,9.0,"Negative operating cash flow, Negative free cash flow",23.64,Avoid,"Above 200 DMA, Healthy RSI momentum, Near 52W high momentum, Near 52W low zone, Volume expansion, Positive day move, Positive 6M return, 80.0% of closes stayed inside the range | Range width 14.3% | Currently 41.7% through the range"
PETRONET,Energy,Oil & Gas Refining & Marketing,183.02,1.44,166.97,227.5,9.62,19.55,39.7,201.64,199.95,6261712.15,2558189.0,0.41,Bearish,21.0,"Weak but watchable RSI, Near 52W low with stable RSI, Positive day move",-11.42,-8.01,-9.63,-1.56,0.08,5.68,-9.86,-8.09,-15.31,0.0,,96.43,Accumulation Zone,75.99,192.99,213.36,10.55,0.0,80.0% of closes stayed inside the range | Range width 10.6% | Currently 0.0% through the range,21.79,14.59,7.37,5.64,,,21.91,4.04,3.65,62.66,3345.01,2518.52,1459.68,10.7263,9.9224,1.8833,3.61,0.45,41977.51,14.66,Energy / Utilities,11.0,0.0,15.0,17.0,15.0,58.0,0.86,Strong ROE,,4.0,62.0,"General quality ROE, General low-debt support",49.74,11.0,"Below 200 DMA, Low volume participation",23.41,Avoid,"Weak but watchable RSI, Near 52W low with stable RSI, Positive day move, Strong ROE, 80.0% of closes stayed inside the range | Range width 10.6% | Currently 0.0% through the range"
GVT&D,Industrials,Specialty Industrial Machinery,385.28,-0.92,98.25,448.64,292.14,14.12,49.65,382.32,236.75,37863.25,26668.0,0.7,Bullish,42.0,"Above 50 DMA, Above 200 DMA, RSI recovering",-2.03,22.84,83.06,-1.56,0.08,5.68,-0.47,22.76,77.38,70.0,"Strong 3M absolute return, Strong 6M absolute return, 3M Nifty outperformance, 6M Nifty outperformance",35.19,Profit Booking Zone,66.16,202.86,400.87,97.61,92.13,80.0% of closes stayed inside the range | Range width 97.6% | Currently 92.1% through the range,-0.14,-0.04,3.91,-0.05,,,25.48,1.08,0.82,44.67,273.33,-37.34,-53.77,86.6909,56.6679,41.9339,23.0,0.634,112826.91,43.57,Capital Goods / Infra,0.0,0.0,9.0,0.0,5.0,14.0,0.86,,"Negative net margin, Negative operating cash flow, Negative free cash flow, Very high PE",0.0,14.0,,50.01,17.0,"Negative net margin, Negative operating cash flow, Negative free cash flow",23.4,Avoid,"Above 50 DMA, Above 200 DMA, RSI recovering, Strong 3M absolute return, Strong 6M absolute return, 3M Nifty outperformance, 6M Nifty outperformance, 80.0% of closes stayed inside the range | Range width 97.6% | Currently 92.1% through the range"
MARICO,Consumer Defensive,Household & Personal Products,504.39,-0.05,445.44,572.8,13.24,11.94,34.96,534.44,508.18,1078660.95,524339.0,0.49,Bearish,13.0,"Weak but watchable RSI, Near 52W low zone",-3.37,-9.19,-2.41,-1.56,0.08,5.68,-1.81,-9.27,-8.09,0.0,,95.45,Accumulation Zone,74.44,507.98,557.33,9.72,0.0,80.0% of closes stayed inside the range | Range width 9.7% | Currently 0.0% through the range,34.27,18.74,17.09,13.44,,,16.0,1.57,1.07,207.0,608.0,1419.0,1237.0,58.8033,43.8817,26.3637,47.0,0.184,110823.09,43.87,FMCG / Consumer,21.0,0.0,15.0,17.0,7.0,60.0,0.86,Strong ROE,,8.0,68.0,"Strong ROE for a consumer staples business, Low debt, typical of a healthy consumer business",46.48,11.0,"Below 200 DMA, Low volume participation",23.02,Avoid,"Weak but watchable RSI, Near 52W low zone, Strong ROE, 80.0% of closes stayed inside the range | Range width 9.7% | Currently 0.0% through the range"
HINDZINC,Basic Materials,Other Industrial Metals & Mining,269.66,-0.18,194.09,301.41,38.94,10.53,48.08,277.22,272.96,493513.0,247756.0,0.5,Bearish,12.0,RSI recovering,-5.45,-4.83,-0.62,-1.56,0.08,5.68,-3.89,-4.91,-6.3,0.0,,91.23,Accumulation Zone,71.85,265.82,288.22,8.43,17.15,80.0% of closes stayed inside the range | Range width 8.4% | Currently 17.1% through the range,81.28,29.64,43.35,31.59,,,94.25,0.85,0.74,59.0,12188.0,15162.0,11568.0,14.4846,13.3134,10.9157,3.58,0.661,247012.13,75.8,Metals / Mining,25.0,0.0,4.0,17.0,11.0,57.0,0.86,Strong ROE,,2.0,59.0,General quality ROE,43.6,8.0,Below 200 DMA,22.19,Avoid,"RSI recovering, Strong ROE, 80.0% of closes stayed inside the range | Range width 8.4% | Currently 17.1% through the range"
PIDILITIND,Basic Materials,Specialty Chemicals,1199.95,-0.15,1107.06,1436.17,8.39,16.45,50.17,1209.57,1218.55,817177.2,363606.0,0.44,Bearish,28.0,"Healthy RSI momentum, Near 52W low with stable RSI",-1.28,-4.56,-4.37,-1.56,0.08,5.68,0.28,-4.64,-10.05,0.0,,91.23,Accumulation Zone,77.47,1198.35,1306.38,9.02,1.48,80.0% of closes stayed inside the range | Range width 9.0% | Currently 1.5% through the range,17.65,12.1,14.91,10.83,,,5.42,1.89,1.14,310.16,390.61,1557.57,1052.22,64.9428,53.7455,15.9869,68.0,0.397,173177.03,54.79,Chemicals,15.0,0.0,15.0,17.0,5.0,52.0,0.86,,,2.0,54.0,General low-debt support,43.6,11.0,"Below 200 DMA, Low volume participation",21.44,Avoid,"Healthy RSI momentum, Near 52W low with stable RSI, 80.0% of closes stayed inside the range | Range width 9.0% | Currently 1.5% through the range"
BAJAJFINSV,Financial Services,Financial Conglomerates,1582.08,-0.68,1211.97,1839.4,30.54,13.99,50.96,1568.73,1460.81,1321843.3,853825.0,0.65,Bullish,60.0,"Above 50 DMA, Above 200 DMA, Healthy RSI momentum, Near 52W high momentum",-3.73,5.4,11.59,-1.56,0.08,5.68,-2.17,5.32,5.91,20.0,"Positive 3M return, Positive 6M return",80.12,Neutral Range,79.75,1462.79,1630.04,11.43,71.32,80.0% of closes stayed inside the range | Range width 11.4% | Currently 71.3% through the range,13.83,1.58,39.29,8.69,,,361.15,,,2593.62,167599.41,-39479.54,-40700.03,31.9699,21.4331,4.1459,6.0,0.374,323329.46,51.48,Financial Services,13.0,0.0,0.0,0.0,11.0,24.0,0.71,,"Very high debt, Negative operating cash flow, Negative free cash flow",6.0,30.0,High leverage is structural for this sector,49.32,17.0,"Very high debt, Negative operating cash flow, Negative free cash flow",20.9,Avoid,"Above 50 DMA, Above 200 DMA, Healthy RSI momentum, Near 52W high momentum, Positive 3M return, Positive 6M return, 80.0% of closes stayed inside the range | Range width 11.4% | Currently 71.3% through the range"
BANKBARODA,Financial Services,Banks - Regional,179.19,0.95,103.5,200.09,73.13,10.45,46.81,185.41,167.53,18249053.6,14626408.0,0.8,Bearish,32.0,"Above 200 DMA, RSI recovering, Positive day move",-3.34,2.1,10.18,-1.56,0.08,5.68,-1.78,2.02,4.5,20.0,"Positive 3M return, Positive 6M return",80.12,Neutral Range,69.9,165.1,193.08,16.95,50.35,80.0% of closes stayed inside the range | Range width 16.9% | Currently 50.3% through the range,14.19,0.98,,26.72,,,100.41,,,102373.39,105481.16,-21353.65,-22336.61,7.149,5.892,0.77,3.45,0.43,129801.19,0.0,Banking,10.0,0.0,2.0,0.0,15.0,27.0,0.64,,"Negative operating cash flow, Negative free cash flow",0.0,27.0,,49.32,9.0,"Negative operating cash flow, Negative free cash flow",20.85,Avoid,"Above 200 DMA, RSI recovering, Positive day move, Positive 3M return, Positive 6M return, 80.0% of closes stayed inside the range | Range width 16.9% | Currently 50.3% through the range"
GRASIM,Basic Materials,Building Materials,1901.0,-0.73,1496.78,1992.8,27.01,4.61,53.45,1882.63,1726.86,508688.95,214186.0,0.42,Bullish,60.0,"Above 50 DMA, Above 200 DMA, Healthy RSI momentum, Near 52W high momentum",-2.71,5.54,11.89,-1.56,0.08,5.68,-1.15,5.46,6.21,20.0,"Positive 3M return, Positive 6M return",54.39,Profit Booking Zone,82.84,1692.4,1915.11,13.16,93.66,80.0% of closes stayed inside the range | Range width 13.2% | Currently 93.7% through the range,8.67,2.02,10.53,5.86,,,130.84,0.97,0.81,2312.56,103027.37,-12685.14,-24721.3,45.2565,22.5144,2.1683,30.0,0.355,224352.46,55.8,Cement / Realty,5.0,0.0,2.0,0.0,11.0,18.0,0.86,,"Negative operating cash flow, Negative free cash flow",0.0,18.0,,43.6,12.0,"Low volume participation, Negative operating cash flow, Negative free cash flow",20.84,Avoid,"Above 50 DMA, Above 200 DMA, Healthy RSI momentum, Near 52W high momentum, Positive 3M return, Positive 6M return, 80.0% of closes stayed inside the range | Range width 13.2% | Currently 93.7% through the range"
LICI,Financial Services,Insurance - Life,289.28,-0.77,252.0,358.59,14.79,19.33,35.85,304.69,291.36,1496806.2,2158102.0,1.44,Bearish,23.0,"Weak but watchable RSI, Near 52W low zone, Volume expansion",-4.59,-8.23,7.19,-1.56,0.08,5.68,-3.03,-8.31,1.51,10.0,Positive 6M return,88.55,Accumulation Zone,74.72,285.88,314.97,10.18,11.69,80.0% of closes stayed inside the range | Range width 10.2% | Currently 11.7% through the range,77.86,0.79,4.6,4.58,,,,,,30902.33,,,53632.04,8.5468,7.091,2.9869,2.46,0.543,527504.82,11.08,Financial Services,8.0,0.0,0.0,8.0,15.0,31.0,0.57,Strong ROE,,6.0,37.0,Strong ROE for a leveraged-balance-sheet business,49.32,8.0,Below 200 DMA,20.6,Avoid,"Weak but watchable RSI, Near 52W low zone, Volume expansion, Strong ROE, Positive 6M return, 80.0% of closes stayed inside the range | Range width 10.2% | Currently 11.7% through the range"
ICICIBANK,Financial Services,Banks - Regional,911.69,-0.44,770.28,976.1,18.36,6.6,48.27,926.14,895.5,11215277.7,11470096.0,1.02,Bearish,37.0,"Above 200 DMA, RSI recovering, Near 52W low zone, Normal volume support",-1.77,-1.93,-0.38,-1.56,0.08,5.68,-0.21,-2.01,-6.06,0.0,,96.39,Accumulation Zone,76.58,897.54,962.42,7.23,21.81,80.0% of closes stayed inside the range | Range width 7.2% | Currently 21.8% through the range,15.87,1.74,,25.1,,,85.55,,,163567.37,183509.44,-3771.19,-6238.87,18.4855,15.2309,2.6994,84.0,0.261,1026998.09,0.0,Banking,10.0,0.0,4.0,0.0,15.0,29.0,0.64,,"Negative operating cash flow, Negative free cash flow",6.0,35.0,Strong ROE for a leveraged-balance-sheet business,49.32,9.0,"Negative operating cash flow, Negative free cash flow",19.9,Avoid,"Above 200 DMA, RSI recovering, Near 52W low zone, Normal volume support, 80.0% of closes stayed inside the range | Range width 7.2% | Currently 21.8% through the range"
HDFCBANK,Financial Services,Banks - Regional,712.79,-0.18,646.11,841.43,10.32,15.29,42.91,736.79,767.72,29016970.4,20605914.0,0.71,Bearish,13.0,"Weak but watchable RSI, Near 52W low zone",-3.06,-8.03,-10.14,-1.56,0.08,5.68,-1.5,-8.11,-15.82,0.0,,96.39,Accumulation Zone,74.08,715.38,801.97,12.1,0.0,80.0% of closes stayed inside the range | Range width 12.1% | Currently 0.0% through the range,17.01,1.92,,41.1,,,108.23,,,236392.02,315179.28,47720.06,43358.03,15.924,11.6454,1.8511,1.78,0.414,1123335.9,0.0,Banking,10.0,0.0,2.0,17.0,14.0,43.0,0.64,,,6.0,49.0,Strong ROE for a leveraged-balance-sheet business,49.32,8.0,Below 200 DMA,19.8,Avoid,"Weak but watchable RSI, Near 52W low zone, 80.0% of closes stayed inside the range | Range width 12.1% | Currently 0.0% through the range"
POLICYBZR,Financial Services,Insurance Brokers,749.9,0.45,356.2,818.0,110.53,8.33,59.29,744.03,651.19,1295318.1,330964.0,0.26,Bullish,65.0,"Above 50 DMA, Above 200 DMA, Healthy RSI momentum, Near 52W high momentum, Positive day move",1.53,3.09,25.12,-1.56,0.08,5.68,3.09,3.01,19.44,53.0,"Positive 1M return, Positive 3M return, Positive 6M return, 6M Nifty outperformance, Positive across 1M/3M/6M",52.41,Profit Booking Zone,81.28,623.93,769.63,23.35,86.46,80.0% of closes stayed inside the range | Range width 23.4% | Currently 86.5% through the range,-8.9,-7.79,-28.35,-19.05,,,4.14,7.48,,72.34,226.59,-298.97,-364.67,107.8784,51.9191,10.9914,,0.375,80349.11,64.25,Financial Services,0.0,0.0,14.0,0.0,3.0,17.0,0.71,,"Negative net margin, Negative operating cash flow, Negative free cash flow, Very high PE",-9.0,8.0,"Weak ROE for a leveraged-balance-sheet business, Expensive relative to book value for this sector",49.32,20.0,"Low volume participation, Negative net margin, Negative operating cash flow, Negative free cash flow",19.7,Avoid,"Above 50 DMA, Above 200 DMA, Healthy RSI momentum, Near 52W high momentum, Positive day move, Positive 1M return, Positive 3M return, Positive 6M return, 6M Nifty outperformance, Positive across 1M/3M/6M, 80.0% of closes stayed inside the range | Range width 23.4% | Currently 86.5% through the range"
PAYTM,Technology,Software - Infrastructure,894.65,0.06,438.35,998.3,104.09,10.38,47.29,895.61,762.25,2817132.6,860179.0,0.31,Bearish,32.0,"Above 200 DMA, RSI recovering, Positive day move",-4.12,3.48,25.45,-1.56,0.08,5.68,-2.56,3.4,19.77,35.0,"Positive 3M return, Positive 6M return, 6M Nifty outperformance",57.58,Profit Booking Zone,74.21,759.31,921.38,21.35,83.5,80.0% of closes stayed inside the range | Range width 21.3% | Currently 83.5% through the range,-13.64,-9.88,-26.46,-22.47,,,1.72,3.12,,3312.0,223.3,415.6,-289.6,160.3586,51.8355,6.4407,,-0.307,103222.43,36.98,IT / Technology,0.0,0.0,17.0,9.0,3.0,29.0,0.71,Cash covers debt,"Negative net margin, Negative free cash flow, Very high PE",0.0,29.0,,49.67,15.0,"Low volume participation, Negative net margin, Negative free cash flow",19.35,Avoid,"Above 200 DMA, RSI recovering, Positive day move, Cash covers debt, Positive 3M return, Positive 6M return, 6M Nifty outperformance, 80.0% of closes stayed inside the range | Range width 21.3% | Currently 83.5% through the range"
ABCAPITAL,Financial Services,Financial Conglomerates,177.9,1.63,106.65,199.3,66.81,10.74,53.91,178.8,169.83,2660523.05,2261934.0,0.85,Bearish,50.0,"Above 200 DMA, Healthy RSI momentum, Near 52W high momentum, Positive day move",-1.5,-3.08,7.36,-1.56,0.08,5.68,0.06,-3.16,1.68,10.0,Positive 6M return,88.55,Lower Range Watch,77.06,171.64,190.59,11.04,33.03,80.0% of closes stayed inside the range | Range width 11.0% | Currently 33.0% through the range,23.61,2.65,36.28,16.78,,,417.15,,,1730.79,84726.3,-24028.59,-24274.17,26.3092,16.2013,3.1273,,0.687,112442.53,28.11,Financial Services,17.0,0.0,0.0,0.0,9.0,26.0,0.64,Strong ROE,"Very high debt, Negative operating cash flow, Negative free cash flow",12.0,38.0,"High leverage is structural for this sector, Strong ROE for a leveraged-balance-sheet business",49.32,17.0,"Very high debt, Negative operating cash flow, Negative free cash flow",18.7,Avoid,"Above 200 DMA, Healthy RSI momentum, Near 52W high momentum, Positive day move, Strong ROE, Positive 6M return, 80.0% of closes stayed inside the range | Range width 11.0% | Currently 33.0% through the range"
ICICIPRULI,Financial Services,Insurance - Life,522.8,-0.8,378.11,612.02,38.27,14.58,46.36,542.65,495.35,1261085.25,442853.0,0.35,Bearish,27.0,"Above 200 DMA, RSI recovering",0.62,-6.1,19.99,-1.56,0.08,5.68,2.18,-6.18,14.31,18.0,"Positive 1M return, Positive 6M return",83.73,Lower Range Watch,71.94,499.31,576.19,15.4,30.55,80.0% of closes stayed inside the range | Range width 15.4% | Currently 30.5% through the range,8.06,0.32,2.08,1.67,,,11.89,,,1329.96,1200.0,,-103.23,43.0979,35.6732,5.3841,33.0,0.471,73415.47,10.44,Financial Services,2.0,0.0,12.0,0.0,9.0,23.0,0.64,Cash covers debt,Negative free cash flow,-4.0,19.0,Expensive relative to book value for this sector,49.32,7.0,"Low volume participation, Negative free cash flow",18.3,Avoid,"Above 200 DMA, RSI recovering, Cash covers debt, Positive 1M return, Positive 6M return, 80.0% of closes stayed inside the range | Range width 15.4% | Currently 30.5% through the range"
CHOLAFIN,Financial Services,Credit Services,1144.6,0.06,654.07,1268.14,75.0,9.74,44.99,1176.87,1002.02,1595154.9,979664.0,0.61,Bearish,28.0,"Above 200 DMA, Weak but watchable RSI, Positive day move",-8.66,10.13,14.56,-1.56,0.08,5.68,-7.1,10.05,8.88,35.0,"Positive 3M return, Positive 6M return, 3M Nifty outperformance",70.48,Neutral Range,70.47,1047.5,1213.09,15.81,58.64,80.0% of closes stayed inside the range | Range width 15.8% | Currently 58.6% through the range,18.58,2.35,,37.3,,,679.8,,,1991.61,97524.39,-27105.05,-27294.5,28.3753,19.5308,5.3643,7.0,0.477,163765.54,99.93,Financial Services,12.0,0.0,0.0,0.0,11.0,23.0,0.64,Strong ROE,"Very high debt, Negative operating cash flow, Negative free cash flow",8.0,31.0,"High leverage is structural for this sector, Strong ROE for a leveraged-balance-sheet business, Expensive relative to book value for this sector",49.32,17.0,"Very high debt, Negative operating cash flow, Negative free cash flow",17.0,Avoid,"Above 200 DMA, Weak but watchable RSI, Positive day move, Strong ROE, Positive 3M return, Positive 6M return, 3M Nifty outperformance, 80.0% of closes stayed inside the range | Range width 15.8% | Currently 58.6% through the range"
HINDPETRO,Energy,Oil & Gas Refining & Marketing,175.13,1.24,115.53,178.97,51.59,2.15,78.74,149.44,147.73,8251113.55,7103496.0,0.86,Bullish,52.0,"Above 50 DMA, Above 200 DMA, Strong but overbought RSI, Near 52W high momentum, Positive day move",18.25,13.73,16.81,-1.56,0.08,5.68,19.81,13.65,11.13,70.0,"Strong 1M absolute return, Positive 3M return, Positive 6M return, 1M Nifty outperformance, 3M Nifty outperformance, Positive across 1M/3M/6M",39.29,Profit Booking Zone,81.34,145.42,172.05,18.31,100.0,80.0% of closes stayed inside the range | Range width 18.3% | Currently 100.0% through the range,-21.64,-4.31,-2.47,-1.61,,,219.04,0.6,0.2,518.48,70671.02,-3466.31,-12913.02,49.6183,6.9656,1.2661,6.2,0.912,82985.08,6.47,Energy / Utilities,0.0,0.0,0.0,0.0,11.0,11.0,0.86,,"Negative net margin, Very high debt, Negative operating cash flow, Negative free cash flow",0.0,11.0,,49.74,25.0,"Very high debt, Negative net margin, Negative operating cash flow, Negative free cash flow",16.81,Avoid,"Above 50 DMA, Above 200 DMA, Strong but overbought RSI, Near 52W high momentum, Positive day move, Strong 1M absolute return, Positive 3M return, Positive 6M return, 1M Nifty outperformance, 3M Nifty outperformance, Positive across 1M/3M/6M, 80.0% of closes stayed inside the range | Range width 18.3% | Currently 100.0% through the range"
UBL,Consumer Defensive,Beverages - Brewers,1546.53,-0.12,1324.03,1767.12,16.8,12.48,45.16,1560.83,1477.45,305835.45,140684.0,0.46,Bearish,32.0,"Above 200 DMA, RSI recovering, Near 52W low zone",-0.59,2.58,11.13,-1.56,0.08,5.68,0.97,2.5,5.45,20.0,"Positive 3M return, Positive 6M return",72.73,Neutral Range,74.59,1444.02,1582.05,9.56,74.27,80.0% of closes stayed inside the range | Range width 9.6% | Currently 74.3% through the range,7.67,4.84,5.53,4.15,,,0.39,1.62,0.99,329.86,15.62,-119.57,-275.85,92.6769,49.7287,8.1161,71.0,-0.03,36707.37,42.07,FMCG / Consumer,0.0,0.0,16.0,0.0,5.0,21.0,0.86,Cash covers debt,"Negative operating cash flow, Negative free cash flow, Very high PE",3.0,24.0,"Low debt, typical of a healthy consumer business",46.48,12.0,"Low volume participation, Negative operating cash flow, Negative free cash flow",16.37,Avoid,"Above 200 DMA, RSI recovering, Near 52W low zone, Cash covers debt, Positive 3M return, Positive 6M return, 80.0% of closes stayed inside the range | Range width 9.6% | Currently 74.3% through the range"
ADANIENT,Energy,Thermal Coal,2210.7,0.39,1015.6,4182.39,117.67,47.14,36.51,2401.29,2226.34,1248990.05,853633.0,0.68,Bearish,13.0,"Weak but watchable RSI, Positive day move",-9.81,-12.83,15.59,-1.56,0.08,5.68,-8.25,-12.91,9.91,10.0,Positive 6M return,78.57,Accumulation Zone,74.07,2258.51,2533.17,12.16,0.0,80.0% of closes stayed inside the range | Range width 12.2% | Currently 0.0% through the range,7.46,1.74,5.36,1.93,,,160.4,0.83,0.68,1882.33,53012.6,17626.46,2901.74,52.0792,44.307,4.7693,4.0,0.808,424857.17,43.31,Metals / Mining,0.0,0.0,0.0,17.0,9.0,26.0,0.86,,,0.0,26.0,,49.74,8.0,Below 200 DMA,14.31,Avoid,"Weak but watchable RSI, Positive day move, Positive 6M return, 80.0% of closes stayed inside the range | Range width 12.2% | Currently 0.0% through the range"
AEGISLOG,Energy,Oil & Gas Refining & Marketing,307.61,1.61,235.58,396.08,30.58,22.34,54.46,315.24,343.38,1003433.2,802751.0,0.8,Bearish,25.0,"Healthy RSI momentum, Positive day move",-1.93,-14.96,-12.5,-1.56,0.08,5.68,-0.37,-15.04,-18.18,0.0,,96.43,Accumulation Zone,74.09,302.07,360.66,19.4,9.46,80.0% of closes stayed inside the range | Range width 19.4% | Currently 9.5% through the range,13.11,6.46,6.41,5.37,,,54.47,2.44,2.3,832.51,1923.9,358.41,-179.59,36.3676,33.7418,7.3301,1.03,0.55,44383.95,26.48,Energy / Utilities,6.0,0.0,12.0,9.0,6.0,33.0,0.86,,Negative free cash flow,2.0,35.0,General low-debt support,49.74,12.0,"Below 200 DMA, Negative free cash flow",13.96,Avoid,"Healthy RSI momentum, Positive day move, 80.0% of closes stayed inside the range | Range width 19.4% | Currently 9.5% through the range"
BAJFINANCE,Financial Services,Credit Services,723.47,-1.13,536.89,805.16,34.75,10.15,38.19,750.62,674.19,8800331.5,7322400.0,0.83,Bearish,23.0,"Above 200 DMA, Weak but watchable RSI",-8.58,4.25,10.13,-1.56,0.08,5.68,-7.02,4.17,4.45,20.0,"Positive 3M return, Positive 6M return",80.12,Lower Range Watch,69.6,686.17,772.01,12.51,43.45,80.0% of closes stayed inside the range | Range width 12.5% | Currently 43.5% through the range,21.16,4.18,,42.67,,,302.48,,,2733.25,164466.94,-42111.79,-42990.11,33.5541,21.7163,5.9681,49.0,0.323,680692.29,91.55,Financial Services,12.0,0.0,0.0,0.0,11.0,23.0,0.64,Strong ROE,"Very high debt, Negative operating cash flow, Negative free cash flow",8.0,31.0,"High leverage is structural for this sector, Strong ROE for a leveraged-balance-sheet business, Expensive relative to book value for this sector",49.32,17.0,"Very high debt, Negative operating cash flow, Negative free cash flow",12.0,Avoid,"Above 200 DMA, Weak but watchable RSI, Strong ROE, Positive 3M return, Positive 6M return, 80.0% of closes stayed inside the range | Range width 12.5% | Currently 43.5% through the range"
VOLTAS,Consumer Cyclical,"Furnishings, Fixtures & Appliances",804.01,-1.91,724.31,1032.92,11.0,22.16,39.11,846.09,815.0,921980.05,859220.0,0.93,Bearish,13.0,"Weak but watchable RSI, Near 52W low zone",-3.72,-1.76,0.98,-1.56,0.08,5.68,-2.16,-1.84,-4.7,10.0,Positive 6M return,87.76,Neutral Range,66.79,753.22,863.45,14.64,46.08,80.0% of closes stayed inside the range | Range width 14.6% | Currently 46.1% through the range,2.48,1.31,3.09,1.44,,,11.93,1.4,1.05,692.72,650.58,159.38,-20.55,113.2572,38.3226,6.6943,31.0,0.138,42684.13,22.23,Consumer Discretionary,0.0,0.0,16.0,9.0,5.0,30.0,0.86,Cash covers debt,"Negative free cash flow, Very high PE",2.0,32.0,General low-debt support,44.22,12.0,"Below 200 DMA, Negative free cash flow",11.58,Avoid,"Weak but watchable RSI, Near 52W low zone, Cash covers debt, Positive 6M return, 80.0% of closes stayed inside the range | Range width 14.6% | Currently 46.1% through the range"
HFCL,Technology,Communication Equipment,65.72,0.3,55.45,88.32,18.53,25.59,40.66,71.43,67.13,5878143.9,2557117.0,0.44,Bearish,18.0,"Weak but watchable RSI, Near 52W low zone, Positive day move",-11.6,-3.95,-2.9,-1.56,0.08,5.68,-10.04,-4.03,-8.58,0.0,,96.97,Accumulation Zone,72.0,63.98,74.92,17.09,15.91,80.0% of closes stayed inside the range | Range width 17.1% | Currently 15.9% through the range,9.69,5.5,11.46,6.36,,,30.13,1.91,1.55,62.91,936.25,235.11,-106.44,57.8381,42.6,6.6817,5.0,0.926,33898.4,37.62,IT / Technology,10.0,0.0,14.0,9.0,7.0,40.0,0.86,,Negative free cash flow,0.0,40.0,,49.67,15.0,"Below 200 DMA, Low volume participation, Negative free cash flow",10.95,Avoid,"Weak but watchable RSI, Near 52W low zone, Positive day move, 80.0% of closes stayed inside the range | Range width 17.1% | Currently 15.9% through the range"
NAVINFLUOR,Basic Materials,Chemicals,3612.52,0.79,3325.54,4896.83,8.63,26.23,45.62,3951.75,4266.03,221584.3,145731.0,0.66,Bearish,25.0,"RSI recovering, Near 52W low with stable RSI, Positive day move",-1.23,-18.44,-22.23,-1.56,0.08,5.68,0.33,-18.52,-27.91,0.0,,91.23,Accumulation Zone,73.58,3572.91,4584.88,28.32,3.91,80.0% of closes stayed inside the range | Range width 28.3% | Currently 3.9% through the range,17.17,10.63,23.65,18.17,,,39.41,2.66,1.76,14.47,861.15,-63.59,-821.3,54.2102,41.8624,10.7744,19.0,0.239,42868.86,56.75,Chemicals,19.0,0.0,15.0,0.0,7.0,41.0,0.86,,"Negative operating cash flow, Negative free cash flow",2.0,43.0,General low-debt support,43.6,17.0,"Below 200 DMA, Negative operating cash flow, Negative free cash flow",10.84,Avoid,"RSI recovering, Near 52W low with stable RSI, Positive day move, 80.0% of closes stayed inside the range | Range width 28.3% | Currently 3.9% through the range"
PAGEIND,Consumer Cyclical,Apparel Manufacturing,35487.77,-3.45,33379.51,51744.07,6.32,31.42,39.51,37399.17,37144.24,23428.4,42823.0,1.83,Bearish,26.0,"Weak but watchable RSI, Near 52W low with stable RSI, Volume expansion",-5.75,-9.29,-12.02,-1.56,0.08,5.68,-4.19,-9.37,-17.7,0.0,,97.96,Accumulation Zone,76.54,35352.71,38944.18,10.16,3.76,80.0% of closes stayed inside the range | Range width 10.2% | Currently 3.8% through the range,41.67,21.21,16.84,12.21,,,29.64,1.64,0.31,0.66,406.4,-1.61,-167.26,55.968,41.7449,28.4266,1.56,0.052,42713.76,58.47,Consumer Discretionary,21.0,0.0,11.0,0.0,6.0,38.0,0.86,Strong ROE,"Negative operating cash flow, Negative free cash flow",4.0,42.0,"General quality ROE, General low-debt support",44.22,17.0,"Below 200 DMA, Negative operating cash flow, Negative free cash flow",10.83,Avoid,"Weak but watchable RSI, Near 52W low with stable RSI, Volume expansion, Strong ROE, 80.0% of closes stayed inside the range | Range width 10.2% | Currently 3.8% through the range"
HAVELLS,Industrials,Electrical Equipment & Parts,1225.99,-0.53,998.35,1436.89,22.8,14.68,35.21,1325.13,1254.38,1010274.75,472505.0,0.47,Bearish,13.0,"Weak but watchable RSI, Near 52W low zone",-10.09,-3.86,-3.34,-1.56,0.08,5.68,-8.53,-3.94,-9.02,0.0,,96.91,Accumulation Zone,74.33,1242.09,1371.76,10.44,0.0,80.0% of closes stayed inside the range | Range width 10.4% | Currently 0.0% through the range,16.18,9.61,8.01,6.38,,,3.37,1.84,0.88,465.16,223.1,564.94,-22.85,49.012,38.6678,8.3918,94.0,0.3,79386.55,32.03,Capital Goods / Infra,11.0,0.0,16.0,9.0,7.0,43.0,0.86,Cash covers debt,Negative free cash flow,0.0,43.0,,50.01,15.0,"Below 200 DMA, Low volume participation, Negative free cash flow",10.8,Avoid,"Weak but watchable RSI, Near 52W low zone, Cash covers debt, 80.0% of closes stayed inside the range | Range width 10.4% | Currently 0.0% through the range"
STARHEALTH,Financial Services,Insurance - Life,548.45,0.72,481.55,780.0,13.89,29.69,34.92,596.99,580.42,373136.7,173560.0,0.47,Bearish,18.0,"Weak but watchable RSI, Near 52W low zone, Positive day move",-6.66,-13.6,-4.38,-1.56,0.08,5.68,-5.1,-13.68,-10.06,0.0,,96.39,Accumulation Zone,72.59,538.37,642.41,19.33,9.69,80.0% of closes stayed inside the range | Range width 19.3% | Currently 9.7% through the range,9.39,3.78,7.47,5.05,,,7.13,,,309.36,470.0,,1229.22,51.433,20.1468,3.3841,,0.197,34318.63,21.95,Financial Services,2.0,0.0,9.0,8.0,7.0,26.0,0.57,,,0.0,26.0,,49.32,11.0,"Below 200 DMA, Low volume participation",10.0,Avoid,"Weak but watchable RSI, Near 52W low zone, Positive day move, 80.0% of closes stayed inside the range | Range width 19.3% | Currently 9.7% through the range"
KOTAKBANK,Financial Services,Banks - Regional,348.25,0.16,327.13,410.9,6.46,15.25,51.07,350.03,360.17,15519802.0,14276385.0,0.92,Bearish,33.0,"Healthy RSI momentum, Near 52W low with stable RSI, Positive day move",-0.78,-2.41,-11.32,-1.56,0.08,5.68,0.78,-2.49,-17.0,0.0,,96.39,Accumulation Zone,77.64,346.12,382.53,10.52,5.85,80.0% of closes stayed inside the range | Range width 10.5% | Currently 5.9% through the range,13.29,2.41,,28.78,,,46.6,,,47469.83,52333.92,-1242.43,-2229.19,19.2649,15.2838,2.1432,17.0,0.275,388409.46,0.0,Banking,10.0,0.0,7.0,0.0,15.0,32.0,0.64,,"Negative operating cash flow, Negative free cash flow",0.0,32.0,,49.32,17.0,"Below 200 DMA, Negative operating cash flow, Negative free cash flow",9.85,Avoid,"Healthy RSI momentum, Near 52W low with stable RSI, Positive day move, 80.0% of closes stayed inside the range | Range width 10.5% | Currently 5.9% through the range"
AMBUJACEM,Basic Materials,Building Materials,414.56,0.31,309.86,587.68,33.79,29.46,45.16,425.51,409.09,1726667.95,698694.0,0.4,Bearish,32.0,"Above 200 DMA, RSI recovering, Positive day move",-4.66,-8.11,3.75,-1.56,0.08,5.68,-3.1,-8.19,-1.93,10.0,Positive 6M return,71.93,Accumulation Zone,77.98,413.26,452.03,9.38,3.35,80.0% of closes stayed inside the range | Range width 9.4% | Currently 3.4% through the range,,,8.36,6.26,,,,,,,,-836.2,-5390.24,23.7585,28.9663,1.7535,47.0,0.221,104610.8,56.82,Cement / Realty,3.0,0.0,0.0,0.0,10.0,13.0,0.5,,"Negative operating cash flow, Negative free cash flow",0.0,13.0,,43.6,12.0,"Low volume participation, Negative operating cash flow, Negative free cash flow",9.59,Avoid,"Above 200 DMA, RSI recovering, Positive day move, Positive 6M return, 80.0% of closes stayed inside the range | Range width 9.4% | Currently 3.4% through the range"
ATGL,Utilities,Utilities - Regulated Gas,541.47,0.46,521.49,3994.52,3.83,86.44,32.93,600.31,843.15,840219.55,221120.0,0.26,Bearish,21.0,"Weak but watchable RSI, Near 52W low with stable RSI, Positive day move",-9.91,-16.49,-30.26,-1.56,0.08,5.68,-8.35,-16.57,-35.94,0.0,,94.12,Accumulation Zone,74.71,562.8,670.49,19.13,0.0,80.0% of closes stayed inside the range | Range width 19.1% | Currently 0.0% through the range,18.58,9.68,17.4,12.56,,,48.35,0.39,0.35,12.04,1422.09,852.85,-322.52,116.2588,,14.9289,4.0,0.606,72625.95,28.25,Energy / Utilities,18.0,0.0,7.0,9.0,2.0,36.0,0.86,Strong ROE,"Negative free cash flow, Very high PE",4.0,40.0,"General quality ROE, General low-debt support",50.38,20.0,"Below 200 DMA, Far from 52W high, Low volume participation, Negative free cash flow",6.81,Avoid,"Weak but watchable RSI, Near 52W low with stable RSI, Positive day move, Strong ROE, 80.0% of closes stayed inside the range | Range width 19.1% | Currently 0.0% through the range"
LLOYDSME,Basic Materials,Steel,522.66,0.43,490.69,684.87,6.51,23.69,42.05,548.14,,166795.95,95701.0,0.57,Bearish,21.0,"Weak but watchable RSI, Near 52W low with stable RSI, Positive day move",-11.66,-16.23,,-1.56,0.08,5.68,-10.1,-16.31,,0.0,,91.23,Accumulation Zone,72.53,523.03,619.61,18.46,0.0,78.0% of closes stayed inside the range | Range width 18.5% | Currently 0.0% through the range,-18.87,-14.24,25.18,-8.63,,,4.3,1.95,1.38,27.29,65.77,-516.44,-904.79,22.1189,12.3348,7.6829,5.0,,106531.99,54.65,Metals / Mining,6.0,0.0,15.0,0.0,9.0,30.0,0.86,,"Negative net margin, Negative operating cash flow, Negative free cash flow",2.0,32.0,General low-debt support,43.6,17.0,"Negative net margin, Negative operating cash flow, Negative free cash flow",5.99,Avoid,"Weak but watchable RSI, Near 52W low with stable RSI, Positive day move, 78.0% of closes stayed inside the range | Range width 18.5% | Currently 0.0% through the range"
DELHIVERY,Industrials,Integrated Freight & Logistics,404.4,-0.92,291.0,608.7,38.97,33.56,42.09,422.07,377.87,597354.05,181941.0,0.3,Bearish,23.0,"Above 200 DMA, Weak but watchable RSI",-5.14,-3.95,10.0,-1.56,0.08,5.68,-3.58,-4.03,4.32,10.0,Positive 6M return,87.65,Neutral Range,68.97,369.53,431.22,16.69,56.53,80.0% of closes stayed inside the range | Range width 16.7% | Currently 56.5% through the range,-10.98,-8.99,-17.36,-13.95,,,10.06,5.33,5.32,295.45,923.44,-29.7,-630.25,385.4508,42.6924,3.6232,,0.174,35229.57,84.92,Capital Goods / Infra,0.0,0.0,17.0,0.0,5.0,22.0,0.79,,"Negative net margin, Negative operating cash flow, Negative free cash flow, Very high PE",0.0,22.0,,50.01,20.0,"Low volume participation, Negative net margin, Negative operating cash flow, Negative free cash flow",3.45,Avoid,"Above 200 DMA, Weak but watchable RSI, Positive 6M return, 80.0% of closes stayed inside the range | Range width 16.7% | Currently 56.5% through the range"
M&MFIN,Financial Services,Credit Services,254.41,0.2,161.66,318.13,57.37,20.03,49.59,266.37,258.1,4424041.95,1347990.0,0.3,Bearish,17.0,"RSI recovering, Positive day move",-5.24,-3.87,-2.28,-1.56,0.08,5.68,-3.68,-3.95,-7.96,0.0,,96.39,Accumulation Zone,74.22,255.0,297.85,16.8,0.0,80.0% of closes stayed inside the range | Range width 16.8% | Currently 0.0% through the range,11.17,1.97,,28.03,,,411.91,,,5403.63,76451.46,-17395.31,-17808.6,17.0039,12.9871,2.0642,1.88,0.343,55006.67,86.34,Financial Services,8.0,0.0,0.0,0.0,14.0,22.0,0.64,,"Very high debt, Negative operating cash flow, Negative free cash flow",6.0,28.0,High leverage is structural for this sector,49.32,28.0,"Below 200 DMA, Low volume participation, Very high debt, Negative operating cash flow, Negative free cash flow",0.0,Avoid,"RSI recovering, Positive day move, 80.0% of closes stayed inside the range | Range width 16.8% | Currently 0.0% through the range"
ADANIENSOL,Utilities,Utilities - Independent Power Producers,759.0,-0.19,631.5,4236.75,20.19,82.09,45.37,797.73,922.25,414208.2,179475.0,0.43,Bearish,17.0,"RSI recovering, Near 52W low zone",-3.34,-8.74,-9.71,-1.56,0.08,5.68,-1.78,-8.82,-15.39,0.0,,94.12,Accumulation Zone,74.63,757.91,856.07,12.95,1.12,80.0% of closes stayed inside the range | Range width 13.0% | Currently 1.1% through the range,10.69,2.33,22.48,9.62,,,291.68,0.99,0.97,190.64,34270.03,3776.99,-925.22,66.6528,44.2264,7.5542,,0.679,195550.42,43.66,Energy / Utilities,10.0,0.0,0.0,9.0,3.0,22.0,0.79,,"Very high debt, Negative free cash flow",0.0,22.0,,50.38,28.0,"Below 200 DMA, Far from 52W high, Low volume participation, Very high debt, Negative free cash flow",0.0,Avoid,"RSI recovering, Near 52W low zone, 80.0% of closes stayed inside the range | Range width 13.0% | Currently 1.1% through the range"
SBICARD,Financial Services,Credit Services,745.39,-0.07,686.14,1014.74,8.63,26.54,38.95,785.52,799.58,1291561.8,1182457.0,0.92,Bearish,16.0,"Weak but watchable RSI, Near 52W low with stable RSI",-4.68,-13.13,-15.49,-1.56,0.08,5.68,-3.12,-13.21,-21.17,0.0,,96.39,Accumulation Zone,73.85,766.88,903.55,17.82,0.0,80.0% of closes stayed inside the range | Range width 17.8% | Currently 0.0% through the range,22.98,4.96,,21.15,,,320.76,,,1016.04,31531.09,-6670.51,-6763.91,27.1772,18.3719,3.9751,38.0,0.246,62484.85,24.65,Financial Services,12.0,0.0,0.0,0.0,11.0,23.0,0.64,Strong ROE,"Very high debt, Negative operating cash flow, Negative free cash flow",12.0,35.0,"High leverage is structural for this sector, Strong ROE for a leveraged-balance-sheet business",49.32,25.0,"Below 200 DMA, Very high debt, Negative operating cash flow, Negative free cash flow",0.0,Avoid,"Weak but watchable RSI, Near 52W low with stable RSI, Strong ROE, 80.0% of closes stayed inside the range | Range width 17.8% | Currently 0.0% through the range"
