symbol,sector,industry,current_price,day_change_pct,low_52w,high_52w,distance_from_low_pct,distance_from_high_pct,rsi,sma50,sma200,avg_volume_20d,latest_volume,volume_ratio,trend,technical_score,technical_reasons,return_1m,return_3m,return_6m,nifty_return_1m,nifty_return_3m,nifty_return_6m,return_vs_nifty_1m,return_vs_nifty_3m,return_vs_nifty_6m,relative_strength_score,relative_strength_reasons,sector_rank_pct,range_status,range_score,range_low,range_high,range_width_pct,range_position_pct,range_reasons,roe,roa,operating_margin,net_profit_margin,revenue_growth,earnings_growth,debt_to_equity,current_ratio,quick_ratio,total_cash_cr,total_debt_cr,operating_cashflow_cr,free_cashflow_cr,trailing_pe,forward_pe,price_to_book,dividend_yield,beta,market_cap_cr,gross_margin,sector_bucket,profitability_score,growth_score,balance_sheet_score,cashflow_score,valuation_score,fundamental_score,fundamental_data_coverage,fundamental_reasons,fundamental_risk_reasons,sector_adjustment,sector_adjusted_fundamental_score,sector_adjustment_reasons,sector_score,risk_penalty,risk_reasons,final_score,score_band,reasons
ABB,Industrials,Specialty Industrial Machinery,5888.81,-1.31,2557.9,8922.81,130.22,34.0,57.53,5376.9,5333.39,483520.05,249926.0,0.52,Bullish,50.0,"Above 50 DMA, Above 200 DMA, Healthy RSI momentum",2.86,18.29,16.91,-6.48,-8.24,-2.86,9.34,26.53,19.77,78.0,"Positive 1M return, Positive 3M return, Positive 6M return, 1M Nifty outperformance, 3M Nifty outperformance, 6M Nifty outperformance, Positive across 1M/3M/6M",16.09,Profit Booking Zone,80.93,4886.9,5779.2,18.26,100.0,80.0% of closes stayed inside the range | Range width 18.3% | Currently 100.0% through the range,21.29,12.23,14.36,12.77,349.05,374.29,1.08,2.05,1.69,1552.57,84.82,1219.51,979.56,102.0381,73.5122,17.5008,52.0,0.486,163381.35,37.28,Capital Goods / Infra,19.0,20.0,20.0,17.0,5.0,81.0,1.0,"Strong ROE, Cash covers debt",Very high PE,5.0,86.0,Strong order-book-driven revenue growth,26.17,0.0,,66.03,Strong,"Above 50 DMA, Above 200 DMA, Healthy RSI momentum, Strong ROE, Cash covers debt, Positive 1M return, Positive 3M return, Positive 6M return, 1M Nifty outperformance, 3M Nifty outperformance, 6M Nifty outperformance, Positive across 1M/3M/6M, 80.0% of closes stayed inside the range | Range width 18.3% | Currently 100.0% through the range"
SCHAEFFLER,Consumer Cyclical,Auto Parts,4138.55,-3.54,2474.05,4869.38,67.28,15.01,56.96,3839.16,3950.85,155643.8,79491.0,0.51,Bullish,50.0,"Above 50 DMA, Above 200 DMA, Healthy RSI momentum",9.39,10.0,10.33,-6.48,-8.24,-2.86,15.87,18.24,13.19,63.0,"Positive 1M return, Positive 3M return, Positive 6M return, 1M Nifty outperformance, 3M Nifty outperformance, Positive across 1M/3M/6M",8.59,Profit Booking Zone,81.57,3741.27,4150.98,10.95,96.97,80.0% of closes stayed inside the range | Range width 11.0% | Currently 97.0% through the range,19.02,14.01,14.9,12.05,305.94,300.67,0.9,2.59,1.75,963.8,54.67,1290.03,826.2,51.4953,40.9915,10.512,84.0,0.118,64487.76,38.41,Automobile,19.0,20.0,20.0,17.0,7.0,83.0,1.0,"Strong ROE, Cash covers debt",,4.0,87.0,"General quality ROE, General low-debt support",19.99,0.0,,61.7,Watchlist,"Above 50 DMA, Above 200 DMA, Healthy RSI momentum, Strong ROE, Cash covers debt, Positive 1M return, Positive 3M return, Positive 6M return, 1M Nifty outperformance, 3M Nifty outperformance, Positive across 1M/3M/6M, 80.0% of closes stayed inside the range | Range width 11.0% | Currently 97.0% through the range"
POLYCAB,Industrials,Electrical Equipment & Parts,8189.64,-3.78,2262.97,8680.81,261.9,5.66,56.42,7624.14,7161.97,394870.45,498043.0,1.26,Bullish,65.0,"Above 50 DMA, Above 200 DMA, Healthy RSI momentum, Near 52W high momentum, Normal volume support",7.94,17.13,13.84,-6.48,-8.24,-2.86,14.42,25.37,16.7,78.0,"Positive 1M return, Positive 3M return, Positive 6M return, 1M Nifty outperformance, 3M Nifty outperformance, 6M Nifty outperformance, Positive across 1M/3M/6M",16.09,Profit Booking Zone,85.28,7085.63,7810.34,10.23,100.0,80.0% of closes stayed inside the range | Range width 10.2% | Currently 100.0% through the range,5.54,3.27,11.58,8.32,26.56,4.99,34.31,1.86,1.03,330.62,3849.9,421.92,80.91,48.941,36.4857,11.5631,52.0,0.636,139924.9,24.48,Capital Goods / Infra,6.0,12.0,13.0,17.0,7.0,55.0,1.0,,,5.0,60.0,Strong order-book-driven revenue growth,26.17,0.0,,60.68,Watchlist,"Above 50 DMA, Above 200 DMA, Healthy RSI momentum, Near 52W high momentum, Normal volume support, Positive 1M return, Positive 3M return, Positive 6M return, 1M Nifty outperformance, 3M Nifty outperformance, 6M Nifty outperformance, Positive across 1M/3M/6M, 80.0% of closes stayed inside the range | Range width 10.2% | Currently 100.0% through the range"
VEDL,Basic Materials,Other Industrial Metals & Mining,697.75,-1.61,163.09,757.15,327.84,7.85,54.74,660.57,507.69,12086799.95,10105473.0,0.84,Bullish,60.0,"Above 50 DMA, Above 200 DMA, Healthy RSI momentum, Near 52W high momentum",5.71,38.76,59.24,-6.48,-8.24,-2.86,12.19,47.0,62.1,98.0,"Positive 1M return, Strong 3M absolute return, Strong 6M absolute return, 1M Nifty outperformance, 3M Nifty outperformance, 6M Nifty outperformance, Positive across 1M/3M/6M",3.39,Profit Booking Zone,78.19,458.06,689.5,50.53,100.0,80.0% of closes stayed inside the range | Range width 50.5% | Currently 100.0% through the range,,,23.68,24.85,47.9,79.28,,,,,,,,12.0753,8.5779,2.169,12.36,0.363,107694.43,53.91,Metals / Mining,11.0,20.0,0.0,0.0,15.0,46.0,0.5,,,0.0,46.0,,23.34,0.0,,59.1,Watchlist,"Above 50 DMA, Above 200 DMA, Healthy RSI momentum, Near 52W high momentum, Positive 1M return, Strong 3M absolute return, Strong 6M absolute return, 1M Nifty outperformance, 3M Nifty outperformance, 6M Nifty outperformance, Positive across 1M/3M/6M, 80.0% of closes stayed inside the range | Range width 50.5% | Currently 100.0% through the range"
POWERINDIA,Industrials,Electrical Equipment & Parts,25160.0,-2.71,2836.07,26160.0,787.14,3.82,65.35,20463.12,19615.77,127304.7,144230.0,1.13,Bullish,65.0,"Above 50 DMA, Above 200 DMA, Healthy RSI momentum, Near 52W high momentum, Normal volume support",15.04,32.14,33.47,-6.48,-8.24,-2.86,21.52,40.38,36.33,100.0,"Strong 1M absolute return, Strong 3M absolute return, Strong 6M absolute return, 1M Nifty outperformance, 3M Nifty outperformance, 6M Nifty outperformance, Positive across 1M/3M/6M",2.3,Profit Booking Zone,81.57,17063.9,23036.2,35.0,100.0,80.0% of closes stayed inside the range | Range width 35.0% | Currently 100.0% through the range,,,15.77,12.93,41.41,98.65,,,,,,,,138.2239,72.2106,30.8289,2.0,0.572,159569.06,38.99,Capital Goods / Infra,8.0,20.0,0.0,0.0,5.0,33.0,0.5,,Very high PE,5.0,38.0,Strong order-book-driven revenue growth,26.17,0.0,,58.48,Watchlist,"Above 50 DMA, Above 200 DMA, Healthy RSI momentum, Near 52W high momentum, Normal volume support, Strong 1M absolute return, Strong 3M absolute return, Strong 6M absolute return, 1M Nifty outperformance, 3M Nifty outperformance, 6M Nifty outperformance, Positive across 1M/3M/6M, 80.0% of closes stayed inside the range | Range width 35.0% | Currently 100.0% through the range"
NATIONALUM,Basic Materials,Aluminum,386.18,-2.03,56.5,424.05,583.49,8.93,62.58,353.37,244.42,11791414.95,18671228.0,1.58,Bullish,70.0,"Above 50 DMA, Above 200 DMA, Healthy RSI momentum, Near 52W high momentum, Volume expansion",9.43,46.44,90.26,-6.48,-8.24,-2.86,15.91,54.68,93.12,98.0,"Positive 1M return, Strong 3M absolute return, Strong 6M absolute return, 1M Nifty outperformance, 3M Nifty outperformance, 6M Nifty outperformance, Positive across 1M/3M/6M",3.39,Breakout Watch,76.36,207.63,366.85,76.68,100.0,80.0% of closes stayed inside the range | Range width 76.7% | Currently 100.0% through the range | Above upper band on elevated volume,,,42.15,33.72,10.22,11.55,,,,,,,,10.5607,10.8213,3.5699,1.03,0.709,77138.53,71.34,Metals / Mining,12.0,10.0,0.0,0.0,9.0,31.0,0.5,,,0.0,31.0,,23.34,0.0,,56.35,Watchlist,"Above 50 DMA, Above 200 DMA, Healthy RSI momentum, Near 52W high momentum, Volume expansion, Positive 1M return, Strong 3M absolute return, Strong 6M absolute return, 1M Nifty outperformance, 3M Nifty outperformance, 6M Nifty outperformance, Positive across 1M/3M/6M, 80.0% of closes stayed inside the range | Range width 76.7% | Currently 100.0% through the range | Above upper band on elevated volume"
GVT&D,Industrials,Specialty Industrial Machinery,3768.6,-2.59,98.25,3999.0,3735.62,5.76,58.84,3287.2,2866.86,545939.55,428803.0,0.79,Bullish,60.0,"Above 50 DMA, Above 200 DMA, Healthy RSI momentum, Near 52W high momentum",6.09,36.69,37.09,-6.48,-8.24,-2.86,12.57,44.93,39.95,98.0,"Positive 1M return, Strong 3M absolute return, Strong 6M absolute return, 1M Nifty outperformance, 3M Nifty outperformance, 6M Nifty outperformance, Positive across 1M/3M/6M",5.17,Profit Booking Zone,82.04,2796.0,3672.7,31.36,100.0,80.8% of closes stayed inside the range | Range width 31.4% | Currently 100.0% through the range,,,26.05,17.1,27.86,-0.14,,,,,,,,86.6909,56.6679,41.9339,23.0,0.634,112826.91,43.57,Capital Goods / Infra,11.0,10.0,0.0,0.0,5.0,26.0,0.5,,"Earnings contraction, Very high PE",5.0,31.0,Strong order-book-driven revenue growth,26.17,0.0,,54.28,Neutral,"Above 50 DMA, Above 200 DMA, Healthy RSI momentum, Near 52W high momentum, Positive 1M return, Strong 3M absolute return, Strong 6M absolute return, 1M Nifty outperformance, 3M Nifty outperformance, 6M Nifty outperformance, Positive across 1M/3M/6M, 80.8% of closes stayed inside the range | Range width 31.4% | Currently 100.0% through the range"
SUNPHARMA,Healthcare,Drug Manufacturers - Specialty & Generic,1802.68,0.44,824.65,1924.63,118.6,6.34,67.86,1697.82,1674.37,2248389.3,4112775.0,1.83,Bullish,75.0,"Above 50 DMA, Above 200 DMA, Healthy RSI momentum, Near 52W high momentum, Volume expansion, Positive day move",6.62,1.28,14.15,-6.48,-8.24,-2.86,13.1,9.52,17.01,63.0,"Positive 1M return, Positive 3M return, Positive 6M return, 1M Nifty outperformance, 6M Nifty outperformance, Positive across 1M/3M/6M",21.0,Profit Booking Zone,87.35,1612.64,1780.85,10.43,100.0,80.0% of closes stayed inside the range | Range width 10.4% | Currently 100.0% through the range,,,26.26,21.78,12.21,47.84,,,,,,,,38.5027,30.1242,5.5813,82.0,0.124,466430.72,78.92,Pharma / Healthcare,12.0,15.0,0.0,0.0,9.0,36.0,0.5,,,0.0,36.0,,28.17,0.0,,51.33,Neutral,"Above 50 DMA, Above 200 DMA, Healthy RSI momentum, Near 52W high momentum, Volume expansion, Positive day move, Positive 1M return, Positive 3M return, Positive 6M return, 1M Nifty outperformance, 6M Nifty outperformance, Positive across 1M/3M/6M, 80.0% of closes stayed inside the range | Range width 10.4% | Currently 100.0% through the range"
ONGC,Energy,Oil & Gas Integrated,270.8,-2.92,96.9,310.8,179.46,12.87,52.91,254.05,237.21,25913203.75,56512457.0,2.18,Bullish,75.0,"Above 50 DMA, Above 200 DMA, Healthy RSI momentum, Near 52W high momentum, Strong volume expansion",3.06,16.21,21.28,-6.48,-8.24,-2.86,9.54,24.45,24.14,78.0,"Positive 1M return, Positive 3M return, Positive 6M return, 1M Nifty outperformance, 3M Nifty outperformance, 6M Nifty outperformance, Positive across 1M/3M/6M",16.67,Profit Booking Zone,86.11,227.53,270.08,18.7,100.0,80.0% of closes stayed inside the range | Range width 18.7% | Currently 100.0% through the range,,,18.84,5.98,6.02,-7.13,,,,,,,,6.909,5.754,0.809,6.06,0.107,300731.57,35.33,Energy / Utilities,5.0,2.0,0.0,0.0,15.0,22.0,0.5,,Earnings contraction,0.0,22.0,,34.11,0.0,,51.07,Neutral,"Above 50 DMA, Above 200 DMA, Healthy RSI momentum, Near 52W high momentum, Strong volume expansion, Positive 1M return, Positive 3M return, Positive 6M return, 1M Nifty outperformance, 3M Nifty outperformance, 6M Nifty outperformance, Positive across 1M/3M/6M, 80.0% of closes stayed inside the range | Range width 18.7% | Currently 100.0% through the range"
TORNTPHARM,Healthcare,Drug Manufacturers - Specialty & Generic,4365.03,1.29,1388.75,4461.13,214.31,2.15,65.76,4046.62,3643.58,433437.2,470670.0,1.09,Bullish,70.0,"Above 50 DMA, Above 200 DMA, Healthy RSI momentum, Near 52W high momentum, Normal volume support, Positive day move",11.8,17.12,23.04,-6.48,-8.24,-2.86,18.28,25.36,25.9,85.0,"Strong 1M absolute return, Positive 3M return, Positive 6M return, 1M Nifty outperformance, 3M Nifty outperformance, 6M Nifty outperformance, Positive across 1M/3M/6M",4.0,Profit Booking Zone,84.87,3519.11,4221.32,19.95,100.0,80.0% of closes stayed inside the range | Range width 20.0% | Currently 100.0% through the range,,,27.13,19.53,0.15,7.45,,,,,,,,78.2379,52.2222,19.7416,78.0,0.145,186114.0,75.98,Pharma / Healthcare,12.0,2.0,0.0,0.0,5.0,19.0,0.5,,,0.0,19.0,,28.17,0.0,,49.63,Neutral,"Above 50 DMA, Above 200 DMA, Healthy RSI momentum, Near 52W high momentum, Normal volume support, Positive day move, Strong 1M absolute return, Positive 3M return, Positive 6M return, 1M Nifty outperformance, 3M Nifty outperformance, 6M Nifty outperformance, Positive across 1M/3M/6M, 80.0% of closes stayed inside the range | Range width 20.0% | Currently 100.0% through the range"
NAVINFLUOR,Basic Materials,Chemicals,6379.82,-2.81,2855.73,6956.63,123.4,8.29,51.97,6138.49,5326.04,313282.75,160646.0,0.51,Bullish,60.0,"Above 50 DMA, Above 200 DMA, Healthy RSI momentum, Near 52W high momentum",-0.47,10.66,34.11,-6.48,-8.24,-2.86,6.01,18.9,36.97,70.0,"Positive 3M return, Strong 6M absolute return, 1M Nifty outperformance, 3M Nifty outperformance, 6M Nifty outperformance",10.17,Profit Booking Zone,80.53,4727.57,6378.93,34.93,100.0,80.0% of closes stayed inside the range | Range width 34.9% | Currently 100.0% through the range,,,30.41,20.78,23.02,58.25,,,,,,,,54.2102,41.8624,10.7744,19.0,0.239,42868.86,56.75,Chemicals,12.0,18.0,0.0,0.0,7.0,37.0,0.5,,,0.0,37.0,,23.34,0.0,,48.95,Neutral,"Above 50 DMA, Above 200 DMA, Healthy RSI momentum, Near 52W high momentum, Positive 3M return, Strong 6M absolute return, 1M Nifty outperformance, 3M Nifty outperformance, 6M Nifty outperformance, 80.0% of closes stayed inside the range | Range width 34.9% | Currently 100.0% through the range"
LUPIN,Healthcare,Drug Manufacturers - Specialty & Generic,2286.52,-1.74,609.38,2370.86,275.22,3.56,60.55,2179.66,2015.98,900208.2,852490.0,0.95,Bullish,60.0,"Above 50 DMA, Above 200 DMA, Healthy RSI momentum, Near 52W high momentum",5.95,11.22,18.48,-6.48,-8.24,-2.86,12.43,19.46,21.34,78.0,"Positive 1M return, Positive 3M return, Positive 6M return, 1M Nifty outperformance, 3M Nifty outperformance, 6M Nifty outperformance, Positive across 1M/3M/6M",11.0,Profit Booking Zone,83.55,1926.48,2210.87,14.76,100.0,80.0% of closes stayed inside the range | Range width 14.8% | Currently 100.0% through the range,,,26.71,16.56,15.2,-3.57,,,,,,,,18.8684,22.3319,4.6455,79.0,0.182,104295.27,72.36,Pharma / Healthcare,11.0,8.0,0.0,0.0,10.0,29.0,0.5,,Earnings contraction,0.0,29.0,,28.17,0.0,,48.88,Neutral,"Above 50 DMA, Above 200 DMA, Healthy RSI momentum, Near 52W high momentum, Positive 1M return, Positive 3M return, Positive 6M return, 1M Nifty outperformance, 3M Nifty outperformance, 6M Nifty outperformance, Positive across 1M/3M/6M, 80.0% of closes stayed inside the range | Range width 14.8% | Currently 100.0% through the range"
KEI,Industrials,Electrical Equipment & Parts,4789.5,-2.67,1330.3,5303.0,260.03,9.68,54.73,4469.05,4085.82,368705.05,475141.0,1.29,Bullish,65.0,"Above 50 DMA, Above 200 DMA, Healthy RSI momentum, Near 52W high momentum, Normal volume support",7.33,17.09,18.76,-6.48,-8.24,-2.86,13.81,25.33,21.62,78.0,"Positive 1M return, Positive 3M return, Positive 6M return, 1M Nifty outperformance, 3M Nifty outperformance, 6M Nifty outperformance, Positive across 1M/3M/6M",16.09,Profit Booking Zone,84.66,4026.62,4606.0,14.39,100.0,80.0% of closes stayed inside the range | Range width 14.4% | Currently 100.0% through the range,,,10.07,7.95,14.07,19.98,,,,,,,,55.0991,39.2189,8.2533,8.0,0.529,55008.58,23.88,Capital Goods / Infra,6.0,13.0,0.0,0.0,7.0,26.0,0.5,,,0.0,26.0,,26.17,0.0,,48.78,Neutral,"Above 50 DMA, Above 200 DMA, Healthy RSI momentum, Near 52W high momentum, Normal volume support, Positive 1M return, Positive 3M return, Positive 6M return, 1M Nifty outperformance, 3M Nifty outperformance, 6M Nifty outperformance, Positive across 1M/3M/6M, 80.0% of closes stayed inside the range | Range width 14.4% | Currently 100.0% through the range"
IPCALAB,Healthcare,Drug Manufacturers - Specialty & Generic,1497.4,0.56,663.43,1747.4,125.71,14.31,54.06,1466.42,1403.88,181355.05,90825.0,0.5,Bullish,65.0,"Above 50 DMA, Above 200 DMA, Healthy RSI momentum, Near 52W high momentum, Positive day move",6.06,2.98,12.2,-6.48,-8.24,-2.86,12.54,11.22,15.06,78.0,"Positive 1M return, Positive 3M return, Positive 6M return, 1M Nifty outperformance, 3M Nifty outperformance, 6M Nifty outperformance, Positive across 1M/3M/6M",11.0,Profit Booking Zone,84.41,1293.44,1497.92,15.81,99.75,80.0% of closes stayed inside the range | Range width 15.8% | Currently 99.7% through the range,,,17.8,13.64,-6.42,15.47,,,,,,,,39.3189,26.9068,5.5581,34.0,0.035,44819.39,67.23,Pharma / Healthcare,8.0,8.0,0.0,0.0,9.0,25.0,0.5,,Revenue contraction,0.0,25.0,,28.17,0.0,,48.73,Neutral,"Above 50 DMA, Above 200 DMA, Healthy RSI momentum, Near 52W high momentum, Positive day move, Positive 1M return, Positive 3M return, Positive 6M return, 1M Nifty outperformance, 3M Nifty outperformance, 6M Nifty outperformance, Positive across 1M/3M/6M, 80.0% of closes stayed inside the range | Range width 15.8% | Currently 99.7% through the range"
INDIANB,Financial Services,Banks - Regional,880.15,-4.31,156.65,979.14,461.87,10.11,44.25,867.9,742.14,1970185.55,2044078.0,1.04,Bullish,43.0,"Above 50 DMA, Above 200 DMA, Weak but watchable RSI, Normal volume support",3.18,15.38,35.33,-6.48,-8.24,-2.86,9.66,23.62,38.19,88.0,"Positive 1M return, Positive 3M return, Strong 6M absolute return, 1M Nifty outperformance, 3M Nifty outperformance, 6M Nifty outperformance, Positive across 1M/3M/6M",3.65,Profit Booking Zone,76.85,733.71,901.62,22.89,87.22,80.0% of closes stayed inside the range | Range width 22.9% | Currently 87.2% through the range,3.94,0.33,,32.47,7.91,38.24,61.27,,,59559.0,48964.0,,,9.2255,8.1752,1.44,2.08,0.28,120822.67,0.0,Banking,6.0,12.0,7.0,0.0,15.0,40.0,0.64,Cash covers debt,,-5.0,35.0,Weak ROE for a leveraged-balance-sheet business,21.99,0.0,,48.3,Neutral,"Above 50 DMA, Above 200 DMA, Weak but watchable RSI, Normal volume support, Cash covers debt, Positive 1M return, Positive 3M return, Strong 6M absolute return, 1M Nifty outperformance, 3M Nifty outperformance, 6M Nifty outperformance, Positive across 1M/3M/6M, 80.0% of closes stayed inside the range | Range width 22.9% | Currently 87.2% through the range"
SOLARINDS,Basic Materials,Specialty Chemicals,14968.16,-1.15,3150.56,17798.82,375.1,15.9,69.67,13209.97,14247.86,171178.8,299160.0,1.75,Bullish,60.0,"Above 50 DMA, Above 200 DMA, Healthy RSI momentum, Volume expansion",15.22,16.83,6.53,-6.48,-8.24,-2.86,21.7,25.07,9.39,70.0,"Strong 1M absolute return, Positive 3M return, Positive 6M return, 1M Nifty outperformance, 3M Nifty outperformance, Positive across 1M/3M/6M",10.17,Breakout Watch,83.62,12429.56,14209.0,14.32,100.0,80.0% of closes stayed inside the range | Range width 14.3% | Currently 100.0% through the range | Above upper band on elevated volume,,,25.32,17.51,22.38,29.36,,,,,,,,100.7965,56.2038,27.0006,6.0,0.238,169487.88,49.2,Chemicals,11.0,18.0,0.0,0.0,5.0,34.0,0.5,,Very high PE,0.0,34.0,,23.34,0.0,,47.9,Neutral,"Above 50 DMA, Above 200 DMA, Healthy RSI momentum, Volume expansion, Strong 1M absolute return, Positive 3M return, Positive 6M return, 1M Nifty outperformance, 3M Nifty outperformance, Positive across 1M/3M/6M, 80.0% of closes stayed inside the range | Range width 14.3% | Currently 100.0% through the range | Above upper band on elevated volume"
AJANTPHARM,Healthcare,Drug Manufacturers - Specialty & Generic,2909.74,-1.86,1045.69,3384.33,178.26,14.02,53.09,2815.03,2602.54,103278.15,108824.0,1.05,Bullish,65.0,"Above 50 DMA, Above 200 DMA, Healthy RSI momentum, Near 52W high momentum, Normal volume support",2.93,11.2,14.17,-6.48,-8.24,-2.86,9.41,19.44,17.03,78.0,"Positive 1M return, Positive 3M return, Positive 6M return, 1M Nifty outperformance, 3M Nifty outperformance, 6M Nifty outperformance, Positive across 1M/3M/6M",11.0,Profit Booking Zone,83.29,2375.69,2914.27,22.67,99.16,80.0% of closes stayed inside the range | Range width 22.7% | Currently 99.2% through the range,,,51.97,19.91,5.54,7.22,,,,,,,,38.9849,30.3719,9.7708,1.82,0.216,44239.7,78.61,Pharma / Healthcare,12.0,4.0,0.0,0.0,6.0,22.0,0.5,,,0.0,22.0,,28.17,0.0,,47.68,Neutral,"Above 50 DMA, Above 200 DMA, Healthy RSI momentum, Near 52W high momentum, Normal volume support, Positive 1M return, Positive 3M return, Positive 6M return, 1M Nifty outperformance, 3M Nifty outperformance, 6M Nifty outperformance, Positive across 1M/3M/6M, 80.0% of closes stayed inside the range | Range width 22.7% | Currently 99.2% through the range"
AUROPHARMA,Healthcare,Drug Manufacturers - Specialty & Generic,1247.3,1.25,391.5,1586.05,218.59,21.36,61.63,1184.08,1143.4,2192522.15,2180013.0,0.99,Bullish,55.0,"Above 50 DMA, Above 200 DMA, Healthy RSI momentum, Positive day move",4.73,2.44,20.4,-6.48,-8.24,-2.86,11.21,10.68,23.26,78.0,"Positive 1M return, Positive 3M return, Positive 6M return, 1M Nifty outperformance, 3M Nifty outperformance, 6M Nifty outperformance, Positive across 1M/3M/6M",11.0,Profit Booking Zone,82.94,1095.6,1225.14,11.82,100.0,80.0% of closes stayed inside the range | Range width 11.8% | Currently 100.0% through the range,,,15.21,10.58,10.43,10.37,,,,,,,,25.9052,18.0068,2.5552,24.0,0.022,95915.5,58.85,Pharma / Healthcare,6.0,10.0,0.0,0.0,13.0,29.0,0.5,,,0.0,29.0,,28.17,0.0,,47.63,Neutral,"Above 50 DMA, Above 200 DMA, Healthy RSI momentum, Positive day move, Positive 1M return, Positive 3M return, Positive 6M return, 1M Nifty outperformance, 3M Nifty outperformance, 6M Nifty outperformance, Positive across 1M/3M/6M, 80.0% of closes stayed inside the range | Range width 11.8% | Currently 100.0% through the range"
BHARATFORG,Consumer Cyclical,Auto Parts,1856.67,-3.2,660.33,1929.65,181.17,3.78,64.35,1590.18,1347.05,2088977.7,1166675.0,0.56,Bullish,60.0,"Above 50 DMA, Above 200 DMA, Healthy RSI momentum, Near 52W high momentum",19.71,32.61,64.79,-6.48,-8.24,-2.86,26.19,40.85,67.65,100.0,"Strong 1M absolute return, Strong 3M absolute return, Strong 6M absolute return, 1M Nifty outperformance, 3M Nifty outperformance, 6M Nifty outperformance, Positive across 1M/3M/6M",2.34,Profit Booking Zone,79.16,1217.9,1754.2,44.03,100.0,80.0% of closes stayed inside the range | Range width 44.0% | Currently 100.0% through the range,,,11.54,6.08,7.71,-11.69,,,,,,,,140.9275,43.1994,10.3879,41.0,0.54,99514.15,53.26,Automobile,6.0,2.0,0.0,0.0,5.0,13.0,0.5,,"Earnings contraction, Very high PE",0.0,13.0,,19.99,0.0,,47.55,Neutral,"Above 50 DMA, Above 200 DMA, Healthy RSI momentum, Near 52W high momentum, Strong 1M absolute return, Strong 3M absolute return, Strong 6M absolute return, 1M Nifty outperformance, 3M Nifty outperformance, 6M Nifty outperformance, Positive across 1M/3M/6M, 80.0% of closes stayed inside the range | Range width 44.0% | Currently 100.0% through the range"
EMCURE,Healthcare,Drug Manufacturers - Specialty & Generic,1521.1,7.44,887.17,1585.6,71.46,4.07,58.47,1482.6,1394.98,282370.75,2558397.0,9.06,Bullish,85.0,"Above 50 DMA, Above 200 DMA, Healthy RSI momentum, Near 52W high momentum, Strong volume expansion, Strong positive day move",0.36,9.95,10.81,-6.48,-8.24,-2.86,6.84,18.19,13.67,63.0,"Positive 1M return, Positive 3M return, Positive 6M return, 1M Nifty outperformance, 3M Nifty outperformance, Positive across 1M/3M/6M",21.0,Profit Booking Zone,88.3,1336.65,1528.28,14.34,96.25,80.0% of closes stayed inside the range | Range width 14.3% | Currently 96.3% through the range,,,15.04,9.75,4.13,-5.31,,,,,,,,37.6541,25.8557,7.696,18.0,-0.056,38118.12,59.43,Pharma / Healthcare,6.0,2.0,0.0,0.0,7.0,15.0,0.5,,Earnings contraction,0.0,15.0,,28.17,0.0,,46.48,Neutral,"Above 50 DMA, Above 200 DMA, Healthy RSI momentum, Near 52W high momentum, Strong volume expansion, Strong positive day move, Positive 1M return, Positive 3M return, Positive 6M return, 1M Nifty outperformance, 3M Nifty outperformance, Positive across 1M/3M/6M, 80.0% of closes stayed inside the range | Range width 14.3% | Currently 96.3% through the range"
SBIN,Financial Services,Banks - Regional,1079.05,-3.89,463.91,1212.84,132.6,11.03,37.61,1071.68,904.15,18662918.9,24631198.0,1.32,Bullish,48.0,"Above 50 DMA, Above 200 DMA, Weak but watchable RSI, Volume expansion",3.01,14.86,36.19,-6.48,-8.24,-2.86,9.49,23.1,39.05,88.0,"Positive 1M return, Positive 3M return, Strong 6M absolute return, 1M Nifty outperformance, 3M Nifty outperformance, 6M Nifty outperformance, Positive across 1M/3M/6M",3.65,Neutral Range,73.39,850.72,1169.08,37.42,71.72,80.0% of closes stayed inside the range | Range width 37.4% | Currently 71.7% through the range,3.6,0.27,,19.95,20.45,0.55,115.77,,,313392.98,685387.62,,,11.5734,10.297,1.6754,1.63,0.385,998752.81,0.0,Banking,6.0,8.0,2.0,0.0,14.0,30.0,0.64,,,-5.0,25.0,Weak ROE for a leveraged-balance-sheet business,21.99,0.0,,46.05,Neutral,"Above 50 DMA, Above 200 DMA, Weak but watchable RSI, Volume expansion, Positive 1M return, Positive 3M return, Strong 6M absolute return, 1M Nifty outperformance, 3M Nifty outperformance, 6M Nifty outperformance, Positive across 1M/3M/6M, 80.0% of closes stayed inside the range | Range width 37.4% | Currently 71.7% through the range"
NTPC,Utilities,Utilities - Regulated Electric,376.25,-1.14,139.29,430.88,170.11,12.68,56.81,354.78,334.38,10708078.5,11286578.0,1.05,Bullish,65.0,"Above 50 DMA, Above 200 DMA, Healthy RSI momentum, Near 52W high momentum, Normal volume support",3.07,18.65,16.31,-6.48,-8.24,-2.86,9.55,26.89,19.17,78.0,"Positive 1M return, Positive 3M return, Positive 6M return, 1M Nifty outperformance, 3M Nifty outperformance, 6M Nifty outperformance, Positive across 1M/3M/6M",7.5,Profit Booking Zone,84.59,320.8,368.4,14.84,100.0,80.0% of closes stayed inside the range | Range width 14.8% | Currently 100.0% through the range,,,20.67,11.97,-2.59,-8.68,,,,,,,,10.3522,12.0003,1.6207,3.65,0.3,329153.35,48.18,Energy / Utilities,8.0,0.0,0.0,0.0,12.0,20.0,0.5,,"Revenue contraction, Earnings contraction",0.0,20.0,,19.86,0.0,,45.73,Neutral,"Above 50 DMA, Above 200 DMA, Healthy RSI momentum, Near 52W high momentum, Normal volume support, Positive 1M return, Positive 3M return, Positive 6M return, 1M Nifty outperformance, 3M Nifty outperformance, 6M Nifty outperformance, Positive across 1M/3M/6M, 80.0% of closes stayed inside the range | Range width 14.8% | Currently 100.0% through the range"
CPPLUS,Industrials,Building Products & Equipment,1639.86,-1.78,1014.54,1758.2,61.64,6.73,56.51,1499.61,,349680.85,96996.0,0.28,Bullish,45.0,"Above 50 DMA, Healthy RSI momentum, Near 52W high momentum",10.2,9.45,19.91,-6.48,-8.24,-2.86,16.68,17.69,22.77,85.0,"Strong 1M absolute return, Positive 3M return, Positive 6M return, 1M Nifty outperformance, 3M Nifty outperformance, 6M Nifty outperformance, Positive across 1M/3M/6M",9.2,Profit Booking Zone,79.71,1361.78,1626.09,19.41,100.0,80.0% of closes stayed inside the range | Range width 19.4% | Currently 100.0% through the range,,,11.2,8.43,23.87,37.16,,,,,,,,121.9612,54.5024,24.4722,4.0,,46126.52,28.68,Capital Goods / Infra,6.0,18.0,0.0,0.0,5.0,29.0,0.5,,Very high PE,5.0,34.0,Strong order-book-driven revenue growth,26.17,3.0,Low volume participation,45.33,Neutral,"Above 50 DMA, Healthy RSI momentum, Near 52W high momentum, Strong 1M absolute return, Positive 3M return, Positive 6M return, 1M Nifty outperformance, 3M Nifty outperformance, 6M Nifty outperformance, Positive across 1M/3M/6M, 80.0% of closes stayed inside the range | Range width 19.4% | Currently 100.0% through the range"
DRREDDY,Healthcare,Drug Manufacturers - Specialty & Generic,1278.89,-1.29,778.62,1403.63,64.25,8.89,53.03,1240.84,1252.89,1433524.95,1597730.0,1.11,Bullish,65.0,"Above 50 DMA, Above 200 DMA, Healthy RSI momentum, Near 52W high momentum, Normal volume support",3.69,1.62,1.49,-6.48,-8.24,-2.86,10.17,9.86,4.35,48.0,"Positive 1M return, Positive 3M return, Positive 6M return, 1M Nifty outperformance, Positive across 1M/3M/6M",32.0,Profit Booking Zone,83.57,1194.41,1292.07,8.18,86.51,80.0% of closes stayed inside the range | Range width 8.2% | Currently 86.5% through the range,3.25,2.15,16.42,13.86,-0.89,-15.82,18.19,1.88,1.38,1865.7,6773.2,1090.8,358.8,30.1735,20.2046,2.607,66.0,0.242,99960.01,50.18,Pharma / Healthcare,8.0,0.0,15.0,17.0,13.0,53.0,1.0,,"Revenue contraction, Earnings contraction",2.0,55.0,General low-debt support,28.17,7.0,Earnings contraction,44.73,Weak,"Above 50 DMA, Above 200 DMA, Healthy RSI momentum, Near 52W high momentum, Normal volume support, Positive 1M return, Positive 3M return, Positive 6M return, 1M Nifty outperformance, Positive across 1M/3M/6M, 80.0% of closes stayed inside the range | Range width 8.2% | Currently 86.5% through the range"
TITAN,Consumer Cyclical,Luxury Goods,4145.6,-2.01,2240.77,4364.08,85.01,5.01,45.68,4142.59,3737.43,843267.5,576017.0,0.68,Bullish,42.0,"Above 50 DMA, Above 200 DMA, RSI recovering",0.44,10.41,13.48,-6.48,-8.24,-2.86,6.92,18.65,16.34,78.0,"Positive 1M return, Positive 3M return, Positive 6M return, 1M Nifty outperformance, 3M Nifty outperformance, 6M Nifty outperformance, Positive across 1M/3M/6M",6.25,Profit Booking Zone,77.0,3495.42,4235.11,21.16,87.9,80.0% of closes stayed inside the range | Range width 21.2% | Currently 87.9% through the range,,,10.06,6.76,68.19,54.35,,,,,,,,78.2896,58.2409,28.8278,29.0,0.18,452440.57,20.47,Consumer Discretionary,6.0,20.0,0.0,0.0,5.0,31.0,0.5,,,0.0,31.0,,19.99,0.0,,43.85,Weak,"Above 50 DMA, Above 200 DMA, RSI recovering, Positive 1M return, Positive 3M return, Positive 6M return, 1M Nifty outperformance, 3M Nifty outperformance, 6M Nifty outperformance, Positive across 1M/3M/6M, 80.0% of closes stayed inside the range | Range width 21.2% | Currently 87.9% through the range"
UNIONBANK,Financial Services,Banks - Regional,173.92,-5.08,34.45,199.6,404.93,12.86,41.31,172.2,146.38,18333181.9,22083962.0,1.2,Bullish,43.0,"Above 50 DMA, Above 200 DMA, Weak but watchable RSI, Normal volume support",0.52,20.69,40.62,-6.48,-8.24,-2.86,7.0,28.93,43.48,98.0,"Positive 1M return, Strong 3M absolute return, Strong 6M absolute return, 1M Nifty outperformance, 3M Nifty outperformance, 6M Nifty outperformance, Positive across 1M/3M/6M",1.56,Profit Booking Zone,73.88,134.47,183.26,36.28,80.86,80.0% of closes stayed inside the range | Range width 36.3% | Currently 80.9% through the range,3.87,0.34,,34.67,3.68,14.56,60.31,,,79969.26,79096.96,,,6.9131,6.9857,1.0231,2.74,0.893,142748.43,0.0,Banking,6.0,7.0,7.0,0.0,12.0,32.0,0.64,Cash covers debt,,-5.0,27.0,Weak ROE for a leveraged-balance-sheet business,21.99,5.0,Sharp daily fall,43.0,Weak,"Above 50 DMA, Above 200 DMA, Weak but watchable RSI, Normal volume support, Cash covers debt, Positive 1M return, Strong 3M absolute return, Strong 6M absolute return, 1M Nifty outperformance, 3M Nifty outperformance, 6M Nifty outperformance, Positive across 1M/3M/6M, 80.0% of closes stayed inside the range | Range width 36.3% | Currently 80.9% through the range"
ASTRAL,Industrials,Building Products & Equipment,1603.38,-4.93,1227.05,2438.47,30.67,34.25,51.15,1515.23,1466.06,722156.9,527194.0,0.73,Bullish,50.0,"Above 50 DMA, Above 200 DMA, Healthy RSI momentum",9.08,12.04,10.48,-6.48,-8.24,-2.86,15.56,20.28,13.34,63.0,"Positive 1M return, Positive 3M return, Positive 6M return, 1M Nifty outperformance, 3M Nifty outperformance, Positive across 1M/3M/6M",22.41,Profit Booking Zone,79.23,1389.7,1632.68,17.48,87.94,80.0% of closes stayed inside the range | Range width 17.5% | Currently 87.9% through the range,,,10.63,6.99,13.25,32.8,,,,,,,,73.3834,43.7432,9.6923,28.0,0.166,39330.39,39.36,Capital Goods / Infra,6.0,15.0,0.0,0.0,5.0,26.0,0.5,,,0.0,26.0,,26.17,0.0,,41.28,Weak,"Above 50 DMA, Above 200 DMA, Healthy RSI momentum, Positive 1M return, Positive 3M return, Positive 6M return, 1M Nifty outperformance, 3M Nifty outperformance, Positive across 1M/3M/6M, 80.0% of closes stayed inside the range | Range width 17.5% | Currently 87.9% through the range"
SUNDARMFIN,Financial Services,Credit Services,5385.1,1.07,1910.96,5612.41,181.8,4.05,53.01,5244.97,4864.78,77096.3,89328.0,1.16,Bullish,70.0,"Above 50 DMA, Above 200 DMA, Healthy RSI momentum, Near 52W high momentum, Normal volume support, Positive day move",-0.47,15.06,19.67,-6.48,-8.24,-2.86,6.01,23.3,22.53,60.0,"Positive 3M return, Positive 6M return, 1M Nifty outperformance, 3M Nifty outperformance, 6M Nifty outperformance",13.02,Profit Booking Zone,84.9,4449.54,5328.5,19.75,100.0,80.0% of closes stayed inside the range | Range width 19.8% | Currently 100.0% through the range,,,,42.48,10.37,13.92,,,,,,,,22.2038,20.2032,3.3371,90.0,0.186,49304.73,89.16,Financial Services,6.0,10.0,0.0,0.0,11.0,27.0,0.43,,,0.0,27.0,,21.99,4.0,Limited fundamental data coverage,41.25,Weak,"Above 50 DMA, Above 200 DMA, Healthy RSI momentum, Near 52W high momentum, Normal volume support, Positive day move, Positive 3M return, Positive 6M return, 1M Nifty outperformance, 3M Nifty outperformance, 6M Nifty outperformance, 80.0% of closes stayed inside the range | Range width 19.8% | Currently 100.0% through the range"
ANANDRATHI,Financial Services,Asset Management,1572.42,-1.49,155.16,1654.24,913.44,4.95,63.58,1520.63,1383.65,328495.6,425266.0,1.29,Bullish,65.0,"Above 50 DMA, Above 200 DMA, Healthy RSI momentum, Near 52W high momentum, Normal volume support",6.76,10.97,7.32,-6.48,-8.24,-2.86,13.24,19.21,10.18,63.0,"Positive 1M return, Positive 3M return, Positive 6M return, 1M Nifty outperformance, 3M Nifty outperformance, Positive across 1M/3M/6M",9.9,Profit Booking Zone,85.41,1435.31,1569.78,9.37,100.0,80.0% of closes stayed inside the range | Range width 9.4% | Currently 100.0% through the range,,,42.4,34.48,5.7,6.65,,,,,,,,78.1228,65.0423,36.4135,32.0,0.337,36346.43,57.81,Financial Services,12.0,4.0,0.0,0.0,5.0,21.0,0.5,,,-4.0,17.0,Expensive relative to book value for this sector,21.99,0.0,,41.25,Weak,"Above 50 DMA, Above 200 DMA, Healthy RSI momentum, Near 52W high momentum, Normal volume support, Positive 1M return, Positive 3M return, Positive 6M return, 1M Nifty outperformance, 3M Nifty outperformance, Positive across 1M/3M/6M, 80.0% of closes stayed inside the range | Range width 9.4% | Currently 100.0% through the range"
MARICO,Consumer Defensive,Household & Personal Products,774.46,-0.92,445.44,809.8,73.87,4.36,51.48,759.24,725.01,1414852.5,1743703.0,1.23,Bullish,65.0,"Above 50 DMA, Above 200 DMA, Healthy RSI momentum, Near 52W high momentum, Normal volume support",3.35,6.68,6.33,-6.48,-8.24,-2.86,9.83,14.92,9.19,63.0,"Positive 1M return, Positive 3M return, Positive 6M return, 1M Nifty outperformance, 3M Nifty outperformance, Positive across 1M/3M/6M",8.0,Profit Booking Zone,85.39,708.3,774.54,9.35,99.87,80.0% of closes stayed inside the range | Range width 9.4% | Currently 99.9% through the range,,,15.32,12.64,1.58,6.43,,,,,,,,58.8033,43.8817,26.3637,47.0,0.184,110823.09,43.87,FMCG / Consumer,8.0,2.0,0.0,0.0,7.0,17.0,0.5,,,0.0,17.0,,21.88,0.0,,41.23,Weak,"Above 50 DMA, Above 200 DMA, Healthy RSI momentum, Near 52W high momentum, Normal volume support, Positive 1M return, Positive 3M return, Positive 6M return, 1M Nifty outperformance, 3M Nifty outperformance, Positive across 1M/3M/6M, 80.0% of closes stayed inside the range | Range width 9.4% | Currently 99.9% through the range"
LINDEINDIA,Basic Materials,Specialty Chemicals,6560.87,-3.13,2911.17,9885.09,125.37,33.63,51.4,6242.06,6370.75,96982.95,30487.0,0.31,Bullish,50.0,"Above 50 DMA, Above 200 DMA, Healthy RSI momentum",8.4,11.2,1.79,-6.48,-8.24,-2.86,14.88,19.44,4.65,63.0,"Positive 1M return, Positive 3M return, Positive 6M return, 1M Nifty outperformance, 3M Nifty outperformance, Positive across 1M/3M/6M",13.56,Profit Booking Zone,79.78,5833.56,6657.81,14.13,88.24,80.0% of closes stayed inside the range | Range width 14.1% | Currently 88.2% through the range,,,27.84,27.58,22.76,80.36,,,,,,,,105.6673,78.7623,13.5476,6.0,,57801.38,58.55,Chemicals,12.0,18.0,0.0,0.0,5.0,35.0,0.5,,Very high PE,0.0,35.0,,23.34,3.0,Low volume participation,41.0,Weak,"Above 50 DMA, Above 200 DMA, Healthy RSI momentum, Positive 1M return, Positive 3M return, Positive 6M return, 1M Nifty outperformance, 3M Nifty outperformance, Positive across 1M/3M/6M, 80.0% of closes stayed inside the range | Range width 14.1% | Currently 88.2% through the range"
MAHABANK,Financial Services,Banks - Regional,64.7,-6.33,14.91,75.84,333.9,14.69,44.09,64.68,57.06,25607077.25,36574212.0,1.43,Bullish,48.0,"Above 50 DMA, Above 200 DMA, Weak but watchable RSI, Volume expansion",0.26,18.62,26.81,-6.48,-8.24,-2.86,6.74,26.86,29.67,78.0,"Positive 1M return, Positive 3M return, Positive 6M return, 1M Nifty outperformance, 3M Nifty outperformance, 6M Nifty outperformance, Positive across 1M/3M/6M",5.21,Profit Booking Zone,77.94,54.83,66.36,21.02,85.63,80.0% of closes stayed inside the range | Range width 21.0% | Currently 85.6% through the range,5.39,0.46,,41.3,5.79,19.58,90.88,,,10820.81,30358.13,,,8.3626,6.5496,1.7645,2.79,0.78,62970.76,0.0,Banking,6.0,10.0,4.0,0.0,15.0,35.0,0.64,,,-5.0,30.0,Weak ROE for a leveraged-balance-sheet business,21.99,5.0,Sharp daily fall,40.3,Weak,"Above 50 DMA, Above 200 DMA, Weak but watchable RSI, Volume expansion, Positive 1M return, Positive 3M return, Positive 6M return, 1M Nifty outperformance, 3M Nifty outperformance, 6M Nifty outperformance, Positive across 1M/3M/6M, 80.0% of closes stayed inside the range | Range width 21.0% | Currently 85.6% through the range"
LAURUSLABS,Healthcare,Drug Manufacturers - Specialty & Generic,1019.98,-0.51,276.17,1139.87,269.33,10.52,47.79,1037.4,903.33,1419293.55,1955333.0,1.38,Bearish,37.0,"Above 200 DMA, RSI recovering, Volume expansion",7.41,1.68,16.03,-6.48,-8.24,-2.86,13.89,9.92,18.89,63.0,"Positive 1M return, Positive 3M return, Positive 6M return, 1M Nifty outperformance, 6M Nifty outperformance, Positive across 1M/3M/6M",21.0,Neutral Range,72.78,875.01,1083.74,23.85,69.46,80.0% of closes stayed inside the range | Range width 23.9% | Currently 69.5% through the range,,,20.22,14.15,13.3,54.37,,,,,,,,91.358,64.5153,18.8439,13.0,0.357,99957.76,59.45,Pharma / Healthcare,10.0,15.0,0.0,0.0,5.0,30.0,0.5,,Very high PE,0.0,30.0,,28.17,0.0,,39.73,Weak,"Above 200 DMA, RSI recovering, Volume expansion, Positive 1M return, Positive 3M return, Positive 6M return, 1M Nifty outperformance, 6M Nifty outperformance, Positive across 1M/3M/6M, 80.0% of closes stayed inside the range | Range width 23.9% | Currently 69.5% through the range"
APOLLOHOSP,Healthcare,Medical Care Facilities,7769.95,0.71,3944.97,8079.36,96.96,3.83,65.18,7291.16,7374.52,465562.3,358612.0,0.77,Bullish,65.0,"Above 50 DMA, Above 200 DMA, Healthy RSI momentum, Near 52W high momentum, Positive day move",8.9,9.77,-0.19,-6.48,-8.24,-2.86,15.38,18.01,2.67,43.0,"Positive 1M return, Positive 3M return, 1M Nifty outperformance, 3M Nifty outperformance",37.0,Profit Booking Zone,84.27,6990.12,7812.57,11.77,94.82,80.0% of closes stayed inside the range | Range width 11.8% | Currently 94.8% through the range,,,11.52,7.75,10.87,16.06,,,,,,,,64.9369,40.1114,13.0391,23.0,0.201,123611.67,34.63,Pharma / Healthcare,6.0,13.0,0.0,0.0,5.0,24.0,0.5,,,0.0,24.0,,28.17,0.0,,39.63,Weak,"Above 50 DMA, Above 200 DMA, Healthy RSI momentum, Near 52W high momentum, Positive day move, Positive 1M return, Positive 3M return, 1M Nifty outperformance, 3M Nifty outperformance, 80.0% of closes stayed inside the range | Range width 11.8% | Currently 94.8% through the range"
HINDZINC,Basic Materials,Other Industrial Metals & Mining,564.68,-2.02,194.09,749.99,190.94,24.71,40.44,615.4,498.74,6307389.25,6304945.0,1.0,Bearish,23.0,"Above 200 DMA, Weak but watchable RSI",-5.58,17.24,30.65,-6.48,-8.24,-2.86,0.9,25.48,33.51,60.0,"Positive 3M return, Strong 6M absolute return, 3M Nifty outperformance, 6M Nifty outperformance",16.1,Neutral Range,66.97,457.44,626.45,36.95,63.45,80.0% of closes stayed inside the range | Range width 36.9% | Currently 63.5% through the range,,,48.06,36.85,39.99,75.29,,,,,,,,14.4846,13.3134,10.9157,3.58,0.661,247012.13,75.8,Metals / Mining,12.0,20.0,0.0,0.0,11.0,43.0,0.5,,,0.0,43.0,,23.34,0.0,,39.3,Weak,"Above 200 DMA, Weak but watchable RSI, Positive 3M return, Strong 6M absolute return, 3M Nifty outperformance, 6M Nifty outperformance, 80.0% of closes stayed inside the range | Range width 36.9% | Currently 63.5% through the range"
COALINDIA,Energy,Thermal Coal,431.88,-0.64,153.6,476.32,181.17,9.33,56.51,416.26,377.8,9271900.75,15824576.0,1.71,Bullish,70.0,"Above 50 DMA, Above 200 DMA, Healthy RSI momentum, Near 52W high momentum, Volume expansion",2.46,17.51,15.99,-6.48,-8.24,-2.86,8.94,25.75,18.85,78.0,"Positive 1M return, Positive 3M return, Positive 6M return, 1M Nifty outperformance, 3M Nifty outperformance, 6M Nifty outperformance, Positive across 1M/3M/6M",16.67,Profit Booking Zone,85.52,364.77,421.73,15.61,100.0,80.0% of closes stayed inside the range | Range width 15.6% | Currently 100.0% through the range,,,23.08,23.22,-28.19,-18.64,,,,,,,,8.1631,7.2265,2.1177,5.09,-0.04,252240.46,74.76,Metals / Mining,11.0,0.0,0.0,0.0,15.0,26.0,0.5,,"Revenue contraction, Earnings contraction",0.0,26.0,,34.11,12.0,"Revenue contraction, Earnings contraction",39.22,Weak,"Above 50 DMA, Above 200 DMA, Healthy RSI momentum, Near 52W high momentum, Volume expansion, Positive 1M return, Positive 3M return, Positive 6M return, 1M Nifty outperformance, 3M Nifty outperformance, 6M Nifty outperformance, Positive across 1M/3M/6M, 80.0% of closes stayed inside the range | Range width 15.6% | Currently 100.0% through the range"
ASTERDM,Healthcare,Medical Care Facilities,655.43,-2.14,151.5,729.01,332.62,10.09,63.67,600.65,615.82,874215.55,3509920.0,4.01,Bullish,75.0,"Above 50 DMA, Above 200 DMA, Healthy RSI momentum, Near 52W high momentum, Strong volume expansion",16.92,6.41,2.82,-6.48,-8.24,-2.86,23.4,14.65,5.68,70.0,"Strong 1M absolute return, Positive 3M return, Positive 6M return, 1M Nifty outperformance, 3M Nifty outperformance, Positive across 1M/3M/6M",16.0,Neutral Range,80.91,569.21,694.72,22.05,68.7,80.0% of closes stayed inside the range | Range width 22.1% | Currently 68.7% through the range,,,12.11,4.42,10.01,-38.67,,,,,,,,138.9178,42.5242,9.3243,47.0,-0.059,72170.12,58.62,Pharma / Healthcare,3.0,5.0,0.0,0.0,5.0,13.0,0.5,,"Earnings contraction, Very high PE",0.0,13.0,,28.17,7.0,Earnings contraction,38.03,Weak,"Above 50 DMA, Above 200 DMA, Healthy RSI momentum, Near 52W high momentum, Strong volume expansion, Strong 1M absolute return, Positive 3M return, Positive 6M return, 1M Nifty outperformance, 3M Nifty outperformance, Positive across 1M/3M/6M, 80.0% of closes stayed inside the range | Range width 22.1% | Currently 68.7% through the range"
TORNTPOWER,Utilities,Utilities - Independent Power Producers,1423.97,-3.54,393.65,1980.17,261.74,28.09,44.87,1393.56,1329.97,913179.95,566845.0,0.62,Bullish,38.0,"Above 50 DMA, Above 200 DMA, Weak but watchable RSI",1.03,15.03,14.32,-6.48,-8.24,-2.86,7.51,23.27,17.18,78.0,"Positive 1M return, Positive 3M return, Positive 6M return, 1M Nifty outperformance, 3M Nifty outperformance, 6M Nifty outperformance, Positive across 1M/3M/6M",7.5,Profit Booking Zone,75.27,1237.88,1471.34,18.86,79.71,80.0% of closes stayed inside the range | Range width 18.9% | Currently 79.7% through the range,,,14.61,9.49,-13.94,-11.14,,,,,,,,28.818,21.9958,3.4843,1.5,0.655,66464.88,26.63,Energy / Utilities,6.0,0.0,0.0,0.0,10.0,16.0,0.5,,"Revenue contraction, Earnings contraction",0.0,16.0,,19.86,0.0,,37.58,Weak,"Above 50 DMA, Above 200 DMA, Weak but watchable RSI, Positive 1M return, Positive 3M return, Positive 6M return, 1M Nifty outperformance, 3M Nifty outperformance, 6M Nifty outperformance, Positive across 1M/3M/6M, 80.0% of closes stayed inside the range | Range width 18.9% | Currently 79.7% through the range"
HINDALCO,Basic Materials,Aluminum,940.44,-1.41,350.03,1024.46,168.67,8.2,52.67,929.15,780.86,6330967.4,7016889.0,1.11,Bullish,65.0,"Above 50 DMA, Above 200 DMA, Healthy RSI momentum, Near 52W high momentum, Normal volume support",0.3,15.36,27.1,-6.48,-8.24,-2.86,6.78,23.6,29.96,78.0,"Positive 1M return, Positive 3M return, Positive 6M return, 1M Nifty outperformance, 3M Nifty outperformance, 6M Nifty outperformance, Positive across 1M/3M/6M",6.78,Profit Booking Zone,82.23,757.81,950.35,25.41,94.86,80.0% of closes stayed inside the range | Range width 25.4% | Currently 94.9% through the range,,,8.65,3.08,0.7,-56.78,,,,,,,,14.2245,9.717,1.7528,48.0,0.925,239409.43,31.31,Metals / Mining,0.0,0.0,0.0,0.0,15.0,15.0,0.5,,Earnings contraction,0.0,15.0,,23.34,7.0,Earnings contraction,37.5,Weak,"Above 50 DMA, Above 200 DMA, Healthy RSI momentum, Near 52W high momentum, Normal volume support, Positive 1M return, Positive 3M return, Positive 6M return, 1M Nifty outperformance, 3M Nifty outperformance, 6M Nifty outperformance, Positive across 1M/3M/6M, 80.0% of closes stayed inside the range | Range width 25.4% | Currently 94.9% through the range"
CUMMINSIND,Industrials,Specialty Industrial Machinery,4652.71,-2.28,1088.43,4945.98,327.47,5.93,54.48,4318.91,3937.09,670987.3,360922.0,0.54,Bullish,60.0,"Above 50 DMA, Above 200 DMA, Healthy RSI momentum, Near 52W high momentum",7.88,5.5,19.71,-6.48,-8.24,-2.86,14.36,13.74,22.57,78.0,"Positive 1M return, Positive 3M return, Positive 6M return, 1M Nifty outperformance, 3M Nifty outperformance, 6M Nifty outperformance, Positive across 1M/3M/6M",16.09,Profit Booking Zone,83.24,3907.06,4564.76,16.83,100.0,80.0% of closes stayed inside the range | Range width 16.8% | Currently 100.0% through the range,,,19.43,16.17,5.16,-19.51,,,,,,,,62.7339,45.4491,17.5475,1.23,0.546,148717.8,35.46,Capital Goods / Infra,10.0,2.0,0.0,0.0,4.0,16.0,0.5,,Earnings contraction,0.0,16.0,,26.17,7.0,Earnings contraction,37.03,Weak,"Above 50 DMA, Above 200 DMA, Healthy RSI momentum, Near 52W high momentum, Positive 1M return, Positive 3M return, Positive 6M return, 1M Nifty outperformance, 3M Nifty outperformance, 6M Nifty outperformance, Positive across 1M/3M/6M, 80.0% of closes stayed inside the range | Range width 16.8% | Currently 100.0% through the range"
SONACOMS,Consumer Cyclical,Auto Parts,499.25,-2.77,376.41,758.97,32.63,34.22,43.21,495.93,475.67,1410046.9,809014.0,0.57,Bullish,38.0,"Above 50 DMA, Above 200 DMA, Weak but watchable RSI",-2.49,3.29,13.88,-6.48,-8.24,-2.86,3.99,11.53,16.74,50.0,"Positive 3M return, Positive 6M return, 3M Nifty outperformance, 6M Nifty outperformance",14.84,Neutral Range,73.29,426.01,528.26,24.0,71.63,80.0% of closes stayed inside the range | Range width 24.0% | Currently 71.6% through the range,,,18.43,12.57,40.5,20.9,,,,,,,,71.4476,47.8131,8.3617,45.0,0.449,50164.83,49.92,Automobile,10.0,18.0,0.0,0.0,5.0,33.0,0.5,,,0.0,33.0,,19.99,0.0,,36.55,Weak,"Above 50 DMA, Above 200 DMA, Weak but watchable RSI, Positive 3M return, Positive 6M return, 3M Nifty outperformance, 6M Nifty outperformance, 80.0% of closes stayed inside the range | Range width 24.0% | Currently 71.6% through the range"
PFC,Financial Services,Credit Services,386.1,-3.69,66.83,531.48,477.75,27.35,45.52,379.4,380.56,7739872.3,9226515.0,1.19,Bullish,47.0,"Above 50 DMA, Above 200 DMA, RSI recovering, Normal volume support",-5.37,15.83,1.6,-6.48,-8.24,-2.86,1.11,24.07,4.46,35.0,"Positive 3M return, Positive 6M return, 3M Nifty outperformance",23.44,Neutral Range,76.08,341.96,403.58,18.02,71.62,80.0% of closes stayed inside the range | Range width 18.0% | Currently 71.6% through the range,,,253.16,56.74,2.29,9.56,,,,,,,,4.8263,4.1648,0.9351,4.09,0.639,124248.82,99.22,Financial Services,12.0,5.0,0.0,0.0,15.0,32.0,0.5,,,0.0,32.0,,21.99,0.0,,35.0,Weak,"Above 50 DMA, Above 200 DMA, RSI recovering, Normal volume support, Positive 3M return, Positive 6M return, 3M Nifty outperformance, 80.0% of closes stayed inside the range | Range width 18.0% | Currently 71.6% through the range"
CGPOWER,Industrials,Electrical Equipment & Parts,697.55,-2.5,209.52,871.04,232.93,19.92,53.66,646.67,687.87,2484947.75,2675404.0,1.08,Bullish,55.0,"Above 50 DMA, Above 200 DMA, Healthy RSI momentum, Normal volume support",3.36,8.03,-5.05,-6.48,-8.24,-2.86,9.84,16.27,-2.19,43.0,"Positive 1M return, Positive 3M return, 1M Nifty outperformance, 3M Nifty outperformance",29.31,Neutral Range,75.24,588.28,755.67,28.45,65.28,80.0% of closes stayed inside the range | Range width 28.5% | Currently 65.3% through the range,,,10.92,8.97,10.33,5.79,,,,,,,,111.9798,63.7634,17.5463,15.0,0.42,139899.97,30.72,Capital Goods / Infra,6.0,7.0,0.0,0.0,5.0,18.0,0.5,,Very high PE,0.0,18.0,,26.17,0.0,,34.73,Avoid,"Above 50 DMA, Above 200 DMA, Healthy RSI momentum, Normal volume support, Positive 1M return, Positive 3M return, 1M Nifty outperformance, 3M Nifty outperformance, 80.0% of closes stayed inside the range | Range width 28.5% | Currently 65.3% through the range"
SHRIRAMFIN,Financial Services,Credit Services,981.65,-2.01,213.18,1101.77,360.48,10.9,40.68,1013.72,771.43,5308714.4,11999852.0,2.26,Bearish,38.0,"Above 200 DMA, Weak but watchable RSI, Strong volume expansion",-1.53,18.33,67.63,-6.48,-8.24,-2.86,4.95,26.57,70.49,60.0,"Positive 3M return, Strong 6M absolute return, 3M Nifty outperformance, 6M Nifty outperformance",13.02,Profit Booking Zone,68.88,637.03,1051.1,65.0,83.23,80.0% of closes stayed inside the range | Range width 65.0% | Currently 83.2% through the range,,,,37.57,12.24,17.15,,,,,,,,19.735,15.5658,3.1889,1.22,0.606,262875.3,96.81,Financial Services,6.0,13.0,0.0,0.0,12.0,31.0,0.43,,,0.0,31.0,,21.99,4.0,Limited fundamental data coverage,34.65,Avoid,"Above 200 DMA, Weak but watchable RSI, Strong volume expansion, Positive 3M return, Strong 6M absolute return, 3M Nifty outperformance, 6M Nifty outperformance, 80.0% of closes stayed inside the range | Range width 65.0% | Currently 83.2% through the range"
VOLTAS,Consumer Cyclical,"Furnishings, Fixtures & Appliances",1432.0,-2.83,724.31,1928.05,97.71,25.73,44.0,1438.36,1370.61,917991.3,1094929.0,1.19,Bearish,28.0,"Above 200 DMA, Weak but watchable RSI, Normal volume support",0.1,8.62,0.26,-6.48,-8.24,-2.86,6.58,16.86,3.12,63.0,"Positive 1M return, Positive 3M return, Positive 6M return, 1M Nifty outperformance, 3M Nifty outperformance, Positive across 1M/3M/6M",8.59,Neutral Range,71.0,1326.31,1503.39,13.35,59.69,80.0% of closes stayed inside the range | Range width 13.4% | Currently 59.7% through the range,,,5.13,2.78,31.9,147.74,,,,,,,,113.2572,38.3226,6.6943,31.0,0.138,42684.13,22.23,Consumer Discretionary,0.0,20.0,0.0,0.0,5.0,25.0,0.5,,Very high PE,0.0,25.0,,19.99,0.0,,34.5,Avoid,"Above 200 DMA, Weak but watchable RSI, Normal volume support, Positive 1M return, Positive 3M return, Positive 6M return, 1M Nifty outperformance, 3M Nifty outperformance, Positive across 1M/3M/6M, 80.0% of closes stayed inside the range | Range width 13.4% | Currently 59.7% through the range"
FEDERALBNK,Financial Services,Banks - Regional,272.37,-4.61,102.82,300.97,164.89,9.5,36.77,277.41,231.14,7212182.85,12304998.0,1.71,Bearish,33.0,"Above 200 DMA, Weak but watchable RSI, Volume expansion",-4.71,6.16,43.45,-6.48,-8.24,-2.86,1.77,14.4,46.31,60.0,"Positive 3M return, Strong 6M absolute return, 3M Nifty outperformance, 6M Nifty outperformance",13.02,Profit Booking Zone,70.73,197.1,287.37,45.8,83.38,80.0% of closes stayed inside the range | Range width 45.8% | Currently 83.4% through the range,,,,26.67,8.65,19.14,,,,,,,,19.1033,13.2216,2.1967,34.0,0.276,88118.6,0.0,Banking,6.0,13.0,0.0,0.0,15.0,34.0,0.43,,,0.0,34.0,,21.99,4.0,Limited fundamental data coverage,34.45,Avoid,"Above 200 DMA, Weak but watchable RSI, Volume expansion, Positive 3M return, Strong 6M absolute return, 3M Nifty outperformance, 6M Nifty outperformance, 80.0% of closes stayed inside the range | Range width 45.8% | Currently 83.4% through the range"
OIL,Energy,Oil & Gas Integrated,474.05,-2.16,95.09,729.69,398.54,35.03,51.8,454.08,424.05,7569487.55,13477812.0,1.78,Bullish,60.0,"Above 50 DMA, Above 200 DMA, Healthy RSI momentum, Volume expansion",-3.21,19.15,22.4,-6.48,-8.24,-2.86,3.27,27.39,25.26,50.0,"Positive 3M return, Positive 6M return, 3M Nifty outperformance, 6M Nifty outperformance",36.67,Profit Booking Zone,81.26,397.2,481.49,21.22,91.17,80.0% of closes stayed inside the range | Range width 21.2% | Currently 91.2% through the range,,,21.56,14.35,-0.76,-16.36,,,,,,,,9.1579,7.5062,1.3235,4.04,0.253,76775.88,56.89,Energy / Utilities,10.0,0.0,0.0,0.0,15.0,25.0,0.5,,"Revenue contraction, Earnings contraction",0.0,25.0,,34.11,7.0,Earnings contraction,34.37,Avoid,"Above 50 DMA, Above 200 DMA, Healthy RSI momentum, Volume expansion, Positive 3M return, Positive 6M return, 3M Nifty outperformance, 6M Nifty outperformance, 80.0% of closes stayed inside the range | Range width 21.2% | Currently 91.2% through the range"
APARINDS,Industrials,Electrical Equipment & Parts,10142.0,-2.42,1147.8,11710.57,783.6,13.39,54.48,8897.07,8638.54,132657.05,64613.0,0.49,Bullish,60.0,"Above 50 DMA, Above 200 DMA, Healthy RSI momentum, Near 52W high momentum",6.87,17.34,30.44,-6.48,-8.24,-2.86,13.35,25.58,33.3,88.0,"Positive 1M return, Positive 3M return, Strong 6M absolute return, 1M Nifty outperformance, 3M Nifty outperformance, 6M Nifty outperformance, Positive across 1M/3M/6M",8.05,Profit Booking Zone,81.63,7860.6,10026.15,27.55,100.0,80.0% of closes stayed inside the range | Range width 27.5% | Currently 100.0% through the range,,,7.4,3.83,7.41,-20.53,,,,,,,,57.1429,47.8647,13.4064,38.0,0.152,72330.69,21.59,Capital Goods / Infra,0.0,2.0,0.0,0.0,7.0,9.0,0.5,,Earnings contraction,0.0,9.0,,26.17,10.0,"Low volume participation, Earnings contraction",34.08,Avoid,"Above 50 DMA, Above 200 DMA, Healthy RSI momentum, Near 52W high momentum, Positive 1M return, Positive 3M return, Strong 6M absolute return, 1M Nifty outperformance, 3M Nifty outperformance, 6M Nifty outperformance, Positive across 1M/3M/6M, 80.0% of closes stayed inside the range | Range width 27.5% | Currently 100.0% through the range"
BANKBARODA,Financial Services,Banks - Regional,279.03,-2.47,103.5,315.3,169.59,11.51,39.16,291.07,259.28,10775132.45,11662512.0,1.08,Bearish,28.0,"Above 200 DMA, Weak but watchable RSI, Normal volume support",-0.4,1.0,22.96,-6.48,-8.24,-2.86,6.08,9.24,25.82,45.0,"Positive 3M return, Positive 6M return, 1M Nifty outperformance, 6M Nifty outperformance",17.71,Neutral Range,70.35,251.36,297.27,18.26,60.26,80.0% of closes stayed inside the range | Range width 18.3% | Currently 60.3% through the range,3.31,0.28,,28.04,7.27,56.89,87.15,,,144874.43,143113.36,,,7.149,5.892,0.77,3.45,0.43,129801.19,0.0,Banking,6.0,12.0,7.0,0.0,15.0,40.0,0.64,Cash covers debt,,-5.0,35.0,Weak ROE for a leveraged-balance-sheet business,21.99,0.0,,33.8,Avoid,"Above 200 DMA, Weak but watchable RSI, Normal volume support, Cash covers debt, Positive 3M return, Positive 6M return, 1M Nifty outperformance, 6M Nifty outperformance, 80.0% of closes stayed inside the range | Range width 18.3% | Currently 60.3% through the range"
INDUSTOWER,Communication Services,Telecom Services,422.6,-3.0,130.25,464.04,224.45,8.93,40.71,427.18,381.05,5465923.25,2829820.0,0.52,Bearish,23.0,"Above 200 DMA, Weak but watchable RSI",-1.09,8.81,29.96,-6.48,-8.24,-2.86,5.39,17.05,32.82,60.0,"Positive 3M return, Positive 6M return, 1M Nifty outperformance, 3M Nifty outperformance, 6M Nifty outperformance",20.0,Profit Booking Zone,70.57,341.35,442.7,29.69,80.16,80.0% of closes stayed inside the range | Range width 29.7% | Currently 80.2% through the range,,,33.27,21.8,1.1,2.25,,,,,,,,14.1424,12.5435,2.4433,3.79,0.05,101110.34,55.94,Telecom,12.0,0.0,0.0,0.0,15.0,27.0,0.5,,,0.0,27.0,,23.72,0.0,,33.76,Avoid,"Above 200 DMA, Weak but watchable RSI, Positive 3M return, Positive 6M return, 1M Nifty outperformance, 3M Nifty outperformance, 6M Nifty outperformance, 80.0% of closes stayed inside the range | Range width 29.7% | Currently 80.2% through the range"
HINDCOPPER,Basic Materials,Copper,540.55,-3.23,92.4,758.83,485.03,28.77,43.76,568.16,361.66,13990133.2,7172740.0,0.51,Bearish,23.0,"Above 200 DMA, Weak but watchable RSI",-6.63,48.95,122.83,-6.48,-8.24,-2.86,-0.15,57.19,125.69,70.0,"Strong 3M absolute return, Strong 6M absolute return, 3M Nifty outperformance, 6M Nifty outperformance",10.17,Profit Booking Zone,62.89,319.61,586.52,83.51,82.78,80.0% of closes stayed inside the range | Range width 83.5% | Currently 82.8% through the range,,,28.6,22.73,-4.28,-15.0,,,,,,,,45.4523,27.1139,15.8616,46.0,,52963.9,91.1,Metals / Mining,12.0,0.0,0.0,0.0,7.0,19.0,0.5,,"Revenue contraction, Earnings contraction",0.0,19.0,,23.34,0.0,,33.4,Avoid,"Above 200 DMA, Weak but watchable RSI, Strong 3M absolute return, Strong 6M absolute return, 3M Nifty outperformance, 6M Nifty outperformance, 80.0% of closes stayed inside the range | Range width 83.5% | Currently 82.8% through the range"
APLAPOLLO,Basic Materials,Steel,2097.9,-2.55,928.18,2301.4,126.02,8.84,42.58,2072.92,1812.76,726055.75,355658.0,0.49,Bullish,38.0,"Above 50 DMA, Above 200 DMA, Weak but watchable RSI",-4.55,20.84,26.02,-6.48,-8.24,-2.86,1.93,29.08,28.88,60.0,"Strong 3M absolute return, Positive 6M return, 3M Nifty outperformance, 6M Nifty outperformance",16.1,Profit Booking Zone,73.53,1700.38,2204.44,29.64,78.86,80.0% of closes stayed inside the range | Range width 29.6% | Currently 78.9% through the range,,,7.3,5.49,12.91,30.72,,,,,,,,45.1016,31.4255,10.471,29.0,0.301,55451.16,15.61,Metals / Mining,0.0,15.0,0.0,0.0,7.0,22.0,0.5,,,0.0,22.0,,23.34,3.0,Low volume participation,32.7,Avoid,"Above 50 DMA, Above 200 DMA, Weak but watchable RSI, Strong 3M absolute return, Positive 6M return, 3M Nifty outperformance, 6M Nifty outperformance, 80.0% of closes stayed inside the range | Range width 29.6% | Currently 78.9% through the range"
NMDC,Basic Materials,Steel,79.13,-0.83,24.26,87.7,226.22,9.77,47.72,80.05,73.09,25820048.95,27385520.0,1.06,Bearish,32.0,"Above 200 DMA, RSI recovering, Normal volume support",-3.03,9.21,9.4,-6.48,-8.24,-2.86,3.45,17.45,12.26,35.0,"Positive 3M return, Positive 6M return, 3M Nifty outperformance",33.9,Neutral Range,73.97,72.21,81.61,13.02,73.59,80.0% of closes stayed inside the range | Range width 13.0% | Currently 73.6% through the range,,,26.77,23.08,12.94,-10.73,,,,,,,,10.094,8.3816,2.2131,4.1,0.643,75521.71,45.64,Metals / Mining,12.0,5.0,0.0,0.0,15.0,32.0,0.5,,Earnings contraction,0.0,32.0,,23.34,0.0,,31.45,Avoid,"Above 200 DMA, RSI recovering, Normal volume support, Positive 3M return, Positive 6M return, 3M Nifty outperformance, 80.0% of closes stayed inside the range | Range width 13.0% | Currently 73.6% through the range"
BAJAJ-AUTO,Consumer Cyclical,Auto Manufacturers,9252.78,-4.41,3203.99,12285.36,188.79,24.68,40.14,9477.11,8803.96,266982.2,334501.0,1.25,Bearish,28.0,"Above 200 DMA, Weak but watchable RSI, Normal volume support",-1.42,3.96,3.29,-6.48,-8.24,-2.86,5.06,12.2,6.15,45.0,"Positive 3M return, Positive 6M return, 1M Nifty outperformance, 3M Nifty outperformance",20.31,Neutral Range,71.05,8706.37,9655.12,10.9,57.59,80.0% of closes stayed inside the range | Range width 10.9% | Currently 57.6% through the range,,,23.48,17.88,0.82,29.58,,,,,,,,27.8148,24.7664,8.4212,1.28,0.633,321520.48,34.19,Automobile,10.0,10.0,0.0,0.0,8.0,28.0,0.5,,,0.0,28.0,,19.99,0.0,,31.05,Avoid,"Above 200 DMA, Weak but watchable RSI, Normal volume support, Positive 3M return, Positive 6M return, 1M Nifty outperformance, 3M Nifty outperformance, 80.0% of closes stayed inside the range | Range width 10.9% | Currently 57.6% through the range"
PIRAMALFIN,Financial Services,Credit Services,1749.68,-0.8,1252.89,1943.48,39.65,9.97,49.62,1756.51,,183549.55,187384.0,1.02,Bearish,17.0,"RSI recovering, Normal volume support",4.12,19.41,,-6.48,-8.24,-2.86,10.6,27.65,,43.0,"Positive 1M return, Positive 3M return, 1M Nifty outperformance, 3M Nifty outperformance",19.27,Profit Booking Zone,68.71,1494.01,1816.83,21.61,79.2,78.6% of closes stayed inside the range | Range width 21.6% | Currently 79.2% through the range,,,14.23,14.0,13.82,44.8,,,,,,,,27.7736,14.2337,1.6651,52.0,,46857.6,98.62,Financial Services,8.0,15.0,0.0,0.0,13.0,36.0,0.5,,,0.0,36.0,,21.99,0.0,,30.9,Avoid,"RSI recovering, Normal volume support, Positive 1M return, Positive 3M return, 1M Nifty outperformance, 3M Nifty outperformance, 78.6% of closes stayed inside the range | Range width 21.6% | Currently 79.2% through the range"
NESTLEIND,Consumer Defensive,Packaged Foods,1229.89,-1.33,860.07,1360.46,43.0,9.6,34.89,1286.18,1217.52,849809.8,1467475.0,1.73,Bearish,33.0,"Above 200 DMA, Weak but watchable RSI, Volume expansion",-5.18,2.28,2.81,-6.48,-8.24,-2.86,1.3,10.52,5.67,35.0,"Positive 3M return, Positive 6M return, 3M Nifty outperformance",28.0,Lower Range Watch,71.91,1175.17,1299.46,10.58,44.03,80.0% of closes stayed inside the range | Range width 10.6% | Currently 44.0% through the range,,,18.21,17.69,11.23,54.41,,,,,,,,76.4587,60.7096,56.3512,80.0,0.426,290596.98,55.13,FMCG / Consumer,10.0,15.0,0.0,0.0,5.0,30.0,0.5,,,0.0,30.0,,21.88,0.0,,30.78,Avoid,"Above 200 DMA, Weak but watchable RSI, Volume expansion, Positive 3M return, Positive 6M return, 3M Nifty outperformance, 80.0% of closes stayed inside the range | Range width 10.6% | Currently 44.0% through the range"
MOTHERSON,Consumer Cyclical,Auto Parts,117.41,-3.9,40.29,143.08,191.38,17.94,39.12,120.9,108.21,20888619.35,14850245.0,0.71,Bearish,23.0,"Above 200 DMA, Weak but watchable RSI",-0.1,2.32,24.71,-6.48,-8.24,-2.86,6.38,10.56,27.57,60.0,"Positive 3M return, Positive 6M return, 1M Nifty outperformance, 3M Nifty outperformance, 6M Nifty outperformance",11.72,Neutral Range,67.42,104.83,128.85,22.91,52.38,80.0% of closes stayed inside the range | Range width 22.9% | Currently 52.4% through the range,,,5.52,3.28,4.38,23.78,,,,,,,,40.7452,24.4622,4.356,30.0,1.034,178504.36,43.82,Automobile,0.0,10.0,0.0,0.0,9.0,19.0,0.5,,,0.0,19.0,,19.99,0.0,,30.4,Avoid,"Above 200 DMA, Weak but watchable RSI, Positive 3M return, Positive 6M return, 1M Nifty outperformance, 3M Nifty outperformance, 6M Nifty outperformance, 80.0% of closes stayed inside the range | Range width 22.9% | Currently 52.4% through the range"
BANKINDIA,Financial Services,Banks - Regional,146.5,-5.19,40.78,172.72,259.29,15.18,34.5,154.85,129.3,10275964.1,13124009.0,1.28,Bearish,28.0,"Above 200 DMA, Weak but watchable RSI, Normal volume support",-7.56,9.51,34.4,-6.48,-8.24,-2.86,-1.08,17.75,37.26,60.0,"Positive 3M return, Strong 6M absolute return, 3M Nifty outperformance, 6M Nifty outperformance",13.02,Neutral Range,68.22,119.48,162.07,35.65,63.46,80.0% of closes stayed inside the range | Range width 35.6% | Currently 63.5% through the range,3.26,0.25,,31.69,6.2,53.71,122.81,,,79511.36,106108.24,,,5.3869,5.6026,0.7284,3.25,0.777,66241.31,0.0,Banking,6.0,12.0,2.0,0.0,12.0,32.0,0.64,,,-5.0,27.0,Weak ROE for a leveraged-balance-sheet business,21.99,5.0,Sharp daily fall,29.75,Avoid,"Above 200 DMA, Weak but watchable RSI, Normal volume support, Positive 3M return, Strong 6M absolute return, 3M Nifty outperformance, 6M Nifty outperformance, 80.0% of closes stayed inside the range | Range width 35.6% | Currently 63.5% through the range"
DIVISLAB,Healthcare,Drug Manufacturers - Specialty & Generic,6304.0,0.02,2668.41,7010.54,136.25,10.08,52.47,6250.49,6356.6,369942.8,260778.0,0.7,Bullish,50.0,"Above 50 DMA, Healthy RSI momentum, Near 52W high momentum, Positive day move",5.07,0.02,5.34,-6.48,-8.24,-2.86,11.55,8.26,8.2,48.0,"Positive 1M return, Positive 3M return, Positive 6M return, 1M Nifty outperformance, Positive across 1M/3M/6M",32.0,Neutral Range,75.19,5998.61,6573.74,9.59,53.1,80.0% of closes stayed inside the range | Range width 9.6% | Currently 53.1% through the range,,,29.65,22.39,8.05,6.97,,,,,,,,88.4956,57.207,13.6211,35.0,0.22,228302.97,61.24,Pharma / Healthcare,12.0,7.0,0.0,0.0,5.0,24.0,0.5,,Very high PE,0.0,24.0,,28.17,8.0,Below 200 DMA,29.13,Avoid,"Above 50 DMA, Healthy RSI momentum, Near 52W high momentum, Positive day move, Positive 1M return, Positive 3M return, Positive 6M return, 1M Nifty outperformance, Positive across 1M/3M/6M, 80.0% of closes stayed inside the range | Range width 9.6% | Currently 53.1% through the range"
AXISBANK,Financial Services,Banks - Regional,1287.31,-2.09,705.29,1417.21,82.52,9.17,36.35,1319.67,1210.5,5685698.4,7926265.0,1.39,Bearish,33.0,"Above 200 DMA, Weak but watchable RSI, Volume expansion",-3.97,1.14,22.01,-6.48,-8.24,-2.86,2.51,9.38,24.87,35.0,"Positive 3M return, Positive 6M return, 6M Nifty outperformance",23.44,Neutral Range,72.24,1166.42,1355.7,16.23,63.87,80.0% of closes stayed inside the range | Range width 16.2% | Currently 63.9% through the range,3.39,0.39,,31.7,-0.22,12.28,126.35,,,104165.94,261419.5,,,13.8498,9.7233,1.7142,8.0,0.416,382872.22,0.0,Banking,6.0,5.0,2.0,0.0,15.0,28.0,0.64,,Revenue contraction,-5.0,23.0,Weak ROE for a leveraged-balance-sheet business,21.99,0.0,,28.35,Avoid,"Above 200 DMA, Weak but watchable RSI, Volume expansion, Positive 3M return, Positive 6M return, 6M Nifty outperformance, 80.0% of closes stayed inside the range | Range width 16.2% | Currently 63.9% through the range"
GLENMARK,Healthcare,Drug Manufacturers - Specialty & Generic,2117.6,-0.32,356.64,2279.21,493.76,7.09,59.08,2023.99,1928.9,427102.75,304629.0,0.71,Bullish,60.0,"Above 50 DMA, Above 200 DMA, Healthy RSI momentum, Near 52W high momentum",9.45,10.18,3.46,-6.48,-8.24,-2.86,15.93,18.42,6.32,63.0,"Positive 1M return, Positive 3M return, Positive 6M return, 1M Nifty outperformance, 3M Nifty outperformance, Positive across 1M/3M/6M",21.0,Profit Booking Zone,83.9,1845.01,2075.12,12.47,100.0,80.0% of closes stayed inside the range | Range width 12.5% | Currently 100.0% through the range,,,18.4,10.37,-35.24,-33.94,,,,,,,,35.9328,23.447,6.1481,33.0,0.248,64629.45,71.94,Pharma / Healthcare,8.0,0.0,0.0,0.0,7.0,15.0,0.5,,"Revenue contraction, Earnings contraction",0.0,15.0,,28.17,12.0,"Revenue contraction, Earnings contraction",28.23,Avoid,"Above 50 DMA, Above 200 DMA, Healthy RSI momentum, Near 52W high momentum, Positive 1M return, Positive 3M return, Positive 6M return, 1M Nifty outperformance, 3M Nifty outperformance, Positive across 1M/3M/6M, 80.0% of closes stayed inside the range | Range width 12.5% | Currently 100.0% through the range"
VBL,Consumer Defensive,Beverages - Non-Alcoholic,436.3,-2.21,179.77,676.37,142.7,35.49,39.85,468.54,471.12,3902216.8,3862525.0,0.99,Bearish,8.0,Weak but watchable RSI,-0.3,-6.82,-6.79,-6.48,-8.24,-2.86,6.18,1.42,-3.93,10.0,1M Nifty outperformance,50.0,Accumulation Zone,73.28,442.23,488.42,10.45,0.0,80.0% of closes stayed inside the range | Range width 10.4% | Currently 0.0% through the range,15.51,11.88,18.53,14.57,196.9,130.56,12.81,1.94,1.21,1784.18,2508.18,3509.31,770.21,44.006,37.7022,7.6091,46.0,0.298,148997.58,55.45,FMCG / Consumer,18.0,20.0,15.0,17.0,7.0,77.0,1.0,,,3.0,80.0,"Low debt, typical of a healthy consumer business",21.88,8.0,Below 200 DMA,27.78,Avoid,"Weak but watchable RSI, 1M Nifty outperformance, 80.0% of closes stayed inside the range | Range width 10.4% | Currently 0.0% through the range"
TATASTEEL,Basic Materials,Steel,187.15,-3.75,86.34,212.08,116.75,11.75,39.9,190.34,169.08,37172577.35,43019965.0,1.16,Bearish,28.0,"Above 200 DMA, Weak but watchable RSI, Normal volume support",-3.07,16.85,13.91,-6.48,-8.24,-2.86,3.41,25.09,16.77,50.0,"Positive 3M return, Positive 6M return, 3M Nifty outperformance, 6M Nifty outperformance",20.34,Neutral Range,69.92,164.55,201.3,22.33,61.5,80.0% of closes stayed inside the range | Range width 22.3% | Currently 61.5% through the range,,,9.09,4.75,-2.7,-13.32,,,,,,,,21.0395,10.4022,2.2751,2.12,0.867,232271.75,56.35,Metals / Mining,0.0,0.0,0.0,0.0,13.0,13.0,0.5,,"Revenue contraction, Earnings contraction",0.0,13.0,,23.34,0.0,,27.55,Avoid,"Above 200 DMA, Weak but watchable RSI, Normal volume support, Positive 3M return, Positive 6M return, 3M Nifty outperformance, 6M Nifty outperformance, 80.0% of closes stayed inside the range | Range width 22.3% | Currently 61.5% through the range"
EICHERMOT,Consumer Cyclical,Auto Manufacturers,7190.7,-4.65,2710.4,8144.71,165.3,11.71,38.56,7415.69,6526.37,599426.3,554984.0,0.93,Bearish,23.0,"Above 200 DMA, Weak but watchable RSI",1.23,1.74,10.42,-6.48,-8.24,-2.86,7.71,9.98,13.28,48.0,"Positive 1M return, Positive 3M return, Positive 6M return, 1M Nifty outperformance, Positive across 1M/3M/6M",17.19,Lower Range Watch,69.91,6814.49,7751.92,13.76,40.13,80.0% of closes stayed inside the range | Range width 13.8% | Currently 40.1% through the range,,,22.43,23.68,-1.18,3.74,,,,,,,,38.2557,29.6311,8.7966,1.03,0.226,220962.51,42.31,Automobile,11.0,2.0,0.0,0.0,6.0,19.0,0.5,,Revenue contraction,0.0,19.0,,19.99,0.0,,27.4,Avoid,"Above 200 DMA, Weak but watchable RSI, Positive 1M return, Positive 3M return, Positive 6M return, 1M Nifty outperformance, Positive across 1M/3M/6M, 80.0% of closes stayed inside the range | Range width 13.8% | Currently 40.1% through the range"
BSE,Financial Services,Financial Data & Stock Exchanges,2761.62,0.63,131.96,3218.52,1992.7,14.2,48.96,2771.43,2582.43,5510290.45,4205385.0,0.76,Bearish,32.0,"Above 200 DMA, RSI recovering, Positive day move",-4.42,-1.07,19.37,-6.48,-8.24,-2.86,2.06,7.17,22.23,25.0,"Positive 6M return, 6M Nifty outperformance",31.25,Profit Booking Zone,72.66,2202.95,2879.66,30.72,82.56,80.0% of closes stayed inside the range | Range width 30.7% | Currently 82.6% through the range,,,55.25,48.37,16.45,7.77,,,,,,,,51.2199,37.9807,18.1646,28.0,0.471,143241.73,99.59,Financial Services,12.0,10.0,0.0,0.0,7.0,29.0,0.5,,,-4.0,25.0,Expensive relative to book value for this sector,21.99,0.0,,26.3,Avoid,"Above 200 DMA, RSI recovering, Positive day move, Positive 6M return, 6M Nifty outperformance, 80.0% of closes stayed inside the range | Range width 30.7% | Currently 82.6% through the range"
CANBK,Financial Services,Banks - Regional,135.44,-4.15,36.32,157.69,272.9,14.11,34.83,146.42,125.38,26184841.35,29651646.0,1.13,Bearish,28.0,"Above 200 DMA, Weak but watchable RSI, Normal volume support",-5.02,-2.05,30.59,-6.48,-8.24,-2.86,1.46,6.19,33.45,35.0,"Strong 6M absolute return, 6M Nifty outperformance",23.44,Neutral Range,68.28,119.8,149.36,24.67,52.92,80.0% of closes stayed inside the range | Range width 24.7% | Currently 52.9% through the range,4.48,0.29,,50.61,-46.63,64.44,126.02,,,202514.38,147902.37,,,5.9486,5.6696,1.0172,3.22,0.503,119732.59,0.0,Banking,6.0,10.0,5.0,0.0,15.0,36.0,0.64,Cash covers debt,Revenue contraction,-5.0,31.0,Weak ROE for a leveraged-balance-sheet business,21.99,5.0,Revenue contraction,24.9,Avoid,"Above 200 DMA, Weak but watchable RSI, Normal volume support, Cash covers debt, Strong 6M absolute return, 6M Nifty outperformance, 80.0% of closes stayed inside the range | Range width 24.7% | Currently 52.9% through the range"
JSWSTEEL,Basic Materials,Steel,1185.79,-3.33,601.78,1277.36,97.05,7.17,41.45,1200.88,1109.76,1317252.35,2145649.0,1.63,Bearish,33.0,"Above 200 DMA, Weak but watchable RSI, Volume expansion",-3.53,6.57,11.14,-6.48,-8.24,-2.86,2.95,14.81,14.0,35.0,"Positive 3M return, Positive 6M return, 3M Nifty outperformance",33.9,Neutral Range,72.63,1099.62,1237.04,12.5,62.7,80.0% of closes stayed inside the range | Range width 12.5% | Currently 62.7% through the range,,,9.14,4.73,6.5,-2.06,,,,,,,,12.6581,17.4188,3.096,55.0,0.627,309784.53,42.29,Metals / Mining,0.0,2.0,0.0,0.0,10.0,12.0,0.5,,Earnings contraction,0.0,12.0,,23.34,0.0,,24.7,Avoid,"Above 200 DMA, Weak but watchable RSI, Volume expansion, Positive 3M return, Positive 6M return, 3M Nifty outperformance, 80.0% of closes stayed inside the range | Range width 12.5% | Currently 62.7% through the range"
M&MFIN,Financial Services,Credit Services,340.2,-4.31,161.66,403.13,110.44,15.61,39.04,363.75,301.91,1710046.9,1005944.0,0.59,Bearish,23.0,"Above 200 DMA, Weak but watchable RSI",-8.57,-1.01,29.17,-6.48,-8.24,-2.86,-2.09,7.23,32.03,25.0,"Positive 6M return, 6M Nifty outperformance",31.25,Neutral Range,67.16,275.94,376.21,36.34,64.09,80.0% of closes stayed inside the range | Range width 36.3% | Currently 64.1% through the range,,,,29.04,15.57,56.13,,,,,,,,17.0039,12.9871,2.0642,1.88,0.343,55006.67,86.34,Financial Services,6.0,18.0,0.0,0.0,14.0,38.0,0.43,,,0.0,38.0,,21.99,4.0,Limited fundamental data coverage,24.6,Avoid,"Above 200 DMA, Weak but watchable RSI, Positive 6M return, 6M Nifty outperformance, 80.0% of closes stayed inside the range | Range width 36.3% | Currently 64.1% through the range"
BHEL,Industrials,Specialty Industrial Machinery,254.58,-1.37,50.9,333.29,400.14,23.62,44.91,266.06,254.04,18462978.8,7235564.0,0.39,Bearish,23.0,"Above 200 DMA, Weak but watchable RSI",-4.2,-5.3,20.27,-6.48,-8.24,-2.86,2.28,2.94,23.13,25.0,"Positive 6M return, 6M Nifty outperformance",41.95,Lower Range Watch,68.7,233.86,286.17,22.36,39.61,80.0% of closes stayed inside the range | Range width 22.4% | Currently 39.6% through the range,,,5.52,4.61,54.42,185.71,,,,,,,,60.2582,30.5233,5.5934,35.0,0.845,146246.66,31.47,Capital Goods / Infra,0.0,20.0,0.0,0.0,7.0,27.0,0.5,,,5.0,32.0,Strong order-book-driven revenue growth,26.17,3.0,Low volume participation,24.13,Avoid,"Above 200 DMA, Weak but watchable RSI, Positive 6M return, 6M Nifty outperformance, 80.0% of closes stayed inside the range | Range width 22.4% | Currently 39.6% through the range"
BRITANNIA,Consumer Defensive,Packaged Foods,5793.51,-1.55,3358.32,6281.59,72.51,7.77,42.74,5878.15,5737.57,283850.25,245594.0,0.87,Bearish,23.0,"Above 200 DMA, Weak but watchable RSI",-0.36,0.73,-3.06,-6.48,-8.24,-2.86,6.12,8.97,-0.2,20.0,"Positive 3M return, 1M Nifty outperformance",36.0,Accumulation Zone,73.99,5732.82,6009.81,4.83,21.91,80.0% of closes stayed inside the range | Range width 4.8% | Currently 21.9% through the range,,,18.33,13.92,7.73,30.58,,,,,,,,52.2538,43.3854,26.629,1.62,0.421,135982.19,41.42,FMCG / Consumer,10.0,12.0,0.0,0.0,6.0,28.0,0.5,,,0.0,28.0,,21.88,0.0,,23.83,Avoid,"Above 200 DMA, Weak but watchable RSI, Positive 3M return, 1M Nifty outperformance, 80.0% of closes stayed inside the range | Range width 4.8% | Currently 21.9% through the range"
IDBI,Financial Services,Banks - Regional,99.0,-9.08,36.58,118.38,170.66,16.37,34.11,106.16,97.87,21680295.6,34912581.0,1.61,Bearish,33.0,"Above 200 DMA, Weak but watchable RSI, Volume expansion",-7.36,4.45,11.4,-6.48,-8.24,-2.86,-0.88,12.69,14.26,35.0,"Positive 3M return, Positive 6M return, 3M Nifty outperformance",23.44,Lower Range Watch,71.8,92.46,111.0,20.06,35.27,80.0% of closes stayed inside the range | Range width 20.1% | Currently 35.3% through the range,2.81,0.46,,43.53,-3.4,-3.22,39.07,,,29218.67,27203.54,,,9.511,16.8286,1.2551,2.43,0.832,88664.31,0.0,Banking,6.0,0.0,10.0,0.0,12.0,28.0,0.64,Cash covers debt,"Revenue contraction, Earnings contraction",-5.0,23.0,Weak ROE for a leveraged-balance-sheet business,21.99,5.0,Sharp daily fall,23.35,Avoid,"Above 200 DMA, Weak but watchable RSI, Volume expansion, Cash covers debt, Positive 3M return, Positive 6M return, 3M Nifty outperformance, 80.0% of closes stayed inside the range | Range width 20.1% | Currently 35.3% through the range"
PNB,Financial Services,Banks - Regional,111.82,-3.55,29.62,133.38,277.45,16.16,32.55,121.02,111.77,20711256.4,25946907.0,1.25,Bearish,28.0,"Above 200 DMA, Weak but watchable RSI, Normal volume support",-6.33,-0.8,10.91,-6.48,-8.24,-2.86,0.15,7.44,13.77,10.0,Positive 6M return,46.35,Accumulation Zone,75.26,110.08,122.49,11.27,13.98,80.0% of closes stayed inside the range | Range width 11.3% | Currently 14.0% through the range,3.73,0.28,,35.3,-2.67,162.09,77.06,,,151005.32,114758.36,,,6.1872,6.9245,0.8745,2.63,0.504,136743.04,0.0,Banking,6.0,10.0,7.0,0.0,12.0,35.0,0.64,Cash covers debt,Revenue contraction,-5.0,30.0,Weak ROE for a leveraged-balance-sheet business,21.99,0.0,,23.3,Avoid,"Above 200 DMA, Weak but watchable RSI, Normal volume support, Cash covers debt, Positive 6M return, 80.0% of closes stayed inside the range | Range width 11.3% | Currently 14.0% through the range"
DMART,Consumer Defensive,Discount Stores,3966.2,2.33,3292.0,5484.85,20.48,27.69,60.04,3809.19,4127.27,356677.3,933615.0,2.62,Bullish,65.0,"Above 50 DMA, Healthy RSI momentum, Near 52W low zone, Strong volume expansion, Strong positive day move",1.96,2.55,-17.26,-6.48,-8.24,-2.86,8.44,10.79,-14.4,43.0,"Positive 1M return, Positive 3M return, 1M Nifty outperformance, 3M Nifty outperformance",22.0,Lower Range Watch,79.09,3734.54,4452.45,19.22,32.27,80.0% of closes stayed inside the range | Range width 19.2% | Currently 32.3% through the range,,,6.6,4.73,10.64,10.73,,,,,,,,85.8843,58.628,10.7462,,0.228,263507.36,15.19,General,0.0,10.0,0.0,0.0,3.0,13.0,0.43,,Very high PE,0.0,13.0,,21.88,12.0,"Below 200 DMA, Limited fundamental data coverage",22.83,Avoid,"Above 50 DMA, Healthy RSI momentum, Near 52W low zone, Strong volume expansion, Strong positive day move, Positive 1M return, Positive 3M return, 1M Nifty outperformance, 3M Nifty outperformance, 80.0% of closes stayed inside the range | Range width 19.2% | Currently 32.3% through the range"
THERMAX,Industrials,Conglomerates,3052.03,-3.08,1804.31,5792.82,69.15,47.31,51.74,2982.79,3204.36,138148.35,74855.0,0.54,Bullish,35.0,"Above 50 DMA, Healthy RSI momentum",6.68,7.69,-8.3,-6.48,-8.24,-2.86,13.16,15.93,-5.44,43.0,"Positive 1M return, Positive 3M return, 1M Nifty outperformance, 3M Nifty outperformance",29.31,Neutral Range,71.1,2858.15,3254.8,13.88,48.88,80.0% of closes stayed inside the range | Range width 13.9% | Currently 48.9% through the range,,,7.65,7.75,6.5,70.63,,,,,,,,77.4232,45.6669,8.2899,35.0,0.321,45997.83,34.09,Capital Goods / Infra,3.0,12.0,0.0,0.0,5.0,20.0,0.5,,,0.0,20.0,,26.17,8.0,Below 200 DMA,22.43,Avoid,"Above 50 DMA, Healthy RSI momentum, Positive 1M return, Positive 3M return, 1M Nifty outperformance, 3M Nifty outperformance, 80.0% of closes stayed inside the range | Range width 13.9% | Currently 48.9% through the range"
GLAXO,Healthcare,Drug Manufacturers - General,2456.66,0.08,1135.42,3428.43,116.37,28.34,48.15,2414.7,2698.89,73175.25,44706.0,0.61,Bullish,32.0,"Above 50 DMA, RSI recovering, Positive day move",1.42,-0.99,-9.06,-6.48,-8.24,-2.86,7.9,7.25,-6.2,18.0,"Positive 1M return, 1M Nifty outperformance",52.0,Lower Range Watch,73.34,2335.35,2677.7,14.66,35.44,80.8% of closes stayed inside the range | Range width 14.7% | Currently 35.4% through the range,,,33.71,28.39,29.32,44.2,,,,,,,,41.6103,33.2197,19.5764,2.19,0.057,44387.77,64.2,Pharma / Healthcare,12.0,20.0,0.0,0.0,7.0,39.0,0.5,,,0.0,39.0,,28.17,8.0,Below 200 DMA,22.38,Avoid,"Above 50 DMA, RSI recovering, Positive day move, Positive 1M return, 1M Nifty outperformance, 80.8% of closes stayed inside the range | Range width 14.7% | Currently 35.4% through the range"
AUBANK,Financial Services,Banks - Regional,930.75,-3.38,488.37,1038.19,90.58,10.35,38.39,987.86,851.02,3847370.75,2564303.0,0.67,Bearish,23.0,"Above 200 DMA, Weak but watchable RSI",-5.99,-2.19,34.19,-6.48,-8.24,-2.86,0.49,6.05,37.05,35.0,"Strong 6M absolute return, 6M Nifty outperformance",23.44,Neutral Range,68.72,741.15,1000.37,34.98,73.14,80.0% of closes stayed inside the range | Range width 35.0% | Currently 73.1% through the range,,,,21.78,7.35,14.94,,,,,,,,28.9496,17.9736,4.084,9.0,,81746.32,0.0,Banking,6.0,7.0,0.0,0.0,11.0,24.0,0.43,,,0.0,24.0,,21.99,4.0,Limited fundamental data coverage,22.2,Avoid,"Above 200 DMA, Weak but watchable RSI, Strong 6M absolute return, 6M Nifty outperformance, 80.0% of closes stayed inside the range | Range width 35.0% | Currently 73.1% through the range"
ADANIENSOL,Utilities,Utilities - Independent Power Producers,981.4,-1.12,588.0,4236.75,66.9,76.84,48.35,977.69,913.99,1225919.85,1176014.0,0.96,Bullish,42.0,"Above 50 DMA, Above 200 DMA, RSI recovering",-3.57,2.18,29.82,-6.48,-8.24,-2.86,2.91,10.42,32.68,50.0,"Positive 3M return, Positive 6M return, 3M Nifty outperformance, 6M Nifty outperformance",15.0,Neutral Range,74.99,885.41,1024.4,15.7,69.06,80.0% of closes stayed inside the range | Range width 15.7% | Currently 69.1% through the range,,,27.34,8.21,-1.31,7.77,,,,,,,,66.6528,44.2264,7.5542,,0.679,195550.42,43.66,Energy / Utilities,9.0,2.0,0.0,0.0,3.0,14.0,0.43,,Revenue contraction,0.0,14.0,,19.86,9.0,"Far from 52W high, Limited fundamental data coverage",21.88,Avoid,"Above 50 DMA, Above 200 DMA, RSI recovering, Positive 3M return, Positive 6M return, 3M Nifty outperformance, 6M Nifty outperformance, 80.0% of closes stayed inside the range | Range width 15.7% | Currently 69.1% through the range"
MAZDOCK,Industrials,Aerospace & Defense,2387.0,-3.43,144.32,3751.65,1553.99,36.37,52.68,2404.25,2764.28,1960913.95,3377329.0,1.72,Bearish,30.0,"Healthy RSI momentum, Volume expansion",-0.33,-3.59,-10.07,-6.48,-8.24,-2.86,6.15,4.65,-7.21,10.0,1M Nifty outperformance,52.3,Accumulation Zone,75.07,2348.68,2862.86,21.89,7.45,80.0% of closes stayed inside the range | Range width 21.9% | Currently 7.5% through the range,,,23.99,24.43,37.15,94.58,,,,,,,,38.4627,32.1624,10.5529,82.0,0.624,102942.58,32.58,Capital Goods / Infra,11.0,20.0,0.0,0.0,7.0,38.0,0.5,,,5.0,43.0,Strong order-book-driven revenue growth,26.17,8.0,Below 200 DMA,20.98,Avoid,"Healthy RSI momentum, Volume expansion, 1M Nifty outperformance, 80.0% of closes stayed inside the range | Range width 21.9% | Currently 7.5% through the range"
INFY,Technology,Information Technology Services,1287.15,0.5,1064.05,1907.5,20.97,32.52,30.96,1485.62,1487.31,16509088.25,10068514.0,0.61,Bearish,18.0,"Weak but watchable RSI, Near 52W low zone, Positive day move",-12.75,-18.36,-7.58,-6.48,-8.24,-2.86,-6.27,-10.12,-4.72,0.0,,58.54,Accumulation Zone,73.8,1339.76,1620.93,20.99,0.0,80.0% of closes stayed inside the range | Range width 21.0% | Currently 0.0% through the range,8.09,4.68,18.49,14.65,0.45,-10.97,10.59,1.81,,221.6,97.8,96.2,91.5,15.4324,14.7125,5.1946,4.2,0.107,476334.99,29.68,IT / Technology,12.0,0.0,16.0,17.0,13.0,58.0,0.93,Cash covers debt,Earnings contraction,5.0,63.0,Strong operating margin,15.17,8.0,Below 200 DMA,20.83,Avoid,"Weak but watchable RSI, Near 52W low zone, Positive day move, Cash covers debt, 80.0% of closes stayed inside the range | Range width 21.0% | Currently 0.0% through the range"
SAIL,Basic Materials,Steel,149.52,-3.5,69.99,171.84,113.65,12.99,39.5,153.38,136.19,22396969.3,17043925.0,0.76,Bearish,23.0,"Above 200 DMA, Weak but watchable RSI",-6.85,15.24,17.12,-6.48,-8.24,-2.86,-0.37,23.48,19.98,50.0,"Positive 3M return, Positive 6M return, 3M Nifty outperformance, 6M Nifty outperformance",20.34,Neutral Range,69.84,129.89,158.8,22.25,67.91,80.0% of closes stayed inside the range | Range width 22.3% | Currently 67.9% through the range,,,2.85,1.37,5.59,-49.77,,,,,,,,16.7147,10.9697,1.1918,92.0,1.029,71871.14,51.8,Metals / Mining,0.0,2.0,0.0,0.0,15.0,17.0,0.5,,Earnings contraction,0.0,17.0,,23.34,7.0,Earnings contraction,20.7,Avoid,"Above 200 DMA, Weak but watchable RSI, Positive 3M return, Positive 6M return, 3M Nifty outperformance, 6M Nifty outperformance, 80.0% of closes stayed inside the range | Range width 22.3% | Currently 67.9% through the range"
MUTHOOTFIN,Financial Services,Credit Services,3214.72,0.09,861.43,4114.71,273.18,21.87,35.25,3683.56,3133.24,1115994.75,691626.0,0.62,Bearish,28.0,"Above 200 DMA, Weak but watchable RSI, Positive day move",-12.48,-14.14,14.24,-6.48,-8.24,-2.86,-6.0,-5.9,17.1,25.0,"Positive 6M return, 6M Nifty outperformance",31.25,Accumulation Zone,73.33,3112.56,3888.65,24.93,13.16,80.0% of closes stayed inside the range | Range width 24.9% | Currently 13.2% through the range,7.87,1.56,,52.7,11.74,15.84,391.02,,,10805.35,139296.2,,,10.2879,9.0103,2.951,1.03,0.529,115474.38,100.0,Financial Services,6.0,13.0,0.0,0.0,14.0,33.0,0.64,,Very high debt,1.0,34.0,"High leverage is structural for this sector, Weak ROE for a leveraged-balance-sheet business",21.99,8.0,Very high debt,20.45,Avoid,"Above 200 DMA, Weak but watchable RSI, Positive day move, Positive 6M return, 6M Nifty outperformance, 80.0% of closes stayed inside the range | Range width 24.9% | Currently 13.2% through the range"
LT,Industrials,Engineering & Construction,3804.94,-2.73,1730.13,4397.05,119.92,13.47,36.73,4015.44,3779.64,2883298.5,4248784.0,1.47,Bearish,33.0,"Above 200 DMA, Weak but watchable RSI, Volume expansion",-5.56,-3.87,8.12,-6.48,-8.24,-2.86,0.92,4.37,10.98,10.0,Positive 6M return,52.3,Accumulation Zone,74.37,3689.35,4130.41,11.95,26.21,80.0% of closes stayed inside the range | Range width 12.0% | Currently 26.2% through the range,,,8.88,4.5,12.2,-11.12,,,,,,,,33.4443,22.303,5.06,94.0,0.508,553098.2,37.43,Capital Goods / Infra,0.0,5.0,0.0,0.0,11.0,16.0,0.5,,Earnings contraction,0.0,16.0,,26.17,0.0,,20.28,Avoid,"Above 200 DMA, Weak but watchable RSI, Volume expansion, Positive 6M return, 80.0% of closes stayed inside the range | Range width 12.0% | Currently 26.2% through the range"
WIPRO,Technology,Information Technology Services,196.51,1.71,162.77,305.88,20.72,35.76,27.53,229.62,238.31,18098681.15,25862728.0,1.43,Bearish,24.0,"Oversold RSI, Near 52W low zone, Volume expansion, Positive day move",-13.86,-22.0,-16.33,-6.48,-8.24,-2.86,-7.38,-13.76,-13.47,0.0,,58.54,Breakdown Risk,35.0,209.48,254.34,21.41,0.0,80.0% of closes stayed inside the range | Range width 21.4% | Currently 0.0% through the range | Below lower band on elevated volume,3.48,2.21,14.84,13.24,3.78,-3.92,22.08,2.18,2.18,11891.4,19804.6,4259.4,3792.6,14.6683,13.2285,2.3486,4.33,0.394,181959.9,29.04,IT / Technology,8.0,2.0,15.0,17.0,15.0,57.0,1.0,,Earnings contraction,0.0,57.0,,15.17,8.0,Below 200 DMA,20.23,Avoid,"Oversold RSI, Near 52W low zone, Volume expansion, Positive day move, 80.0% of closes stayed inside the range | Range width 21.4% | Currently 0.0% through the range | Below lower band on elevated volume"
HFCL,Technology,Communication Equipment,68.4,-1.78,55.45,170.76,23.35,59.94,48.17,67.61,74.33,14896965.1,12962925.0,0.87,Bullish,32.0,"Above 50 DMA, RSI recovering, Near 52W low zone",-3.54,2.87,-1.92,-6.48,-8.24,-2.86,2.94,11.11,0.94,25.0,"Positive 3M return, 3M Nifty outperformance",6.1,Lower Range Watch,72.1,64.39,76.48,18.78,33.14,80.0% of closes stayed inside the range | Range width 18.8% | Currently 33.1% through the range,,,15.22,8.06,39.01,402.79,,,,,,,,57.8381,42.6,6.6817,5.0,0.926,33898.4,37.62,IT / Technology,6.0,20.0,0.0,0.0,7.0,33.0,0.5,,,0.0,33.0,,15.17,8.0,Below 200 DMA,20.08,Avoid,"Above 50 DMA, RSI recovering, Near 52W low zone, Positive 3M return, 3M Nifty outperformance, 80.0% of closes stayed inside the range | Range width 18.8% | Currently 33.1% through the range"
ABCAPITAL,Financial Services,Financial Conglomerates,324.3,-0.69,106.65,369.3,204.08,12.19,36.37,348.46,305.49,11208346.1,4912005.0,0.44,Bearish,23.0,"Above 200 DMA, Weak but watchable RSI",-6.74,-9.19,15.37,-6.48,-8.24,-2.86,-0.26,-0.95,18.23,25.0,"Positive 6M return, 6M Nifty outperformance",31.25,Neutral Range,68.5,293.25,358.6,22.28,47.51,80.8% of closes stayed inside the range | Range width 22.3% | Currently 47.5% through the range,,,37.47,8.22,26.75,12.69,,,,,,,,26.3092,16.2013,3.1273,,0.687,112442.53,28.11,Financial Services,9.0,15.0,0.0,0.0,9.0,33.0,0.43,,,0.0,33.0,,21.99,7.0,"Low volume participation, Limited fundamental data coverage",19.85,Avoid,"Above 200 DMA, Weak but watchable RSI, Positive 6M return, 6M Nifty outperformance, 80.8% of closes stayed inside the range | Range width 22.3% | Currently 47.5% through the range"
JSWINFRA,Industrials,Marine Shipping,262.31,-2.12,141.18,358.36,85.8,26.8,52.4,264.32,289.93,1458506.25,2243982.0,1.54,Bearish,30.0,"Healthy RSI momentum, Volume expansion",1.29,0.06,-12.33,-6.48,-8.24,-2.86,7.77,8.3,-9.47,28.0,"Positive 1M return, Positive 3M return, 1M Nifty outperformance",37.93,Accumulation Zone,75.11,258.21,314.35,21.74,7.31,80.0% of closes stayed inside the range | Range width 21.7% | Currently 7.3% through the range,,,35.54,26.61,10.28,-6.65,,,,,,,,48.9548,30.9322,6.6442,26.0,0.554,80243.51,52.82,Capital Goods / Infra,12.0,5.0,0.0,0.0,7.0,24.0,0.5,,Earnings contraction,0.0,24.0,,26.17,8.0,Below 200 DMA,18.83,Avoid,"Healthy RSI momentum, Volume expansion, Positive 1M return, Positive 3M return, 1M Nifty outperformance, 80.0% of closes stayed inside the range | Range width 21.7% | Currently 7.3% through the range"
ANTHEM,Healthcare,Biotechnology,658.43,-0.46,577.64,871.23,13.99,24.42,45.35,647.27,,286249.35,1505448.0,5.26,Bullish,47.0,"Above 50 DMA, RSI recovering, Near 52W low zone, Strong volume expansion",1.11,1.73,-20.44,-6.48,-8.24,-2.86,7.59,9.97,-17.58,28.0,"Positive 1M return, Positive 3M return, 1M Nifty outperformance",40.0,Accumulation Zone,75.09,615.27,775.59,26.06,26.92,80.0% of closes stayed inside the range | Range width 26.1% | Currently 26.9% through the range,,,28.99,21.93,-23.07,-46.48,,,,,,,,87.7523,57.5323,16.2171,22.0,,49340.95,61.66,IT / Technology,12.0,0.0,0.0,0.0,5.0,17.0,0.5,,"Revenue contraction, Earnings contraction, Very high PE",5.0,22.0,Strong operating margin,28.17,12.0,"Revenue contraction, Earnings contraction",18.68,Avoid,"Above 50 DMA, RSI recovering, Near 52W low zone, Strong volume expansion, Positive 1M return, Positive 3M return, 1M Nifty outperformance, 80.0% of closes stayed inside the range | Range width 26.1% | Currently 26.9% through the range"
PETRONET,Energy,Oil & Gas Refining & Marketing,275.37,-4.08,166.97,359.19,64.93,23.34,39.71,289.04,279.31,5135395.95,9775021.0,1.9,Bearish,18.0,"Weak but watchable RSI, Volume expansion",-5.85,2.86,4.58,-6.48,-8.24,-2.86,0.63,11.1,7.44,35.0,"Positive 3M return, Positive 6M return, 3M Nifty outperformance",50.0,Lower Range Watch,70.48,265.91,295.56,11.15,31.93,80.0% of closes stayed inside the range | Range width 11.2% | Currently 31.9% through the range,,,10.23,7.79,1.41,4.73,,,,,,,,10.7263,9.9224,1.8833,3.61,0.45,41977.51,14.66,Energy / Utilities,6.0,2.0,0.0,0.0,15.0,23.0,0.5,,,0.0,23.0,,34.11,8.0,Below 200 DMA,18.42,Avoid,"Weak but watchable RSI, Volume expansion, Positive 3M return, Positive 6M return, 3M Nifty outperformance, 80.0% of closes stayed inside the range | Range width 11.2% | Currently 31.9% through the range"
MANKIND,Healthcare,Drug Manufacturers - Specialty & Generic,2163.3,-1.08,1241.51,3053.6,74.25,29.16,51.95,2147.43,2350.4,514840.55,826127.0,1.6,Bullish,45.0,"Above 50 DMA, Healthy RSI momentum, Volume expansion",5.0,-1.02,-15.18,-6.48,-8.24,-2.86,11.48,7.22,-12.32,18.0,"Positive 1M return, 1M Nifty outperformance",52.0,Accumulation Zone,76.67,2081.75,2476.88,18.98,20.64,80.0% of closes stayed inside the range | Range width 19.0% | Currently 20.6% through the range,,,19.53,11.46,-0.09,-6.75,,,,,,,,49.1833,34.567,6.1622,8.0,0.46,100486.05,70.76,Pharma / Healthcare,8.0,0.0,0.0,0.0,7.0,15.0,0.5,,"Revenue contraction, Earnings contraction",0.0,15.0,,28.17,8.0,Below 200 DMA,17.23,Avoid,"Above 50 DMA, Healthy RSI momentum, Volume expansion, Positive 1M return, 1M Nifty outperformance, 80.0% of closes stayed inside the range | Range width 19.0% | Currently 20.6% through the range"
HEROMOTOCO,Consumer Cyclical,Auto Manufacturers,5400.56,-0.59,2004.26,6175.52,169.45,12.55,44.92,5508.94,5050.21,474542.35,306358.0,0.65,Bearish,23.0,"Above 200 DMA, Weak but watchable RSI",-2.9,-9.41,4.17,-6.48,-8.24,-2.86,3.58,-1.17,7.03,10.0,Positive 6M return,38.28,Lower Range Watch,71.08,5191.41,5800.07,11.72,34.36,80.0% of closes stayed inside the range | Range width 11.7% | Currently 34.4% through the range,,,13.03,10.15,2.2,-3.16,,,,,,,,21.5516,18.1039,5.458,3.15,0.468,117983.24,31.65,Automobile,6.0,0.0,0.0,0.0,11.0,17.0,0.5,,Earnings contraction,0.0,17.0,,19.99,0.0,,17.2,Avoid,"Above 200 DMA, Weak but watchable RSI, Positive 6M return, 80.0% of closes stayed inside the range | Range width 11.7% | Currently 34.4% through the range"
RBLBANK,Financial Services,Banks - Regional,297.13,-1.94,95.02,339.52,212.71,12.49,38.69,309.44,280.81,5991377.85,5846768.0,0.98,Bearish,23.0,"Above 200 DMA, Weak but watchable RSI",-1.39,-0.7,8.33,-6.48,-8.24,-2.86,5.09,7.54,11.19,20.0,"Positive 6M return, 1M Nifty outperformance",35.94,Neutral Range,68.53,274.87,324.13,17.92,45.19,80.0% of closes stayed inside the range | Range width 17.9% | Currently 45.2% through the range,,,,8.41,6.16,6.41,,,,,,,,32.1617,19.5915,1.4386,33.0,0.642,60423.22,0.0,Banking,3.0,4.0,0.0,0.0,13.0,20.0,0.43,,,0.0,20.0,,21.99,4.0,Limited fundamental data coverage,17.05,Avoid,"Above 200 DMA, Weak but watchable RSI, Positive 6M return, 1M Nifty outperformance, 80.0% of closes stayed inside the range | Range width 17.9% | Currently 45.2% through the range"
COLPAL,Consumer Defensive,Household & Personal Products,2131.18,-2.19,1327.04,3733.22,60.6,42.91,46.24,2116.51,2213.74,326093.45,309055.0,0.95,Bullish,27.0,"Above 50 DMA, RSI recovering",1.08,0.46,-10.06,-6.48,-8.24,-2.86,7.56,8.7,-7.2,28.0,"Positive 1M return, Positive 3M return, 1M Nifty outperformance",32.0,Lower Range Watch,71.94,2067.82,2235.1,8.09,37.87,80.0% of closes stayed inside the range | Range width 8.1% | Currently 37.9% through the range,,,27.55,21.99,3.68,1.01,,,,,,,,40.4887,34.0636,34.4253,2.39,0.522,54533.12,68.93,FMCG / Consumer,12.0,2.0,0.0,0.0,7.0,21.0,0.5,,,0.0,21.0,,21.88,8.0,Below 200 DMA,16.38,Avoid,"Above 50 DMA, RSI recovering, Positive 1M return, Positive 3M return, 1M Nifty outperformance, 80.0% of closes stayed inside the range | Range width 8.1% | Currently 37.9% through the range"
LTF,Financial Services,Credit Services,263.49,-2.1,68.12,326.09,286.78,19.2,34.34,290.95,249.82,9678402.4,4006690.0,0.41,Bearish,23.0,"Above 200 DMA, Weak but watchable RSI",-6.69,-11.06,15.48,-6.48,-8.24,-2.86,-0.21,-2.82,18.34,25.0,"Positive 6M return, 6M Nifty outperformance",31.25,Accumulation Zone,71.69,252.33,304.2,20.56,21.52,80.0% of closes stayed inside the range | Range width 20.6% | Currently 21.5% through the range,,,,27.18,7.23,5.35,,,,,,,,25.0158,16.2301,2.83,87.0,0.64,79491.77,99.53,Financial Services,6.0,4.0,0.0,0.0,13.0,23.0,0.43,,,0.0,23.0,,21.99,7.0,"Low volume participation, Limited fundamental data coverage",16.35,Avoid,"Above 200 DMA, Weak but watchable RSI, Positive 6M return, 6M Nifty outperformance, 80.0% of closes stayed inside the range | Range width 20.6% | Currently 21.5% through the range"
SBILIFE,Financial Services,Insurance - Life,1912.5,-1.5,1048.65,2129.04,82.38,10.17,32.2,2034.22,1907.93,868292.35,1617012.0,1.86,Bearish,33.0,"Above 200 DMA, Weak but watchable RSI, Volume expansion",-4.08,-5.22,6.09,-6.48,-8.24,-2.86,2.4,3.02,8.95,10.0,Positive 6M return,46.35,Lower Range Watch,72.1,1812.29,2068.2,14.12,39.16,80.0% of closes stayed inside the range | Range width 14.1% | Currently 39.2% through the range,3.03,0.11,,1.25,18.19,-2.97,,,,1914.36,,,,70.6291,52.3737,9.1193,15.0,0.366,183596.77,9.71,Financial Services,0.0,8.0,0.0,0.0,5.0,13.0,0.57,,Earnings contraction,-9.0,4.0,"Weak ROE for a leveraged-balance-sheet business, Expensive relative to book value for this sector",21.99,0.0,,15.45,Avoid,"Above 200 DMA, Weak but watchable RSI, Volume expansion, Positive 6M return, 80.0% of closes stayed inside the range | Range width 14.1% | Currently 39.2% through the range"
NAM-INDIA,Financial Services,Asset Management,824.6,-3.1,177.32,998.1,365.04,17.38,36.5,885.67,831.55,733570.9,827592.0,1.13,Bearish,13.0,"Weak but watchable RSI, Normal volume support",-9.37,2.98,5.53,-6.48,-8.24,-2.86,-2.89,11.22,8.39,35.0,"Positive 3M return, Positive 6M return, 3M Nifty outperformance",23.44,Accumulation Zone,73.57,821.31,922.1,12.27,3.26,80.0% of closes stayed inside the range | Range width 12.3% | Currently 3.3% through the range,,,65.12,57.27,16.27,1.96,,,,,,,,46.7312,35.4773,16.1928,1.84,0.634,75633.87,83.17,Financial Services,12.0,8.0,0.0,0.0,6.0,26.0,0.5,,,-4.0,22.0,Expensive relative to book value for this sector,21.99,8.0,Below 200 DMA,15.0,Avoid,"Weak but watchable RSI, Normal volume support, Positive 3M return, Positive 6M return, 3M Nifty outperformance, 80.0% of closes stayed inside the range | Range width 12.3% | Currently 3.3% through the range"
HEXT,Technology,Information Technology Services,447.59,-0.84,431.84,876.24,3.65,48.92,23.42,628.1,716.76,1759993.2,291730.0,0.17,Bearish,9.0,"Oversold RSI, Near 52W low zone",-25.68,-39.58,-37.05,-6.48,-8.24,-2.86,-19.2,-31.34,-34.19,0.0,,58.54,Accumulation Zone,69.03,532.53,746.39,40.16,0.0,80.0% of closes stayed inside the range | Range width 40.2% | Currently 0.0% through the range,21.68,12.56,13.71,10.19,311.89,260.41,10.78,1.44,,1970.8,680.7,1739.1,1571.6,25.995,20.3095,5.151,2.52,,34572.16,40.67,IT / Technology,17.0,20.0,14.0,17.0,11.0,79.0,0.93,"Strong ROE, Cash covers debt",,5.0,84.0,Strong ROE for an asset-light business,15.17,19.0,"Below 200 DMA, Extreme RSI weakness, Low volume participation",14.93,Avoid,"Oversold RSI, Near 52W low zone, Strong ROE, Cash covers debt, 80.0% of closes stayed inside the range | Range width 40.2% | Currently 0.0% through the range"
ITCHOTELS,Consumer Cyclical,Resorts & Casinos,163.09,-1.89,154.09,259.92,5.84,37.25,30.19,183.46,211.12,3520004.75,3985890.0,1.13,Bearish,21.0,"Weak but watchable RSI, Near 52W low with stable RSI, Normal volume support",-9.2,-20.1,-32.66,-6.48,-8.24,-2.86,-2.72,-11.86,-29.8,0.0,,71.88,Accumulation Zone,73.84,178.36,222.84,24.94,0.0,80.0% of closes stayed inside the range | Range width 24.9% | Currently 0.0% through the range,,,29.64,19.21,47.14,76.66,,,,,,,,40.1718,28.8883,3.0075,60.0,,35060.66,61.83,Consumer Discretionary,12.0,20.0,0.0,0.0,9.0,41.0,0.5,,,0.0,41.0,,19.99,8.0,Below 200 DMA,14.6,Avoid,"Weak but watchable RSI, Near 52W low with stable RSI, Normal volume support, 80.0% of closes stayed inside the range | Range width 24.9% | Currently 0.0% through the range"
NYKAA,Consumer Cyclical,Internet Retail,249.7,-2.0,114.25,285.6,118.56,12.57,39.27,258.75,238.55,5397649.0,3084251.0,0.57,Bearish,23.0,"Above 200 DMA, Weak but watchable RSI",-9.85,-1.15,2.91,-6.48,-8.24,-2.86,-3.37,7.09,5.77,10.0,Positive 6M return,38.28,Lower Range Watch,70.9,239.29,269.19,12.49,34.81,80.0% of closes stayed inside the range | Range width 12.5% | Currently 34.8% through the range,,,5.18,2.2,22.48,83.88,,,,,,,,360.4945,111.7595,65.3226,,0.351,93989.27,45.35,Consumer Discretionary,0.0,18.0,0.0,0.0,3.0,21.0,0.43,,Very high PE,0.0,21.0,,19.99,4.0,Limited fundamental data coverage,14.6,Avoid,"Above 200 DMA, Weak but watchable RSI, Positive 6M return, 80.0% of closes stayed inside the range | Range width 12.5% | Currently 34.8% through the range"
ATHERENERG,Consumer Cyclical,Auto Manufacturers,681.7,1.13,288.15,790.0,136.58,13.71,46.16,682.27,547.89,1477638.5,1444623.0,0.98,Bearish,32.0,"Above 200 DMA, RSI recovering, Positive day move",-3.46,0.43,36.52,-6.48,-8.24,-2.86,3.02,8.67,39.38,45.0,"Positive 3M return, Strong 6M absolute return, 6M Nifty outperformance",20.31,Neutral Range,71.53,591.11,726.08,22.83,67.12,80.0% of closes stayed inside the range | Range width 22.8% | Currently 67.1% through the range,,,-10.74,-8.87,6.09,45.1,,,,,,,,,600.6882,23.3444,,,62769.64,20.9,Automobile,0.0,12.0,0.0,0.0,0.0,12.0,0.36,,Negative net margin,0.0,12.0,,19.99,12.0,"Negative net margin, Limited fundamental data coverage",14.45,Avoid,"Above 200 DMA, RSI recovering, Positive day move, Positive 3M return, Strong 6M absolute return, 6M Nifty outperformance, 80.0% of closes stayed inside the range | Range width 22.8% | Currently 67.1% through the range"
SIEMENS,Industrials,Specialty Industrial Machinery,3213.11,-1.22,1540.11,4732.24,108.63,32.1,51.24,3103.56,3152.19,439364.6,292747.0,0.67,Bullish,50.0,"Above 50 DMA, Above 200 DMA, Healthy RSI momentum",1.66,-2.92,2.36,-6.48,-8.24,-2.86,8.14,5.32,5.22,28.0,"Positive 1M return, Positive 6M return, 1M Nifty outperformance",37.93,Neutral Range,77.7,3005.98,3301.68,9.84,70.05,80.0% of closes stayed inside the range | Range width 9.8% | Currently 70.0% through the range,,,9.15,7.24,-77.94,-86.82,,,,,,,,84.7533,59.3557,10.3412,45.0,0.57,143124.83,28.2,Capital Goods / Infra,3.0,0.0,0.0,0.0,5.0,8.0,0.5,,"Revenue contraction, Earnings contraction, Very high PE",0.0,8.0,,26.17,12.0,"Revenue contraction, Earnings contraction",14.23,Avoid,"Above 50 DMA, Above 200 DMA, Healthy RSI momentum, Positive 1M return, Positive 6M return, 1M Nifty outperformance, 80.0% of closes stayed inside the range | Range width 9.8% | Currently 70.0% through the range"
ADANIPOWER,Utilities,Utilities - Independent Power Producers,139.11,0.09,26.48,182.7,425.34,23.86,44.47,142.68,134.81,13915598.95,12009431.0,0.86,Bearish,28.0,"Above 200 DMA, Weak but watchable RSI, Positive day move",-8.92,0.05,14.08,-6.48,-8.24,-2.86,-2.44,8.29,16.94,35.0,"Positive 3M return, Positive 6M return, 6M Nifty outperformance",30.0,Accumulation Zone,75.88,137.8,157.9,14.59,6.51,80.0% of closes stayed inside the range | Range width 14.6% | Currently 6.5% through the range,,,24.92,19.91,-11.75,-26.74,,,,,,,,27.9716,26.0646,6.1471,,0.475,399173.9,43.48,Energy / Utilities,11.0,0.0,0.0,0.0,7.0,18.0,0.43,,"Revenue contraction, Earnings contraction",0.0,18.0,,19.86,11.0,"Earnings contraction, Limited fundamental data coverage",14.03,Avoid,"Above 200 DMA, Weak but watchable RSI, Positive day move, Positive 3M return, Positive 6M return, 6M Nifty outperformance, 80.0% of closes stayed inside the range | Range width 14.6% | Currently 6.5% through the range"
360ONE,Financial Services,Asset Management,1029.13,-2.73,373.47,1295.81,175.56,20.58,33.49,1130.87,1102.51,754520.35,1439537.0,1.91,Bearish,18.0,"Weak but watchable RSI, Volume expansion",-7.07,-9.73,0.73,-6.48,-8.24,-2.86,-0.59,-1.49,3.59,10.0,Positive 6M return,46.35,Accumulation Zone,75.31,1057.79,1173.09,10.9,0.0,80.0% of closes stayed inside the range | Range width 10.9% | Currently 0.0% through the range,,,38.73,40.55,21.78,14.97,,,,,,,,38.533,28.3458,4.787,1.54,0.47,47239.83,72.87,Financial Services,12.0,13.0,0.0,0.0,8.0,33.0,0.5,,,0.0,33.0,,21.99,8.0,Below 200 DMA,13.85,Avoid,"Weak but watchable RSI, Volume expansion, Positive 6M return, 80.0% of closes stayed inside the range | Range width 10.9% | Currently 0.0% through the range"
INDUSINDBK,Financial Services,Banks - Regional,879.78,-3.99,605.02,1673.18,45.41,47.42,37.14,911.79,831.09,3538081.35,3362985.0,0.95,Bearish,23.0,"Above 200 DMA, Weak but watchable RSI",-2.48,4.73,16.4,-6.48,-8.24,-2.86,4.0,12.97,19.26,50.0,"Positive 3M return, Positive 6M return, 3M Nifty outperformance, 6M Nifty outperformance",15.62,Neutral Range,70.18,739.73,929.94,25.71,73.62,80.0% of closes stayed inside the range | Range width 25.7% | Currently 73.6% through the range,,,,2.04,-7.77,-78.81,,,,,,,,60.0295,12.9494,1.2053,15.0,0.494,79277.55,0.0,Banking,0.0,0.0,0.0,0.0,9.0,9.0,0.43,,"Revenue contraction, Earnings contraction",0.0,9.0,,21.99,11.0,"Earnings contraction, Limited fundamental data coverage",13.7,Avoid,"Above 200 DMA, Weak but watchable RSI, Positive 3M return, Positive 6M return, 3M Nifty outperformance, 6M Nifty outperformance, 80.0% of closes stayed inside the range | Range width 25.7% | Currently 73.6% through the range"
OBEROIRLTY,Real Estate,Real Estate - Development,1466.1,-0.35,774.64,2324.19,89.26,36.92,38.63,1568.24,1671.73,429956.15,569223.0,1.32,Bearish,18.0,"Weak but watchable RSI, Volume expansion",-4.12,-8.6,-9.54,-6.48,-8.24,-2.86,2.36,-0.36,-6.68,0.0,,60.0,Accumulation Zone,74.6,1498.29,1732.46,15.63,0.0,80.0% of closes stayed inside the range | Range width 15.6% | Currently 0.0% through the range,,,55.24,41.71,51.15,47.81,,,,,,,,24.9018,16.8684,3.6517,45.0,0.324,65444.77,62.61,Cement / Realty,12.0,20.0,0.0,0.0,11.0,43.0,0.5,,,0.0,43.0,,11.97,8.0,Below 200 DMA,13.35,Avoid,"Weak but watchable RSI, Volume expansion, 80.0% of closes stayed inside the range | Range width 15.6% | Currently 0.0% through the range"
HAL,Industrials,Aerospace & Defense,3981.83,-0.84,1047.95,5542.24,279.97,28.15,43.76,4238.68,4543.36,1890799.75,1540560.0,0.81,Bearish,8.0,Weak but watchable RSI,-1.09,-6.16,-8.67,-6.48,-8.24,-2.86,5.39,2.08,-5.81,10.0,1M Nifty outperformance,52.3,Accumulation Zone,72.24,4082.39,4790.93,17.36,0.0,80.0% of closes stayed inside the range | Range width 17.4% | Currently 0.0% through the range,,,20.32,24.25,16.15,11.84,,,,,,,,36.6014,29.4868,8.1395,41.0,0.502,334053.09,51.85,Capital Goods / Infra,11.0,13.0,0.0,0.0,7.0,31.0,0.5,,,5.0,36.0,Strong order-book-driven revenue growth,26.17,8.0,Below 200 DMA,13.03,Avoid,"Weak but watchable RSI, 1M Nifty outperformance, 80.0% of closes stayed inside the range | Range width 17.4% | Currently 0.0% through the range"
ADANIPORTS,Industrials,Marine Shipping,1415.34,-3.8,387.26,1599.91,265.47,11.54,40.26,1470.53,1431.82,2190934.45,4874245.0,2.22,Bearish,23.0,"Weak but watchable RSI, Strong volume expansion",-8.34,-4.0,7.53,-6.48,-8.24,-2.86,-1.86,4.24,10.39,10.0,Positive 6M return,52.3,Accumulation Zone,74.5,1396.86,1534.0,9.82,13.47,80.0% of closes stayed inside the range | Range width 9.8% | Currently 13.5% through the range,,,45.36,31.47,6.34,-7.87,,,,,,,,28.4908,21.3027,3.9976,45.0,0.507,383609.18,64.4,Capital Goods / Infra,12.0,2.0,0.0,0.0,11.0,25.0,0.5,,Earnings contraction,0.0,25.0,,26.17,8.0,Below 200 DMA,12.93,Avoid,"Weak but watchable RSI, Strong volume expansion, Positive 6M return, 80.0% of closes stayed inside the range | Range width 9.8% | Currently 13.5% through the range"
GROWW,Financial Services,Capital Markets,149.22,-2.45,112.0,193.8,33.23,23.0,32.34,164.61,,30202402.6,20399462.0,0.68,Bearish,8.0,Weak but watchable RSI,-11.82,-1.6,,-6.48,-8.24,-2.86,-5.34,6.64,,0.0,,76.56,Accumulation Zone,70.52,145.86,172.08,17.98,12.81,80.2% of closes stayed inside the range | Range width 18.0% | Currently 12.8% through the range,,,58.47,44.98,34.46,44.56,,,,,,,,49.9443,30.9158,12.6364,,,122147.43,100.0,Financial Services,12.0,20.0,0.0,0.0,5.0,37.0,0.43,,,-4.0,33.0,Expensive relative to book value for this sector,21.99,4.0,Limited fundamental data coverage,12.85,Avoid,"Weak but watchable RSI, 80.2% of closes stayed inside the range | Range width 18.0% | Currently 12.8% through the range"
LENSKART,Healthcare,Medical Instruments & Supplies,506.75,-2.57,356.1,541.8,42.31,6.47,56.13,468.34,,4645876.45,1002715.0,0.22,Bullish,45.0,"Above 50 DMA, Healthy RSI momentum, Near 52W high momentum",10.81,24.23,,-6.48,-8.24,-2.86,17.29,32.47,,60.0,"Strong 1M absolute return, Strong 3M absolute return, 1M Nifty outperformance, 3M Nifty outperformance",26.0,Profit Booking Zone,78.4,405.95,504.8,24.35,100.0,79.5% of closes stayed inside the range | Range width 24.4% | Currently 100.0% through the range,,,8.4,5.68,-64.46,-55.67,,,,,,,,202.9239,90.5133,11.6533,,,101540.31,68.39,Pharma / Healthcare,0.0,0.0,0.0,0.0,3.0,3.0,0.43,,"Revenue contraction, Earnings contraction, Very high PE",0.0,3.0,,28.17,19.0,"Low volume participation, Revenue contraction, Earnings contraction, Limited fundamental data coverage",12.53,Avoid,"Above 50 DMA, Healthy RSI momentum, Near 52W high momentum, Strong 1M absolute return, Strong 3M absolute return, 1M Nifty outperformance, 3M Nifty outperformance, 79.5% of closes stayed inside the range | Range width 24.4% | Currently 100.0% through the range"
PHOENIXLTD,Real Estate,Real Estate - Diversified,1578.4,-1.59,589.78,2062.23,167.63,23.46,29.66,1769.36,1648.42,355083.5,827113.0,2.33,Bearish,19.0,"Oversold RSI, Strong volume expansion",-9.04,-8.5,5.32,-6.48,-8.24,-2.86,-2.56,-0.26,8.18,10.0,Positive 6M return,10.0,Accumulation Zone,74.72,1594.34,1853.41,16.25,0.0,80.0% of closes stayed inside the range | Range width 16.2% | Currently 0.0% through the range,,,50.84,24.6,17.65,14.59,,,,,,,,52.0776,38.1787,6.199,13.0,0.324,68134.93,93.68,Cement / Realty,12.0,13.0,0.0,0.0,7.0,32.0,0.5,,,0.0,32.0,,11.97,8.0,Below 200 DMA,12.25,Avoid,"Oversold RSI, Strong volume expansion, Positive 6M return, 80.0% of closes stayed inside the range | Range width 16.2% | Currently 0.0% through the range"
PWL,Consumer Defensive,Education & Training Services,83.33,0.41,77.72,161.99,7.22,48.56,27.17,113.82,,16021928.05,10899991.0,0.68,Bearish,14.0,"Oversold RSI, Near 52W low zone, Positive day move",-28.26,-39.81,,-6.48,-8.24,-2.86,-21.78,-31.57,,0.0,,80.0,,,,,,,,,,12.05,9.29,28.54,183.45,,,,,,,,,60.1859,7.8947,,,35431.59,31.52,General,6.0,20.0,0.0,0.0,0.0,26.0,0.36,,,0.0,26.0,,21.88,4.0,Limited fundamental data coverage,11.88,Avoid,"Oversold RSI, Near 52W low zone, Positive day move"
LLOYDSME,Basic Materials,Steel,1161.61,-1.83,490.69,1611.04,136.73,27.9,44.99,1221.81,1333.03,609012.7,309024.0,0.51,Bearish,8.0,Weak but watchable RSI,-7.85,-4.69,-10.14,-6.48,-8.24,-2.86,-1.37,3.55,-7.28,0.0,,75.42,Accumulation Zone,72.6,1163.22,1337.07,14.95,0.0,80.0% of closes stayed inside the range | Range width 14.9% | Currently 0.0% through the range,,,32.05,21.33,38.66,82.99,,,,,,,,22.1189,12.3348,7.6829,5.0,,106531.99,54.65,Metals / Mining,12.0,20.0,0.0,0.0,9.0,41.0,0.5,,,0.0,41.0,,23.34,8.0,Below 200 DMA,11.85,Avoid,"Weak but watchable RSI, 80.0% of closes stayed inside the range | Range width 14.9% | Currently 0.0% through the range"
BHARTIHEXA,Communication Services,Telecom Services,1564.98,-1.41,740.06,2019.43,111.47,22.5,38.7,1654.98,1733.12,97314.55,36137.0,0.37,Bearish,8.0,Weak but watchable RSI,-6.91,-8.43,-9.38,-6.48,-8.24,-2.86,-0.43,-0.19,-6.52,0.0,,70.0,Accumulation Zone,72.85,1591.19,1802.5,13.28,0.0,80.0% of closes stayed inside the range | Range width 13.3% | Currently 0.0% through the range,7.05,2.47,29.14,20.07,4.28,20.97,94.67,0.39,,24.4,6359.9,1220.1,808.2,40.7012,23.3453,10.3696,1.19,0.085,74300.0,59.93,Telecom,12.0,10.0,4.0,17.0,6.0,49.0,0.93,,,0.0,49.0,,23.72,11.0,"Below 200 DMA, Low volume participation",11.71,Avoid,"Weak but watchable RSI, 80.0% of closes stayed inside the range | Range width 13.3% | Currently 0.0% through the range"
PREMIERENE,Technology,Solar,721.12,-0.28,666.41,1385.26,8.21,47.94,41.2,759.18,956.2,2127859.1,1174663.0,0.55,Bearish,16.0,"Weak but watchable RSI, Near 52W low with stable RSI",-9.29,-17.02,-27.85,-6.48,-8.24,-2.86,-2.81,-8.78,-24.99,0.0,,58.54,Accumulation Zone,69.53,724.56,1062.55,46.65,0.0,80.0% of closes stayed inside the range | Range width 46.6% | Currently 0.0% through the range,,,27.01,20.23,6.36,27.26,,,,,,,,27.5241,20.7582,10.7314,14.0,,46322.93,39.49,IT / Technology,12.0,12.0,0.0,0.0,9.0,33.0,0.5,,,5.0,38.0,Strong operating margin,15.17,8.0,Below 200 DMA,11.58,Avoid,"Weak but watchable RSI, Near 52W low with stable RSI, 80.0% of closes stayed inside the range | Range width 46.6% | Currently 0.0% through the range"
HDBFS,Financial Services,Credit Services,649.64,-2.89,640.17,886.97,1.48,26.76,24.5,725.16,,663520.6,958349.0,1.44,Bearish,19.0,"Oversold RSI, Near 52W low zone, Volume expansion",-9.86,-12.37,-15.06,-6.48,-8.24,-2.86,-3.38,-4.13,-12.2,0.0,,76.56,Breakdown Risk,35.0,708.41,765.91,8.12,0.0,80.0% of closes stayed inside the range | Range width 8.1% | Currently 0.0% through the range | Below lower band on elevated volume,,,33.54,13.8,5.07,13.42,,,,,,,,20.572,14.6315,2.7676,58.0,,57059.81,99.79,Financial Services,11.0,7.0,0.0,0.0,13.0,31.0,0.5,,,0.0,31.0,,21.99,8.0,Extreme RSI weakness,10.9,Avoid,"Oversold RSI, Near 52W low zone, Volume expansion, 80.0% of closes stayed inside the range | Range width 8.1% | Currently 0.0% through the range | Below lower band on elevated volume"
RADICO,Consumer Defensive,Beverages - Wineries & Distilleries,2745.51,-0.55,920.13,3583.95,198.38,23.39,49.9,2870.63,2892.83,364031.35,373124.0,1.02,Bearish,17.0,"RSI recovering, Normal volume support",0.89,-14.06,-3.13,-6.48,-8.24,-2.86,7.37,-5.82,-0.27,18.0,"Positive 1M return, 1M Nifty outperformance",40.0,Accumulation Zone,73.61,2738.76,3276.15,19.62,1.26,80.0% of closes stayed inside the range | Range width 19.6% | Currently 1.3% through the range,,,14.87,10.02,2.7,18.7,,,,,,,,86.2115,56.8584,18.3055,15.0,0.244,60734.22,43.35,FMCG / Consumer,6.0,8.0,0.0,0.0,5.0,19.0,0.5,,Very high PE,0.0,19.0,,21.88,8.0,Below 200 DMA,10.68,Avoid,"RSI recovering, Normal volume support, Positive 1M return, 1M Nifty outperformance, 80.0% of closes stayed inside the range | Range width 19.6% | Currently 1.3% through the range"
GLAND,Healthcare,Drug Manufacturers - Specialty & Generic,1664.92,0.51,838.01,2537.39,98.68,34.38,35.11,1747.95,1808.99,83413.45,61272.0,0.73,Bearish,13.0,"Weak but watchable RSI, Positive day move",-9.37,-4.23,-11.06,-6.48,-8.24,-2.86,-2.89,4.01,-8.2,0.0,,83.0,Accumulation Zone,73.24,1664.76,1958.5,17.64,0.05,80.0% of closes stayed inside the range | Range width 17.6% | Currently 0.1% through the range,,,19.3,15.42,12.6,21.34,,,,,,,,42.2505,29.9428,4.5988,77.0,0.566,47695.16,59.05,Pharma / Healthcare,10.0,13.0,0.0,0.0,9.0,32.0,0.5,,,0.0,32.0,,28.17,8.0,Below 200 DMA,10.68,Avoid,"Weak but watchable RSI, Positive day move, 80.0% of closes stayed inside the range | Range width 17.6% | Currently 0.1% through the range"
IRCTC,Consumer Cyclical,Travel Services,539.8,-2.35,535.2,1108.01,0.86,51.28,26.88,623.98,695.58,4000343.35,2055546.0,0.51,Bearish,9.0,"Oversold RSI, Near 52W low zone",-12.45,-17.92,-23.44,-6.48,-8.24,-2.86,-5.97,-9.68,-20.58,0.0,,71.88,Accumulation Zone,72.56,610.27,711.96,16.66,0.0,80.0% of closes stayed inside the range | Range width 16.7% | Currently 0.0% through the range,,,31.26,27.21,26.48,15.29,,,,,,,,29.5824,22.5736,9.5354,1.84,0.171,41084.0,36.63,Consumer Discretionary,12.0,18.0,0.0,0.0,8.0,38.0,0.5,,,0.0,38.0,,19.99,8.0,Below 200 DMA,10.55,Avoid,"Oversold RSI, Near 52W low zone, 80.0% of closes stayed inside the range | Range width 16.7% | Currently 0.0% through the range"
COCHINSHIP,Industrials,Aerospace & Defense,1454.6,-2.4,154.78,2941.12,839.81,50.54,43.91,1530.06,1744.34,1070523.7,793449.0,0.74,Bearish,8.0,Weak but watchable RSI,-2.38,-9.78,-11.43,-6.48,-8.24,-2.86,4.1,-1.54,-8.57,0.0,,79.31,Accumulation Zone,71.55,1490.08,1817.39,21.97,0.0,80.0% of closes stayed inside the range | Range width 22.0% | Currently 0.0% through the range,,,11.38,10.71,20.72,34.54,,,,,,,,55.3066,34.0724,6.7461,89.0,0.582,39619.97,34.96,Capital Goods / Infra,6.0,18.0,0.0,0.0,7.0,31.0,0.5,,,5.0,36.0,Strong order-book-driven revenue growth,26.17,8.0,Below 200 DMA,10.53,Avoid,"Weak but watchable RSI, 80.0% of closes stayed inside the range | Range width 22.0% | Currently 0.0% through the range"
ZYDUSLIFE,Healthcare,Drug Manufacturers - Specialty & Generic,908.03,-0.46,341.92,1308.13,165.57,30.59,50.41,901.6,949.94,824519.2,482098.0,0.58,Bullish,35.0,"Above 50 DMA, Healthy RSI momentum",2.33,-1.7,-10.36,-6.48,-8.24,-2.86,8.81,6.54,-7.5,18.0,"Positive 1M return, 1M Nifty outperformance",52.0,Accumulation Zone,76.17,889.65,1002.2,12.65,16.34,80.0% of closes stayed inside the range | Range width 12.7% | Currently 16.3% through the range,,,19.06,15.37,4.85,-28.95,,,,,,,,26.8374,24.5592,4.4723,8.0,0.37,120199.21,72.11,Pharma / Healthcare,10.0,2.0,0.0,0.0,11.0,23.0,0.5,,Earnings contraction,0.0,23.0,,28.17,15.0,"Below 200 DMA, Earnings contraction",10.53,Avoid,"Above 50 DMA, Healthy RSI momentum, Positive 1M return, 1M Nifty outperformance, 80.0% of closes stayed inside the range | Range width 12.7% | Currently 16.3% through the range"
WELCORP,Basic Materials,Steel,777.37,-3.6,171.25,989.51,353.95,21.44,44.87,784.88,852.62,353158.1,328732.0,0.93,Bearish,8.0,Weak but watchable RSI,-5.44,-2.24,-8.15,-6.48,-8.24,-2.86,1.04,6.0,-5.29,0.0,,75.42,Accumulation Zone,69.35,752.37,903.61,20.1,16.53,80.0% of closes stayed inside the range | Range width 20.1% | Currently 16.5% through the range,,,11.54,9.99,27.62,29.16,,,,,,,,21.3148,18.9284,5.3809,27.0,0.473,49249.35,38.4,Metals / Mining,6.0,20.0,0.0,0.0,11.0,37.0,0.5,,,0.0,37.0,,23.34,8.0,Below 200 DMA,10.45,Avoid,"Weak but watchable RSI, 80.0% of closes stayed inside the range | Range width 20.1% | Currently 16.5% through the range"
ICICIGI,Financial Services,Insurance - Diversified,1882.55,0.5,1022.63,2270.75,84.09,17.1,47.8,1891.2,1920.56,524191.4,348946.0,0.67,Bearish,17.0,"RSI recovering, Positive day move",1.51,-3.64,3.01,-6.48,-8.24,-2.86,7.99,4.6,5.87,28.0,"Positive 1M return, Positive 6M return, 1M Nifty outperformance",27.08,Accumulation Zone,72.31,1849.62,2006.17,8.46,21.04,80.0% of closes stayed inside the range | Range width 8.5% | Currently 21.0% through the range,3.99,0.87,,9.54,7.48,-11.82,,,,385.63,,,,33.8369,23.2532,4.7882,85.0,0.452,81672.71,21.54,Financial Services,3.0,2.0,0.0,0.0,11.0,16.0,0.57,,Earnings contraction,-5.0,11.0,Weak ROE for a leveraged-balance-sheet business,21.99,8.0,Below 200 DMA,10.4,Avoid,"RSI recovering, Positive day move, Positive 1M return, Positive 6M return, 1M Nifty outperformance, 80.0% of closes stayed inside the range | Range width 8.5% | Currently 21.0% through the range"
ABBOTINDIA,Healthcare,Drug Manufacturers - Specialty & Generic,26563.41,-0.51,16232.57,35657.37,63.64,25.5,52.06,26828.22,29441.01,8759.85,6395.0,0.73,Bearish,20.0,Healthy RSI momentum,-0.66,-5.36,-12.73,-6.48,-8.24,-2.86,5.82,2.88,-9.87,10.0,1M Nifty outperformance,62.0,Accumulation Zone,73.13,26047.97,29427.88,12.98,15.25,80.0% of closes stayed inside the range | Range width 13.0% | Currently 15.3% through the range,,,25.79,21.81,-1.88,-9.47,,,,,,,,38.4784,31.1337,12.5248,1.87,0.056,59795.54,46.52,Pharma / Healthcare,12.0,0.0,0.0,0.0,6.0,18.0,0.5,,"Revenue contraction, Earnings contraction",0.0,18.0,,28.17,8.0,Below 200 DMA,10.03,Avoid,"Healthy RSI momentum, 1M Nifty outperformance, 80.0% of closes stayed inside the range | Range width 13.0% | Currently 15.3% through the range"
TATACAP,Financial Services,Credit Services,310.68,-2.28,308.48,366.69,0.71,15.27,24.96,345.15,,1778552.65,2091001.0,1.18,Bearish,14.0,"Oversold RSI, Near 52W low zone, Normal volume support",-10.14,-3.65,,-6.48,-8.24,-2.86,-3.66,4.59,,0.0,,76.56,Accumulation Zone,74.67,321.36,357.0,11.09,0.0,80.2% of closes stayed inside the range | Range width 11.1% | Currently 0.0% through the range,,,28.84,16.31,5.71,16.86,,,,,,,,28.6534,17.3649,3.3748,16.0,,154773.7,99.92,Financial Services,11.0,10.0,0.0,0.0,11.0,32.0,0.5,,,0.0,32.0,,21.99,8.0,Extreme RSI weakness,10.0,Avoid,"Oversold RSI, Near 52W low zone, Normal volume support, 80.2% of closes stayed inside the range | Range width 11.1% | Currently 0.0% through the range"
TIINDIA,Industrials,Conglomerates,2607.18,-4.2,2024.31,4798.42,28.79,45.67,51.67,2487.32,2862.48,691102.2,398911.0,0.58,Bullish,35.0,"Above 50 DMA, Healthy RSI momentum",12.85,1.71,-12.7,-6.48,-8.24,-2.86,19.33,9.95,-9.84,35.0,"Strong 1M absolute return, Positive 3M return, 1M Nifty outperformance",33.91,Lower Range Watch,71.58,2351.53,3175.84,35.05,31.01,80.8% of closes stayed inside the range | Range width 35.1% | Currently 31.0% through the range,,,7.28,2.93,9.3,-16.6,,,,,,,,86.5549,37.3799,7.089,16.0,-0.3,54955.18,31.7,Capital Goods / Infra,0.0,5.0,0.0,0.0,5.0,10.0,0.5,,"Earnings contraction, Very high PE",0.0,10.0,,26.17,15.0,"Below 200 DMA, Earnings contraction",9.93,Avoid,"Above 50 DMA, Healthy RSI momentum, Strong 1M absolute return, Positive 3M return, 1M Nifty outperformance, 80.8% of closes stayed inside the range | Range width 35.1% | Currently 31.0% through the range"
LODHA,Real Estate,Real Estate - Development,885.74,-0.04,352.0,1635.9,151.63,45.86,25.25,1028.42,1194.17,1260168.5,959578.0,0.76,Bearish,4.0,Oversold RSI,-15.76,-17.08,-24.35,-6.48,-8.24,-2.86,-9.28,-8.84,-21.49,0.0,,60.0,Accumulation Zone,70.53,975.09,1201.25,23.19,0.0,80.0% of closes stayed inside the range | Range width 23.2% | Currently 0.0% through the range,,,28.2,20.48,33.82,41.83,,,,,,,,29.4089,24.8976,5.1863,35.0,0.623,120770.28,43.66,Cement / Realty,12.0,20.0,0.0,0.0,11.0,43.0,0.5,,,0.0,43.0,,11.97,8.0,Below 200 DMA,9.85,Avoid,"Oversold RSI, 80.0% of closes stayed inside the range | Range width 23.2% | Currently 0.0% through the range"
ENRIN,Utilities,Utilities - Renewable,2883.2,-1.28,2111.59,3619.16,36.54,20.34,58.01,2601.49,,467545.35,297164.0,0.64,Bullish,35.0,"Above 50 DMA, Healthy RSI momentum",5.2,-2.23,-15.7,-6.48,-8.24,-2.86,11.68,6.01,-12.84,18.0,"Positive 1M return, 1M Nifty outperformance",42.5,Neutral Range,67.02,2400.46,3394.04,41.39,48.59,80.0% of closes stayed inside the range | Range width 41.4% | Currently 48.6% through the range,,,29.26,16.37,-75.45,-71.56,,,,,,,,85.4221,63.0392,26.3631,11.0,,126853.7,40.71,Energy / Utilities,11.0,0.0,0.0,0.0,5.0,16.0,0.5,,"Revenue contraction, Earnings contraction, Very high PE",0.0,16.0,,19.86,12.0,"Revenue contraction, Earnings contraction",9.83,Avoid,"Above 50 DMA, Healthy RSI momentum, Positive 1M return, 1M Nifty outperformance, 80.0% of closes stayed inside the range | Range width 41.4% | Currently 48.6% through the range"
ALKEM,Healthcare,Drug Manufacturers - Specialty & Generic,5450.25,-1.27,2739.33,6316.6,98.96,13.72,44.81,5591.4,5331.18,132112.95,41694.0,0.32,Bearish,23.0,"Above 200 DMA, Weak but watchable RSI",-3.17,-3.02,3.82,-6.48,-8.24,-2.86,3.31,5.22,6.68,10.0,Positive 6M return,62.0,Accumulation Zone,75.15,5409.73,5711.7,5.58,13.42,80.0% of closes stayed inside the range | Range width 5.6% | Currently 13.4% through the range,,,19.62,17.02,-6.6,-16.87,,,,,,,,28.4883,24.2259,4.741,36.0,0.295,65521.62,64.12,Pharma / Healthcare,10.0,0.0,0.0,0.0,11.0,21.0,0.5,,"Revenue contraction, Earnings contraction",0.0,21.0,,28.17,10.0,"Low volume participation, Earnings contraction",9.83,Avoid,"Above 200 DMA, Weak but watchable RSI, Positive 6M return, 80.0% of closes stayed inside the range | Range width 5.6% | Currently 13.4% through the range"
HINDUNILVR,Consumer Defensive,Household & Personal Products,2172.5,-1.4,2066.79,2916.05,5.11,25.5,31.12,2330.31,2393.57,1774080.05,1512817.0,0.85,Bearish,16.0,"Weak but watchable RSI, Near 52W low with stable RSI",-9.47,-5.16,-16.01,-6.48,-8.24,-2.86,-2.99,3.08,-13.15,0.0,,80.0,Accumulation Zone,74.98,2266.04,2500.08,10.33,0.0,80.0% of closes stayed inside the range | Range width 10.3% | Currently 0.0% through the range,,,21.26,40.7,4.21,139.73,,,,,,,,45.875,38.7544,9.9452,2.13,0.332,484720.67,50.37,FMCG / Consumer,11.0,12.0,0.0,0.0,7.0,30.0,0.5,,,0.0,30.0,,21.88,8.0,Below 200 DMA,9.78,Avoid,"Weak but watchable RSI, Near 52W low with stable RSI, 80.0% of closes stayed inside the range | Range width 10.3% | Currently 0.0% through the range"
ADANIENT,Energy,Thermal Coal,1998.31,-2.0,1015.6,4182.39,96.76,52.22,35.2,2154.8,2368.39,1346069.6,1305447.0,0.97,Bearish,8.0,Weak but watchable RSI,-10.2,-9.79,-12.37,-6.48,-8.24,-2.86,-3.72,-1.55,-9.51,0.0,,93.33,Accumulation Zone,71.56,2087.99,2544.89,21.88,0.0,80.0% of closes stayed inside the range | Range width 21.9% | Currently 0.0% through the range,,,9.15,22.67,13.02,535.66,,,,,,,,52.0792,44.307,4.7693,4.0,0.808,424857.17,43.31,Metals / Mining,6.0,15.0,0.0,0.0,9.0,30.0,0.5,,,0.0,30.0,,34.11,8.0,Below 200 DMA,9.62,Avoid,"Weak but watchable RSI, 80.0% of closes stayed inside the range | Range width 21.9% | Currently 0.0% through the range"
IDEA,Communication Services,Telecom Services,9.91,-1.49,5.7,19.18,73.86,48.33,35.02,10.99,8.94,430579538.15,414186823.0,0.96,Bearish,23.0,"Above 200 DMA, Weak but watchable RSI",-10.88,-3.69,37.07,-6.48,-8.24,-2.86,-4.4,4.55,39.93,35.0,"Strong 6M absolute return, 6M Nifty outperformance",26.67,Lower Range Watch,66.12,8.58,11.58,34.93,44.26,80.0% of closes stayed inside the range | Range width 34.9% | Currently 44.3% through the range,,,-6.48,-46.75,1.24,4.31,,,,,,,,3.6885,-8.9483,-4.0872,,0.436,146263.1,45.2,Telecom,0.0,2.0,0.0,0.0,8.0,10.0,0.43,,Negative net margin,0.0,10.0,,23.72,12.0,"Negative net margin, Limited fundamental data coverage",9.56,Avoid,"Above 200 DMA, Weak but watchable RSI, Strong 6M absolute return, 6M Nifty outperformance, 80.0% of closes stayed inside the range | Range width 34.9% | Currently 44.3% through the range"
WAAREEENER,Technology,Solar,2599.0,-1.11,1861.96,3862.83,39.58,32.72,34.23,2811.13,3079.68,1960241.15,955995.0,0.49,Bearish,8.0,Weak but watchable RSI,-15.83,-9.89,-19.23,-6.48,-8.24,-2.86,-9.35,-1.65,-16.37,0.0,,58.54,Accumulation Zone,69.86,2626.7,3499.06,33.21,0.0,80.0% of closes stayed inside the range | Range width 33.2% | Currently 0.0% through the range,,,21.95,14.04,70.93,42.57,,,,,,,,20.4085,16.1252,5.3126,15.0,,76745.38,30.23,IT / Technology,10.0,20.0,0.0,0.0,11.0,41.0,0.5,,,5.0,46.0,Strong operating margin,15.17,11.0,"Below 200 DMA, Low volume participation",9.38,Avoid,"Weak but watchable RSI, 80.0% of closes stayed inside the range | Range width 33.2% | Currently 0.0% through the range"
TATACONSUM,Consumer Defensive,Packaged Foods,1093.25,-1.27,663.99,1240.54,64.65,11.87,36.04,1151.71,1120.46,884801.7,1007371.0,1.14,Bearish,13.0,"Weak but watchable RSI, Normal volume support",-4.9,-3.78,2.81,-6.48,-8.24,-2.86,1.58,4.46,5.67,10.0,Positive 6M return,50.0,Accumulation Zone,75.02,1110.51,1175.69,5.87,0.0,80.0% of closes stayed inside the range | Range width 5.9% | Currently 0.0% through the range,,,10.98,7.52,6.97,15.1,,,,,,,,64.3966,44.4085,4.823,93.0,0.414,105095.18,41.11,FMCG / Consumer,6.0,10.0,0.0,0.0,7.0,23.0,0.5,,,0.0,23.0,,21.88,8.0,Below 200 DMA,9.08,Avoid,"Weak but watchable RSI, Normal volume support, Positive 6M return, 80.0% of closes stayed inside the range | Range width 5.9% | Currently 0.0% through the range"
MRF,Consumer Cyclical,Auto Parts,134689.91,-2.78,78177.46,163308.5,72.29,17.52,38.35,143923.84,147375.6,8398.15,6888.0,0.82,Bearish,8.0,Weak but watchable RSI,-7.87,-11.93,-9.84,-6.48,-8.24,-2.86,-1.39,-3.69,-6.98,0.0,,71.88,Accumulation Zone,72.78,138578.62,157655.57,13.77,0.0,80.0% of closes stayed inside the range | Range width 13.8% | Currently 0.0% through the range,,,11.94,8.59,9.1,31.62,,,,,,,,22.9289,19.5371,2.6445,35.0,,55467.79,35.97,Automobile,6.0,15.0,0.0,0.0,13.0,34.0,0.5,,,0.0,34.0,,19.99,8.0,Below 200 DMA,8.9,Avoid,"Weak but watchable RSI, 80.0% of closes stayed inside the range | Range width 13.8% | Currently 0.0% through the range"
CONCOR,Industrials,Railroads,472.31,-1.25,457.8,1141.62,3.17,58.63,36.57,503.79,538.24,1060467.75,1490001.0,1.41,Bearish,26.0,"Weak but watchable RSI, Near 52W low with stable RSI, Volume expansion",-6.39,-4.64,-11.6,-6.48,-8.24,-2.86,0.09,3.6,-8.74,0.0,,79.31,Breakdown Risk,35.0,493.38,533.56,8.15,0.0,80.0% of closes stayed inside the range | Range width 8.1% | Currently 0.0% through the range | Below lower band on elevated volume,,,15.62,14.47,-2.0,-11.83,,,,,,,,31.2607,21.9481,3.0133,1.25,0.228,38998.65,39.47,Capital Goods / Infra,8.0,0.0,0.0,0.0,10.0,18.0,0.5,,"Revenue contraction, Earnings contraction",0.0,18.0,,26.17,8.0,Below 200 DMA,8.73,Avoid,"Weak but watchable RSI, Near 52W low with stable RSI, Volume expansion, 80.0% of closes stayed inside the range | Range width 8.1% | Currently 0.0% through the range | Below lower band on elevated volume"
SUPREMEIND,Industrials,Building Products & Equipment,3788.81,-3.35,1762.06,6324.19,115.02,40.09,49.02,3634.58,3953.59,291119.25,224138.0,0.77,Bullish,27.0,"Above 50 DMA, RSI recovering",3.72,13.95,-16.41,-6.48,-8.24,-2.86,10.2,22.19,-13.55,43.0,"Positive 1M return, Positive 3M return, 1M Nifty outperformance, 3M Nifty outperformance",29.31,Neutral Range,67.96,3316.81,4192.65,26.41,53.89,80.0% of closes stayed inside the range | Range width 26.4% | Currently 53.9% through the range,,,7.6,5.71,2.98,-24.19,,,,,,,,42.4997,33.2494,7.1243,1.05,0.182,43969.03,32.69,Capital Goods / Infra,0.0,0.0,0.0,0.0,6.0,6.0,0.5,,Earnings contraction,0.0,6.0,,26.17,15.0,"Below 200 DMA, Earnings contraction",8.53,Avoid,"Above 50 DMA, RSI recovering, Positive 1M return, Positive 3M return, 1M Nifty outperformance, 3M Nifty outperformance, 80.0% of closes stayed inside the range | Range width 26.4% | Currently 53.9% through the range"
HCLTECH,Technology,Information Technology Services,1319.61,0.14,749.44,1869.31,76.08,29.41,27.84,1523.06,1505.09,3681302.5,2256550.0,0.61,Bearish,9.0,"Oversold RSI, Positive day move",-14.75,-18.96,-2.79,-6.48,-8.24,-2.86,-8.27,-10.72,0.07,0.0,,58.54,Accumulation Zone,71.8,1338.26,1628.37,21.68,0.0,80.0% of closes stayed inside the range | Range width 21.7% | Currently 0.0% through the range,,,32.65,12.03,11.61,6.06,,,,,,,,21.2315,17.0459,4.9998,4.39,0.006,369445.39,34.0,IT / Technology,11.0,7.0,0.0,0.0,11.0,29.0,0.5,,,5.0,34.0,Strong operating margin,15.17,8.0,Below 200 DMA,8.43,Avoid,"Oversold RSI, Positive day move, 80.0% of closes stayed inside the range | Range width 21.7% | Currently 0.0% through the range"
YESBANK,Financial Services,Banks - Regional,19.65,-2.34,14.4,32.85,36.46,40.18,30.06,21.52,21.17,76981581.45,106887032.0,1.39,Bearish,18.0,"Weak but watchable RSI, Volume expansion",-7.7,-10.27,-3.86,-6.48,-8.24,-2.86,-1.22,-2.03,-1.0,0.0,,76.56,Breakdown Risk,35.0,20.96,22.95,9.5,0.0,80.8% of closes stayed inside the range | Range width 9.5% | Currently 0.0% through the range | Below lower band on elevated volume,1.9,0.22,,22.89,-0.36,18.29,127.12,,,19884.46,63844.16,,,19.15,12.6515,1.4297,,0.485,72129.13,0.0,Banking,6.0,8.0,2.0,0.0,13.0,29.0,0.57,,Revenue contraction,-5.0,24.0,Weak ROE for a leveraged-balance-sheet business,21.99,8.0,Below 200 DMA,8.2,Avoid,"Weak but watchable RSI, Volume expansion, 80.8% of closes stayed inside the range | Range width 9.5% | Currently 0.0% through the range | Below lower band on elevated volume"
TATACOMM,Communication Services,Telecom Services,1470.03,1.83,1021.76,2123.7,43.87,30.78,34.46,1642.91,1700.1,308625.35,579665.0,1.88,Bearish,23.0,"Weak but watchable RSI, Volume expansion, Positive day move",-4.46,-18.13,-4.27,-6.48,-8.24,-2.86,2.02,-9.89,-1.41,0.0,,70.0,Breakdown Risk,35.0,1547.92,1887.96,21.97,0.0,80.0% of closes stayed inside the range | Range width 22.0% | Currently 0.0% through the range | Below lower band on elevated volume,,,7.7,5.9,3.84,92.27,,,,,,,,52.3267,22.1678,14.3548,100.0,0.816,49484.61,27.46,Telecom,0.0,12.0,0.0,0.0,7.0,19.0,0.5,,,0.0,19.0,,23.72,8.0,Below 200 DMA,7.96,Avoid,"Weak but watchable RSI, Volume expansion, Positive day move, 80.0% of closes stayed inside the range | Range width 22.0% | Currently 0.0% through the range | Below lower band on elevated volume"
KALYANKJIL,Consumer Cyclical,Luxury Goods,389.0,-1.66,68.94,793.08,464.26,50.95,38.88,430.68,499.24,8865553.7,1994640.0,0.22,Bearish,8.0,Weak but watchable RSI,2.3,-18.11,-22.5,-6.48,-8.24,-2.86,8.78,-9.87,-19.64,18.0,"Positive 1M return, 1M Nifty outperformance",32.03,Accumulation Zone,70.41,393.32,509.77,29.61,0.0,80.0% of closes stayed inside the range | Range width 29.6% | Currently 0.0% through the range,,,6.2,4.02,31.66,59.8,,,,,,,,43.4913,31.2985,9.7562,25.0,-0.216,61624.25,12.7,Consumer Discretionary,0.0,20.0,0.0,0.0,7.0,27.0,0.5,,,0.0,27.0,,19.99,11.0,"Below 200 DMA, Low volume participation",7.95,Avoid,"Weak but watchable RSI, Positive 1M return, 1M Nifty outperformance, 80.0% of closes stayed inside the range | Range width 29.6% | Currently 0.0% through the range"
M&M,Consumer Cyclical,Auto Manufacturers,3154.47,-4.35,1083.49,3799.99,191.14,16.99,30.71,3515.39,3393.59,2490166.4,3961149.0,1.59,Bearish,18.0,"Weak but watchable RSI, Volume expansion",-10.91,-13.42,-10.49,-6.48,-8.24,-2.86,-4.43,-5.18,-7.63,0.0,,71.88,Breakdown Risk,35.0,3391.34,3683.96,8.63,0.0,80.0% of closes stayed inside the range | Range width 8.6% | Currently 0.0% through the range | Below lower band on elevated volume,,,14.5,9.06,13.52,14.48,,,,,,,,21.0528,21.6049,4.0858,95.0,0.291,408691.44,38.59,Automobile,6.0,10.0,0.0,0.0,8.0,24.0,0.5,,,0.0,24.0,,19.99,8.0,Below 200 DMA,7.9,Avoid,"Weak but watchable RSI, Volume expansion, 80.0% of closes stayed inside the range | Range width 8.6% | Currently 0.0% through the range | Below lower band on elevated volume"
UNITDSPR,Consumer Defensive,Beverages - Wineries & Distilleries,1345.44,-2.45,709.87,1664.74,89.53,19.18,45.97,1359.3,1370.3,818064.05,773145.0,0.95,Bearish,12.0,RSI recovering,-1.54,-4.72,3.8,-6.48,-8.24,-2.86,4.94,3.52,6.66,10.0,Positive 6M return,50.0,Lower Range Watch,69.57,1308.71,1423.54,8.77,31.99,80.0% of closes stayed inside the range | Range width 8.8% | Currently 32.0% through the range,,,14.05,11.32,44.92,0.24,,,,,,,,64.3606,50.7888,12.1739,1.1,0.148,108993.5,46.86,FMCG / Consumer,6.0,10.0,0.0,0.0,4.0,20.0,0.5,,,0.0,20.0,,21.88,8.0,Below 200 DMA,7.78,Avoid,"RSI recovering, Positive 6M return, 80.0% of closes stayed inside the range | Range width 8.8% | Currently 32.0% through the range"
HSCL,Basic Materials,Specialty Chemicals,439.55,-2.47,79.72,686.9,451.37,36.01,37.62,466.98,468.43,1544642.6,2083065.0,1.35,Bearish,18.0,"Weak but watchable RSI, Volume expansion",-3.31,-4.78,-3.22,-6.48,-8.24,-2.86,3.17,3.46,-0.36,0.0,,75.42,Accumulation Zone,75.73,446.16,482.46,8.14,0.0,80.0% of closes stayed inside the range | Range width 8.1% | Currently 0.0% through the range,,,31.42,16.24,5.84,5.78,,,,,,,,47.3835,37.0097,8.1727,11.0,0.264,38468.74,36.82,Chemicals,11.0,4.0,0.0,0.0,7.0,22.0,0.5,,,0.0,22.0,,23.34,8.0,Below 200 DMA,7.7,Avoid,"Weak but watchable RSI, Volume expansion, 80.0% of closes stayed inside the range | Range width 8.1% | Currently 0.0% through the range"
ICICIPRULI,Financial Services,Insurance - Life,599.47,-2.04,378.11,792.99,58.54,24.4,30.08,652.34,628.77,1155365.4,1356677.0,1.17,Bearish,13.0,"Weak but watchable RSI, Normal volume support",-7.65,-2.39,0.8,-6.48,-8.24,-2.86,-1.17,5.85,3.66,10.0,Positive 6M return,46.35,Accumulation Zone,74.0,594.45,666.94,12.19,6.92,80.8% of closes stayed inside the range | Range width 12.2% | Currently 6.9% through the range,2.88,0.12,,1.7,-10.08,28.16,19.29,,,113.29,2595.0,,,43.0979,35.6732,5.3841,33.0,0.471,73415.47,10.44,Financial Services,0.0,10.0,9.0,0.0,9.0,28.0,0.64,,Revenue contraction,-9.0,19.0,"Weak ROE for a leveraged-balance-sheet business, Expensive relative to book value for this sector",21.99,8.0,Below 200 DMA,7.7,Avoid,"Weak but watchable RSI, Normal volume support, Positive 6M return, 80.8% of closes stayed inside the range | Range width 12.2% | Currently 6.9% through the range"
IOB,Financial Services,Banks - Regional,33.03,-3.08,16.8,83.75,96.61,60.56,32.41,35.41,37.81,7478491.1,7669051.0,1.03,Bearish,13.0,"Weak but watchable RSI, Normal volume support",-5.11,-10.37,-14.19,-6.48,-8.24,-2.86,1.37,-2.13,-11.33,0.0,,76.56,Accumulation Zone,73.43,34.49,40.15,16.42,0.0,80.0% of closes stayed inside the range | Range width 16.4% | Currently 0.0% through the range,4.0,0.32,,29.75,13.46,21.1,131.19,,,20782.27,46805.29,,,11.4712,37.6,1.6756,,0.253,65164.3,0.0,Banking,6.0,13.0,2.0,0.0,10.0,31.0,0.57,,,-5.0,26.0,Weak ROE for a leveraged-balance-sheet business,21.99,8.0,Below 200 DMA,7.65,Avoid,"Weak but watchable RSI, Normal volume support, 80.0% of closes stayed inside the range | Range width 16.4% | Currently 0.0% through the range"
BALKRISIND,Consumer Cyclical,Auto Parts,2235.02,-0.31,1750.0,3327.52,27.72,32.83,30.66,2434.08,2414.39,166573.25,118689.0,0.71,Bearish,8.0,Weak but watchable RSI,-17.08,-4.67,-2.54,-6.48,-8.24,-2.86,-10.6,3.57,0.32,0.0,,71.88,Accumulation Zone,73.13,2266.94,2525.83,11.42,0.0,80.0% of closes stayed inside the range | Range width 11.4% | Currently 0.0% through the range,,,16.36,13.96,-0.84,32.55,,,,,,,,34.3358,24.8272,4.406,75.0,0.321,48269.36,50.17,Automobile,8.0,10.0,0.0,0.0,11.0,29.0,0.5,,Revenue contraction,0.0,29.0,,19.99,8.0,Below 200 DMA,7.15,Avoid,"Weak but watchable RSI, 80.0% of closes stayed inside the range | Range width 11.4% | Currently 0.0% through the range"
PATANJALI,Consumer Defensive,Packaged Foods,489.22,-1.9,278.5,665.11,75.66,26.45,29.91,524.48,564.56,2785581.4,1891181.0,0.68,Bearish,4.0,Oversold RSI,-6.3,-10.37,-17.42,-6.48,-8.24,-2.86,0.18,-2.13,-14.56,0.0,,80.0,Accumulation Zone,71.34,504.04,593.62,17.77,0.0,80.0% of closes stayed inside the range | Range width 17.8% | Currently 0.0% through the range,,,3.55,5.66,17.8,229.03,,,,,,,,21.1645,19.163,2.9269,99.0,-0.175,38358.64,13.03,FMCG / Consumer,0.0,18.0,0.0,0.0,13.0,31.0,0.5,,,0.0,31.0,,21.88,8.0,Below 200 DMA,7.13,Avoid,"Oversold RSI, 80.0% of closes stayed inside the range | Range width 17.8% | Currently 0.0% through the range"
BPCL,Energy,Oil & Gas Refining & Marketing,331.15,-6.12,121.3,391.65,173.0,15.45,30.22,363.75,331.77,8202553.65,34756111.0,4.24,Bearish,23.0,"Weak but watchable RSI, Strong volume expansion",-14.29,-4.77,11.22,-6.48,-8.24,-2.86,-7.81,3.47,14.08,10.0,Positive 6M return,73.33,Accumulation Zone,71.5,316.63,374.81,18.38,24.96,80.0% of closes stayed inside the range | Range width 18.4% | Currently 25.0% through the range,,,8.16,6.04,5.76,5.11,,,,,,,,7.9033,7.9415,1.3525,6.29,0.873,135440.94,12.75,Energy / Utilities,3.0,4.0,0.0,0.0,12.0,19.0,0.5,,,0.0,19.0,,34.11,13.0,"Below 200 DMA, Sharp daily fall",7.02,Avoid,"Weak but watchable RSI, Strong volume expansion, Positive 6M return, 80.0% of closes stayed inside the range | Range width 18.4% | Currently 25.0% through the range"
BHARTIARTL,Communication Services,Telecom Services,1843.5,-0.22,665.27,2147.47,177.1,14.15,32.3,1979.25,1950.66,8280560.7,8073518.0,0.97,Bearish,8.0,Weak but watchable RSI,-8.42,-10.52,-1.51,-6.48,-8.24,-2.86,-1.94,-2.28,1.35,0.0,,70.0,Accumulation Zone,73.28,1888.99,2086.06,10.43,0.0,80.0% of closes stayed inside the range | Range width 10.4% | Currently 0.0% through the range,,,32.16,12.28,9.14,11.48,,,,,,,,39.9959,23.6178,7.4958,1.25,0.01,1213418.96,67.86,Telecom,11.0,10.0,0.0,0.0,6.0,27.0,0.5,,,0.0,27.0,,23.72,8.0,Below 200 DMA,7.01,Avoid,"Weak but watchable RSI, 80.0% of closes stayed inside the range | Range width 10.4% | Currently 0.0% through the range"
MARUTI,Consumer Cyclical,Auto Manufacturers,13373.69,-4.6,7763.06,17197.29,72.27,22.23,27.21,15354.91,14540.02,358717.35,676224.0,1.89,Bearish,14.0,"Oversold RSI, Volume expansion",-9.93,-16.55,-9.31,-6.48,-8.24,-2.86,-3.45,-8.31,-6.45,0.0,,71.88,Breakdown Risk,35.0,14775.31,16417.42,11.11,0.0,80.0% of closes stayed inside the range | Range width 11.1% | Currently 0.0% through the range | Below lower band on elevated volume,,,8.07,8.16,25.13,2.29,,,,,,,,30.423,22.9458,4.071,100.0,0.239,436233.54,26.35,Automobile,3.0,10.0,0.0,0.0,11.0,24.0,0.5,,,0.0,24.0,,19.99,8.0,Below 200 DMA,6.9,Avoid,"Oversold RSI, Volume expansion, 80.0% of closes stayed inside the range | Range width 11.1% | Currently 0.0% through the range | Below lower band on elevated volume"
TATAPOWER,Utilities,Utilities - Independent Power Producers,370.6,-0.69,177.68,488.93,108.58,24.2,49.57,368.9,384.66,3823530.4,5063475.0,1.32,Bullish,37.0,"Above 50 DMA, RSI recovering, Volume expansion",1.9,-0.33,-3.34,-6.48,-8.24,-2.86,8.38,7.91,-0.48,18.0,"Positive 1M return, 1M Nifty outperformance",42.5,Accumulation Zone,76.3,363.69,394.49,8.47,22.46,80.0% of closes stayed inside the range | Range width 8.5% | Currently 22.5% through the range,,,13.24,5.53,-10.27,-16.04,,,,,,,,31.5945,22.6373,3.0714,66.0,0.342,121247.16,35.71,Energy / Utilities,3.0,0.0,0.0,0.0,11.0,14.0,0.5,,"Revenue contraction, Earnings contraction",0.0,14.0,,19.86,15.0,"Below 200 DMA, Earnings contraction",6.63,Avoid,"Above 50 DMA, RSI recovering, Volume expansion, Positive 1M return, 1M Nifty outperformance, 80.0% of closes stayed inside the range | Range width 8.5% | Currently 22.5% through the range"
UBL,Consumer Defensive,Beverages - Brewers,1709.34,-2.09,1324.03,2271.75,29.1,24.76,67.12,1551.44,1768.19,136478.6,96507.0,0.71,Bullish,35.0,"Above 50 DMA, Healthy RSI momentum",12.9,2.69,-5.68,-6.48,-8.24,-2.86,19.38,10.93,-2.82,50.0,"Strong 1M absolute return, Positive 3M return, 1M Nifty outperformance, 3M Nifty outperformance",14.0,Neutral Range,73.59,1503.65,1786.83,18.83,72.64,80.0% of closes stayed inside the range | Range width 18.8% | Currently 72.6% through the range,,,7.56,3.91,-27.64,-55.95,,,,,,,,92.6769,49.7287,8.1161,71.0,-0.03,36707.37,42.07,FMCG / Consumer,0.0,0.0,0.0,0.0,5.0,5.0,0.5,,"Revenue contraction, Earnings contraction, Very high PE",0.0,5.0,,21.88,20.0,"Below 200 DMA, Revenue contraction, Earnings contraction",6.28,Avoid,"Above 50 DMA, Healthy RSI momentum, Strong 1M absolute return, Positive 3M return, 1M Nifty outperformance, 3M Nifty outperformance, 80.0% of closes stayed inside the range | Range width 18.8% | Currently 72.6% through the range"
OFSS,Technology,Software - Infrastructure,6525.55,-0.08,2435.42,12262.5,167.94,46.78,38.97,7150.27,8004.73,167727.6,94042.0,0.56,Bearish,8.0,Weak but watchable RSI,-7.59,-16.37,-17.67,-6.48,-8.24,-2.86,-1.11,-8.13,-14.81,0.0,,58.54,Accumulation Zone,70.33,6637.59,8636.68,30.12,0.0,80.0% of closes stayed inside the range | Range width 30.1% | Currently 0.0% through the range,,,40.89,31.01,6.14,-5.03,,,,,,,,30.3951,25.7616,14.6798,5.59,0.496,101695.49,58.6,IT / Technology,12.0,2.0,0.0,0.0,9.0,23.0,0.5,,Earnings contraction,5.0,28.0,Strong operating margin,15.17,8.0,Below 200 DMA,6.08,Avoid,"Weak but watchable RSI, 80.0% of closes stayed inside the range | Range width 30.1% | Currently 0.0% through the range"
FORTIS,Healthcare,Medical Care Facilities,877.52,-1.58,243.7,1103.13,260.08,20.45,42.11,894.27,893.93,1617871.35,1416619.0,0.88,Bearish,8.0,Weak but watchable RSI,2.66,2.05,-7.32,-6.48,-8.24,-2.86,9.14,10.29,-4.46,43.0,"Positive 1M return, Positive 3M return, 1M Nifty outperformance, 3M Nifty outperformance",37.0,Accumulation Zone,69.78,856.22,1052.93,22.97,10.83,80.0% of closes stayed inside the range | Range width 23.0% | Currently 10.8% through the range,,,17.02,8.55,-2.85,-39.82,,,,,,,,67.5676,39.5602,6.8663,11.0,0.665,67946.23,59.39,Pharma / Healthcare,6.0,0.0,0.0,0.0,5.0,11.0,0.5,,"Revenue contraction, Earnings contraction",0.0,11.0,,28.17,15.0,"Below 200 DMA, Earnings contraction",5.83,Avoid,"Weak but watchable RSI, Positive 1M return, Positive 3M return, 1M Nifty outperformance, 3M Nifty outperformance, 80.0% of closes stayed inside the range | Range width 23.0% | Currently 10.8% through the range"
HONAUT,Industrials,Electrical Equipment & Parts,29616.26,-0.88,29302.15,59548.55,1.07,50.27,28.86,32225.29,35843.41,5123.25,14390.0,2.81,Bearish,24.0,"Oversold RSI, Near 52W low zone, Strong volume expansion",-7.06,-14.89,-17.75,-6.48,-8.24,-2.86,-0.58,-6.65,-14.89,0.0,,79.31,Breakdown Risk,35.0,31286.54,36647.39,17.13,0.0,80.8% of closes stayed inside the range | Range width 17.1% | Currently 0.0% through the range | Below lower band on elevated volume,,,11.54,10.37,-1.22,-2.73,,,,,,,,60.9754,45.3198,7.4533,29.0,0.513,33283.77,38.95,Capital Goods / Infra,6.0,0.0,0.0,0.0,5.0,11.0,0.5,,"Revenue contraction, Earnings contraction",0.0,11.0,,26.17,8.0,Below 200 DMA,5.78,Avoid,"Oversold RSI, Near 52W low zone, Strong volume expansion, 80.8% of closes stayed inside the range | Range width 17.1% | Currently 0.0% through the range | Below lower band on elevated volume"
LTTS,Technology,Information Technology Services,3079.08,-2.31,3025.88,5836.77,1.76,47.25,30.23,3804.23,4132.8,151606.1,98473.0,0.65,Bearish,16.0,"Weak but watchable RSI, Near 52W low with stable RSI",-19.24,-31.42,-24.11,-6.48,-8.24,-2.86,-12.76,-23.18,-21.25,0.0,,58.54,Accumulation Zone,72.11,3468.76,4490.1,29.44,0.0,80.0% of closes stayed inside the range | Range width 29.4% | Currently 0.0% through the range,,,14.61,10.35,10.84,-4.15,,,,,,,,29.6906,22.045,5.8609,1.59,0.154,37964.09,40.76,IT / Technology,6.0,5.0,0.0,0.0,10.0,21.0,0.5,,Earnings contraction,0.0,21.0,,15.17,8.0,Below 200 DMA,5.63,Avoid,"Weak but watchable RSI, Near 52W low with stable RSI, 80.0% of closes stayed inside the range | Range width 29.4% | Currently 0.0% through the range"
GMRAIRPORT,Industrials,Airports & Air Services,92.07,-3.15,33.35,110.36,176.07,16.57,36.55,98.77,93.52,14127807.4,13164377.0,0.93,Bearish,8.0,Weak but watchable RSI,-5.58,-6.73,7.12,-6.48,-8.24,-2.86,0.9,1.51,9.98,10.0,Positive 6M return,52.3,Accumulation Zone,70.07,89.8,104.51,16.38,15.44,80.0% of closes stayed inside the range | Range width 16.4% | Currently 15.4% through the range,,,31.31,3.05,8.83,428.47,,,,,,,,804.2308,72.0701,-43.9655,,0.573,110394.09,57.86,Capital Goods / Infra,6.0,15.0,0.0,0.0,5.0,26.0,0.43,,Very high PE,0.0,26.0,,26.17,12.0,"Below 200 DMA, Limited fundamental data coverage",5.53,Avoid,"Weak but watchable RSI, Positive 6M return, 80.0% of closes stayed inside the range | Range width 16.4% | Currently 15.4% through the range"
GODREJCP,Consumer Defensive,Household & Personal Products,1069.05,-3.25,754.09,1488.38,41.77,28.17,26.28,1189.0,1175.16,991351.55,954053.0,0.96,Bearish,4.0,Oversold RSI,-8.59,-3.26,-11.51,-6.48,-8.24,-2.86,-2.11,4.98,-8.65,0.0,,80.0,Accumulation Zone,72.45,1104.9,1219.92,10.41,0.0,80.0% of closes stayed inside the range | Range width 10.4% | Currently 0.0% through the range,,,19.95,12.21,14.87,10.05,,,,,,,,54.9517,33.3113,7.3619,1.95,0.368,93120.75,49.72,FMCG / Consumer,10.0,10.0,0.0,0.0,6.0,26.0,0.5,,,0.0,26.0,,21.88,8.0,Below 200 DMA,5.38,Avoid,"Oversold RSI, 80.0% of closes stayed inside the range | Range width 10.4% | Currently 0.0% through the range"
PAGEIND,Consumer Cyclical,Apparel Manufacturing,31023.04,-1.42,30480.17,51744.07,1.78,40.05,32.36,33621.13,40618.05,22609.3,11361.0,0.5,Bearish,16.0,"Weak but watchable RSI, Near 52W low with stable RSI",-12.1,-16.55,-29.79,-6.48,-8.24,-2.86,-5.62,-8.31,-26.93,0.0,,71.88,Accumulation Zone,72.36,32610.3,41668.89,27.78,0.0,80.0% of closes stayed inside the range | Range width 27.8% | Currently 0.0% through the range,,,21.02,13.67,7.43,-2.68,,,,,,,,55.968,41.7449,28.4266,1.56,0.052,42713.76,58.47,Consumer Discretionary,10.0,2.0,0.0,0.0,6.0,18.0,0.5,,Earnings contraction,0.0,18.0,,19.99,8.0,Below 200 DMA,5.3,Avoid,"Weak but watchable RSI, Near 52W low with stable RSI, 80.0% of closes stayed inside the range | Range width 27.8% | Currently 0.0% through the range"
NLCINDIA,Utilities,Utilities - Regulated Electric,239.75,-6.07,60.45,301.85,296.6,20.57,35.45,256.24,245.09,1541464.85,1513070.0,0.98,Bearish,8.0,Weak but watchable RSI,-6.44,2.67,7.03,-6.48,-8.24,-2.86,0.04,10.91,9.89,35.0,"Positive 3M return, Positive 6M return, 3M Nifty outperformance",30.0,Accumulation Zone,71.89,237.63,267.74,12.67,7.03,80.0% of closes stayed inside the range | Range width 12.7% | Currently 7.0% through the range,,,19.87,14.99,16.14,-16.49,,,,,,,,12.0326,10.25,1.7827,2.52,,38375.17,80.32,Energy / Utilities,10.0,8.0,0.0,0.0,15.0,33.0,0.5,,Earnings contraction,0.0,33.0,,19.86,20.0,"Below 200 DMA, Sharp daily fall, Earnings contraction",5.28,Avoid,"Weak but watchable RSI, Positive 3M return, Positive 6M return, 3M Nifty outperformance, 80.0% of closes stayed inside the range | Range width 12.7% | Currently 7.0% through the range"
BAJAJFINSV,Financial Services,Financial Conglomerates,1839.93,-1.47,1211.97,2193.13,51.81,16.1,27.54,1997.22,2018.34,946161.0,1009617.0,1.07,Bearish,9.0,"Oversold RSI, Normal volume support",-9.03,-10.57,-8.58,-6.48,-8.24,-2.86,-2.55,-2.33,-5.72,0.0,,76.56,Accumulation Zone,74.02,1958.11,2093.9,6.93,0.0,80.0% of closes stayed inside the range | Range width 6.9% | Currently 0.0% through the range,,,40.34,6.83,3.34,-0.67,,,,,,,,31.9699,21.4331,4.1459,6.0,0.374,323329.46,51.48,Financial Services,9.0,2.0,0.0,0.0,11.0,22.0,0.5,,Earnings contraction,0.0,22.0,,21.99,8.0,Below 200 DMA,5.25,Avoid,"Oversold RSI, Normal volume support, 80.0% of closes stayed inside the range | Range width 6.9% | Currently 0.0% through the range"
CHOLAFIN,Financial Services,Credit Services,1583.0,-2.66,654.07,1830.13,142.02,13.5,34.33,1699.9,1623.71,1606880.15,1756873.0,1.09,Bearish,13.0,"Weak but watchable RSI, Normal volume support",-9.14,-8.13,6.26,-6.48,-8.24,-2.86,-2.66,0.11,9.12,10.0,Positive 6M return,46.35,Accumulation Zone,74.61,1603.0,1740.67,8.59,0.0,80.0% of closes stayed inside the range | Range width 8.6% | Currently 0.0% through the range,,,,29.57,12.3,13.37,,,,,,,,28.3753,19.5308,5.3643,7.0,0.477,163765.54,99.93,Financial Services,6.0,10.0,0.0,0.0,11.0,27.0,0.43,,,-4.0,23.0,Expensive relative to book value for this sector,21.99,12.0,"Below 200 DMA, Limited fundamental data coverage",5.1,Avoid,"Weak but watchable RSI, Normal volume support, Positive 6M return, 80.0% of closes stayed inside the range | Range width 8.6% | Currently 0.0% through the range"
HINDPETRO,Energy,Oil & Gas Refining & Marketing,365.71,-5.04,115.53,483.54,216.54,24.37,31.02,426.27,408.65,5513776.3,24836194.0,4.5,Bearish,23.0,"Weak but watchable RSI, Strong volume expansion",-16.97,-13.77,1.29,-6.48,-8.24,-2.86,-10.49,-5.53,4.15,10.0,Positive 6M return,73.33,Breakdown Risk,35.0,398.53,456.47,14.54,0.0,80.0% of closes stayed inside the range | Range width 14.5% | Currently 0.0% through the range | Below lower band on elevated volume,,,4.64,3.5,3.95,-2.42,,,,,,,,49.6183,6.9656,1.2661,6.2,0.912,82985.08,6.47,Energy / Utilities,0.0,2.0,0.0,0.0,11.0,13.0,0.5,,Earnings contraction,0.0,13.0,,34.11,13.0,"Below 200 DMA, Sharp daily fall",4.92,Avoid,"Weak but watchable RSI, Strong volume expansion, Positive 6M return, 80.0% of closes stayed inside the range | Range width 14.5% | Currently 0.0% through the range | Below lower band on elevated volume"
GODFRYPHLP,Consumer Defensive,Tobacco,1977.28,-2.27,328.0,3868.28,502.82,48.88,41.86,2152.15,2804.07,1971471.5,304451.0,0.15,Bearish,8.0,Weak but watchable RSI,-8.32,-24.17,-45.34,-6.48,-8.24,-2.86,-1.84,-15.93,-42.48,0.0,,80.0,Lower Range Watch,64.98,2012.72,3336.41,65.77,0.0,80.0% of closes stayed inside the range | Range width 65.8% | Currently 0.0% through the range,,,19.21,18.89,23.24,-3.65,,,,,,,,25.0856,19.6164,5.5211,2.25,0.33,34300.39,43.61,FMCG / Consumer,11.0,8.0,0.0,0.0,11.0,30.0,0.5,,Earnings contraction,0.0,30.0,,21.88,11.0,"Below 200 DMA, Low volume participation",4.78,Avoid,"Weak but watchable RSI, 80.0% of closes stayed inside the range | Range width 65.8% | Currently 0.0% through the range"
HYUNDAI,Consumer Cyclical,Auto Manufacturers,2064.48,-0.48,1512.47,2862.66,36.5,27.88,39.03,2210.64,2237.23,473856.15,769361.0,1.62,Bearish,18.0,"Weak but watchable RSI, Volume expansion",-4.67,-8.39,-18.0,-6.48,-8.24,-2.86,1.81,-0.15,-15.14,0.0,,71.88,Breakdown Risk,35.0,2155.34,2514.43,16.66,0.0,80.0% of closes stayed inside the range | Range width 16.7% | Currently 0.0% through the range | Below lower band on elevated volume,,,8.23,7.01,8.89,-9.85,,,,,,,,36.0999,24.5077,9.0955,95.0,,182009.21,28.22,Automobile,3.0,5.0,0.0,0.0,7.0,15.0,0.5,,Earnings contraction,0.0,15.0,,19.99,8.0,Below 200 DMA,4.75,Avoid,"Weak but watchable RSI, Volume expansion, 80.0% of closes stayed inside the range | Range width 16.7% | Currently 0.0% through the range | Below lower band on elevated volume"
MAXHEALTH,Healthcare,Medical Care Facilities,1039.65,-0.05,351.87,1311.97,195.46,20.76,44.83,1036.72,1140.76,2916400.75,2449582.0,0.84,Bullish,23.0,"Above 50 DMA, Weak but watchable RSI",0.16,-3.51,-10.98,-6.48,-8.24,-2.86,6.64,4.73,-8.12,18.0,"Positive 1M return, 1M Nifty outperformance",52.0,Accumulation Zone,73.02,1011.89,1171.51,15.77,17.39,80.0% of closes stayed inside the range | Range width 15.8% | Currently 17.4% through the range,,,20.66,14.55,-3.18,-38.75,,,,,,,,70.4053,41.5708,9.1232,19.0,0.128,98057.3,62.42,Pharma / Healthcare,10.0,0.0,0.0,0.0,5.0,15.0,0.5,,"Revenue contraction, Earnings contraction",0.0,15.0,,28.17,15.0,"Below 200 DMA, Earnings contraction",4.73,Avoid,"Above 50 DMA, Weak but watchable RSI, Positive 1M return, 1M Nifty outperformance, 80.0% of closes stayed inside the range | Range width 15.8% | Currently 17.4% through the range"
KOTAKBANK,Financial Services,Banks - Regional,385.68,-3.36,307.55,459.06,25.41,15.98,28.98,421.1,418.59,14147926.95,20275976.0,1.43,Bearish,14.0,"Oversold RSI, Volume expansion",-8.52,-9.38,-0.71,-6.48,-8.24,-2.86,-2.04,-1.14,2.15,0.0,,76.56,Breakdown Risk,35.0,406.49,435.31,7.09,0.0,80.0% of closes stayed inside the range | Range width 7.1% | Currently 0.0% through the range | Below lower band on elevated volume,,,,24.07,6.69,10.11,,,,,,,,19.2649,15.2838,2.1432,17.0,0.275,388409.46,0.0,Banking,6.0,7.0,0.0,0.0,15.0,28.0,0.43,,,0.0,28.0,,21.99,12.0,"Below 200 DMA, Limited fundamental data coverage",4.6,Avoid,"Oversold RSI, Volume expansion, 80.0% of closes stayed inside the range | Range width 7.1% | Currently 0.0% through the range | Below lower band on elevated volume"
ICICIBANK,Financial Services,Banks - Regional,1267.71,-2.66,770.28,1476.07,64.58,14.12,25.25,1371.57,1386.44,14604903.55,16116652.0,1.1,Bearish,9.0,"Oversold RSI, Normal volume support",-9.08,-8.0,-8.87,-6.48,-8.24,-2.86,-2.6,0.24,-6.01,0.0,,76.56,Accumulation Zone,74.29,1335.05,1403.04,5.09,0.0,80.0% of closes stayed inside the range | Range width 5.1% | Currently 0.0% through the range,3.6,0.46,,35.53,1.99,-6.13,61.77,,,179377.34,215435.55,,,18.4855,15.2309,2.6994,84.0,0.261,1026998.09,0.0,Banking,6.0,0.0,4.0,0.0,15.0,25.0,0.64,,Earnings contraction,-5.0,20.0,Weak ROE for a leveraged-balance-sheet business,21.99,8.0,Below 200 DMA,4.55,Avoid,"Oversold RSI, Normal volume support, 80.0% of closes stayed inside the range | Range width 5.1% | Currently 0.0% through the range"
PERSISTENT,Technology,Information Technology Services,4766.54,0.12,1500.77,6700.89,217.61,28.87,30.92,5774.29,5688.29,1028863.4,724632.0,0.7,Bearish,13.0,"Weak but watchable RSI, Positive day move",-18.27,-24.37,-6.46,-6.48,-8.24,-2.86,-11.79,-16.13,-3.6,0.0,,58.54,Accumulation Zone,71.54,4920.16,6349.54,29.05,0.0,80.0% of closes stayed inside the range | Range width 29.1% | Currently 0.0% through the range,,,16.74,11.63,13.34,3.42,,,,,,,,44.7405,30.8947,10.9263,65.0,0.082,85520.87,31.68,IT / Technology,6.0,7.0,0.0,0.0,7.0,20.0,0.5,,,0.0,20.0,,15.17,8.0,Below 200 DMA,4.53,Avoid,"Weak but watchable RSI, Positive day move, 80.0% of closes stayed inside the range | Range width 29.1% | Currently 0.0% through the range"
HDFCAMC,Financial Services,Asset Management,2408.42,-1.71,732.04,2903.74,229.0,17.06,32.24,2580.73,2622.92,708946.3,615536.0,0.87,Bearish,8.0,Weak but watchable RSI,-9.51,-3.54,-11.67,-6.48,-8.24,-2.86,-3.03,4.7,-8.81,0.0,,76.56,Accumulation Zone,72.96,2485.41,2797.38,12.55,0.0,80.0% of closes stayed inside the range | Range width 12.6% | Currently 0.0% through the range,,,79.81,71.57,11.05,2.93,,,,,,,,36.6284,28.3148,11.5587,2.15,0.554,106767.91,88.85,Financial Services,12.0,5.0,0.0,0.0,7.0,24.0,0.5,,,-4.0,20.0,Expensive relative to book value for this sector,21.99,8.0,Below 200 DMA,4.3,Avoid,"Weak but watchable RSI, 80.0% of closes stayed inside the range | Range width 12.6% | Currently 0.0% through the range"
RVNL,Industrials,Engineering & Construction,276.2,-3.43,29.19,639.13,846.11,56.79,28.83,326.08,344.14,7968006.6,6579815.0,0.83,Bearish,4.0,Oversold RSI,-11.79,-9.79,-15.89,-6.48,-8.24,-2.86,-5.31,-1.55,-13.03,0.0,,79.31,Accumulation Zone,71.71,308.93,356.3,15.33,0.0,80.0% of closes stayed inside the range | Range width 15.3% | Currently 0.0% through the range,,,4.52,6.89,-8.56,40.18,,,,,,,,53.4884,41.8182,4.8674,1.49,,47955.46,6.0,Capital Goods / Infra,3.0,10.0,0.0,0.0,8.0,21.0,0.5,,Revenue contraction,0.0,21.0,,26.17,8.0,Below 200 DMA,4.28,Avoid,"Oversold RSI, 80.0% of closes stayed inside the range | Range width 15.3% | Currently 0.0% through the range"
JSWENERGY,Utilities,Utilities - Independent Power Producers,477.28,-1.9,200.89,799.01,137.58,40.27,48.34,481.5,505.32,2025351.6,2458736.0,1.21,Bearish,17.0,"RSI recovering, Normal volume support",1.22,5.52,-5.0,-6.48,-8.24,-2.86,7.7,13.76,-2.14,43.0,"Positive 1M return, Positive 3M return, 1M Nifty outperformance, 3M Nifty outperformance",20.0,Accumulation Zone,72.04,465.86,538.29,15.55,15.77,80.0% of closes stayed inside the range | Range width 15.5% | Currently 15.8% through the range,,,29.42,10.29,-20.64,-43.49,,,,,,,,43.9269,32.8867,3.191,36.0,0.133,102383.84,66.89,Energy / Utilities,9.0,0.0,0.0,0.0,9.0,18.0,0.5,,"Revenue contraction, Earnings contraction",0.0,18.0,,19.86,20.0,"Below 200 DMA, Revenue contraction, Earnings contraction",4.28,Avoid,"RSI recovering, Normal volume support, Positive 1M return, Positive 3M return, 1M Nifty outperformance, 3M Nifty outperformance, 80.0% of closes stayed inside the range | Range width 15.5% | Currently 15.8% through the range"
INDHOTEL,Consumer Cyclical,Lodging,608.99,-1.95,259.95,888.32,134.28,31.44,24.44,681.69,729.09,2465899.2,3679712.0,1.49,Bearish,14.0,"Oversold RSI, Volume expansion",-10.47,-14.82,-21.05,-6.48,-8.24,-2.86,-3.99,-6.58,-18.19,0.0,,71.88,Breakdown Risk,35.0,661.58,743.26,12.35,0.0,80.0% of closes stayed inside the range | Range width 12.3% | Currently 0.0% through the range | Below lower band on elevated volume,,,32.57,31.78,39.24,204.76,,,,,,,,48.0744,38.7458,7.8957,45.0,-0.154,103056.49,63.01,Consumer Discretionary,12.0,20.0,0.0,0.0,7.0,39.0,0.5,,,0.0,39.0,,19.99,16.0,"Below 200 DMA, Extreme RSI weakness",4.15,Avoid,"Oversold RSI, Volume expansion, 80.0% of closes stayed inside the range | Range width 12.3% | Currently 0.0% through the range | Below lower band on elevated volume"
PIDILITIND,Basic Materials,Specialty Chemicals,1386.4,-3.31,1107.06,1695.86,25.23,18.25,32.06,1469.87,1491.15,687474.1,806385.0,1.17,Bearish,13.0,"Weak but watchable RSI, Normal volume support",-6.9,-4.79,-10.41,-6.48,-8.24,-2.86,-0.42,3.45,-7.55,0.0,,75.42,Accumulation Zone,75.17,1446.53,1516.92,4.87,0.0,80.0% of closes stayed inside the range | Range width 4.9% | Currently 0.0% through the range,,,21.39,16.66,-1.15,-8.09,,,,,,,,64.9428,53.7455,15.9869,68.0,0.397,173177.03,54.79,Chemicals,10.0,0.0,0.0,0.0,5.0,15.0,0.5,,"Revenue contraction, Earnings contraction",0.0,15.0,,23.34,8.0,Below 200 DMA,4.0,Avoid,"Weak but watchable RSI, Normal volume support, 80.0% of closes stayed inside the range | Range width 4.9% | Currently 0.0% through the range"
NH,Healthcare,Medical Care Facilities,1754.31,0.17,668.13,2359.4,162.57,25.65,42.36,1825.68,1842.65,291310.65,282204.0,0.97,Bearish,13.0,"Weak but watchable RSI, Positive day move",2.5,-8.65,-1.53,-6.48,-8.24,-2.86,8.98,-0.41,1.33,18.0,"Positive 1M return, 1M Nifty outperformance",52.0,Accumulation Zone,73.08,1739.78,1941.26,11.58,7.21,80.0% of closes stayed inside the range | Range width 11.6% | Currently 7.2% through the range,,,11.39,5.89,30.87,-50.96,,,,,,,,45.2285,26.3467,8.1974,24.0,,37193.68,39.83,Pharma / Healthcare,3.0,10.0,0.0,0.0,7.0,20.0,0.5,,Earnings contraction,0.0,20.0,,28.17,15.0,"Below 200 DMA, Earnings contraction",3.98,Avoid,"Weak but watchable RSI, Positive day move, Positive 1M return, 1M Nifty outperformance, 80.0% of closes stayed inside the range | Range width 11.6% | Currently 7.2% through the range"
EXIDEIND,Consumer Cyclical,Auto Parts,307.43,-2.23,149.41,611.9,105.76,49.76,31.18,337.56,373.72,1280054.8,1372447.0,1.07,Bearish,13.0,"Weak but watchable RSI, Normal volume support",-7.14,-17.24,-25.16,-6.48,-8.24,-2.86,-0.66,-9.0,-22.3,0.0,,71.88,Accumulation Zone,72.62,326.23,397.47,21.84,0.0,80.0% of closes stayed inside the range | Range width 21.8% | Currently 0.0% through the range,,,7.21,4.62,-3.76,12.84,,,,,,,,44.044,26.4992,2.9993,41.0,0.552,41705.25,31.41,Automobile,0.0,5.0,0.0,0.0,11.0,16.0,0.5,,Revenue contraction,0.0,16.0,,19.99,8.0,Below 200 DMA,3.85,Avoid,"Weak but watchable RSI, Normal volume support, 80.0% of closes stayed inside the range | Range width 21.8% | Currently 0.0% through the range"
BAJAJHLDNG,Financial Services,Asset Management,10124.2,-2.94,4965.59,14510.04,103.89,30.23,30.88,10808.55,12269.04,58000.8,53369.0,0.92,Bearish,8.0,Weak but watchable RSI,-6.81,-6.55,-20.31,-6.48,-8.24,-2.86,-0.33,1.69,-17.45,0.0,,76.56,Accumulation Zone,71.76,10571.74,12746.02,20.57,0.0,80.0% of closes stayed inside the range | Range width 20.6% | Currently 0.0% through the range,,,,94.52,5.23,29.33,,,,,,,,14.5501,,1.7617,1.39,0.154,128866.75,98.98,Financial Services,6.0,12.0,0.0,0.0,11.0,29.0,0.43,,,0.0,29.0,,21.99,12.0,"Below 200 DMA, Limited fundamental data coverage",3.45,Avoid,"Weak but watchable RSI, 80.0% of closes stayed inside the range | Range width 20.6% | Currently 0.0% through the range"
LICI,Financial Services,Insurance - Life,393.48,-2.06,252.0,589.19,56.14,33.22,33.66,412.94,432.75,2198264.5,2804324.0,1.28,Bearish,13.0,"Weak but watchable RSI, Normal volume support",-10.69,-6.08,-8.2,-6.48,-8.24,-2.86,-4.21,2.16,-5.34,0.0,,76.56,Accumulation Zone,74.44,402.7,441.93,9.74,0.0,80.0% of closes stayed inside the range | Range width 9.7% | Currently 0.0% through the range,,,,5.47,4.96,18.01,,,,,,,,8.5468,7.091,2.9869,2.46,0.543,527504.82,11.08,Financial Services,0.0,10.0,0.0,0.0,15.0,25.0,0.43,,,0.0,25.0,,21.99,12.0,"Below 200 DMA, Limited fundamental data coverage",3.3,Avoid,"Weak but watchable RSI, Normal volume support, 80.0% of closes stayed inside the range | Range width 9.7% | Currently 0.0% through the range"
NAUKRI,Communication Services,Internet Content & Information,976.29,-0.08,650.59,1808.5,50.06,46.02,25.45,1205.92,1335.58,1996016.1,1324838.0,0.66,Bearish,4.0,Oversold RSI,-13.18,-28.47,-27.01,-6.48,-8.24,-2.86,-6.7,-20.23,-24.15,0.0,,70.0,Accumulation Zone,70.51,1110.93,1370.25,23.34,0.0,80.0% of closes stayed inside the range | Range width 23.3% | Currently 0.0% through the range,,,32.2,33.16,1.73,-14.12,,,,,,,,54.3867,57.9013,2.2877,1.06,0.288,86732.07,56.39,Telecom,12.0,0.0,0.0,0.0,7.0,19.0,0.5,,Earnings contraction,0.0,19.0,,23.72,8.0,Below 200 DMA,3.21,Avoid,"Oversold RSI, 80.0% of closes stayed inside the range | Range width 23.3% | Currently 0.0% through the range"
SRF,Industrials,Conglomerates,2547.56,-2.68,2017.83,3308.24,26.25,22.99,34.57,2842.99,2946.52,387872.4,272202.0,0.7,Bearish,8.0,Weak but watchable RSI,-12.03,-9.7,-10.33,-6.48,-8.24,-2.86,-5.55,-1.46,-7.47,0.0,,79.31,Accumulation Zone,72.64,2676.76,3071.15,14.73,0.0,80.0% of closes stayed inside the range | Range width 14.7% | Currently 0.0% through the range,,,16.7,11.98,-3.4,0.08,,,,,,,,35.4158,28.5908,5.4566,39.0,0.132,76620.96,48.32,Capital Goods / Infra,6.0,0.0,0.0,0.0,9.0,15.0,0.5,,Revenue contraction,0.0,15.0,,26.17,8.0,Below 200 DMA,3.18,Avoid,"Weak but watchable RSI, 80.0% of closes stayed inside the range | Range width 14.7% | Currently 0.0% through the range"
COROMANDEL,Basic Materials,Agricultural Inputs,1997.46,-1.13,814.36,2705.59,145.28,26.17,25.75,2259.82,2287.39,299846.6,222176.0,0.74,Bearish,4.0,Oversold RSI,-11.93,-13.28,-11.1,-6.48,-8.24,-2.86,-5.45,-5.04,-8.24,0.0,,75.42,Accumulation Zone,72.72,2155.29,2340.23,8.58,0.0,80.0% of closes stayed inside the range | Range width 8.6% | Currently 0.0% through the range,,,7.44,5.76,24.67,0.17,,,,,,,,33.365,21.4553,4.8621,53.0,0.143,61057.99,23.99,General,0.0,8.0,0.0,0.0,11.0,19.0,0.5,,,0.0,19.0,,23.34,8.0,Below 200 DMA,3.15,Avoid,"Oversold RSI, 80.0% of closes stayed inside the range | Range width 8.6% | Currently 0.0% through the range"
ENDURANCE,Consumer Cyclical,Auto Parts,2414.06,-1.13,1160.92,3067.27,107.94,21.3,40.72,2507.66,2645.01,95995.3,63693.0,0.66,Bearish,8.0,Weak but watchable RSI,-0.88,-8.84,-18.32,-6.48,-8.24,-2.86,5.6,-0.6,-15.46,10.0,1M Nifty outperformance,38.28,Accumulation Zone,72.05,2440.28,2895.47,18.65,0.0,80.0% of closes stayed inside the range | Range width 18.7% | Currently 0.0% through the range,,,8.29,6.14,0.71,-2.48,,,,,,,,44.723,30.1333,6.2092,38.0,0.723,42475.96,42.33,Automobile,3.0,0.0,0.0,0.0,7.0,10.0,0.5,,Earnings contraction,0.0,10.0,,19.99,8.0,Below 200 DMA,3.0,Avoid,"Weak but watchable RSI, 1M Nifty outperformance, 80.0% of closes stayed inside the range | Range width 18.7% | Currently 0.0% through the range"
POONAWALLA,Financial Services,Credit Services,413.65,-2.33,240.66,570.4,71.88,27.48,36.55,453.2,456.35,1983407.1,580988.0,0.29,Bearish,8.0,Weak but watchable RSI,-4.14,-7.39,-4.16,-6.48,-8.24,-2.86,2.34,0.85,-1.3,0.0,,76.56,Accumulation Zone,72.02,430.94,512.2,18.86,0.0,80.0% of closes stayed inside the range | Range width 18.9% | Currently 0.0% through the range,,,27.3,8.46,42.24,139.97,,,,,,,,50.6911,19.7165,3.7798,,0.318,42391.77,99.87,Financial Services,9.0,20.0,0.0,0.0,7.0,36.0,0.43,,,0.0,36.0,,21.99,15.0,"Below 200 DMA, Low volume participation, Limited fundamental data coverage",2.9,Avoid,"Weak but watchable RSI, 80.0% of closes stayed inside the range | Range width 18.9% | Currently 0.0% through the range"
HAVELLS,Industrials,Electrical Equipment & Parts,1324.8,-1.32,998.35,2075.88,32.7,36.18,39.88,1379.0,1467.17,569208.25,872333.0,1.53,Bearish,18.0,"Weak but watchable RSI, Volume expansion",-1.74,-5.1,-15.61,-6.48,-8.24,-2.86,4.74,3.14,-12.75,0.0,,79.31,Accumulation Zone,75.2,1337.33,1493.28,11.66,0.0,80.0% of closes stayed inside the range | Range width 11.7% | Currently 0.0% through the range,,,7.33,5.38,2.43,-13.5,,,,,,,,49.012,38.6678,8.3918,94.0,0.3,79386.55,32.03,Capital Goods / Infra,0.0,0.0,0.0,0.0,7.0,7.0,0.5,,Earnings contraction,0.0,7.0,,26.17,8.0,Below 200 DMA,2.88,Avoid,"Weak but watchable RSI, Volume expansion, 80.0% of closes stayed inside the range | Range width 11.7% | Currently 0.0% through the range"
UNOMINDA,Consumer Cyclical,Auto Parts,1080.43,-3.5,431.26,1378.85,150.53,21.64,31.93,1203.52,1192.19,856089.1,1268685.0,1.48,Bearish,18.0,"Weak but watchable RSI, Volume expansion",-6.49,-13.93,-16.61,-6.48,-8.24,-2.86,-0.01,-5.69,-13.75,0.0,,71.88,Breakdown Risk,35.0,1155.05,1314.21,13.78,0.0,80.0% of closes stayed inside the range | Range width 13.8% | Currently 0.0% through the range | Below lower band on elevated volume,,,7.46,5.51,4.24,-9.0,,,,,,,,59.307,38.9381,10.4196,21.0,0.289,71167.06,34.04,Automobile,0.0,2.0,0.0,0.0,7.0,9.0,0.5,,Earnings contraction,0.0,9.0,,19.99,8.0,Below 200 DMA,2.65,Avoid,"Weak but watchable RSI, Volume expansion, 80.0% of closes stayed inside the range | Range width 13.8% | Currently 0.0% through the range | Below lower band on elevated volume"
TRENT,Consumer Cyclical,Apparel Retail,2455.97,-0.9,1150.98,8327.88,113.38,70.51,29.61,2781.95,4477.64,1028717.35,1435404.0,1.4,Bearish,14.0,"Oversold RSI, Volume expansion",-10.32,-39.87,-55.51,-6.48,-8.24,-2.86,-3.84,-31.63,-52.65,0.0,,71.88,Breakdown Risk,35.0,2552.81,4791.98,87.71,0.0,80.0% of closes stayed inside the range | Range width 87.7% | Currently 0.0% through the range | Below lower band on elevated volume,,,13.36,9.59,10.95,36.06,,,,,,,,88.5037,58.9539,22.8036,13.0,0.384,159276.48,43.01,Consumer Discretionary,6.0,15.0,0.0,0.0,5.0,26.0,0.5,,Very high PE,0.0,26.0,,19.99,13.0,"Below 200 DMA, Far from 52W high",2.6,Avoid,"Oversold RSI, Volume expansion, 80.0% of closes stayed inside the range | Range width 87.7% | Currently 0.0% through the range | Below lower band on elevated volume"
BERGEPAINT,Basic Materials,Specialty Chemicals,430.95,-1.39,417.99,665.9,3.1,35.28,27.92,483.49,531.85,621362.35,419421.0,0.68,Bearish,9.0,"Oversold RSI, Near 52W low zone",-8.09,-19.46,-19.4,-6.48,-8.24,-2.86,-1.61,-11.22,-16.54,0.0,,75.42,Accumulation Zone,71.79,456.84,556.35,21.78,0.0,80.0% of closes stayed inside the range | Range width 21.8% | Currently 0.0% through the range,,,12.43,9.09,-6.77,-13.82,,,,,,,,51.2637,43.1943,9.4377,75.0,0.449,65272.83,40.89,Chemicals,6.0,0.0,0.0,0.0,7.0,13.0,0.5,,"Revenue contraction, Earnings contraction",0.0,13.0,,23.34,8.0,Below 200 DMA,2.3,Avoid,"Oversold RSI, Near 52W low zone, 80.0% of closes stayed inside the range | Range width 21.8% | Currently 0.0% through the range"
POLICYBZR,Financial Services,Insurance Brokers,1430.0,0.11,356.2,2246.9,301.46,36.36,35.48,1612.88,1760.05,2067277.65,1406694.0,0.68,Bearish,13.0,"Weak but watchable RSI, Positive day move",-4.98,-24.49,-23.3,-6.48,-8.24,-2.86,1.5,-16.25,-20.44,0.0,,76.56,Accumulation Zone,72.09,1501.4,1882.78,25.4,0.0,80.0% of closes stayed inside the range | Range width 25.4% | Currently 0.0% through the range,,,7.06,10.69,31.39,123.88,,,,,,,,107.8784,51.9191,10.9914,,0.375,80349.11,64.25,Financial Services,3.0,20.0,0.0,0.0,3.0,26.0,0.43,,Very high PE,-4.0,22.0,Expensive relative to book value for this sector,21.99,12.0,"Below 200 DMA, Limited fundamental data coverage",2.25,Avoid,"Weak but watchable RSI, Positive day move, 80.0% of closes stayed inside the range | Range width 25.4% | Currently 0.0% through the range"
DIXON,Technology,Consumer Electronics,9804.0,-2.24,2549.37,19140.38,284.56,48.78,32.43,11117.9,14564.42,564053.15,487935.0,0.87,Bearish,8.0,Weak but watchable RSI,-14.76,-27.72,-45.07,-6.48,-8.24,-2.86,-8.28,-19.48,-42.21,0.0,,58.54,Accumulation Zone,65.14,10440.2,17198.7,64.74,0.0,80.0% of closes stayed inside the range | Range width 64.7% | Currently 0.0% through the range,,,2.96,2.69,-16.86,27.69,,,,,,208.16,47.09,40.4977,49.0426,15.3722,6.0,-0.156,83906.61,6.87,IT / Technology,0.0,10.0,0.0,17.0,4.0,31.0,0.64,,Revenue contraction,0.0,31.0,,15.17,13.0,"Below 200 DMA, Revenue contraction",2.13,Avoid,"Weak but watchable RSI, 80.0% of closes stayed inside the range | Range width 64.7% | Currently 0.0% through the range"
SBICARD,Financial Services,Credit Services,718.18,-0.46,643.76,1023.66,11.56,29.84,30.47,795.68,860.33,1420985.45,1651916.0,1.16,Bearish,18.0,"Weak but watchable RSI, Near 52W low zone, Normal volume support",-4.71,-17.17,-8.94,-6.48,-8.24,-2.86,1.77,-8.93,-6.08,0.0,,76.56,Accumulation Zone,74.08,762.39,908.27,19.13,0.0,80.0% of closes stayed inside the range | Range width 19.1% | Currently 0.0% through the range,,,,13.19,4.62,0.12,,,,,,,,27.1772,18.3719,3.9751,38.0,0.246,62484.85,24.65,Financial Services,5.0,2.0,0.0,0.0,11.0,18.0,0.43,,,0.0,18.0,,21.99,12.0,"Below 200 DMA, Limited fundamental data coverage",2.1,Avoid,"Weak but watchable RSI, Near 52W low zone, Normal volume support, 80.0% of closes stayed inside the range | Range width 19.1% | Currently 0.0% through the range"
TMCV,Consumer Cyclical,Auto Manufacturers,443.3,-5.47,302.88,503.32,46.36,11.93,41.66,450.2,,9971214.6,16269063.0,1.63,Bearish,18.0,"Weak but watchable RSI, Volume expansion",-2.17,24.41,,-6.48,-8.24,-2.86,4.31,32.65,,35.0,"Strong 3M absolute return, 3M Nifty outperformance",24.22,Profit Booking Zone,66.97,321.52,475.04,47.75,79.32,80.2% of closes stayed inside the range | Range width 47.7% | Currently 79.3% through the range,,,8.61,3.24,-62.39,-77.93,,,,,,,,54.6711,20.599,13.2168,89.0,,168317.81,32.34,Automobile,0.0,0.0,0.0,0.0,7.0,7.0,0.5,,"Revenue contraction, Earnings contraction",0.0,7.0,,19.99,17.0,"Sharp daily fall, Revenue contraction, Earnings contraction",1.7,Avoid,"Weak but watchable RSI, Volume expansion, Strong 3M absolute return, 3M Nifty outperformance, 80.2% of closes stayed inside the range | Range width 47.7% | Currently 79.3% through the range"
DLF,Real Estate,Real Estate - Development,567.82,-0.45,325.47,943.27,74.46,39.8,32.44,635.3,730.44,3813693.95,4442106.0,1.16,Bearish,13.0,"Weak but watchable RSI, Normal volume support",-13.38,-16.36,-23.9,-6.48,-8.24,-2.86,-6.9,-8.12,-21.04,0.0,,60.0,Accumulation Zone,71.97,605.66,764.36,26.2,0.0,80.0% of closes stayed inside the range | Range width 26.2% | Currently 0.0% through the range,,,17.81,59.57,-25.64,57.78,,,,,,,,36.8868,25.8892,3.6022,1.23,0.386,163803.75,46.51,Cement / Realty,9.0,10.0,0.0,0.0,8.0,27.0,0.5,,Revenue contraction,0.0,27.0,,11.97,13.0,"Below 200 DMA, Revenue contraction",1.5,Avoid,"Weak but watchable RSI, Normal volume support, 80.0% of closes stayed inside the range | Range width 26.2% | Currently 0.0% through the range"
CIPLA,Healthcare,Drug Manufacturers - Specialty & Generic,1312.69,0.29,821.48,1668.41,59.8,21.32,42.76,1369.88,1472.62,1527010.9,1674811.0,1.1,Bearish,18.0,"Weak but watchable RSI, Normal volume support, Positive day move",-0.38,-11.53,-14.7,-6.48,-8.24,-2.86,6.1,-3.29,-11.84,10.0,1M Nifty outperformance,62.0,Accumulation Zone,75.26,1314.37,1547.46,17.73,0.0,80.8% of closes stayed inside the range | Range width 17.7% | Currently 0.0% through the range,,,14.03,9.71,1.84,-47.92,,,,,,,,35.0839,23.0495,3.4322,89.0,0.086,118188.92,63.28,Pharma / Healthcare,6.0,0.0,0.0,0.0,9.0,15.0,0.5,,Earnings contraction,0.0,15.0,,28.17,15.0,"Below 200 DMA, Earnings contraction",1.48,Avoid,"Weak but watchable RSI, Normal volume support, Positive day move, 1M Nifty outperformance, 80.8% of closes stayed inside the range | Range width 17.7% | Currently 0.0% through the range"
VMM,Consumer Cyclical,Department Stores,108.65,-2.86,95.99,157.6,13.19,31.06,33.88,124.65,135.52,50823730.3,14392186.0,0.28,Bearish,13.0,"Weak but watchable RSI, Near 52W low zone",-11.08,-16.43,-28.74,-6.48,-8.24,-2.86,-4.6,-8.19,-25.88,0.0,,71.88,Accumulation Zone,72.38,120.3,148.47,23.42,0.0,80.0% of closes stayed inside the range | Range width 23.4% | Currently 0.0% through the range,,,11.92,8.53,23.11,105.45,,,,,,,,56.8421,39.8039,6.7954,,,50595.94,28.5,Consumer Discretionary,6.0,18.0,0.0,0.0,5.0,29.0,0.43,,,0.0,29.0,,19.99,15.0,"Below 200 DMA, Low volume participation, Limited fundamental data coverage",1.4,Avoid,"Weak but watchable RSI, Near 52W low zone, 80.0% of closes stayed inside the range | Range width 23.4% | Currently 0.0% through the range"
LGEINDIA,Technology,Consumer Electronics,1534.2,-2.88,1325.5,1749.0,15.74,12.28,50.02,1486.23,,778818.1,337052.0,0.43,Bullish,50.0,"Above 50 DMA, Healthy RSI momentum, Near 52W high momentum, Near 52W low zone",2.09,-2.04,,-6.48,-8.24,-2.86,8.57,6.2,,18.0,"Positive 1M return, 1M Nifty outperformance",10.98,Neutral Range,73.47,1400.08,1663.76,18.83,50.86,80.0% of closes stayed inside the range | Range width 18.8% | Currently 50.9% through the range,,,2.07,2.18,-82.97,-61.59,,,,,,,,63.3802,40.4921,13.98,,,107164.59,29.93,IT / Technology,0.0,0.0,0.0,0.0,3.0,3.0,0.43,,"Revenue contraction, Earnings contraction",0.0,3.0,,15.17,19.0,"Low volume participation, Revenue contraction, Earnings contraction, Limited fundamental data coverage",1.33,Avoid,"Above 50 DMA, Healthy RSI momentum, Near 52W high momentum, Near 52W low zone, Positive 1M return, 1M Nifty outperformance, 80.0% of closes stayed inside the range | Range width 18.8% | Currently 50.9% through the range"
PAYTM,Technology,Software - Infrastructure,1038.7,0.04,310.0,1381.8,235.06,24.83,30.93,1205.54,1159.81,3091983.6,2717783.0,0.88,Bearish,13.0,"Weak but watchable RSI, Positive day move",-12.52,-21.37,-17.22,-6.48,-8.24,-2.86,-6.04,-13.13,-14.36,0.0,,58.54,Accumulation Zone,73.23,1131.16,1332.15,17.77,0.0,80.0% of closes stayed inside the range | Range width 17.8% | Currently 0.0% through the range,,,1.05,10.26,14.39,82.93,,,,,,,,160.3586,51.8355,6.4407,,-0.307,103222.43,36.98,IT / Technology,3.0,15.0,0.0,0.0,3.0,21.0,0.43,,Very high PE,0.0,21.0,,15.17,12.0,"Below 200 DMA, Limited fundamental data coverage",0.88,Avoid,"Weak but watchable RSI, Positive day move, 80.0% of closes stayed inside the range | Range width 17.8% | Currently 0.0% through the range"
JKCEMENT,Basic Materials,Building Materials,5036.75,-6.84,2388.03,7537.45,110.92,33.18,28.98,5656.25,6053.18,62831.3,93014.0,1.48,Bearish,14.0,"Oversold RSI, Volume expansion",-11.66,-8.21,-23.79,-6.48,-8.24,-2.86,-5.18,0.03,-20.93,0.0,,75.42,Breakdown Risk,35.0,5486.38,6533.28,19.08,0.0,80.0% of closes stayed inside the range | Range width 19.1% | Currently 0.0% through the range | Below lower band on elevated volume,,,11.05,5.04,3.3,-46.17,,,,,,,,43.8603,27.6921,5.922,37.0,0.412,41674.63,62.85,Cement / Realty,3.0,2.0,0.0,0.0,9.0,14.0,0.5,,Earnings contraction,0.0,14.0,,23.34,20.0,"Below 200 DMA, Sharp daily fall, Earnings contraction",0.0,Avoid,"Oversold RSI, Volume expansion, 80.0% of closes stayed inside the range | Range width 19.1% | Currently 0.0% through the range | Below lower band on elevated volume"
JIOFIN,Financial Services,Asset Management,231.71,-2.97,197.88,393.16,17.1,41.07,21.78,268.83,297.85,11402226.1,19524751.0,1.71,Bearish,19.0,"Oversold RSI, Near 52W low zone, Volume expansion",-13.37,-21.85,-24.94,-6.48,-8.24,-2.86,-6.89,-13.61,-22.08,0.0,,76.56,Breakdown Risk,35.0,255.39,310.08,21.42,0.0,80.0% of closes stayed inside the range | Range width 21.4% | Currently 0.0% through the range | Below lower band on elevated volume,,,79.75,39.19,64.82,-17.15,,,,,,,,79.7664,57.4103,1.211,24.0,0.502,169073.43,100.0,Financial Services,12.0,10.0,0.0,0.0,9.0,31.0,0.5,,Earnings contraction,0.0,31.0,,21.99,23.0,"Below 200 DMA, Extreme RSI weakness, Earnings contraction",0.0,Avoid,"Oversold RSI, Near 52W low zone, Volume expansion, 80.0% of closes stayed inside the range | Range width 21.4% | Currently 0.0% through the range | Below lower band on elevated volume"
KPRMILL,Consumer Cyclical,Textile Manufacturing,829.73,-1.06,468.75,1379.22,77.01,39.84,34.7,892.82,1024.62,585109.8,304416.0,0.52,Bearish,8.0,Weak but watchable RSI,-14.68,-14.37,-15.7,-6.48,-8.24,-2.86,-8.2,-6.13,-12.84,0.0,,71.88,Accumulation Zone,70.73,854.39,1088.81,27.44,0.0,80.0% of closes stayed inside the range | Range width 27.4% | Currently 0.0% through the range,,,17.09,14.83,-16.6,-1.93,,,,,,,,40.8671,29.9392,6.5314,46.0,0.283,37290.43,37.35,Consumer Discretionary,8.0,0.0,0.0,0.0,7.0,15.0,0.5,,"Revenue contraction, Earnings contraction",0.0,15.0,,19.99,13.0,"Below 200 DMA, Revenue contraction",0.0,Avoid,"Weak but watchable RSI, 80.0% of closes stayed inside the range | Range width 27.4% | Currently 0.0% through the range"
GAIL,Utilities,Utilities - Regulated Gas,148.98,-4.32,72.05,228.83,106.76,34.9,29.6,162.38,171.68,13993574.2,20704576.0,1.48,Bearish,14.0,"Oversold RSI, Volume expansion",-8.6,-7.9,-11.7,-6.48,-8.24,-2.86,-2.12,0.34,-8.84,0.0,,80.0,Breakdown Risk,35.0,159.21,177.26,11.34,0.0,80.0% of closes stayed inside the range | Range width 11.3% | Currently 0.0% through the range | Below lower band on elevated volume,,,4.93,4.99,-0.39,-25.87,,,,,,,,11.6689,9.7283,1.3128,3.14,0.515,117003.53,18.75,Energy / Utilities,0.0,0.0,0.0,0.0,15.0,15.0,0.5,,"Revenue contraction, Earnings contraction",0.0,15.0,,19.86,15.0,"Below 200 DMA, Earnings contraction",0.0,Avoid,"Oversold RSI, Volume expansion, 80.0% of closes stayed inside the range | Range width 11.3% | Currently 0.0% through the range | Below lower band on elevated volume"
FACT,Basic Materials,Agricultural Inputs,662.1,-2.73,103.66,1185.35,538.74,44.14,24.64,808.92,902.8,91067.45,99433.0,1.09,Bearish,9.0,"Oversold RSI, Normal volume support",-16.49,-16.77,-33.13,-6.48,-8.24,-2.86,-10.01,-8.53,-30.27,0.0,,75.42,Accumulation Zone,72.53,780.94,912.48,16.84,0.0,80.0% of closes stayed inside the range | Range width 16.8% | Currently 0.0% through the range,,,-3.28,-4.33,50.35,-1686.45,,,,,,,,,,38.5634,5.0,,53030.78,47.47,General,0.0,10.0,0.0,0.0,2.0,12.0,0.43,,"Negative net margin, Earnings contraction",0.0,12.0,,23.34,35.0,"Below 200 DMA, Extreme RSI weakness, Negative net margin, Earnings contraction, Limited fundamental data coverage",0.0,Avoid,"Oversold RSI, Normal volume support, 80.0% of closes stayed inside the range | Range width 16.8% | Currently 0.0% through the range"
ETERNAL,Consumer Cyclical,Internet Retail,229.56,-1.29,44.35,368.45,417.61,37.7,24.1,274.65,291.71,48855387.45,48505614.0,0.99,Bearish,4.0,Oversold RSI,-19.04,-19.52,-30.26,-6.48,-8.24,-2.86,-12.56,-11.28,-27.4,0.0,,71.88,Accumulation Zone,70.08,267.83,337.88,26.15,0.0,80.0% of closes stayed inside the range | Range width 26.2% | Currently 0.0% through the range,,,-0.44,0.63,127.64,308.0,,,,,,,,713.75,82.0471,9.2835,,0.225,289095.37,35.19,Consumer Discretionary,0.0,20.0,0.0,0.0,3.0,23.0,0.43,,Very high PE,0.0,23.0,,19.99,20.0,"Below 200 DMA, Extreme RSI weakness, Limited fundamental data coverage",0.0,Avoid,"Oversold RSI, 80.0% of closes stayed inside the range | Range width 26.2% | Currently 0.0% through the range"
MOTILALOFS,Financial Services,Capital Markets,692.95,-3.21,299.28,1267.92,131.54,45.35,31.36,786.91,876.73,660380.8,574810.0,0.87,Bearish,8.0,Weak but watchable RSI,-11.14,-17.33,-19.99,-6.48,-8.24,-2.86,-4.66,-9.09,-17.13,0.0,,76.56,Accumulation Zone,69.8,745.27,995.98,33.64,0.0,80.0% of closes stayed inside the range | Range width 33.6% | Currently 0.0% through the range,,,56.81,29.88,13.61,-51.3,,,,,,,,27.5451,15.2672,4.2076,1.24,0.334,54253.42,62.9,Financial Services,12.0,5.0,0.0,0.0,10.0,27.0,0.5,,Earnings contraction,0.0,27.0,,21.99,15.0,"Below 200 DMA, Earnings contraction",0.0,Avoid,"Weak but watchable RSI, 80.0% of closes stayed inside the range | Range width 33.6% | Currently 0.0% through the range"
GRASIM,Basic Materials,Building Materials,2672.87,-1.37,1496.78,2969.75,78.58,10.0,34.5,2818.04,2772.37,712395.15,1019315.0,1.43,Bearish,18.0,"Weak but watchable RSI, Volume expansion",-5.49,-2.3,-4.38,-6.48,-8.24,-2.86,0.99,5.94,-1.52,0.0,,75.42,Accumulation Zone,76.08,2725.98,2883.54,5.78,0.0,80.0% of closes stayed inside the range | Range width 5.8% | Currently 0.0% through the range,,,8.97,2.34,10.45,-26.93,,,,,,,,45.2565,22.5144,2.1683,30.0,0.355,224352.46,55.8,Cement / Realty,0.0,5.0,0.0,0.0,11.0,16.0,0.5,,Earnings contraction,0.0,16.0,,23.34,15.0,"Below 200 DMA, Earnings contraction",0.0,Avoid,"Weak but watchable RSI, Volume expansion, 80.0% of closes stayed inside the range | Range width 5.8% | Currently 0.0% through the range"
NHPC,Utilities,Utilities - Renewable,72.84,-1.54,29.88,112.53,143.78,35.27,39.72,76.87,80.38,15521335.7,22232154.0,1.43,Bearish,18.0,"Weak but watchable RSI, Volume expansion",-6.38,-2.71,-4.45,-6.48,-8.24,-2.86,0.1,5.53,-1.59,0.0,,80.0,Accumulation Zone,74.85,74.44,84.86,14.01,0.0,80.0% of closes stayed inside the range | Range width 14.0% | Currently 0.0% through the range,,,-11.03,9.87,-30.9,-79.43,,,,,,,,28.1502,12.0078,1.8676,2.09,0.191,77196.09,93.4,Energy / Utilities,3.0,0.0,0.0,0.0,13.0,16.0,0.5,,"Revenue contraction, Earnings contraction",0.0,16.0,,19.86,20.0,"Below 200 DMA, Revenue contraction, Earnings contraction",0.0,Avoid,"Weak but watchable RSI, Volume expansion, 80.0% of closes stayed inside the range | Range width 14.0% | Currently 0.0% through the range"
GODREJIND,Industrials,Conglomerates,915.9,-2.24,395.0,1390.0,131.87,34.11,32.05,1000.37,1110.44,123902.0,62618.0,0.51,Bearish,8.0,Weak but watchable RSI,-7.89,-9.69,-23.8,-6.48,-8.24,-2.86,-1.41,-1.45,-20.94,0.0,,79.31,Accumulation Zone,71.93,984.55,1175.82,19.43,0.0,80.0% of closes stayed inside the range | Range width 19.4% | Currently 0.0% through the range,,,8.28,4.05,0.38,-15.64,,,,,,,,33.4833,,3.7223,,0.635,41607.84,40.36,Capital Goods / Infra,0.0,0.0,0.0,0.0,6.0,6.0,0.43,,Earnings contraction,0.0,6.0,,26.17,19.0,"Below 200 DMA, Earnings contraction, Limited fundamental data coverage",0.0,Avoid,"Weak but watchable RSI, 80.0% of closes stayed inside the range | Range width 19.4% | Currently 0.0% through the range"
GODREJPROP,Real Estate,Real Estate - Development,1637.68,-1.3,1000.17,3386.33,63.74,51.64,37.05,1802.92,2063.72,1682547.35,2761673.0,1.64,Bearish,18.0,"Weak but watchable RSI, Volume expansion",-3.19,-16.68,-16.12,-6.48,-8.24,-2.86,3.29,-8.44,-13.26,0.0,,60.0,Accumulation Zone,72.39,1686.45,2198.48,30.36,0.0,80.0% of closes stayed inside the range | Range width 30.4% | Currently 0.0% through the range,,,-43.0,39.16,14.68,-67.48,,,,,,,,38.3153,18.06,3.1684,49.0,0.478,60697.14,42.86,Cement / Realty,6.0,5.0,0.0,0.0,9.0,20.0,0.5,,Earnings contraction,0.0,20.0,,11.97,15.0,"Below 200 DMA, Earnings contraction",0.0,Avoid,"Weak but watchable RSI, Volume expansion, 80.0% of closes stayed inside the range | Range width 30.4% | Currently 0.0% through the range"
MPHASIS,Technology,Information Technology Services,2130.58,-1.22,1511.01,3091.63,41.0,31.09,22.62,2557.99,2660.13,668760.6,353945.0,0.53,Bearish,4.0,Oversold RSI,-16.2,-24.48,-21.8,-6.48,-8.24,-2.86,-9.72,-16.24,-18.94,0.0,,58.54,Accumulation Zone,71.14,2366.45,2818.26,19.09,0.0,80.0% of closes stayed inside the range | Range width 19.1% | Currently 0.0% through the range,,,15.21,11.05,7.24,0.11,,,,,,,,25.3152,20.0133,4.2716,2.45,0.485,48421.74,44.45,IT / Technology,6.0,2.0,0.0,0.0,11.0,19.0,0.5,,,0.0,19.0,,15.17,16.0,"Below 200 DMA, Extreme RSI weakness",0.0,Avoid,"Oversold RSI, 80.0% of closes stayed inside the range | Range width 19.1% | Currently 0.0% through the range"
LTM,Technology,Information Technology Services,4260.11,0.59,3703.55,6592.7,15.03,35.38,18.18,5464.23,5394.97,335048.95,253802.0,0.76,Bearish,14.0,"Oversold RSI, Near 52W low zone, Positive day move",-22.37,-30.99,-16.58,-6.48,-8.24,-2.86,-15.89,-22.75,-13.72,0.0,,58.54,Accumulation Zone,72.62,4977.84,6134.24,23.23,0.0,80.0% of closes stayed inside the range | Range width 23.2% | Currently 0.0% through the range,4.1,2.83,16.11,9.0,9.56,-22.61,9.85,3.19,3.19,1972.3,2333.2,-1032.9,-574.2,27.0482,20.7158,5.7545,1.55,0.261,141177.8,29.77,IT / Technology,6.0,5.0,17.0,0.0,10.0,38.0,1.0,,"Earnings contraction, Negative operating cash flow, Negative free cash flow",0.0,38.0,,15.17,32.0,"Below 200 DMA, Extreme RSI weakness, Earnings contraction, Negative operating cash flow, Negative free cash flow",0.0,Avoid,"Oversold RSI, Near 52W low zone, Positive day move, 80.0% of closes stayed inside the range | Range width 23.2% | Currently 0.0% through the range"
FLUOROCHEM,Basic Materials,Specialty Chemicals,3289.7,1.33,2472.27,4877.1,33.06,32.55,44.05,3389.37,3527.6,53717.4,67341.0,1.25,Bearish,18.0,"Weak but watchable RSI, Normal volume support, Positive day move",-4.03,-0.85,-1.83,-6.48,-8.24,-2.86,2.45,7.39,1.03,0.0,,75.42,Accumulation Zone,74.88,3288.07,3728.03,13.38,0.37,80.0% of closes stayed inside the range | Range width 13.4% | Currently 0.4% through the range,,,14.7,9.07,-6.12,-42.46,,,,,,,,87.6185,44.0047,6.5534,7.0,-0.005,50155.31,51.34,Chemicals,6.0,0.0,0.0,0.0,5.0,11.0,0.5,,"Revenue contraction, Earnings contraction, Very high PE",0.0,11.0,,23.34,15.0,"Below 200 DMA, Earnings contraction",0.0,Avoid,"Weak but watchable RSI, Normal volume support, Positive day move, 80.0% of closes stayed inside the range | Range width 13.4% | Currently 0.4% through the range"
IDFCFIRSTB,Financial Services,Banks - Regional,66.56,-4.6,42.78,100.08,55.58,33.49,26.45,81.03,75.65,82154339.85,55090634.0,0.67,Bearish,4.0,Oversold RSI,-21.56,-15.62,-8.04,-6.48,-8.24,-2.86,-15.08,-7.38,-5.18,0.0,,76.56,Accumulation Zone,70.92,70.18,84.61,20.57,0.0,80.0% of closes stayed inside the range | Range width 20.6% | Currently 0.0% through the range,,,,6.28,6.39,5.55,,,,,,,,33.1274,12.8729,1.5569,30.0,,73970.07,0.0,Banking,3.0,4.0,0.0,0.0,13.0,20.0,0.43,,,0.0,20.0,,21.99,12.0,"Below 200 DMA, Limited fundamental data coverage",0.0,Avoid,"Oversold RSI, 80.0% of closes stayed inside the range | Range width 20.6% | Currently 0.0% through the range"
HDFCLIFE,Financial Services,Insurance - Life,651.43,-2.21,451.88,817.84,44.16,20.35,24.87,723.97,753.26,3117736.35,4330230.0,1.39,Bearish,14.0,"Oversold RSI, Volume expansion",-7.07,-14.44,-13.93,-6.48,-8.24,-2.86,-0.59,-6.2,-11.07,0.0,,76.56,Breakdown Risk,35.0,705.33,771.67,9.41,0.0,80.0% of closes stayed inside the range | Range width 9.4% | Currently 0.0% through the range | Below lower band on elevated volume,2.38,0.11,,1.42,-0.17,-23.74,17.61,,,588.41,3099.0,,,58.4967,44.8408,5.9286,39.0,0.502,116632.92,10.2,Financial Services,0.0,0.0,9.0,0.0,9.0,18.0,0.64,,"Revenue contraction, Earnings contraction",-9.0,9.0,"Weak ROE for a leveraged-balance-sheet business, Expensive relative to book value for this sector",21.99,23.0,"Below 200 DMA, Extreme RSI weakness, Earnings contraction",0.0,Avoid,"Oversold RSI, Volume expansion, 80.0% of closes stayed inside the range | Range width 9.4% | Currently 0.0% through the range | Below lower band on elevated volume"
HDFCBANK,Financial Services,Banks - Regional,827.02,-1.91,646.11,1003.9,28.0,17.62,23.54,915.35,953.74,30013311.55,35592613.0,1.19,Bearish,9.0,"Oversold RSI, Normal volume support",-10.67,-16.19,-12.74,-6.48,-8.24,-2.86,-4.19,-7.95,-9.88,0.0,,76.56,Accumulation Zone,73.64,901.15,986.28,9.45,0.0,80.0% of closes stayed inside the range | Range width 9.4% | Currently 0.0% through the range,,,,,,,76.7,,,159474.87,606241.86,,,15.924,11.6454,1.8511,1.78,0.414,1123335.9,0.0,Banking,0.0,0.0,4.0,0.0,14.0,18.0,0.29,,,0.0,18.0,,21.99,20.0,"Below 200 DMA, Extreme RSI weakness, Limited fundamental data coverage",0.0,Avoid,"Oversold RSI, Normal volume support, 80.0% of closes stayed inside the range | Range width 9.4% | Currently 0.0% through the range"
MEESHO,Consumer Cyclical,Internet Retail,143.34,-10.0,143.34,254.4,0.0,43.66,35.91,164.14,,3213564.65,25114621.0,7.82,Bearish,31.0,"Weak but watchable RSI, Near 52W low with stable RSI, Strong volume expansion",-7.08,,,-6.48,-8.24,-2.86,-0.6,,,0.0,,71.88,,,,,,,,,,-15.63,-13.95,14.44,-19.28,,,,,,,,,125.406,20.2138,,,88721.67,93.15,Consumer Discretionary,0.0,5.0,0.0,0.0,0.0,5.0,0.36,,"Negative net margin, Earnings contraction",0.0,5.0,,19.99,24.0,"Sharp daily fall, Negative net margin, Earnings contraction, Limited fundamental data coverage",0.0,Avoid,"Weak but watchable RSI, Near 52W low with stable RSI, Strong volume expansion"
MEDANTA,Healthcare,Medical Care Facilities,1089.31,-1.84,406.36,1512.82,168.07,27.99,39.68,1138.07,1241.2,124391.05,227449.0,1.83,Bearish,18.0,"Weak but watchable RSI, Volume expansion",-4.64,-6.05,-22.63,-6.48,-8.24,-2.86,1.84,2.19,-19.77,0.0,,83.0,Accumulation Zone,73.59,1111.15,1360.08,22.4,0.0,80.0% of closes stayed inside the range | Range width 22.4% | Currently 0.0% through the range,,,13.93,8.48,1.99,-40.03,,,,,,,,67.6456,41.3212,9.4493,3.0,0.14,37445.97,52.79,Pharma / Healthcare,6.0,0.0,0.0,0.0,5.0,11.0,0.5,,Earnings contraction,0.0,11.0,,28.17,15.0,"Below 200 DMA, Earnings contraction",0.0,Avoid,"Weak but watchable RSI, Volume expansion, 80.0% of closes stayed inside the range | Range width 22.4% | Currently 0.0% through the range"
HUDCO,Financial Services,Credit Services,171.81,-1.22,30.31,333.2,466.92,48.43,28.73,199.24,214.75,4828534.5,4568695.0,0.95,Bearish,4.0,Oversold RSI,-9.38,-17.68,-17.94,-6.48,-8.24,-2.86,-2.9,-9.44,-15.08,0.0,,76.56,Accumulation Zone,70.68,189.44,231.51,22.21,0.0,80.0% of closes stayed inside the range | Range width 22.2% | Currently 0.0% through the range,,,,87.21,-21.27,0.45,,,,,,,,9.2171,8.0304,1.7552,3.06,0.837,38582.62,99.96,Financial Services,6.0,0.0,0.0,0.0,15.0,21.0,0.43,,Revenue contraction,0.0,21.0,,21.99,17.0,"Below 200 DMA, Revenue contraction, Limited fundamental data coverage",0.0,Avoid,"Oversold RSI, 80.0% of closes stayed inside the range | Range width 22.2% | Currently 0.0% through the range"
3MINDIA,Industrials,Conglomerates,32967.55,-2.55,20146.33,39386.18,63.64,16.3,37.84,34769.06,31624.6,5434.9,2281.0,0.42,Bearish,23.0,"Above 200 DMA, Weak but watchable RSI",-4.96,-1.99,9.82,-6.48,-8.24,-2.86,1.52,6.25,12.68,10.0,Positive 6M return,52.3,Neutral Range,68.58,28950.73,35615.7,23.02,60.27,80.0% of closes stayed inside the range | Range width 23.0% | Currently 60.3% through the range,,,17.49,-5.05,2.68,-134.92,,,,,,,,77.736,47.6971,22.8946,44.0,0.273,40481.03,41.86,Capital Goods / Infra,3.0,0.0,0.0,0.0,5.0,8.0,0.5,,"Negative net margin, Earnings contraction",0.0,8.0,,26.17,18.0,"Low volume participation, Negative net margin, Earnings contraction",0.0,Avoid,"Above 200 DMA, Weak but watchable RSI, Positive 6M return, 80.0% of closes stayed inside the range | Range width 23.0% | Currently 60.3% through the range"
ULTRACEMCO,Basic Materials,Building Materials,11150.4,-5.08,5786.89,12847.76,92.68,13.21,26.49,12196.57,11874.99,225155.95,590742.0,2.62,Bearish,19.0,"Oversold RSI, Strong volume expansion",-10.56,-1.4,-9.71,-6.48,-8.24,-2.86,-4.08,6.84,-6.85,0.0,,75.42,Accumulation Zone,75.57,11358.46,12562.68,10.6,0.0,80.0% of closes stayed inside the range | Range width 10.6% | Currently 0.0% through the range,,,12.52,7.9,2.61,-22.49,,,,,,,,41.0332,27.5174,4.5645,2.04,0.505,349797.12,58.4,Cement / Realty,6.0,0.0,0.0,0.0,9.0,15.0,0.5,,Earnings contraction,0.0,15.0,,23.34,20.0,"Below 200 DMA, Sharp daily fall, Earnings contraction",0.0,Avoid,"Oversold RSI, Strong volume expansion, 80.0% of closes stayed inside the range | Range width 10.6% | Currently 0.0% through the range"
JSL,Basic Materials,Steel,709.0,-5.75,115.54,882.91,513.65,19.7,35.29,790.86,748.15,903866.05,1037160.0,1.15,Bearish,13.0,"Weak but watchable RSI, Normal volume support",-9.67,-7.43,-6.06,-6.48,-8.24,-2.86,-3.19,0.81,-3.2,0.0,,75.42,Accumulation Zone,74.59,744.55,809.17,8.68,0.0,80.0% of closes stayed inside the range | Range width 8.7% | Currently 0.0% through the range,,,10.83,7.88,-3.44,2.71,,,,,,,,18.7427,14.2066,13.508,55.0,0.554,60799.26,21.99,Metals / Mining,6.0,0.0,0.0,0.0,11.0,17.0,0.5,,Revenue contraction,0.0,17.0,,23.34,13.0,"Below 200 DMA, Sharp daily fall",0.0,Avoid,"Weak but watchable RSI, Normal volume support, 80.0% of closes stayed inside the range | Range width 8.7% | Currently 0.0% through the range"
IRFC,Financial Services,Credit Services,96.54,-1.91,18.59,221.22,419.21,56.36,23.57,114.66,122.79,18039159.35,16395706.0,0.91,Bearish,4.0,Oversold RSI,-14.81,-12.38,-20.3,-6.48,-8.24,-2.86,-8.33,-4.14,-17.44,0.0,,76.56,Accumulation Zone,72.01,110.21,124.91,13.34,0.0,80.0% of closes stayed inside the range | Range width 13.3% | Currently 0.0% through the range,3.18,0.36,27.09,27.07,-3.53,3.24,738.08,18498.15,,253.21,417941.22,-28434.9,-28437.46,16.0765,12.0904,2.0307,3.3,0.33,115342.64,100.0,Financial Services,12.0,2.0,5.0,0.0,15.0,34.0,0.93,,"Revenue contraction, Very high debt, Negative operating cash flow, Negative free cash flow",1.0,35.0,"High leverage is structural for this sector, Weak ROE for a leveraged-balance-sheet business",21.99,33.0,"Below 200 DMA, Extreme RSI weakness, Very high debt, Negative operating cash flow, Negative free cash flow",0.0,Avoid,"Oversold RSI, 80.0% of closes stayed inside the range | Range width 13.3% | Currently 0.0% through the range"
PRESTIGE,Real Estate,Real Estate - Diversified,1302.96,-2.31,388.74,2067.83,235.17,36.99,26.01,1499.84,1603.51,650606.05,1112021.0,1.71,Bearish,14.0,"Oversold RSI, Volume expansion",-16.15,-18.97,-13.63,-6.48,-8.24,-2.86,-9.67,-10.73,-10.77,0.0,,60.0,Breakdown Risk,35.0,1423.71,1742.53,22.39,0.0,80.0% of closes stayed inside the range | Range width 22.4% | Currently 0.0% through the range | Below lower band on elevated volume,,,16.18,5.75,59.25,-48.27,,,,,,,,60.0718,27.7803,4.2105,13.0,0.445,68516.26,58.8,Cement / Realty,3.0,10.0,0.0,0.0,7.0,20.0,0.5,,Earnings contraction,0.0,20.0,,11.97,15.0,"Below 200 DMA, Earnings contraction",0.0,Avoid,"Oversold RSI, Volume expansion, 80.0% of closes stayed inside the range | Range width 22.4% | Currently 0.0% through the range | Below lower band on elevated volume"
AEGISLOG,Energy,Oil & Gas Refining & Marketing,645.81,-2.24,235.58,1020.67,174.14,36.73,37.68,698.38,742.65,870186.5,200405.0,0.23,Bearish,8.0,Weak but watchable RSI,-6.01,-12.38,-7.06,-6.48,-8.24,-2.86,0.47,-4.14,-4.2,0.0,,93.33,Accumulation Zone,73.32,684.66,798.59,16.64,0.0,80.8% of closes stayed inside the range | Range width 16.6% | Currently 0.0% through the range,,,14.16,10.25,-24.79,-1.56,,,,,,,,36.3676,33.7418,7.3301,1.03,0.55,44383.95,26.48,Energy / Utilities,6.0,0.0,0.0,0.0,6.0,12.0,0.5,,"Revenue contraction, Earnings contraction",0.0,12.0,,34.11,16.0,"Below 200 DMA, Low volume participation, Revenue contraction",0.0,Avoid,"Weak but watchable RSI, 80.8% of closes stayed inside the range | Range width 16.6% | Currently 0.0% through the range"
ATGL,Utilities,Utilities - Regulated Gas,467.74,-3.06,462.64,3994.52,1.1,88.29,23.33,536.82,605.25,357404.8,476128.0,1.33,Bearish,19.0,"Oversold RSI, Near 52W low zone, Volume expansion",-13.91,-18.92,-20.75,-6.48,-8.24,-2.86,-7.43,-10.68,-17.89,0.0,,80.0,Breakdown Risk,35.0,519.65,631.56,21.54,0.0,80.0% of closes stayed inside the range | Range width 21.5% | Currently 0.0% through the range | Below lower band on elevated volume,,,16.1,10.53,9.34,-3.99,,,,,,,,116.2588,,14.9289,4.0,0.606,72625.95,28.25,Energy / Utilities,6.0,5.0,0.0,0.0,2.0,13.0,0.5,,"Earnings contraction, Very high PE",0.0,13.0,,19.86,21.0,"Below 200 DMA, Extreme RSI weakness, Far from 52W high",0.0,Avoid,"Oversold RSI, Near 52W low zone, Volume expansion, 80.0% of closes stayed inside the range | Range width 21.5% | Currently 0.0% through the range | Below lower band on elevated volume"
COFORGE,Technology,Information Technology Services,1163.11,0.48,611.3,1975.81,90.27,41.13,20.3,1515.53,1699.71,4158704.0,2207760.0,0.53,Bearish,9.0,"Oversold RSI, Positive day move",-24.42,-39.97,-29.21,-6.48,-8.24,-2.86,-17.94,-31.73,-26.35,0.0,,58.54,Accumulation Zone,69.54,1355.44,1853.96,36.78,0.0,80.0% of closes stayed inside the range | Range width 36.8% | Currently 0.0% through the range,,,13.36,5.97,13.06,-21.17,,,,,,,,37.3136,25.1184,6.3441,88.0,0.294,79750.75,37.25,IT / Technology,3.0,5.0,0.0,0.0,7.0,15.0,0.5,,Earnings contraction,0.0,15.0,,15.17,23.0,"Below 200 DMA, Extreme RSI weakness, Earnings contraction",0.0,Avoid,"Oversold RSI, Positive day move, 80.0% of closes stayed inside the range | Range width 36.8% | Currently 0.0% through the range"
ADANIGREEN,Utilities,Utilities - Renewable,854.15,-0.5,439.1,2572.0,94.52,66.79,34.37,944.09,995.36,2286497.45,1922632.0,0.84,Bearish,8.0,Weak but watchable RSI,-12.11,-14.05,-8.09,-6.48,-8.24,-2.86,-5.63,-5.81,-5.23,0.0,,80.0,Accumulation Zone,72.02,901.65,1071.4,18.83,0.0,80.0% of closes stayed inside the range | Range width 18.8% | Currently 0.0% through the range,,,55.69,-1.69,-13.85,-105.75,,,,,,,,131.5202,42.438,11.3765,,1.083,219453.29,94.69,Energy / Utilities,6.0,0.0,0.0,0.0,3.0,9.0,0.43,,"Negative net margin, Revenue contraction, Earnings contraction, Very high PE",0.0,9.0,,19.86,32.0,"Below 200 DMA, Far from 52W high, Negative net margin, Earnings contraction, Limited fundamental data coverage",0.0,Avoid,"Weak but watchable RSI, 80.0% of closes stayed inside the range | Range width 18.8% | Currently 0.0% through the range"
DALBHARAT,Basic Materials,Building Materials,1834.82,-3.14,1448.98,2484.34,26.63,26.14,25.12,2093.11,2146.92,193013.75,86055.0,0.45,Bearish,4.0,Oversold RSI,-13.13,-7.7,-23.51,-6.48,-8.24,-2.86,-6.65,0.54,-20.65,0.0,,75.42,Accumulation Zone,72.14,1985.11,2232.73,12.47,0.0,80.0% of closes stayed inside the range | Range width 12.5% | Currently 0.0% through the range,,,7.47,3.48,-3.58,-68.96,,,,,,,,36.8796,25.1706,1.921,54.0,0.184,34568.38,61.49,Cement / Realty,0.0,0.0,0.0,0.0,11.0,11.0,0.5,,"Revenue contraction, Earnings contraction",0.0,11.0,,23.34,18.0,"Below 200 DMA, Low volume participation, Earnings contraction",0.0,Avoid,"Oversold RSI, 80.0% of closes stayed inside the range | Range width 12.5% | Currently 0.0% through the range"
DELHIVERY,Industrials,Integrated Freight & Logistics,415.65,-1.64,236.53,608.7,75.73,31.72,43.76,417.66,425.73,1984065.55,1170908.0,0.59,Bearish,8.0,Weak but watchable RSI,-4.69,4.42,-11.33,-6.48,-8.24,-2.86,1.79,12.66,-8.47,25.0,"Positive 3M return, 3M Nifty outperformance",41.95,Accumulation Zone,69.23,401.59,473.07,17.8,19.67,80.0% of closes stayed inside the range | Range width 17.8% | Currently 19.7% through the range,,,0.79,1.41,22.27,-56.52,,,,,,,,385.4508,42.6924,3.6232,,0.174,35229.57,84.92,Capital Goods / Infra,0.0,8.0,0.0,0.0,5.0,13.0,0.43,,"Earnings contraction, Very high PE",5.0,18.0,Strong order-book-driven revenue growth,26.17,19.0,"Below 200 DMA, Earnings contraction, Limited fundamental data coverage",0.0,Avoid,"Weak but watchable RSI, Positive 3M return, 3M Nifty outperformance, 80.0% of closes stayed inside the range | Range width 17.8% | Currently 19.7% through the range"
PIIND,Basic Materials,Agricultural Inputs,3022.35,-1.51,2827.12,4758.45,6.91,36.48,40.79,3153.9,3587.16,329626.5,399673.0,1.21,Bearish,21.0,"Weak but watchable RSI, Near 52W low with stable RSI, Normal volume support",-2.91,-8.76,-17.08,-6.48,-8.24,-2.86,3.57,-0.52,-14.22,0.0,,75.42,Accumulation Zone,75.06,3095.31,3615.31,16.8,0.0,80.0% of closes stayed inside the range | Range width 16.8% | Currently 0.0% through the range,,,14.93,22.63,-26.52,-23.94,,,,,,,,35.5884,23.3804,3.3541,55.0,,37668.63,57.49,General,9.0,0.0,0.0,0.0,9.0,18.0,0.5,,"Revenue contraction, Earnings contraction",0.0,18.0,,23.34,20.0,"Below 200 DMA, Revenue contraction, Earnings contraction",0.0,Avoid,"Weak but watchable RSI, Near 52W low with stable RSI, Normal volume support, 80.0% of closes stayed inside the range | Range width 16.8% | Currently 0.0% through the range"
BAJFINANCE,Financial Services,Credit Services,932.32,-1.28,536.89,1095.76,73.65,14.92,37.25,966.8,962.67,7338974.35,9182152.0,1.25,Bearish,13.0,"Weak but watchable RSI, Normal volume support",-4.45,-8.61,0.05,-6.48,-8.24,-2.86,2.03,-0.37,2.91,10.0,Positive 6M return,46.35,Accumulation Zone,75.1,940.17,1050.83,11.77,0.0,80.8% of closes stayed inside the range | Range width 11.8% | Currently 0.0% through the range,,,,30.92,4.32,-18.41,,,,,,,,33.5541,21.7163,5.9681,49.0,0.323,680692.29,91.55,Financial Services,6.0,2.0,0.0,0.0,11.0,19.0,0.43,,Earnings contraction,-4.0,15.0,Expensive relative to book value for this sector,21.99,19.0,"Below 200 DMA, Earnings contraction, Limited fundamental data coverage",0.0,Avoid,"Weak but watchable RSI, Normal volume support, Positive 6M return, 80.8% of closes stayed inside the range | Range width 11.8% | Currently 0.0% through the range"
AIIL,Financial Services,Capital Markets,405.3,-6.21,146.31,683.0,177.01,40.66,21.17,541.06,558.44,349554.15,344475.0,0.99,Bearish,4.0,Oversold RSI,-19.77,-21.73,-34.4,-6.48,-8.24,-2.86,-13.29,-13.49,-31.54,0.0,,76.56,Accumulation Zone,69.73,499.11,641.55,28.54,0.0,80.0% of closes stayed inside the range | Range width 28.5% | Currently 0.0% through the range,,,58.31,33.68,-20.97,-79.01,,,,,,,,28.9713,,2.9231,4.0,-0.018,47115.03,97.86,Financial Services,12.0,0.0,0.0,0.0,10.0,22.0,0.5,,"Revenue contraction, Earnings contraction",0.0,22.0,,21.99,33.0,"Below 200 DMA, Extreme RSI weakness, Sharp daily fall, Revenue contraction, Earnings contraction",0.0,Avoid,"Oversold RSI, 80.0% of closes stayed inside the range | Range width 28.5% | Currently 0.0% through the range"
STARHEALTH,Financial Services,Insurance - Life,447.3,-2.52,327.3,780.0,36.66,42.65,40.93,455.67,457.32,440500.7,391065.0,0.89,Bearish,8.0,Weak but watchable RSI,-2.5,-3.12,1.26,-6.48,-8.24,-2.86,3.98,5.12,4.12,10.0,Positive 6M return,46.35,Accumulation Zone,72.3,444.44,494.69,11.31,5.68,80.0% of closes stayed inside the range | Range width 11.3% | Currently 5.7% through the range,1.33,0.58,,2.81,-2.68,-70.74,4.98,,,633.15,479.77,,,51.433,20.1468,3.3841,,0.197,34318.63,21.95,Financial Services,0.0,0.0,12.0,0.0,7.0,19.0,0.57,Cash covers debt,"Revenue contraction, Earnings contraction",-5.0,14.0,Weak ROE for a leveraged-balance-sheet business,21.99,15.0,"Below 200 DMA, Earnings contraction",0.0,Avoid,"Weak but watchable RSI, Cash covers debt, Positive 6M return, 80.0% of closes stayed inside the range | Range width 11.3% | Currently 5.7% through the range"
SUZLON,Industrials,Specialty Industrial Machinery,39.62,-0.93,6.6,86.04,500.3,53.95,21.18,47.34,56.53,58440089.65,71721599.0,1.23,Bearish,9.0,"Oversold RSI, Normal volume support",-17.53,-23.48,-31.54,-6.48,-8.24,-2.86,-11.05,-15.24,-28.68,0.0,,79.31,Accumulation Zone,70.86,45.5,58.22,27.95,0.0,80.0% of closes stayed inside the range | Range width 27.9% | Currently 0.0% through the range,,,15.64,10.53,35.63,37.3,,,,,,,,20.7675,22.3752,6.6568,,0.657,65086.27,34.49,Capital Goods / Infra,6.0,20.0,0.0,0.0,4.0,30.0,0.43,,,5.0,35.0,Strong order-book-driven revenue growth,26.17,20.0,"Below 200 DMA, Extreme RSI weakness, Limited fundamental data coverage",0.0,Avoid,"Oversold RSI, Normal volume support, 80.0% of closes stayed inside the range | Range width 27.9% | Currently 0.0% through the range"
SWIGGY,Consumer Cyclical,Internet Retail,301.25,-0.08,280.3,617.3,7.47,51.2,37.88,335.49,384.29,9806696.8,4796413.0,0.49,Bearish,16.0,"Weak but watchable RSI, Near 52W low with stable RSI",-5.86,-21.94,-31.39,-6.48,-8.24,-2.86,0.62,-13.7,-28.53,0.0,,71.88,Accumulation Zone,70.74,313.82,434.87,38.57,0.0,80.0% of closes stayed inside the range | Range width 38.6% | Currently 0.0% through the range,,,-17.81,-17.32,23.93,11.03,,,,,,,,,-53.2182,3.9751,,,73189.75,44.37,Consumer Discretionary,0.0,13.0,0.0,0.0,2.0,15.0,0.36,,Negative net margin,0.0,15.0,,19.99,23.0,"Below 200 DMA, Low volume participation, Negative net margin, Limited fundamental data coverage",0.0,Avoid,"Weak but watchable RSI, Near 52W low with stable RSI, 80.0% of closes stayed inside the range | Range width 38.6% | Currently 0.0% through the range"
BDL,Industrials,Aerospace & Defense,1335.5,-1.56,383.25,2088.32,248.47,36.05,52.86,1388.27,1564.93,1522312.8,2077090.0,1.36,Bearish,30.0,"Healthy RSI momentum, Volume expansion",5.67,-5.82,-7.11,-6.48,-8.24,-2.86,12.15,2.42,-4.25,18.0,"Positive 1M return, 1M Nifty outperformance",45.4,Accumulation Zone,72.9,1274.48,1553.75,21.91,21.85,80.0% of closes stayed inside the range | Range width 21.9% | Currently 21.8% through the range,,,1.22,13.29,-52.18,-66.22,,,,,,,,113.6556,43.4794,11.5734,39.0,0.326,49119.37,49.94,Capital Goods / Infra,5.0,0.0,0.0,0.0,5.0,10.0,0.5,,"Revenue contraction, Earnings contraction, Very high PE",0.0,10.0,,26.17,20.0,"Below 200 DMA, Revenue contraction, Earnings contraction",0.0,Avoid,"Healthy RSI momentum, Volume expansion, Positive 1M return, 1M Nifty outperformance, 80.0% of closes stayed inside the range | Range width 21.9% | Currently 21.8% through the range"
SHREECEM,Basic Materials,Building Materials,23528.84,-5.17,19811.99,32314.19,18.76,27.19,21.57,26672.27,28452.08,28945.7,37789.0,1.31,Bearish,19.0,"Oversold RSI, Near 52W low zone, Volume expansion",-13.68,-9.74,-21.25,-6.48,-8.24,-2.86,-7.2,-1.5,-18.39,0.0,,75.42,Breakdown Risk,35.0,26007.4,29418.95,13.12,0.0,80.8% of closes stayed inside the range | Range width 13.1% | Currently 0.0% through the range | Below lower band on elevated volume,,,4.95,5.56,-9.1,-58.5,,,,,,,,56.6297,37.086,10.0126,55.0,,92258.47,73.54,Cement / Realty,0.0,0.0,0.0,0.0,7.0,7.0,0.5,,"Revenue contraction, Earnings contraction",0.0,7.0,,23.34,28.0,"Below 200 DMA, Extreme RSI weakness, Sharp daily fall, Earnings contraction",0.0,Avoid,"Oversold RSI, Near 52W low zone, Volume expansion, 80.8% of closes stayed inside the range | Range width 13.1% | Currently 0.0% through the range | Below lower band on elevated volume"
AMBUJACEM,Basic Materials,Building Materials,449.72,-3.17,309.86,700.9,45.14,35.84,21.76,526.95,555.89,1790501.6,4222293.0,2.36,Bearish,19.0,"Oversold RSI, Strong volume expansion",-14.64,-14.56,-20.25,-6.48,-8.24,-2.86,-8.16,-6.32,-17.39,0.0,,75.42,Breakdown Risk,35.0,511.73,568.49,11.09,0.0,80.0% of closes stayed inside the range | Range width 11.1% | Currently 0.0% through the range | Below lower band on elevated volume,,,3.87,2.0,-0.62,-76.56,,,,,,,,23.7585,28.9663,1.7535,47.0,0.221,104610.8,56.82,Cement / Realty,0.0,0.0,0.0,0.0,10.0,10.0,0.5,,"Revenue contraction, Earnings contraction",0.0,10.0,,23.34,23.0,"Below 200 DMA, Extreme RSI weakness, Earnings contraction",0.0,Avoid,"Oversold RSI, Strong volume expansion, 80.0% of closes stayed inside the range | Range width 11.1% | Currently 0.0% through the range | Below lower band on elevated volume"
TECHM,Technology,Information Technology Services,1302.45,0.35,859.95,1807.04,51.46,27.92,22.91,1530.83,1487.41,2418654.6,1032250.0,0.43,Bearish,9.0,"Oversold RSI, Positive day move",-17.51,-16.05,-8.63,-6.48,-8.24,-2.86,-11.03,-7.81,-5.77,0.0,,58.54,Accumulation Zone,72.29,1357.2,1607.31,18.43,0.0,80.0% of closes stayed inside the range | Range width 18.4% | Currently 0.0% through the range,,,13.14,7.8,7.8,-1.63,,,,,,,,28.4091,18.707,4.8593,3.1,0.162,143950.49,35.76,IT / Technology,6.0,2.0,0.0,0.0,11.0,19.0,0.5,,Earnings contraction,0.0,19.0,,15.17,19.0,"Below 200 DMA, Extreme RSI weakness, Low volume participation",0.0,Avoid,"Oversold RSI, Positive day move, 80.0% of closes stayed inside the range | Range width 18.4% | Currently 0.0% through the range"
BAJAJHFL,Financial Services,Mortgage Finance,82.9,-1.47,81.51,188.5,1.71,56.02,22.48,90.63,107.14,4326696.3,5697332.0,1.32,Bearish,19.0,"Oversold RSI, Near 52W low zone, Volume expansion",-9.18,-11.48,-26.12,-6.48,-8.24,-2.86,-2.7,-3.24,-23.26,0.0,,76.56,Breakdown Risk,35.0,88.18,111.28,26.2,0.0,80.0% of closes stayed inside the range | Range width 26.2% | Currently 0.0% through the range | Below lower band on elevated volume,,,32.14,23.21,11.51,13.99,,,,,,,,26.405,19.4619,3.1343,,,70593.74,99.29,Financial Services,12.0,10.0,0.0,0.0,9.0,31.0,0.43,,,0.0,31.0,,21.99,20.0,"Below 200 DMA, Extreme RSI weakness, Limited fundamental data coverage",0.0,Avoid,"Oversold RSI, Near 52W low zone, Volume expansion, 80.0% of closes stayed inside the range | Range width 26.2% | Currently 0.0% through the range | Below lower band on elevated volume"
TATAINVEST,Financial Services,Asset Management,619.9,-2.88,143.54,1178.62,331.86,47.4,42.62,651.97,710.22,2683044.2,441271.0,0.16,Bearish,8.0,Weak but watchable RSI,0.06,-13.03,-7.8,-6.48,-8.24,-2.86,6.54,-4.79,-4.94,18.0,"Positive 1M return, 1M Nifty outperformance",38.54,Accumulation Zone,68.64,626.47,885.73,41.38,0.0,80.0% of closes stayed inside the range | Range width 41.4% | Currently 0.0% through the range,,,,81.94,-48.87,-48.47,,,,,,,,79.7014,,1.1785,49.0,0.314,34437.69,99.99,Financial Services,6.0,0.0,0.0,0.0,6.0,12.0,0.43,,"Revenue contraction, Earnings contraction",0.0,12.0,,21.99,27.0,"Below 200 DMA, Low volume participation, Revenue contraction, Earnings contraction, Limited fundamental data coverage",0.0,Avoid,"Weak but watchable RSI, Positive 1M return, 1M Nifty outperformance, 80.0% of closes stayed inside the range | Range width 41.4% | Currently 0.0% through the range"
TATATECH,Technology,Information Technology Services,557.54,-1.8,550.35,1344.53,1.31,58.53,31.09,619.02,669.76,932747.45,941151.0,1.01,Bearish,21.0,"Weak but watchable RSI, Near 52W low with stable RSI, Normal volume support",-8.35,-13.02,-15.77,-6.48,-8.24,-2.86,-1.87,-4.78,-12.91,0.0,,58.54,Accumulation Zone,75.09,592.31,690.65,16.6,0.0,80.0% of closes stayed inside the range | Range width 16.6% | Currently 0.0% through the range,,,11.48,0.49,9.76,-96.1,,,,,,,,62.8902,35.9162,8.7138,97.0,0.833,34193.62,24.55,IT / Technology,3.0,5.0,0.0,0.0,5.0,13.0,0.5,,Earnings contraction,0.0,13.0,,15.17,15.0,"Below 200 DMA, Earnings contraction",0.0,Avoid,"Weak but watchable RSI, Near 52W low with stable RSI, Normal volume support, 80.0% of closes stayed inside the range | Range width 16.6% | Currently 0.0% through the range"
ASIANPAINT,Basic Materials,Specialty Chemicals,2201.7,-2.58,2083.96,3454.02,5.65,36.26,22.6,2536.04,2495.69,1183426.2,2198153.0,1.86,Bearish,19.0,"Oversold RSI, Near 52W low zone, Volume expansion",-7.51,-24.16,-13.78,-6.48,-8.24,-2.86,-1.03,-15.92,-10.92,0.0,,75.42,Breakdown Risk,35.0,2319.01,2854.35,23.08,0.0,80.0% of closes stayed inside the range | Range width 23.1% | Currently 0.0% through the range | Below lower band on elevated volume,,,16.59,11.98,3.95,6.67,,,,,,,,55.0311,45.2244,12.2976,1.01,0.289,262668.52,43.53,Chemicals,6.0,4.0,0.0,0.0,6.0,16.0,0.5,,,0.0,16.0,,23.34,16.0,"Below 200 DMA, Extreme RSI weakness",0.0,Avoid,"Oversold RSI, Near 52W low zone, Volume expansion, 80.0% of closes stayed inside the range | Range width 23.1% | Currently 0.0% through the range | Below lower band on elevated volume"
ANTELOPUS,Energy,Oil & Gas E&P,637.45,7.44,216.5,1078.25,194.43,40.88,63.63,506.04,545.71,454620.6,1374707.0,3.02,Bullish,75.0,"Above 50 DMA, Above 200 DMA, Healthy RSI momentum, Strong volume expansion, Strong positive day move",16.16,71.77,12.93,-6.48,-8.24,-2.86,22.64,80.01,15.79,95.0,"Strong 1M absolute return, Strong 3M absolute return, Positive 6M return, 1M Nifty outperformance, 3M Nifty outperformance, 6M Nifty outperformance, Positive across 1M/3M/6M",15.0,Breakout Watch,81.67,392.91,582.62,48.28,100.0,80.0% of closes stayed inside the range | Range width 48.3% | Currently 100.0% through the range | Above upper band on elevated volume,,,51.23,40.08,28.99,141.32,,,,,,,,20.9947,,4.2235,,,2768.33,82.16,Energy / Utilities,12.0,20.0,0.0,0.0,6.0,38.0,0.43,,,0.0,38.0,,37.46,4.0,Limited fundamental data coverage,57.42,Watchlist,"Above 50 DMA, Above 200 DMA, Healthy RSI momentum, Strong volume expansion, Strong positive day move, Strong 1M absolute return, Strong 3M absolute return, Positive 6M return, 1M Nifty outperformance, 3M Nifty outperformance, 6M Nifty outperformance, Positive across 1M/3M/6M, 80.0% of closes stayed inside the range | Range width 48.3% | Currently 100.0% through the range | Above upper band on elevated volume"
CIEINDIA,Consumer Cyclical,Auto Parts,440.71,-3.64,239.43,603.45,84.07,26.97,46.74,426.82,419.39,702238.2,217434.0,0.31,Bullish,42.0,"Above 50 DMA, Above 200 DMA, RSI recovering",4.82,7.76,13.81,-6.48,-8.24,-2.86,11.3,16.0,16.67,78.0,"Positive 1M return, Positive 3M return, Positive 6M return, 1M Nifty outperformance, 3M Nifty outperformance, 6M Nifty outperformance, Positive across 1M/3M/6M",5.29,Profit Booking Zone,77.0,394.48,451.41,14.43,81.22,80.0% of closes stayed inside the range | Range width 14.4% | Currently 81.2% through the range,11.1,7.7,11.39,9.08,285.07,306.9,5.71,1.5,1.05,227.55,425.88,1257.98,880.57,16.5023,13.6825,1.9106,1.8,,14793.24,53.4,Automobile,10.0,20.0,15.0,17.0,14.0,76.0,1.0,,,2.0,78.0,General low-debt support,16.03,3.0,Low volume participation,56.7,Watchlist,"Above 50 DMA, Above 200 DMA, RSI recovering, Positive 1M return, Positive 3M return, Positive 6M return, 1M Nifty outperformance, 3M Nifty outperformance, 6M Nifty outperformance, Positive across 1M/3M/6M, 80.0% of closes stayed inside the range | Range width 14.4% | Currently 81.2% through the range"
ACUTAAS,Basic Materials,Specialty Chemicals,2154.6,-4.27,421.4,2297.3,411.3,6.21,57.71,1905.54,1539.07,364894.0,308050.0,0.84,Bullish,60.0,"Above 50 DMA, Above 200 DMA, Healthy RSI momentum, Near 52W high momentum",8.44,30.5,46.26,-6.48,-8.24,-2.86,14.92,38.74,49.12,98.0,"Positive 1M return, Strong 3M absolute return, Strong 6M absolute return, 1M Nifty outperformance, 3M Nifty outperformance, 6M Nifty outperformance, Positive across 1M/3M/6M",2.31,Profit Booking Zone,79.12,1457.22,2102.61,44.29,100.0,80.0% of closes stayed inside the range | Range width 44.3% | Currently 100.0% through the range,,,35.82,27.46,89.73,143.74,,,,,,,,92.9895,45.6023,16.2516,5.0,0.026,26866.83,58.42,Chemicals,12.0,20.0,0.0,0.0,5.0,37.0,0.5,,Very high PE,0.0,37.0,,16.34,0.0,,54.9,Neutral,"Above 50 DMA, Above 200 DMA, Healthy RSI momentum, Near 52W high momentum, Positive 1M return, Strong 3M absolute return, Strong 6M absolute return, 1M Nifty outperformance, 3M Nifty outperformance, 6M Nifty outperformance, Positive across 1M/3M/6M, 80.0% of closes stayed inside the range | Range width 44.3% | Currently 100.0% through the range"
AGIIL,Real Estate,Real Estate - Development,306.5,2.18,65.66,317.2,366.77,3.37,64.93,270.7,241.17,2421060.95,1711859.0,0.71,Bullish,70.0,"Above 50 DMA, Above 200 DMA, Healthy RSI momentum, Near 52W high momentum, Strong positive day move",24.14,13.25,30.16,-6.48,-8.24,-2.86,30.62,21.49,33.02,95.0,"Strong 1M absolute return, Positive 3M return, Strong 6M absolute return, 1M Nifty outperformance, 3M Nifty outperformance, 6M Nifty outperformance, Positive across 1M/3M/6M",5.88,Profit Booking Zone,85.05,243.5,289.3,18.81,100.0,80.0% of closes stayed inside the range | Range width 18.8% | Currently 100.0% through the range,,,37.52,29.83,2.58,18.4,,,,,,,,34.7059,,7.7943,3.0,0.139,3613.67,54.3,Cement / Realty,12.0,8.0,0.0,0.0,6.0,26.0,0.5,,,0.0,26.0,,16.2,0.0,,52.78,Neutral,"Above 50 DMA, Above 200 DMA, Healthy RSI momentum, Near 52W high momentum, Strong positive day move, Strong 1M absolute return, Positive 3M return, Strong 6M absolute return, 1M Nifty outperformance, 3M Nifty outperformance, 6M Nifty outperformance, Positive across 1M/3M/6M, 80.0% of closes stayed inside the range | Range width 18.8% | Currently 100.0% through the range"
AAKASH,Energy,Oil & Gas Equipment & Services,11.28,15.22,5.7,17.15,97.89,34.23,66.51,8.45,9.31,1193695.2,7796049.0,6.53,Bullish,75.0,"Above 50 DMA, Above 200 DMA, Healthy RSI momentum, Strong volume expansion, Strong positive day move",44.62,27.46,10.26,-6.48,-8.24,-2.86,51.1,35.7,13.12,80.0,"Strong 1M absolute return, Strong 3M absolute return, Positive 6M return, 1M Nifty outperformance, 3M Nifty outperformance, Positive across 1M/3M/6M",30.0,Breakout Watch,87.2,7.88,9.8,24.39,100.0,81.7% of closes stayed inside the range | Range width 24.4% | Currently 100.0% through the range | Above upper band on elevated volume,,,4.19,2.58,25.57,189.98,,,,,,,,24.9429,,1.3522,,-0.112,88.39,83.1,Energy / Utilities,0.0,20.0,0.0,0.0,8.0,28.0,0.43,,,0.0,28.0,,37.46,4.0,Limited fundamental data coverage,50.17,Neutral,"Above 50 DMA, Above 200 DMA, Healthy RSI momentum, Strong volume expansion, Strong positive day move, Strong 1M absolute return, Strong 3M absolute return, Positive 6M return, 1M Nifty outperformance, 3M Nifty outperformance, Positive across 1M/3M/6M, 81.7% of closes stayed inside the range | Range width 24.4% | Currently 100.0% through the range | Above upper band on elevated volume"
ARFIN,Basic Materials,Aluminum,78.43,1.91,31.37,84.01,150.01,6.64,62.76,74.98,,813179.9,1135433.0,1.4,Bullish,60.0,"Above 50 DMA, Healthy RSI momentum, Near 52W high momentum, Volume expansion, Positive day move",0.94,29.06,107.17,-6.48,-8.24,-2.86,7.42,37.3,110.03,98.0,"Positive 1M return, Strong 3M absolute return, Strong 6M absolute return, 1M Nifty outperformance, 3M Nifty outperformance, 6M Nifty outperformance, Positive across 1M/3M/6M",2.31,Profit Booking Zone,76.32,47.39,77.23,62.96,100.0,80.0% of closes stayed inside the range | Range width 63.0% | Currently 100.0% through the range,,,6.78,2.71,46.91,107.42,,,,,,,,77.9727,,8.5899,26.0,0.473,1447.13,14.07,Metals / Mining,0.0,20.0,0.0,0.0,2.0,22.0,0.5,,,0.0,22.0,,16.34,0.0,,49.65,Neutral,"Above 50 DMA, Healthy RSI momentum, Near 52W high momentum, Volume expansion, Positive day move, Positive 1M return, Strong 3M absolute return, Strong 6M absolute return, 1M Nifty outperformance, 3M Nifty outperformance, 6M Nifty outperformance, Positive across 1M/3M/6M, 80.0% of closes stayed inside the range | Range width 63.0% | Currently 100.0% through the range"
BAJAJCON,Consumer Defensive,Household & Personal Products,371.05,-0.2,140.27,408.7,164.53,9.21,53.32,329.6,259.44,795552.85,468185.0,0.59,Bullish,60.0,"Above 50 DMA, Above 200 DMA, Healthy RSI momentum, Near 52W high momentum",3.16,43.9,64.78,-6.48,-8.24,-2.86,9.64,52.14,67.64,98.0,"Positive 1M return, Strong 3M absolute return, Strong 6M absolute return, 1M Nifty outperformance, 3M Nifty outperformance, 6M Nifty outperformance, Positive across 1M/3M/6M",5.41,Profit Booking Zone,77.43,246.54,375.33,52.24,96.68,80.0% of closes stayed inside the range | Range width 52.2% | Currently 96.7% through the range,,,16.84,15.15,17.09,9.66,,,,,,,,28.3353,21.0888,8.4669,,0.939,6236.37,61.47,FMCG / Consumer,8.0,13.0,0.0,0.0,7.0,28.0,0.43,,,0.0,28.0,,23.54,4.0,Limited fundamental data coverage,48.83,Neutral,"Above 50 DMA, Above 200 DMA, Healthy RSI momentum, Near 52W high momentum, Positive 1M return, Strong 3M absolute return, Strong 6M absolute return, 1M Nifty outperformance, 3M Nifty outperformance, 6M Nifty outperformance, Positive across 1M/3M/6M, 80.0% of closes stayed inside the range | Range width 52.2% | Currently 96.7% through the range"
DOLPHIN,Energy,Oil & Gas Equipment & Services,478.65,7.73,10.9,948.7,4291.28,49.55,62.26,433.95,410.02,913633.75,789472.0,0.86,Bullish,60.0,"Above 50 DMA, Above 200 DMA, Healthy RSI momentum, Strong positive day move",12.11,39.73,13.32,-6.48,-8.24,-2.86,18.59,47.97,16.18,95.0,"Strong 1M absolute return, Strong 3M absolute return, Positive 6M return, 1M Nifty outperformance, 3M Nifty outperformance, 6M Nifty outperformance, Positive across 1M/3M/6M",15.0,Profit Booking Zone,82.02,360.03,450.03,25.0,100.0,80.0% of closes stayed inside the range | Range width 25.0% | Currently 100.0% through the range,,,59.57,44.23,21.85,-14.98,,,,,,,,33.9739,,6.9344,,-0.005,2450.48,76.69,Energy / Utilities,12.0,8.0,0.0,0.0,4.0,24.0,0.43,,Earnings contraction,0.0,24.0,,37.46,4.0,Limited fundamental data coverage,48.77,Neutral,"Above 50 DMA, Above 200 DMA, Healthy RSI momentum, Strong positive day move, Strong 1M absolute return, Strong 3M absolute return, Positive 6M return, 1M Nifty outperformance, 3M Nifty outperformance, 6M Nifty outperformance, Positive across 1M/3M/6M, 80.0% of closes stayed inside the range | Range width 25.0% | Currently 100.0% through the range"
BORANA,Consumer Cyclical,Textile Manufacturing,397.9,1.9,211.0,420.0,88.58,5.26,59.07,349.77,,42349.45,60957.0,1.44,Bullish,60.0,"Above 50 DMA, Healthy RSI momentum, Near 52W high momentum, Volume expansion, Positive day move",6.19,46.83,87.12,-6.48,-8.24,-2.86,12.67,55.07,89.98,98.0,"Positive 1M return, Strong 3M absolute return, Strong 6M absolute return, 1M Nifty outperformance, 3M Nifty outperformance, 6M Nifty outperformance, Positive across 1M/3M/6M",1.18,Breakout Watch,74.72,220.53,382.94,73.64,100.0,80.0% of closes stayed inside the range | Range width 73.6% | Currently 100.0% through the range | Above upper band on elevated volume,,,19.58,16.65,16.61,11.38,,,,,,,,12.2259,,3.0106,,,846.65,42.6,Consumer Discretionary,10.0,13.0,0.0,0.0,8.0,31.0,0.43,,,0.0,31.0,,16.03,4.0,Limited fundamental data coverage,48.75,Neutral,"Above 50 DMA, Healthy RSI momentum, Near 52W high momentum, Volume expansion, Positive day move, Positive 1M return, Strong 3M absolute return, Strong 6M absolute return, 1M Nifty outperformance, 3M Nifty outperformance, 6M Nifty outperformance, Positive across 1M/3M/6M, 80.0% of closes stayed inside the range | Range width 73.6% | Currently 100.0% through the range | Above upper band on elevated volume"
AEROFLEX,Industrials,Metal Fabrication,215.49,-2.07,114.54,271.35,88.13,20.59,54.5,194.8,186.28,3252267.75,1439317.0,0.44,Bullish,50.0,"Above 50 DMA, Above 200 DMA, Healthy RSI momentum",16.18,27.82,20.96,-6.48,-8.24,-2.86,22.66,36.06,23.82,95.0,"Strong 1M absolute return, Strong 3M absolute return, Positive 6M return, 1M Nifty outperformance, 3M Nifty outperformance, 6M Nifty outperformance, Positive across 1M/3M/6M",2.56,Profit Booking Zone,79.61,170.6,215.74,26.46,99.44,80.0% of closes stayed inside the range | Range width 26.5% | Currently 99.4% through the range,,,18.27,13.64,43.35,130.11,,,,,,,,100.9497,54.7576,16.0385,8.0,0.818,7173.65,43.49,Metals / Mining,10.0,20.0,0.0,0.0,5.0,35.0,0.5,,Very high PE,0.0,35.0,,18.04,3.0,Low volume participation,48.21,Neutral,"Above 50 DMA, Above 200 DMA, Healthy RSI momentum, Strong 1M absolute return, Strong 3M absolute return, Positive 6M return, 1M Nifty outperformance, 3M Nifty outperformance, 6M Nifty outperformance, Positive across 1M/3M/6M, 80.0% of closes stayed inside the range | Range width 26.5% | Currently 99.4% through the range"
CCL,Consumer Defensive,Packaged Foods,1031.4,1.54,459.5,1073.9,124.46,3.96,56.43,976.28,913.61,387482.8,258508.0,0.67,Bullish,65.0,"Above 50 DMA, Above 200 DMA, Healthy RSI momentum, Near 52W high momentum, Positive day move",4.41,9.83,12.66,-6.48,-8.24,-2.86,10.89,18.07,15.52,78.0,"Positive 1M return, Positive 3M return, Positive 6M return, 1M Nifty outperformance, 3M Nifty outperformance, 6M Nifty outperformance, Positive across 1M/3M/6M",10.81,Profit Booking Zone,83.49,843.2,1030.03,22.16,100.0,80.0% of closes stayed inside the range | Range width 22.2% | Currently 100.0% through the range,,,13.89,9.54,-0.48,38.4,,,,,,,,34.5995,23.6669,6.3795,51.0,0.047,14974.89,35.57,FMCG / Consumer,6.0,10.0,0.0,0.0,9.0,25.0,0.5,,Revenue contraction,0.0,25.0,,23.54,0.0,,48.03,Neutral,"Above 50 DMA, Above 200 DMA, Healthy RSI momentum, Near 52W high momentum, Positive day move, Positive 1M return, Positive 3M return, Positive 6M return, 1M Nifty outperformance, 3M Nifty outperformance, 6M Nifty outperformance, Positive across 1M/3M/6M, 80.0% of closes stayed inside the range | Range width 22.2% | Currently 100.0% through the range"
DATAPATTNS,Industrials,Aerospace & Defense,3485.6,0.06,986.98,3628.74,253.16,3.94,75.84,2744.77,2755.25,1143489.85,2086215.0,1.82,Bullish,62.0,"Above 50 DMA, Above 200 DMA, Strong but overbought RSI, Near 52W high momentum, Volume expansion, Positive day move",28.25,35.01,41.04,-6.48,-8.24,-2.86,34.73,43.25,43.9,100.0,"Strong 1M absolute return, Strong 3M absolute return, Strong 6M absolute return, 1M Nifty outperformance, 3M Nifty outperformance, 6M Nifty outperformance, Positive across 1M/3M/6M",1.28,Breakout Watch,83.11,2543.24,3065.45,20.53,100.0,80.0% of closes stayed inside the range | Range width 20.5% | Currently 100.0% through the range | Above upper band on elevated volume,,,43.13,33.67,-43.69,18.52,,,,,,,,96.2097,57.128,14.9147,22.0,0.538,25891.46,62.25,Capital Goods / Infra,12.0,8.0,0.0,0.0,5.0,25.0,0.5,,"Revenue contraction, Very high PE",0.0,25.0,,18.04,5.0,Revenue contraction,46.96,Neutral,"Above 50 DMA, Above 200 DMA, Strong but overbought RSI, Near 52W high momentum, Volume expansion, Positive day move, Strong 1M absolute return, Strong 3M absolute return, Strong 6M absolute return, 1M Nifty outperformance, 3M Nifty outperformance, 6M Nifty outperformance, Positive across 1M/3M/6M, 80.0% of closes stayed inside the range | Range width 20.5% | Currently 100.0% through the range | Above upper band on elevated volume"
DIVGIITTS,Consumer Cyclical,Auto Parts,730.05,1.25,408.51,1141.19,78.71,36.03,56.78,648.76,629.15,77335.45,41623.0,0.54,Bullish,55.0,"Above 50 DMA, Above 200 DMA, Healthy RSI momentum, Positive day move",18.73,21.52,8.29,-6.48,-8.24,-2.86,25.21,29.76,11.15,80.0,"Strong 1M absolute return, Strong 3M absolute return, Positive 6M return, 1M Nifty outperformance, 3M Nifty outperformance, Positive across 1M/3M/6M",3.53,Profit Booking Zone,81.47,590.25,718.08,21.66,100.0,80.0% of closes stayed inside the range | Range width 21.7% | Currently 100.0% through the range,,,11.2,12.98,9.22,9.47,,,,,,,,56.8254,35.3961,5.6579,28.0,0.406,3593.95,61.4,Automobile,8.0,10.0,0.0,0.0,9.0,27.0,0.5,,,0.0,27.0,,16.03,0.0,,45.6,Neutral,"Above 50 DMA, Above 200 DMA, Healthy RSI momentum, Positive day move, Strong 1M absolute return, Strong 3M absolute return, Positive 6M return, 1M Nifty outperformance, 3M Nifty outperformance, Positive across 1M/3M/6M, 80.0% of closes stayed inside the range | Range width 21.7% | Currently 100.0% through the range"
CHENNPETRO,Energy,Oil & Gas Refining & Marketing,890.74,-7.0,157.18,1149.0,466.71,22.48,53.25,829.81,758.85,1844649.45,2785543.0,1.51,Bullish,60.0,"Above 50 DMA, Above 200 DMA, Healthy RSI momentum, Volume expansion",3.46,0.81,33.39,-6.48,-8.24,-2.86,9.94,9.05,36.25,73.0,"Positive 1M return, Positive 3M return, Strong 6M absolute return, 1M Nifty outperformance, 6M Nifty outperformance, Positive across 1M/3M/6M",40.0,Neutral Range,77.0,719.66,951.61,32.23,73.76,80.0% of closes stayed inside the range | Range width 32.2% | Currently 73.8% through the range,,,8.42,6.39,5.88,2597.73,,,,,,,,4.7837,3.3444,1.7977,4.58,0.038,19970.51,11.65,Energy / Utilities,3.0,12.0,0.0,0.0,15.0,30.0,0.5,,,0.0,30.0,,37.46,5.0,Sharp daily fall,44.37,Weak,"Above 50 DMA, Above 200 DMA, Healthy RSI momentum, Volume expansion, Positive 1M return, Positive 3M return, Strong 6M absolute return, 1M Nifty outperformance, 6M Nifty outperformance, Positive across 1M/3M/6M, 80.0% of closes stayed inside the range | Range width 32.2% | Currently 73.8% through the range"
DEEDEV,Industrials,Metal Fabrication,299.8,6.99,167.0,400.0,79.52,25.05,69.23,222.23,257.1,12269307.65,7928475.0,0.65,Bullish,60.0,"Above 50 DMA, Above 200 DMA, Healthy RSI momentum, Strong positive day move",40.93,43.17,9.94,-6.48,-8.24,-2.86,47.41,51.41,12.8,80.0,"Strong 1M absolute return, Strong 3M absolute return, Positive 6M return, 1M Nifty outperformance, 3M Nifty outperformance, Positive across 1M/3M/6M",3.85,Profit Booking Zone,79.94,202.49,281.09,38.82,100.0,80.0% of closes stayed inside the range | Range width 38.8% | Currently 100.0% through the range,,,11.83,6.38,6.17,2.36,,,,,,,,52.3898,27.3041,4.7668,16.0,1.743,4560.64,48.62,Metals / Mining,6.0,2.0,0.0,0.0,9.0,17.0,0.5,,,0.0,17.0,,18.04,0.0,,43.66,Weak,"Above 50 DMA, Above 200 DMA, Healthy RSI momentum, Strong positive day move, Strong 1M absolute return, Strong 3M absolute return, Positive 6M return, 1M Nifty outperformance, 3M Nifty outperformance, Positive across 1M/3M/6M, 80.0% of closes stayed inside the range | Range width 38.8% | Currently 100.0% through the range"
AFIL,Financial Services,Credit Services,7.89,4.92,3.92,13.4,101.28,41.12,82.74,5.89,7.16,3578936.6,2057838.0,0.57,Bullish,47.0,"Above 50 DMA, Above 200 DMA, Strong but overbought RSI, Strong positive day move",45.57,14.85,14.35,-6.48,-8.24,-2.86,52.05,23.09,17.21,85.0,"Strong 1M absolute return, Positive 3M return, Positive 6M return, 1M Nifty outperformance, 3M Nifty outperformance, 6M Nifty outperformance, Positive across 1M/3M/6M",2.08,Profit Booking Zone,70.41,5.01,8.43,68.35,84.2,80.0% of closes stayed inside the range | Range width 68.4% | Currently 84.2% through the range,,,38.68,27.88,9.08,3.46,,,,,,,,9.3069,,0.9463,,0.84,401.14,100.0,Financial Services,12.0,7.0,0.0,0.0,10.0,29.0,0.43,,,0.0,29.0,,18.28,4.0,Limited fundamental data coverage,41.89,Weak,"Above 50 DMA, Above 200 DMA, Strong but overbought RSI, Strong positive day move, Strong 1M absolute return, Positive 3M return, Positive 6M return, 1M Nifty outperformance, 3M Nifty outperformance, 6M Nifty outperformance, Positive across 1M/3M/6M, 80.0% of closes stayed inside the range | Range width 68.4% | Currently 84.2% through the range"
BELRISE,Consumer Cyclical,Auto Parts,193.13,-2.06,88.81,200.8,117.46,3.82,60.76,179.45,,5697108.6,8037109.0,1.41,Bullish,55.0,"Above 50 DMA, Healthy RSI momentum, Near 52W high momentum, Volume expansion",7.31,19.96,41.36,-6.48,-8.24,-2.86,13.79,28.2,44.22,88.0,"Positive 1M return, Positive 3M return, Strong 6M absolute return, 1M Nifty outperformance, 3M Nifty outperformance, 6M Nifty outperformance, Positive across 1M/3M/6M",2.35,Breakout Watch,81.27,150.56,185.12,22.96,100.0,80.0% of closes stayed inside the range | Range width 23.0% | Currently 100.0% through the range | Above upper band on elevated volume,,,8.29,5.21,-0.55,-8.28,,,,,,,,40.3281,25.1002,3.914,24.0,,22231.92,19.03,Automobile,0.0,0.0,0.0,0.0,9.0,9.0,0.5,,"Revenue contraction, Earnings contraction",0.0,9.0,,16.03,0.0,,41.3,Weak,"Above 50 DMA, Healthy RSI momentum, Near 52W high momentum, Volume expansion, Positive 1M return, Positive 3M return, Strong 6M absolute return, 1M Nifty outperformance, 3M Nifty outperformance, 6M Nifty outperformance, Positive across 1M/3M/6M, 80.0% of closes stayed inside the range | Range width 23.0% | Currently 100.0% through the range | Above upper band on elevated volume"
AETHER,Basic Materials,Specialty Chemicals,986.65,-2.5,725.0,1209.0,36.09,18.39,53.7,967.95,828.23,171322.3,180374.0,1.05,Bullish,55.0,"Above 50 DMA, Above 200 DMA, Healthy RSI momentum, Normal volume support",-2.44,20.93,33.05,-6.48,-8.24,-2.86,4.04,29.17,35.91,70.0,"Strong 3M absolute return, Strong 6M absolute return, 3M Nifty outperformance, 6M Nifty outperformance",5.38,Profit Booking Zone,79.25,740.87,992.86,34.01,97.54,80.0% of closes stayed inside the range | Range width 34.0% | Currently 97.5% through the range,,,29.43,20.33,15.27,19.5,,,,,,,,94.3191,59.3861,9.167,,-0.133,22521.26,48.7,Chemicals,12.0,16.0,0.0,0.0,3.0,31.0,0.43,,Very high PE,0.0,31.0,,16.34,4.0,Limited fundamental data coverage,40.55,Weak,"Above 50 DMA, Above 200 DMA, Healthy RSI momentum, Normal volume support, Strong 3M absolute return, Strong 6M absolute return, 3M Nifty outperformance, 6M Nifty outperformance, 80.0% of closes stayed inside the range | Range width 34.0% | Currently 97.5% through the range"
DBOL,Consumer Defensive,Farm Products,97.67,-0.81,55.7,214.47,75.35,54.46,52.37,90.11,82.47,176223.55,151313.0,0.86,Bullish,50.0,"Above 50 DMA, Above 200 DMA, Healthy RSI momentum",-0.3,28.94,16.14,-6.48,-8.24,-2.86,6.18,37.18,19.0,70.0,"Strong 3M absolute return, Positive 6M return, 1M Nifty outperformance, 3M Nifty outperformance, 6M Nifty outperformance",13.51,Profit Booking Zone,77.62,73.59,99.1,34.67,94.39,80.0% of closes stayed inside the range | Range width 34.7% | Currently 94.4% through the range,,,5.62,3.47,-12.79,205.69,,,,,,,,32.2416,,0.811,1.2,0.516,825.12,23.1,General,0.0,10.0,0.0,0.0,9.0,19.0,0.5,,Revenue contraction,0.0,19.0,,23.54,0.0,,40.18,Weak,"Above 50 DMA, Above 200 DMA, Healthy RSI momentum, Strong 3M absolute return, Positive 6M return, 1M Nifty outperformance, 3M Nifty outperformance, 6M Nifty outperformance, 80.0% of closes stayed inside the range | Range width 34.7% | Currently 94.4% through the range"
CASTROLIND,Energy,Oil & Gas Refining & Marketing,174.44,-0.73,87.43,252.51,99.51,30.92,45.18,176.04,187.3,1438911.25,1891984.0,1.31,Bearish,22.0,"RSI recovering, Volume expansion",0.12,-1.92,-6.22,-6.48,-8.24,-2.86,6.6,6.32,-3.36,18.0,"Positive 1M return, 1M Nifty outperformance",55.0,Accumulation Zone,75.24,173.19,188.76,8.99,8.02,80.0% of closes stayed inside the range | Range width 9.0% | Currently 8.0% through the range,49.99,27.98,21.91,16.66,280.83,289.32,3.31,1.66,1.28,426.62,62.81,1090.14,992.81,17.2637,15.6731,9.6129,6.75,0.314,18322.5,49.34,Energy / Utilities,23.0,20.0,18.0,17.0,11.0,89.0,1.0,"Strong ROE, Cash covers debt",,4.0,93.0,"General quality ROE, General low-debt support",37.46,8.0,Below 200 DMA,40.17,Weak,"RSI recovering, Volume expansion, Strong ROE, Cash covers debt, Positive 1M return, 1M Nifty outperformance, 80.0% of closes stayed inside the range | Range width 9.0% | Currently 8.0% through the range"
ABSLAMC,Financial Services,Asset Management,850.83,-5.65,282.26,911.75,201.44,6.68,50.52,818.07,786.44,424803.85,237852.0,0.56,Bullish,60.0,"Above 50 DMA, Above 200 DMA, Healthy RSI momentum, Near 52W high momentum",7.28,20.22,5.31,-6.48,-8.24,-2.86,13.76,28.46,8.17,73.0,"Positive 1M return, Strong 3M absolute return, Positive 6M return, 1M Nifty outperformance, 3M Nifty outperformance, Positive across 1M/3M/6M",7.29,Profit Booking Zone,82.4,716.05,855.04,19.41,96.97,80.0% of closes stayed inside the range | Range width 19.4% | Currently 97.0% through the range,,,58.15,56.38,6.86,-2.74,,,,,,,,30.1641,24.0324,7.488,2.44,0.361,30321.88,76.51,Financial Services,12.0,2.0,0.0,0.0,9.0,23.0,0.5,,Earnings contraction,-4.0,19.0,Expensive relative to book value for this sector,18.28,5.0,Sharp daily fall,37.64,Weak,"Above 50 DMA, Above 200 DMA, Healthy RSI momentum, Near 52W high momentum, Positive 1M return, Strong 3M absolute return, Positive 6M return, 1M Nifty outperformance, 3M Nifty outperformance, Positive across 1M/3M/6M, 80.0% of closes stayed inside the range | Range width 19.4% | Currently 97.0% through the range"
AUTOAXLES,Consumer Cyclical,Auto Parts,1915.07,-1.94,1469.79,2526.78,30.3,24.21,44.41,1921.54,1768.94,12640.95,9943.0,0.79,Bearish,23.0,"Above 200 DMA, Weak but watchable RSI",1.36,6.89,12.42,-6.48,-8.24,-2.86,7.84,15.13,15.28,78.0,"Positive 1M return, Positive 3M return, Positive 6M return, 1M Nifty outperformance, 3M Nifty outperformance, 6M Nifty outperformance, Positive across 1M/3M/6M",5.29,Profit Booking Zone,72.47,1628.62,1969.37,20.92,84.06,80.0% of closes stayed inside the range | Range width 20.9% | Currently 84.1% through the range,,,9.78,6.9,14.9,8.64,,,,,,,,15.0915,12.601,2.3934,1.86,0.555,2629.79,31.96,Automobile,3.0,10.0,0.0,0.0,14.0,27.0,0.5,,,0.0,27.0,,16.03,0.0,,37.1,Weak,"Above 200 DMA, Weak but watchable RSI, Positive 1M return, Positive 3M return, Positive 6M return, 1M Nifty outperformance, 3M Nifty outperformance, 6M Nifty outperformance, Positive across 1M/3M/6M, 80.0% of closes stayed inside the range | Range width 20.9% | Currently 84.1% through the range"
ASTRAMICRO,Technology,Communication Equipment,1007.8,-2.91,211.41,1193.28,376.7,15.54,60.81,951.22,1010.18,415481.2,697917.0,1.68,Bullish,45.0,"Above 50 DMA, Healthy RSI momentum, Volume expansion",11.77,14.48,0.14,-6.48,-8.24,-2.86,18.25,22.72,3.0,70.0,"Strong 1M absolute return, Positive 3M return, Positive 6M return, 1M Nifty outperformance, 3M Nifty outperformance, Positive across 1M/3M/6M",3.45,Neutral Range,72.08,901.52,1104.81,22.55,52.28,80.0% of closes stayed inside the range | Range width 22.5% | Currently 52.3% through the range,,,27.35,17.99,21.28,95.85,,,,,,,,84.7369,52.4736,12.3282,14.0,0.519,16203.32,51.09,IT / Technology,11.0,18.0,0.0,0.0,5.0,34.0,0.5,,Very high PE,5.0,39.0,Strong operating margin,16.9,8.0,Below 200 DMA,36.93,Weak,"Above 50 DMA, Healthy RSI momentum, Volume expansion, Strong 1M absolute return, Positive 3M return, Positive 6M return, 1M Nifty outperformance, 3M Nifty outperformance, Positive across 1M/3M/6M, 80.0% of closes stayed inside the range | Range width 22.5% | Currently 52.3% through the range"
BIOCON,Healthcare,Biotechnology,389.23,-0.26,189.7,424.44,105.19,8.3,56.87,379.28,371.01,3264888.55,2914481.0,0.89,Bullish,60.0,"Above 50 DMA, Above 200 DMA, Healthy RSI momentum, Near 52W high momentum",6.65,1.54,7.15,-6.48,-8.24,-2.86,13.13,9.78,10.01,48.0,"Positive 1M return, Positive 3M return, Positive 6M return, 1M Nifty outperformance, Positive across 1M/3M/6M",12.5,Profit Booking Zone,80.92,353.84,397.98,12.48,80.18,80.0% of closes stayed inside the range | Range width 12.5% | Currently 80.2% through the range,,,7.63,3.45,-2.1,70.18,,,,,,,,121.9881,37.3548,1.9563,12.0,0.31,,61.19,IT / Technology,0.0,10.0,0.0,0.0,9.0,19.0,0.5,,"Revenue contraction, Very high PE",0.0,19.0,,18.6,0.0,,36.44,Weak,"Above 50 DMA, Above 200 DMA, Healthy RSI momentum, Near 52W high momentum, Positive 1M return, Positive 3M return, Positive 6M return, 1M Nifty outperformance, Positive across 1M/3M/6M, 80.0% of closes stayed inside the range | Range width 12.5% | Currently 80.2% through the range"
AVANTIFEED,Consumer Defensive,Packaged Foods,1150.06,-0.17,305.46,1472.31,276.5,21.89,48.11,1008.91,792.44,2407198.95,545341.0,0.23,Bullish,42.0,"Above 50 DMA, Above 200 DMA, RSI recovering",13.42,41.91,77.65,-6.48,-8.24,-2.86,19.9,50.15,80.51,100.0,"Strong 1M absolute return, Strong 3M absolute return, Strong 6M absolute return, 1M Nifty outperformance, 3M Nifty outperformance, 6M Nifty outperformance, Positive across 1M/3M/6M",2.7,Profit Booking Zone,65.16,658.8,1269.16,92.65,80.49,80.0% of closes stayed inside the range | Range width 92.6% | Currently 80.5% through the range,,,11.57,10.8,-13.87,-16.21,,,,,,,,21.6938,16.9416,3.4279,1.18,0.168,11264.11,25.16,FMCG / Consumer,6.0,0.0,0.0,0.0,10.0,16.0,0.5,,"Revenue contraction, Earnings contraction",0.0,16.0,,23.54,10.0,"Low volume participation, Earnings contraction",34.63,Avoid,"Above 50 DMA, Above 200 DMA, RSI recovering, Strong 1M absolute return, Strong 3M absolute return, Strong 6M absolute return, 1M Nifty outperformance, 3M Nifty outperformance, 6M Nifty outperformance, Positive across 1M/3M/6M, 80.0% of closes stayed inside the range | Range width 92.6% | Currently 80.5% through the range"
ASHOKLEY,Industrials,Farm & Heavy Construction Machinery,183.8,-3.97,60.54,211.81,203.6,13.22,34.36,192.25,147.1,17798362.05,22595249.0,1.27,Bearish,28.0,"Above 200 DMA, Weak but watchable RSI, Normal volume support",-7.38,17.37,43.92,-6.48,-8.24,-2.86,-0.9,25.61,46.78,60.0,"Positive 3M return, Strong 6M absolute return, 3M Nifty outperformance, 6M Nifty outperformance",7.69,Neutral Range,67.35,134.53,202.46,50.49,72.54,80.0% of closes stayed inside the range | Range width 50.5% | Currently 72.5% through the range,,,19.67,5.51,17.92,7.64,,,,,,,,29.9438,21.4534,7.2494,1.97,0.446,,40.06,Capital Goods / Infra,5.0,10.0,0.0,0.0,8.0,23.0,0.5,,,5.0,28.0,Strong order-book-driven revenue growth,18.04,0.0,,34.51,Avoid,"Above 200 DMA, Weak but watchable RSI, Normal volume support, Positive 3M return, Strong 6M absolute return, 3M Nifty outperformance, 6M Nifty outperformance, 80.0% of closes stayed inside the range | Range width 50.5% | Currently 72.5% through the range"
COASTCORP,Consumer Defensive,Packaged Foods,42.32,-3.4,29.64,73.88,42.77,42.72,39.46,46.07,40.05,97655.75,147181.0,1.51,Bearish,33.0,"Above 200 DMA, Weak but watchable RSI, Volume expansion",-16.16,0.14,34.57,-6.48,-8.24,-2.86,-9.68,8.38,37.43,45.0,"Positive 3M return, Strong 6M absolute return, 6M Nifty outperformance",27.03,Neutral Range,67.76,35.97,48.22,34.07,51.82,80.0% of closes stayed inside the range | Range width 34.1% | Currently 51.8% through the range,,,3.94,2.34,89.53,93.44,,,,,,,,8.358,,0.9576,69.0,0.338,272.06,34.2,FMCG / Consumer,0.0,20.0,0.0,0.0,12.0,32.0,0.5,,,0.0,32.0,,23.54,0.0,,34.23,Avoid,"Above 200 DMA, Weak but watchable RSI, Volume expansion, Positive 3M return, Strong 6M absolute return, 6M Nifty outperformance, 80.0% of closes stayed inside the range | Range width 34.1% | Currently 51.8% through the range"
ATLANTAELE,Industrials,Electrical Equipment & Parts,916.95,-0.14,707.6,1097.85,29.59,16.48,55.94,850.8,,96682.3,98517.0,1.02,Bullish,40.0,"Above 50 DMA, Healthy RSI momentum, Normal volume support",12.7,10.74,,-6.48,-8.24,-2.86,19.18,18.98,,50.0,"Strong 1M absolute return, Positive 3M return, 1M Nifty outperformance, 3M Nifty outperformance",12.18,Neutral Range,71.63,805.59,998.55,23.95,57.71,80.0% of closes stayed inside the range | Range width 24.0% | Currently 57.7% through the range,,,17.45,9.19,48.86,72.7,,,,,,,,57.4802,32.0202,14.4409,,,13419.23,29.8,Capital Goods / Infra,6.0,20.0,0.0,0.0,5.0,31.0,0.43,,,5.0,36.0,Strong order-book-driven revenue growth,18.04,4.0,Limited fundamental data coverage,33.81,Avoid,"Above 50 DMA, Healthy RSI momentum, Normal volume support, Strong 1M absolute return, Positive 3M return, 1M Nifty outperformance, 3M Nifty outperformance, 80.0% of closes stayed inside the range | Range width 24.0% | Currently 57.7% through the range"
DWARKESH,Consumer Defensive,Confectioners,39.34,2.65,32.05,108.8,22.75,63.85,59.91,35.85,41.51,1207660.1,3607971.0,2.99,Bullish,65.0,"Above 50 DMA, Healthy RSI momentum, Near 52W low zone, Strong volume expansion, Strong positive day move",14.15,7.26,-11.47,-6.48,-8.24,-2.86,20.63,15.5,-8.61,50.0,"Strong 1M absolute return, Positive 3M return, 1M Nifty outperformance, 3M Nifty outperformance",20.27,Neutral Range,75.95,34.58,43.5,25.81,53.35,80.0% of closes stayed inside the range | Range width 25.8% | Currently 53.3% through the range,,,7.75,4.75,32.2,147.31,,,,,,,,65.6835,,1.1603,20.0,-0.022,961.53,16.54,General,0.0,20.0,0.0,0.0,6.0,26.0,0.5,,,0.0,26.0,,23.54,8.0,Below 200 DMA,33.38,Avoid,"Above 50 DMA, Healthy RSI momentum, Near 52W low zone, Strong volume expansion, Strong positive day move, Strong 1M absolute return, Positive 3M return, 1M Nifty outperformance, 3M Nifty outperformance, 80.0% of closes stayed inside the range | Range width 25.8% | Currently 53.3% through the range"
ANURAS,Basic Materials,Specialty Chemicals,1254.4,0.12,567.48,1407.0,121.05,10.85,46.57,1287.29,1169.78,305847.6,775365.0,2.54,Bearish,47.0,"Above 200 DMA, RSI recovering, Strong volume expansion, Positive day move",-4.63,1.06,12.95,-6.48,-8.24,-2.86,1.85,9.3,15.81,35.0,"Positive 3M return, Positive 6M return, 6M Nifty outperformance",11.54,Neutral Range,75.29,1079.26,1325.42,22.81,71.15,80.0% of closes stayed inside the range | Range width 22.8% | Currently 71.1% through the range,,,18.15,9.57,5.48,44.09,,,,,,,,81.9506,33.6555,4.2999,12.0,0.105,14349.63,46.18,Chemicals,8.0,12.0,0.0,0.0,7.0,27.0,0.5,,Very high PE,0.0,27.0,,16.34,0.0,,32.4,Avoid,"Above 200 DMA, RSI recovering, Strong volume expansion, Positive day move, Positive 3M return, Positive 6M return, 6M Nifty outperformance, 80.0% of closes stayed inside the range | Range width 22.8% | Currently 71.1% through the range"
AARTIIND,Basic Materials,Specialty Chemicals,409.25,-2.41,338.05,914.39,21.06,55.24,41.6,403.14,406.18,870343.7,719433.0,0.83,Bullish,43.0,"Above 50 DMA, Above 200 DMA, Weak but watchable RSI, Near 52W low zone",-7.19,16.55,8.68,-6.48,-8.24,-2.86,-0.71,24.79,11.54,35.0,"Positive 3M return, Positive 6M return, 3M Nifty outperformance",11.54,Neutral Range,71.74,356.82,449.88,26.08,56.34,80.0% of closes stayed inside the range | Range width 26.1% | Currently 56.3% through the range,,,8.84,5.74,38.39,209.3,,,,,,,,36.9091,26.9122,3.28,19.0,0.627,19599.94,36.0,Chemicals,0.0,20.0,0.0,0.0,9.0,29.0,0.5,,,0.0,29.0,,16.34,0.0,,32.1,Avoid,"Above 50 DMA, Above 200 DMA, Weak but watchable RSI, Near 52W low zone, Positive 3M return, Positive 6M return, 3M Nifty outperformance, 80.0% of closes stayed inside the range | Range width 26.1% | Currently 56.3% through the range"
BHAGYANGR,Basic Materials,Copper,155.62,-3.13,40.55,193.0,283.77,19.37,46.47,163.86,117.99,159557.65,158655.0,0.99,Bearish,27.0,"Above 200 DMA, RSI recovering",-5.9,23.51,71.58,-6.48,-8.24,-2.86,0.58,31.75,74.44,70.0,"Strong 3M absolute return, Strong 6M absolute return, 3M Nifty outperformance, 6M Nifty outperformance",5.38,Profit Booking Zone,64.91,95.59,168.0,75.74,82.91,80.0% of closes stayed inside the range | Range width 75.7% | Currently 82.9% through the range,,,4.63,2.22,18.89,69.6,,,,,,,,19.9109,,4.8544,,1.28,1309.88,8.75,Metals / Mining,0.0,18.0,0.0,0.0,8.0,26.0,0.43,,,0.0,26.0,,16.34,4.0,Limited fundamental data coverage,31.8,Avoid,"Above 200 DMA, RSI recovering, Strong 3M absolute return, Strong 6M absolute return, 3M Nifty outperformance, 6M Nifty outperformance, 80.0% of closes stayed inside the range | Range width 75.7% | Currently 82.9% through the range"
BALRAMCHIN,Consumer Defensive,Confectioners,492.6,2.42,299.13,682.6,64.68,27.84,64.08,442.96,502.43,922810.5,2479649.0,2.69,Bullish,60.0,"Above 50 DMA, Healthy RSI momentum, Strong volume expansion, Strong positive day move",10.68,14.81,-9.67,-6.48,-8.24,-2.86,17.16,23.05,-6.81,50.0,"Strong 1M absolute return, Positive 3M return, 1M Nifty outperformance, 3M Nifty outperformance",20.27,Breakout Watch,83.8,420.98,476.26,13.13,100.0,80.0% of closes stayed inside the range | Range width 13.1% | Currently 100.0% through the range | Above upper band on elevated volume,,,10.82,7.8,-12.97,110.48,,,,,,,,35.7061,17.5328,3.1964,1.07,0.349,13856.46,26.26,General,6.0,10.0,0.0,0.0,8.0,24.0,0.5,,Revenue contraction,0.0,24.0,,23.54,8.0,Below 200 DMA,31.43,Avoid,"Above 50 DMA, Healthy RSI momentum, Strong volume expansion, Strong positive day move, Strong 1M absolute return, Positive 3M return, 1M Nifty outperformance, 3M Nifty outperformance, 80.0% of closes stayed inside the range | Range width 13.1% | Currently 100.0% through the range | Above upper band on elevated volume"
AXISCADES,Industrials,Engineering & Construction,1426.5,-3.41,135.1,1779.2,955.88,19.82,53.63,1330.26,1373.7,157437.15,108222.0,0.69,Bullish,50.0,"Above 50 DMA, Above 200 DMA, Healthy RSI momentum",26.97,10.41,-0.72,-6.48,-8.24,-2.86,33.45,18.65,2.14,50.0,"Strong 1M absolute return, Positive 3M return, 1M Nifty outperformance, 3M Nifty outperformance",12.18,Neutral Range,71.3,1221.23,1673.88,37.07,45.35,80.0% of closes stayed inside the range | Range width 37.1% | Currently 45.3% through the range,,,15.08,8.08,14.75,20.44,,,,,,,,107.4596,,9.3375,,0.396,6782.82,30.9,Capital Goods / Infra,6.0,13.0,0.0,0.0,0.0,19.0,0.43,,Very high PE,0.0,19.0,,18.04,4.0,Limited fundamental data coverage,30.36,Avoid,"Above 50 DMA, Above 200 DMA, Healthy RSI momentum, Strong 1M absolute return, Positive 3M return, 1M Nifty outperformance, 3M Nifty outperformance, 80.0% of closes stayed inside the range | Range width 37.1% | Currently 45.3% through the range"
DHAMPURSUG,Consumer Defensive,Confectioners,125.07,4.38,108.49,321.27,15.29,61.07,58.43,117.54,132.08,497360.3,1589928.0,3.2,Bullish,65.0,"Above 50 DMA, Healthy RSI momentum, Near 52W low zone, Strong volume expansion, Strong positive day move",7.55,8.61,-7.73,-6.48,-8.24,-2.86,14.03,16.85,-4.87,43.0,"Positive 1M return, Positive 3M return, 1M Nifty outperformance, 3M Nifty outperformance",29.73,Neutral Range,76.63,114.19,136.81,19.81,48.12,80.0% of closes stayed inside the range | Range width 19.8% | Currently 48.1% through the range,,,8.76,5.87,-10.51,436.17,,,,,,,,15.6735,,0.9411,2.34,0.284,1126.84,21.53,General,0.0,10.0,0.0,0.0,12.0,22.0,0.5,,Revenue contraction,0.0,22.0,,23.54,8.0,Below 200 DMA,30.23,Avoid,"Above 50 DMA, Healthy RSI momentum, Near 52W low zone, Strong volume expansion, Strong positive day move, Positive 1M return, Positive 3M return, 1M Nifty outperformance, 3M Nifty outperformance, 80.0% of closes stayed inside the range | Range width 19.8% | Currently 48.1% through the range"
DALMIASUG,Consumer Defensive,Confectioners,314.59,2.41,256.45,564.28,22.67,44.25,63.5,286.35,341.71,124253.6,367766.0,2.96,Bullish,65.0,"Above 50 DMA, Healthy RSI momentum, Near 52W low zone, Strong volume expansion, Strong positive day move",10.73,8.53,-15.77,-6.48,-8.24,-2.86,17.21,16.77,-12.91,50.0,"Strong 1M absolute return, Positive 3M return, 1M Nifty outperformance, 3M Nifty outperformance",20.27,Neutral Range,75.44,276.35,360.77,30.55,45.3,80.0% of closes stayed inside the range | Range width 30.5% | Currently 45.3% through the range,,,10.96,9.97,-29.43,198.28,,,,,,,,19.0418,10.2564,1.204,1.26,-0.007,3868.49,26.41,General,6.0,10.0,0.0,0.0,14.0,30.0,0.5,,Revenue contraction,0.0,30.0,,23.54,13.0,"Below 200 DMA, Revenue contraction",29.78,Avoid,"Above 50 DMA, Healthy RSI momentum, Near 52W low zone, Strong volume expansion, Strong positive day move, Strong 1M absolute return, Positive 3M return, 1M Nifty outperformance, 3M Nifty outperformance, 80.0% of closes stayed inside the range | Range width 30.5% | Currently 45.3% through the range"
APEX,Consumer Defensive,Farm Products,345.5,-1.64,179.03,487.95,92.98,29.19,42.06,337.02,267.26,2704895.95,366022.0,0.14,Bullish,38.0,"Above 50 DMA, Above 200 DMA, Weak but watchable RSI",-0.4,31.67,59.54,-6.48,-8.24,-2.86,6.08,39.91,62.4,80.0,"Strong 3M absolute return, Strong 6M absolute return, 1M Nifty outperformance, 3M Nifty outperformance, 6M Nifty outperformance",8.11,Profit Booking Zone,67.56,228.84,381.8,66.84,76.27,80.0% of closes stayed inside the range | Range width 66.8% | Currently 76.3% through the range,,,4.18,4.01,11.06,-15.01,,,,,,,,23.1763,22.1657,2.2581,52.0,-0.097,1191.41,35.23,General,0.0,5.0,0.0,0.0,13.0,18.0,0.5,,Earnings contraction,0.0,18.0,,23.54,10.0,"Low volume participation, Earnings contraction",29.33,Avoid,"Above 50 DMA, Above 200 DMA, Weak but watchable RSI, Strong 3M absolute return, Strong 6M absolute return, 1M Nifty outperformance, 3M Nifty outperformance, 6M Nifty outperformance, 80.0% of closes stayed inside the range | Range width 66.8% | Currently 76.3% through the range"
DICIND,Basic Materials,Specialty Chemicals,515.38,-1.17,356.85,830.02,44.42,37.91,44.97,514.15,556.59,2279.75,1319.0,0.58,Bullish,23.0,"Above 50 DMA, Weak but watchable RSI",-7.89,1.67,-11.04,-6.48,-8.24,-2.86,-1.41,9.91,-8.18,10.0,Positive 3M return,30.77,Neutral Range,68.53,481.52,551.08,14.45,48.68,80.0% of closes stayed inside the range | Range width 14.4% | Currently 48.7% through the range,4.05,2.76,2.8,1.96,299.75,196.02,0.95,2.42,1.78,64.55,4.09,42.78,31.42,19.2193,14.1595,1.2516,50.0,0.104,555.88,26.51,Chemicals,0.0,20.0,20.0,17.0,15.0,72.0,1.0,Cash covers debt,,2.0,74.0,General low-debt support,16.34,8.0,Below 200 DMA,28.6,Avoid,"Above 50 DMA, Weak but watchable RSI, Cash covers debt, Positive 3M return, 80.0% of closes stayed inside the range | Range width 14.4% | Currently 48.7% through the range"
AVADHSUGAR,Consumer Defensive,Confectioners,392.44,4.1,300.3,809.03,30.68,51.49,66.11,341.54,412.59,191952.2,276139.0,1.44,Bullish,55.0,"Above 50 DMA, Healthy RSI momentum, Volume expansion, Strong positive day move",16.71,15.24,-11.92,-6.48,-8.24,-2.86,23.19,23.48,-9.06,50.0,"Strong 1M absolute return, Positive 3M return, 1M Nifty outperformance, 3M Nifty outperformance",20.27,Neutral Range,75.07,321.33,425.65,32.47,68.17,80.0% of closes stayed inside the range | Range width 32.5% | Currently 68.2% through the range,,,6.19,2.62,-4.49,353.36,,,,,,,,24.3917,,1.4777,1.2,-0.05,1661.63,18.51,General,0.0,10.0,0.0,0.0,9.0,19.0,0.5,,Revenue contraction,0.0,19.0,,23.54,8.0,Below 200 DMA,28.43,Avoid,"Above 50 DMA, Healthy RSI momentum, Volume expansion, Strong positive day move, Strong 1M absolute return, Positive 3M return, 1M Nifty outperformance, 3M Nifty outperformance, 80.0% of closes stayed inside the range | Range width 32.5% | Currently 68.2% through the range"
CEIGALL,Industrials,Engineering & Construction,271.35,-2.32,222.61,424.24,21.89,36.04,40.24,279.08,260.88,299789.45,112328.0,0.37,Bearish,28.0,"Above 200 DMA, Weak but watchable RSI, Near 52W low zone",-7.02,18.08,-1.0,-6.48,-8.24,-2.86,-0.54,26.32,1.86,25.0,"Positive 3M return, 3M Nifty outperformance",24.36,Neutral Range,71.26,236.58,286.76,21.21,69.29,80.0% of closes stayed inside the range | Range width 21.2% | Currently 69.3% through the range,,,12.47,7.48,22.88,27.8,,,,,,,,18.4824,14.3277,2.7249,15.0,0.788,5940.39,18.92,Capital Goods / Infra,6.0,18.0,0.0,0.0,15.0,39.0,0.5,,,5.0,44.0,Strong order-book-driven revenue growth,18.04,3.0,Low volume participation,28.36,Avoid,"Above 200 DMA, Weak but watchable RSI, Near 52W low zone, Positive 3M return, 3M Nifty outperformance, 80.0% of closes stayed inside the range | Range width 21.2% | Currently 69.3% through the range"
BANDHANBNK,Financial Services,Banks - Regional,172.62,-4.87,125.91,304.9,37.1,43.38,54.17,156.78,161.87,11457111.25,10295012.0,0.9,Bullish,50.0,"Above 50 DMA, Above 200 DMA, Healthy RSI momentum",9.48,28.53,6.6,-6.48,-8.24,-2.86,15.96,36.77,9.46,73.0,"Positive 1M return, Strong 3M absolute return, Positive 6M return, 1M Nifty outperformance, 3M Nifty outperformance, Positive across 1M/3M/6M",7.29,Profit Booking Zone,80.8,143.19,170.58,19.13,100.0,80.0% of closes stayed inside the range | Range width 19.1% | Currently 100.0% through the range,,,,6.08,-2.98,-44.73,,,,,,,,20.0776,8.2281,1.0584,89.0,0.805,27106.95,0.0,Banking,3.0,0.0,0.0,0.0,13.0,16.0,0.43,,"Revenue contraction, Earnings contraction",0.0,16.0,,18.28,11.0,"Earnings contraction, Limited fundamental data coverage",28.09,Avoid,"Above 50 DMA, Above 200 DMA, Healthy RSI momentum, Positive 1M return, Strong 3M absolute return, Positive 6M return, 1M Nifty outperformance, 3M Nifty outperformance, Positive across 1M/3M/6M, 80.0% of closes stayed inside the range | Range width 19.1% | Currently 100.0% through the range"
BHARATSE,Consumer Cyclical,Auto Parts,169.6,-3.28,68.7,237.92,146.86,28.72,44.38,169.03,153.96,2309439.15,166082.0,0.07,Bullish,38.0,"Above 50 DMA, Above 200 DMA, Weak but watchable RSI",1.31,3.47,6.46,-6.48,-8.24,-2.86,7.79,11.71,9.32,63.0,"Positive 1M return, Positive 3M return, Positive 6M return, 1M Nifty outperformance, 3M Nifty outperformance, Positive across 1M/3M/6M",8.24,Accumulation Zone,71.08,152.77,211.78,38.62,28.51,80.0% of closes stayed inside the range | Range width 38.6% | Currently 28.5% through the range,,,3.28,2.02,7.07,-0.01,,,,,,,,30.7649,,6.1917,66.0,0.888,1421.98,13.47,Automobile,0.0,2.0,0.0,0.0,6.0,8.0,0.5,,Earnings contraction,0.0,8.0,,16.03,3.0,Low volume participation,27.45,Avoid,"Above 50 DMA, Above 200 DMA, Weak but watchable RSI, Positive 1M return, Positive 3M return, Positive 6M return, 1M Nifty outperformance, 3M Nifty outperformance, Positive across 1M/3M/6M, 80.0% of closes stayed inside the range | Range width 38.6% | Currently 28.5% through the range"
ALIVUS,Healthcare,Drug Manufacturers - Specialty & Generic,919.75,0.51,337.56,1328.03,172.47,30.74,53.21,907.73,948.22,57784.55,68323.0,1.18,Bullish,45.0,"Above 50 DMA, Healthy RSI momentum, Normal volume support, Positive day move",-1.36,4.07,-1.01,-6.48,-8.24,-2.86,5.12,12.31,1.85,35.0,"Positive 3M return, 1M Nifty outperformance, 3M Nifty outperformance",16.67,Neutral Range,76.21,883.38,940.42,6.46,63.76,80.0% of closes stayed inside the range | Range width 6.5% | Currently 63.8% through the range,,,31.45,22.33,11.8,23.64,,,,,,,,27.5382,21.4956,4.982,37.0,0.047,16576.6,59.42,Pharma / Healthcare,12.0,13.0,0.0,0.0,11.0,36.0,0.5,,,0.0,36.0,,18.6,8.0,Below 200 DMA,27.39,Avoid,"Above 50 DMA, Healthy RSI momentum, Normal volume support, Positive day move, Positive 3M return, 1M Nifty outperformance, 3M Nifty outperformance, 80.0% of closes stayed inside the range | Range width 6.5% | Currently 63.8% through the range"
BLUESTONE,Consumer Cyclical,Luxury Goods,476.35,4.2,399.8,793.0,19.15,39.93,63.37,451.62,,348559.35,334717.0,0.96,Bullish,50.0,"Above 50 DMA, Healthy RSI momentum, Near 52W low zone, Strong positive day move",11.4,-10.68,-21.17,-6.48,-8.24,-2.86,17.88,-2.44,-18.31,25.0,"Strong 1M absolute return, 1M Nifty outperformance",15.88,Accumulation Zone,72.14,436.65,708.3,62.21,14.61,80.0% of closes stayed inside the range | Range width 62.2% | Currently 14.6% through the range,,,15.12,9.55,51.8,307.0,,,,,,,,202.7296,91.6961,6.7184,,,12139.0,42.59,Consumer Discretionary,6.0,20.0,0.0,0.0,3.0,29.0,0.43,,Very high PE,0.0,29.0,,16.03,4.0,Limited fundamental data coverage,27.3,Avoid,"Above 50 DMA, Healthy RSI momentum, Near 52W low zone, Strong positive day move, Strong 1M absolute return, 1M Nifty outperformance, 80.0% of closes stayed inside the range | Range width 62.2% | Currently 14.6% through the range"
AKUMS,Healthcare,Drug Manufacturers - Specialty & Generic,477.34,1.11,403.09,1170.37,18.42,59.21,55.62,453.38,480.0,350152.1,152359.0,0.44,Bullish,45.0,"Above 50 DMA, Healthy RSI momentum, Near 52W low zone, Positive day move",7.32,14.19,3.0,-6.48,-8.24,-2.86,13.8,22.43,5.86,63.0,"Positive 1M return, Positive 3M return, Positive 6M return, 1M Nifty outperformance, 3M Nifty outperformance, Positive across 1M/3M/6M",4.17,Profit Booking Zone,80.7,419.61,473.14,12.76,100.0,80.0% of closes stayed inside the range | Range width 12.8% | Currently 100.0% through the range,,,9.25,5.72,13.96,62.61,,,,,,,,40.5991,22.6364,3.57,13.0,0.552,11828.66,41.09,Pharma / Healthcare,0.0,15.0,0.0,0.0,9.0,24.0,0.5,,,0.0,24.0,,18.6,11.0,"Below 200 DMA, Low volume participation",27.19,Avoid,"Above 50 DMA, Healthy RSI momentum, Near 52W low zone, Positive day move, Positive 1M return, Positive 3M return, Positive 6M return, 1M Nifty outperformance, 3M Nifty outperformance, Positive across 1M/3M/6M, 80.0% of closes stayed inside the range | Range width 12.8% | Currently 100.0% through the range"
AZAD,Industrials,Specialty Industrial Machinery,1605.5,-0.33,642.4,2080.0,149.92,22.81,46.21,1589.91,1618.55,261188.65,180352.0,0.69,Bullish,27.0,"Above 50 DMA, RSI recovering",7.59,2.78,1.79,-6.48,-8.24,-2.86,14.07,11.02,4.65,63.0,"Positive 1M return, Positive 3M return, Positive 6M return, 1M Nifty outperformance, 3M Nifty outperformance, Positive across 1M/3M/6M",5.13,Neutral Range,69.8,1518.86,1697.58,11.77,48.48,80.0% of closes stayed inside the range | Range width 11.8% | Currently 48.5% through the range,,,30.23,21.74,15.78,16.14,,,,,,,,132.0899,77.1135,12.0451,,0.601,18409.03,92.01,Capital Goods / Infra,12.0,16.0,0.0,0.0,3.0,31.0,0.43,,Very high PE,5.0,36.0,Strong order-book-driven revenue growth,18.04,12.0,"Below 200 DMA, Limited fundamental data coverage",25.81,Avoid,"Above 50 DMA, RSI recovering, Positive 1M return, Positive 3M return, Positive 6M return, 1M Nifty outperformance, 3M Nifty outperformance, Positive across 1M/3M/6M, 80.0% of closes stayed inside the range | Range width 11.8% | Currently 48.5% through the range"
ASHIANA,Real Estate,Real Estate - Development,304.85,-0.7,125.82,461.63,142.29,33.96,41.96,302.58,307.46,553191.1,41290.0,0.07,Bullish,23.0,"Above 50 DMA, Weak but watchable RSI",1.84,3.83,-2.01,-6.48,-8.24,-2.86,8.32,12.07,0.85,43.0,"Positive 1M return, Positive 3M return, 1M Nifty outperformance, 3M Nifty outperformance",11.76,Neutral Range,69.11,281.82,323.31,14.72,55.51,80.0% of closes stayed inside the range | Range width 14.7% | Currently 55.5% through the range,6.69,1.38,17.95,15.66,118.28,105.7,39.98,1.37,0.45,200.56,338.78,,,30.6567,21.4419,4.0718,68.0,0.414,3707.36,32.28,Cement / Realty,8.0,20.0,9.0,0.0,11.0,48.0,0.86,,,2.0,50.0,General low-debt support,16.2,11.0,"Below 200 DMA, Low volume participation",25.43,Avoid,"Above 50 DMA, Weak but watchable RSI, Positive 1M return, Positive 3M return, 1M Nifty outperformance, 3M Nifty outperformance, 80.0% of closes stayed inside the range | Range width 14.7% | Currently 55.5% through the range"
ATALREAL,Industrials,Engineering & Construction,22.88,-2.6,6.71,29.51,240.98,22.47,30.32,25.93,22.16,2970426.15,4906907.0,1.65,Bearish,33.0,"Above 200 DMA, Weak but watchable RSI, Volume expansion",-15.94,-5.88,16.85,-6.48,-8.24,-2.86,-9.46,2.36,19.71,25.0,"Positive 6M return, 6M Nifty outperformance",24.36,Accumulation Zone,76.14,22.3,26.71,19.75,13.07,80.8% of closes stayed inside the range | Range width 19.8% | Currently 13.1% through the range,,,8.77,5.8,49.53,64.36,,,,,,,,35.1584,,2.3748,,0.536,439.96,14.53,Capital Goods / Infra,0.0,20.0,0.0,0.0,6.0,26.0,0.43,,,5.0,31.0,Strong order-book-driven revenue growth,18.04,4.0,Limited fundamental data coverage,24.06,Avoid,"Above 200 DMA, Weak but watchable RSI, Volume expansion, Positive 6M return, 6M Nifty outperformance, 80.8% of closes stayed inside the range | Range width 19.8% | Currently 13.1% through the range"
AIAENG,Industrials,Specialty Industrial Machinery,3600.5,-2.01,2352.9,4907.05,53.02,26.63,35.63,3912.29,3492.77,43492.65,34709.0,0.8,Bearish,23.0,"Above 200 DMA, Weak but watchable RSI",-7.27,-4.39,17.23,-6.48,-8.24,-2.86,-0.79,3.85,20.09,25.0,"Positive 6M return, 6M Nifty outperformance",24.36,Neutral Range,66.7,3135.33,4016.33,28.1,52.8,80.0% of closes stayed inside the range | Range width 28.1% | Currently 52.8% through the range,,,25.0,28.07,1.85,6.12,,,,,,,,31.1659,27.9992,4.9227,38.0,0.263,,54.66,Capital Goods / Infra,12.0,2.0,0.0,0.0,11.0,25.0,0.5,,,0.0,25.0,,18.04,0.0,,23.46,Avoid,"Above 200 DMA, Weak but watchable RSI, Positive 6M return, 6M Nifty outperformance, 80.0% of closes stayed inside the range | Range width 28.1% | Currently 52.8% through the range"
DCBBANK,Financial Services,Banks - Regional,166.58,-2.02,88.77,202.01,87.66,17.54,29.99,184.28,154.49,1806065.15,1503643.0,0.83,Bearish,19.0,"Above 200 DMA, Oversold RSI",-12.62,-0.8,34.64,-6.48,-8.24,-2.86,-6.14,7.44,37.5,35.0,"Strong 6M absolute return, 6M Nifty outperformance",13.54,Neutral Range,64.06,128.12,190.66,48.81,61.5,80.0% of closes stayed inside the range | Range width 48.8% | Currently 61.5% through the range,,,,21.83,3.62,17.47,,,,,,,,8.9034,6.2084,1.0491,67.0,0.455,6859.28,0.0,Banking,6.0,10.0,0.0,0.0,15.0,31.0,0.43,,,0.0,31.0,,18.28,4.0,Limited fundamental data coverage,23.09,Avoid,"Above 200 DMA, Oversold RSI, Strong 6M absolute return, 6M Nifty outperformance, 80.0% of closes stayed inside the range | Range width 48.8% | Currently 61.5% through the range"
AADHARHFC,Financial Services,Mortgage Finance,481.7,5.86,292.0,547.8,64.97,12.07,57.45,474.41,485.95,565367.7,1635850.0,2.89,Bullish,70.0,"Above 50 DMA, Healthy RSI momentum, Near 52W high momentum, Strong volume expansion, Strong positive day move",1.47,-0.81,-6.2,-6.48,-8.24,-2.86,7.95,7.43,-3.34,18.0,"Positive 1M return, 1M Nifty outperformance",26.04,Accumulation Zone,82.58,470.04,515.71,9.72,25.52,80.0% of closes stayed inside the range | Range width 9.7% | Currently 25.5% through the range,,,37.74,31.8,4.16,5.53,,,,,,,,18.288,12.7375,2.722,,0.395,20643.92,98.47,Financial Services,12.0,4.0,0.0,0.0,13.0,29.0,0.43,,,0.0,29.0,,18.28,12.0,"Below 200 DMA, Limited fundamental data coverage",22.89,Avoid,"Above 50 DMA, Healthy RSI momentum, Near 52W high momentum, Strong volume expansion, Strong positive day move, Positive 1M return, 1M Nifty outperformance, 80.0% of closes stayed inside the range | Range width 9.7% | Currently 25.5% through the range"
AYMSYNTEX,Consumer Cyclical,Textile Manufacturing,191.1,-3.45,58.0,326.11,229.48,41.4,52.14,175.52,193.05,56264.4,35940.0,0.64,Bullish,35.0,"Above 50 DMA, Healthy RSI momentum",8.3,27.26,1.03,-6.48,-8.24,-2.86,14.78,35.5,3.89,73.0,"Positive 1M return, Strong 3M absolute return, Positive 6M return, 1M Nifty outperformance, 3M Nifty outperformance, Positive across 1M/3M/6M",7.06,Profit Booking Zone,74.72,156.62,196.37,25.38,86.74,80.0% of closes stayed inside the range | Range width 25.4% | Currently 86.7% through the range,,,2.9,0.46,-7.28,479.49,,,,,,,,79.5,,2.5336,,0.417,1494.2,45.27,Consumer Discretionary,0.0,10.0,0.0,0.0,4.0,14.0,0.43,,Revenue contraction,0.0,14.0,,16.03,12.0,"Below 200 DMA, Limited fundamental data coverage",22.3,Avoid,"Above 50 DMA, Healthy RSI momentum, Positive 1M return, Strong 3M absolute return, Positive 6M return, 1M Nifty outperformance, 3M Nifty outperformance, Positive across 1M/3M/6M, 80.0% of closes stayed inside the range | Range width 25.4% | Currently 86.7% through the range"
BLBLIMITED,Financial Services,Capital Markets,17.28,-1.54,12.0,52.55,44.0,67.12,56.04,14.89,15.38,484833.5,158657.0,0.33,Bullish,50.0,"Above 50 DMA, Above 200 DMA, Healthy RSI momentum",23.96,20.42,10.42,-6.48,-8.24,-2.86,30.44,28.66,13.28,80.0,"Strong 1M absolute return, Strong 3M absolute return, Positive 6M return, 1M Nifty outperformance, 3M Nifty outperformance, Positive across 1M/3M/6M",4.17,Profit Booking Zone,78.83,13.68,17.46,27.63,95.37,80.0% of closes stayed inside the range | Range width 27.6% | Currently 95.4% through the range,,,4.25,3.09,-18.13,-4.25,,,,,,,,3.0849,,0.6482,,0.212,84.48,5.69,Financial Services,0.0,0.0,0.0,0.0,10.0,10.0,0.43,,"Revenue contraction, Earnings contraction",0.0,10.0,,18.28,17.0,"Far from 52W high, Low volume participation, Revenue contraction, Limited fundamental data coverage",21.74,Avoid,"Above 50 DMA, Above 200 DMA, Healthy RSI momentum, Strong 1M absolute return, Strong 3M absolute return, Positive 6M return, 1M Nifty outperformance, 3M Nifty outperformance, Positive across 1M/3M/6M, 80.0% of closes stayed inside the range | Range width 27.6% | Currently 95.4% through the range"
ARVIND,Consumer Cyclical,Textile Manufacturing,331.4,-3.54,72.83,445.04,355.04,25.54,40.89,333.16,327.36,697590.0,210511.0,0.3,Bearish,23.0,"Above 200 DMA, Weak but watchable RSI",-9.98,2.17,14.67,-6.48,-8.24,-2.86,-3.5,10.41,17.53,50.0,"Positive 3M return, Positive 6M return, 3M Nifty outperformance, 6M Nifty outperformance",10.0,Neutral Range,67.08,297.24,365.34,22.91,50.16,80.0% of closes stayed inside the range | Range width 22.9% | Currently 50.2% through the range,,,8.51,4.11,0.06,-5.62,,,,,,,,34.2376,21.2246,3.5216,83.0,0.17,14243.36,48.3,Consumer Discretionary,0.0,0.0,0.0,0.0,11.0,11.0,0.5,,Earnings contraction,0.0,11.0,,16.03,3.0,Low volume participation,21.5,Avoid,"Above 200 DMA, Weak but watchable RSI, Positive 3M return, Positive 6M return, 3M Nifty outperformance, 6M Nifty outperformance, 80.0% of closes stayed inside the range | Range width 22.9% | Currently 50.2% through the range"
AMBIKCO,Consumer Cyclical,Textile Manufacturing,1361.0,-0.97,1101.0,2103.05,23.61,35.28,53.15,1290.95,1393.54,11687.9,7228.0,0.62,Bullish,40.0,"Above 50 DMA, Healthy RSI momentum, Near 52W low zone",2.76,11.73,-5.0,-6.48,-8.24,-2.86,9.24,19.97,-2.14,43.0,"Positive 1M return, Positive 3M return, 1M Nifty outperformance, 3M Nifty outperformance",12.35,Neutral Range,74.82,1224.76,1417.37,15.73,70.73,80.0% of closes stayed inside the range | Range width 15.7% | Currently 70.7% through the range,,,11.47,8.71,-12.76,-4.83,,,,,,,,11.5316,13.176,0.9828,2.26,0.621,937.93,36.24,Consumer Discretionary,6.0,0.0,0.0,0.0,12.0,18.0,0.5,,"Revenue contraction, Earnings contraction",0.0,18.0,,16.03,8.0,Below 200 DMA,21.45,Avoid,"Above 50 DMA, Healthy RSI momentum, Near 52W low zone, Positive 1M return, Positive 3M return, 1M Nifty outperformance, 3M Nifty outperformance, 80.0% of closes stayed inside the range | Range width 15.7% | Currently 70.7% through the range"
AHCL,Healthcare,Drug Manufacturers - Specialty & Generic,12.89,10.48,9.08,17.27,41.95,25.41,60.57,12.85,,3751886.5,46521990.0,12.4,Bullish,60.0,"Above 50 DMA, Healthy RSI momentum, Strong volume expansion, Strong positive day move",2.19,-9.51,39.84,-6.48,-8.24,-2.86,8.67,-1.27,42.7,53.0,"Positive 1M return, Strong 6M absolute return, 1M Nifty outperformance, 6M Nifty outperformance",8.33,Accumulation Zone,77.57,11.99,15.19,26.67,27.95,80.0% of closes stayed inside the range | Range width 26.7% | Currently 28.0% through the range,,,33.7,14.48,-31.84,-44.71,,,,,,,,22.4085,,3.1135,,,845.64,35.04,Pharma / Healthcare,11.0,0.0,0.0,0.0,6.0,17.0,0.43,,"Revenue contraction, Earnings contraction",0.0,17.0,,18.6,16.0,"Revenue contraction, Earnings contraction, Limited fundamental data coverage",20.99,Avoid,"Above 50 DMA, Healthy RSI momentum, Strong volume expansion, Strong positive day move, Positive 1M return, Strong 6M absolute return, 1M Nifty outperformance, 6M Nifty outperformance, 80.0% of closes stayed inside the range | Range width 26.7% | Currently 28.0% through the range"
CANHLIFE,Financial Services,Insurance - Life,145.29,-0.16,105.72,158.58,37.43,8.38,48.65,146.42,,1201093.65,688449.0,0.57,Bearish,12.0,RSI recovering,0.55,19.52,,-6.48,-8.24,-2.86,7.03,27.76,,43.0,"Positive 1M return, Positive 3M return, 1M Nifty outperformance, 3M Nifty outperformance",10.42,Profit Booking Zone,69.17,118.84,149.26,25.6,86.95,79.4% of closes stayed inside the range | Range width 25.6% | Currently 87.0% through the range,1.76,0.06,,0.66,15.71,18.06,,,,268.75,,,,111.7319,81.1526,8.9666,26.0,,14609.27,12.43,Financial Services,0.0,16.0,0.0,0.0,5.0,21.0,0.57,,Very high PE,-9.0,12.0,"Weak ROE for a leveraged-balance-sheet business, Expensive relative to book value for this sector",18.28,0.0,,20.69,Avoid,"RSI recovering, Positive 1M return, Positive 3M return, 1M Nifty outperformance, 3M Nifty outperformance, 79.4% of closes stayed inside the range | Range width 25.6% | Currently 87.0% through the range"
ADVENTHTL,Consumer Cyclical,Lodging,176.36,-4.55,167.77,345.05,5.12,48.89,30.87,208.7,,95106.4,183789.0,1.93,Bearish,26.0,"Weak but watchable RSI, Near 52W low with stable RSI, Volume expansion",-17.79,-10.38,,-6.48,-8.24,-2.86,-11.31,-2.14,,0.0,,64.12,Breakdown Risk,35.0,188.19,242.81,29.03,0.0,80.0% of closes stayed inside the range | Range width 29.0% | Currently 0.0% through the range | Below lower band on elevated volume,,,30.1,24.83,49.02,1981.5,,,,,,,,12.1947,,0.8517,,,770.3,74.87,Consumer Discretionary,12.0,20.0,0.0,0.0,10.0,42.0,0.43,,,0.0,42.0,,16.03,4.0,Limited fundamental data coverage,19.6,Avoid,"Weak but watchable RSI, Near 52W low with stable RSI, Volume expansion, 80.0% of closes stayed inside the range | Range width 29.0% | Currently 0.0% through the range | Below lower band on elevated volume"
ANUHPHR,Healthcare,Drug Manufacturers - Specialty & Generic,76.68,0.68,67.98,118.51,12.8,35.3,51.97,75.92,85.48,48650.75,90906.0,1.87,Bullish,55.0,"Above 50 DMA, Healthy RSI momentum, Near 52W low zone, Volume expansion, Positive day move",-1.46,-0.4,-7.6,-6.48,-8.24,-2.86,5.02,7.84,-4.74,10.0,1M Nifty outperformance,35.42,Accumulation Zone,78.25,73.48,85.34,16.13,27.0,80.0% of closes stayed inside the range | Range width 16.1% | Currently 27.0% through the range,,,7.0,6.82,6.08,76.7,,,,,,,,23.3436,,2.3779,1.79,0.491,837.57,22.43,Pharma / Healthcare,3.0,12.0,0.0,0.0,9.0,24.0,0.5,,,0.0,24.0,,18.6,8.0,Below 200 DMA,19.44,Avoid,"Above 50 DMA, Healthy RSI momentum, Near 52W low zone, Volume expansion, Positive day move, 1M Nifty outperformance, 80.0% of closes stayed inside the range | Range width 16.1% | Currently 27.0% through the range"
BLUESTARCO,Industrials,Building Products & Equipment,1865.95,-3.77,509.95,2393.71,265.91,22.05,46.09,1841.89,1801.11,506151.65,683868.0,1.35,Bullish,52.0,"Above 50 DMA, Above 200 DMA, RSI recovering, Volume expansion",-0.31,8.81,-3.52,-6.48,-8.24,-2.86,6.17,17.05,-0.66,35.0,"Positive 3M return, 1M Nifty outperformance, 3M Nifty outperformance",17.31,Neutral Range,76.02,1729.7,1958.86,13.25,59.46,80.0% of closes stayed inside the range | Range width 13.2% | Currently 59.5% through the range,,,5.98,2.76,-1.91,-33.32,,,,,,,,60.6061,38.5234,8.8674,57.0,0.172,30427.71,21.93,Capital Goods / Infra,0.0,0.0,0.0,0.0,5.0,5.0,0.5,,"Revenue contraction, Earnings contraction",0.0,5.0,,18.04,7.0,Earnings contraction,19.21,Avoid,"Above 50 DMA, Above 200 DMA, RSI recovering, Volume expansion, Positive 3M return, 1M Nifty outperformance, 3M Nifty outperformance, 80.0% of closes stayed inside the range | Range width 13.2% | Currently 59.5% through the range"
CRAFTSMAN,Consumer Cyclical,Auto Parts,7278.62,-2.29,2565.91,8209.98,183.67,11.34,39.29,7657.94,6745.95,40921.95,15524.0,0.38,Bearish,23.0,"Above 200 DMA, Weak but watchable RSI",-6.98,2.6,6.61,-6.48,-8.24,-2.86,-0.5,10.84,9.47,35.0,"Positive 3M return, Positive 6M return, 3M Nifty outperformance",14.12,Neutral Range,68.24,6651.28,7839.08,17.86,52.81,80.0% of closes stayed inside the range | Range width 17.9% | Currently 52.8% through the range,,,9.59,5.21,2.78,17.88,,,,,,,,57.3152,31.4219,8.1257,10.0,0.325,29078.5,42.79,Automobile,0.0,8.0,0.0,0.0,7.0,15.0,0.5,,,0.0,15.0,,16.03,3.0,Low volume participation,19.15,Avoid,"Above 200 DMA, Weak but watchable RSI, Positive 3M return, Positive 6M return, 3M Nifty outperformance, 80.0% of closes stayed inside the range | Range width 17.9% | Currently 52.8% through the range"
CUB,Financial Services,Banks - Regional,183.27,-5.04,86.5,240.82,111.87,23.9,31.17,210.62,177.19,2208893.15,3327086.0,1.51,Bearish,33.0,"Above 200 DMA, Weak but watchable RSI, Volume expansion",-15.66,-6.89,23.28,-6.48,-8.24,-2.86,-9.18,1.35,26.14,25.0,"Positive 6M return, 6M Nifty outperformance",18.75,Lower Range Watch,68.15,158.31,216.31,36.64,43.04,80.0% of closes stayed inside the range | Range width 36.6% | Currently 43.0% through the range,,,,33.3,14.77,8.58,,,,,,,,15.7171,11.4831,2.0841,87.0,0.344,22019.26,0.0,Banking,6.0,10.0,0.0,0.0,15.0,31.0,0.43,,,0.0,31.0,,18.28,9.0,"Sharp daily fall, Limited fundamental data coverage",19.09,Avoid,"Above 200 DMA, Weak but watchable RSI, Volume expansion, Positive 6M return, 6M Nifty outperformance, 80.0% of closes stayed inside the range | Range width 36.6% | Currently 43.0% through the range"
CENTUM,Technology,Electronic Components,2772.37,-2.77,445.83,3039.58,521.85,8.79,62.18,2393.2,2436.04,161369.15,38051.0,0.24,Bullish,60.0,"Above 50 DMA, Above 200 DMA, Healthy RSI momentum, Near 52W high momentum",19.84,25.58,-1.45,-6.48,-8.24,-2.86,26.32,33.82,1.41,60.0,"Strong 1M absolute return, Strong 3M absolute return, 1M Nifty outperformance, 3M Nifty outperformance",6.9,Profit Booking Zone,82.7,2233.22,2690.04,20.46,100.0,80.0% of closes stayed inside the range | Range width 20.5% | Currently 100.0% through the range,,,6.83,-19.06,12.9,-1559.47,,,,,,,,54.1151,31.1003,14.787,15.0,0.144,5082.27,33.08,IT / Technology,0.0,5.0,0.0,0.0,7.0,12.0,0.5,,"Negative net margin, Earnings contraction",0.0,12.0,,16.9,18.0,"Low volume participation, Negative net margin, Earnings contraction",18.74,Avoid,"Above 50 DMA, Above 200 DMA, Healthy RSI momentum, Near 52W high momentum, Strong 1M absolute return, Strong 3M absolute return, 1M Nifty outperformance, 3M Nifty outperformance, 80.0% of closes stayed inside the range | Range width 20.5% | Currently 100.0% through the range"
DOLATALGO,Financial Services,Capital Markets,75.53,-0.96,38.99,185.88,93.74,59.37,40.94,81.56,85.33,191695.15,197344.0,1.03,Bearish,13.0,"Weak but watchable RSI, Normal volume support",-0.78,0.86,-7.35,-6.48,-8.24,-2.86,5.7,9.1,-4.49,20.0,"Positive 3M return, 1M Nifty outperformance",22.92,Accumulation Zone,71.02,73.64,87.52,18.86,13.64,80.0% of closes stayed inside the range | Range width 18.9% | Currently 13.6% through the range,,,59.93,35.95,83.59,762.26,,,,,,,,8.9022,,1.1357,14.0,0.072,1281.63,100.0,Financial Services,12.0,20.0,0.0,0.0,12.0,44.0,0.5,,,0.0,44.0,,18.28,8.0,Below 200 DMA,18.39,Avoid,"Weak but watchable RSI, Normal volume support, Positive 3M return, 1M Nifty outperformance, 80.0% of closes stayed inside the range | Range width 18.9% | Currently 13.6% through the range"
AEGISVOPAK,Energy,Oil & Gas Equipment & Services,192.24,-3.63,184.07,301.78,4.44,36.3,37.55,222.92,,1179405.45,923725.0,0.78,Bearish,16.0,"Weak but watchable RSI, Near 52W low with stable RSI",-11.68,-20.77,-18.84,-6.48,-8.24,-2.86,-5.2,-12.53,-15.98,0.0,,85.0,Accumulation Zone,72.11,213.97,277.04,29.48,0.0,80.0% of closes stayed inside the range | Range width 29.5% | Currently 0.0% through the range,,,48.46,31.15,5.26,14.04,,,,,,,,95.371,35.6696,6.9698,8.0,,29904.69,98.74,Energy / Utilities,12.0,7.0,0.0,0.0,5.0,24.0,0.5,,Very high PE,0.0,24.0,,37.46,0.0,,18.02,Avoid,"Weak but watchable RSI, Near 52W low with stable RSI, 80.0% of closes stayed inside the range | Range width 29.5% | Currently 0.0% through the range"
DREDGECORP,Industrials,Engineering & Construction,944.8,-3.17,275.3,1457.95,243.19,35.2,44.05,1005.92,800.64,333183.6,126249.0,0.38,Bearish,23.0,"Above 200 DMA, Weak but watchable RSI",-4.26,-6.13,47.79,-6.48,-8.24,-2.86,2.22,2.11,50.65,35.0,"Strong 6M absolute return, 6M Nifty outperformance",17.31,Profit Booking Zone,64.78,625.53,1036.75,65.74,77.64,80.0% of closes stayed inside the range | Range width 65.7% | Currently 77.6% through the range,-2.17,-0.89,-5.53,-8.92,30.35,27.94,95.1,0.94,0.72,82.21,1077.86,,,63.5508,,2.5223,,0.743,3137.12,56.18,Capital Goods / Infra,0.0,20.0,4.0,0.0,4.0,28.0,0.79,,Negative net margin,5.0,33.0,Strong order-book-driven revenue growth,18.04,11.0,"Low volume participation, Negative net margin",17.76,Avoid,"Above 200 DMA, Weak but watchable RSI, Strong 6M absolute return, 6M Nifty outperformance, 80.0% of closes stayed inside the range | Range width 65.7% | Currently 77.6% through the range"
CINELINE,Communication Services,Entertainment,85.94,-0.27,71.65,184.9,19.94,53.52,50.34,85.6,87.96,21623.05,19124.0,0.88,Bullish,40.0,"Above 50 DMA, Healthy RSI momentum, Near 52W low zone",1.19,1.43,-1.13,-6.48,-8.24,-2.86,7.67,9.67,1.73,28.0,"Positive 1M return, Positive 3M return, 1M Nifty outperformance",7.14,Lower Range Watch,74.48,83.39,89.86,7.76,39.46,80.0% of closes stayed inside the range | Range width 7.8% | Currently 39.5% through the range,,,14.67,9.24,8.44,53.5,,,,,,,,24.3712,,1.9416,,0.178,335.31,57.95,Telecom,6.0,15.0,0.0,0.0,8.0,29.0,0.43,,,0.0,29.0,,14.18,12.0,"Below 200 DMA, Limited fundamental data coverage",17.28,Avoid,"Above 50 DMA, Healthy RSI momentum, Near 52W low zone, Positive 1M return, Positive 3M return, 1M Nifty outperformance, 80.0% of closes stayed inside the range | Range width 7.8% | Currently 39.5% through the range"
BRIGHOTEL,Consumer Cyclical,Lodging,57.95,-2.57,55.4,91.77,4.6,36.85,36.25,63.05,,216621.75,152612.0,0.7,Bearish,16.0,"Weak but watchable RSI, Near 52W low with stable RSI",-4.25,-22.71,-31.02,-6.48,-8.24,-2.86,2.23,-14.47,-28.16,0.0,,64.12,Accumulation Zone,71.01,60.83,83.22,36.8,0.0,80.0% of closes stayed inside the range | Range width 36.8% | Currently 0.0% through the range,,,24.5,14.61,197.45,903.96,,,,,,,,33.0889,19.2129,2.3626,,,2262.34,68.84,Consumer Discretionary,10.0,20.0,0.0,0.0,11.0,41.0,0.43,,,0.0,41.0,,16.03,4.0,Limited fundamental data coverage,16.75,Avoid,"Weak but watchable RSI, Near 52W low with stable RSI, 80.0% of closes stayed inside the range | Range width 36.8% | Currently 0.0% through the range"
CINEVISTA,Communication Services,Entertainment,15.53,-1.33,9.9,25.25,56.87,38.5,50.02,15.72,17.11,21379.75,18566.0,0.87,Bearish,20.0,Healthy RSI momentum,-1.9,2.17,-11.71,-6.48,-8.24,-2.86,4.58,10.41,-8.85,25.0,"Positive 3M return, 3M Nifty outperformance",14.29,Accumulation Zone,71.8,15.08,18.88,25.22,11.86,80.0% of closes stayed inside the range | Range width 25.2% | Currently 11.9% through the range,,,50.11,42.64,117.71,356.5,,,,,,,,13.5943,,1.4618,,0.355,82.77,49.03,Telecom,12.0,20.0,0.0,0.0,10.0,42.0,0.43,,,0.0,42.0,,14.18,12.0,"Below 200 DMA, Limited fundamental data coverage",16.08,Avoid,"Healthy RSI momentum, Positive 3M return, 3M Nifty outperformance, 80.0% of closes stayed inside the range | Range width 25.2% | Currently 11.9% through the range"
APOLLOPIPE,Industrials,Building Products & Equipment,395.25,13.05,251.75,794.9,57.0,50.28,76.39,304.32,356.67,1298411.15,17893278.0,13.78,Bullish,62.0,"Above 50 DMA, Above 200 DMA, Strong but overbought RSI, Strong volume expansion, Strong positive day move",26.29,38.61,-1.87,-6.48,-8.24,-2.86,32.77,46.85,0.99,60.0,"Strong 1M absolute return, Strong 3M absolute return, 1M Nifty outperformance, 3M Nifty outperformance",7.69,Breakout Watch,82.57,281.97,349.93,24.1,100.0,80.0% of closes stayed inside the range | Range width 24.1% | Currently 100.0% through the range | Above upper band on elevated volume,,,-1.29,-1.32,-10.12,-140.12,,,,,,,,,46.2271,3.3931,11.0,0.084,2771.31,27.81,Capital Goods / Infra,0.0,0.0,0.0,0.0,4.0,4.0,0.43,,"Negative net margin, Revenue contraction, Earnings contraction",0.0,4.0,,18.04,19.0,"Negative net margin, Earnings contraction, Limited fundamental data coverage",15.61,Avoid,"Above 50 DMA, Above 200 DMA, Strong but overbought RSI, Strong volume expansion, Strong positive day move, Strong 1M absolute return, Strong 3M absolute return, 1M Nifty outperformance, 3M Nifty outperformance, 80.0% of closes stayed inside the range | Range width 24.1% | Currently 100.0% through the range | Above upper band on elevated volume"
BAJAJHIND,Consumer Defensive,Confectioners,16.41,1.74,9.85,46.1,66.6,64.4,50.24,16.85,21.04,10210494.1,21769292.0,2.13,Bearish,40.0,"Healthy RSI momentum, Strong volume expansion, Positive day move",1.55,-12.39,-22.41,-6.48,-8.24,-2.86,8.03,-4.15,-19.55,18.0,"Positive 1M return, 1M Nifty outperformance",35.14,Accumulation Zone,75.48,16.16,22.01,36.24,4.32,80.0% of closes stayed inside the range | Range width 36.2% | Currently 4.3% through the range,,,1.36,1.07,19.29,114.04,,,,,,,,10.4183,,5.1412,,0.066,5176.72,16.74,General,0.0,18.0,0.0,0.0,8.0,26.0,0.43,,,0.0,26.0,,23.54,12.0,"Below 200 DMA, Limited fundamental data coverage",15.13,Avoid,"Healthy RSI momentum, Strong volume expansion, Positive day move, Positive 1M return, 1M Nifty outperformance, 80.0% of closes stayed inside the range | Range width 36.2% | Currently 4.3% through the range"
ABLBL,Consumer Services,Unknown,97.08,-4.29,96.59,167.11,0.51,41.9,30.85,111.52,,2316086.5,8011796.0,3.46,Bearish,31.0,"Weak but watchable RSI, Near 52W low with stable RSI, Strong volume expansion",-12.21,-24.07,-31.07,-6.48,-8.24,-2.86,-5.73,-15.83,-28.21,0.0,,75.0,Breakdown Risk,35.0,103.89,139.19,33.98,0.0,80.0% of closes stayed inside the range | Range width 34.0% | Currently 0.0% through the range | Below lower band on elevated volume,,,29.74,2.95,27.31,186.82,,,,,,,,,,,,,,,General,6.0,20.0,0.0,0.0,0.0,26.0,0.29,,,0.0,26.0,,12.38,4.0,Limited fundamental data coverage,14.71,Avoid,"Weak but watchable RSI, Near 52W low with stable RSI, Strong volume expansion, 80.0% of closes stayed inside the range | Range width 34.0% | Currently 0.0% through the range | Below lower band on elevated volume"
DEEPINDS,Energy,Oil & Gas E&P,346.28,2.93,102.76,618.68,236.99,44.03,40.57,385.3,453.08,291843.05,1099369.0,3.77,Bearish,33.0,"Weak but watchable RSI, Strong volume expansion, Strong positive day move",-13.73,-16.23,-36.68,-6.48,-8.24,-2.86,-7.25,-7.99,-33.82,0.0,,85.0,Breakdown Risk,35.0,358.66,500.92,39.66,0.0,80.0% of closes stayed inside the range | Range width 39.7% | Currently 0.0% through the range | Below lower band on elevated volume,,,38.16,30.73,0.22,0.96,,,,,,,,20.6633,11.0566,2.1626,37.0,-0.641,4316.48,54.28,Energy / Utilities,12.0,0.0,0.0,0.0,13.0,25.0,0.5,,,0.0,25.0,,37.46,8.0,Below 200 DMA,14.62,Avoid,"Weak but watchable RSI, Strong volume expansion, Strong positive day move, 80.0% of closes stayed inside the range | Range width 39.7% | Currently 0.0% through the range | Below lower band on elevated volume"
CAMS,Technology,Information Technology Services,643.7,0.04,379.51,1042.46,69.61,38.25,33.38,708.44,757.85,1308291.55,2730624.0,2.09,Bearish,28.0,"Weak but watchable RSI, Strong volume expansion, Positive day move",-10.15,-13.42,-14.57,-6.48,-8.24,-2.86,-3.67,-5.18,-11.71,0.0,,67.24,Breakdown Risk,35.0,698.62,778.78,11.47,0.0,80.0% of closes stayed inside the range | Range width 11.5% | Currently 0.0% through the range | Below lower band on elevated volume,,,39.36,32.18,10.16,15.08,,,,,,,,37.3164,29.1638,14.3056,1.73,0.21,18920.27,66.45,IT / Technology,12.0,13.0,0.0,0.0,6.0,31.0,0.5,,,5.0,36.0,Strong operating margin,16.9,8.0,Below 200 DMA,14.14,Avoid,"Weak but watchable RSI, Strong volume expansion, Positive day move, 80.0% of closes stayed inside the range | Range width 11.5% | Currently 0.0% through the range | Below lower band on elevated volume"
DJML,Industrials,Specialty Business Services,86.65,0.56,39.89,209.27,117.23,58.59,49.28,80.68,92.25,30374.4,14154.0,0.47,Bullish,32.0,"Above 50 DMA, RSI recovering, Positive day move",-10.1,54.49,-9.62,-6.48,-8.24,-2.86,-3.62,62.73,-6.76,35.0,"Strong 3M absolute return, 3M Nifty outperformance",17.31,Neutral Range,67.95,66.8,97.03,45.25,65.67,80.0% of closes stayed inside the range | Range width 45.3% | Currently 65.7% through the range,,,11.14,7.01,-14.26,-5.28,,,,,,,,22.2123,,2.7484,21.0,-0.073,259.37,25.46,Capital Goods / Infra,6.0,0.0,0.0,0.0,10.0,16.0,0.5,,"Revenue contraction, Earnings contraction",0.0,16.0,,18.04,11.0,"Below 200 DMA, Low volume participation",14.06,Avoid,"Above 50 DMA, RSI recovering, Positive day move, Strong 3M absolute return, 3M Nifty outperformance, 80.0% of closes stayed inside the range | Range width 45.3% | Currently 65.7% through the range"
BANARISUG,Consumer Defensive,Confectioners,3595.3,-0.17,2173.88,4429.24,65.39,18.83,46.89,3601.98,3692.37,561.6,779.0,1.39,Bearish,22.0,"RSI recovering, Volume expansion",0.08,-0.13,-1.51,-6.48,-8.24,-2.86,6.56,8.11,1.35,18.0,"Positive 1M return, 1M Nifty outperformance",35.14,Neutral Range,71.63,3497.96,3651.61,4.39,63.35,80.0% of closes stayed inside the range | Range width 4.4% | Currently 63.4% through the range,,,10.47,7.51,12.67,13.32,,,,,,,,40.4518,,2.5764,33.0,0.166,4928.98,31.74,General,6.0,10.0,0.0,0.0,8.0,24.0,0.5,,,0.0,24.0,,23.54,8.0,Below 200 DMA,13.93,Avoid,"RSI recovering, Volume expansion, Positive 1M return, 1M Nifty outperformance, 80.0% of closes stayed inside the range | Range width 4.4% | Currently 63.4% through the range"
BOROSCI,Consumer Cyclical,Packaging & Containers,106.39,2.84,99.21,230.0,7.24,53.74,46.15,111.21,134.33,178099.2,192872.0,1.08,Bearish,35.0,"RSI recovering, Near 52W low with stable RSI, Normal volume support, Strong positive day move",2.08,-12.87,-26.21,-6.48,-8.24,-2.86,8.56,-4.63,-23.35,18.0,"Positive 1M return, 1M Nifty outperformance",19.41,Accumulation Zone,75.45,105.48,138.19,31.02,2.79,80.0% of closes stayed inside the range | Range width 31.0% | Currently 2.8% through the range,,,10.22,7.15,13.47,199.9,,,,,,,,25.6577,,2.5074,,0.637,1106.91,65.36,Consumer Discretionary,6.0,15.0,0.0,0.0,8.0,29.0,0.43,,,0.0,29.0,,16.03,12.0,"Below 200 DMA, Limited fundamental data coverage",13.8,Avoid,"RSI recovering, Near 52W low with stable RSI, Normal volume support, Strong positive day move, Positive 1M return, 1M Nifty outperformance, 80.0% of closes stayed inside the range | Range width 31.0% | Currently 2.8% through the range"
DENORA,Industrials,Electrical Equipment & Parts,701.7,0.99,560.25,2331.12,25.25,69.9,62.41,640.46,778.92,9103.0,6234.0,0.68,Bullish,40.0,"Above 50 DMA, Healthy RSI momentum, Positive day move",19.37,3.03,-15.46,-6.48,-8.24,-2.86,25.85,11.27,-12.6,50.0,"Strong 1M absolute return, Positive 3M return, 1M Nifty outperformance, 3M Nifty outperformance",12.18,Lower Range Watch,69.93,610.45,827.54,35.56,42.04,80.0% of closes stayed inside the range | Range width 35.6% | Currently 42.0% through the range,,,5.44,7.18,64.08,-33.58,,,,,,,,36.1428,,3.4099,48.0,-0.156,440.72,44.48,Capital Goods / Infra,3.0,10.0,0.0,0.0,6.0,19.0,0.5,,Earnings contraction,5.0,24.0,Strong order-book-driven revenue growth,18.04,20.0,"Below 200 DMA, Far from 52W high, Earnings contraction",13.61,Avoid,"Above 50 DMA, Healthy RSI momentum, Positive day move, Strong 1M absolute return, Positive 3M return, 1M Nifty outperformance, 3M Nifty outperformance, 80.0% of closes stayed inside the range | Range width 35.6% | Currently 42.0% through the range"
ADVANIHOTR,Consumer Cyclical,Lodging,50.44,-3.29,30.01,85.03,68.06,40.68,30.6,55.05,56.86,36302.9,49431.0,1.36,Bearish,18.0,"Weak but watchable RSI, Volume expansion",-8.59,-8.32,-13.42,-6.48,-8.24,-2.86,-2.11,-0.08,-10.56,0.0,,64.12,Breakdown Risk,35.0,53.32,57.98,8.74,0.0,80.8% of closes stayed inside the range | Range width 8.7% | Currently 0.0% through the range | Below lower band on elevated volume,,,38.75,29.86,137.65,1203.68,,,,,,,,20.1653,,0.8952,5.4,-0.027,462.28,59.9,Consumer Discretionary,12.0,20.0,0.0,0.0,10.0,42.0,0.5,,,0.0,42.0,,16.03,8.0,Below 200 DMA,13.6,Avoid,"Weak but watchable RSI, Volume expansion, 80.8% of closes stayed inside the range | Range width 8.7% | Currently 0.0% through the range | Below lower band on elevated volume"
ASPINWALL,Consumer Defensive,Farm Products,204.67,-0.72,167.49,335.87,22.2,39.06,41.15,216.37,250.44,3488.05,2570.0,0.74,Bearish,13.0,"Weak but watchable RSI, Near 52W low zone",-1.36,-9.19,-22.18,-6.48,-8.24,-2.86,5.12,-0.95,-19.32,10.0,1M Nifty outperformance,40.54,Accumulation Zone,72.16,209.43,261.55,24.89,0.0,80.0% of closes stayed inside the range | Range width 24.9% | Currently 0.0% through the range,,,7.75,6.7,36.63,172.14,,,,,,,,15.5983,,1.0216,2.49,-0.025,205.25,39.68,General,3.0,20.0,0.0,0.0,12.0,35.0,0.5,,,0.0,35.0,,23.54,8.0,Below 200 DMA,13.53,Avoid,"Weak but watchable RSI, Near 52W low zone, 1M Nifty outperformance, 80.0% of closes stayed inside the range | Range width 24.9% | Currently 0.0% through the range"
DIFFNKG,Industrials,Specialty Industrial Machinery,251.91,-0.84,191.41,485.8,31.6,48.15,40.78,279.13,320.71,94094.95,73624.0,0.78,Bearish,8.0,Weak but watchable RSI,2.1,-10.73,-33.7,-6.48,-8.24,-2.86,8.58,-2.49,-30.84,18.0,"Positive 1M return, 1M Nifty outperformance",30.77,Accumulation Zone,67.53,255.32,379.91,48.8,0.0,80.0% of closes stayed inside the range | Range width 48.8% | Currently 0.0% through the range,,,11.67,11.96,20.65,19.59,,,,,,,,27.9782,,3.7808,36.0,,1525.89,32.07,Capital Goods / Infra,6.0,16.0,0.0,0.0,8.0,30.0,0.5,,,5.0,35.0,Strong order-book-driven revenue growth,18.04,8.0,Below 200 DMA,13.46,Avoid,"Weak but watchable RSI, Positive 1M return, 1M Nifty outperformance, 80.0% of closes stayed inside the range | Range width 48.8% | Currently 0.0% through the range"
BMWVENTLTD,Basic Materials,Steel,55.02,-2.27,48.81,76.11,12.72,27.71,39.47,56.08,,309420.0,148387.0,0.48,Bearish,13.0,"Weak but watchable RSI, Near 52W low zone",-5.93,-5.76,,-6.48,-8.24,-2.86,0.55,2.48,,0.0,,67.69,Accumulation Zone,70.33,53.65,66.06,23.15,11.07,79.6% of closes stayed inside the range | Range width 23.2% | Currently 11.1% through the range,,,3.57,2.04,16.22,43.24,,,,,,,,12.2619,,1.1126,5.3,,491.24,9.26,Metals / Mining,0.0,18.0,0.0,0.0,12.0,30.0,0.5,,,0.0,30.0,,16.34,3.0,Low volume participation,13.2,Avoid,"Weak but watchable RSI, Near 52W low zone, 79.6% of closes stayed inside the range | Range width 23.2% | Currently 11.1% through the range"
AJOONI,Consumer Defensive,Packaged Foods,4.42,-4.95,2.69,10.34,64.37,57.25,47.56,4.4,5.06,524177.9,541165.0,1.03,Bullish,32.0,"Above 50 DMA, RSI recovering, Normal volume support",-10.34,-1.34,-15.16,-6.48,-8.24,-2.86,-3.86,6.9,-12.3,0.0,,71.62,Accumulation Zone,71.16,4.07,5.26,29.1,29.09,80.0% of closes stayed inside the range | Range width 29.1% | Currently 29.1% through the range,3.83,3.55,2.53,2.94,236.99,360.7,2.2,11.31,6.94,6.83,1.94,-31.97,-34.01,15.28,,0.7935,,0.332,65.8,18.54,FMCG / Consumer,0.0,20.0,20.0,0.0,10.0,50.0,0.93,Cash covers debt,"Negative operating cash flow, Negative free cash flow",3.0,53.0,"Low debt, typical of a healthy consumer business",23.54,17.0,"Below 200 DMA, Negative operating cash flow, Negative free cash flow",13.08,Avoid,"Above 50 DMA, RSI recovering, Normal volume support, Cash covers debt, 80.0% of closes stayed inside the range | Range width 29.1% | Currently 29.1% through the range"
ATUL,Basic Materials,Specialty Chemicals,6106.39,-4.34,4712.93,9658.03,29.57,36.77,38.41,6237.71,6383.85,24025.15,23090.0,0.96,Bearish,8.0,Weak but watchable RSI,-4.99,7.08,-2.58,-6.48,-8.24,-2.86,1.49,15.32,0.28,25.0,"Positive 3M return, 3M Nifty outperformance",16.92,Neutral Range,65.89,5754.13,6511.09,13.16,46.54,80.0% of closes stayed inside the range | Range width 13.2% | Currently 46.5% through the range,,,10.63,10.21,6.47,25.8,,,,,,,,23.925,20.8272,3.0566,46.0,0.196,19017.9,35.05,Chemicals,6.0,12.0,0.0,0.0,11.0,29.0,0.5,,,0.0,29.0,,16.34,8.0,Below 200 DMA,12.85,Avoid,"Weak but watchable RSI, Positive 3M return, 3M Nifty outperformance, 80.0% of closes stayed inside the range | Range width 13.2% | Currently 46.5% through the range"
DCXINDIA,Industrials,Aerospace & Defense,196.05,2.65,138.0,451.9,42.07,56.62,62.78,178.39,231.8,4894594.5,23684884.0,4.84,Bullish,60.0,"Above 50 DMA, Healthy RSI momentum, Strong volume expansion, Strong positive day move",18.24,22.36,-26.9,-6.48,-8.24,-2.86,24.72,30.6,-24.04,60.0,"Strong 1M absolute return, Strong 3M absolute return, 1M Nifty outperformance, 3M Nifty outperformance",7.69,Lower Range Watch,72.59,164.81,246.59,49.63,38.2,80.0% of closes stayed inside the range | Range width 49.6% | Currently 38.2% through the range,,,2.34,-2.0,-37.23,73.16,,,,,,,,,37.0437,1.183,,0.57,1980.56,9.2,Capital Goods / Infra,0.0,10.0,0.0,0.0,4.0,14.0,0.36,,"Negative net margin, Revenue contraction",0.0,14.0,,18.04,25.0,"Below 200 DMA, Negative net margin, Revenue contraction, Limited fundamental data coverage",12.61,Avoid,"Above 50 DMA, Healthy RSI momentum, Strong volume expansion, Strong positive day move, Strong 1M absolute return, Strong 3M absolute return, 1M Nifty outperformance, 3M Nifty outperformance, 80.0% of closes stayed inside the range | Range width 49.6% | Currently 38.2% through the range"
ARVSMART,Real Estate,Real Estate - Development,499.62,-1.27,209.2,1011.65,138.82,50.61,35.28,557.43,611.18,60133.25,78917.0,1.31,Bearish,18.0,"Weak but watchable RSI, Volume expansion",-15.54,-16.06,-18.88,-6.48,-8.24,-2.86,-9.06,-7.82,-16.02,0.0,,58.82,Breakdown Risk,35.0,530.66,638.7,20.36,0.0,80.0% of closes stayed inside the range | Range width 20.4% | Currently 0.0% through the range | Below lower band on elevated volume,,,23.98,17.29,18.42,102.83,,,,,,,,16.4241,18.9839,4.4771,34.0,0.293,3033.64,70.83,Cement / Realty,10.0,18.0,0.0,0.0,10.0,38.0,0.5,,,0.0,38.0,,16.2,8.0,Below 200 DMA,12.23,Avoid,"Weak but watchable RSI, Volume expansion, 80.0% of closes stayed inside the range | Range width 20.4% | Currently 0.0% through the range | Below lower band on elevated volume"
ACMESOLAR,Utilities,Utilities - Renewable,219.46,-3.91,167.44,324.01,31.07,32.27,42.52,225.64,255.9,470928.25,325202.0,0.69,Bearish,8.0,Weak but watchable RSI,-0.96,4.47,-25.87,-6.48,-8.24,-2.86,5.52,12.71,-23.01,35.0,"Positive 3M return, 1M Nifty outperformance, 3M Nifty outperformance",25.0,Accumulation Zone,69.51,216.93,286.13,31.9,3.65,80.0% of closes stayed inside the range | Range width 31.9% | Currently 3.6% through the range,,,65.3,22.9,-2.81,-13.08,,,,,,,,39.8482,15.815,4.7115,5.0,,27806.7,98.63,Energy / Utilities,12.0,0.0,0.0,0.0,9.0,21.0,0.5,,"Revenue contraction, Earnings contraction",0.0,21.0,,13.72,8.0,Below 200 DMA,12.16,Avoid,"Weak but watchable RSI, Positive 3M return, 1M Nifty outperformance, 3M Nifty outperformance, 80.0% of closes stayed inside the range | Range width 31.9% | Currently 3.6% through the range"
ACE,Industrials,Farm & Heavy Construction Machinery,848.85,-3.41,246.23,1688.72,244.73,49.73,42.08,885.21,1042.39,163546.45,185541.0,1.13,Bearish,13.0,"Weak but watchable RSI, Normal volume support",-7.68,-8.12,-19.66,-6.48,-8.24,-2.86,-1.2,0.12,-16.8,0.0,,67.95,Accumulation Zone,71.57,863.0,1112.02,28.86,0.0,80.0% of closes stayed inside the range | Range width 28.9% | Currently 0.0% through the range,,,15.12,13.62,31.06,19.13,,,,,,,,31.0875,24.2166,6.7496,18.0,0.388,13576.32,32.23,Capital Goods / Infra,8.0,18.0,0.0,0.0,9.0,35.0,0.5,,,5.0,40.0,Strong order-book-driven revenue growth,18.04,8.0,Below 200 DMA,11.96,Avoid,"Weak but watchable RSI, Normal volume support, 80.0% of closes stayed inside the range | Range width 28.9% | Currently 0.0% through the range"
ARIS,Industrials,Engineering & Construction,105.65,-1.99,82.18,208.5,28.56,49.33,46.16,112.04,,1731782.35,672649.0,0.39,Bearish,12.0,RSI recovering,25.5,-14.06,-26.17,-6.48,-8.24,-2.86,31.98,-5.82,-23.31,25.0,"Strong 1M absolute return, 1M Nifty outperformance",24.36,Accumulation Zone,66.2,103.51,165.44,59.83,3.45,80.0% of closes stayed inside the range | Range width 59.8% | Currently 3.4% through the range,,,10.55,5.64,12.29,6.94,,,,,,,,17.2335,,1.6737,,,1237.62,16.93,Capital Goods / Infra,3.0,7.0,0.0,0.0,10.0,20.0,0.43,,,0.0,20.0,,18.04,7.0,"Low volume participation, Limited fundamental data coverage",11.96,Avoid,"RSI recovering, Strong 1M absolute return, 1M Nifty outperformance, 80.0% of closes stayed inside the range | Range width 59.8% | Currently 3.4% through the range"
DMCC,Basic Materials,Chemicals,220.71,0.08,205.69,445.43,7.3,50.45,44.06,232.15,272.9,20293.25,29155.0,1.44,Bearish,31.0,"Weak but watchable RSI, Near 52W low with stable RSI, Volume expansion, Positive day move",-1.4,-15.37,-28.3,-6.48,-8.24,-2.86,5.08,-7.13,-25.44,10.0,1M Nifty outperformance,30.77,Accumulation Zone,73.48,219.77,308.2,40.24,1.06,80.0% of closes stayed inside the range | Range width 40.2% | Currently 1.1% through the range,,,7.26,4.09,19.71,7.27,,,,,,,,17.419,,3.0238,90.0,0.281,750.69,22.12,Chemicals,0.0,10.0,0.0,0.0,10.0,20.0,0.5,,,0.0,20.0,,16.34,8.0,Below 200 DMA,11.7,Avoid,"Weak but watchable RSI, Near 52W low with stable RSI, Volume expansion, Positive day move, 1M Nifty outperformance, 80.0% of closes stayed inside the range | Range width 40.2% | Currently 1.1% through the range"
ADVENZYMES,Basic Materials,Specialty Chemicals,289.75,-2.14,213.46,558.75,35.74,48.14,46.07,292.29,312.37,167177.6,216616.0,1.3,Bearish,17.0,"RSI recovering, Normal volume support",1.23,-4.29,-14.46,-6.48,-8.24,-2.86,7.71,3.95,-11.6,18.0,"Positive 1M return, 1M Nifty outperformance",23.85,Accumulation Zone,72.38,283.84,329.38,16.05,12.98,80.0% of closes stayed inside the range | Range width 16.0% | Currently 13.0% through the range,,,22.76,24.72,-6.82,-1.91,,,,,,,,20.1208,16.2935,2.0562,85.0,0.695,3338.09,72.39,Chemicals,11.0,0.0,0.0,0.0,13.0,24.0,0.5,,"Revenue contraction, Earnings contraction",0.0,24.0,,16.34,8.0,Below 200 DMA,11.6,Avoid,"RSI recovering, Normal volume support, Positive 1M return, 1M Nifty outperformance, 80.0% of closes stayed inside the range | Range width 16.0% | Currently 13.0% through the range"
CPEDU,Consumer Defensive,Education & Training Services,180.44,-6.7,178.5,335.81,1.09,46.27,33.45,223.33,,10738.15,18330.0,1.71,Bearish,26.0,"Weak but watchable RSI, Near 52W low with stable RSI, Volume expansion",-16.19,-35.33,,-6.48,-8.24,-2.86,-9.71,-27.09,,0.0,,71.62,Breakdown Risk,35.0,209.16,298.43,42.68,0.0,80.0% of closes stayed inside the range | Range width 42.7% | Currently 0.0% through the range | Below lower band on elevated volume,,,37.51,34.99,28.14,1.14,,,,,,,,14.2927,,,2.6,,339.33,0.0,General,12.0,10.0,0.0,0.0,8.0,30.0,0.43,,,0.0,30.0,,23.54,9.0,"Sharp daily fall, Limited fundamental data coverage",11.53,Avoid,"Weak but watchable RSI, Near 52W low with stable RSI, Volume expansion, 80.0% of closes stayed inside the range | Range width 42.7% | Currently 0.0% through the range | Below lower band on elevated volume"
CURAA,Technology,Software - Application,94.18,4.99,24.43,337.0,285.51,72.05,63.36,93.04,162.29,109.3,467.0,4.27,Bullish,60.0,"Above 50 DMA, Healthy RSI momentum, Strong volume expansion, Strong positive day move",5.26,-31.17,-67.81,-6.48,-8.24,-2.86,11.74,-22.93,-64.95,18.0,"Positive 1M return, 1M Nifty outperformance",24.14,Accumulation Zone,69.54,84.74,200.24,136.3,8.17,80.0% of closes stayed inside the range | Range width 136.3% | Currently 8.2% through the range,,,14.26,14.26,-0.08,223.91,,,,,,,,,,10.8655,,-0.21,69.35,16.38,IT / Technology,8.0,10.0,0.0,0.0,0.0,18.0,0.36,,Revenue contraction,0.0,18.0,,16.9,17.0,"Below 200 DMA, Far from 52W high, Limited fundamental data coverage",11.34,Avoid,"Above 50 DMA, Healthy RSI momentum, Strong volume expansion, Strong positive day move, Positive 1M return, 1M Nifty outperformance, 80.0% of closes stayed inside the range | Range width 136.3% | Currently 8.2% through the range"
BALMLAWRIE,Industrials,Conglomerates,170.66,-0.25,93.95,292.53,81.65,41.66,45.21,173.19,191.53,156870.9,458511.0,2.92,Bearish,27.0,"RSI recovering, Strong volume expansion",-3.04,-1.08,-20.1,-6.48,-8.24,-2.86,3.44,7.16,-17.24,0.0,,67.95,Accumulation Zone,75.07,169.28,205.25,21.25,3.85,80.0% of closes stayed inside the range | Range width 21.3% | Currently 3.8% through the range,,,10.45,10.13,3.39,17.71,,,,,,,,10.7302,,1.4673,9.7,0.682,3040.45,35.05,Capital Goods / Infra,6.0,10.0,0.0,0.0,12.0,28.0,0.5,,,0.0,28.0,,18.04,8.0,Below 200 DMA,11.26,Avoid,"RSI recovering, Strong volume expansion, 80.0% of closes stayed inside the range | Range width 21.3% | Currently 3.8% through the range"
ASHOKAMET,Basic Materials,Steel,14.29,1.85,12.6,35.7,13.41,59.97,43.88,14.72,16.35,58764.65,16241.0,0.28,Bearish,18.0,"Weak but watchable RSI, Near 52W low zone, Positive day move",1.13,-7.69,-13.18,-6.48,-8.24,-2.86,7.61,0.55,-10.32,18.0,"Positive 1M return, 1M Nifty outperformance",23.85,Accumulation Zone,72.37,14.02,17.03,21.49,9.0,80.0% of closes stayed inside the range | Range width 21.5% | Currently 9.0% through the range,,,34.23,67.12,28.36,51.65,,,,,,,,1.9811,,0.1998,,1.009,34.12,35.63,Metals / Mining,12.0,20.0,0.0,0.0,10.0,42.0,0.43,,,0.0,42.0,,16.34,15.0,"Below 200 DMA, Low volume participation, Limited fundamental data coverage",11.15,Avoid,"Weak but watchable RSI, Near 52W low zone, Positive day move, Positive 1M return, 1M Nifty outperformance, 80.0% of closes stayed inside the range | Range width 21.5% | Currently 9.0% through the range"
AMRUTANJAN,Healthcare,Drug Manufacturers - Specialty & Generic,557.2,-0.49,540.62,851.62,3.07,34.57,29.06,617.14,683.32,9976.55,14017.0,1.4,Bearish,19.0,"Oversold RSI, Near 52W low zone, Volume expansion",-12.12,-12.86,-27.01,-6.48,-8.24,-2.86,-5.64,-4.62,-24.15,0.0,,70.83,Breakdown Risk,35.0,599.72,723.58,20.65,0.0,80.0% of closes stayed inside the range | Range width 20.7% | Currently 0.0% through the range | Below lower band on elevated volume,,,16.69,13.79,19.83,39.33,,,,,,,,27.5442,,4.0164,1.46,0.379,1486.19,51.27,Pharma / Healthcare,8.0,18.0,0.0,0.0,7.0,33.0,0.5,,,0.0,33.0,,18.6,8.0,Below 200 DMA,11.09,Avoid,"Oversold RSI, Near 52W low zone, Volume expansion, 80.0% of closes stayed inside the range | Range width 20.7% | Currently 0.0% through the range | Below lower band on elevated volume"
ANGELONE,Financial Services,Capital Markets,216.7,-0.27,93.76,374.0,131.12,42.06,29.74,246.67,254.38,7831611.15,8704812.0,1.11,Bearish,9.0,"Oversold RSI, Normal volume support",-17.12,-13.13,-3.83,-6.48,-8.24,-2.86,-10.64,-4.89,-0.97,0.0,,67.71,Accumulation Zone,71.62,219.4,269.62,22.89,0.0,80.0% of closes stayed inside the range | Range width 22.9% | Currently 0.0% through the range,,,37.21,20.19,17.29,134.71,,,,,,,,26.7273,16.6436,4.3773,1.71,0.29,26862.41,84.82,Financial Services,12.0,18.0,0.0,0.0,10.0,40.0,0.5,,,0.0,40.0,,18.28,8.0,Below 200 DMA,10.99,Avoid,"Oversold RSI, Normal volume support, 80.0% of closes stayed inside the range | Range width 22.9% | Currently 0.0% through the range"
A2ZINFRA,Industrials,Engineering & Construction,16.12,0.62,5.1,26.8,216.08,39.85,53.19,15.18,17.47,492307.05,131345.0,0.27,Bullish,40.0,"Above 50 DMA, Healthy RSI momentum, Positive day move",15.14,7.47,-22.2,-6.48,-8.24,-2.86,21.62,15.71,-19.34,50.0,"Strong 1M absolute return, Positive 3M return, 1M Nifty outperformance, 3M Nifty outperformance",12.18,Neutral Range,70.2,14.22,18.2,28.02,47.74,80.0% of closes stayed inside the range | Range width 28.0% | Currently 47.7% through the range,,,-1.51,-0.59,15.05,62.79,,,,,,,,79.1905,,5.935,,0.048,295.22,12.98,Capital Goods / Infra,0.0,18.0,0.0,0.0,2.0,20.0,0.43,,Negative net margin,5.0,25.0,Strong order-book-driven revenue growth,18.04,23.0,"Below 200 DMA, Low volume participation, Negative net margin, Limited fundamental data coverage",10.96,Avoid,"Above 50 DMA, Healthy RSI momentum, Positive day move, Strong 1M absolute return, Positive 3M return, 1M Nifty outperformance, 3M Nifty outperformance, 80.0% of closes stayed inside the range | Range width 28.0% | Currently 47.7% through the range"
ALMONDZ,Financial Services,Capital Markets,14.21,-3.99,9.83,39.13,44.51,63.69,39.65,15.91,18.61,118769.05,59534.0,0.5,Bearish,8.0,Weak but watchable RSI,0.71,-13.93,-26.18,-6.48,-8.24,-2.86,7.19,-5.69,-23.32,18.0,"Positive 1M return, 1M Nifty outperformance",26.04,Accumulation Zone,70.61,14.71,18.86,28.25,0.0,80.0% of closes stayed inside the range | Range width 28.2% | Currently 0.0% through the range,,,17.55,23.28,64.2,250.82,,,,,,,,8.8796,,1.1253,,0.409,296.63,56.84,Financial Services,9.0,20.0,0.0,0.0,10.0,39.0,0.43,,,0.0,39.0,,18.28,12.0,"Below 200 DMA, Limited fundamental data coverage",10.89,Avoid,"Weak but watchable RSI, Positive 1M return, 1M Nifty outperformance, 80.0% of closes stayed inside the range | Range width 28.2% | Currently 0.0% through the range"
DHANBANK,Financial Services,Banks - Regional,23.07,-1.24,11.35,59.0,103.26,60.9,30.52,24.44,26.61,474224.6,622804.0,1.31,Bearish,18.0,"Weak but watchable RSI, Volume expansion",-4.11,-7.87,-7.5,-6.48,-8.24,-2.86,2.37,0.37,-4.64,0.0,,67.71,Breakdown Risk,35.0,23.89,26.83,12.34,0.0,80.0% of closes stayed inside the range | Range width 12.3% | Currently 0.0% through the range | Below lower band on elevated volume,1.66,0.12,,11.74,14.05,96.06,34.81,,,905.29,500.8,,,11.0514,,0.8432,,0.668,1273.69,0.0,Banking,3.0,15.0,10.0,0.0,10.0,38.0,0.57,Cash covers debt,,-5.0,33.0,Weak ROE for a leveraged-balance-sheet business,18.28,8.0,Below 200 DMA,10.79,Avoid,"Weak but watchable RSI, Volume expansion, Cash covers debt, 80.0% of closes stayed inside the range | Range width 12.3% | Currently 0.0% through the range | Below lower band on elevated volume"
CREST,Financial Services,Financial Conglomerates,328.94,-3.79,140.62,618.31,133.93,46.8,40.65,366.27,375.15,18325.1,9219.0,0.5,Bearish,8.0,Weak but watchable RSI,-9.9,-9.65,-12.18,-6.48,-8.24,-2.86,-3.42,-1.41,-9.32,0.0,,67.71,Accumulation Zone,73.15,348.96,388.46,11.32,0.0,80.0% of closes stayed inside the range | Range width 11.3% | Currently 0.0% through the range,,,41.59,31.81,18.28,197.1,,,,,,,,32.0647,,0.8044,27.0,0.007,1051.46,98.49,Financial Services,12.0,18.0,0.0,0.0,10.0,40.0,0.5,,,0.0,40.0,,18.28,8.0,Below 200 DMA,10.74,Avoid,"Weak but watchable RSI, 80.0% of closes stayed inside the range | Range width 11.3% | Currently 0.0% through the range"
BALPHARMA,Healthcare,Drug Manufacturers - Specialty & Generic,69.11,-4.64,61.3,154.48,12.74,55.26,36.04,72.33,84.14,13874.95,9353.0,0.67,Bearish,13.0,"Weak but watchable RSI, Near 52W low zone",-1.17,-3.3,-19.23,-6.48,-8.24,-2.86,5.31,4.94,-16.37,10.0,1M Nifty outperformance,35.42,Accumulation Zone,72.94,69.9,83.68,19.72,0.0,80.0% of closes stayed inside the range | Range width 19.7% | Currently 0.0% through the range,,,7.2,2.03,18.46,150.87,,,,,,,,18.7196,,1.6398,1.41,0.454,135.01,47.5,Pharma / Healthcare,0.0,18.0,0.0,0.0,11.0,29.0,0.5,,,0.0,29.0,,18.6,8.0,Below 200 DMA,10.69,Avoid,"Weak but watchable RSI, Near 52W low zone, 1M Nifty outperformance, 80.0% of closes stayed inside the range | Range width 19.7% | Currently 0.0% through the range"
DCI,Technology,Electronics & Computer Distribution,243.75,-1.89,41.35,457.7,489.48,46.74,45.04,243.82,256.44,35601.45,8690.0,0.24,Bearish,12.0,RSI recovering,2.59,0.87,-5.78,-6.48,-8.24,-2.86,9.07,9.11,-2.92,28.0,"Positive 1M return, Positive 3M return, 1M Nifty outperformance",10.34,Accumulation Zone,69.89,235.23,272.78,15.96,22.69,80.0% of closes stayed inside the range | Range width 16.0% | Currently 22.7% through the range,,,5.12,3.31,27.75,29.67,,,,,,,,30.5779,,6.1203,2.0,-0.312,672.48,9.17,IT / Technology,0.0,20.0,0.0,0.0,6.0,26.0,0.5,,,0.0,26.0,,16.9,11.0,"Below 200 DMA, Low volume participation",10.64,Avoid,"RSI recovering, Positive 1M return, Positive 3M return, 1M Nifty outperformance, 80.0% of closes stayed inside the range | Range width 16.0% | Currently 22.7% through the range"
AXITA,Consumer Cyclical,Textile Manufacturing,8.65,-2.26,7.26,42.11,19.09,79.46,42.94,9.35,8.57,582125.25,410889.0,0.71,Bearish,28.0,"Above 200 DMA, Weak but watchable RSI, Near 52W low zone",-8.16,-12.22,8.62,-6.48,-8.24,-2.86,-1.68,-3.98,11.48,10.0,Positive 6M return,24.12,Lower Range Watch,68.37,7.54,10.88,44.41,33.27,80.8% of closes stayed inside the range | Range width 44.4% | Currently 33.3% through the range,,,5.29,2.9,41.3,7070.72,,,,,,,,89.4444,,4.9145,,-0.166,308.05,3.72,Consumer Discretionary,0.0,20.0,0.0,0.0,2.0,22.0,0.43,,Very high PE,0.0,22.0,,16.03,9.0,"Far from 52W high, Limited fundamental data coverage",10.6,Avoid,"Above 200 DMA, Weak but watchable RSI, Near 52W low zone, Positive 6M return, 80.8% of closes stayed inside the range | Range width 44.4% | Currently 33.3% through the range"
APOLLO,Industrials,Aerospace & Defense,209.7,-4.8,14.68,354.7,1328.87,40.88,36.4,242.83,242.33,4073758.05,4614758.0,1.13,Bearish,13.0,"Weak but watchable RSI, Normal volume support",-12.93,-15.72,-31.12,-6.48,-8.24,-2.86,-6.45,-7.48,-28.26,0.0,,67.95,Accumulation Zone,69.29,229.59,330.73,44.05,0.0,80.0% of closes stayed inside the range | Range width 44.1% | Currently 0.0% through the range,,,17.56,10.18,88.81,38.71,,,,,,,,116.3514,47.5399,10.1837,6.0,1.334,14397.62,31.91,Capital Goods / Infra,6.0,20.0,0.0,0.0,5.0,31.0,0.5,,Very high PE,5.0,36.0,Strong order-book-driven revenue growth,18.04,8.0,Below 200 DMA,10.56,Avoid,"Weak but watchable RSI, Normal volume support, 80.0% of closes stayed inside the range | Range width 44.1% | Currently 0.0% through the range"
CGCL,Financial Services,Credit Services,155.74,-3.41,150.35,874.31,3.59,82.19,36.39,174.28,180.88,841949.0,1804501.0,2.14,Bearish,31.0,"Weak but watchable RSI, Near 52W low with stable RSI, Strong volume expansion",-10.09,-16.17,-15.49,-6.48,-8.24,-2.86,-3.61,-7.93,-12.63,0.0,,67.71,Breakdown Risk,35.0,169.67,197.51,16.41,0.0,80.0% of closes stayed inside the range | Range width 16.4% | Currently 0.0% through the range | Below lower band on elevated volume,,,21.59,24.2,14.41,46.05,,,,,,,,20.8385,13.3323,3.4527,8.0,-0.03,24821.65,94.76,Financial Services,11.0,15.0,0.0,0.0,11.0,37.0,0.5,,,0.0,37.0,,18.28,13.0,"Below 200 DMA, Far from 52W high",10.44,Avoid,"Weak but watchable RSI, Near 52W low with stable RSI, Strong volume expansion, 80.0% of closes stayed inside the range | Range width 16.4% | Currently 0.0% through the range | Below lower band on elevated volume"
ADOR,Industrials,Specialty Industrial Machinery,970.63,-2.47,707.92,1685.34,37.11,42.41,36.42,1026.33,1012.68,14149.25,12739.0,0.9,Bearish,8.0,Weak but watchable RSI,-6.44,-5.88,3.34,-6.48,-8.24,-2.86,0.04,2.36,6.2,10.0,Positive 6M return,33.97,Accumulation Zone,74.21,986.07,1091.74,10.72,0.0,80.8% of closes stayed inside the range | Range width 10.7% | Currently 0.0% through the range,,,10.53,9.27,14.41,776.46,,,,,,,,25.0782,19.9707,5.1337,2.24,0.289,2846.4,36.82,Capital Goods / Infra,6.0,15.0,0.0,0.0,11.0,32.0,0.5,,,0.0,32.0,,18.04,8.0,Below 200 DMA,10.41,Avoid,"Weak but watchable RSI, Positive 6M return, 80.8% of closes stayed inside the range | Range width 10.7% | Currently 0.0% through the range"
ASIANENE,Energy,Oil & Gas Equipment & Services,266.6,-6.62,51.35,442.89,419.14,39.81,36.97,274.87,308.93,154891.2,137693.0,0.89,Bearish,8.0,Weak but watchable RSI,4.34,-0.47,-30.74,-6.48,-8.24,-2.86,10.82,7.77,-27.88,18.0,"Positive 1M return, 1M Nifty outperformance",55.0,Accumulation Zone,68.13,257.05,343.77,33.74,11.02,80.0% of closes stayed inside the range | Range width 33.7% | Currently 11.0% through the range,,,10.07,7.41,130.84,558.8,,,,,,,,38.1285,,4.355,20.0,0.838,2336.27,20.95,Energy / Utilities,6.0,20.0,0.0,0.0,6.0,32.0,0.5,,,0.0,32.0,,37.46,13.0,"Below 200 DMA, Sharp daily fall",10.32,Avoid,"Weak but watchable RSI, Positive 1M return, 1M Nifty outperformance, 80.0% of closes stayed inside the range | Range width 33.7% | Currently 11.0% through the range"
DBL,Industrials,Engineering & Construction,437.55,-2.45,158.87,585.68,175.41,25.29,47.6,453.92,479.38,450237.65,328349.0,0.73,Bearish,12.0,RSI recovering,-3.9,-3.21,-6.17,-6.48,-8.24,-2.86,2.58,5.03,-3.31,0.0,,67.95,Accumulation Zone,72.94,437.51,517.43,18.27,0.05,80.0% of closes stayed inside the range | Range width 18.3% | Currently 0.1% through the range,,,14.36,38.82,11.01,357.24,,,,,,,,5.2919,16.4891,0.7803,25.0,0.63,6610.69,25.82,Capital Goods / Infra,9.0,15.0,0.0,0.0,12.0,36.0,0.5,,,0.0,36.0,,18.04,8.0,Below 200 DMA,10.31,Avoid,"RSI recovering, 80.0% of closes stayed inside the range | Range width 18.3% | Currently 0.1% through the range"
CAMPUS,Consumer Cyclical,Footwear & Accessories,238.02,-1.84,208.34,632.6,14.24,62.37,31.8,258.06,269.44,306557.95,236346.0,0.77,Bearish,13.0,"Weak but watchable RSI, Near 52W low zone",-12.31,-9.99,-11.83,-6.48,-8.24,-2.86,-5.83,-1.75,-8.97,0.0,,64.12,Accumulation Zone,74.01,248.69,279.91,12.55,0.0,80.0% of closes stayed inside the range | Range width 12.6% | Currently 0.0% through the range,,,42.55,10.82,52.25,217.29,,,,,,,,44.6035,33.0397,7.6257,66.0,0.116,6912.64,52.29,Consumer Discretionary,9.0,20.0,0.0,0.0,7.0,36.0,0.5,,,0.0,36.0,,16.03,8.0,Below 200 DMA,10.25,Avoid,"Weak but watchable RSI, Near 52W low zone, 80.0% of closes stayed inside the range | Range width 12.6% | Currently 0.0% through the range"
APOLLOTYRE,Consumer Cyclical,Auto Parts,428.15,-2.08,238.15,571.44,79.78,25.07,30.12,485.14,476.68,1133599.75,1385179.0,1.22,Bearish,13.0,"Weak but watchable RSI, Normal volume support",-14.0,-16.67,-10.19,-6.48,-8.24,-2.86,-7.52,-8.43,-7.33,0.0,,64.12,Accumulation Zone,74.11,460.53,515.45,11.93,0.0,80.0% of closes stayed inside the range | Range width 11.9% | Currently 0.0% through the range,,,10.34,6.08,13.35,82.34,,,,,,,,16.4503,13.2258,1.6784,2.48,0.148,28054.98,43.16,Automobile,6.0,15.0,0.0,0.0,15.0,36.0,0.5,,,0.0,36.0,,16.03,8.0,Below 200 DMA,10.25,Avoid,"Weak but watchable RSI, Normal volume support, 80.0% of closes stayed inside the range | Range width 11.9% | Currently 0.0% through the range"
ALLTIME,Consumer Defensive,Household & Personal Products,208.88,-4.86,205.5,334.9,1.64,37.63,29.68,245.09,,107286.35,79033.0,0.74,Bearish,9.0,"Oversold RSI, Near 52W low zone",-12.0,-21.74,-27.42,-6.48,-8.24,-2.86,-5.52,-13.5,-24.56,0.0,,71.62,Accumulation Zone,71.53,235.66,291.0,23.48,0.0,80.0% of closes stayed inside the range | Range width 23.5% | Currently 0.0% through the range,,,10.19,5.75,8.14,124.32,,,,,,,,36.3911,,2.1707,,,1334.98,39.32,FMCG / Consumer,3.0,15.0,0.0,0.0,6.0,24.0,0.43,,,0.0,24.0,,23.54,4.0,Limited fundamental data coverage,10.18,Avoid,"Oversold RSI, Near 52W low zone, 80.0% of closes stayed inside the range | Range width 23.5% | Currently 0.0% through the range"
AVTNPL,Basic Materials,Specialty Chemicals,59.68,-1.36,50.54,119.5,18.1,50.06,32.73,64.91,67.84,85171.8,45451.0,0.53,Bearish,13.0,"Weak but watchable RSI, Near 52W low zone",-11.94,-9.34,-19.27,-6.48,-8.24,-2.86,-5.46,-1.1,-16.41,0.0,,67.69,Accumulation Zone,74.13,64.27,71.85,11.79,0.0,80.0% of closes stayed inside the range | Range width 11.8% | Currently 0.0% through the range,,,10.54,8.96,21.03,30.69,,,,,,,,15.4891,47.8596,2.3194,1.05,0.426,1297.31,49.68,Chemicals,6.0,18.0,0.0,0.0,11.0,35.0,0.5,,,0.0,35.0,,16.34,8.0,Below 200 DMA,9.95,Avoid,"Weak but watchable RSI, Near 52W low zone, 80.0% of closes stayed inside the range | Range width 11.8% | Currently 0.0% through the range"
ASAHIINDIA,Consumer Cyclical,Auto Parts,835.7,0.83,415.95,1074.0,100.91,22.19,29.87,951.52,892.83,70838.45,118642.0,1.67,Bearish,19.0,"Oversold RSI, Volume expansion, Positive day move",-14.39,-18.73,3.14,-6.48,-8.24,-2.86,-7.91,-10.49,6.0,10.0,Positive 6M return,24.12,Breakdown Risk,35.0,878.6,1015.57,15.59,0.0,80.8% of closes stayed inside the range | Range width 15.6% | Currently 0.0% through the range | Below lower band on elevated volume,,,14.56,8.15,0.15,77.14,,,,,,,,55.0376,41.0647,6.1728,21.0,0.364,24286.91,57.39,Automobile,6.0,10.0,0.0,0.0,7.0,23.0,0.5,,,0.0,23.0,,16.03,8.0,Below 200 DMA,9.7,Avoid,"Oversold RSI, Volume expansion, Positive day move, Positive 6M return, 80.8% of closes stayed inside the range | Range width 15.6% | Currently 0.0% through the range | Below lower band on elevated volume"
BAJAJHCARE,Healthcare,Drug Manufacturers - Specialty & Generic,313.4,-2.34,261.99,743.25,19.62,57.83,26.26,368.31,444.1,98901.25,158278.0,1.6,Bearish,19.0,"Oversold RSI, Near 52W low zone, Volume expansion",-16.09,-22.9,-26.96,-6.48,-8.24,-2.86,-9.61,-14.66,-24.1,0.0,,70.83,Breakdown Risk,35.0,345.77,472.94,36.78,0.0,80.0% of closes stayed inside the range | Range width 36.8% | Currently 0.0% through the range | Below lower band on elevated volume,,,14.56,9.72,8.32,32.45,,,,,,,,45.8689,,1.928,31.0,0.279,1084.02,48.73,Pharma / Healthcare,6.0,15.0,0.0,0.0,8.0,29.0,0.5,,,0.0,29.0,,18.6,8.0,Below 200 DMA,9.69,Avoid,"Oversold RSI, Near 52W low zone, Volume expansion, 80.0% of closes stayed inside the range | Range width 36.8% | Currently 0.0% through the range | Below lower band on elevated volume"
BAIDFIN,Financial Services,Credit Services,11.07,-0.81,9.02,47.94,22.7,76.91,47.39,11.12,11.15,112320.0,62027.0,0.55,Bearish,17.0,"RSI recovering, Near 52W low zone",-3.66,10.81,-3.49,-6.48,-8.24,-2.86,2.82,19.05,-0.63,25.0,"Positive 3M return, 3M Nifty outperformance",18.75,Neutral Range,68.77,10.17,11.64,14.47,61.39,80.0% of closes stayed inside the range | Range width 14.5% | Currently 61.4% through the range,,,26.62,19.29,3.32,4.38,,,,,,,,8.9358,,0.648,1.02,0.168,157.88,70.82,Financial Services,12.0,4.0,0.0,0.0,11.0,27.0,0.5,,,0.0,27.0,,18.28,13.0,"Below 200 DMA, Far from 52W high",9.69,Avoid,"RSI recovering, Near 52W low zone, Positive 3M return, 3M Nifty outperformance, 80.0% of closes stayed inside the range | Range width 14.5% | Currently 61.4% through the range"
DONEAR,Consumer Cyclical,Textile Manufacturing,88.0,-2.32,51.05,184.61,72.38,52.33,45.54,90.12,98.34,66178.75,60897.0,0.92,Bearish,12.0,RSI recovering,-3.45,-10.0,-7.43,-6.48,-8.24,-2.86,3.03,-1.76,-4.57,0.0,,64.12,Accumulation Zone,72.09,86.9,100.96,16.18,7.82,80.0% of closes stayed inside the range | Range width 16.2% | Currently 7.8% through the range,4.85,1.55,11.36,5.23,20.68,40.7,155.52,1.33,0.55,1.69,397.34,,,9.598,28.4396,1.5888,24.0,0.268,440.7,48.43,Consumer Discretionary,3.0,18.0,2.0,0.0,12.0,35.0,0.86,,,0.0,35.0,,16.03,8.0,Below 200 DMA,9.65,Avoid,"RSI recovering, 80.0% of closes stayed inside the range | Range width 16.2% | Currently 7.8% through the range"
CANFINHOME,Financial Services,Mortgage Finance,805.78,-1.71,432.62,962.69,86.26,16.3,32.64,893.11,820.71,146505.95,154884.0,1.06,Bearish,13.0,"Weak but watchable RSI, Normal volume support",-12.4,-10.26,8.59,-6.48,-8.24,-2.86,-5.92,-2.02,11.45,10.0,Positive 6M return,31.25,Accumulation Zone,69.38,769.71,921.76,19.75,23.72,80.0% of closes stayed inside the range | Range width 19.8% | Currently 23.7% through the range,,,,61.9,15.11,18.27,,,,,,,,9.4693,8.603,1.8157,1.99,0.417,10858.76,98.93,Financial Services,6.0,16.0,0.0,0.0,14.0,36.0,0.43,,,0.0,36.0,,18.28,12.0,"Below 200 DMA, Limited fundamental data coverage",9.09,Avoid,"Weak but watchable RSI, Normal volume support, Positive 6M return, 80.0% of closes stayed inside the range | Range width 19.8% | Currently 23.7% through the range"
ALBERTDAVD,Healthcare,Drug Manufacturers - Specialty & Generic,644.04,-4.6,489.31,1731.68,31.62,62.81,28.5,708.09,789.24,4223.55,8742.0,2.07,Bearish,19.0,"Oversold RSI, Strong volume expansion",-4.67,-17.2,-18.87,-6.48,-8.24,-2.86,1.81,-8.96,-16.01,0.0,,70.83,Breakdown Risk,35.0,682.87,810.0,18.62,0.0,80.0% of closes stayed inside the range | Range width 18.6% | Currently 0.0% through the range | Below lower band on elevated volume,,,9.34,17.02,3.08,563.51,,,,,,,,22.7321,,1.3098,56.0,0.293,512.85,65.76,Pharma / Healthcare,5.0,12.0,0.0,0.0,10.0,27.0,0.5,,,0.0,27.0,,18.6,8.0,Below 200 DMA,8.99,Avoid,"Oversold RSI, Strong volume expansion, 80.0% of closes stayed inside the range | Range width 18.6% | Currently 0.0% through the range | Below lower band on elevated volume"
BLUEDART,Industrials,Integrated Freight & Logistics,5300.0,-1.92,5190.5,9531.43,2.11,44.39,32.18,5557.81,5906.88,8267.95,10868.0,1.31,Bearish,26.0,"Weak but watchable RSI, Near 52W low with stable RSI, Volume expansion",-9.33,-2.96,-7.11,-6.48,-8.24,-2.86,-2.85,5.28,-4.25,0.0,,67.95,Accumulation Zone,76.93,5388.85,5999.9,11.34,0.0,80.0% of closes stayed inside the range | Range width 11.3% | Currently 0.0% through the range,,,8.43,4.23,12.08,39.93,,,,,,,,41.1913,27.0629,6.6622,50.0,0.227,11839.05,25.16,Capital Goods / Infra,0.0,15.0,0.0,0.0,7.0,22.0,0.5,,,0.0,22.0,,18.04,8.0,Below 200 DMA,8.91,Avoid,"Weak but watchable RSI, Near 52W low with stable RSI, Volume expansion, 80.0% of closes stayed inside the range | Range width 11.3% | Currently 0.0% through the range"
BANSWRAS,Consumer Cyclical,Textile Manufacturing,109.22,-0.5,91.2,181.11,19.75,39.7,45.55,110.61,125.61,46647.4,76517.0,1.64,Bearish,27.0,"RSI recovering, Near 52W low zone, Volume expansion",-2.58,-5.79,-12.89,-6.48,-8.24,-2.86,3.9,2.45,-10.03,0.0,,64.12,Accumulation Zone,72.47,104.53,125.12,19.69,22.75,80.0% of closes stayed inside the range | Range width 19.7% | Currently 22.8% through the range,,,7.17,4.12,-1.38,97.6,,,,,,,,10.7624,,0.6841,99.0,-0.085,400.1,56.54,Consumer Discretionary,0.0,10.0,0.0,0.0,12.0,22.0,0.5,,Revenue contraction,0.0,22.0,,16.03,8.0,Below 200 DMA,8.85,Avoid,"RSI recovering, Near 52W low zone, Volume expansion, 80.0% of closes stayed inside the range | Range width 19.7% | Currently 22.8% through the range"
CDSL,Financial Services,Capital Markets,1199.56,-1.11,423.05,1955.87,183.55,38.67,32.94,1348.85,1520.79,1653453.8,2081372.0,1.26,Bearish,13.0,"Weak but watchable RSI, Normal volume support",-9.08,-20.41,-20.54,-6.48,-8.24,-2.86,-2.6,-12.17,-17.68,0.0,,67.71,Accumulation Zone,72.53,1310.95,1604.81,22.42,0.0,80.0% of closes stayed inside the range | Range width 22.4% | Currently 0.0% through the range,,,47.29,43.81,17.58,30.25,,,,,,,,62.4867,47.5629,15.0871,90.0,0.388,29567.23,100.0,Financial Services,12.0,18.0,0.0,0.0,5.0,35.0,0.5,,,-4.0,31.0,Expensive relative to book value for this sector,18.28,8.0,Below 200 DMA,8.84,Avoid,"Weak but watchable RSI, Normal volume support, 80.0% of closes stayed inside the range | Range width 22.4% | Currently 0.0% through the range"
CAPLIPOINT,Healthcare,Drug Manufacturers - Specialty & Generic,1667.3,0.35,567.62,2628.59,193.73,36.57,38.66,1769.73,1982.17,69250.35,86795.0,1.25,Bearish,18.0,"Weak but watchable RSI, Normal volume support, Positive day move",-8.5,-13.33,-21.77,-6.48,-8.24,-2.86,-2.02,-5.09,-18.91,0.0,,70.83,Accumulation Zone,74.25,1719.52,2029.19,18.01,0.0,80.0% of closes stayed inside the range | Range width 18.0% | Currently 0.0% through the range,,,31.4,30.19,6.38,7.25,,,,,,,,29.0703,22.7389,5.4482,31.0,0.373,19133.66,59.97,Pharma / Healthcare,12.0,4.0,0.0,0.0,11.0,27.0,0.5,,,0.0,27.0,,18.6,8.0,Below 200 DMA,8.74,Avoid,"Weak but watchable RSI, Normal volume support, Positive day move, 80.0% of closes stayed inside the range | Range width 18.0% | Currently 0.0% through the range"
AHLEAST,Unknown,Unknown,154.17,-3.66,80.01,195.59,92.7,21.18,52.22,144.76,147.21,7978.45,1105.0,0.14,Bullish,50.0,"Above 50 DMA, Above 200 DMA, Healthy RSI momentum",8.42,13.8,-5.37,-6.48,-8.24,-2.86,14.9,22.04,-2.51,43.0,"Positive 1M return, Positive 3M return, 1M Nifty outperformance, 3M Nifty outperformance",11.11,Profit Booking Zone,81.3,133.31,154.19,15.66,99.9,80.0% of closes stayed inside the range | Range width 15.7% | Currently 99.9% through the range,,,34.38,-142.52,41.66,-654.43,,,,,,,,,,,,,,,General,6.0,10.0,0.0,0.0,0.0,16.0,0.29,,"Negative net margin, Earnings contraction",0.0,16.0,,12.22,22.0,"Low volume participation, Negative net margin, Earnings contraction, Limited fundamental data coverage",8.68,Avoid,"Above 50 DMA, Above 200 DMA, Healthy RSI momentum, Positive 1M return, Positive 3M return, 1M Nifty outperformance, 3M Nifty outperformance, 80.0% of closes stayed inside the range | Range width 15.7% | Currently 99.9% through the range"
DBCORP,Communication Services,Publishing,200.41,-3.39,79.37,371.11,152.49,46.0,27.63,234.21,250.56,55715.15,51034.0,0.92,Bearish,4.0,Oversold RSI,-13.58,-14.33,-24.65,-6.48,-8.24,-2.86,-7.1,-6.09,-21.79,0.0,,67.86,Accumulation Zone,72.9,228.01,259.62,13.86,0.0,80.8% of closes stayed inside the range | Range width 13.9% | Currently 0.0% through the range,,,19.05,15.78,8.19,18.14,,,,,,,,10.3935,9.4438,1.4863,3.46,0.189,3610.9,52.8,Telecom,10.0,13.0,0.0,0.0,15.0,38.0,0.5,,,0.0,38.0,,14.18,8.0,Below 200 DMA,8.43,Avoid,"Oversold RSI, 80.8% of closes stayed inside the range | Range width 13.9% | Currently 0.0% through the range"
AVROIND,Consumer Cyclical,"Furnishings, Fixtures & Appliances",12.75,-3.71,9.4,23.05,35.68,44.67,47.56,12.8,14.31,137116.5,107530.0,0.78,Bearish,12.0,RSI recovering,1.42,6.65,-10.36,-6.48,-8.24,-2.86,7.9,14.89,-7.5,43.0,"Positive 1M return, Positive 3M return, 1M Nifty outperformance, 3M Nifty outperformance",12.35,Lower Range Watch,65.51,11.5,14.5,26.06,41.76,80.0% of closes stayed inside the range | Range width 26.1% | Currently 41.8% through the range,,,-2.1,4.4,16.19,-11.59,,,,,,,,inf,,1.3968,,-0.213,12.48,34.22,Consumer Discretionary,0.0,8.0,0.0,0.0,4.0,12.0,0.43,,"Earnings contraction, Very high PE",0.0,12.0,,16.03,12.0,"Below 200 DMA, Limited fundamental data coverage",8.35,Avoid,"RSI recovering, Positive 1M return, Positive 3M return, 1M Nifty outperformance, 3M Nifty outperformance, 80.0% of closes stayed inside the range | Range width 26.1% | Currently 41.8% through the range"
DLINKINDIA,Technology,Communication Equipment,369.65,-2.06,140.91,659.35,162.33,43.94,41.65,386.16,437.01,76286.05,76389.0,1.0,Bearish,13.0,"Weak but watchable RSI, Normal volume support",0.34,-6.39,-17.25,-6.48,-8.24,-2.86,6.82,1.85,-14.39,18.0,"Positive 1M return, 1M Nifty outperformance",24.14,Accumulation Zone,73.03,377.07,449.04,19.09,0.0,80.0% of closes stayed inside the range | Range width 19.1% | Currently 0.0% through the range,,,8.29,6.75,4.94,5.19,,,,,,,,14.4948,,3.1121,9.36,0.362,1573.75,14.3,IT / Technology,3.0,4.0,0.0,0.0,10.0,17.0,0.5,,,0.0,17.0,,16.9,8.0,Below 200 DMA,8.24,Avoid,"Weak but watchable RSI, Normal volume support, Positive 1M return, 1M Nifty outperformance, 80.0% of closes stayed inside the range | Range width 19.1% | Currently 0.0% through the range"
CAPITALSFB,Financial Services,Banks - Regional,245.17,-2.25,242.7,453.51,1.02,45.94,29.92,257.47,275.22,25316.2,23267.0,0.92,Bearish,9.0,"Oversold RSI, Near 52W low zone",-4.68,-8.96,-16.03,-6.48,-8.24,-2.86,1.8,-0.72,-13.17,0.0,,67.71,Accumulation Zone,73.47,252.68,279.48,10.61,0.0,80.0% of closes stayed inside the range | Range width 10.6% | Currently 0.0% through the range,2.41,0.28,,23.6,9.88,7.5,39.57,,,1744.0,565.52,,,8.5065,5.4725,0.8598,1.78,0.849,1280.53,0.0,Banking,6.0,7.0,10.0,0.0,14.0,37.0,0.64,Cash covers debt,,-5.0,32.0,Weak ROE for a leveraged-balance-sheet business,18.28,8.0,Below 200 DMA,8.19,Avoid,"Oversold RSI, Near 52W low zone, Cash covers debt, 80.0% of closes stayed inside the range | Range width 10.6% | Currently 0.0% through the range"
CENTRALBK,Financial Services,Banks - Regional,35.2,-3.61,18.26,74.12,92.74,52.5,37.83,37.0,36.72,10935072.45,11169102.0,1.02,Bearish,13.0,"Weak but watchable RSI, Normal volume support",-3.3,-0.82,2.78,-6.48,-8.24,-2.86,3.18,7.42,5.64,10.0,Positive 6M return,31.25,Accumulation Zone,74.81,35.72,38.32,7.27,0.0,80.0% of closes stayed inside the range | Range width 7.3% | Currently 0.0% through the range,3.2,0.24,,23.18,5.44,-1.38,83.95,,,36962.55,33162.64,,,6.0595,,0.6757,4.54,0.378,27642.98,0.0,Banking,6.0,2.0,7.0,0.0,12.0,27.0,0.64,Cash covers debt,Earnings contraction,-5.0,22.0,Weak ROE for a leveraged-balance-sheet business,18.28,8.0,Below 200 DMA,8.19,Avoid,"Weak but watchable RSI, Normal volume support, Cash covers debt, Positive 6M return, 80.0% of closes stayed inside the range | Range width 7.3% | Currently 0.0% through the range"
AIROLAM,Consumer Cyclical,"Furnishings, Fixtures & Appliances",90.07,0.6,64.5,196.8,39.64,54.23,43.01,94.54,104.07,2272.1,1274.0,0.56,Bearish,13.0,"Weak but watchable RSI, Positive day move",-4.5,-15.43,-16.7,-6.48,-8.24,-2.86,1.98,-7.19,-13.84,0.0,,64.12,Accumulation Zone,73.02,91.74,109.35,19.2,0.0,80.0% of closes stayed inside the range | Range width 19.2% | Currently 0.0% through the range,4.0,1.35,4.17,1.37,296.79,168.62,123.15,1.35,0.62,0.32,90.28,13.88,-3.8,25.3943,,2.1132,,-0.558,133.34,33.27,Consumer Discretionary,0.0,20.0,4.0,9.0,8.0,41.0,0.93,,Negative free cash flow,0.0,41.0,,16.03,12.0,"Below 200 DMA, Negative free cash flow",8.0,Avoid,"Weak but watchable RSI, Positive day move, 80.0% of closes stayed inside the range | Range width 19.2% | Currently 0.0% through the range"
ALLDIGI,Industrials,Specialty Business Services,737.58,-2.56,357.37,1090.01,106.39,32.33,36.67,791.53,836.45,10717.5,8986.0,0.84,Bearish,8.0,Weak but watchable RSI,-14.1,-6.83,-17.96,-6.48,-8.24,-2.86,-7.62,1.41,-15.1,0.0,,67.95,Accumulation Zone,72.83,761.63,864.26,13.47,0.0,80.0% of closes stayed inside the range | Range width 13.5% | Currently 0.0% through the range,,,20.62,13.65,6.09,39.96,,,,,,,,14.5191,,4.9401,7.53,0.339,1239.87,42.25,Capital Goods / Infra,10.0,12.0,0.0,0.0,10.0,32.0,0.5,,,0.0,32.0,,18.04,8.0,Below 200 DMA,7.91,Avoid,"Weak but watchable RSI, 80.0% of closes stayed inside the range | Range width 13.5% | Currently 0.0% through the range"
DSSL,Technology,Information Technology Services,890.96,0.92,253.5,1735.26,251.47,48.66,40.86,955.11,983.64,34454.4,87433.0,2.54,Bearish,28.0,"Weak but watchable RSI, Strong volume expansion, Positive day move",-5.09,-0.51,-8.41,-6.48,-8.24,-2.86,1.39,7.73,-5.55,0.0,,67.24,Accumulation Zone,76.06,883.13,999.39,13.16,6.73,80.0% of closes stayed inside the range | Range width 13.2% | Currently 6.7% through the range,,,10.72,6.89,-3.35,3.58,,,,,,,,16.0333,,4.306,5.0,0.767,1362.74,12.87,IT / Technology,6.0,2.0,0.0,0.0,10.0,18.0,0.5,,Revenue contraction,0.0,18.0,,16.9,8.0,Below 200 DMA,7.84,Avoid,"Weak but watchable RSI, Strong volume expansion, Positive day move, 80.0% of closes stayed inside the range | Range width 13.2% | Currently 6.7% through the range"
CLSEL,Consumer Defensive,Packaged Foods,243.45,-3.37,100.2,443.21,142.97,45.07,39.06,260.48,287.93,632416.2,85840.0,0.14,Bearish,8.0,Weak but watchable RSI,-9.35,-8.32,-14.1,-6.48,-8.24,-2.86,-2.87,-0.08,-11.24,0.0,,71.62,Accumulation Zone,73.11,251.68,280.82,11.58,0.0,80.0% of closes stayed inside the range | Range width 11.6% | Currently 0.0% through the range,,,11.56,8.34,57.9,89.87,,,,,,,,11.722,,1.7374,85.0,0.533,1457.21,23.34,FMCG / Consumer,6.0,20.0,0.0,0.0,12.0,38.0,0.5,,,0.0,38.0,,23.54,11.0,"Below 200 DMA, Low volume participation",7.83,Avoid,"Weak but watchable RSI, 80.0% of closes stayed inside the range | Range width 11.6% | Currently 0.0% through the range"
BALUFORGE,Industrials,Metal Fabrication,452.9,-1.23,222.75,886.75,103.32,48.93,44.37,478.05,604.39,1166342.9,539400.0,0.46,Bearish,8.0,Weak but watchable RSI,2.34,-23.54,-31.86,-6.48,-8.24,-2.86,8.82,-15.3,-29.0,18.0,"Positive 1M return, 1M Nifty outperformance",30.77,Accumulation Zone,67.17,442.43,646.17,46.05,5.14,80.0% of closes stayed inside the range | Range width 46.0% | Currently 5.1% through the range,,,26.23,22.85,3.87,9.31,,,,,,,,26.2126,,4.1473,2.0,0.567,7345.68,35.57,Metals / Mining,12.0,7.0,0.0,0.0,8.0,27.0,0.5,,,0.0,27.0,,18.04,11.0,"Below 200 DMA, Low volume participation",7.66,Avoid,"Weak but watchable RSI, Positive 1M return, 1M Nifty outperformance, 80.0% of closes stayed inside the range | Range width 46.0% | Currently 5.1% through the range"
ANDHRAPAP,Basic Materials,Paper & Paper Products,62.98,-3.58,60.67,129.86,3.81,51.5,36.01,65.64,73.2,149100.0,145403.0,0.98,Bearish,16.0,"Weak but watchable RSI, Near 52W low with stable RSI",-2.73,-3.42,-18.63,-6.48,-8.24,-2.86,3.75,4.82,-15.77,0.0,,67.69,Accumulation Zone,73.12,63.82,78.32,22.71,0.0,80.0% of closes stayed inside the range | Range width 22.7% | Currently 0.0% through the range,,,-2.86,2.35,15.63,148.61,,,,,,,,43.3121,,0.6262,82.0,0.084,1214.38,32.81,General,0.0,18.0,0.0,0.0,8.0,26.0,0.5,,,0.0,26.0,,16.34,8.0,Below 200 DMA,7.55,Avoid,"Weak but watchable RSI, Near 52W low with stable RSI, 80.0% of closes stayed inside the range | Range width 22.7% | Currently 0.0% through the range"
ARKADE,Real Estate,Real Estate - Development,107.2,-2.68,104.9,212.57,2.19,49.57,25.73,122.12,163.77,255766.1,366691.0,1.43,Bearish,19.0,"Oversold RSI, Near 52W low zone, Volume expansion",-13.12,-32.12,-40.37,-6.48,-8.24,-2.86,-6.64,-23.88,-37.51,0.0,,58.82,Breakdown Risk,35.0,114.31,172.14,50.59,0.0,80.0% of closes stayed inside the range | Range width 50.6% | Currently 0.0% through the range | Below lower band on elevated volume,,,25.97,20.48,23.38,40.13,,,,,,,,,,2.6787,1.42,,2364.98,30.92,Cement / Realty,12.0,18.0,0.0,0.0,5.0,35.0,0.43,,,0.0,35.0,,16.2,12.0,"Below 200 DMA, Limited fundamental data coverage",7.43,Avoid,"Oversold RSI, Near 52W low zone, Volume expansion, 80.0% of closes stayed inside the range | Range width 50.6% | Currently 0.0% through the range | Below lower band on elevated volume"
ADROITINFO,Technology,Information Technology Services,9.76,1.14,8.1,30.4,20.49,67.89,49.61,9.87,10.6,85326.65,336161.0,3.94,Bearish,37.0,"RSI recovering, Near 52W low zone, Strong volume expansion, Positive day move",-2.89,-5.06,-7.14,-6.48,-8.24,-2.86,3.59,3.18,-4.28,0.0,,67.24,Accumulation Zone,77.21,9.64,11.38,18.05,6.78,80.0% of closes stayed inside the range | Range width 18.0% | Currently 6.8% through the range,,,11.03,10.64,25.27,98.42,,,,,,,,13.2152,,0.7293,,-0.195,57.03,45.72,IT / Technology,6.0,20.0,0.0,0.0,10.0,36.0,0.43,,,0.0,36.0,,16.9,17.0,"Below 200 DMA, Far from 52W high, Limited fundamental data coverage",7.39,Avoid,"RSI recovering, Near 52W low zone, Strong volume expansion, Positive day move, 80.0% of closes stayed inside the range | Range width 18.0% | Currently 6.8% through the range"
ASALCBR,Consumer Defensive,Beverages - Wineries & Distilleries,741.1,-3.17,312.91,1493.32,136.84,50.37,28.61,860.92,1000.08,42600.25,42167.0,0.99,Bearish,4.0,Oversold RSI,-13.11,-23.64,-26.06,-6.48,-8.24,-2.86,-6.63,-15.4,-23.2,0.0,,71.62,Accumulation Zone,69.72,811.89,1043.85,28.57,0.0,80.0% of closes stayed inside the range | Range width 28.6% | Currently 0.0% through the range,,,13.39,10.48,2.58,94.89,,,,,,,,16.8474,13.1342,1.9608,28.0,0.411,1434.66,35.02,FMCG / Consumer,6.0,10.0,0.0,0.0,15.0,31.0,0.5,,,0.0,31.0,,23.54,8.0,Below 200 DMA,7.38,Avoid,"Oversold RSI, 80.0% of closes stayed inside the range | Range width 28.6% | Currently 0.0% through the range"
CEATLTD,Consumer Cyclical,Auto Parts,3283.29,-4.08,1307.9,4393.16,151.03,25.26,31.75,3727.18,3622.92,123186.7,107865.0,0.88,Bearish,8.0,Weak but watchable RSI,-15.48,-13.47,-1.01,-6.48,-8.24,-2.86,-9.0,-5.23,1.85,0.0,,64.12,Accumulation Zone,72.35,3419.8,3988.39,16.63,0.0,80.0% of closes stayed inside the range | Range width 16.6% | Currently 0.0% through the range,,,9.03,3.75,17.8,39.08,,,,,,,,24.0448,14.777,2.4142,100.0,0.469,14204.05,38.51,Automobile,0.0,18.0,0.0,0.0,13.0,31.0,0.5,,,0.0,31.0,,16.03,8.0,Below 200 DMA,7.25,Avoid,"Weak but watchable RSI, 80.0% of closes stayed inside the range | Range width 16.6% | Currently 0.0% through the range"
CUBEXTUB,Basic Materials,Copper,91.54,-4.06,24.25,143.69,277.48,36.29,28.5,110.97,97.61,171372.95,152187.0,0.89,Bearish,4.0,Oversold RSI,-20.25,5.63,9.66,-6.48,-8.24,-2.86,-13.77,13.87,12.52,35.0,"Positive 3M return, Positive 6M return, 3M Nifty outperformance",11.54,Accumulation Zone,68.59,89.7,115.76,29.05,7.06,80.0% of closes stayed inside the range | Range width 29.1% | Currently 7.1% through the range,,,4.51,4.14,1.81,78.28,,,,,,,,14.6888,,1.3305,,0.923,110.84,2.87,Metals / Mining,0.0,10.0,0.0,0.0,10.0,20.0,0.43,,,0.0,20.0,,16.34,12.0,"Below 200 DMA, Limited fundamental data coverage",7.2,Avoid,"Oversold RSI, Positive 3M return, Positive 6M return, 3M Nifty outperformance, 80.0% of closes stayed inside the range | Range width 29.1% | Currently 7.1% through the range"
DDEVPLSTIK,Basic Materials,Specialty Chemicals,259.9,-4.33,211.1,359.35,23.11,27.67,35.68,286.62,295.06,66135.05,112704.0,1.7,Bearish,23.0,"Weak but watchable RSI, Near 52W low zone, Volume expansion",-11.39,-9.34,-18.91,-6.48,-8.24,-2.86,-4.91,-1.1,-16.05,0.0,,67.69,Breakdown Risk,35.0,274.54,344.52,25.49,0.0,80.0% of closes stayed inside the range | Range width 25.5% | Currently 0.0% through the range | Below lower band on elevated volume,,,9.67,6.56,7.75,1.99,,,,,,,,14.3029,8.7203,2.8488,63.0,-0.045,2887.52,17.57,Chemicals,3.0,2.0,0.0,0.0,15.0,20.0,0.5,,,0.0,20.0,,16.34,8.0,Below 200 DMA,7.2,Avoid,"Weak but watchable RSI, Near 52W low zone, Volume expansion, 80.0% of closes stayed inside the range | Range width 25.5% | Currently 0.0% through the range | Below lower band on elevated volume"
BEPL,Basic Materials,Chemicals,75.91,-1.24,46.55,164.4,63.09,53.82,31.46,82.42,95.54,290337.1,750483.0,2.58,Bearish,23.0,"Weak but watchable RSI, Strong volume expansion",-8.66,-12.87,-24.44,-6.48,-8.24,-2.86,-2.18,-4.63,-21.58,0.0,,67.69,Breakdown Risk,35.0,80.02,97.56,21.93,0.0,80.0% of closes stayed inside the range | Range width 21.9% | Currently 0.0% through the range | Below lower band on elevated volume,,,16.08,14.01,-2.12,-8.0,,,,,,,,15.3632,21.2234,2.8377,3.24,0.188,3073.9,32.7,Chemicals,8.0,0.0,0.0,0.0,12.0,20.0,0.5,,"Revenue contraction, Earnings contraction",0.0,20.0,,16.34,8.0,Below 200 DMA,7.2,Avoid,"Weak but watchable RSI, Strong volume expansion, 80.0% of closes stayed inside the range | Range width 21.9% | Currently 0.0% through the range | Below lower band on elevated volume"
AARVI,Industrials,Staffing & Employment Services,122.45,-4.63,85.2,190.49,43.72,35.72,46.28,125.94,118.3,25285.7,18234.0,0.72,Bearish,27.0,"Above 200 DMA, RSI recovering",-5.29,-0.04,-0.74,-6.48,-8.24,-2.86,1.19,8.2,2.12,0.0,,67.95,Lower Range Watch,71.93,118.18,130.01,10.01,36.06,80.0% of closes stayed inside the range | Range width 10.0% | Currently 36.1% through the range,,,2.93,2.4,5.41,-16.41,,,,,,,,10.9592,,1.483,1.38,-0.084,210.68,27.08,Capital Goods / Infra,0.0,2.0,0.0,0.0,11.0,13.0,0.5,,Earnings contraction,0.0,13.0,,18.04,7.0,Earnings contraction,7.01,Avoid,"Above 200 DMA, RSI recovering, 80.0% of closes stayed inside the range | Range width 10.0% | Currently 36.1% through the range"
BRIGADE,Real Estate,Real Estate - Development,495.54,-0.38,319.48,1081.58,55.11,54.18,27.82,587.47,705.86,455515.15,289463.0,0.64,Bearish,4.0,Oversold RSI,-13.11,-22.97,-27.17,-6.48,-8.24,-2.86,-6.63,-14.73,-24.31,0.0,,58.82,Accumulation Zone,69.11,552.12,732.53,32.68,0.0,80.0% of closes stayed inside the range | Range width 32.7% | Currently 0.0% through the range,,,21.0,11.84,22.95,24.45,,,,,,,,33.2256,17.1705,30.7106,30.0,0.16,20947.78,52.99,Cement / Realty,8.0,16.0,0.0,0.0,9.0,33.0,0.5,,,0.0,33.0,,16.2,8.0,Below 200 DMA,6.98,Avoid,"Oversold RSI, 80.0% of closes stayed inside the range | Range width 32.7% | Currently 0.0% through the range"
DRCSYSTEMS,Technology,Information Technology Services,13.23,-4.41,8.57,34.9,54.44,62.09,29.46,16.19,18.25,113256.95,63427.0,0.56,Bearish,4.0,Oversold RSI,-25.0,-23.57,-36.46,-6.48,-8.24,-2.86,-18.52,-15.33,-33.6,0.0,,67.24,Accumulation Zone,69.09,15.26,20.26,32.78,0.0,80.0% of closes stayed inside the range | Range width 32.8% | Currently 0.0% through the range,,,21.29,20.07,19.06,26.83,,,,,,,,8.7055,,1.6272,,0.614,183.13,35.54,IT / Technology,11.0,18.0,0.0,0.0,10.0,39.0,0.43,,,5.0,44.0,Strong operating margin,16.9,12.0,"Below 200 DMA, Limited fundamental data coverage",6.93,Avoid,"Oversold RSI, 80.0% of closes stayed inside the range | Range width 32.8% | Currently 0.0% through the range"
AFFLE,Communication Services,Advertising Agencies,1391.0,2.99,866.5,2185.9,60.53,36.36,37.87,1610.68,1810.59,284305.05,440900.0,1.55,Bearish,28.0,"Weak but watchable RSI, Volume expansion, Strong positive day move",-15.56,-13.61,-27.91,-6.48,-8.24,-2.86,-9.08,-5.37,-25.05,0.0,,67.86,Breakdown Risk,35.0,1518.51,1958.14,28.95,0.0,80.0% of closes stayed inside the range | Range width 29.0% | Currently 0.0% through the range | Below lower band on elevated volume,,,18.1,16.63,15.58,13.1,,,,,,,,47.8924,32.6885,6.2302,,0.105,22802.77,28.42,Telecom,10.0,13.0,0.0,0.0,5.0,28.0,0.43,,,0.0,28.0,,14.18,12.0,"Below 200 DMA, Limited fundamental data coverage",6.93,Avoid,"Weak but watchable RSI, Volume expansion, Strong positive day move, 80.0% of closes stayed inside the range | Range width 29.0% | Currently 0.0% through the range | Below lower band on elevated volume"
COMSYN,Consumer Cyclical,Packaging & Containers,153.0,-0.03,52.84,199.9,189.53,23.46,36.09,161.2,145.09,256627.45,87095.0,0.34,Bearish,23.0,"Above 200 DMA, Weak but watchable RSI",-8.46,10.86,-0.66,-6.48,-8.24,-2.86,-1.98,19.1,2.2,25.0,"Positive 3M return, 3M Nifty outperformance",15.88,Neutral Range,67.65,139.2,167.63,20.43,48.55,80.0% of closes stayed inside the range | Range width 20.4% | Currently 48.5% through the range,,,9.6,6.16,-0.99,-28.73,,,,,,,,39.7743,,6.3374,14.0,0.079,1137.57,48.2,Consumer Discretionary,3.0,0.0,0.0,0.0,4.0,7.0,0.5,,"Revenue contraction, Earnings contraction",0.0,7.0,,16.03,10.0,"Low volume participation, Earnings contraction",6.85,Avoid,"Above 200 DMA, Weak but watchable RSI, Positive 3M return, 3M Nifty outperformance, 80.0% of closes stayed inside the range | Range width 20.4% | Currently 48.5% through the range"
CRAMC,Financial Services,Asset Management,217.82,-2.66,212.17,348.32,2.66,37.47,24.29,266.79,,476266.2,852792.0,1.79,Bearish,19.0,"Oversold RSI, Near 52W low zone, Volume expansion",-14.24,-21.48,,-6.48,-8.24,-2.86,-7.76,-13.24,,0.0,,67.71,Breakdown Risk,35.0,248.97,310.7,24.79,0.0,79.6% of closes stayed inside the range | Range width 24.8% | Currently 0.0% through the range | Below lower band on elevated volume,,,54.02,48.06,13.11,-13.49,,,,,,,,23.7352,18.8288,6.9492,1.54,,5182.86,76.6,Financial Services,12.0,5.0,0.0,0.0,8.0,25.0,0.5,,Earnings contraction,-4.0,21.0,Expensive relative to book value for this sector,18.28,8.0,Extreme RSI weakness,6.84,Avoid,"Oversold RSI, Near 52W low zone, Volume expansion, 79.6% of closes stayed inside the range | Range width 24.8% | Currently 0.0% through the range | Below lower band on elevated volume"
AGARWALEYE,Healthcare,Medical Instruments & Supplies,449.3,1.36,327.0,568.0,37.4,20.9,47.25,467.74,459.51,133240.05,82320.0,0.62,Bearish,17.0,"RSI recovering, Positive day move",-0.19,-11.21,8.16,-6.48,-8.24,-2.86,6.29,-2.97,11.02,20.0,"Positive 6M return, 1M Nifty outperformance",25.0,Accumulation Zone,73.47,445.62,521.0,16.92,4.89,80.0% of closes stayed inside the range | Range width 16.9% | Currently 4.9% through the range,,,14.22,6.37,8.71,12.28,,,,,,,,106.457,60.4355,7.9427,,,16096.4,43.61,Pharma / Healthcare,6.0,10.0,0.0,0.0,3.0,19.0,0.43,,Very high PE,0.0,19.0,,18.6,12.0,"Below 200 DMA, Limited fundamental data coverage",6.69,Avoid,"RSI recovering, Positive day move, Positive 6M return, 1M Nifty outperformance, 80.0% of closes stayed inside the range | Range width 16.9% | Currently 4.9% through the range"
CONFIPET,Energy,Oil & Gas Refining & Marketing,28.81,-3.09,28.06,119.61,2.67,75.91,32.36,33.11,44.08,429975.65,555520.0,1.29,Bearish,21.0,"Weak but watchable RSI, Near 52W low with stable RSI, Normal volume support",-7.81,-16.81,-40.2,-6.48,-8.24,-2.86,-1.33,-8.57,-37.34,0.0,,85.0,Accumulation Zone,70.95,31.69,45.7,44.18,0.0,80.0% of closes stayed inside the range | Range width 44.2% | Currently 0.0% through the range,,,3.1,1.51,41.8,3.54,,,,,,,,19.721,,1.8779,13.0,0.585,2653.61,13.91,Energy / Utilities,0.0,12.0,0.0,0.0,12.0,24.0,0.5,,,0.0,24.0,,37.46,13.0,"Below 200 DMA, Far from 52W high",6.27,Avoid,"Weak but watchable RSI, Near 52W low with stable RSI, Normal volume support, 80.0% of closes stayed inside the range | Range width 44.2% | Currently 0.0% through the range"
AARTIPHARM,Healthcare,Drug Manufacturers - Specialty & Generic,681.05,-2.73,231.61,966.33,194.06,29.52,39.24,741.9,815.67,196729.1,106712.0,0.54,Bearish,8.0,Weak but watchable RSI,-12.14,-2.12,-22.47,-6.48,-8.24,-2.86,-5.66,6.12,-19.61,0.0,,70.83,Accumulation Zone,71.7,699.15,845.61,20.95,0.0,80.0% of closes stayed inside the range | Range width 20.9% | Currently 0.0% through the range,,,17.05,11.09,3.33,71.74,,,,,,,,37.3147,32.9686,3.5885,48.0,0.232,7623.45,54.19,Pharma / Healthcare,6.0,12.0,0.0,0.0,9.0,27.0,0.5,,,0.0,27.0,,18.6,8.0,Below 200 DMA,6.24,Avoid,"Weak but watchable RSI, 80.0% of closes stayed inside the range | Range width 20.9% | Currently 0.0% through the range"
DYCL,Industrials,Electrical Equipment & Parts,268.78,-3.94,65.52,546.44,310.2,50.81,36.48,304.01,383.55,209999.35,171130.0,0.81,Bearish,8.0,Weak but watchable RSI,-9.3,-16.88,-37.22,-6.48,-8.24,-2.86,-2.82,-8.64,-34.36,0.0,,67.95,Accumulation Zone,68.4,287.67,411.35,42.99,0.0,80.0% of closes stayed inside the range | Range width 43.0% | Currently 0.0% through the range,,,10.42,7.51,14.02,23.15,,,,,,,,23.8086,,5.1676,10.0,0.091,2362.84,19.32,Capital Goods / Infra,6.0,13.0,0.0,0.0,8.0,27.0,0.5,,,0.0,27.0,,18.04,8.0,Below 200 DMA,6.16,Avoid,"Weak but watchable RSI, 80.0% of closes stayed inside the range | Range width 43.0% | Currently 0.0% through the range"
CARBORUNIV,Industrials,Conglomerates,794.41,-0.99,745.31,1823.05,6.59,56.42,41.97,818.19,896.48,180796.55,78714.0,0.44,Bearish,16.0,"Weak but watchable RSI, Near 52W low with stable RSI",3.23,-8.28,-15.73,-6.48,-8.24,-2.86,9.71,-0.04,-12.87,18.0,"Positive 1M return, 1M Nifty outperformance",30.77,Accumulation Zone,74.16,802.07,928.7,15.79,0.0,80.0% of closes stayed inside the range | Range width 15.8% | Currently 0.0% through the range,,,7.54,5.96,5.48,22.67,,,,,,,,102.2711,36.9883,5.4552,36.0,0.342,21275.64,56.52,Capital Goods / Infra,0.0,10.0,0.0,0.0,7.0,17.0,0.5,,Very high PE,0.0,17.0,,18.04,11.0,"Below 200 DMA, Low volume participation",6.16,Avoid,"Weak but watchable RSI, Near 52W low with stable RSI, Positive 1M return, 1M Nifty outperformance, 80.0% of closes stayed inside the range | Range width 15.8% | Currently 0.0% through the range"
BFINVEST,Financial Services,Asset Management,364.02,-3.26,254.36,811.01,43.12,55.11,38.04,389.68,442.87,18873.4,32746.0,1.74,Bearish,18.0,"Weak but watchable RSI, Volume expansion",-6.81,-11.69,-19.48,-6.48,-8.24,-2.86,-0.33,-3.45,-16.62,0.0,,67.71,Accumulation Zone,73.1,373.92,469.83,25.65,0.0,80.0% of closes stayed inside the range | Range width 25.6% | Currently 0.0% through the range,,,64.45,644.63,-21.39,123.72,,,,,,,,4.2812,,0.1953,2.26,0.318,1667.92,99.93,Financial Services,12.0,10.0,0.0,0.0,12.0,34.0,0.5,,Revenue contraction,0.0,34.0,,18.28,13.0,"Below 200 DMA, Revenue contraction",6.14,Avoid,"Weak but watchable RSI, Volume expansion, 80.0% of closes stayed inside the range | Range width 25.6% | Currently 0.0% through the range"
AVALON,Technology,Electronic Components,904.8,-2.74,348.0,1318.0,160.0,31.35,36.47,941.15,938.25,141710.55,111813.0,0.79,Bearish,8.0,Weak but watchable RSI,-12.08,4.85,-1.97,-6.48,-8.24,-2.86,-5.6,13.09,0.89,25.0,"Positive 3M return, 3M Nifty outperformance",15.52,Accumulation Zone,67.13,858.15,1172.48,36.63,14.84,80.0% of closes stayed inside the range | Range width 36.6% | Currently 14.8% through the range,,,9.58,7.81,9.17,30.52,,,,,,,,113.6304,61.0152,20.6574,,,14910.38,35.31,IT / Technology,3.0,15.0,0.0,0.0,3.0,21.0,0.43,,Very high PE,0.0,21.0,,16.9,12.0,"Below 200 DMA, Limited fundamental data coverage",6.13,Avoid,"Weak but watchable RSI, Positive 3M return, 3M Nifty outperformance, 80.0% of closes stayed inside the range | Range width 36.6% | Currently 14.8% through the range"
ANDHRSUGAR,Basic Materials,Chemicals,73.01,-2.14,64.44,146.55,13.31,50.18,50.1,72.5,76.56,155893.6,201829.0,1.29,Bullish,45.0,"Above 50 DMA, Healthy RSI momentum, Near 52W low zone, Normal volume support",-1.34,-1.26,-3.82,-6.48,-8.24,-2.86,5.14,6.98,-0.96,10.0,1M Nifty outperformance,30.77,Accumulation Zone,77.8,71.22,80.91,13.61,18.5,80.0% of closes stayed inside the range | Range width 13.6% | Currently 18.5% through the range,,,4.8,3.54,5.67,-31.59,,,,,,,,13.1043,,0.787,82.0,0.345,1328.52,27.22,Chemicals,0.0,2.0,0.0,0.0,12.0,14.0,0.5,,Earnings contraction,0.0,14.0,,16.34,15.0,"Below 200 DMA, Earnings contraction",6.1,Avoid,"Above 50 DMA, Healthy RSI momentum, Near 52W low zone, Normal volume support, 1M Nifty outperformance, 80.0% of closes stayed inside the range | Range width 13.6% | Currently 18.5% through the range"
BRNL,Industrials,Infrastructure Operations,17.8,-3.26,17.21,98.5,3.43,81.93,25.84,20.55,21.77,52452.9,147548.0,2.81,Bearish,24.0,"Oversold RSI, Near 52W low zone, Strong volume expansion",-12.66,-20.18,-13.47,-6.48,-8.24,-2.86,-6.18,-11.94,-10.61,0.0,,67.95,Breakdown Risk,35.0,19.86,24.47,23.21,0.0,80.8% of closes stayed inside the range | Range width 23.2% | Currently 0.0% through the range | Below lower band on elevated volume,,,40.25,43.79,145.84,287.37,,,,,,,,,,0.2062,,-0.087,145.15,96.98,Capital Goods / Infra,12.0,20.0,0.0,0.0,4.0,36.0,0.36,,,5.0,41.0,Strong order-book-driven revenue growth,18.04,17.0,"Below 200 DMA, Far from 52W high, Limited fundamental data coverage",6.06,Avoid,"Oversold RSI, Near 52W low zone, Strong volume expansion, 80.8% of closes stayed inside the range | Range width 23.2% | Currently 0.0% through the range | Below lower band on elevated volume"
ABCOTS,Consumer Cyclical,Textile Manufacturing,414.05,0.89,36.2,516.0,1043.78,19.76,49.5,415.25,421.8,19748.55,9957.0,0.5,Bearish,17.0,"RSI recovering, Positive day move",-3.2,1.01,1.25,-6.48,-8.24,-2.86,3.28,9.25,4.11,20.0,"Positive 3M return, Positive 6M return",17.65,Accumulation Zone,74.06,409.14,437.2,6.86,17.48,80.8% of closes stayed inside the range | Range width 6.9% | Currently 17.5% through the range,,,6.99,4.24,52.22,-9.62,,,,,,,,32.0283,,2.9214,,-0.663,447.4,25.44,Consumer Discretionary,0.0,10.0,0.0,0.0,8.0,18.0,0.43,,Earnings contraction,0.0,18.0,,16.03,12.0,"Below 200 DMA, Limited fundamental data coverage",5.95,Avoid,"RSI recovering, Positive day move, Positive 3M return, Positive 6M return, 80.8% of closes stayed inside the range | Range width 6.9% | Currently 17.5% through the range"
ABDL,Consumer Defensive,Beverages - Wineries & Distilleries,455.95,-3.1,274.32,690.82,66.21,34.0,36.55,500.46,517.25,350991.15,221589.0,0.63,Bearish,8.0,Weak but watchable RSI,-10.66,-24.31,-8.14,-6.48,-8.24,-2.86,-4.18,-16.07,-5.28,0.0,,71.62,Accumulation Zone,69.19,468.61,645.21,37.69,0.0,80.0% of closes stayed inside the range | Range width 37.7% | Currently 0.0% through the range,,,11.69,6.63,8.68,17.54,,,,,,,,76.9231,39.2857,10.2621,89.0,0.814,17062.32,45.6,FMCG / Consumer,6.0,13.0,0.0,0.0,5.0,24.0,0.5,,,0.0,24.0,,23.54,8.0,Below 200 DMA,5.93,Avoid,"Weak but watchable RSI, 80.0% of closes stayed inside the range | Range width 37.7% | Currently 0.0% through the range"
AVL,Consumer Cyclical,Specialty Retail,459.17,-0.65,325.9,597.43,40.89,23.14,33.25,489.22,475.54,182026.65,166708.0,0.92,Bearish,8.0,Weak but watchable RSI,-5.21,-8.79,-11.01,-6.48,-8.24,-2.86,1.27,-0.55,-8.15,0.0,,64.12,Accumulation Zone,72.28,481.25,563.49,17.09,0.0,80.0% of closes stayed inside the range | Range width 17.1% | Currently 0.0% through the range,,,6.57,4.21,41.83,114.7,,,,,,,,55.1119,36.1503,11.0347,21.0,0.136,7629.48,15.84,Consumer Discretionary,0.0,20.0,0.0,0.0,7.0,27.0,0.5,,,0.0,27.0,,16.03,8.0,Below 200 DMA,5.85,Avoid,"Weak but watchable RSI, 80.0% of closes stayed inside the range | Range width 17.1% | Currently 0.0% through the range"
AARTIDRUGS,Healthcare,Drug Manufacturers - Specialty & Generic,348.95,-2.28,310.33,639.55,12.44,45.44,28.16,380.12,449.49,96155.8,140418.0,1.46,Bearish,19.0,"Oversold RSI, Near 52W low zone, Volume expansion",-6.36,-11.8,-25.54,-6.48,-8.24,-2.86,0.12,-3.56,-22.68,0.0,,70.83,Breakdown Risk,35.0,370.55,509.53,37.5,0.0,80.0% of closes stayed inside the range | Range width 37.5% | Currently 0.0% through the range | Below lower band on elevated volume,,,6.16,6.74,-7.82,-10.47,,,,,,,,19.9881,15.0018,2.4651,48.0,,3820.11,37.53,Pharma / Healthcare,3.0,0.0,0.0,0.0,15.0,18.0,0.5,,"Revenue contraction, Earnings contraction",0.0,18.0,,18.6,8.0,Below 200 DMA,5.84,Avoid,"Oversold RSI, Near 52W low zone, Volume expansion, 80.0% of closes stayed inside the range | Range width 37.5% | Currently 0.0% through the range | Below lower band on elevated volume"
ARMANFIN,Financial Services,Credit Services,1339.2,-3.18,1110.0,2680.0,20.65,50.03,25.51,1566.71,1577.74,53065.7,60427.0,1.14,Bearish,14.0,"Oversold RSI, Near 52W low zone, Normal volume support",-15.13,-7.88,-7.62,-6.48,-8.24,-2.86,-8.65,0.36,-4.76,0.0,,67.71,Accumulation Zone,73.89,1450.9,1665.78,14.81,0.0,80.0% of closes stayed inside the range | Range width 14.8% | Currently 0.0% through the range,,,30.54,14.62,4.63,177.48,,,,,,,,18.4659,,2.2885,,0.205,2138.91,100.0,Financial Services,11.0,12.0,0.0,0.0,10.0,33.0,0.43,,,0.0,33.0,,18.28,12.0,"Below 200 DMA, Limited fundamental data coverage",5.79,Avoid,"Oversold RSI, Near 52W low zone, Normal volume support, 80.0% of closes stayed inside the range | Range width 14.8% | Currently 0.0% through the range"
CNL,Technology,Electronics & Computer Distribution,628.5,-4.15,357.48,1074.19,75.81,41.49,35.8,688.49,674.09,10912.7,9175.0,0.84,Bearish,8.0,Weak but watchable RSI,-9.27,-10.51,-0.21,-6.48,-8.24,-2.86,-2.79,-2.27,2.65,0.0,,67.24,Accumulation Zone,72.33,632.05,737.9,16.75,0.0,80.0% of closes stayed inside the range | Range width 16.7% | Currently 0.0% through the range,,,2.86,2.56,39.2,23.34,,,,,,,,28.6408,,5.6581,4.0,0.592,1865.3,8.59,IT / Technology,0.0,18.0,0.0,0.0,8.0,26.0,0.5,,,0.0,26.0,,16.9,8.0,Below 200 DMA,5.64,Avoid,"Weak but watchable RSI, 80.0% of closes stayed inside the range | Range width 16.7% | Currently 0.0% through the range"
CORALFINAC,Real Estate,Real Estate Services,32.46,-4.17,25.46,76.69,27.47,57.68,37.51,35.87,41.46,13279.2,12301.0,0.93,Bearish,8.0,Weak but watchable RSI,-4.92,-16.39,-23.21,-6.48,-8.24,-2.86,1.56,-8.15,-20.35,0.0,,58.82,Accumulation Zone,70.59,34.3,44.03,28.38,0.0,80.0% of closes stayed inside the range | Range width 28.4% | Currently 0.0% through the range,,,79.95,95.61,2.19,6.32,,,,,,,,9.2905,,0.6449,59.0,0.453,134.05,100.0,Cement / Realty,12.0,2.0,0.0,0.0,12.0,26.0,0.5,,,0.0,26.0,,16.2,8.0,Below 200 DMA,5.53,Avoid,"Weak but watchable RSI, 80.0% of closes stayed inside the range | Range width 28.4% | Currently 0.0% through the range"
CHOLAHLDNG,Financial Services,Credit Services,1530.39,-3.96,510.06,2228.3,200.04,31.32,30.55,1728.5,1869.19,140805.25,119539.0,0.85,Bearish,8.0,Weak but watchable RSI,-7.19,-18.61,-12.98,-6.48,-8.24,-2.86,-0.71,-10.37,-10.12,0.0,,67.71,Accumulation Zone,72.06,1645.11,1950.3,18.55,0.0,80.0% of closes stayed inside the range | Range width 18.6% | Currently 0.0% through the range,,,15.04,5.98,3.29,13.79,,,,,,,,10.6722,7.8471,1.8211,9.0,0.411,28144.08,75.67,Financial Services,3.0,7.0,0.0,0.0,15.0,25.0,0.5,,,0.0,25.0,,18.28,8.0,Below 200 DMA,5.49,Avoid,"Weak but watchable RSI, 80.0% of closes stayed inside the range | Range width 18.6% | Currently 0.0% through the range"
CHEVIOT,Consumer Cyclical,Textile Manufacturing,963.99,-2.25,912.6,1611.1,5.63,40.17,28.16,1018.38,1092.01,1719.25,1571.0,0.91,Bearish,9.0,"Oversold RSI, Near 52W low zone",-5.58,-5.97,-17.19,-6.48,-8.24,-2.86,0.9,2.27,-14.33,0.0,,64.12,Accumulation Zone,72.92,987.89,1128.74,14.26,0.0,80.0% of closes stayed inside the range | Range width 14.3% | Currently 0.0% through the range,,,9.8,12.38,-6.31,15.88,,,,,,,,9.7681,,0.9448,2.19,0.302,666.91,36.53,Consumer Discretionary,5.0,8.0,0.0,0.0,12.0,25.0,0.5,,Revenue contraction,0.0,25.0,,16.03,8.0,Below 200 DMA,5.4,Avoid,"Oversold RSI, Near 52W low zone, 80.0% of closes stayed inside the range | Range width 14.3% | Currently 0.0% through the range"
CREDITACC,Financial Services,Credit Services,1154.2,-4.04,750.2,1781.87,53.85,35.23,33.99,1286.76,1298.58,270063.5,211645.0,0.78,Bearish,8.0,Weak but watchable RSI,-10.52,-7.69,-13.87,-6.48,-8.24,-2.86,-4.04,0.55,-11.01,0.0,,67.71,Accumulation Zone,73.15,1258.98,1401.09,11.29,0.0,80.0% of closes stayed inside the range | Range width 11.3% | Currently 0.0% through the range,,,44.79,17.17,3.83,318.82,,,,,,,,18.9398,10.7605,2.8429,,0.113,22303.32,97.99,Financial Services,11.0,12.0,0.0,0.0,13.0,36.0,0.43,,,0.0,36.0,,18.28,12.0,"Below 200 DMA, Limited fundamental data coverage",5.34,Avoid,"Weak but watchable RSI, 80.0% of closes stayed inside the range | Range width 11.3% | Currently 0.0% through the range"
CHAMBLFERT,Basic Materials,Agricultural Inputs,406.77,-3.6,230.05,717.72,76.82,43.32,30.8,443.36,489.73,807762.15,630970.0,0.78,Bearish,8.0,Weak but watchable RSI,-3.69,-2.06,-24.7,-6.48,-8.24,-2.86,2.79,6.18,-21.84,0.0,,67.69,Accumulation Zone,72.25,425.47,499.19,17.33,0.0,80.0% of closes stayed inside the range | Range width 17.3% | Currently 0.0% through the range,,,12.43,9.94,3.52,6.82,,,,,,,,8.8264,8.6324,1.6207,2.83,0.305,16889.5,37.52,General,6.0,4.0,0.0,0.0,15.0,25.0,0.5,,,0.0,25.0,,16.34,8.0,Below 200 DMA,5.2,Avoid,"Weak but watchable RSI, 80.0% of closes stayed inside the range | Range width 17.3% | Currently 0.0% through the range"
AARON,Industrials,Specialty Industrial Machinery,146.48,-2.44,73.49,257.08,99.31,43.02,37.73,161.19,187.4,13989.25,8884.0,0.64,Bearish,8.0,Weak but watchable RSI,-9.94,-18.47,-31.1,-6.48,-8.24,-2.86,-3.46,-10.23,-28.24,0.0,,67.95,Accumulation Zone,70.57,155.18,199.38,28.48,0.0,80.0% of closes stayed inside the range | Range width 28.5% | Currently 0.0% through the range,,,16.54,8.72,4.29,44.96,,,,,,,,41.6481,,5.8144,37.0,0.149,282.65,35.54,Capital Goods / Infra,6.0,12.0,0.0,0.0,6.0,24.0,0.5,,,0.0,24.0,,18.04,8.0,Below 200 DMA,5.11,Avoid,"Weak but watchable RSI, 80.0% of closes stayed inside the range | Range width 28.5% | Currently 0.0% through the range"
APLLTD,Healthcare,Drug Manufacturers - Specialty & Generic,695.31,-0.4,440.63,1270.66,57.8,45.28,26.93,769.0,889.4,53198.6,67688.0,1.27,Bearish,9.0,"Oversold RSI, Normal volume support",-11.53,-19.87,-25.45,-6.48,-8.24,-2.86,-5.05,-11.63,-22.59,0.0,,70.83,Accumulation Zone,71.7,752.09,920.23,22.36,0.0,80.0% of closes stayed inside the range | Range width 22.4% | Currently 0.0% through the range,,,11.37,7.09,9.68,-13.87,,,,,,,,23.0635,16.9384,2.8176,1.48,0.301,15989.43,70.56,Pharma / Healthcare,6.0,5.0,0.0,0.0,12.0,23.0,0.5,,Earnings contraction,0.0,23.0,,18.6,8.0,Below 200 DMA,5.09,Avoid,"Oversold RSI, Normal volume support, 80.0% of closes stayed inside the range | Range width 22.4% | Currently 0.0% through the range"
AURUS,Consumer Cyclical,Luxury Goods,4.82,-4.37,3.25,12.05,48.31,60.0,39.67,5.17,6.32,76731.8,39521.0,0.52,Bearish,8.0,Weak but watchable RSI,-9.57,-4.17,-27.08,-6.48,-8.24,-2.86,-3.09,4.07,-24.22,0.0,,64.12,Accumulation Zone,70.46,4.91,6.66,35.75,0.0,80.8% of closes stayed inside the range | Range width 35.8% | Currently 0.0% through the range,,,1.55,27.21,303.25,5180.75,,,,,,,,7.6393,,0.7407,,0.416,13.74,13.69,Consumer Discretionary,6.0,20.0,0.0,0.0,10.0,36.0,0.43,,,0.0,36.0,,16.03,12.0,"Below 200 DMA, Limited fundamental data coverage",5.0,Avoid,"Weak but watchable RSI, 80.8% of closes stayed inside the range | Range width 35.8% | Currently 0.0% through the range"
AMBER,Consumer Cyclical,"Furnishings, Fixtures & Appliances",7310.5,-7.14,1762.5,8626.0,314.78,15.25,47.72,6806.37,7231.67,376491.7,661377.0,1.76,Bullish,52.0,"Above 50 DMA, Above 200 DMA, RSI recovering, Volume expansion",10.1,13.32,-6.2,-6.48,-8.24,-2.86,16.58,21.56,-3.34,50.0,"Strong 1M absolute return, Positive 3M return, 1M Nifty outperformance, 3M Nifty outperformance",10.0,Neutral Range,72.01,6118.0,8288.55,35.48,54.94,80.0% of closes stayed inside the range | Range width 35.5% | Currently 54.9% through the range,,,5.26,-0.93,-14.68,-126.23,,,,,,,,294.0613,40.3885,6.1782,,0.196,27068.01,19.22,Consumer Discretionary,0.0,0.0,0.0,0.0,3.0,3.0,0.43,,"Negative net margin, Revenue contraction, Earnings contraction, Very high PE",0.0,3.0,,16.03,24.0,"Sharp daily fall, Negative net margin, Earnings contraction, Limited fundamental data coverage",4.95,Avoid,"Above 50 DMA, Above 200 DMA, RSI recovering, Volume expansion, Strong 1M absolute return, Positive 3M return, 1M Nifty outperformance, 3M Nifty outperformance, 80.0% of closes stayed inside the range | Range width 35.5% | Currently 54.9% through the range"
CONCORDBIO,Healthcare,Biotechnology,1168.3,-2.64,884.07,2631.36,32.15,55.6,46.03,1237.9,1529.54,961553.3,79014.0,0.08,Bearish,12.0,RSI recovering,-11.45,-13.75,-29.1,-6.48,-8.24,-2.86,-4.97,-5.51,-26.24,0.0,,70.83,Accumulation Zone,70.21,1172.6,1600.75,36.51,0.0,80.0% of closes stayed inside the range | Range width 36.5% | Currently 0.0% through the range,,,28.89,22.91,12.43,0.92,,,,,,,,50.9845,34.8171,7.6818,51.0,0.355,15494.71,64.56,IT / Technology,12.0,5.0,0.0,0.0,7.0,24.0,0.5,,,5.0,29.0,Strong operating margin,18.6,11.0,"Below 200 DMA, Low volume participation",4.94,Avoid,"RSI recovering, 80.0% of closes stayed inside the range | Range width 36.5% | Currently 0.0% through the range"
BBTC,Consumer Defensive,Packaged Foods,1538.2,-5.07,765.35,2919.66,100.98,47.32,27.98,1762.17,1862.6,44013.35,69841.0,1.59,Bearish,14.0,"Oversold RSI, Volume expansion",-12.66,-14.33,-16.23,-6.48,-8.24,-2.86,-6.18,-6.09,-13.37,0.0,,71.62,Breakdown Risk,35.0,1715.53,1955.86,14.01,0.0,80.0% of closes stayed inside the range | Range width 14.0% | Currently 0.0% through the range | Below lower band on elevated volume,,,17.31,6.35,2.6,30.89,,,,,,,,8.7261,4.1853,1.5488,2.11,0.611,10906.74,42.67,FMCG / Consumer,6.0,10.0,0.0,0.0,15.0,31.0,0.5,,,0.0,31.0,,23.54,13.0,"Below 200 DMA, Sharp daily fall",4.88,Avoid,"Oversold RSI, Volume expansion, 80.0% of closes stayed inside the range | Range width 14.0% | Currently 0.0% through the range | Below lower band on elevated volume"
ANMOL,Energy,Thermal Coal,11.28,2.55,10.23,68.0,10.26,83.41,40.56,12.61,15.17,94932.9,80324.0,0.85,Bearish,23.0,"Weak but watchable RSI, Near 52W low zone, Strong positive day move",-4.89,-19.2,-30.58,-6.48,-8.24,-2.86,1.59,-10.96,-27.72,0.0,,85.0,Accumulation Zone,73.04,11.91,15.84,33.03,0.0,80.0% of closes stayed inside the range | Range width 33.0% | Currently 0.0% through the range,,,1.64,0.97,32.8,4100.0,,,,,,,,4.9752,,0.4819,,0.619,57.2,1.7,Metals / Mining,0.0,20.0,0.0,0.0,10.0,30.0,0.43,,,0.0,30.0,,37.46,17.0,"Below 200 DMA, Far from 52W high, Limited fundamental data coverage",4.87,Avoid,"Weak but watchable RSI, Near 52W low zone, Strong positive day move, 80.0% of closes stayed inside the range | Range width 33.0% | Currently 0.0% through the range"
ARVEE,Basic Materials,Specialty Chemicals,153.16,-3.03,82.55,315.0,85.54,51.38,42.34,173.62,173.45,640.2,731.0,1.14,Bearish,13.0,"Weak but watchable RSI, Normal volume support",-6.0,-22.44,-4.21,-6.48,-8.24,-2.86,0.48,-14.2,-1.35,0.0,,67.69,Accumulation Zone,70.84,154.99,207.25,33.72,0.0,80.0% of closes stayed inside the range | Range width 33.7% | Currently 0.0% through the range,,,13.51,18.68,183.42,17988.12,,,,,,,,89.8936,,5.5361,,0.54,186.24,45.49,Chemicals,9.0,20.0,0.0,0.0,2.0,31.0,0.43,,Very high PE,0.0,31.0,,16.34,12.0,"Below 200 DMA, Limited fundamental data coverage",4.55,Avoid,"Weak but watchable RSI, Normal volume support, 80.0% of closes stayed inside the range | Range width 33.7% | Currently 0.0% through the range"
BBL,Industrials,Electrical Equipment & Parts,2274.01,-1.32,854.21,5511.48,166.21,58.74,33.08,2570.71,2847.23,38914.0,30240.0,0.78,Bearish,8.0,Weak but watchable RSI,-18.8,-17.11,-23.64,-6.48,-8.24,-2.86,-12.32,-8.87,-20.78,0.0,,67.95,Accumulation Zone,70.58,2431.52,3122.5,28.42,0.0,80.0% of closes stayed inside the range | Range width 28.4% | Currently 0.0% through the range,,,5.08,4.34,22.26,-11.48,,,,,,,,23.8624,55.5142,1.3142,1.48,0.552,2666.18,23.35,Capital Goods / Infra,0.0,8.0,0.0,0.0,9.0,17.0,0.5,,Earnings contraction,5.0,22.0,Strong order-book-driven revenue growth,18.04,8.0,Below 200 DMA,4.41,Avoid,"Weak but watchable RSI, 80.0% of closes stayed inside the range | Range width 28.4% | Currently 0.0% through the range"
DCMSHRIRAM,Industrials,Conglomerates,960.35,-2.66,710.15,1483.84,35.23,35.28,16.1,1135.68,1204.33,44034.15,150209.0,3.41,Bearish,19.0,"Oversold RSI, Strong volume expansion",-16.81,-20.78,-22.41,-6.48,-8.24,-2.86,-10.33,-12.54,-19.55,0.0,,67.95,Breakdown Risk,35.0,1090.35,1249.76,14.62,0.0,80.0% of closes stayed inside the range | Range width 14.6% | Currently 0.0% through the range | Below lower band on elevated volume,,,10.5,5.6,16.53,87.08,,,,,,,,11.1313,23.8576,2.1189,1.42,-0.375,15830.81,33.1,Capital Goods / Infra,3.0,18.0,0.0,0.0,11.0,32.0,0.5,,,5.0,37.0,Strong order-book-driven revenue growth,18.04,16.0,"Below 200 DMA, Extreme RSI weakness",4.41,Avoid,"Oversold RSI, Strong volume expansion, 80.0% of closes stayed inside the range | Range width 14.6% | Currently 0.0% through the range | Below lower band on elevated volume"
BPL,Technology,Consumer Electronics,50.69,-5.2,46.7,147.85,8.54,65.72,31.94,58.7,73.29,69656.65,124240.0,1.78,Bearish,26.0,"Weak but watchable RSI, Near 52W low with stable RSI, Volume expansion",-14.48,-1.27,-41.11,-6.48,-8.24,-2.86,-8.0,6.97,-38.25,0.0,,67.24,Breakdown Risk,35.0,55.26,78.68,42.38,0.0,80.8% of closes stayed inside the range | Range width 42.4% | Currently 0.0% through the range | Below lower band on elevated volume,0.07,0.02,-0.88,0.91,-3.26,192.82,41.85,0.52,0.49,1.31,105.5,1.63,1.47,,,1.0438,,0.165,246.98,36.2,IT / Technology,0.0,10.0,7.0,17.0,4.0,38.0,0.86,,Revenue contraction,0.0,38.0,,16.9,18.0,"Below 200 DMA, Sharp daily fall, Far from 52W high",4.33,Avoid,"Weak but watchable RSI, Near 52W low with stable RSI, Volume expansion, 80.8% of closes stayed inside the range | Range width 42.4% | Currently 0.0% through the range | Below lower band on elevated volume"
ARSSBL,Financial Services,Financial Conglomerates,455.49,-5.57,427.19,787.83,6.62,42.18,20.5,574.05,,297559.4,391002.0,1.31,Bearish,19.0,"Oversold RSI, Near 52W low zone, Volume expansion",-19.78,-24.83,,-6.48,-8.24,-2.86,-13.3,-16.59,,0.0,,67.71,Accumulation Zone,70.21,461.4,668.6,44.91,0.0,79.8% of closes stayed inside the range | Range width 44.9% | Currently 0.0% through the range,,,-13.63,27.33,4.35,62.19,,,,,,,,22.1224,,2.3715,98.0,,3214.49,87.24,Financial Services,6.0,12.0,0.0,0.0,10.0,28.0,0.5,,,0.0,28.0,,18.28,13.0,"Extreme RSI weakness, Sharp daily fall",4.29,Avoid,"Oversold RSI, Near 52W low zone, Volume expansion, 79.8% of closes stayed inside the range | Range width 44.9% | Currently 0.0% through the range"
AMNPLST,Basic Materials,Chemicals,149.56,-1.66,148.0,358.58,1.05,58.29,29.25,173.69,208.82,6278.75,7137.0,1.14,Bearish,14.0,"Oversold RSI, Near 52W low zone, Normal volume support",-13.92,-15.8,-34.37,-6.48,-8.24,-2.86,-7.44,-7.56,-31.51,0.0,,67.69,Accumulation Zone,70.86,165.14,222.88,34.96,0.0,80.0% of closes stayed inside the range | Range width 35.0% | Currently 0.0% through the range,,,7.81,5.32,7.01,22.95,,,,,,,,26.271,,3.4674,27.0,0.166,1013.25,24.77,Chemicals,0.0,10.0,0.0,0.0,8.0,18.0,0.5,,,0.0,18.0,,16.34,8.0,Below 200 DMA,4.25,Avoid,"Oversold RSI, Near 52W low zone, Normal volume support, 80.0% of closes stayed inside the range | Range width 35.0% | Currently 0.0% through the range"
APCOTEXIND,Basic Materials,Specialty Chemicals,358.18,-1.52,278.71,631.08,28.51,43.24,45.29,359.66,376.41,18760.35,18668.0,1.0,Bearish,12.0,RSI recovering,-1.4,-5.06,-9.33,-6.48,-8.24,-2.86,5.08,3.18,-6.47,10.0,1M Nifty outperformance,30.77,Accumulation Zone,70.22,347.12,397.73,14.58,21.87,80.0% of closes stayed inside the range | Range width 14.6% | Currently 21.9% through the range,,,9.43,6.7,-1.55,-12.18,,,,,,,,19.6867,22.3304,5.2201,1.31,0.212,3241.61,32.81,Chemicals,3.0,0.0,0.0,0.0,9.0,12.0,0.5,,"Revenue contraction, Earnings contraction",0.0,12.0,,16.34,8.0,Below 200 DMA,4.15,Avoid,"RSI recovering, 1M Nifty outperformance, 80.0% of closes stayed inside the range | Range width 14.6% | Currently 21.9% through the range"
CCAVENUE,Technology,Software - Infrastructure,14.94,-4.96,12.8,42.44,16.73,64.8,30.48,16.66,17.46,11995036.7,14925664.0,1.24,Bearish,18.0,"Weak but watchable RSI, Near 52W low zone, Normal volume support",-11.28,-12.07,-7.66,-6.48,-8.24,-2.86,-4.8,-3.83,-4.8,0.0,,67.24,Accumulation Zone,73.43,15.65,19.32,23.43,0.0,80.0% of closes stayed inside the range | Range width 23.4% | Currently 0.0% through the range,,,3.23,3.02,21.19,8.06,,,,,,,,15.9063,14.4057,0.9121,,0.033,5315.52,5.84,IT / Technology,0.0,13.0,0.0,0.0,13.0,26.0,0.43,,,0.0,26.0,,16.9,12.0,"Below 200 DMA, Limited fundamental data coverage",4.13,Avoid,"Weak but watchable RSI, Near 52W low zone, Normal volume support, 80.0% of closes stayed inside the range | Range width 23.4% | Currently 0.0% through the range"
ARE&M,Industrials,Electrical Equipment & Parts,781.37,-2.69,459.49,1732.94,70.05,54.91,31.37,860.49,943.73,313633.3,413928.0,1.32,Bearish,18.0,"Weak but watchable RSI, Volume expansion",-9.17,-15.28,-22.37,-6.48,-8.24,-2.86,-2.69,-7.04,-19.51,0.0,,67.95,Breakdown Risk,35.0,836.32,994.07,18.86,0.0,80.0% of closes stayed inside the range | Range width 18.9% | Currently 0.0% through the range | Below lower band on elevated volume,,,6.36,4.11,0.27,-14.96,,,,,,,,18.3025,15.7433,2.0821,1.16,0.822,16863.04,31.52,Capital Goods / Infra,0.0,0.0,0.0,0.0,14.0,14.0,0.5,,Earnings contraction,0.0,14.0,,18.04,8.0,Below 200 DMA,4.11,Avoid,"Weak but watchable RSI, Volume expansion, 80.0% of closes stayed inside the range | Range width 18.9% | Currently 0.0% through the range | Below lower band on elevated volume"
DBREALTY,Real Estate,Real Estate - Development,101.01,-2.29,55.1,284.9,83.32,64.55,34.8,113.28,159.29,2435878.95,2186355.0,0.9,Bearish,8.0,Weak but watchable RSI,-13.69,-13.04,-41.62,-6.48,-8.24,-2.86,-7.21,-4.8,-38.76,0.0,,58.82,Accumulation Zone,66.5,104.07,161.95,55.62,0.0,80.0% of closes stayed inside the range | Range width 55.6% | Currently 0.0% through the range,,,43.19,11.75,286.68,518.29,,,,,,,,429.48,,1.1532,,-0.426,5823.82,64.86,Cement / Realty,9.0,20.0,0.0,0.0,4.0,33.0,0.43,,Very high PE,0.0,33.0,,16.2,12.0,"Below 200 DMA, Limited fundamental data coverage",3.98,Avoid,"Weak but watchable RSI, 80.0% of closes stayed inside the range | Range width 55.6% | Currently 0.0% through the range"
BLACKBUCK,Technology,Software - Application,563.7,-3.89,248.35,748.0,126.98,24.64,38.89,616.0,579.93,643257.55,720675.0,1.12,Bearish,13.0,"Weak but watchable RSI, Normal volume support",-9.6,-10.55,-4.29,-6.48,-8.24,-2.86,-3.12,-2.31,-1.43,0.0,,67.24,Accumulation Zone,73.04,580.24,690.88,19.07,0.0,80.0% of closes stayed inside the range | Range width 19.1% | Currently 0.0% through the range,,,18.17,18.47,13.66,8.65,,,,,,,,63.7216,37.5575,7.5528,,,10714.16,76.75,IT / Technology,11.0,10.0,0.0,0.0,3.0,24.0,0.43,,,5.0,29.0,Strong operating margin,16.9,12.0,"Below 200 DMA, Limited fundamental data coverage",3.93,Avoid,"Weak but watchable RSI, Normal volume support, 80.0% of closes stayed inside the range | Range width 19.1% | Currently 0.0% through the range"
DAVANGERE,Consumer Defensive,Confectioners,3.86,-2.53,3.03,11.5,27.39,66.43,32.75,4.32,3.81,8555335.8,2700188.0,0.32,Bearish,23.0,"Above 200 DMA, Weak but watchable RSI",-9.18,-1.03,-2.77,-6.48,-8.24,-2.86,-2.7,7.21,0.09,0.0,,71.62,Accumulation Zone,70.1,3.55,4.59,29.32,29.78,80.8% of closes stayed inside the range | Range width 29.3% | Currently 29.8% through the range,,,12.37,3.17,71.57,-0.27,,,,,,,,41.8,,0.8073,,0.601,354.44,31.25,General,3.0,10.0,0.0,0.0,6.0,19.0,0.43,,Earnings contraction,0.0,19.0,,23.54,12.0,"Far from 52W high, Low volume participation, Limited fundamental data coverage",3.93,Avoid,"Above 200 DMA, Weak but watchable RSI, 80.8% of closes stayed inside the range | Range width 29.3% | Currently 29.8% through the range"
AEROENTER,Basic Materials,Steel,70.3,-5.14,54.58,150.98,28.81,53.44,31.37,80.93,87.83,240103.35,326402.0,1.36,Bearish,18.0,"Weak but watchable RSI, Volume expansion",-11.68,-15.14,-18.93,-6.48,-8.24,-2.86,-5.2,-6.9,-16.07,0.0,,67.69,Breakdown Risk,35.0,78.01,88.7,13.7,0.0,80.0% of closes stayed inside the range | Range width 13.7% | Currently 0.0% through the range | Below lower band on elevated volume,,,15.54,8.38,11.07,14.86,,,,,,,,10.7172,,2.0054,27.0,1.576,1655.48,54.88,Metals / Mining,6.0,10.0,0.0,0.0,12.0,28.0,0.5,,,0.0,28.0,,16.34,13.0,"Below 200 DMA, Sharp daily fall",3.75,Avoid,"Weak but watchable RSI, Volume expansion, 80.0% of closes stayed inside the range | Range width 13.7% | Currently 0.0% through the range | Below lower band on elevated volume"
APTUS,Financial Services,Mortgage Finance,219.24,-3.03,216.25,389.74,1.38,43.75,27.87,259.54,300.47,1332308.3,1438361.0,1.08,Bearish,14.0,"Oversold RSI, Near 52W low zone, Normal volume support",-14.59,-20.61,-34.09,-6.48,-8.24,-2.86,-8.11,-12.37,-31.23,0.0,,67.71,Accumulation Zone,71.84,244.85,314.51,28.45,0.0,80.0% of closes stayed inside the range | Range width 28.4% | Currently 0.0% through the range,,,,58.17,9.83,7.72,,,,,,,,13.0224,9.8005,2.5349,1.95,0.702,12828.45,99.82,Financial Services,6.0,7.0,0.0,0.0,14.0,27.0,0.43,,,0.0,27.0,,18.28,12.0,"Below 200 DMA, Limited fundamental data coverage",3.69,Avoid,"Oversold RSI, Near 52W low zone, Normal volume support, 80.0% of closes stayed inside the range | Range width 28.4% | Currently 0.0% through the range"
BURNPUR,Basic Materials,Building Materials,33.0,0.0,19.0,64.85,73.68,49.11,54.42,33.0,33.0,0.0,0.0,0.0,Bearish,20.0,Healthy RSI momentum,0.0,0.0,0.0,-6.48,-8.24,-2.86,6.48,8.24,2.86,10.0,1M Nifty outperformance,30.77,,,,,,,,,,,,,-3.78,,,,,,,,,,-0.0485,,0.183,27.82,0.0,Cement / Realty,0.0,0.0,0.0,0.0,2.0,2.0,0.14,,Earnings contraction,0.0,2.0,,16.34,7.0,"Low volume participation, Limited fundamental data coverage",3.65,Avoid,"Healthy RSI momentum, 1M Nifty outperformance"
ATLANTAA,Industrials,Infrastructure Operations,37.97,-2.64,10.35,73.39,266.86,48.26,32.6,43.55,40.97,65935.3,97776.0,1.48,Bearish,18.0,"Weak but watchable RSI, Volume expansion",-16.62,-5.0,14.09,-6.48,-8.24,-2.86,-10.14,3.24,16.95,25.0,"Positive 6M return, 6M Nifty outperformance",24.36,Breakdown Risk,35.0,40.01,49.89,24.72,0.0,80.0% of closes stayed inside the range | Range width 24.7% | Currently 0.0% through the range | Below lower band on elevated volume,,,-30.98,-4.76,38.12,96.18,,,,,,,,,,1.4208,,0.959,301.79,71.18,Capital Goods / Infra,0.0,20.0,0.0,0.0,4.0,24.0,0.36,,Negative net margin,5.0,29.0,Strong order-book-driven revenue growth,18.04,20.0,"Below 200 DMA, Negative net margin, Limited fundamental data coverage",3.61,Avoid,"Weak but watchable RSI, Volume expansion, Positive 6M return, 6M Nifty outperformance, 80.0% of closes stayed inside the range | Range width 24.7% | Currently 0.0% through the range | Below lower band on elevated volume"
BSOFT,Technology,Information Technology Services,363.19,-0.71,237.37,827.72,53.0,56.12,37.97,407.21,392.04,2416065.0,674249.0,0.28,Bearish,8.0,Weak but watchable RSI,-15.41,-13.92,-1.25,-6.48,-8.24,-2.86,-8.93,-5.68,1.61,0.0,,67.24,Accumulation Zone,68.64,348.5,429.62,23.28,18.1,80.0% of closes stayed inside the range | Range width 23.3% | Currently 18.1% through the range,,,16.68,8.9,4.87,12.64,,,,,,,,14.1069,12.4155,2.0448,2.26,0.377,8414.58,39.51,IT / Technology,6.0,7.0,0.0,0.0,15.0,28.0,0.5,,,0.0,28.0,,16.9,11.0,"Below 200 DMA, Low volume participation",3.33,Avoid,"Weak but watchable RSI, 80.0% of closes stayed inside the range | Range width 23.3% | Currently 18.1% through the range"
ANANTRAJ,Real Estate,Real Estate - Development,472.42,-3.26,79.87,945.21,491.53,50.02,28.12,539.67,569.62,2428881.9,2211447.0,0.91,Bearish,4.0,Oversold RSI,-13.61,-5.95,-11.59,-6.48,-8.24,-2.86,-7.13,2.29,-8.73,0.0,,58.82,Accumulation Zone,69.02,507.67,676.51,33.26,0.0,80.0% of closes stayed inside the range | Range width 33.3% | Currently 0.0% through the range,,,24.36,22.48,1.71,4.44,,,,,,,,37.2328,20.7633,3.7684,17.0,0.367,21813.94,31.04,Cement / Realty,11.0,2.0,0.0,0.0,9.0,22.0,0.5,,,0.0,22.0,,16.2,8.0,Below 200 DMA,3.13,Avoid,"Oversold RSI, 80.0% of closes stayed inside the range | Range width 33.3% | Currently 0.0% through the range"
AVONMORE,Financial Services,Capital Markets,13.86,-1.7,5.85,29.95,136.92,53.72,38.18,16.09,18.07,175644.85,64966.0,0.37,Bearish,8.0,Weak but watchable RSI,-4.74,-18.61,-26.78,-6.48,-8.24,-2.86,1.74,-10.37,-23.92,0.0,,67.71,Accumulation Zone,70.52,14.84,19.12,28.86,0.0,80.0% of closes stayed inside the range | Range width 28.9% | Currently 0.0% through the range,,,19.77,15.89,56.84,108.41,,,,,,,,25.2727,,0.9508,,0.322,392.24,58.21,Financial Services,10.0,20.0,0.0,0.0,8.0,38.0,0.43,,,0.0,38.0,,18.28,15.0,"Below 200 DMA, Low volume participation, Limited fundamental data coverage",3.04,Avoid,"Weak but watchable RSI, 80.0% of closes stayed inside the range | Range width 28.9% | Currently 0.0% through the range"
AMBICAAGAR,Consumer Defensive,Household & Personal Products,23.56,-2.56,19.15,43.2,23.03,45.46,39.29,24.77,26.43,19339.45,67578.0,3.49,Bearish,28.0,"Weak but watchable RSI, Near 52W low zone, Strong volume expansion",0.51,-8.33,-12.77,-6.48,-8.24,-2.86,6.99,-0.09,-9.91,18.0,"Positive 1M return, 1M Nifty outperformance",35.14,Accumulation Zone,77.9,24.15,26.0,7.66,0.0,80.0% of closes stayed inside the range | Range width 7.7% | Currently 0.0% through the range,,,5.16,1.04,56.06,-39.7,,,,,,,,12.6834,,0.5858,,-0.034,43.36,14.81,FMCG / Consumer,0.0,10.0,0.0,0.0,10.0,20.0,0.43,,Earnings contraction,0.0,20.0,,23.54,19.0,"Below 200 DMA, Earnings contraction, Limited fundamental data coverage",3.03,Avoid,"Weak but watchable RSI, Near 52W low zone, Strong volume expansion, Positive 1M return, 1M Nifty outperformance, 80.0% of closes stayed inside the range | Range width 7.7% | Currently 0.0% through the range"
ALPA,Healthcare,Drug Manufacturers - Specialty & Generic,62.15,-2.05,49.0,144.5,26.84,56.99,36.01,69.94,87.67,21530.35,13044.0,0.61,Bearish,8.0,Weak but watchable RSI,-12.46,-23.56,-35.25,-6.48,-8.24,-2.86,-5.98,-15.32,-32.39,0.0,,70.83,Accumulation Zone,68.84,65.39,91.58,40.04,0.0,80.0% of closes stayed inside the range | Range width 40.0% | Currently 0.0% through the range,,,2.97,6.55,10.62,1591.47,,,,,,,,31.4138,12.0548,1.9721,,0.912,134.18,25.54,Pharma / Healthcare,3.0,15.0,0.0,0.0,11.0,29.0,0.43,,,0.0,29.0,,18.6,12.0,"Below 200 DMA, Limited fundamental data coverage",2.94,Avoid,"Weak but watchable RSI, 80.0% of closes stayed inside the range | Range width 40.0% | Currently 0.0% through the range"
20MICRONS,Basic Materials,Other Industrial Metals & Mining,162.78,-1.85,61.61,344.32,164.2,52.72,31.87,184.01,210.22,108021.7,66311.0,0.61,Bearish,8.0,Weak but watchable RSI,-4.23,-11.75,-29.23,-6.48,-8.24,-2.86,2.25,-3.51,-26.37,0.0,,67.69,Accumulation Zone,72.11,173.47,216.38,24.74,0.0,80.8% of closes stayed inside the range | Range width 24.7% | Currently 0.0% through the range,,,10.62,6.96,-6.92,-14.02,,,,,,,,11.5685,,1.6198,56.0,0.717,783.36,47.23,Metals / Mining,6.0,0.0,0.0,0.0,12.0,18.0,0.5,,"Revenue contraction, Earnings contraction",0.0,18.0,,16.34,8.0,Below 200 DMA,2.75,Avoid,"Weak but watchable RSI, 80.8% of closes stayed inside the range | Range width 24.7% | Currently 0.0% through the range"
CAPACITE,Industrials,Engineering & Construction,216.87,-3.77,108.9,465.0,99.15,53.36,35.35,240.53,284.93,417121.9,642061.0,1.54,Bearish,18.0,"Weak but watchable RSI, Volume expansion",-7.03,-13.82,-26.87,-6.48,-8.24,-2.86,-0.55,-5.58,-24.01,0.0,,67.95,Breakdown Risk,35.0,225.55,292.45,29.66,0.0,80.0% of closes stayed inside the range | Range width 29.7% | Currently 0.0% through the range | Below lower band on elevated volume,,,12.59,7.41,4.53,1.89,,,,,,,,10.2369,6.7077,0.9633,,0.249,1838.7,30.79,Capital Goods / Infra,6.0,2.0,0.0,0.0,13.0,21.0,0.43,,,0.0,21.0,,18.04,12.0,"Below 200 DMA, Limited fundamental data coverage",2.56,Avoid,"Weak but watchable RSI, Volume expansion, 80.0% of closes stayed inside the range | Range width 29.7% | Currently 0.0% through the range | Below lower band on elevated volume"
AGROPHOS,Basic Materials,Agricultural Inputs,31.54,-2.44,26.58,64.26,18.65,50.92,30.98,36.59,38.37,25996.4,18298.0,0.7,Bearish,13.0,"Weak but watchable RSI, Near 52W low zone",-11.25,-18.18,-22.83,-6.48,-8.24,-2.86,-4.77,-9.94,-19.97,0.0,,67.69,Accumulation Zone,72.43,34.7,42.7,23.08,0.0,80.0% of closes stayed inside the range | Range width 23.1% | Currently 0.0% through the range,,,10.03,,425.6,,,,,,,,,7.569,,0.7649,3.8,0.152,53.4,33.31,General,3.0,10.0,0.0,0.0,12.0,25.0,0.36,,,0.0,25.0,,16.34,12.0,"Below 200 DMA, Limited fundamental data coverage",2.45,Avoid,"Weak but watchable RSI, Near 52W low zone, 80.0% of closes stayed inside the range | Range width 23.1% | Currently 0.0% through the range"
BCLIND,Consumer Defensive,Beverages - Wineries & Distilleries,27.58,-0.58,26.07,85.38,5.79,67.7,41.41,29.46,37.23,712991.6,795579.0,1.12,Bearish,21.0,"Weak but watchable RSI, Near 52W low with stable RSI, Normal volume support",-1.64,-14.11,-32.16,-6.48,-8.24,-2.86,4.84,-5.87,-29.3,0.0,,71.62,Accumulation Zone,70.79,28.02,40.71,45.27,0.0,80.0% of closes stayed inside the range | Range width 45.3% | Currently 0.0% through the range,,,7.37,4.43,5.02,11.24,,,,,,,,9.3724,,1.1912,95.0,0.613,1084.43,25.63,FMCG / Consumer,0.0,7.0,0.0,0.0,12.0,19.0,0.5,,,0.0,19.0,,23.54,13.0,"Below 200 DMA, Far from 52W high",2.43,Avoid,"Weak but watchable RSI, Near 52W low with stable RSI, Normal volume support, 80.0% of closes stayed inside the range | Range width 45.3% | Currently 0.0% through the range"
ASIANTILES,Industrials,Building Products & Equipment,63.2,-5.2,34.05,98.2,85.61,35.64,35.92,71.97,64.48,4099704.8,3567629.0,0.87,Bearish,8.0,Weak but watchable RSI,-15.38,4.05,7.1,-6.48,-8.24,-2.86,-8.9,12.29,9.96,35.0,"Positive 3M return, Positive 6M return, 3M Nifty outperformance",17.31,Accumulation Zone,66.5,58.66,74.37,26.78,28.87,80.0% of closes stayed inside the range | Range width 26.8% | Currently 28.9% through the range,,,6.56,4.73,4.18,23.21,,,,,,,,84.0,2.5401,0.9323,,0.364,1419.52,25.11,Capital Goods / Infra,0.0,10.0,0.0,0.0,7.0,17.0,0.43,,Very high PE,0.0,17.0,,18.04,17.0,"Below 200 DMA, Sharp daily fall, Limited fundamental data coverage",2.41,Avoid,"Weak but watchable RSI, Positive 3M return, Positive 6M return, 3M Nifty outperformance, 80.0% of closes stayed inside the range | Range width 26.8% | Currently 28.9% through the range"
ALEMBICLTD,Real Estate,Real Estate - Development,83.15,-2.02,50.35,161.12,65.14,48.39,30.65,92.91,100.64,220332.5,192936.0,0.88,Bearish,8.0,Weak but watchable RSI,-12.08,-12.83,-18.13,-6.48,-8.24,-2.86,-5.6,-4.59,-15.27,0.0,,58.82,Accumulation Zone,73.12,89.76,100.09,11.51,0.0,80.0% of closes stayed inside the range | Range width 11.5% | Currently 0.0% through the range,,,32.28,80.89,33.08,-53.2,,,,,,,,8.2337,2.0088,1.0506,2.4,0.641,2568.85,65.41,Cement / Realty,12.0,10.0,0.0,0.0,15.0,37.0,0.5,,Earnings contraction,0.0,37.0,,16.2,15.0,"Below 200 DMA, Earnings contraction",2.38,Avoid,"Weak but watchable RSI, 80.0% of closes stayed inside the range | Range width 11.5% | Currently 0.0% through the range"
ARIES,Basic Materials,Agricultural Inputs,323.15,-5.46,125.1,458.56,158.31,29.53,43.82,326.99,353.76,43649.65,41946.0,0.96,Bearish,8.0,Weak but watchable RSI,2.73,-0.8,-22.62,-6.48,-8.24,-2.86,9.21,7.44,-19.76,18.0,"Positive 1M return, 1M Nifty outperformance",23.85,Accumulation Zone,69.35,314.52,396.7,26.13,10.5,80.0% of closes stayed inside the range | Range width 26.1% | Currently 10.5% through the range,,,12.84,8.58,0.54,-13.84,,,,,,,,13.1962,,1.8825,31.0,0.073,629.8,40.48,General,6.0,0.0,0.0,0.0,12.0,18.0,0.5,,Earnings contraction,0.0,18.0,,16.34,13.0,"Below 200 DMA, Sharp daily fall",2.25,Avoid,"Weak but watchable RSI, Positive 1M return, 1M Nifty outperformance, 80.0% of closes stayed inside the range | Range width 26.1% | Currently 10.5% through the range"
AURUM,Real Estate,Real Estate Services,163.96,-2.1,99.85,264.8,64.21,38.08,37.84,181.09,181.15,63058.35,39556.0,0.63,Bearish,8.0,Weak but watchable RSI,-7.89,-1.81,-6.01,-6.48,-8.24,-2.86,-1.41,6.43,-3.15,0.0,,58.82,Accumulation Zone,72.88,165.62,187.38,13.14,0.0,80.0% of closes stayed inside the range | Range width 13.1% | Currently 0.0% through the range,,,0.28,2.84,75.46,134.5,,,,,,,,30.2965,110.9429,2.8362,,-0.029,1787.8,73.88,Cement / Realty,0.0,20.0,0.0,0.0,8.0,28.0,0.43,,,0.0,28.0,,16.2,12.0,"Below 200 DMA, Limited fundamental data coverage",2.23,Avoid,"Weak but watchable RSI, 80.0% of closes stayed inside the range | Range width 13.1% | Currently 0.0% through the range"
AIRAN,Technology,Information Technology Services,15.93,-0.5,13.25,48.78,20.23,67.34,45.39,16.55,23.02,308232.3,57728.0,0.19,Bearish,17.0,"RSI recovering, Near 52W low zone",7.13,-10.46,-37.72,-6.48,-8.24,-2.86,13.61,-2.22,-34.86,18.0,"Positive 1M return, 1M Nifty outperformance",24.14,Accumulation Zone,65.84,15.15,24.94,64.64,7.98,80.0% of closes stayed inside the range | Range width 64.6% | Currently 8.0% through the range,,,4.69,26.42,11.53,929.03,,,,,,,,12.575,,1.4063,,0.642,188.66,32.46,IT / Technology,6.0,15.0,0.0,0.0,10.0,31.0,0.43,,,0.0,31.0,,16.9,20.0,"Below 200 DMA, Far from 52W high, Low volume participation, Limited fundamental data coverage",2.14,Avoid,"RSI recovering, Near 52W low zone, Positive 1M return, 1M Nifty outperformance, 80.0% of closes stayed inside the range | Range width 64.6% | Currently 8.0% through the range"
BANARBEADS,Consumer Cyclical,Footwear & Accessories,111.5,-1.83,68.5,166.67,62.77,33.1,39.19,119.46,122.77,1865.1,591.0,0.32,Bearish,8.0,Weak but watchable RSI,-10.84,-12.92,9.34,-6.48,-8.24,-2.86,-4.36,-4.68,12.2,10.0,Positive 6M return,24.12,Accumulation Zone,68.85,108.66,143.11,31.71,8.26,80.0% of closes stayed inside the range | Range width 31.7% | Currently 8.3% through the range,,,8.4,7.5,53.11,1490.66,,,,,,,,40.6796,,1.3222,,0.455,76.22,64.44,Consumer Discretionary,3.0,20.0,0.0,0.0,6.0,29.0,0.43,,,0.0,29.0,,16.03,15.0,"Below 200 DMA, Low volume participation, Limited fundamental data coverage",2.05,Avoid,"Weak but watchable RSI, Positive 6M return, 80.0% of closes stayed inside the range | Range width 31.7% | Currently 8.3% through the range"
ACI,Basic Materials,Chemicals,528.7,-3.44,404.48,828.56,30.71,36.19,40.44,553.8,610.6,118587.1,70871.0,0.6,Bearish,8.0,Weak but watchable RSI,-8.45,5.55,-22.74,-6.48,-8.24,-2.86,-1.97,13.79,-19.88,25.0,"Positive 3M return, 3M Nifty outperformance",16.92,Accumulation Zone,67.71,506.91,686.42,35.41,12.14,80.0% of closes stayed inside the range | Range width 35.4% | Currently 12.1% through the range,,,12.1,9.29,9.17,-18.74,,,,,,,,61.3815,15.7547,3.0909,52.0,0.191,5979.09,92.35,Chemicals,6.0,5.0,0.0,0.0,7.0,18.0,0.5,,Earnings contraction,0.0,18.0,,16.34,15.0,"Below 200 DMA, Earnings contraction",2.0,Avoid,"Weak but watchable RSI, Positive 3M return, 3M Nifty outperformance, 80.0% of closes stayed inside the range | Range width 35.4% | Currently 12.1% through the range"
BORORENEW,Technology,Solar,410.95,-5.62,380.0,721.0,8.14,43.0,25.75,498.32,561.8,412914.5,521213.0,1.26,Bearish,14.0,"Oversold RSI, Near 52W low zone, Normal volume support",-17.26,-23.36,-28.83,-6.48,-8.24,-2.86,-10.78,-15.12,-25.97,0.0,,67.24,Accumulation Zone,70.52,479.71,658.4,37.25,0.0,80.0% of closes stayed inside the range | Range width 37.3% | Currently 0.0% through the range,,,25.84,25.64,3.06,279.0,,,,,,,,18.3504,,4.6584,,0.116,7392.3,54.92,IT / Technology,12.0,12.0,0.0,0.0,8.0,32.0,0.43,,,5.0,37.0,Strong operating margin,16.9,17.0,"Below 200 DMA, Sharp daily fall, Limited fundamental data coverage",1.98,Avoid,"Oversold RSI, Near 52W low zone, Normal volume support, 80.0% of closes stayed inside the range | Range width 37.3% | Currently 0.0% through the range"
BLKASHYAP,Industrials,Engineering & Construction,47.34,-4.32,22.75,120.66,108.09,60.77,41.01,50.18,60.1,1313671.6,440414.0,0.34,Bearish,8.0,Weak but watchable RSI,-13.41,3.52,-31.14,-6.48,-8.24,-2.86,-6.93,11.76,-28.28,25.0,"Positive 3M return, 3M Nifty outperformance",24.36,Accumulation Zone,70.35,47.48,61.71,29.98,0.0,80.0% of closes stayed inside the range | Range width 30.0% | Currently 0.0% through the range,,,7.68,3.65,-8.8,237.32,,,,,,,,1952.3334,55.781,2.486,,0.321,1320.65,17.8,Capital Goods / Infra,0.0,10.0,0.0,0.0,7.0,17.0,0.43,,"Revenue contraction, Very high PE",0.0,17.0,,18.04,15.0,"Below 200 DMA, Low volume participation, Limited fundamental data coverage",1.91,Avoid,"Weak but watchable RSI, Positive 3M return, 3M Nifty outperformance, 80.0% of closes stayed inside the range | Range width 30.0% | Currently 0.0% through the range"
BOROLTD,Consumer Cyclical,"Furnishings, Fixtures & Appliances",225.38,0.67,214.5,515.9,5.07,56.31,28.42,258.08,317.41,104832.95,253247.0,2.42,Bearish,29.0,"Oversold RSI, Near 52W low zone, Strong volume expansion, Positive day move",-10.78,-24.9,-34.4,-6.48,-8.24,-2.86,-4.3,-16.66,-31.54,0.0,,64.12,Breakdown Risk,35.0,246.84,347.89,40.94,0.0,80.0% of closes stayed inside the range | Range width 40.9% | Currently 0.0% through the range | Below lower band on elevated volume,,,9.2,7.07,-0.47,5.47,,,,,,,,40.9232,28.048,3.217,,0.074,2867.83,61.03,Consumer Discretionary,3.0,2.0,0.0,0.0,7.0,12.0,0.43,,Revenue contraction,0.0,12.0,,16.03,12.0,"Below 200 DMA, Limited fundamental data coverage",1.85,Avoid,"Oversold RSI, Near 52W low zone, Strong volume expansion, Positive day move, 80.0% of closes stayed inside the range | Range width 40.9% | Currently 0.0% through the range | Below lower band on elevated volume"
CSLFINANCE,Financial Services,Credit Services,244.35,-0.95,184.63,524.61,32.34,53.42,37.62,274.92,295.24,25871.4,8703.0,0.34,Bearish,8.0,Weak but watchable RSI,-4.63,-16.89,-15.85,-6.48,-8.24,-2.86,1.85,-8.65,-12.99,0.0,,67.71,Accumulation Zone,72.22,260.48,306.02,17.48,0.0,80.0% of closes stayed inside the range | Range width 17.5% | Currently 0.0% through the range,,,44.36,33.09,2.48,-14.45,,,,,,,,6.0993,,0.8466,1.3,0.448,519.28,95.44,Financial Services,12.0,0.0,0.0,0.0,11.0,23.0,0.5,,Earnings contraction,0.0,23.0,,18.28,11.0,"Below 200 DMA, Low volume participation",1.79,Avoid,"Weak but watchable RSI, 80.0% of closes stayed inside the range | Range width 17.5% | Currently 0.0% through the range"
CARTRADE,Consumer Cyclical,Auto & Truck Dealerships,1764.0,-0.33,340.15,3290.5,418.59,46.39,31.06,2358.06,2342.83,559333.05,244435.0,0.44,Bearish,8.0,Weak but watchable RSI,-22.07,-36.1,-32.42,-6.48,-8.24,-2.86,-15.59,-27.86,-29.56,0.0,,64.12,Accumulation Zone,66.85,1999.11,3065.28,53.33,0.0,80.0% of closes stayed inside the range | Range width 53.3% | Currently 0.0% through the range,,,32.85,26.64,21.17,30.29,,,,,,,,64.8162,37.9885,5.8094,,0.004,14624.44,60.94,Automobile,12.0,18.0,0.0,0.0,5.0,35.0,0.43,,,0.0,35.0,,16.03,15.0,"Below 200 DMA, Low volume participation, Limited fundamental data coverage",1.65,Avoid,"Weak but watchable RSI, 80.0% of closes stayed inside the range | Range width 53.3% | Currently 0.0% through the range"
CENTENKA,Consumer Cyclical,Textile Manufacturing,396.74,-3.15,315.17,832.11,25.88,52.32,29.72,432.15,460.85,13667.8,16202.0,1.19,Bearish,9.0,"Oversold RSI, Normal volume support",-14.77,-2.99,-20.31,-6.48,-8.24,-2.86,-8.29,5.25,-17.45,0.0,,64.12,Accumulation Zone,73.2,421.78,474.06,12.4,0.0,80.0% of closes stayed inside the range | Range width 12.4% | Currently 0.0% through the range,,,6.63,5.76,0.72,6.27,,,,,,,,8.1253,,0.7996,2.01,0.219,1196.1,28.84,Consumer Discretionary,0.0,2.0,0.0,0.0,12.0,14.0,0.5,,,0.0,14.0,,16.03,8.0,Below 200 DMA,1.55,Avoid,"Oversold RSI, Normal volume support, 80.0% of closes stayed inside the range | Range width 12.4% | Currently 0.0% through the range"
CALSOFT,Technology,Software - Application,12.14,-5.96,9.76,28.02,24.44,56.67,34.98,14.29,15.33,62126.85,30175.0,0.49,Bearish,13.0,"Weak but watchable RSI, Near 52W low zone",-14.75,-27.31,-23.12,-6.48,-8.24,-2.86,-8.27,-19.07,-20.26,0.0,,67.24,Accumulation Zone,71.59,13.83,17.81,28.74,0.0,80.0% of closes stayed inside the range | Range width 28.7% | Currently 0.0% through the range,,,53.62,39.68,64.44,341.72,,,,,,,,14.9789,,5.3176,,0.655,219.49,85.1,IT / Technology,12.0,20.0,0.0,0.0,8.0,40.0,0.43,,,5.0,45.0,Strong operating margin,16.9,20.0,"Below 200 DMA, Sharp daily fall, Low volume participation, Limited fundamental data coverage",1.54,Avoid,"Weak but watchable RSI, Near 52W low zone, 80.0% of closes stayed inside the range | Range width 28.7% | Currently 0.0% through the range"
ASTRAZEN,Healthcare,Drug Manufacturers - Specialty & Generic,8628.95,-0.43,2866.24,10607.2,201.05,18.65,45.34,8613.17,8902.5,7602.75,5828.0,0.77,Bullish,27.0,"Above 50 DMA, RSI recovering",0.78,-6.06,-4.89,-6.48,-8.24,-2.86,7.26,2.18,-2.03,18.0,"Positive 1M return, 1M Nifty outperformance",29.17,Accumulation Zone,72.77,8361.75,9261.53,10.76,29.7,80.0% of closes stayed inside the range | Range width 10.8% | Currently 29.7% through the range,,,6.7,5.33,9.39,-39.89,,,,,,,,104.8311,,20.3557,51.0,0.246,17766.25,36.83,Pharma / Healthcare,0.0,5.0,0.0,0.0,2.0,7.0,0.5,,"Earnings contraction, Very high PE",0.0,7.0,,18.6,15.0,"Below 200 DMA, Earnings contraction",1.49,Avoid,"Above 50 DMA, RSI recovering, Positive 1M return, 1M Nifty outperformance, 80.0% of closes stayed inside the range | Range width 10.8% | Currently 29.7% through the range"
CPCAP,Financial Services,Credit Services,89.08,-3.58,85.32,564.86,4.41,84.23,33.5,101.52,132.6,14904.95,16950.0,1.14,Bearish,21.0,"Weak but watchable RSI, Near 52W low with stable RSI, Normal volume support",-7.6,-16.18,-39.67,-6.48,-8.24,-2.86,-1.12,-7.94,-36.81,0.0,,67.71,Accumulation Zone,72.69,95.98,127.23,32.57,0.0,80.0% of closes stayed inside the range | Range width 32.6% | Currently 0.0% through the range,,,71.35,82.76,1.54,22.96,,,,,,,,4.6051,,0.3627,,-0.237,207.76,91.57,Financial Services,12.0,8.0,0.0,0.0,10.0,30.0,0.43,,,0.0,30.0,,18.28,17.0,"Below 200 DMA, Far from 52W high, Limited fundamental data coverage",1.49,Avoid,"Weak but watchable RSI, Near 52W low with stable RSI, Normal volume support, 80.0% of closes stayed inside the range | Range width 32.6% | Currently 0.0% through the range"
DHARMAJ,Basic Materials,Agricultural Inputs,240.16,-3.62,137.0,389.65,75.3,38.37,51.1,238.24,282.21,53869.8,47366.0,0.88,Bullish,35.0,"Above 50 DMA, Healthy RSI momentum",0.05,2.46,-35.51,-6.48,-8.24,-2.86,6.53,10.7,-32.65,43.0,"Positive 1M return, Positive 3M return, 1M Nifty outperformance, 3M Nifty outperformance",7.69,Accumulation Zone,74.52,234.38,310.28,32.38,7.61,80.0% of closes stayed inside the range | Range width 32.4% | Currently 7.6% through the range,,,1.29,0.4,-45.42,-95.64,,,,,,,,15.1768,,2.0426,,0.087,914.05,23.28,General,0.0,0.0,0.0,0.0,10.0,10.0,0.43,,"Revenue contraction, Earnings contraction",0.0,10.0,,16.34,24.0,"Below 200 DMA, Revenue contraction, Earnings contraction, Limited fundamental data coverage",1.45,Avoid,"Above 50 DMA, Healthy RSI momentum, Positive 1M return, Positive 3M return, 1M Nifty outperformance, 3M Nifty outperformance, 80.0% of closes stayed inside the range | Range width 32.4% | Currently 7.6% through the range"
BECTORFOOD,Consumer Defensive,Packaged Foods,191.45,-2.12,67.07,436.9,185.44,56.18,28.35,221.17,259.8,593312.25,369667.0,0.62,Bearish,4.0,Oversold RSI,-13.46,-25.7,-32.18,-6.48,-8.24,-2.86,-6.98,-17.46,-29.32,0.0,,71.62,Accumulation Zone,70.24,216.17,270.49,25.13,0.0,80.0% of closes stayed inside the range | Range width 25.1% | Currently 0.0% through the range,,,8.6,7.14,-3.28,4.33,,,,,,,,49.2326,32.9674,5.641,56.0,0.158,7142.17,45.62,FMCG / Consumer,3.0,2.0,0.0,0.0,9.0,14.0,0.5,,Revenue contraction,0.0,14.0,,23.54,8.0,Below 200 DMA,1.43,Avoid,"Oversold RSI, 80.0% of closes stayed inside the range | Range width 25.1% | Currently 0.0% through the range"
5PAISA,Financial Services,Capital Markets,296.8,-1.93,270.1,758.45,9.89,60.87,32.62,341.86,356.25,63461.05,31681.0,0.5,Bearish,16.0,"Weak but watchable RSI, Near 52W low with stable RSI",-9.86,-1.84,-18.14,-6.48,-8.24,-2.86,-3.38,6.4,-15.28,0.0,,67.71,Accumulation Zone,73.54,305.76,366.72,19.94,0.0,80.0% of closes stayed inside the range | Range width 19.9% | Currently 0.0% through the range,,,-22.54,27.61,0.45,6.5,,,,,,,,28.2694,23.7645,1.7749,,0.662,1726.8,100.0,Financial Services,6.0,2.0,0.0,0.0,11.0,19.0,0.43,,,0.0,19.0,,18.28,12.0,"Below 200 DMA, Limited fundamental data coverage",1.39,Avoid,"Weak but watchable RSI, Near 52W low with stable RSI, 80.0% of closes stayed inside the range | Range width 19.9% | Currently 0.0% through the range"
3PLAND,Unknown,Unknown,30.31,-2.19,14.5,82.06,109.03,63.06,26.32,35.12,42.75,6412.9,37067.0,5.78,Bearish,19.0,"Oversold RSI, Strong volume expansion",-12.3,-22.48,-33.92,-6.48,-8.24,-2.86,-5.82,-14.24,-31.06,0.0,,66.67,Breakdown Risk,35.0,34.47,44.11,27.95,0.0,80.0% of closes stayed inside the range | Range width 28.0% | Currently 0.0% through the range | Below lower band on elevated volume,,,54.64,41.24,6.59,8.11,,,,,,,,,,,,,,,General,12.0,7.0,0.0,0.0,0.0,19.0,0.29,,,0.0,19.0,,12.22,12.0,"Below 200 DMA, Limited fundamental data coverage",1.23,Avoid,"Oversold RSI, Strong volume expansion, 80.0% of closes stayed inside the range | Range width 28.0% | Currently 0.0% through the range | Below lower band on elevated volume"
AWHCL,Industrials,Waste Management,455.67,-4.31,241.49,900.85,88.69,49.42,34.83,505.84,550.85,103634.75,82371.0,0.79,Bearish,8.0,Weak but watchable RSI,-10.96,9.33,-20.9,-6.48,-8.24,-2.86,-4.48,17.57,-18.04,25.0,"Positive 3M return, 3M Nifty outperformance",24.36,Accumulation Zone,71.09,454.15,561.35,23.61,1.42,80.0% of closes stayed inside the range | Range width 23.6% | Currently 1.4% through the range,,,8.15,4.38,1.86,-15.78,,,,,,,,18.8101,11.844,1.4872,13.0,0.834,1098.84,57.64,Capital Goods / Infra,0.0,0.0,0.0,0.0,15.0,15.0,0.5,,Earnings contraction,0.0,15.0,,18.04,15.0,"Below 200 DMA, Earnings contraction",1.21,Avoid,"Weak but watchable RSI, Positive 3M return, 3M Nifty outperformance, 80.0% of closes stayed inside the range | Range width 23.6% | Currently 1.4% through the range"
AKASH,Industrials,Engineering & Construction,24.02,-2.36,22.5,50.6,6.76,52.53,43.4,25.57,27.24,56261.75,8564.0,0.15,Bearish,16.0,"Weak but watchable RSI, Near 52W low with stable RSI",-1.36,-3.03,-9.19,-6.48,-8.24,-2.86,5.12,5.21,-6.33,10.0,1M Nifty outperformance,33.97,Accumulation Zone,73.49,24.35,29.27,20.21,0.0,80.0% of closes stayed inside the range | Range width 20.2% | Currently 0.0% through the range,,,13.57,8.4,-9.76,184.11,,,,,,,,60.9,,0.4863,,0.599,41.08,26.54,Capital Goods / Infra,6.0,10.0,0.0,0.0,4.0,20.0,0.43,,Revenue contraction,0.0,20.0,,18.04,15.0,"Below 200 DMA, Low volume participation, Limited fundamental data coverage",1.21,Avoid,"Weak but watchable RSI, Near 52W low with stable RSI, 1M Nifty outperformance, 80.0% of closes stayed inside the range | Range width 20.2% | Currently 0.0% through the range"
BEML,Industrials,Conglomerates,1575.81,-4.57,554.57,2708.24,184.15,41.81,35.38,1746.16,1979.38,250698.95,251891.0,1.0,Bearish,13.0,"Weak but watchable RSI, Normal volume support",-2.3,-3.72,-22.58,-6.48,-8.24,-2.86,4.18,4.52,-19.72,0.0,,67.95,Accumulation Zone,71.33,1673.66,2183.4,30.46,0.0,80.0% of closes stayed inside the range | Range width 30.5% | Currently 0.0% through the range,,,-1.63,-2.07,70.87,65.09,,,,,,,,92.5793,27.4347,5.635,65.0,0.676,16532.03,46.85,Capital Goods / Infra,0.0,20.0,0.0,0.0,7.0,27.0,0.5,,"Negative net margin, Very high PE",5.0,32.0,Strong order-book-driven revenue growth,18.04,16.0,"Below 200 DMA, Negative net margin",1.16,Avoid,"Weak but watchable RSI, Normal volume support, 80.0% of closes stayed inside the range | Range width 30.5% | Currently 0.0% through the range"
BANSALWIRE,Basic Materials,Steel,244.9,-1.71,239.0,503.95,2.47,51.4,28.79,281.06,336.19,46238.25,71096.0,1.54,Bearish,19.0,"Oversold RSI, Near 52W low zone, Volume expansion",-8.59,-24.13,-32.82,-6.48,-8.24,-2.86,-2.11,-15.89,-29.96,0.0,,67.69,Breakdown Risk,35.0,267.86,346.53,29.37,0.0,80.0% of closes stayed inside the range | Range width 29.4% | Currently 0.0% through the range | Below lower band on elevated volume,,,6.82,4.2,9.59,10.16,,,,,,,,35.0993,19.1952,3.4791,,0.843,4978.48,22.55,Metals / Mining,0.0,10.0,0.0,0.0,7.0,17.0,0.43,,,0.0,17.0,,16.34,12.0,"Below 200 DMA, Limited fundamental data coverage",1.15,Avoid,"Oversold RSI, Near 52W low zone, Volume expansion, 80.0% of closes stayed inside the range | Range width 29.4% | Currently 0.0% through the range | Below lower band on elevated volume"
ASHAPURMIN,Basic Materials,Other Industrial Metals & Mining,514.15,-1.46,70.69,924.9,627.37,44.41,34.0,694.56,604.82,878976.9,473600.0,0.54,Bearish,8.0,Weak but watchable RSI,-15.38,-24.9,-8.39,-6.48,-8.24,-2.86,-8.9,-16.66,-5.53,0.0,,67.69,Accumulation Zone,65.78,540.45,867.2,60.46,0.0,80.0% of closes stayed inside the range | Range width 60.5% | Currently 0.0% through the range,,,8.4,8.77,0.83,-12.84,,,,,,,,13.5688,,3.3715,17.0,0.654,5560.57,75.02,Metals / Mining,3.0,0.0,0.0,0.0,10.0,13.0,0.5,,Earnings contraction,0.0,13.0,,16.34,8.0,Below 200 DMA,1.0,Avoid,"Weak but watchable RSI, 80.0% of closes stayed inside the range | Range width 60.5% | Currently 0.0% through the range"
CARERATING,Financial Services,Financial Data & Stock Exchanges,1574.95,-2.02,431.45,1925.34,265.04,18.2,46.33,1604.85,1619.73,45546.35,28565.0,0.63,Bearish,12.0,RSI recovering,-3.58,2.82,4.67,-6.48,-8.24,-2.86,2.9,11.06,7.53,35.0,"Positive 3M return, Positive 6M return, 3M Nifty outperformance",13.54,Neutral Range,69.3,1498.58,1615.64,7.81,65.24,80.0% of closes stayed inside the range | Range width 7.8% | Currently 65.2% through the range,,,32.69,32.01,-17.78,-36.66,,,,,,,,28.5198,21.5931,5.4204,1.31,0.356,5060.96,54.75,Financial Services,12.0,0.0,0.0,0.0,10.0,22.0,0.5,,"Revenue contraction, Earnings contraction",-4.0,18.0,Expensive relative to book value for this sector,18.28,20.0,"Below 200 DMA, Revenue contraction, Earnings contraction",0.79,Avoid,"RSI recovering, Positive 3M return, Positive 6M return, 3M Nifty outperformance, 80.0% of closes stayed inside the range | Range width 7.8% | Currently 65.2% through the range"
ACCELYA,Technology,Information Technology Services,1186.2,-2.66,875.67,1895.01,35.46,37.4,44.49,1246.56,1306.11,18300.5,11156.0,0.61,Bearish,8.0,Weak but watchable RSI,-6.91,-5.02,-10.04,-6.48,-8.24,-2.86,-0.43,3.22,-7.18,0.0,,67.24,Accumulation Zone,72.17,1196.68,1410.56,17.87,0.0,80.0% of closes stayed inside the range | Range width 17.9% | Currently 0.0% through the range,5.3,3.02,22.78,10.49,-2.4,-52.93,33.05,1.9,,41.53,86.86,,,17.7508,18.1166,6.7679,7.05,0.523,1692.79,71.7,IT / Technology,8.0,0.0,11.0,0.0,8.0,27.0,0.79,,"Revenue contraction, Earnings contraction",5.0,32.0,Strong operating margin,16.9,15.0,"Below 200 DMA, Earnings contraction",0.73,Avoid,"Weak but watchable RSI, 80.0% of closes stayed inside the range | Range width 17.9% | Currently 0.0% through the range"
BOHRAIND,Basic Materials,Agricultural Inputs,18.67,-2.76,11.82,206.9,57.95,90.98,47.18,18.02,23.92,3980.6,2572.0,0.65,Bullish,27.0,"Above 50 DMA, RSI recovering",-3.86,3.66,-22.5,-6.48,-8.24,-2.86,2.62,11.9,-19.64,25.0,"Positive 3M return, 3M Nifty outperformance",16.92,Lower Range Watch,68.29,16.63,22.89,37.68,32.63,80.0% of closes stayed inside the range | Range width 37.7% | Currently 32.6% through the range,,,,,,5.74,,,,,,,,,,0.3616,,-1.341,13.02,100.0,General,0.0,2.0,0.0,0.0,4.0,6.0,0.14,,,0.0,6.0,,16.34,17.0,"Below 200 DMA, Far from 52W high, Limited fundamental data coverage",0.55,Avoid,"Above 50 DMA, RSI recovering, Positive 3M return, 3M Nifty outperformance, 80.0% of closes stayed inside the range | Range width 37.7% | Currently 32.6% through the range"
BHARATRAS,Basic Materials,Agricultural Inputs,1343.0,-4.3,1330.0,3570.2,0.98,62.38,21.44,1838.94,2389.33,19023.15,19302.0,1.01,Bearish,14.0,"Oversold RSI, Near 52W low zone, Normal volume support",-26.56,-45.75,-46.42,-6.48,-8.24,-2.86,-20.08,-37.51,-43.56,0.0,,67.69,Accumulation Zone,66.41,1620.03,2666.85,64.62,0.0,80.0% of closes stayed inside the range | Range width 64.6% | Currently 0.0% through the range,,,13.33,14.8,-5.42,43.58,,,,,,,,3.5788,3.7536,1.6366,4.0,0.173,2086.28,35.0,General,8.0,10.0,0.0,0.0,12.0,30.0,0.5,,Revenue contraction,0.0,30.0,,16.34,16.0,"Below 200 DMA, Extreme RSI weakness",0.45,Avoid,"Oversold RSI, Near 52W low zone, Normal volume support, 80.0% of closes stayed inside the range | Range width 64.6% | Currently 0.0% through the range"
BBTCL,Consumer Cyclical,Packaging & Containers,164.52,-2.88,120.6,342.08,36.42,51.91,27.05,186.21,188.1,2461.25,2301.0,0.93,Bearish,4.0,Oversold RSI,-12.46,-17.71,-18.59,-6.48,-8.24,-2.86,-5.98,-9.47,-15.73,0.0,,64.12,Accumulation Zone,72.31,183.48,204.28,11.33,0.0,80.0% of closes stayed inside the range | Range width 11.3% | Currently 0.0% through the range,,,7.87,3.18,6.22,5.94,,,,,,,,6.7893,,3.6587,42.0,0.046,483.22,41.37,Consumer Discretionary,0.0,4.0,0.0,0.0,10.0,14.0,0.5,,,0.0,14.0,,16.03,8.0,Below 200 DMA,0.3,Avoid,"Oversold RSI, 80.0% of closes stayed inside the range | Range width 11.3% | Currently 0.0% through the range"
BASF,Basic Materials,Specialty Chemicals,3290.66,-3.43,2157.9,8657.12,52.49,61.99,31.65,3653.07,4374.1,22866.0,19702.0,0.86,Bearish,8.0,Weak but watchable RSI,-9.2,-17.68,-28.73,-6.48,-8.24,-2.86,-2.72,-9.44,-25.87,0.0,,67.69,Accumulation Zone,70.53,3549.51,4569.97,28.75,0.0,80.0% of closes stayed inside the range | Range width 28.7% | Currently 0.0% through the range,,,3.53,2.76,-4.54,-0.45,,,,,,,,26.9725,22.119,4.2096,65.0,0.379,16659.34,16.98,Chemicals,0.0,0.0,0.0,0.0,11.0,11.0,0.5,,"Revenue contraction, Earnings contraction",0.0,11.0,,16.34,8.0,Below 200 DMA,0.3,Avoid,"Weak but watchable RSI, 80.0% of closes stayed inside the range | Range width 28.7% | Currently 0.0% through the range"
ASAL,Consumer Cyclical,Auto Parts,437.7,-1.79,249.0,1094.55,75.78,60.01,41.16,456.48,509.32,21395.7,14815.0,0.69,Bearish,8.0,Weak but watchable RSI,-1.78,-12.76,-9.85,-6.48,-8.24,-2.86,4.7,-4.52,-6.99,0.0,,64.12,Accumulation Zone,71.02,447.55,561.8,25.53,0.0,80.0% of closes stayed inside the range | Range width 25.5% | Currently 0.0% through the range,,,4.82,2.99,18.11,69.93,,,,,,,,25.9543,,21.4179,,0.515,774.5,27.36,Automobile,0.0,18.0,0.0,0.0,4.0,22.0,0.43,,,0.0,22.0,,16.03,12.0,"Below 200 DMA, Limited fundamental data coverage",0.1,Avoid,"Weak but watchable RSI, 80.0% of closes stayed inside the range | Range width 25.5% | Currently 0.0% through the range"
DOLLAR,Consumer Cyclical,Apparel Manufacturing,251.88,-5.7,246.5,643.71,2.19,60.87,23.42,316.1,353.12,95074.8,164165.0,1.73,Bearish,19.0,"Oversold RSI, Near 52W low zone, Volume expansion",-22.23,-24.81,-28.55,-6.48,-8.24,-2.86,-15.75,-16.57,-25.69,0.0,,64.12,Breakdown Risk,35.0,301.4,364.49,20.93,0.0,80.0% of closes stayed inside the range | Range width 20.9% | Currently 0.0% through the range | Below lower band on elevated volume,,,7.56,4.73,-17.68,-47.8,,,,,,,,13.5982,10.8347,1.6064,1.13,0.289,1523.96,52.65,Consumer Discretionary,0.0,0.0,0.0,0.0,14.0,14.0,0.5,,"Revenue contraction, Earnings contraction",0.0,14.0,,16.03,33.0,"Below 200 DMA, Extreme RSI weakness, Sharp daily fall, Revenue contraction, Earnings contraction",0.0,Avoid,"Oversold RSI, Near 52W low zone, Volume expansion, 80.0% of closes stayed inside the range | Range width 20.9% | Currently 0.0% through the range | Below lower band on elevated volume"
DOMS,Industrials,Business Equipment & Supplies,2052.4,-1.92,1221.0,3106.07,68.09,33.92,22.64,2417.09,2467.77,43765.35,53949.0,1.23,Bearish,9.0,"Oversold RSI, Normal volume support",-15.01,-20.26,-22.22,-6.48,-8.24,-2.86,-8.53,-12.02,-19.36,0.0,,67.95,Accumulation Zone,73.37,2342.91,2606.07,11.23,0.0,80.0% of closes stayed inside the range | Range width 11.2% | Currently 0.0% through the range,,,13.67,9.78,4.28,-0.63,,,,,,,,62.1158,41.8831,10.9392,17.0,-0.285,13344.76,42.47,Capital Goods / Infra,6.0,2.0,0.0,0.0,5.0,13.0,0.5,,Earnings contraction,0.0,13.0,,18.04,16.0,"Below 200 DMA, Extreme RSI weakness",0.0,Avoid,"Oversold RSI, Normal volume support, 80.0% of closes stayed inside the range | Range width 11.2% | Currently 0.0% through the range"
DPABHUSHAN,Consumer Cyclical,Luxury Goods,1008.9,0.35,221.13,1927.0,356.25,47.64,23.85,1301.35,1460.85,17384.05,28211.0,1.62,Bearish,19.0,"Oversold RSI, Volume expansion, Positive day move",-17.26,-30.57,-36.05,-6.48,-8.24,-2.86,-10.78,-22.33,-33.19,0.0,,64.12,Breakdown Risk,35.0,1218.4,1550.26,27.24,0.0,80.0% of closes stayed inside the range | Range width 27.2% | Currently 0.0% through the range | Below lower band on elevated volume,,,8.42,6.0,26.32,42.55,,,,,,,,14.1292,,5.3409,,-0.525,3385.38,10.52,Consumer Discretionary,3.0,20.0,0.0,0.0,8.0,31.0,0.43,,,0.0,31.0,,16.03,20.0,"Below 200 DMA, Extreme RSI weakness, Limited fundamental data coverage",0.0,Avoid,"Oversold RSI, Volume expansion, Positive day move, 80.0% of closes stayed inside the range | Range width 27.2% | Currently 0.0% through the range | Below lower band on elevated volume"
ABREL,Real Estate,Real Estate Services,1187.33,-3.53,582.03,3131.73,104.0,62.09,29.82,1412.59,1796.48,159559.6,236676.0,1.48,Bearish,14.0,"Oversold RSI, Volume expansion",-12.02,-28.24,-34.01,-6.48,-8.24,-2.86,-5.54,-20.0,-31.15,0.0,,58.82,Breakdown Risk,35.0,1279.99,1817.36,41.98,0.0,80.0% of closes stayed inside the range | Range width 42.0% | Currently 0.0% through the range | Below lower band on elevated volume,,,-132.24,-90.17,-43.98,-186.02,,,,,,,,,23.7319,4.1455,18.0,0.428,15337.15,58.74,Cement / Realty,0.0,0.0,0.0,0.0,4.0,4.0,0.43,,"Negative net margin, Revenue contraction, Earnings contraction",0.0,4.0,,16.2,32.0,"Below 200 DMA, Negative net margin, Revenue contraction, Earnings contraction, Limited fundamental data coverage",0.0,Avoid,"Oversold RSI, Volume expansion, 80.0% of closes stayed inside the range | Range width 42.0% | Currently 0.0% through the range | Below lower band on elevated volume"
ABFRL,Consumer Cyclical,Apparel Manufacturing,60.58,-2.95,59.31,364.4,2.14,83.38,28.77,70.22,77.47,4312249.6,5223565.0,1.21,Bearish,14.0,"Oversold RSI, Near 52W low zone, Normal volume support",-11.97,-18.77,-29.49,-6.48,-8.24,-2.86,-5.49,-10.53,-26.63,0.0,,64.12,Accumulation Zone,71.59,65.92,85.75,30.09,0.0,80.0% of closes stayed inside the range | Range width 30.1% | Currently 0.0% through the range,,,-1.72,-6.41,29.6,28.19,,,,,,,,,-9.1952,1.094,,0.026,6386.86,54.8,Consumer Discretionary,0.0,20.0,0.0,0.0,4.0,24.0,0.36,,Negative net margin,0.0,24.0,,16.03,25.0,"Below 200 DMA, Far from 52W high, Negative net margin, Limited fundamental data coverage",0.0,Avoid,"Oversold RSI, Near 52W low zone, Normal volume support, 80.0% of closes stayed inside the range | Range width 30.1% | Currently 0.0% through the range"
DVL,Financial Services,Capital Markets,209.91,-5.05,197.97,534.21,6.03,60.71,20.95,255.94,308.53,19041.3,33162.0,1.74,Bearish,19.0,"Oversold RSI, Near 52W low zone, Volume expansion",-16.58,-25.5,-37.28,-6.48,-8.24,-2.86,-10.1,-17.26,-34.42,0.0,,67.71,Breakdown Risk,35.0,247.64,351.45,41.92,0.0,80.8% of closes stayed inside the range | Range width 41.9% | Currently 0.0% through the range | Below lower band on elevated volume,,,-67.8,8.42,-12.47,156.51,,,,,,,,5.1764,,0.2976,1.7,0.718,978.49,39.46,Financial Services,3.0,10.0,0.0,0.0,11.0,24.0,0.5,,Revenue contraction,0.0,24.0,,18.28,21.0,"Below 200 DMA, Extreme RSI weakness, Sharp daily fall",0.0,Avoid,"Oversold RSI, Near 52W low zone, Volume expansion, 80.8% of closes stayed inside the range | Range width 41.9% | Currently 0.0% through the range | Below lower band on elevated volume"
BESTAGRO,Basic Materials,Agricultural Inputs,16.26,0.43,14.69,116.75,10.69,86.07,33.68,21.79,23.83,365646.65,404559.0,1.11,Bearish,23.0,"Weak but watchable RSI, Near 52W low zone, Normal volume support, Positive day move",-18.29,-33.97,-37.41,-6.48,-8.24,-2.86,-11.81,-25.73,-34.55,0.0,,67.69,Accumulation Zone,71.07,18.26,26.69,46.16,0.0,80.0% of closes stayed inside the range | Range width 46.2% | Currently 0.0% through the range,,,-3.26,-6.28,-60.74,-132.73,,,,,,,,20.9643,,0.8124,1.14,0.048,624.58,32.68,General,0.0,0.0,0.0,0.0,9.0,9.0,0.5,,"Negative net margin, Revenue contraction, Earnings contraction",0.0,9.0,,16.34,33.0,"Below 200 DMA, Far from 52W high, Negative net margin, Revenue contraction, Earnings contraction",0.0,Avoid,"Weak but watchable RSI, Near 52W low zone, Normal volume support, Positive day move, 80.0% of closes stayed inside the range | Range width 46.2% | Currently 0.0% through the range"
BETA,Healthcare,Drug Manufacturers - Specialty & Generic,1073.9,-2.19,600.0,2326.0,78.98,53.83,30.4,1383.91,1671.53,19147.55,7432.0,0.39,Bearish,8.0,Weak but watchable RSI,-22.16,-33.9,-43.48,-6.48,-8.24,-2.86,-15.68,-25.66,-40.62,0.0,,70.83,Accumulation Zone,65.35,1114.77,1820.39,63.3,0.0,80.0% of closes stayed inside the range | Range width 63.3% | Currently 0.0% through the range,,,14.43,9.76,-15.59,-30.29,,,,,,,,49.9093,,9.1118,,-0.447,2221.81,57.1,Pharma / Healthcare,6.0,0.0,0.0,0.0,2.0,8.0,0.43,,"Revenue contraction, Earnings contraction",0.0,8.0,,18.6,27.0,"Below 200 DMA, Low volume participation, Revenue contraction, Earnings contraction, Limited fundamental data coverage",0.0,Avoid,"Weak but watchable RSI, 80.0% of closes stayed inside the range | Range width 63.3% | Currently 0.0% through the range"
BHAGCHEM,Basic Materials,Agricultural Inputs,196.26,-1.28,99.64,447.21,96.96,56.11,34.79,213.13,257.29,57787.0,59748.0,1.03,Bearish,13.0,"Weak but watchable RSI, Normal volume support",-13.73,-15.83,-26.74,-6.48,-8.24,-2.86,-7.25,-7.59,-23.88,0.0,,67.69,Accumulation Zone,73.04,204.51,256.66,25.5,0.0,80.8% of closes stayed inside the range | Range width 25.5% | Currently 0.0% through the range,,,7.72,4.05,-18.65,-16.14,,,,,,,,131.0849,,5.1602,5.0,0.522,3603.5,37.59,General,0.0,0.0,0.0,0.0,4.0,4.0,0.5,,"Revenue contraction, Earnings contraction, Very high PE",0.0,4.0,,16.34,20.0,"Below 200 DMA, Revenue contraction, Earnings contraction",0.0,Avoid,"Weak but watchable RSI, Normal volume support, 80.8% of closes stayed inside the range | Range width 25.5% | Currently 0.0% through the range"
DODLA,Consumer Defensive,Food Distribution,1035.5,-0.92,427.64,1518.4,142.14,31.8,21.92,1182.78,1279.02,38184.45,28734.0,0.75,Bearish,4.0,Oversold RSI,-13.41,-14.88,-28.2,-6.48,-8.24,-2.86,-6.93,-6.64,-25.34,0.0,,71.62,Accumulation Zone,71.79,1162.12,1334.22,14.81,0.0,80.0% of closes stayed inside the range | Range width 14.8% | Currently 0.0% through the range,,,5.6,6.71,1.8,9.33,,,,,,,,26.8847,19.9799,3.9402,46.0,0.352,6596.24,24.66,FMCG / Consumer,3.0,5.0,0.0,0.0,11.0,19.0,0.5,,,0.0,19.0,,23.54,16.0,"Below 200 DMA, Extreme RSI weakness",0.0,Avoid,"Oversold RSI, 80.0% of closes stayed inside the range | Range width 14.8% | Currently 0.0% through the range"
DNAMEDIA,Communication Services,Publishing,3.3,-3.23,2.1,8.84,57.14,62.67,39.85,3.64,4.38,46183.15,22217.0,0.48,Bearish,8.0,Weak but watchable RSI,-10.08,-15.82,-29.79,-6.48,-8.24,-2.86,-3.6,-7.58,-26.93,0.0,,67.86,Accumulation Zone,71.5,3.4,4.6,35.29,0.0,81.7% of closes stayed inside the range | Range width 35.3% | Currently 0.0% through the range,,,-26.02,-21.16,-47.67,55.41,,,,,,,,,,-0.1202,,-0.576,30.25,54.24,Telecom,0.0,10.0,0.0,0.0,2.0,12.0,0.36,,"Negative net margin, Revenue contraction",0.0,12.0,,14.18,28.0,"Below 200 DMA, Low volume participation, Negative net margin, Revenue contraction, Limited fundamental data coverage",0.0,Avoid,"Weak but watchable RSI, 81.7% of closes stayed inside the range | Range width 35.3% | Currently 0.0% through the range"
BEDMUTHA,Basic Materials,Steel,131.9,-0.75,46.7,314.4,182.44,58.05,49.63,124.93,133.36,9674.85,7520.0,0.78,Bullish,27.0,"Above 50 DMA, RSI recovering",-1.55,30.03,-1.62,-6.48,-8.24,-2.86,4.93,38.27,1.24,35.0,"Strong 3M absolute return, 3M Nifty outperformance",11.54,Profit Booking Zone,70.43,104.91,139.85,33.3,77.24,80.0% of closes stayed inside the range | Range width 33.3% | Currently 77.2% through the range,,,1.49,-1.07,-1.88,-312.04,,,,,,,,20.5513,,2.2564,,0.144,342.8,12.57,Metals / Mining,0.0,0.0,0.0,0.0,8.0,8.0,0.43,,"Negative net margin, Revenue contraction, Earnings contraction",0.0,8.0,,16.34,27.0,"Below 200 DMA, Negative net margin, Earnings contraction, Limited fundamental data coverage",0.0,Avoid,"Above 50 DMA, RSI recovering, Strong 3M absolute return, 3M Nifty outperformance, 80.0% of closes stayed inside the range | Range width 33.3% | Currently 77.2% through the range"
DUCON,Industrials,Specialty Industrial Machinery,2.97,-2.3,2.67,17.4,11.24,82.93,32.88,3.47,4.88,797539.35,572006.0,0.72,Bearish,13.0,"Weak but watchable RSI, Near 52W low zone",-23.06,-17.5,-45.0,-6.48,-8.24,-2.86,-16.58,-9.26,-42.14,0.0,,67.95,Accumulation Zone,65.8,3.26,5.45,67.34,0.0,80.0% of closes stayed inside the range | Range width 67.3% | Currently 0.0% through the range,,,5.86,2.47,-17.07,-37.38,,,,,,,,9.4091,,0.2777,,-0.2,67.26,4.8,Capital Goods / Infra,0.0,0.0,0.0,0.0,10.0,10.0,0.43,,"Revenue contraction, Earnings contraction",0.0,10.0,,18.04,29.0,"Below 200 DMA, Far from 52W high, Revenue contraction, Earnings contraction, Limited fundamental data coverage",0.0,Avoid,"Weak but watchable RSI, Near 52W low zone, 80.0% of closes stayed inside the range | Range width 67.3% | Currently 0.0% through the range"
DREAMFOLKS,Unknown,Unknown,72.92,-3.95,71.89,843.62,1.43,91.36,19.53,93.74,140.72,142418.2,157806.0,1.11,Bearish,14.0,"Oversold RSI, Near 52W low zone, Normal volume support",-20.07,-33.84,-48.01,-6.48,-8.24,-2.86,-13.59,-25.6,-45.15,0.0,,66.67,Accumulation Zone,68.76,87.31,130.08,48.99,0.0,80.0% of closes stayed inside the range | Range width 49.0% | Currently 0.0% through the range,,,-28.27,-14.71,-73.99,-170.0,,,,,,,,,,,,,,,General,0.0,0.0,0.0,0.0,0.0,0.0,0.29,,"Negative net margin, Revenue contraction, Earnings contraction",0.0,0.0,,12.22,45.0,"Below 200 DMA, Extreme RSI weakness, Far from 52W high, Negative net margin, Revenue contraction, Earnings contraction, Limited fundamental data coverage",0.0,Avoid,"Oversold RSI, Near 52W low zone, Normal volume support, 80.0% of closes stayed inside the range | Range width 49.0% | Currently 0.0% through the range"
BIKAJI,Consumer Defensive,Packaged Foods,604.67,-1.38,301.01,1004.72,100.88,39.82,28.35,670.67,723.56,143409.7,122019.0,0.85,Bearish,4.0,Oversold RSI,-6.76,-14.46,-24.27,-6.48,-8.24,-2.86,-0.28,-6.22,-21.41,0.0,,71.62,Accumulation Zone,71.38,636.86,748.39,17.51,0.0,80.0% of closes stayed inside the range | Range width 17.5% | Currently 0.0% through the range,,,9.58,8.02,-4.8,-22.06,,,,,,,,60.1946,44.3151,9.655,20.0,0.237,15515.57,34.81,FMCG / Consumer,3.0,0.0,0.0,0.0,5.0,8.0,0.5,,"Revenue contraction, Earnings contraction",0.0,8.0,,23.54,15.0,"Below 200 DMA, Earnings contraction",0.0,Avoid,"Oversold RSI, 80.0% of closes stayed inside the range | Range width 17.5% | Currently 0.0% through the range"
BIGBLOC,Industrials,Building Products & Equipment,49.19,-3.81,48.25,148.5,1.95,66.88,35.08,60.66,59.71,122662.35,77315.0,0.63,Bearish,16.0,"Weak but watchable RSI, Near 52W low with stable RSI",-14.48,-24.53,-19.28,-6.48,-8.24,-2.86,-8.0,-16.29,-16.42,0.0,,67.95,Accumulation Zone,71.02,51.07,69.81,36.7,0.0,80.0% of closes stayed inside the range | Range width 36.7% | Currently 0.0% through the range,,,5.15,2.54,8.16,255.84,,,,,,,,352.75,10.2,4.3572,,-0.116,599.29,55.2,Capital Goods / Infra,0.0,15.0,0.0,0.0,5.0,20.0,0.43,,Very high PE,0.0,20.0,,18.04,17.0,"Below 200 DMA, Far from 52W high, Limited fundamental data coverage",0.0,Avoid,"Weak but watchable RSI, Near 52W low with stable RSI, 80.0% of closes stayed inside the range | Range width 36.7% | Currently 0.0% through the range"
BIL,Consumer Cyclical,Footwear & Accessories,721.45,-1.02,145.3,984.75,396.52,26.74,34.38,773.1,798.62,5553.55,799.0,0.14,Bearish,8.0,Weak but watchable RSI,-21.22,-5.46,-15.5,-6.48,-8.24,-2.86,-14.74,2.78,-12.64,0.0,,64.12,Accumulation Zone,69.37,701.85,881.53,25.6,10.91,80.0% of closes stayed inside the range | Range width 25.6% | Currently 10.9% through the range,,,6.06,1.83,-8.38,-32.56,,,,,,,,44.9528,51.2366,2.33,,0.164,1150.21,40.69,Consumer Discretionary,0.0,0.0,0.0,0.0,6.0,6.0,0.43,,"Revenue contraction, Earnings contraction",0.0,6.0,,16.03,22.0,"Below 200 DMA, Low volume participation, Earnings contraction, Limited fundamental data coverage",0.0,Avoid,"Weak but watchable RSI, 80.0% of closes stayed inside the range | Range width 25.6% | Currently 10.9% through the range"
BIOFILCHEM,Healthcare,Drug Manufacturers - Specialty & Generic,30.1,-2.43,28.5,91.87,5.61,67.24,39.54,33.56,40.43,28997.95,7262.0,0.25,Bearish,16.0,"Weak but watchable RSI, Near 52W low with stable RSI",-16.13,-14.27,-30.0,-6.48,-8.24,-2.86,-9.65,-6.03,-27.14,0.0,,70.83,Accumulation Zone,71.44,31.17,41.74,33.94,0.0,80.0% of closes stayed inside the range | Range width 33.9% | Currently 0.0% through the range,,,3.37,9.25,-93.68,-5.26,,,,,,,,109.7667,,2.4926,,0.572,53.59,7.17,Pharma / Healthcare,3.0,0.0,0.0,0.0,4.0,7.0,0.43,,"Revenue contraction, Earnings contraction, Very high PE",0.0,7.0,,18.6,25.0,"Below 200 DMA, Far from 52W high, Low volume participation, Revenue contraction, Limited fundamental data coverage",0.0,Avoid,"Weak but watchable RSI, Near 52W low with stable RSI, 80.0% of closes stayed inside the range | Range width 33.9% | Currently 0.0% through the range"
BIRLANU,Industrials,Building Products & Equipment,1380.82,-3.33,1365.0,3601.38,1.16,61.66,23.62,1621.19,1888.23,10390.95,10604.0,1.02,Bearish,14.0,"Oversold RSI, Near 52W low zone, Normal volume support",-16.96,-11.18,-28.48,-6.48,-8.24,-2.86,-10.48,-2.94,-25.62,0.0,,67.95,Accumulation Zone,71.96,1509.22,1926.59,27.65,0.0,80.0% of closes stayed inside the range | Range width 27.7% | Currently 0.0% through the range,,,-5.89,-6.18,5.89,-23.64,,,,,,,,,11.4106,0.9795,1.03,0.573,,41.09,Capital Goods / Infra,0.0,2.0,0.0,0.0,5.0,7.0,0.43,,"Negative net margin, Earnings contraction",0.0,7.0,,18.04,35.0,"Below 200 DMA, Extreme RSI weakness, Negative net margin, Earnings contraction, Limited fundamental data coverage",0.0,Avoid,"Oversold RSI, Near 52W low zone, Normal volume support, 80.0% of closes stayed inside the range | Range width 27.7% | Currently 0.0% through the range"
BLAL,Financial Services,Shell Companies,174.97,-3.43,136.0,377.45,28.65,53.64,26.54,195.03,206.73,24437.3,78225.0,3.2,Bearish,19.0,"Oversold RSI, Strong volume expansion",-7.4,-10.93,-22.64,-6.48,-8.24,-2.86,-0.92,-2.69,-19.78,0.0,,67.71,Breakdown Risk,35.0,188.7,213.4,13.09,0.0,80.0% of closes stayed inside the range | Range width 13.1% | Currently 0.0% through the range | Below lower band on elevated volume,,,,,,13.93,,,,,,,,302.0727,,622.2472,,0.609,691.88,100.0,Financial Services,0.0,5.0,0.0,0.0,0.0,5.0,0.21,,Very high PE,-4.0,1.0,Expensive relative to book value for this sector,18.28,12.0,"Below 200 DMA, Limited fundamental data coverage",0.0,Avoid,"Oversold RSI, Strong volume expansion, 80.0% of closes stayed inside the range | Range width 13.1% | Currently 0.0% through the range | Below lower band on elevated volume"
BIRLACORPN,Basic Materials,Building Materials,813.03,-4.72,808.19,1753.51,0.6,53.63,17.44,1027.34,1187.44,103942.9,109312.0,1.05,Bearish,14.0,"Oversold RSI, Near 52W low zone, Normal volume support",-23.61,-24.06,-35.82,-6.48,-8.24,-2.86,-17.13,-15.82,-32.96,0.0,,67.69,Accumulation Zone,73.21,1008.65,1203.57,19.33,0.0,80.0% of closes stayed inside the range | Range width 19.3% | Currently 0.0% through the range,,,7.41,2.44,-2.17,-41.69,,,,,,,,12.285,11.3092,0.9214,1.42,0.468,6785.71,82.08,Cement / Realty,0.0,0.0,0.0,0.0,14.0,14.0,0.5,,"Revenue contraction, Earnings contraction",0.0,14.0,,16.34,23.0,"Below 200 DMA, Extreme RSI weakness, Earnings contraction",0.0,Avoid,"Oversold RSI, Near 52W low zone, Normal volume support, 80.0% of closes stayed inside the range | Range width 19.3% | Currently 0.0% through the range"
BIRLAMONEY,Financial Services,Capital Markets,121.2,-5.67,42.65,303.72,184.17,60.09,35.89,132.34,161.9,55318.15,43823.0,0.79,Bearish,8.0,Weak but watchable RSI,-2.38,-17.77,-31.92,-6.48,-8.24,-2.86,4.1,-9.53,-29.06,0.0,,67.71,Accumulation Zone,69.16,126.26,174.17,37.94,0.0,80.0% of closes stayed inside the range | Range width 37.9% | Currently 0.0% through the range,,,51.13,12.85,11.1,-7.51,,,,,,,,13.5354,,2.4456,,0.454,734.28,75.79,Financial Services,11.0,5.0,0.0,0.0,10.0,26.0,0.43,,Earnings contraction,0.0,26.0,,18.28,17.0,"Below 200 DMA, Sharp daily fall, Limited fundamental data coverage",0.0,Avoid,"Weak but watchable RSI, 80.0% of closes stayed inside the range | Range width 37.9% | Currently 0.0% through the range"
BLSE,Industrials,Specialty Business Services,128.58,-2.2,124.3,420.05,3.44,69.39,21.55,169.66,187.74,384661.05,1203061.0,3.13,Bearish,24.0,"Oversold RSI, Near 52W low zone, Strong volume expansion",-22.3,-38.58,-27.05,-6.48,-8.24,-2.86,-15.82,-30.34,-24.19,0.0,,67.95,Breakdown Risk,35.0,161.17,216.65,34.42,0.0,80.0% of closes stayed inside the range | Range width 34.4% | Currently 0.0% through the range | Below lower band on elevated volume,,,5.38,4.51,4.05,-18.0,,,,,,,,51.1364,,5.6814,32.0,-0.067,2957.59,8.33,Capital Goods / Infra,0.0,2.0,0.0,0.0,6.0,8.0,0.5,,Earnings contraction,0.0,8.0,,18.04,28.0,"Below 200 DMA, Extreme RSI weakness, Far from 52W high, Earnings contraction",0.0,Avoid,"Oversold RSI, Near 52W low zone, Strong volume expansion, 80.0% of closes stayed inside the range | Range width 34.4% | Currently 0.0% through the range | Below lower band on elevated volume"
BLS,Consumer Services,Unknown,246.0,-3.85,118.62,516.67,107.39,52.39,33.04,285.61,334.99,2733796.25,1136730.0,0.42,Bearish,8.0,Weak but watchable RSI,-15.26,-21.32,-32.28,-6.48,-8.24,-2.86,-8.78,-13.08,-29.42,0.0,,75.0,Accumulation Zone,71.19,269.21,334.76,24.35,0.0,80.0% of closes stayed inside the range | Range width 24.3% | Currently 0.0% through the range,,,23.72,22.09,-0.02,-7.16,,,,,,,,,,,,,,,General,11.0,0.0,0.0,0.0,0.0,11.0,0.29,,"Revenue contraction, Earnings contraction",0.0,11.0,,12.38,15.0,"Below 200 DMA, Low volume participation, Limited fundamental data coverage",0.0,Avoid,"Weak but watchable RSI, 80.0% of closes stayed inside the range | Range width 24.3% | Currently 0.0% through the range"
BANG,Consumer Cyclical,Apparel Manufacturing,33.16,-6.8,32.0,96.43,3.62,65.61,15.32,44.4,51.29,9749.1,16968.0,1.74,Bearish,19.0,"Oversold RSI, Near 52W low zone, Volume expansion",-27.82,-36.52,-34.39,-6.48,-8.24,-2.86,-21.34,-28.28,-31.53,0.0,,64.12,Breakdown Risk,35.0,42.98,54.05,25.77,0.0,80.0% of closes stayed inside the range | Range width 25.8% | Currently 0.0% through the range | Below lower band on elevated volume,,,1.16,0.4,1.91,-84.01,,,,,,,,10.2507,,0.5037,,,47.12,10.83,Consumer Discretionary,0.0,0.0,0.0,0.0,10.0,10.0,0.43,,Earnings contraction,0.0,10.0,,16.03,37.0,"Below 200 DMA, Extreme RSI weakness, Sharp daily fall, Far from 52W high, Earnings contraction, Limited fundamental data coverage",0.0,Avoid,"Oversold RSI, Near 52W low zone, Volume expansion, 80.0% of closes stayed inside the range | Range width 25.8% | Currently 0.0% through the range | Below lower band on elevated volume"
BFUTILITIE,Industrials,Infrastructure Operations,460.85,-4.6,283.4,1129.1,62.61,59.18,30.83,559.66,702.11,32424.4,19912.0,0.61,Bearish,8.0,Weak but watchable RSI,-13.84,-20.9,-42.71,-6.48,-8.24,-2.86,-7.36,-12.66,-39.85,0.0,,67.95,Accumulation Zone,66.37,511.5,800.6,56.52,0.0,80.0% of closes stayed inside the range | Range width 56.5% | Currently 0.0% through the range,,,68.74,17.72,1.44,-2.0,,,,,,,,12.1459,,9.536,,0.415,1921.99,91.91,Capital Goods / Infra,11.0,0.0,0.0,0.0,6.0,17.0,0.43,,Earnings contraction,0.0,17.0,,18.04,12.0,"Below 200 DMA, Limited fundamental data coverage",0.0,Avoid,"Weak but watchable RSI, 80.0% of closes stayed inside the range | Range width 56.5% | Currently 0.0% through the range"
BHANDARI,Consumer Cyclical,Apparel Manufacturing,2.54,-4.51,2.53,12.38,0.4,79.48,18.75,3.75,4.65,703747.25,448629.0,0.64,Bearish,9.0,"Oversold RSI, Near 52W low zone",-38.5,-38.05,-49.8,-6.48,-8.24,-2.86,-32.02,-29.81,-46.94,0.0,,64.12,Accumulation Zone,69.7,3.54,4.8,35.73,0.0,80.0% of closes stayed inside the range | Range width 35.7% | Currently 0.0% through the range,,,9.4,3.72,-13.59,6.04,,,,,,,,10.4483,,0.5195,33.0,0.51,100.89,29.97,Consumer Discretionary,0.0,2.0,0.0,0.0,12.0,14.0,0.5,,Revenue contraction,0.0,14.0,,16.03,21.0,"Below 200 DMA, Extreme RSI weakness, Far from 52W high",0.0,Avoid,"Oversold RSI, Near 52W low zone, 80.0% of closes stayed inside the range | Range width 35.7% | Currently 0.0% through the range"
BHARATWIRE,Basic Materials,Steel,157.15,-4.65,87.3,400.6,80.01,60.77,31.23,174.97,185.12,542369.25,108338.0,0.2,Bearish,8.0,Weak but watchable RSI,-8.13,-8.16,-8.56,-6.48,-8.24,-2.86,-1.65,0.08,-5.7,0.0,,67.69,Accumulation Zone,72.32,165.68,193.58,16.84,0.0,80.0% of closes stayed inside the range | Range width 16.8% | Currently 0.0% through the range,,,18.61,12.78,-13.23,-17.57,,,,,,,,25.8273,,1.582,,0.627,1286.17,48.87,Metals / Mining,10.0,0.0,0.0,0.0,8.0,18.0,0.43,,"Revenue contraction, Earnings contraction",0.0,18.0,,16.34,22.0,"Below 200 DMA, Low volume participation, Earnings contraction, Limited fundamental data coverage",0.0,Avoid,"Weak but watchable RSI, 80.0% of closes stayed inside the range | Range width 16.8% | Currently 0.0% through the range"
BELLACASA,Consumer Cyclical,Textile Manufacturing,255.15,-4.9,246.65,497.35,3.45,48.7,23.43,320.5,,18562.75,45443.0,2.45,Bearish,24.0,"Oversold RSI, Near 52W low zone, Strong volume expansion",-19.93,-31.93,-37.89,-6.48,-8.24,-2.86,-13.45,-23.69,-35.03,0.0,,64.12,Breakdown Risk,35.0,297.71,441.54,48.31,0.0,80.0% of closes stayed inside the range | Range width 48.3% | Currently 0.0% through the range | Below lower band on elevated volume,,,7.49,4.96,-28.74,-30.47,,,,,,,,18.2914,,1.9305,81.0,0.465,331.07,12.18,Consumer Discretionary,0.0,0.0,0.0,0.0,12.0,12.0,0.5,,"Revenue contraction, Earnings contraction",0.0,12.0,,16.03,20.0,"Extreme RSI weakness, Revenue contraction, Earnings contraction",0.0,Avoid,"Oversold RSI, Near 52W low zone, Strong volume expansion, 80.0% of closes stayed inside the range | Range width 48.3% | Currently 0.0% through the range | Below lower band on elevated volume"
DTIL,Consumer Defensive,Packaged Foods,126.58,-5.08,126.15,307.86,0.34,58.88,30.98,144.75,171.5,2820.45,2665.0,0.94,Bearish,16.0,"Weak but watchable RSI, Near 52W low with stable RSI",-10.6,-20.95,-33.16,-6.48,-8.24,-2.86,-4.12,-12.71,-30.3,0.0,,71.62,Accumulation Zone,71.85,138.84,182.15,31.2,0.0,80.0% of closes stayed inside the range | Range width 31.2% | Currently 0.0% through the range,,,-4.46,-5.04,-17.42,-133.63,,,,,,,,,,0.3316,1.15,0.435,175.57,80.27,FMCG / Consumer,0.0,0.0,0.0,0.0,5.0,5.0,0.43,,"Negative net margin, Revenue contraction, Earnings contraction",0.0,5.0,,23.54,37.0,"Below 200 DMA, Sharp daily fall, Negative net margin, Revenue contraction, Earnings contraction, Limited fundamental data coverage",0.0,Avoid,"Weak but watchable RSI, Near 52W low with stable RSI, 80.0% of closes stayed inside the range | Range width 31.2% | Currently 0.0% through the range"
BBOX,Technology,Software - Application,490.88,-4.02,84.1,712.27,483.69,31.08,38.8,525.82,517.79,593758.35,216746.0,0.37,Bearish,8.0,Weak but watchable RSI,-7.21,-5.82,10.58,-6.48,-8.24,-2.86,-0.73,2.42,13.44,10.0,Positive 6M return,31.03,Accumulation Zone,72.75,494.39,563.46,13.97,0.0,80.0% of closes stayed inside the range | Range width 14.0% | Currently 0.0% through the range,,,7.32,2.99,4.73,-10.73,,,,,,,,57.3328,26.0349,10.2877,13.0,0.929,13247.13,17.38,IT / Technology,0.0,2.0,0.0,0.0,7.0,9.0,0.5,,Earnings contraction,0.0,9.0,,16.9,11.0,"Below 200 DMA, Low volume participation",0.0,Avoid,"Weak but watchable RSI, Positive 6M return, 80.0% of closes stayed inside the range | Range width 14.0% | Currently 0.0% through the range"
BAYERCROP,Basic Materials,Agricultural Inputs,4402.06,-2.98,3596.46,6808.08,22.4,35.34,40.04,4486.61,4965.19,22511.35,9773.0,0.43,Bearish,13.0,"Weak but watchable RSI, Near 52W low zone",-0.58,0.64,-10.39,-6.48,-8.24,-2.86,5.9,8.88,-7.53,20.0,"Positive 3M return, 1M Nifty outperformance",20.0,Accumulation Zone,71.96,4327.66,4867.17,12.47,13.79,80.0% of closes stayed inside the range | Range width 12.5% | Currently 13.8% through the range,,,9.25,8.65,-28.79,-37.33,,,,,,,,24.8814,21.5793,6.1354,3.69,0.234,18195.71,41.76,General,3.0,0.0,0.0,0.0,9.0,12.0,0.5,,"Revenue contraction, Earnings contraction",0.0,12.0,,16.34,23.0,"Below 200 DMA, Low volume participation, Revenue contraction, Earnings contraction",0.0,Avoid,"Weak but watchable RSI, Near 52W low zone, Positive 3M return, 1M Nifty outperformance, 80.0% of closes stayed inside the range | Range width 12.5% | Currently 13.8% through the range"
BATAINDIA,Consumer Cyclical,Footwear & Accessories,684.81,-3.52,682.38,1838.19,0.36,62.75,20.45,826.12,1024.84,235343.4,111782.0,0.47,Bearish,9.0,"Oversold RSI, Near 52W low zone",-15.49,-24.35,-42.23,-6.48,-8.24,-2.86,-9.01,-16.11,-39.37,0.0,,64.12,Accumulation Zone,68.52,790.71,1135.12,43.56,0.0,80.0% of closes stayed inside the range | Range width 43.6% | Currently 0.0% through the range,,,11.44,7.0,0.3,27.12,,,,,,,,59.8682,32.3414,5.4879,4.99,0.379,8756.58,55.1,Consumer Discretionary,6.0,10.0,0.0,0.0,9.0,25.0,0.5,,,0.0,25.0,,16.03,19.0,"Below 200 DMA, Extreme RSI weakness, Low volume participation",0.0,Avoid,"Oversold RSI, Near 52W low zone, 80.0% of closes stayed inside the range | Range width 43.6% | Currently 0.0% through the range"
BCONCEPTS,Consumer Cyclical,Footwear & Accessories,237.65,-0.44,132.66,966.1,79.14,75.4,36.15,292.57,320.38,8542.9,8550.0,1.0,Bearish,13.0,"Weak but watchable RSI, Normal volume support",-18.39,-20.76,-13.53,-6.48,-8.24,-2.86,-11.91,-12.52,-10.67,0.0,,64.12,Accumulation Zone,70.92,269.12,358.48,33.2,0.0,80.0% of closes stayed inside the range | Range width 33.2% | Currently 0.0% through the range,,,5.85,0.73,-9.51,-72.53,,,,,,,,209.0641,,2.4555,,-0.196,203.54,55.43,Consumer Discretionary,0.0,0.0,0.0,0.0,4.0,4.0,0.43,,"Revenue contraction, Earnings contraction, Very high PE",0.0,4.0,,16.03,24.0,"Below 200 DMA, Far from 52W high, Earnings contraction, Limited fundamental data coverage",0.0,Avoid,"Weak but watchable RSI, Normal volume support, 80.0% of closes stayed inside the range | Range width 33.2% | Currently 0.0% through the range"
BEARDSELL,Industrials,Building Products & Equipment,23.89,-4.52,16.86,58.58,41.71,59.22,24.94,28.0,30.47,20876.3,62308.0,2.98,Bearish,19.0,"Oversold RSI, Strong volume expansion",-15.94,-15.97,-21.76,-6.48,-8.24,-2.86,-9.46,-7.73,-18.9,0.0,,67.95,Breakdown Risk,35.0,27.08,34.73,28.25,0.0,80.0% of closes stayed inside the range | Range width 28.2% | Currently 0.0% through the range | Below lower band on elevated volume,,,6.37,3.15,-6.22,2.44,,,,,,,,8.9517,,1.1137,38.0,0.219,102.38,33.21,Capital Goods / Infra,0.0,0.0,0.0,0.0,12.0,12.0,0.5,,Revenue contraction,0.0,12.0,,18.04,16.0,"Below 200 DMA, Extreme RSI weakness",0.0,Avoid,"Oversold RSI, Strong volume expansion, 80.0% of closes stayed inside the range | Range width 28.2% | Currently 0.0% through the range | Below lower band on elevated volume"
BLUEJET,Healthcare,Biotechnology,375.6,-2.52,318.33,1026.0,17.99,63.39,39.75,442.03,657.77,1269775.25,623708.0,0.49,Bearish,13.0,"Weak but watchable RSI, Near 52W low zone",-8.71,-31.56,-49.41,-6.48,-8.24,-2.86,-2.23,-23.32,-46.55,0.0,,70.83,Accumulation Zone,65.68,398.02,669.11,68.11,0.0,80.0% of closes stayed inside the range | Range width 68.1% | Currently 0.0% through the range,,,21.26,20.87,-45.76,-55.94,,,,,,,,43.3021,29.6313,7.3683,20.0,0.636,10020.23,54.9,IT / Technology,11.0,0.0,0.0,0.0,7.0,18.0,0.5,,"Revenue contraction, Earnings contraction",5.0,23.0,Strong operating margin,18.6,23.0,"Below 200 DMA, Low volume participation, Revenue contraction, Earnings contraction",0.0,Avoid,"Weak but watchable RSI, Near 52W low zone, 80.0% of closes stayed inside the range | Range width 68.1% | Currently 0.0% through the range"
BLUSPRING,Industrials,Specialty Business Services,48.85,-6.13,47.51,100.88,2.82,51.58,31.05,60.43,,196806.65,218760.0,1.11,Bearish,21.0,"Weak but watchable RSI, Near 52W low with stable RSI, Normal volume support",-12.3,-27.67,-38.2,-6.48,-8.24,-2.86,-5.82,-19.43,-35.34,0.0,,67.95,Accumulation Zone,71.65,57.7,80.5,39.51,0.0,80.0% of closes stayed inside the range | Range width 39.5% | Currently 0.0% through the range,,,1.48,-2.31,0.59,-480.79,,,,,,,,,,2.8076,,,1905.11,12.97,Capital Goods / Infra,0.0,0.0,0.0,0.0,4.0,4.0,0.36,,"Negative net margin, Earnings contraction",0.0,4.0,,18.04,24.0,"Sharp daily fall, Negative net margin, Earnings contraction, Limited fundamental data coverage",0.0,Avoid,"Weak but watchable RSI, Near 52W low with stable RSI, Normal volume support, 80.0% of closes stayed inside the range | Range width 39.5% | Currently 0.0% through the range"
BCG,Communication Services,Advertising Agencies,9.62,-2.34,6.8,44.09,41.47,78.18,40.11,10.5,12.48,16153235.3,4721550.0,0.29,Bearish,8.0,Weak but watchable RSI,-9.93,-13.33,-37.33,-6.48,-8.24,-2.86,-3.45,-5.09,-34.47,0.0,,67.86,Accumulation Zone,68.02,9.77,14.22,45.54,0.0,80.0% of closes stayed inside the range | Range width 45.5% | Currently 0.0% through the range,,,20.02,13.92,35.76,33.29,,,,,,,,1.7956,,0.1728,,0.551,1826.76,33.37,Telecom,10.0,20.0,0.0,0.0,10.0,40.0,0.43,,,0.0,40.0,,14.18,20.0,"Below 200 DMA, Far from 52W high, Low volume participation, Limited fundamental data coverage",0.0,Avoid,"Weak but watchable RSI, 80.0% of closes stayed inside the range | Range width 45.5% | Currently 0.0% through the range"
BOMDYEING,Consumer Cyclical,Textile Manufacturing,101.56,-4.73,52.4,253.72,93.82,59.97,29.31,119.3,150.29,635852.3,709154.0,1.12,Bearish,9.0,"Oversold RSI, Normal volume support",-14.86,-20.64,-42.5,-6.48,-8.24,-2.86,-8.38,-12.4,-39.64,0.0,,64.12,Accumulation Zone,67.24,114.47,174.13,52.11,0.0,80.0% of closes stayed inside the range | Range width 52.1% | Currently 0.0% through the range,,,-11.05,-3.04,-10.65,-613.02,,,,,,,,120.8163,,1.0703,34.0,0.325,2445.37,29.44,Consumer Discretionary,0.0,0.0,0.0,0.0,6.0,6.0,0.5,,"Negative net margin, Revenue contraction, Earnings contraction, Very high PE",0.0,6.0,,16.03,23.0,"Below 200 DMA, Negative net margin, Earnings contraction",0.0,Avoid,"Oversold RSI, Normal volume support, 80.0% of closes stayed inside the range | Range width 52.1% | Currently 0.0% through the range"
BOSCH-HCIL,Consumer Cyclical,"Furnishings, Fixtures & Appliances",1301.0,-2.38,911.39,2545.76,42.75,48.9,38.0,1394.01,1623.13,11500.1,13762.0,1.2,Bearish,13.0,"Weak but watchable RSI, Normal volume support",-1.41,-6.75,-24.77,-6.48,-8.24,-2.86,5.07,1.49,-21.91,10.0,1M Nifty outperformance,24.12,Accumulation Zone,71.42,1347.39,1749.52,29.85,0.0,80.0% of closes stayed inside the range | Range width 29.8% | Currently 0.0% through the range,,,-3.26,-4.0,17.38,52.38,,,,,,,,1130.1333,,9.2283,3.81,0.628,4609.4,30.48,Consumer Discretionary,0.0,18.0,0.0,0.0,2.0,20.0,0.5,,"Negative net margin, Very high PE",0.0,20.0,,16.03,16.0,"Below 200 DMA, Negative net margin",0.0,Avoid,"Weak but watchable RSI, Normal volume support, 1M Nifty outperformance, 80.0% of closes stayed inside the range | Range width 29.8% | Currently 0.0% through the range"
BOSCHLTD,Consumer Cyclical,Auto Parts,31393.41,-5.2,14441.46,41670.78,117.38,24.66,26.67,35959.86,36384.03,21796.15,23866.0,1.09,Bearish,9.0,"Oversold RSI, Normal volume support",-13.04,-13.65,-22.76,-6.48,-8.24,-2.86,-6.56,-5.41,-19.9,0.0,,64.12,Accumulation Zone,74.48,35138.77,38763.91,10.32,0.0,80.8% of closes stayed inside the range | Range width 10.3% | Currently 0.0% through the range,,,10.51,10.9,1.89,-3.95,,,,,,,,60.4321,42.6321,9.6635,56.0,0.65,,33.55,Automobile,6.0,0.0,0.0,0.0,5.0,11.0,0.5,,Earnings contraction,0.0,11.0,,16.03,13.0,"Below 200 DMA, Sharp daily fall",0.0,Avoid,"Oversold RSI, Normal volume support, 80.8% of closes stayed inside the range | Range width 10.3% | Currently 0.0% through the range"
BAJAJINDEF,Industrials,Farm & Heavy Construction Machinery,218.07,-4.23,196.58,572.5,10.94,61.91,16.51,296.5,355.5,26094.45,10576.0,0.41,Bearish,9.0,"Oversold RSI, Near 52W low zone",-25.5,-32.44,-38.72,-6.48,-8.24,-2.86,-19.02,-24.2,-35.86,0.0,,67.95,Accumulation Zone,67.25,261.47,397.46,52.01,0.0,80.0% of closes stayed inside the range | Range width 52.0% | Currently 0.0% through the range,,,5.29,9.67,2.69,-21.8,,,,,,,,31.2145,,2.7104,88.0,,731.17,44.89,Capital Goods / Infra,3.0,0.0,0.0,0.0,10.0,13.0,0.5,,Earnings contraction,0.0,13.0,,18.04,26.0,"Below 200 DMA, Extreme RSI weakness, Low volume participation, Earnings contraction",0.0,Avoid,"Oversold RSI, Near 52W low zone, 80.0% of closes stayed inside the range | Range width 52.0% | Currently 0.0% through the range"
BAJEL,Utilities,Utilities - Regulated Electric,146.78,0.68,107.88,328.87,36.06,55.37,34.86,162.17,195.56,141246.7,228879.0,1.62,Bearish,23.0,"Weak but watchable RSI, Volume expansion, Positive day move",-9.35,-13.15,-26.83,-6.48,-8.24,-2.86,-2.87,-4.91,-23.97,0.0,,87.5,Breakdown Risk,35.0,155.63,203.65,30.86,0.0,80.0% of closes stayed inside the range | Range width 30.9% | Currently 0.0% through the range | Below lower band on elevated volume,,,3.95,-0.08,-8.43,-111.7,,,,,,,,102.0317,12.856,2.9845,31.0,0.967,2231.1,17.83,Energy / Utilities,0.0,0.0,0.0,0.0,9.0,9.0,0.5,,"Negative net margin, Revenue contraction, Earnings contraction, Very high PE",0.0,9.0,,13.72,23.0,"Below 200 DMA, Negative net margin, Earnings contraction",0.0,Avoid,"Weak but watchable RSI, Volume expansion, Positive day move, 80.0% of closes stayed inside the range | Range width 30.9% | Currently 0.0% through the range | Below lower band on elevated volume"
BALAJEE,Consumer Cyclical,Packaging & Containers,26.89,-0.41,24.0,99.22,12.04,72.9,27.91,34.6,43.78,156844.05,42398.0,0.27,Bearish,9.0,"Oversold RSI, Near 52W low zone",-18.86,-32.78,-49.69,-6.48,-8.24,-2.86,-12.38,-24.54,-46.83,0.0,,64.12,Accumulation Zone,67.07,32.68,50.07,53.23,0.0,80.0% of closes stayed inside the range | Range width 53.2% | Currently 0.0% through the range,,,2.46,0.07,19.84,-94.11,,,,,,,,23.4602,,0.708,,,216.24,33.68,Consumer Discretionary,0.0,8.0,0.0,0.0,8.0,16.0,0.43,,Earnings contraction,0.0,16.0,,16.03,27.0,"Below 200 DMA, Far from 52W high, Low volume participation, Earnings contraction, Limited fundamental data coverage",0.0,Avoid,"Oversold RSI, Near 52W low zone, 80.0% of closes stayed inside the range | Range width 53.2% | Currently 0.0% through the range"
BALAJITELE,Communication Services,Entertainment,98.8,-5.84,35.0,143.7,182.29,31.25,50.55,98.29,102.82,889048.8,280677.0,0.32,Bullish,35.0,"Above 50 DMA, Healthy RSI momentum",9.4,-12.63,-9.5,-6.48,-8.24,-2.86,15.88,-4.39,-6.64,18.0,"Positive 1M return, 1M Nifty outperformance",21.43,Accumulation Zone,71.11,90.28,124.35,37.74,25.0,80.0% of closes stayed inside the range | Range width 37.7% | Currently 25.0% through the range,,,-80.37,-58.76,-14.8,-404.78,,,,,,,,,,1.8118,,0.62,1146.49,7.14,Telecom,0.0,0.0,0.0,0.0,4.0,4.0,0.36,,"Negative net margin, Revenue contraction, Earnings contraction",0.0,4.0,,14.18,35.0,"Below 200 DMA, Sharp daily fall, Low volume participation, Negative net margin, Earnings contraction, Limited fundamental data coverage",0.0,Avoid,"Above 50 DMA, Healthy RSI momentum, Positive 1M return, 1M Nifty outperformance, 80.0% of closes stayed inside the range | Range width 37.7% | Currently 25.0% through the range"
BODALCHEM,Unknown,Unknown,44.03,-1.74,43.04,103.89,2.3,57.62,29.63,49.39,61.6,149992.85,281387.0,1.88,Bearish,19.0,"Oversold RSI, Near 52W low zone, Volume expansion",-12.03,-13.28,-32.41,-6.48,-8.24,-2.86,-5.55,-5.04,-29.55,0.0,,66.67,Breakdown Risk,35.0,47.15,61.95,31.4,0.0,80.0% of closes stayed inside the range | Range width 31.4% | Currently 0.0% through the range | Below lower band on elevated volume,,,1.14,0.05,1.9,-95.96,,,,,,,,,,,,,,,General,0.0,0.0,0.0,0.0,0.0,0.0,0.29,,Earnings contraction,0.0,0.0,,12.22,19.0,"Below 200 DMA, Earnings contraction, Limited fundamental data coverage",0.0,Avoid,"Oversold RSI, Near 52W low zone, Volume expansion, 80.0% of closes stayed inside the range | Range width 31.4% | Currently 0.0% through the range | Below lower band on elevated volume"
BALAMINES,Basic Materials,Specialty Chemicals,998.65,-3.91,989.1,3767.7,0.97,73.49,33.28,1123.35,1364.19,74926.25,90936.0,1.21,Bearish,21.0,"Weak but watchable RSI, Near 52W low with stable RSI, Normal volume support",-10.82,-8.66,-32.52,-6.48,-8.24,-2.86,-4.34,-0.42,-29.66,0.0,,67.69,Accumulation Zone,73.1,1083.2,1406.58,29.85,0.0,80.0% of closes stayed inside the range | Range width 29.9% | Currently 0.0% through the range,,,12.83,9.49,-2.72,-9.05,,,,,,,,37.9023,26.0559,3.9189,45.0,0.848,7745.46,44.54,Chemicals,6.0,0.0,0.0,0.0,9.0,15.0,0.5,,"Revenue contraction, Earnings contraction",0.0,15.0,,16.34,13.0,"Below 200 DMA, Far from 52W high",0.0,Avoid,"Weak but watchable RSI, Near 52W low with stable RSI, Normal volume support, 80.0% of closes stayed inside the range | Range width 29.9% | Currently 0.0% through the range"
BALAXI,Healthcare,Drug Manufacturers - Specialty & Generic,18.68,-4.74,17.5,151.45,6.74,87.67,33.44,23.55,39.3,142564.3,136086.0,0.95,Bearish,16.0,"Weak but watchable RSI, Near 52W low with stable RSI",-18.32,-45.22,-59.83,-6.48,-8.24,-2.86,-11.84,-36.98,-56.97,0.0,,70.83,Lower Range Watch,61.53,20.56,43.72,112.67,0.0,80.0% of closes stayed inside the range | Range width 112.7% | Currently 0.0% through the range,,,3.49,0.42,29.14,45.93,,,,,,,,86.6923,,0.4996,,0.699,124.44,44.16,Pharma / Healthcare,0.0,20.0,0.0,0.0,4.0,24.0,0.43,,Very high PE,0.0,24.0,,18.6,17.0,"Below 200 DMA, Far from 52W high, Limited fundamental data coverage",0.0,Avoid,"Weak but watchable RSI, Near 52W low with stable RSI, 80.0% of closes stayed inside the range | Range width 112.7% | Currently 0.0% through the range"
BANCOINDIA,Consumer Cyclical,Auto Parts,553.66,-3.51,76.49,859.79,623.84,35.6,31.4,626.84,650.58,273901.35,205196.0,0.75,Bearish,8.0,Weak but watchable RSI,-10.37,-20.47,-6.92,-6.48,-8.24,-2.86,-3.89,-12.23,-4.06,0.0,,64.12,Accumulation Zone,69.42,585.17,796.81,36.17,0.0,80.0% of closes stayed inside the range | Range width 36.2% | Currently 0.0% through the range,,,12.69,10.98,-24.19,-38.21,,,,,,,,18.0724,,5.3011,2.57,0.69,8931.25,46.89,Automobile,6.0,0.0,0.0,0.0,10.0,16.0,0.5,,"Revenue contraction, Earnings contraction",0.0,16.0,,16.03,20.0,"Below 200 DMA, Revenue contraction, Earnings contraction",0.0,Avoid,"Weak but watchable RSI, 80.0% of closes stayed inside the range | Range width 36.2% | Currently 0.0% through the range"
BALKRISHNA,Consumer Cyclical,Packaging & Containers,13.24,-17.61,12.86,39.13,2.95,66.17,26.91,17.06,20.45,44374.15,551437.0,12.43,Bearish,24.0,"Oversold RSI, Near 52W low zone, Strong volume expansion",-20.58,-35.82,-38.87,-6.48,-8.24,-2.86,-14.1,-27.58,-36.01,0.0,,64.12,Breakdown Risk,35.0,16.51,23.3,41.11,0.0,80.0% of closes stayed inside the range | Range width 41.1% | Currently 0.0% through the range | Below lower band on elevated volume,,,-16.92,-12.45,68.42,88.05,,,,,,,,,,-0.3087,,0.395,54.42,7.01,Consumer Discretionary,0.0,20.0,0.0,0.0,2.0,22.0,0.36,,Negative net margin,0.0,22.0,,16.03,30.0,"Below 200 DMA, Sharp daily fall, Far from 52W high, Negative net margin, Limited fundamental data coverage",0.0,Avoid,"Oversold RSI, Near 52W low zone, Strong volume expansion, 80.0% of closes stayed inside the range | Range width 41.1% | Currently 0.0% through the range | Below lower band on elevated volume"
BSL,Consumer Cyclical,Textile Manufacturing,126.95,-1.72,109.14,330.18,16.32,61.55,38.88,138.47,156.79,6840.45,4178.0,0.61,Bearish,13.0,"Weak but watchable RSI, Near 52W low zone",-9.17,-25.7,-25.47,-6.48,-8.24,-2.86,-2.69,-17.46,-22.61,0.0,,64.12,Accumulation Zone,69.09,131.74,191.5,45.36,0.0,80.0% of closes stayed inside the range | Range width 45.4% | Currently 0.0% through the range,,,5.34,0.71,-9.47,-31.23,,,,,,,,34.8527,118.2981,1.056,66.0,0.555,126.62,42.57,Consumer Discretionary,0.0,0.0,0.0,0.0,10.0,10.0,0.5,,"Revenue contraction, Earnings contraction",0.0,10.0,,16.03,15.0,"Below 200 DMA, Earnings contraction",0.0,Avoid,"Weak but watchable RSI, Near 52W low zone, 80.0% of closes stayed inside the range | Range width 45.4% | Currently 0.0% through the range"
BTML,Communication Services,Entertainment,6.94,-8.8,3.87,22.13,79.54,68.64,40.28,7.81,8.29,579377.1,577719.0,1.0,Bearish,8.0,Weak but watchable RSI,-12.81,-20.87,-22.02,-6.48,-8.24,-2.86,-6.33,-12.63,-19.16,0.0,,67.86,Accumulation Zone,72.81,7.53,9.04,20.09,0.0,80.8% of closes stayed inside the range | Range width 20.1% | Currently 0.0% through the range,,,8.91,3.71,66.72,-45.1,,,,,,,,19.1333,,1.6751,,-0.092,156.44,16.17,Telecom,0.0,10.0,0.0,0.0,10.0,20.0,0.43,,Earnings contraction,0.0,20.0,,14.18,29.0,"Below 200 DMA, Sharp daily fall, Far from 52W high, Earnings contraction, Limited fundamental data coverage",0.0,Avoid,"Weak but watchable RSI, 80.8% of closes stayed inside the range | Range width 20.1% | Currently 0.0% through the range"
BUTTERFLY,Consumer Cyclical,"Furnishings, Fixtures & Appliances",585.1,-1.8,550.7,1903.35,6.25,69.26,33.81,616.15,694.56,7214.2,3052.0,0.42,Bearish,16.0,"Weak but watchable RSI, Near 52W low with stable RSI",-6.66,-13.4,-17.18,-6.48,-8.24,-2.86,-0.18,-5.16,-14.32,0.0,,64.12,Accumulation Zone,74.45,599.75,721.72,20.34,0.0,80.8% of closes stayed inside the range | Range width 20.3% | Currently 0.0% through the range,,,5.73,4.4,-16.52,-36.65,,,,,,,,23.3119,,3.041,,0.023,1132.04,37.69,Consumer Discretionary,0.0,0.0,0.0,0.0,6.0,6.0,0.43,,"Revenue contraction, Earnings contraction",0.0,6.0,,16.03,32.0,"Below 200 DMA, Far from 52W high, Low volume participation, Revenue contraction, Earnings contraction, Limited fundamental data coverage",0.0,Avoid,"Weak but watchable RSI, Near 52W low with stable RSI, 80.8% of closes stayed inside the range | Range width 20.3% | Currently 0.0% through the range"
BSHSL,Basic Materials,Agricultural Inputs,83.39,-1.65,51.51,665.7,61.89,87.47,30.68,94.93,119.91,12263.3,13437.0,1.1,Bearish,13.0,"Weak but watchable RSI, Normal volume support",-9.06,-18.22,-41.14,-6.48,-8.24,-2.86,-2.58,-9.98,-38.28,0.0,,67.69,Accumulation Zone,69.74,90.29,127.33,41.02,0.0,80.0% of closes stayed inside the range | Range width 41.0% | Currently 0.0% through the range,1.88,1.38,13.96,8.36,-82.44,-81.71,24.98,3.83,0.72,0.28,29.84,,,33.6447,,7.3633,,0.891,963.85,18.73,General,6.0,0.0,12.0,0.0,4.0,22.0,0.79,,"Revenue contraction, Earnings contraction",2.0,24.0,General low-debt support,16.34,25.0,"Below 200 DMA, Far from 52W high, Revenue contraction, Earnings contraction",0.0,Avoid,"Weak but watchable RSI, Normal volume support, 80.0% of closes stayed inside the range | Range width 41.0% | Currently 0.0% through the range"
BVCL,Basic Materials,Building Materials,40.08,-0.2,22.5,77.0,78.13,47.95,38.66,43.93,44.03,25453.6,18315.0,0.72,Bearish,8.0,Weak but watchable RSI,-19.36,-6.36,-14.76,-6.48,-8.24,-2.86,-12.88,1.88,-11.9,0.0,,67.69,Accumulation Zone,71.39,41.44,50.99,23.05,0.0,80.0% of closes stayed inside the range | Range width 23.1% | Currently 0.0% through the range,,,-1.42,-4.84,0.63,-1173.01,,,,,,,,48.2418,,0.771,,,97.28,62.78,Cement / Realty,0.0,0.0,0.0,0.0,6.0,6.0,0.43,,"Negative net margin, Earnings contraction",0.0,6.0,,16.34,27.0,"Below 200 DMA, Negative net margin, Earnings contraction, Limited fundamental data coverage",0.0,Avoid,"Weak but watchable RSI, 80.0% of closes stayed inside the range | Range width 23.1% | Currently 0.0% through the range"
CAMLINFINE,Basic Materials,Specialty Chemicals,134.22,-2.39,79.95,333.3,67.88,59.73,36.49,149.46,205.19,658735.0,345243.0,0.52,Bearish,8.0,Weak but watchable RSI,-19.75,-10.6,-36.35,-6.48,-8.24,-2.86,-13.27,-2.36,-33.49,0.0,,67.69,Accumulation Zone,68.56,141.99,201.54,41.94,0.0,80.0% of closes stayed inside the range | Range width 41.9% | Currently 0.0% through the range,,,28.15,-7.92,-0.57,-151.88,,,,,,,,,12.7018,1.9104,,0.681,1988.53,43.58,Chemicals,6.0,0.0,0.0,0.0,4.0,10.0,0.36,,"Negative net margin, Revenue contraction, Earnings contraction",0.0,10.0,,16.34,27.0,"Below 200 DMA, Negative net margin, Earnings contraction, Limited fundamental data coverage",0.0,Avoid,"Weak but watchable RSI, 80.0% of closes stayed inside the range | Range width 41.9% | Currently 0.0% through the range"
CANTABIL,Consumer Cyclical,Apparel Manufacturing,237.13,-5.82,159.09,330.81,49.05,28.32,24.16,281.21,261.44,174116.8,144656.0,0.83,Bearish,4.0,Oversold RSI,-18.2,-7.22,-7.2,-6.48,-8.24,-2.86,-11.72,1.02,-4.34,0.0,,64.12,Accumulation Zone,71.3,247.14,291.73,18.04,0.0,80.0% of closes stayed inside the range | Range width 18.0% | Currently 0.0% through the range,,,26.41,17.05,50.27,567.57,,,,,,,,20.8911,,4.2564,62.0,-0.219,2037.34,71.04,Consumer Discretionary,11.0,20.0,0.0,0.0,8.0,39.0,0.5,,,0.0,39.0,,16.03,21.0,"Below 200 DMA, Extreme RSI weakness, Sharp daily fall",0.0,Avoid,"Oversold RSI, 80.0% of closes stayed inside the range | Range width 18.0% | Currently 0.0% through the range"
BLUECHIP,Financial Services,Capital Markets,2.61,-1.88,0.25,9.8,944.0,73.37,45.08,2.71,3.97,19900.85,34.0,0.0,Bearish,12.0,RSI recovering,12.99,-21.86,-40.82,-6.48,-8.24,-2.86,19.47,-13.62,-37.96,25.0,"Strong 1M absolute return, 1M Nifty outperformance",18.75,Accumulation Zone,66.41,2.51,4.05,61.61,6.74,80.8% of closes stayed inside the range | Range width 61.6% | Currently 6.7% through the range,,,,,,34.75,,,,,,,,,,-13.8065,,0.311,11.84,100.0,Financial Services,0.0,10.0,0.0,0.0,2.0,12.0,0.14,,,0.0,12.0,,18.28,20.0,"Below 200 DMA, Far from 52W high, Low volume participation, Limited fundamental data coverage",0.0,Avoid,"RSI recovering, Strong 1M absolute return, 1M Nifty outperformance, 80.8% of closes stayed inside the range | Range width 61.6% | Currently 6.7% through the range"
BANKA,Industrials,Pollution & Treatment Controls,54.05,0.3,52.2,166.8,3.54,67.6,23.86,61.62,74.97,7365.65,2727.0,0.37,Bearish,14.0,"Oversold RSI, Near 52W low zone, Positive day move",-11.55,-22.96,-36.41,-6.48,-8.24,-2.86,-5.07,-14.72,-33.55,0.0,,67.95,Accumulation Zone,69.13,60.25,88.3,46.54,0.0,80.0% of closes stayed inside the range | Range width 46.5% | Currently 0.0% through the range,,,4.49,-0.97,17.32,86.28,,,,,,,,247.5,,2.2151,,1.111,86.12,30.27,Capital Goods / Infra,0.0,18.0,0.0,0.0,4.0,22.0,0.43,,"Negative net margin, Very high PE",5.0,27.0,Strong order-book-driven revenue growth,18.04,36.0,"Below 200 DMA, Extreme RSI weakness, Far from 52W high, Low volume participation, Negative net margin, Limited fundamental data coverage",0.0,Avoid,"Oversold RSI, Near 52W low zone, Positive day move, 80.0% of closes stayed inside the range | Range width 46.5% | Currently 0.0% through the range"
AAVAS,Financial Services,Mortgage Finance,1199.6,-2.3,1152.1,2339.35,4.12,48.72,24.17,1377.88,1622.56,221618.95,349580.0,1.58,Bearish,19.0,"Oversold RSI, Near 52W low zone, Volume expansion",-7.82,-19.84,-24.61,-6.48,-8.24,-2.86,-1.34,-11.6,-21.75,0.0,,67.71,Breakdown Risk,35.0,1291.07,1669.94,29.35,0.0,80.0% of closes stayed inside the range | Range width 29.3% | Currently 0.0% through the range | Below lower band on elevated volume,,,25.72,28.23,1.89,3.73,,,,,,,,14.7269,11.0992,1.9999,,0.538,10113.44,99.34,Financial Services,12.0,2.0,0.0,0.0,13.0,27.0,0.43,,,0.0,27.0,,18.28,20.0,"Below 200 DMA, Extreme RSI weakness, Limited fundamental data coverage",0.0,Avoid,"Oversold RSI, Near 52W low zone, Volume expansion, 80.0% of closes stayed inside the range | Range width 29.3% | Currently 0.0% through the range | Below lower band on elevated volume"
AAATECH,Technology,Information Technology Services,90.22,-2.93,40.56,157.75,122.44,42.81,35.26,102.53,90.98,45902.55,17443.0,0.38,Bearish,8.0,Weak but watchable RSI,-8.87,-6.83,14.46,-6.48,-8.24,-2.86,-2.39,1.41,17.32,25.0,"Positive 6M return, 6M Nifty outperformance",15.52,Lower Range Watch,64.93,81.37,106.57,30.97,35.12,80.0% of closes stayed inside the range | Range width 31.0% | Currently 35.1% through the range,,,11.42,9.29,12.77,-45.47,,,,,,,,56.2308,,3.9705,1.63,0.323,121.89,49.61,IT / Technology,6.0,5.0,0.0,0.0,5.0,16.0,0.5,,Earnings contraction,0.0,16.0,,16.9,18.0,"Below 200 DMA, Low volume participation, Earnings contraction",0.0,Avoid,"Weak but watchable RSI, Positive 6M return, 6M Nifty outperformance, 80.0% of closes stayed inside the range | Range width 31.0% | Currently 35.1% through the range"
AAREYDRUGS,Healthcare,Drug Manufacturers - Specialty & Generic,69.41,-3.13,22.0,100.0,215.5,30.59,47.87,68.78,71.69,305676.4,74156.0,0.24,Bullish,27.0,"Above 50 DMA, RSI recovering",3.32,-8.21,0.95,-6.48,-8.24,-2.86,9.8,0.03,3.81,28.0,"Positive 1M return, Positive 6M return, 1M Nifty outperformance",20.83,Accumulation Zone,70.1,65.51,94.98,44.98,13.23,80.0% of closes stayed inside the range | Range width 45.0% | Currently 13.2% through the range,,,-2.43,0.59,14.57,-44.37,,,,,,,,70.0866,,1.6837,,1.245,296.89,3.82,Pharma / Healthcare,0.0,5.0,0.0,0.0,4.0,9.0,0.43,,Earnings contraction,0.0,9.0,,18.6,22.0,"Below 200 DMA, Low volume participation, Earnings contraction, Limited fundamental data coverage",0.0,Avoid,"Above 50 DMA, RSI recovering, Positive 1M return, Positive 6M return, 1M Nifty outperformance, 80.0% of closes stayed inside the range | Range width 45.0% | Currently 13.2% through the range"
ATAM,Industrials,Specialty Industrial Machinery,56.5,-3.34,55.9,263.9,1.07,78.59,19.95,73.83,89.45,18411.95,9057.0,0.49,Bearish,9.0,"Oversold RSI, Near 52W low zone",-24.33,-30.45,-37.33,-6.48,-8.24,-2.86,-17.85,-22.21,-34.47,0.0,,67.95,Accumulation Zone,70.34,69.49,91.36,31.47,0.0,80.0% of closes stayed inside the range | Range width 31.5% | Currently 0.0% through the range,,,-4.81,-5.54,-8.73,-164.15,,,,,,,,35.3481,,1.676,1.5,0.099,64.02,36.04,Capital Goods / Infra,0.0,0.0,0.0,0.0,7.0,7.0,0.5,,"Negative net margin, Revenue contraction, Earnings contraction",0.0,7.0,,18.04,39.0,"Below 200 DMA, Extreme RSI weakness, Far from 52W high, Low volume participation, Negative net margin, Earnings contraction",0.0,Avoid,"Oversold RSI, Near 52W low zone, 80.0% of closes stayed inside the range | Range width 31.5% | Currently 0.0% through the range"
BAJAJELEC,Consumer Cyclical,"Furnishings, Fixtures & Appliances",351.78,-0.28,338.5,1224.89,3.92,71.28,25.84,408.04,533.58,311857.05,142001.0,0.46,Bearish,9.0,"Oversold RSI, Near 52W low zone",-13.99,-26.11,-37.61,-6.48,-8.24,-2.86,-7.51,-17.87,-34.75,0.0,,64.12,Accumulation Zone,68.59,379.33,542.97,43.14,0.0,80.0% of closes stayed inside the range | Range width 43.1% | Currently 0.0% through the range,,,-2.11,-3.25,-1.03,-3847.25,,,,,,,,,20.8845,2.4085,87.0,-0.14,3839.69,31.01,Consumer Discretionary,0.0,0.0,0.0,0.0,6.0,6.0,0.43,,"Negative net margin, Revenue contraction, Earnings contraction",0.0,6.0,,16.03,35.0,"Below 200 DMA, Far from 52W high, Low volume participation, Negative net margin, Earnings contraction, Limited fundamental data coverage",0.0,Avoid,"Oversold RSI, Near 52W low zone, 80.0% of closes stayed inside the range | Range width 43.1% | Currently 0.0% through the range"
BAGFILMS,Communication Services,Broadcasting,4.94,-6.62,3.5,15.4,41.14,67.92,37.74,5.73,6.57,94953.05,207985.0,2.19,Bearish,23.0,"Weak but watchable RSI, Strong volume expansion",-10.99,-20.96,-22.2,-6.48,-8.24,-2.86,-4.51,-12.72,-19.34,0.0,,67.86,Breakdown Risk,35.0,5.35,7.05,31.86,0.0,80.0% of closes stayed inside the range | Range width 31.9% | Currently 0.0% through the range | Below lower band on elevated volume,,,5.32,1.77,11.68,96.12,,,,,,,,23.2632,,0.3572,,0.399,96.32,94.5,Telecom,0.0,15.0,0.0,0.0,8.0,23.0,0.43,,,0.0,23.0,,14.18,22.0,"Below 200 DMA, Sharp daily fall, Far from 52W high, Limited fundamental data coverage",0.0,Avoid,"Weak but watchable RSI, Strong volume expansion, 80.0% of closes stayed inside the range | Range width 31.9% | Currently 0.0% through the range | Below lower band on elevated volume"
AWL,Consumer Defensive,Packaged Foods,174.69,-0.93,171.12,837.33,2.09,79.14,11.49,209.23,247.73,1717812.35,2105247.0,1.23,Bearish,14.0,"Oversold RSI, Near 52W low zone, Normal volume support",-16.92,-29.93,-33.17,-6.48,-8.24,-2.86,-10.44,-21.69,-30.31,0.0,,71.62,Accumulation Zone,70.77,200.34,271.59,35.56,0.0,80.0% of closes stayed inside the range | Range width 35.6% | Currently 0.0% through the range,,,2.38,1.45,9.05,13.7,,,,,,,,22.3797,18.4756,2.4313,50.0,-0.162,25354.5,10.73,FMCG / Consumer,0.0,10.0,0.0,0.0,13.0,23.0,0.5,,,0.0,23.0,,23.54,21.0,"Below 200 DMA, Extreme RSI weakness, Far from 52W high",0.0,Avoid,"Oversold RSI, Near 52W low zone, Normal volume support, 80.0% of closes stayed inside the range | Range width 35.6% | Currently 0.0% through the range"
AWFIS,Industrials,Rental & Leasing Services,254.0,-4.55,250.7,946.0,1.32,73.15,19.54,389.31,542.0,463849.0,416040.0,0.9,Bearish,9.0,"Oversold RSI, Near 52W low zone",-30.03,-47.54,-55.91,-6.48,-8.24,-2.86,-23.55,-39.3,-53.05,0.0,,67.95,Lower Range Watch,61.89,319.67,600.23,87.77,0.0,80.0% of closes stayed inside the range | Range width 87.8% | Currently 0.0% through the range,,,10.44,5.67,4.07,35.57,,,,,,,,21.3713,13.3289,3.2792,,1.061,1812.34,83.63,Capital Goods / Infra,3.0,12.0,0.0,0.0,9.0,24.0,0.43,,,0.0,24.0,,18.04,25.0,"Below 200 DMA, Extreme RSI weakness, Far from 52W high, Limited fundamental data coverage",0.0,Avoid,"Oversold RSI, Near 52W low zone, 80.0% of closes stayed inside the range | Range width 87.8% | Currently 0.0% through the range"
AUTOIND,Consumer Cyclical,Auto Parts,66.15,-6.06,61.35,165.3,7.82,59.98,27.69,76.31,75.69,74102.3,80905.0,1.09,Bearish,14.0,"Oversold RSI, Near 52W low zone, Normal volume support",-15.29,-8.05,-8.76,-6.48,-8.24,-2.86,-8.81,0.19,-5.9,0.0,,64.12,Accumulation Zone,73.45,67.48,79.44,17.73,0.0,80.0% of closes stayed inside the range | Range width 17.7% | Currently 0.0% through the range,,,6.88,2.31,20.86,73.74,,,,,,,,10.027,13.4909,2.0502,,0.288,404.02,32.52,Automobile,0.0,18.0,0.0,0.0,10.0,28.0,0.43,,,0.0,28.0,,16.03,17.0,"Below 200 DMA, Sharp daily fall, Limited fundamental data coverage",0.0,Avoid,"Oversold RSI, Near 52W low zone, Normal volume support, 80.0% of closes stayed inside the range | Range width 17.7% | Currently 0.0% through the range"
AUSOMENT,Financial Services,Capital Markets,96.23,-2.74,52.43,184.56,83.56,47.86,36.26,115.13,108.56,6630.25,6159.0,0.93,Bearish,8.0,Weak but watchable RSI,-11.68,-13.02,-6.84,-6.48,-8.24,-2.86,-5.2,-4.78,-3.98,0.0,,67.71,Accumulation Zone,71.14,99.75,124.42,24.73,0.0,80.0% of closes stayed inside the range | Range width 24.7% | Currently 0.0% through the range,,,0.98,3.79,-54.37,14.09,,,,,,,,8.1406,,1.2513,68.0,0.449,201.96,1.08,Financial Services,0.0,5.0,0.0,0.0,12.0,17.0,0.5,,Revenue contraction,0.0,17.0,,18.28,13.0,"Below 200 DMA, Revenue contraction",0.0,Avoid,"Weak but watchable RSI, 80.0% of closes stayed inside the range | Range width 24.7% | Currently 0.0% through the range"
ATL,Industrials,Integrated Freight & Logistics,23.49,-1.67,21.21,82.5,10.75,71.53,39.71,25.58,29.15,303446.6,283927.0,0.94,Bearish,13.0,"Weak but watchable RSI, Near 52W low zone",-4.86,-10.31,-16.76,-6.48,-8.24,-2.86,1.62,-2.07,-13.9,0.0,,67.95,Accumulation Zone,69.1,24.36,35.4,45.29,0.0,80.0% of closes stayed inside the range | Range width 45.3% | Currently 0.0% through the range,,,11.95,6.88,5.4,33.01,,,,,,,,18.1477,,2.2,,1.088,789.19,29.02,Capital Goods / Infra,6.0,12.0,0.0,0.0,10.0,28.0,0.43,,,0.0,28.0,,18.04,17.0,"Below 200 DMA, Far from 52W high, Limited fundamental data coverage",0.0,Avoid,"Weak but watchable RSI, Near 52W low zone, 80.0% of closes stayed inside the range | Range width 45.3% | Currently 0.0% through the range"
CAPILLARY,Technology,Software - Infrastructure,516.9,-0.94,481.0,798.95,7.46,35.3,37.31,596.75,,211163.0,24595.0,0.12,Bearish,16.0,"Weak but watchable RSI, Near 52W low with stable RSI",-14.94,-21.79,,-6.48,-8.24,-2.86,-8.46,-13.55,,0.0,,67.24,,,,,,,,,,3.2,4.34,-69.24,-39.83,,,,,,,,94.8015,23.1106,3.8909,,,3985.52,34.47,IT / Technology,0.0,0.0,0.0,0.0,5.0,5.0,0.43,,"Revenue contraction, Earnings contraction, Very high PE",0.0,5.0,,16.9,19.0,"Low volume participation, Revenue contraction, Earnings contraction, Limited fundamental data coverage",0.0,Avoid,"Weak but watchable RSI, Near 52W low with stable RSI"
AVANTEL,Technology,Communication Equipment,139.95,-3.43,99.85,214.73,40.16,34.82,40.17,149.2,156.69,1103852.25,970250.0,0.88,Bearish,8.0,Weak but watchable RSI,-5.74,-1.66,-20.66,-6.48,-8.24,-2.86,0.74,6.58,-17.8,0.0,,67.24,Accumulation Zone,70.3,143.3,186.69,30.28,0.0,80.0% of closes stayed inside the range | Range width 30.3% | Currently 0.0% through the range,,,13.89,5.3,-0.38,-14.99,,,,,,,,373.3095,,12.3175,13.0,0.143,4166.08,58.69,IT / Technology,3.0,0.0,0.0,0.0,2.0,5.0,0.5,,"Revenue contraction, Earnings contraction, Very high PE",0.0,5.0,,16.9,8.0,Below 200 DMA,0.0,Avoid,"Weak but watchable RSI, 80.0% of closes stayed inside the range | Range width 30.3% | Currently 0.0% through the range"
CARYSIL,Consumer Cyclical,"Furnishings, Fixtures & Appliances",825.45,-4.51,427.61,1145.38,93.04,27.93,35.28,872.41,890.9,53129.85,86028.0,1.62,Bearish,18.0,"Weak but watchable RSI, Volume expansion",-11.47,-9.66,-13.74,-6.48,-8.24,-2.86,-4.99,-1.42,-10.88,0.0,,64.12,Accumulation Zone,70.83,794.44,996.59,25.45,15.34,80.0% of closes stayed inside the range | Range width 25.4% | Currently 15.3% through the range,,,14.67,9.47,-7.52,-22.47,,,,,,,,29.6668,22.1784,5.2065,27.0,0.56,3165.09,54.08,Consumer Discretionary,6.0,0.0,0.0,0.0,11.0,17.0,0.5,,"Revenue contraction, Earnings contraction",0.0,17.0,,16.03,15.0,"Below 200 DMA, Earnings contraction",0.0,Avoid,"Weak but watchable RSI, Volume expansion, 80.0% of closes stayed inside the range | Range width 25.4% | Currently 15.3% through the range"
CARRARO,Consumer Cyclical,Auto Parts,474.95,-5.8,250.49,685.13,89.61,30.68,31.47,528.98,486.23,104939.6,51156.0,0.49,Bearish,8.0,Weak but watchable RSI,-13.2,-13.03,7.7,-6.48,-8.24,-2.86,-6.72,-4.79,10.56,10.0,Positive 6M return,24.12,Accumulation Zone,69.81,462.42,555.28,20.08,13.49,80.0% of closes stayed inside the range | Range width 20.1% | Currently 13.5% through the range,,,7.65,4.93,-2.84,-11.46,,,,,,,,23.8989,,5.6168,1.24,,3171.18,26.23,Automobile,0.0,0.0,0.0,0.0,7.0,7.0,0.5,,"Revenue contraction, Earnings contraction",0.0,7.0,,16.03,16.0,"Below 200 DMA, Sharp daily fall, Low volume participation",0.0,Avoid,"Weak but watchable RSI, Positive 6M return, 80.0% of closes stayed inside the range | Range width 20.1% | Currently 13.5% through the range"
CCCL,Industrials,Engineering & Construction,15.32,2.68,1.15,28.87,1232.17,46.93,39.45,17.06,19.19,371362.65,602233.0,1.62,Bearish,28.0,"Weak but watchable RSI, Volume expansion, Strong positive day move",-17.5,-17.72,-15.31,-6.48,-8.24,-2.86,-11.02,-9.48,-12.45,0.0,,67.95,Breakdown Risk,35.0,16.03,24.78,54.59,0.0,80.0% of closes stayed inside the range | Range width 54.6% | Currently 0.0% through the range | Below lower band on elevated volume,,,0.5,4.74,44.5,-95.49,,,,,,,,,,2.3654,,6.497,659.42,13.32,Capital Goods / Infra,0.0,10.0,0.0,0.0,4.0,14.0,0.36,,Earnings contraction,5.0,19.0,Strong order-book-driven revenue growth,18.04,19.0,"Below 200 DMA, Earnings contraction, Limited fundamental data coverage",0.0,Avoid,"Weak but watchable RSI, Volume expansion, Strong positive day move, 80.0% of closes stayed inside the range | Range width 54.6% | Currently 0.0% through the range | Below lower band on elevated volume"
CCHHL,Consumer Cyclical,Lodging,12.97,-0.99,5.5,30.65,135.82,57.68,37.21,13.99,16.35,27272.4,38849.0,1.42,Bearish,18.0,"Weak but watchable RSI, Volume expansion",-2.11,-17.91,-26.14,-6.48,-8.24,-2.86,4.37,-9.67,-23.28,0.0,,64.12,Breakdown Risk,35.0,13.41,17.04,27.1,0.0,80.0% of closes stayed inside the range | Range width 27.1% | Currently 0.0% through the range | Below lower band on elevated volume,,,-14.97,-8.26,-20.91,-1079.24,,,,,,,,,,0.7066,,0.333,210.71,75.21,Consumer Discretionary,0.0,0.0,0.0,0.0,4.0,4.0,0.36,,"Negative net margin, Revenue contraction, Earnings contraction",0.0,4.0,,16.03,32.0,"Below 200 DMA, Negative net margin, Revenue contraction, Earnings contraction, Limited fundamental data coverage",0.0,Avoid,"Weak but watchable RSI, Volume expansion, 80.0% of closes stayed inside the range | Range width 27.1% | Currently 0.0% through the range | Below lower band on elevated volume"
ATULAUTO,Consumer Cyclical,Auto Manufacturers,422.3,-5.14,180.95,844.4,133.38,49.99,37.29,451.37,463.03,656290.5,191302.0,0.29,Bearish,8.0,Weak but watchable RSI,-5.27,-1.39,-21.61,-6.48,-8.24,-2.86,1.21,6.85,-18.75,0.0,,64.12,Accumulation Zone,72.09,427.54,505.99,18.35,0.0,80.0% of closes stayed inside the range | Range width 18.3% | Currently 0.0% through the range,,,10.41,6.78,16.0,67.39,,,,,,,,28.3823,,5.8605,1.25,0.623,1341.36,26.93,Automobile,6.0,18.0,0.0,0.0,7.0,31.0,0.5,,,0.0,31.0,,16.03,16.0,"Below 200 DMA, Sharp daily fall, Low volume participation",0.0,Avoid,"Weak but watchable RSI, 80.0% of closes stayed inside the range | Range width 18.3% | Currently 0.0% through the range"
ATLASCYCLE,Consumer Cyclical,Leisure,84.11,-5.79,28.85,176.39,191.54,52.32,35.06,95.83,113.76,4002.9,2401.0,0.6,Bearish,8.0,Weak but watchable RSI,-10.12,-13.49,-33.82,-6.48,-8.24,-2.86,-3.64,-5.25,-30.96,0.0,,64.12,Accumulation Zone,70.36,91.07,118.31,29.91,0.0,80.0% of closes stayed inside the range | Range width 29.9% | Currently 0.0% through the range,,,-99.08,-99.09,-22.35,37.05,,,,,,,,,,0.1647,,0.502,62.51,5.92,Consumer Discretionary,0.0,10.0,0.0,0.0,4.0,14.0,0.36,,"Negative net margin, Revenue contraction",0.0,14.0,,16.03,30.0,"Below 200 DMA, Sharp daily fall, Negative net margin, Revenue contraction, Limited fundamental data coverage",0.0,Avoid,"Weak but watchable RSI, 80.0% of closes stayed inside the range | Range width 29.9% | Currently 0.0% through the range"
ASIANHOTNR,Consumer Cyclical,Lodging,291.4,-0.43,66.6,419.5,337.54,30.54,48.16,304.72,329.61,33092.35,17513.0,0.53,Bearish,12.0,RSI recovering,-3.0,-8.21,-12.24,-6.48,-8.24,-2.86,3.48,0.03,-9.38,0.0,,64.12,Accumulation Zone,73.7,294.73,333.8,13.26,0.0,80.0% of closes stayed inside the range | Range width 13.3% | Currently 0.0% through the range,,,5.56,-62.07,18.32,11.1,,,,,,,,,,1.2347,,-0.005,1347.0,64.25,Consumer Discretionary,0.0,13.0,0.0,0.0,4.0,17.0,0.36,,Negative net margin,0.0,17.0,,16.03,20.0,"Below 200 DMA, Negative net margin, Limited fundamental data coverage",0.0,Avoid,"RSI recovering, 80.0% of closes stayed inside the range | Range width 13.3% | Currently 0.0% through the range"
ASKAUTOLTD,Consumer Cyclical,Auto Parts,378.72,-3.0,237.96,576.39,59.15,34.3,23.16,443.38,478.28,164490.75,113798.0,0.69,Bearish,4.0,Oversold RSI,-16.29,-16.99,-27.78,-6.48,-8.24,-2.86,-9.81,-8.75,-24.92,0.0,,64.12,Accumulation Zone,71.01,429.31,515.18,20.0,0.0,80.0% of closes stayed inside the range | Range width 20.0% | Currently 0.0% through the range,,,10.33,7.37,21.65,20.96,,,,,,,,39.4209,28.2207,9.5196,31.0,-0.268,12481.1,32.51,Automobile,6.0,16.0,0.0,0.0,7.0,29.0,0.5,,,0.0,29.0,,16.03,16.0,"Below 200 DMA, Extreme RSI weakness",0.0,Avoid,"Oversold RSI, 80.0% of closes stayed inside the range | Range width 20.0% | Currently 0.0% through the range"
ASTEC,Basic Materials,Agricultural Inputs,625.75,-0.29,557.0,2286.2,12.34,72.63,47.71,638.44,756.36,40800.6,39360.0,0.96,Bearish,17.0,"RSI recovering, Near 52W low zone",-1.6,-12.3,-26.43,-6.48,-8.24,-2.86,4.88,-4.06,-23.57,0.0,,67.69,Accumulation Zone,71.09,618.25,829.18,34.12,3.55,80.0% of closes stayed inside the range | Range width 34.1% | Currently 3.6% through the range,,,-5.8,-12.58,36.93,52.49,,,,,,,,,52.8591,3.3169,,0.196,1295.6,34.86,General,0.0,20.0,0.0,0.0,2.0,22.0,0.36,,Negative net margin,0.0,22.0,,16.34,25.0,"Below 200 DMA, Far from 52W high, Negative net margin, Limited fundamental data coverage",0.0,Avoid,"RSI recovering, Near 52W low zone, 80.0% of closes stayed inside the range | Range width 34.1% | Currently 3.6% through the range"
CELEBRITY,Consumer Cyclical,Apparel Manufacturing,7.48,-8.11,6.74,27.4,10.98,72.7,42.65,8.24,10.92,47759.0,45290.0,0.95,Bearish,13.0,"Weak but watchable RSI, Near 52W low zone",-17.26,-14.61,-38.99,-6.48,-8.24,-2.86,-10.78,-6.37,-36.13,0.0,,64.12,Accumulation Zone,68.75,7.76,11.46,47.65,0.0,80.0% of closes stayed inside the range | Range width 47.6% | Currently 0.0% through the range,,,-3.86,-7.54,6.73,13.42,,,,,,,,,,3.6936,,0.123,43.89,50.18,Consumer Discretionary,0.0,7.0,0.0,0.0,2.0,9.0,0.36,,Negative net margin,0.0,9.0,,16.03,30.0,"Below 200 DMA, Sharp daily fall, Far from 52W high, Negative net margin, Limited fundamental data coverage",0.0,Avoid,"Weak but watchable RSI, Near 52W low zone, 80.0% of closes stayed inside the range | Range width 47.6% | Currently 0.0% through the range"
CELLO,Consumer Cyclical,"Furnishings, Fixtures & Appliances",392.71,-2.99,383.3,1016.27,2.45,61.36,19.2,488.16,567.65,213965.25,277399.0,1.3,Bearish,14.0,"Oversold RSI, Near 52W low zone, Normal volume support",-21.78,-29.79,-32.52,-6.48,-8.24,-2.86,-15.3,-21.55,-29.66,0.0,,64.12,Accumulation Zone,70.45,452.85,623.73,37.74,0.0,80.0% of closes stayed inside the range | Range width 37.7% | Currently 0.0% through the range,,,15.49,11.49,-5.75,-25.71,,,,,,,,24.395,18.0427,2.8689,43.0,0.246,7748.65,48.99,Consumer Discretionary,6.0,0.0,0.0,0.0,13.0,19.0,0.5,,"Revenue contraction, Earnings contraction",0.0,19.0,,16.03,23.0,"Below 200 DMA, Extreme RSI weakness, Earnings contraction",0.0,Avoid,"Oversold RSI, Near 52W low zone, Normal volume support, 80.0% of closes stayed inside the range | Range width 37.7% | Currently 0.0% through the range"
CEMPRO,Industrials,Engineering & Construction,545.65,-3.29,92.1,939.19,492.49,41.9,30.73,653.78,760.37,293877.0,228941.0,0.78,Bearish,8.0,Weak but watchable RSI,-13.83,-30.73,-24.46,-6.48,-8.24,-2.86,-7.35,-22.49,-21.6,0.0,,67.95,Accumulation Zone,69.11,600.07,829.56,38.24,0.0,80.0% of closes stayed inside the range | Range width 38.2% | Currently 0.0% through the range,,,7.74,4.79,-10.13,-19.19,,,,,,,,35.7111,21.5114,9.0783,24.0,0.849,21784.38,26.77,Capital Goods / Infra,0.0,0.0,0.0,0.0,7.0,7.0,0.5,,"Revenue contraction, Earnings contraction",0.0,7.0,,18.04,15.0,"Below 200 DMA, Earnings contraction",0.0,Avoid,"Weak but watchable RSI, 80.0% of closes stayed inside the range | Range width 38.2% | Currently 0.0% through the range"
CENTEXT,Basic Materials,Aluminum,20.17,-3.4,7.6,34.75,165.39,41.96,46.35,21.63,23.3,167352.6,97525.0,0.58,Bearish,12.0,RSI recovering,-6.66,-4.99,-7.35,-6.48,-8.24,-2.86,-0.18,3.25,-4.49,0.0,,67.69,Accumulation Zone,70.18,21.06,28.79,36.69,0.0,80.0% of closes stayed inside the range | Range width 36.7% | Currently 0.0% through the range,,,5.69,2.37,11.74,5.07,,,,,,,,14.461,,2.149,,0.118,178.16,20.1,Metals / Mining,0.0,7.0,0.0,0.0,10.0,17.0,0.43,,,0.0,17.0,,16.34,12.0,"Below 200 DMA, Limited fundamental data coverage",0.0,Avoid,"RSI recovering, 80.0% of closes stayed inside the range | Range width 36.7% | Currently 0.0% through the range"
CENTRUM,Financial Services,Financial Conglomerates,21.55,-4.09,16.85,46.5,27.89,53.66,31.06,25.85,32.19,243687.4,340828.0,1.4,Bearish,18.0,"Weak but watchable RSI, Volume expansion",-16.21,-26.17,-41.52,-6.48,-8.24,-2.86,-9.73,-17.93,-38.66,0.0,,67.71,Breakdown Risk,35.0,24.31,34.7,42.72,0.0,80.0% of closes stayed inside the range | Range width 42.7% | Currently 0.0% through the range | Below lower band on elevated volume,,,25.39,-11.22,4.04,-139.22,,,,,,,,,,3.6004,,0.013,1093.74,82.6,Financial Services,6.0,2.0,0.0,0.0,2.0,10.0,0.36,,"Negative net margin, Earnings contraction",0.0,10.0,,18.28,27.0,"Below 200 DMA, Negative net margin, Earnings contraction, Limited fundamental data coverage",0.0,Avoid,"Weak but watchable RSI, Volume expansion, 80.0% of closes stayed inside the range | Range width 42.7% | Currently 0.0% through the range | Below lower band on elevated volume"
CENTURYPLY,Basic Materials,Lumber & Wood Production,679.25,-3.66,434.24,933.82,56.42,27.26,27.39,772.12,769.93,98397.25,36513.0,0.37,Bearish,4.0,Oversold RSI,-14.86,-15.25,-13.71,-6.48,-8.24,-2.86,-8.38,-7.01,-10.85,0.0,,67.69,Accumulation Zone,72.28,741.58,826.99,11.52,0.0,80.0% of closes stayed inside the range | Range width 11.5% | Currently 0.0% through the range,,,9.03,4.73,-2.56,-7.3,,,,,,,,57.63,29.175,6.4246,13.0,0.211,16747.4,48.18,General,0.0,0.0,0.0,0.0,7.0,7.0,0.5,,"Revenue contraction, Earnings contraction",0.0,7.0,,16.34,11.0,"Below 200 DMA, Low volume participation",0.0,Avoid,"Oversold RSI, 80.0% of closes stayed inside the range | Range width 11.5% | Currently 0.0% through the range"
CERA,Industrials,Building Products & Equipment,4497.57,-4.07,4478.3,10565.95,0.43,57.43,23.15,5010.79,5873.08,11516.25,34045.0,2.96,Bearish,24.0,"Oversold RSI, Near 52W low zone, Strong volume expansion",-11.95,-14.87,-28.52,-6.48,-8.24,-2.86,-5.47,-6.63,-25.66,0.0,,67.95,Breakdown Risk,35.0,4937.44,6109.81,23.74,0.0,80.0% of closes stayed inside the range | Range width 23.7% | Currently 0.0% through the range | Below lower band on elevated volume,,,8.27,4.74,2.27,-58.22,,,,,,,,35.9244,24.1557,4.9533,1.33,-0.107,7291.46,47.78,Capital Goods / Infra,0.0,0.0,0.0,0.0,8.0,8.0,0.5,,Earnings contraction,0.0,8.0,,18.04,23.0,"Below 200 DMA, Extreme RSI weakness, Earnings contraction",0.0,Avoid,"Oversold RSI, Near 52W low zone, Strong volume expansion, 80.0% of closes stayed inside the range | Range width 23.7% | Currently 0.0% through the range | Below lower band on elevated volume"
CESC,Utilities,Utilities - Regulated Electric,144.84,-2.19,54.48,192.45,165.89,24.74,42.81,150.48,157.37,1526999.85,1411423.0,0.92,Bearish,8.0,Weak but watchable RSI,-2.4,-10.81,1.15,-6.48,-8.24,-2.86,4.08,-2.57,4.01,10.0,Positive 6M return,50.0,Accumulation Zone,72.49,146.12,169.09,15.72,0.0,80.0% of closes stayed inside the range | Range width 15.7% | Currently 0.0% through the range,,,24.44,7.12,-23.01,-26.36,,,,,,,,12.958,10.43,1.5677,4.05,0.389,19633.02,38.36,Energy / Utilities,8.0,0.0,0.0,0.0,15.0,23.0,0.5,,"Revenue contraction, Earnings contraction",0.0,23.0,,13.72,20.0,"Below 200 DMA, Revenue contraction, Earnings contraction",0.0,Avoid,"Weak but watchable RSI, Positive 6M return, 80.0% of closes stayed inside the range | Range width 15.7% | Currently 0.0% through the range"
CEWATER,Utilities,Utilities - Regulated Water,249.55,-7.66,248.3,860.0,0.5,70.98,16.38,390.03,487.91,73298.5,156934.0,2.14,Bearish,24.0,"Oversold RSI, Near 52W low zone, Strong volume expansion",-38.05,-29.59,-52.99,-6.48,-8.24,-2.86,-31.57,-21.35,-50.13,0.0,,87.5,Breakdown Risk,35.0,343.43,506.98,47.62,0.0,80.0% of closes stayed inside the range | Range width 47.6% | Currently 0.0% through the range | Below lower band on elevated volume,,,0.04,-6.56,-0.22,-282.08,,,,,,,,990.7407,,0.9685,,,553.62,37.35,Energy / Utilities,0.0,0.0,0.0,0.0,4.0,4.0,0.43,,"Negative net margin, Revenue contraction, Earnings contraction, Very high PE",0.0,4.0,,13.72,45.0,"Below 200 DMA, Extreme RSI weakness, Sharp daily fall, Far from 52W high, Negative net margin, Earnings contraction, Limited fundamental data coverage",0.0,Avoid,"Oversold RSI, Near 52W low zone, Strong volume expansion, 80.0% of closes stayed inside the range | Range width 47.6% | Currently 0.0% through the range | Below lower band on elevated volume"
CHALET,Consumer Cyclical,Lodging,734.8,-3.8,303.61,1080.8,142.02,32.01,24.55,851.85,909.19,126311.6,113578.0,0.9,Bearish,4.0,Oversold RSI,-13.46,-17.67,-27.94,-6.48,-8.24,-2.86,-6.98,-9.43,-25.08,0.0,,64.12,Accumulation Zone,71.7,839.64,968.92,15.4,0.0,80.0% of closes stayed inside the range | Range width 15.4% | Currently 0.0% through the range,,,35.52,21.33,-34.98,-38.92,,,,,,,,37.7387,28.6124,5.3331,22.0,-0.058,,69.15,Consumer Discretionary,12.0,0.0,0.0,0.0,9.0,21.0,0.5,,"Revenue contraction, Earnings contraction",0.0,21.0,,16.03,28.0,"Below 200 DMA, Extreme RSI weakness, Revenue contraction, Earnings contraction",0.0,Avoid,"Oversold RSI, 80.0% of closes stayed inside the range | Range width 15.4% | Currently 0.0% through the range"
ARIHANTCAP,Financial Services,Capital Markets,71.07,-3.89,32.68,124.23,117.47,42.79,34.67,82.26,92.61,843773.0,254789.0,0.3,Bearish,8.0,Weak but watchable RSI,-10.19,-23.82,-31.57,-6.48,-8.24,-2.86,-3.71,-15.58,-28.71,0.0,,67.71,Accumulation Zone,68.17,76.13,110.01,44.51,0.0,80.0% of closes stayed inside the range | Range width 44.5% | Currently 0.0% through the range,,,-25.68,18.08,-14.11,-60.42,,,,,,,,21.9917,,1.7942,64.0,0.276,870.21,46.93,Financial Services,6.0,0.0,0.0,0.0,10.0,16.0,0.5,,"Revenue contraction, Earnings contraction",0.0,16.0,,18.28,18.0,"Below 200 DMA, Low volume participation, Earnings contraction",0.0,Avoid,"Weak but watchable RSI, 80.0% of closes stayed inside the range | Range width 44.5% | Currently 0.0% through the range"
ASHIMASYN,Real Estate,Real Estate - Development,14.07,0.43,12.05,51.6,16.76,72.73,35.91,16.72,22.39,150323.8,264182.0,1.76,Bearish,28.0,"Weak but watchable RSI, Near 52W low zone, Volume expansion, Positive day move",-16.84,-15.85,-42.03,-6.48,-8.24,-2.86,-10.36,-7.61,-39.17,0.0,,58.82,Breakdown Risk,35.0,15.87,22.58,42.32,0.0,80.0% of closes stayed inside the range | Range width 42.3% | Currently 0.0% through the range | Below lower band on elevated volume,,,-150.0,-351.28,-80.55,66.09,,,,,,,,,,1.3033,,0.217,360.9,71.39,Cement / Realty,0.0,10.0,0.0,0.0,4.0,14.0,0.36,,"Negative net margin, Revenue contraction",0.0,14.0,,16.2,30.0,"Below 200 DMA, Far from 52W high, Negative net margin, Revenue contraction, Limited fundamental data coverage",0.0,Avoid,"Weak but watchable RSI, Near 52W low zone, Volume expansion, Positive day move, 80.0% of closes stayed inside the range | Range width 42.3% | Currently 0.0% through the range | Below lower band on elevated volume"
AURIONPRO,Technology,Software - Application,849.6,-1.06,143.96,1979.44,490.17,57.08,36.66,968.88,1199.71,260626.5,88871.0,0.34,Bearish,8.0,Weak but watchable RSI,-8.35,-17.53,-33.92,-6.48,-8.24,-2.86,-1.87,-9.29,-31.06,0.0,,67.24,Accumulation Zone,70.24,913.4,1193.88,30.71,0.0,80.0% of closes stayed inside the range | Range width 30.7% | Currently 0.0% through the range,,,17.43,11.36,10.15,-17.86,,,,,,,,18.9046,13.8474,2.1915,85.0,-0.164,3906.91,26.89,IT / Technology,6.0,5.0,0.0,0.0,15.0,26.0,0.5,,Earnings contraction,0.0,26.0,,16.9,18.0,"Below 200 DMA, Low volume participation, Earnings contraction",0.0,Avoid,"Weak but watchable RSI, 80.0% of closes stayed inside the range | Range width 30.7% | Currently 0.0% through the range"
AROGRANITE,Industrials,Building Products & Equipment,24.45,-1.85,24.02,69.3,1.79,64.72,25.0,28.74,34.73,28100.3,24118.0,0.86,Bearish,9.0,"Oversold RSI, Near 52W low zone",-17.65,-19.97,-35.2,-6.48,-8.24,-2.86,-11.17,-11.73,-32.34,0.0,,67.95,Accumulation Zone,69.35,27.35,37.76,38.07,0.0,80.0% of closes stayed inside the range | Range width 38.1% | Currently 0.0% through the range,,,-28.42,-20.25,-27.52,-19.37,,,,,,,,,,0.2208,,0.496,38.4,34.99,Capital Goods / Infra,0.0,0.0,0.0,0.0,4.0,4.0,0.36,,"Negative net margin, Revenue contraction, Earnings contraction",0.0,4.0,,18.04,32.0,"Below 200 DMA, Negative net margin, Revenue contraction, Earnings contraction, Limited fundamental data coverage",0.0,Avoid,"Oversold RSI, Near 52W low zone, 80.0% of closes stayed inside the range | Range width 38.1% | Currently 0.0% through the range"
ARTEMISMED,Unknown,Unknown,225.8,-2.81,56.66,348.79,298.49,35.26,40.82,244.47,249.85,161781.55,130405.0,0.81,Bearish,8.0,Weak but watchable RSI,4.07,-16.2,-0.41,-6.48,-8.24,-2.86,10.55,-7.96,2.45,18.0,"Positive 1M return, 1M Nifty outperformance",22.22,Accumulation Zone,71.83,231.8,278.45,20.13,0.0,80.0% of closes stayed inside the range | Range width 20.1% | Currently 0.0% through the range,,,,,,,,,,,,,,139.4105,25.6942,5.4069,,0.323,,22.91,General,0.0,0.0,0.0,0.0,5.0,5.0,0.14,,Very high PE,0.0,5.0,,12.22,12.0,"Below 200 DMA, Limited fundamental data coverage",0.0,Avoid,"Weak but watchable RSI, Positive 1M return, 1M Nifty outperformance, 80.0% of closes stayed inside the range | Range width 20.1% | Currently 0.0% through the range"
ARTNIRMAN,Real Estate,Real Estate - Development,36.69,-7.49,35.7,128.5,2.77,71.45,30.33,43.69,50.55,4269.7,12589.0,2.95,Bearish,31.0,"Weak but watchable RSI, Near 52W low with stable RSI, Strong volume expansion",-17.46,-20.1,-28.06,-6.48,-8.24,-2.86,-10.98,-11.86,-25.2,0.0,,58.82,Breakdown Risk,35.0,41.39,53.15,28.41,0.0,80.0% of closes stayed inside the range | Range width 28.4% | Currently 0.0% through the range | Below lower band on elevated volume,,,0.62,2.75,-62.99,-84.14,,,,,,,,78.1176,,2.3883,,0.709,99.42,161.7,Cement / Realty,0.0,0.0,0.0,0.0,4.0,4.0,0.43,,"Revenue contraction, Earnings contraction",0.0,4.0,,16.2,34.0,"Below 200 DMA, Sharp daily fall, Far from 52W high, Revenue contraction, Earnings contraction, Limited fundamental data coverage",0.0,Avoid,"Weak but watchable RSI, Near 52W low with stable RSI, Strong volume expansion, 80.0% of closes stayed inside the range | Range width 28.4% | Currently 0.0% through the range | Below lower band on elevated volume"
ARVINDFASN,Consumer Cyclical,Apparel Retail,405.78,-4.79,257.91,635.51,57.33,36.15,24.81,467.01,493.88,146866.75,115370.0,0.79,Bearish,4.0,Oversold RSI,-15.82,-13.42,-24.78,-6.48,-8.24,-2.86,-9.34,-5.18,-21.92,0.0,,64.12,Accumulation Zone,70.96,442.52,532.29,20.29,0.0,80.0% of closes stayed inside the range | Range width 20.3% | Currently 0.0% through the range,,,8.72,1.86,24.32,103.42,,,,,,,,49.9059,24.9964,6.3725,36.0,0.093,6025.06,54.63,Consumer Discretionary,0.0,18.0,0.0,0.0,7.0,25.0,0.5,,,0.0,25.0,,16.03,16.0,"Below 200 DMA, Extreme RSI weakness",0.0,Avoid,"Oversold RSI, 80.0% of closes stayed inside the range | Range width 20.3% | Currently 0.0% through the range"
CHEMBOND,Basic Materials,Specialty Chemicals,139.74,-1.5,133.46,724.15,4.71,80.7,41.83,150.57,179.2,6957.1,10921.0,1.57,Bearish,26.0,"Weak but watchable RSI, Near 52W low with stable RSI, Volume expansion",-2.72,-10.57,-19.69,-6.48,-8.24,-2.86,3.76,-2.33,-16.83,0.0,,67.69,Breakdown Risk,35.0,145.14,176.05,21.29,0.0,80.0% of closes stayed inside the range | Range width 21.3% | Currently 0.0% through the range | Below lower band on elevated volume,,,5.3,2.53,-3.8,-74.64,,,,,,,,16.1556,,1.4056,1.15,1.032,234.65,39.13,Chemicals,0.0,0.0,0.0,0.0,11.0,11.0,0.5,,"Revenue contraction, Earnings contraction",0.0,11.0,,16.34,20.0,"Below 200 DMA, Far from 52W high, Earnings contraction",0.0,Avoid,"Weak but watchable RSI, Near 52W low with stable RSI, Volume expansion, 80.0% of closes stayed inside the range | Range width 21.3% | Currently 0.0% through the range | Below lower band on elevated volume"
CHEMFAB,Basic Materials,Specialty Chemicals,370.35,-2.48,211.58,1227.74,75.04,69.83,38.47,402.5,590.67,8077.4,1335.0,0.17,Bearish,8.0,Weak but watchable RSI,-7.4,-26.11,-44.2,-6.48,-8.24,-2.86,-0.92,-17.87,-41.34,0.0,,67.69,Accumulation Zone,65.99,389.16,619.03,59.07,0.0,80.0% of closes stayed inside the range | Range width 59.1% | Currently 0.0% through the range,,,-8.11,-6.53,-10.99,-121.21,,,,,,,,,,1.4038,34.0,0.052,531.47,30.25,Chemicals,0.0,0.0,0.0,0.0,6.0,6.0,0.43,,"Negative net margin, Revenue contraction, Earnings contraction",0.0,6.0,,16.34,35.0,"Below 200 DMA, Far from 52W high, Low volume participation, Negative net margin, Earnings contraction, Limited fundamental data coverage",0.0,Avoid,"Weak but watchable RSI, 80.0% of closes stayed inside the range | Range width 59.1% | Currently 0.0% through the range"
CHEMPLASTS,Basic Materials,Chemicals,236.15,7.42,211.03,633.9,11.9,62.75,39.13,264.39,359.43,487249.8,1772859.0,3.64,Bearish,38.0,"Weak but watchable RSI, Near 52W low zone, Strong volume expansion, Strong positive day move",-7.81,-8.82,-43.24,-6.48,-8.24,-2.86,-1.33,-0.58,-40.38,0.0,,67.69,Breakdown Risk,35.0,248.68,401.05,61.27,0.0,80.0% of closes stayed inside the range | Range width 61.3% | Currently 0.0% through the range | Below lower band on elevated volume,,,-13.16,-14.27,-19.17,-133.54,,,,,,,,,62.2773,1.6461,,-0.112,2888.35,34.39,Chemicals,0.0,0.0,0.0,0.0,4.0,4.0,0.36,,"Negative net margin, Revenue contraction, Earnings contraction",0.0,4.0,,16.34,32.0,"Below 200 DMA, Negative net margin, Revenue contraction, Earnings contraction, Limited fundamental data coverage",0.0,Avoid,"Weak but watchable RSI, Near 52W low zone, Strong volume expansion, Strong positive day move, 80.0% of closes stayed inside the range | Range width 61.3% | Currently 0.0% through the range | Below lower band on elevated volume"
CHOICEIN,Financial Services,Capital Markets,650.6,-7.39,105.75,860.5,515.22,24.39,28.06,781.44,769.88,637255.95,513709.0,0.81,Bearish,4.0,Oversold RSI,-14.41,-12.51,-17.29,-6.48,-8.24,-2.86,-7.93,-4.27,-14.43,0.0,,67.71,Accumulation Zone,72.38,745.78,826.69,10.85,0.0,80.0% of closes stayed inside the range | Range width 10.8% | Currently 0.0% through the range,,,35.81,21.63,29.71,36.82,,,,,,,,67.6182,52.322,9.3027,,-0.274,17519.14,65.2,Financial Services,12.0,20.0,0.0,0.0,3.0,35.0,0.43,,,-4.0,31.0,Expensive relative to book value for this sector,18.28,17.0,"Below 200 DMA, Sharp daily fall, Limited fundamental data coverage",0.0,Avoid,"Oversold RSI, 80.0% of closes stayed inside the range | Range width 10.8% | Currently 0.0% through the range"
CIFL,Financial Services,Credit Services,28.62,-2.42,28.0,44.47,2.21,35.65,25.3,32.72,35.28,133721.1,535342.0,4.0,Bearish,24.0,"Oversold RSI, Near 52W low zone, Strong volume expansion",-10.2,-22.65,-14.03,-6.48,-8.24,-2.86,-3.72,-14.41,-11.17,0.0,,67.71,Breakdown Risk,35.0,31.5,36.71,16.56,0.0,80.0% of closes stayed inside the range | Range width 16.6% | Currently 0.0% through the range | Below lower band on elevated volume,,,-6.14,-2.06,11.39,-106.53,,,,,,,,20.72,,1.2037,10.0,0.561,810.27,58.4,Financial Services,0.0,5.0,0.0,0.0,10.0,15.0,0.5,,"Negative net margin, Earnings contraction",0.0,15.0,,18.28,23.0,"Below 200 DMA, Negative net margin, Earnings contraction",0.0,Avoid,"Oversold RSI, Near 52W low zone, Strong volume expansion, 80.0% of closes stayed inside the range | Range width 16.6% | Currently 0.0% through the range | Below lower band on elevated volume"
CLEAN,Basic Materials,Specialty Chemicals,737.5,-2.39,701.0,1951.88,5.21,62.22,40.66,810.46,1081.42,304402.95,135058.0,0.44,Bearish,16.0,"Weak but watchable RSI, Near 52W low with stable RSI",-7.49,-17.17,-37.83,-6.48,-8.24,-2.86,-1.01,-8.93,-34.97,0.0,,67.69,Accumulation Zone,69.76,754.51,1094.63,45.08,0.0,80.0% of closes stayed inside the range | Range width 45.1% | Currently 0.0% through the range,,,24.09,20.89,-9.55,-34.51,,,,,,,,37.8827,25.8616,5.616,72.0,0.252,8890.0,61.48,Chemicals,11.0,0.0,0.0,0.0,9.0,20.0,0.5,,"Revenue contraction, Earnings contraction",0.0,20.0,,16.34,18.0,"Below 200 DMA, Low volume participation, Earnings contraction",0.0,Avoid,"Weak but watchable RSI, Near 52W low with stable RSI, 80.0% of closes stayed inside the range | Range width 45.1% | Currently 0.0% through the range"
CMSINFO,Industrials,Specialty Business Services,295.15,-1.89,240.24,598.93,22.86,50.72,32.28,321.76,395.74,650272.35,444394.0,0.68,Bearish,13.0,"Weak but watchable RSI, Near 52W low zone",-8.65,-14.38,-28.91,-6.48,-8.24,-2.86,-2.17,-6.14,-26.05,0.0,,67.95,Accumulation Zone,72.7,313.7,380.52,21.3,0.0,80.0% of closes stayed inside the range | Range width 21.3% | Currently 0.0% through the range,,,13.59,9.29,-1.46,-38.66,,,,,,,,13.6417,9.5492,1.639,2.08,0.329,3882.34,93.16,Capital Goods / Infra,6.0,0.0,0.0,0.0,15.0,21.0,0.5,,"Revenue contraction, Earnings contraction",0.0,21.0,,18.04,15.0,"Below 200 DMA, Earnings contraction",0.0,Avoid,"Weak but watchable RSI, Near 52W low zone, 80.0% of closes stayed inside the range | Range width 21.3% | Currently 0.0% through the range"
APCL,Basic Materials,Building Materials,115.4,-2.71,96.2,273.93,19.96,57.87,29.97,132.69,134.71,7144.1,3647.0,0.51,Bearish,9.0,"Oversold RSI, Near 52W low zone",-18.98,-3.93,-17.96,-6.48,-8.24,-2.86,-12.5,4.31,-15.1,0.0,,67.69,Accumulation Zone,72.39,118.78,139.91,17.79,0.0,80.0% of closes stayed inside the range | Range width 17.8% | Currently 0.0% through the range,,,-15.09,-24.43,-28.17,-297.76,,,,,,,,,,0.8061,,0.647,294.54,34.4,Cement / Realty,0.0,0.0,0.0,0.0,4.0,4.0,0.36,,"Negative net margin, Revenue contraction, Earnings contraction",0.0,4.0,,16.34,32.0,"Below 200 DMA, Negative net margin, Revenue contraction, Earnings contraction, Limited fundamental data coverage",0.0,Avoid,"Oversold RSI, Near 52W low zone, 80.0% of closes stayed inside the range | Range width 17.8% | Currently 0.0% through the range"
APOLSINHOT,Industrials,Specialty Business Services,1158.0,-4.33,831.43,2644.06,39.28,56.2,34.28,1260.13,1317.77,1132.75,1468.0,1.3,Bearish,13.0,"Weak but watchable RSI, Normal volume support",-6.45,-7.88,-18.64,-6.48,-8.24,-2.86,0.03,0.36,-15.78,0.0,,67.95,Accumulation Zone,74.14,1208.52,1350.43,11.74,0.0,80.0% of closes stayed inside the range | Range width 11.7% | Currently 0.0% through the range,,,3.68,0.47,7.87,-75.52,,,,,,,,37.9931,,2.0114,25.0,-0.332,316.05,13.2,Capital Goods / Infra,0.0,2.0,0.0,0.0,8.0,10.0,0.5,,Earnings contraction,0.0,10.0,,18.04,15.0,"Below 200 DMA, Earnings contraction",0.0,Avoid,"Weak but watchable RSI, Normal volume support, 80.0% of closes stayed inside the range | Range width 11.7% | Currently 0.0% through the range"
AQYLON,Communication Services,Broadcasting,103.3,-4.97,41.25,2219.95,150.42,95.35,18.75,284.58,831.2,298188.85,39602.0,0.13,Bearish,4.0,Oversold RSI,-47.97,-92.8,-90.09,-6.48,-8.24,-2.86,-41.49,-84.56,-87.23,0.0,,67.86,Lower Range Watch,59.01,161.99,1579.98,875.38,0.0,80.0% of closes stayed inside the range | Range width 875.4% | Currently 0.0% through the range,,,36.81,29.94,14152.74,179.82,,,,,,,,20.8585,,-97.4009,,0.004,561.0,38.14,Telecom,12.0,20.0,0.0,0.0,6.0,38.0,0.43,,,0.0,38.0,,14.18,28.0,"Below 200 DMA, Extreme RSI weakness, Far from 52W high, Low volume participation, Limited fundamental data coverage",0.0,Avoid,"Oversold RSI, 80.0% of closes stayed inside the range | Range width 875.4% | Currently 0.0% through the range"
ARCHIDPLY,Basic Materials,Lumber & Wood Production,73.31,-7.51,50.0,153.0,46.62,52.08,27.33,86.17,96.8,19183.5,90294.0,4.71,Bearish,19.0,"Oversold RSI, Strong volume expansion",-19.06,-16.58,-26.31,-6.48,-8.24,-2.86,-12.58,-8.34,-23.45,0.0,,67.69,Breakdown Risk,35.0,83.14,103.4,24.37,0.0,80.0% of closes stayed inside the range | Range width 24.4% | Currently 0.0% through the range | Below lower band on elevated volume,,,4.69,0.96,-4.39,-39.27,,,,,,,,16.0412,,1.8626,,0.152,210.49,33.67,General,0.0,0.0,0.0,0.0,10.0,10.0,0.43,,"Revenue contraction, Earnings contraction",0.0,10.0,,16.34,24.0,"Below 200 DMA, Sharp daily fall, Earnings contraction, Limited fundamental data coverage",0.0,Avoid,"Oversold RSI, Strong volume expansion, 80.0% of closes stayed inside the range | Range width 24.4% | Currently 0.0% through the range | Below lower band on elevated volume"
ARCHIES,Consumer Cyclical,Specialty Retail,13.92,-5.43,13.55,42.5,2.73,67.25,29.8,16.63,19.16,24921.65,22994.0,0.92,Bearish,9.0,"Oversold RSI, Near 52W low zone",-14.34,-26.74,-24.92,-6.48,-8.24,-2.86,-7.86,-18.5,-22.06,0.0,,64.12,Accumulation Zone,70.64,15.73,20.36,29.43,0.0,80.0% of closes stayed inside the range | Range width 29.4% | Currently 0.0% through the range,,,1.47,-0.55,-25.41,70.41,,,,,,,,,,0.3628,,0.843,45.27,64.54,Consumer Discretionary,0.0,10.0,0.0,0.0,4.0,14.0,0.36,,"Negative net margin, Revenue contraction",0.0,14.0,,16.03,35.0,"Below 200 DMA, Sharp daily fall, Far from 52W high, Negative net margin, Revenue contraction, Limited fundamental data coverage",0.0,Avoid,"Oversold RSI, Near 52W low zone, 80.0% of closes stayed inside the range | Range width 29.4% | Currently 0.0% through the range"
ARENTERP,Basic Materials,Other Industrial Metals & Mining,40.0,-3.5,26.45,88.34,51.23,54.72,46.42,42.45,46.9,856.15,496.0,0.58,Bearish,12.0,RSI recovering,4.14,-30.43,-18.37,-6.48,-8.24,-2.86,10.62,-22.19,-15.51,18.0,"Positive 1M return, 1M Nifty outperformance",23.85,Accumulation Zone,72.3,40.96,50.21,22.58,0.0,80.0% of closes stayed inside the range | Range width 22.6% | Currently 0.0% through the range,,,-103.39,135.64,-26.99,225.65,,,,,,,,,,0.5577,,0.088,12.06,35.22,Metals / Mining,6.0,10.0,0.0,0.0,4.0,20.0,0.36,,Revenue contraction,0.0,20.0,,16.34,17.0,"Below 200 DMA, Revenue contraction, Limited fundamental data coverage",0.0,Avoid,"RSI recovering, Positive 1M return, 1M Nifty outperformance, 80.0% of closes stayed inside the range | Range width 22.6% | Currently 0.0% through the range"
AMDIND,Consumer Cyclical,Packaging & Containers,36.52,-3.21,36.06,103.75,1.28,64.8,24.82,44.27,50.79,12352.7,7070.0,0.57,Bearish,9.0,"Oversold RSI, Near 52W low zone",-16.05,-29.92,-28.48,-6.48,-8.24,-2.86,-9.57,-21.68,-25.62,0.0,,64.12,Accumulation Zone,69.57,43.06,58.8,36.56,0.0,80.0% of closes stayed inside the range | Range width 36.6% | Currently 0.0% through the range,,,-14.89,-10.97,-35.58,-41.42,,,,,,,,30.6316,,0.6546,,0.207,100.4,34.2,Consumer Discretionary,0.0,0.0,0.0,0.0,8.0,8.0,0.43,,"Negative net margin, Revenue contraction, Earnings contraction",0.0,8.0,,16.03,40.0,"Below 200 DMA, Extreme RSI weakness, Negative net margin, Revenue contraction, Earnings contraction, Limited fundamental data coverage",0.0,Avoid,"Oversold RSI, Near 52W low zone, 80.0% of closes stayed inside the range | Range width 36.6% | Currently 0.0% through the range"
AMJLAND,Real Estate,Real Estate - Development,37.55,-1.77,18.4,75.83,104.07,50.49,33.09,44.08,53.43,28430.2,24751.0,0.87,Bearish,8.0,Weak but watchable RSI,-7.02,-28.09,-34.5,-6.48,-8.24,-2.86,-0.54,-19.85,-31.64,0.0,,58.82,Accumulation Zone,69.37,40.26,54.96,36.53,0.0,80.0% of closes stayed inside the range | Range width 36.5% | Currently 0.0% through the range,,,0.84,11.08,6.85,-72.85,,,,,,,,10.7278,,0.7437,52.0,0.333,158.34,56.25,Cement / Realty,3.0,2.0,0.0,0.0,12.0,17.0,0.5,,Earnings contraction,0.0,17.0,,16.2,15.0,"Below 200 DMA, Earnings contraction",0.0,Avoid,"Weak but watchable RSI, 80.0% of closes stayed inside the range | Range width 36.5% | Currently 0.0% through the range"
ANIKINDS,Consumer Defensive,Food Distribution,40.87,-7.26,26.6,133.0,53.65,69.27,30.55,47.96,75.56,16847.45,107012.0,6.35,Bearish,23.0,"Weak but watchable RSI, Strong volume expansion",-17.7,-21.85,-52.08,-6.48,-8.24,-2.86,-11.22,-13.61,-49.22,0.0,,71.62,Breakdown Risk,35.0,46.15,74.93,62.36,0.0,80.0% of closes stayed inside the range | Range width 62.4% | Currently 0.0% through the range | Below lower band on elevated volume,,,2.44,4.45,-76.88,159.9,,,,,,,,,,0.4014,,,127.83,3.21,FMCG / Consumer,0.0,10.0,0.0,0.0,4.0,14.0,0.36,,Revenue contraction,0.0,14.0,,23.54,27.0,"Below 200 DMA, Sharp daily fall, Far from 52W high, Revenue contraction, Limited fundamental data coverage",0.0,Avoid,"Weak but watchable RSI, Strong volume expansion, 80.0% of closes stayed inside the range | Range width 62.4% | Currently 0.0% through the range | Below lower band on elevated volume"
ANNAPURNA,Consumer Defensive,Packaged Foods,157.25,-7.53,109.3,494.9,43.87,68.23,32.5,190.95,244.58,85325.0,84750.0,0.99,Bearish,8.0,Weak but watchable RSI,-24.13,-32.13,-39.37,-6.48,-8.24,-2.86,-17.65,-23.89,-36.51,0.0,,71.62,Accumulation Zone,69.04,185.1,256.72,38.7,0.0,80.0% of closes stayed inside the range | Range width 38.7% | Currently 0.0% through the range,,,,,,,36.05,1.48,1.18,16.81,113.49,,,10.1866,,0.8916,,0.043,254.44,32.33,FMCG / Consumer,0.0,0.0,11.0,0.0,10.0,21.0,0.36,,,3.0,24.0,"Low debt, typical of a healthy consumer business",23.54,22.0,"Below 200 DMA, Sharp daily fall, Far from 52W high, Limited fundamental data coverage",0.0,Avoid,"Weak but watchable RSI, 80.0% of closes stayed inside the range | Range width 38.7% | Currently 0.0% through the range"
ANTGRAPHIC,Consumer Cyclical,Packaging & Containers,0.78,-3.7,0.55,2.48,41.82,68.55,29.36,0.93,1.06,226500.5,210914.0,0.93,Bearish,4.0,Oversold RSI,-15.22,-17.89,-29.09,-6.48,-8.24,-2.86,-8.74,-9.65,-26.23,0.0,,64.12,Accumulation Zone,74.9,0.9,1.08,20.0,0.0,83.3% of closes stayed inside the range | Range width 20.0% | Currently 0.0% through the range,-2.64,-2.23,-55.05,-51.2,23.99,-8494.0,17.42,81.9,41.79,0.05,2.84,0.04,-0.02,,,0.7282,,0.599,11.63,10.09,Consumer Discretionary,0.0,8.0,17.0,9.0,4.0,38.0,0.86,,"Negative net margin, Earnings contraction, Negative free cash flow",2.0,40.0,General low-debt support,16.03,32.0,"Below 200 DMA, Far from 52W high, Negative net margin, Earnings contraction, Negative free cash flow",0.0,Avoid,"Oversold RSI, 83.3% of closes stayed inside the range | Range width 20.0% | Currently 0.0% through the range"
ANUP,Industrials,Specialty Industrial Machinery,1440.25,-2.0,386.79,3809.62,272.37,62.19,27.63,1897.88,2308.47,68399.15,41896.0,0.61,Bearish,4.0,Oversold RSI,-25.03,-35.53,-35.9,-6.48,-8.24,-2.86,-18.55,-27.29,-33.04,0.0,,67.95,Accumulation Zone,68.19,1719.96,2387.13,38.79,0.0,80.0% of closes stayed inside the range | Range width 38.8% | Currently 0.0% through the range,,,17.9,12.34,-10.92,-20.34,,,,,,,,42.7165,27.8284,5.2194,67.0,0.023,3606.67,51.05,Capital Goods / Infra,8.0,0.0,0.0,0.0,9.0,17.0,0.5,,"Revenue contraction, Earnings contraction",0.0,17.0,,18.04,15.0,"Below 200 DMA, Earnings contraction",0.0,Avoid,"Oversold RSI, 80.0% of closes stayed inside the range | Range width 38.8% | Currently 0.0% through the range"
COHANCE,Healthcare,Drug Manufacturers - Specialty & Generic,282.55,0.95,266.7,1360.0,5.94,79.22,24.0,389.28,747.72,1756962.55,1087979.0,0.62,Bearish,14.0,"Oversold RSI, Near 52W low zone, Positive day move",-16.76,-46.71,-69.38,-6.48,-8.24,-2.86,-10.28,-38.47,-66.52,0.0,,70.83,Lower Range Watch,61.11,313.74,890.76,183.92,0.0,80.0% of closes stayed inside the range | Range width 183.9% | Currently 0.0% through the range,,,8.89,6.74,-1.98,-50.43,,,,,,,,164.1971,45.7359,4.4093,,0.604,17213.05,70.36,Pharma / Healthcare,3.0,0.0,0.0,0.0,5.0,8.0,0.43,,"Revenue contraction, Earnings contraction, Very high PE",0.0,8.0,,18.6,32.0,"Below 200 DMA, Extreme RSI weakness, Far from 52W high, Earnings contraction, Limited fundamental data coverage",0.0,Avoid,"Oversold RSI, Near 52W low zone, Positive day move, 80.0% of closes stayed inside the range | Range width 183.9% | Currently 0.0% through the range"
COMPUSOFT,Consumer Defensive,Education & Training Services,12.32,-5.45,12.2,42.57,0.98,71.06,24.54,14.66,18.36,31100.25,33936.0,1.09,Bearish,14.0,"Oversold RSI, Near 52W low zone, Normal volume support",-13.67,-27.53,-35.18,-6.48,-8.24,-2.86,-7.19,-19.29,-32.32,0.0,,71.62,Accumulation Zone,71.9,14.18,19.08,34.54,0.0,80.8% of closes stayed inside the range | Range width 34.5% | Currently 0.0% through the range,,,-3.69,-2.65,5.72,-134.5,,,,,,,,36.8333,,0.7237,1.89,0.583,104.92,50.84,General,0.0,2.0,0.0,0.0,7.0,9.0,0.5,,"Negative net margin, Earnings contraction",0.0,9.0,,23.54,41.0,"Below 200 DMA, Extreme RSI weakness, Sharp daily fall, Far from 52W high, Negative net margin, Earnings contraction",0.0,Avoid,"Oversold RSI, Near 52W low zone, Normal volume support, 80.8% of closes stayed inside the range | Range width 34.5% | Currently 0.0% through the range"
CONTROLPR,Unknown,Unknown,614.79,-1.93,354.81,1025.17,73.27,40.03,39.48,651.64,724.77,22114.8,23632.0,1.07,Bearish,13.0,"Weak but watchable RSI, Normal volume support",-3.8,-14.03,-20.3,-6.48,-8.24,-2.86,2.68,-5.79,-17.44,0.0,,66.67,Accumulation Zone,72.68,633.77,769.62,21.44,0.0,80.0% of closes stayed inside the range | Range width 21.4% | Currently 0.0% through the range,,,11.03,4.43,6.14,-71.7,,,,,,,,,,,,,,,General,3.0,2.0,0.0,0.0,0.0,5.0,0.29,,Earnings contraction,0.0,5.0,,12.22,19.0,"Below 200 DMA, Earnings contraction, Limited fundamental data coverage",0.0,Avoid,"Weak but watchable RSI, Normal volume support, 80.0% of closes stayed inside the range | Range width 21.4% | Currently 0.0% through the range"
CORDSCABLE,Unknown,Unknown,159.83,-3.72,55.42,275.13,188.39,41.91,37.54,171.15,183.25,23709.9,29076.0,1.23,Bearish,13.0,"Weak but watchable RSI, Normal volume support",-5.27,-16.51,-8.59,-6.48,-8.24,-2.86,1.21,-8.27,-5.73,0.0,,66.67,Accumulation Zone,73.61,165.72,191.01,15.26,0.0,80.0% of closes stayed inside the range | Range width 15.3% | Currently 0.0% through the range,,,5.11,2.09,4.39,37.38,,,,,,,,,,,,,,,General,0.0,12.0,0.0,0.0,0.0,12.0,0.29,,,0.0,12.0,,12.22,12.0,"Below 200 DMA, Limited fundamental data coverage",0.0,Avoid,"Weak but watchable RSI, Normal volume support, 80.0% of closes stayed inside the range | Range width 15.3% | Currently 0.0% through the range"
COSMOFIRST,Consumer Cyclical,Packaging & Containers,668.51,-4.04,446.11,1296.07,49.85,48.42,49.09,655.21,880.55,193439.6,59692.0,0.31,Bullish,27.0,"Above 50 DMA, RSI recovering",8.83,-6.53,-29.93,-6.48,-8.24,-2.86,15.31,1.71,-27.07,18.0,"Positive 1M return, 1M Nifty outperformance",19.41,Accumulation Zone,70.23,628.6,895.26,42.42,14.97,80.0% of closes stayed inside the range | Range width 42.4% | Currently 15.0% through the range,,,3.67,3.28,-2.18,-36.82,,,,,,,,14.7123,,1.5236,43.0,0.501,2435.78,34.68,Consumer Discretionary,0.0,0.0,0.0,0.0,12.0,12.0,0.5,,"Revenue contraction, Earnings contraction",0.0,12.0,,16.03,18.0,"Below 200 DMA, Low volume participation, Earnings contraction",0.0,Avoid,"Above 50 DMA, RSI recovering, Positive 1M return, 1M Nifty outperformance, 80.0% of closes stayed inside the range | Range width 42.4% | Currently 15.0% through the range"
CREATIVEYE,Communication Services,Entertainment,6.25,-2.95,3.1,12.19,101.61,48.73,43.52,6.85,7.56,18875.5,11770.0,0.62,Bearish,8.0,Weak but watchable RSI,-8.49,-17.65,-17.65,-6.48,-8.24,-2.86,-2.01,-9.41,-14.79,0.0,,67.86,Accumulation Zone,74.29,6.67,7.78,16.66,0.0,81.7% of closes stayed inside the range | Range width 16.7% | Currently 0.0% through the range,,,,,,-467.46,,,,,,,,,,0.8196,,0.144,12.4,-15.86,Telecom,0.0,0.0,0.0,0.0,4.0,4.0,0.14,,Earnings contraction,0.0,4.0,,14.18,19.0,"Below 200 DMA, Earnings contraction, Limited fundamental data coverage",0.0,Avoid,"Weak but watchable RSI, 81.7% of closes stayed inside the range | Range width 16.7% | Currently 0.0% through the range"
AKSHAR,Consumer Cyclical,Textile Manufacturing,0.37,-2.63,0.36,10.57,2.78,96.5,16.5,0.48,0.54,1456629.3,1543707.0,1.06,Bearish,14.0,"Oversold RSI, Near 52W low zone, Normal volume support",-27.45,-30.19,-30.19,-6.48,-8.24,-2.86,-20.97,-21.95,-27.33,0.0,,64.12,Accumulation Zone,72.89,0.47,0.6,27.93,0.0,80.8% of closes stayed inside the range | Range width 27.9% | Currently 0.0% through the range,,,-20.07,-11.05,53.75,-92.82,,,,,,,,,,0.4046,,1.118,33.07,14.82,Consumer Discretionary,0.0,10.0,0.0,0.0,4.0,14.0,0.36,,"Negative net margin, Earnings contraction",0.0,14.0,,16.03,40.0,"Below 200 DMA, Extreme RSI weakness, Far from 52W high, Negative net margin, Earnings contraction, Limited fundamental data coverage",0.0,Avoid,"Oversold RSI, Near 52W low zone, Normal volume support, 80.8% of closes stayed inside the range | Range width 27.9% | Currently 0.0% through the range"
ARIHANTSUP,Real Estate,Real Estate - Development,236.65,-6.11,157.42,551.59,50.33,57.1,28.58,289.24,364.91,69554.1,16538.0,0.24,Bearish,4.0,Oversold RSI,-16.78,-29.06,-39.53,-6.48,-8.24,-2.86,-10.3,-20.82,-36.67,0.0,,58.82,Accumulation Zone,65.34,264.99,418.11,57.78,0.0,80.0% of closes stayed inside the range | Range width 57.8% | Currently 0.0% through the range,,,22.34,3.98,2.76,-17.92,,,,,,,,25.9766,,3.0439,10.0,0.67,1104.39,37.72,Cement / Realty,5.0,0.0,0.0,0.0,8.0,13.0,0.5,,Earnings contraction,0.0,13.0,,16.2,23.0,"Below 200 DMA, Sharp daily fall, Low volume participation, Earnings contraction",0.0,Avoid,"Oversold RSI, 80.0% of closes stayed inside the range | Range width 57.8% | Currently 0.0% through the range"
ASHOKA,Industrials,Engineering & Construction,117.39,-2.54,70.15,319.0,67.34,63.2,19.87,150.0,182.74,1309683.65,1194332.0,0.91,Bearish,4.0,Oversold RSI,-24.35,-28.65,-36.76,-6.48,-8.24,-2.86,-17.87,-20.41,-33.9,0.0,,67.95,Accumulation Zone,68.69,143.45,194.32,35.46,0.0,80.0% of closes stayed inside the range | Range width 35.5% | Currently 0.0% through the range,,,21.54,115.55,-1.29,2604.76,,,,,,,,5.0973,8.0321,0.4806,,0.512,3162.35,31.8,Capital Goods / Infra,11.0,10.0,0.0,0.0,10.0,31.0,0.43,,Revenue contraction,0.0,31.0,,18.04,20.0,"Below 200 DMA, Extreme RSI weakness, Limited fundamental data coverage",0.0,Avoid,"Oversold RSI, 80.0% of closes stayed inside the range | Range width 35.5% | Currently 0.0% through the range"
ALICON,Industrials,Metal Fabrication,701.22,-3.36,591.35,1522.08,18.58,53.93,37.06,766.29,848.74,12391.7,5829.0,0.47,Bearish,13.0,"Weak but watchable RSI, Near 52W low zone",-2.21,-20.29,-15.14,-6.48,-8.24,-2.86,4.27,-12.05,-12.28,0.0,,67.95,Accumulation Zone,72.35,724.74,896.14,23.65,0.0,80.0% of closes stayed inside the range | Range width 23.7% | Currently 0.0% through the range,,,4.42,0.77,0.44,-76.26,,,,,,,,30.7335,8.617,1.7812,88.0,0.549,1119.16,44.49,Metals / Mining,0.0,0.0,0.0,0.0,13.0,13.0,0.5,,Earnings contraction,0.0,13.0,,18.04,18.0,"Below 200 DMA, Low volume participation, Earnings contraction",0.0,Avoid,"Weak but watchable RSI, Near 52W low zone, 80.0% of closes stayed inside the range | Range width 23.7% | Currently 0.0% through the range"
ALANKIT,Technology,Information Technology Services,7.71,-3.02,7.0,29.61,10.14,73.96,27.33,9.59,12.55,354889.0,405124.0,1.14,Bearish,14.0,"Oversold RSI, Near 52W low zone, Normal volume support",-18.07,-28.74,-45.28,-6.48,-8.24,-2.86,-11.59,-20.5,-42.42,0.0,,67.24,Accumulation Zone,70.84,9.17,12.98,41.59,0.0,80.8% of closes stayed inside the range | Range width 41.6% | Currently 0.0% through the range,,,3.1,10.43,-10.47,72.92,,,,,,,,11.2917,,0.6854,,0.659,220.45,43.68,IT / Technology,3.0,10.0,0.0,0.0,10.0,23.0,0.43,,Revenue contraction,0.0,23.0,,16.9,17.0,"Below 200 DMA, Far from 52W high, Limited fundamental data coverage",0.0,Avoid,"Oversold RSI, Near 52W low zone, Normal volume support, 80.8% of closes stayed inside the range | Range width 41.6% | Currently 0.0% through the range"
ALOKINDS,Consumer Cyclical,Textile Manufacturing,13.12,-2.81,10.1,39.05,29.9,66.4,24.98,15.22,17.57,3991326.55,4673121.0,1.17,Bearish,9.0,"Oversold RSI, Normal volume support",-17.95,-16.7,-27.75,-6.48,-8.24,-2.86,-11.47,-8.46,-24.89,0.0,,64.12,Accumulation Zone,72.02,14.71,17.69,20.26,0.0,80.0% of closes stayed inside the range | Range width 20.3% | Currently 0.0% through the range,,,-7.58,-25.36,-7.96,-26.85,,,,,,,,,,-0.2131,,0.241,4587.88,48.19,Consumer Discretionary,0.0,0.0,0.0,0.0,2.0,2.0,0.36,,"Negative net margin, Revenue contraction, Earnings contraction",0.0,2.0,,16.03,40.0,"Below 200 DMA, Extreme RSI weakness, Far from 52W high, Negative net margin, Earnings contraction, Limited fundamental data coverage",0.0,Avoid,"Oversold RSI, Normal volume support, 80.0% of closes stayed inside the range | Range width 20.3% | Currently 0.0% through the range"
ALKYLAMINE,Basic Materials,Specialty Chemicals,1298.57,-5.56,1290.91,3139.76,0.59,58.64,18.48,1536.64,1856.81,29935.5,65506.0,2.19,Bearish,24.0,"Oversold RSI, Near 52W low zone, Strong volume expansion",-14.91,-18.74,-37.02,-6.48,-8.24,-2.86,-8.43,-10.5,-34.16,0.0,,67.69,Breakdown Risk,35.0,1514.11,1913.53,26.38,0.0,80.0% of closes stayed inside the range | Range width 26.4% | Currently 0.0% through the range | Below lower band on elevated volume,,,13.97,11.94,-12.71,-14.52,,,,,,,,46.5749,44.3909,6.8306,76.0,0.273,10474.23,45.43,Chemicals,6.0,0.0,0.0,0.0,7.0,13.0,0.5,,"Revenue contraction, Earnings contraction",0.0,13.0,,16.34,21.0,"Below 200 DMA, Extreme RSI weakness, Sharp daily fall",0.0,Avoid,"Oversold RSI, Near 52W low zone, Strong volume expansion, 80.0% of closes stayed inside the range | Range width 26.4% | Currently 0.0% through the range | Below lower band on elevated volume"
CROMPTON,Consumer Cyclical,"Furnishings, Fixtures & Appliances",238.43,-2.7,214.82,474.03,10.99,49.7,37.33,247.88,291.4,3000338.6,1559512.0,0.52,Bearish,13.0,"Weak but watchable RSI, Near 52W low zone",-1.52,-4.51,-26.34,-6.48,-8.24,-2.86,4.96,3.73,-23.48,0.0,,64.12,Accumulation Zone,72.87,241.07,289.64,20.15,0.0,80.0% of closes stayed inside the range | Range width 20.1% | Currently 0.0% through the range,,,7.99,5.18,-5.01,-19.61,,,,,,,,,20.7911,5.0579,1.29,0.348,15003.22,31.54,Consumer Discretionary,0.0,0.0,0.0,0.0,3.0,3.0,0.43,,"Revenue contraction, Earnings contraction",0.0,3.0,,16.03,19.0,"Below 200 DMA, Earnings contraction, Limited fundamental data coverage",0.0,Avoid,"Weak but watchable RSI, Near 52W low zone, 80.0% of closes stayed inside the range | Range width 20.1% | Currently 0.0% through the range"
CROWN,Industrials,Rental & Leasing Services,117.54,-0.78,28.85,325.05,307.47,63.84,42.55,125.74,150.83,31795.55,13664.0,0.43,Bearish,8.0,Weak but watchable RSI,-11.61,-10.85,-24.19,-6.48,-8.24,-2.86,-5.13,-2.61,-21.33,0.0,,67.95,Accumulation Zone,69.71,117.53,157.75,34.22,0.03,80.0% of closes stayed inside the range | Range width 34.2% | Currently 0.0% through the range,,,28.77,19.61,-10.77,-24.16,,,,,,,,14.8196,,1.5235,,0.47,115.26,66.68,Capital Goods / Infra,12.0,0.0,0.0,0.0,10.0,22.0,0.43,,"Revenue contraction, Earnings contraction",0.0,22.0,,18.04,22.0,"Below 200 DMA, Low volume participation, Earnings contraction, Limited fundamental data coverage",0.0,Avoid,"Weak but watchable RSI, 80.0% of closes stayed inside the range | Range width 34.2% | Currently 0.0% through the range"
CSBBANK,Financial Services,Banks - Regional,355.55,-5.01,205.35,574.4,73.14,38.1,33.69,440.2,407.47,561856.1,447821.0,0.8,Bearish,8.0,Weak but watchable RSI,-14.08,-6.92,-0.67,-6.48,-8.24,-2.86,-7.6,1.32,2.19,0.0,,67.71,Accumulation Zone,69.81,371.03,495.59,33.57,0.0,80.0% of closes stayed inside the range | Range width 33.6% | Currently 0.0% through the range,,,,20.92,-5.58,-4.78,,,,,,,,8.7807,5.9769,1.192,,0.271,5699.53,0.0,Banking,6.0,0.0,0.0,0.0,13.0,19.0,0.36,,"Revenue contraction, Earnings contraction",0.0,19.0,,18.28,17.0,"Below 200 DMA, Sharp daily fall, Limited fundamental data coverage",0.0,Avoid,"Weak but watchable RSI, 80.0% of closes stayed inside the range | Range width 33.6% | Currently 0.0% through the range"
ALLCARGO,Industrials,Integrated Freight & Logistics,7.48,-4.47,7.39,118.57,1.22,93.69,18.4,9.73,24.41,5440901.8,6847579.0,1.26,Bearish,14.0,"Oversold RSI, Near 52W low zone, Normal volume support",-26.23,-39.29,-76.25,-6.48,-8.24,-2.86,-19.75,-31.05,-73.39,0.0,,67.95,Lower Range Watch,61.11,8.88,33.68,279.33,0.0,80.0% of closes stayed inside the range | Range width 279.3% | Currently 0.0% through the range,,,1.94,0.0,-3.91,100.0,,,,,,,,60.95,12.19,3.2672,,0.643,1825.79,19.5,Capital Goods / Infra,0.0,10.0,0.0,0.0,5.0,15.0,0.43,,Revenue contraction,0.0,15.0,,18.04,25.0,"Below 200 DMA, Extreme RSI weakness, Far from 52W high, Limited fundamental data coverage",0.0,Avoid,"Oversold RSI, Near 52W low zone, Normal volume support, 80.0% of closes stayed inside the range | Range width 279.3% | Currently 0.0% through the range"
CYIENT,Industrials,Conglomerates,858.3,-3.0,682.03,2361.96,25.84,63.66,19.28,1069.76,1169.38,245679.05,371838.0,1.51,Bearish,14.0,"Oversold RSI, Volume expansion",-19.53,-24.84,-25.37,-6.48,-8.24,-2.86,-13.05,-16.6,-22.51,0.0,,67.95,Breakdown Risk,35.0,993.47,1183.11,19.09,0.0,80.0% of closes stayed inside the range | Range width 19.1% | Currently 0.0% through the range | Below lower band on elevated volume,,,9.04,4.97,7.99,-40.31,,,,,,,,32.5721,15.5866,2.1532,2.89,0.6,11527.5,29.85,Capital Goods / Infra,0.0,2.0,0.0,0.0,13.0,15.0,0.5,,Earnings contraction,0.0,15.0,,18.04,23.0,"Below 200 DMA, Extreme RSI weakness, Earnings contraction",0.0,Avoid,"Oversold RSI, Volume expansion, 80.0% of closes stayed inside the range | Range width 19.1% | Currently 0.0% through the range | Below lower band on elevated volume"
CYIENTDLM,Industrials,Aerospace & Defense,288.05,-2.59,282.6,883.8,1.93,67.41,21.81,365.83,430.68,200693.85,205137.0,1.02,Bearish,14.0,"Oversold RSI, Near 52W low zone, Normal volume support",-16.7,-31.03,-33.64,-6.48,-8.24,-2.86,-10.22,-22.79,-30.78,0.0,,67.95,Accumulation Zone,71.23,348.14,461.35,32.52,0.0,80.0% of closes stayed inside the range | Range width 32.5% | Currently 0.0% through the range,,,5.51,3.7,8.95,50.52,,,,,,,,78.1584,46.7729,6.423,,0.398,6500.74,38.65,Capital Goods / Infra,0.0,15.0,0.0,0.0,3.0,18.0,0.43,,,0.0,18.0,,18.04,25.0,"Below 200 DMA, Extreme RSI weakness, Far from 52W high, Limited fundamental data coverage",0.0,Avoid,"Oversold RSI, Near 52W low zone, Normal volume support, 80.0% of closes stayed inside the range | Range width 32.5% | Currently 0.0% through the range"
DAMCAPITAL,Financial Services,Capital Markets,129.93,-4.12,127.64,452.17,1.8,71.26,20.91,179.11,223.68,431214.2,680504.0,1.58,Bearish,19.0,"Oversold RSI, Near 52W low zone, Volume expansion",-21.75,-36.46,-41.85,-6.48,-8.24,-2.86,-15.27,-28.22,-38.99,0.0,,67.71,Breakdown Risk,35.0,163.81,250.22,52.75,0.0,80.0% of closes stayed inside the range | Range width 52.7% | Currently 0.0% through the range | Below lower band on elevated volume,,,38.29,30.38,-36.17,-61.53,,,,,,,,14.2425,,2.7543,68.0,,1033.92,96.08,Financial Services,12.0,0.0,0.0,0.0,12.0,24.0,0.5,,"Revenue contraction, Earnings contraction",0.0,24.0,,18.28,33.0,"Below 200 DMA, Extreme RSI weakness, Far from 52W high, Revenue contraction, Earnings contraction",0.0,Avoid,"Oversold RSI, Near 52W low zone, Volume expansion, 80.0% of closes stayed inside the range | Range width 52.7% | Currently 0.0% through the range | Below lower band on elevated volume"
DANGEE,Consumer Cyclical,Restaurants,2.92,-3.31,2.8,32.45,4.29,91.0,36.07,3.28,4.08,129977.15,72969.0,0.56,Bearish,16.0,"Weak but watchable RSI, Near 52W low with stable RSI",-3.31,-19.34,-31.13,-6.48,-8.24,-2.86,3.17,-11.1,-28.27,0.0,,64.12,Accumulation Zone,71.15,3.05,4.34,42.34,0.0,80.8% of closes stayed inside the range | Range width 42.3% | Currently 0.0% through the range,,,7.44,2.64,24.87,397.68,,,,,,,,,,3.0074,,0.202,44.04,47.01,Consumer Discretionary,0.0,18.0,0.0,0.0,2.0,20.0,0.36,,,0.0,20.0,,16.03,17.0,"Below 200 DMA, Far from 52W high, Limited fundamental data coverage",0.0,Avoid,"Weak but watchable RSI, Near 52W low with stable RSI, 80.8% of closes stayed inside the range | Range width 42.3% | Currently 0.0% through the range"
DATAMATICS,Technology,Information Technology Services,665.35,-4.47,250.41,1113.95,165.7,40.27,36.81,746.48,805.82,607691.2,135741.0,0.22,Bearish,8.0,Weak but watchable RSI,-14.35,-16.82,-30.79,-6.48,-8.24,-2.86,-7.87,-8.58,-27.93,0.0,,67.24,Accumulation Zone,70.57,701.85,902.16,28.54,0.0,80.0% of closes stayed inside the range | Range width 28.5% | Currently 0.0% through the range,,,14.55,7.13,9.1,-27.79,,,,,,,,21.6012,15.9336,3.0315,63.0,0.225,4680.64,38.89,IT / Technology,6.0,5.0,0.0,0.0,11.0,22.0,0.5,,Earnings contraction,0.0,22.0,,16.9,18.0,"Below 200 DMA, Low volume participation, Earnings contraction",0.0,Avoid,"Weak but watchable RSI, 80.0% of closes stayed inside the range | Range width 28.5% | Currently 0.0% through the range"
AGRITECH,Consumer Defensive,Farm Products,105.05,-3.47,83.55,309.15,25.73,66.02,17.39,138.4,141.6,1841.25,3969.0,2.16,Bearish,19.0,"Oversold RSI, Strong volume expansion",-23.36,-19.8,-24.09,-6.48,-8.24,-2.86,-16.88,-11.56,-21.23,0.0,,71.62,Breakdown Risk,35.0,123.75,152.26,23.04,0.0,80.0% of closes stayed inside the range | Range width 23.0% | Currently 0.0% through the range | Below lower band on elevated volume,,,-1216.06,-1206.71,43.86,-2563.49,,,,,,,,,,,,,61.12,0.0,General,0.0,10.0,0.0,0.0,0.0,10.0,0.29,,"Negative net margin, Earnings contraction",0.0,10.0,,23.54,40.0,"Below 200 DMA, Extreme RSI weakness, Far from 52W high, Negative net margin, Earnings contraction, Limited fundamental data coverage",0.0,Avoid,"Oversold RSI, Strong volume expansion, 80.0% of closes stayed inside the range | Range width 23.0% | Currently 0.0% through the range | Below lower band on elevated volume"
AHLADA,Industrials,Building Products & Equipment,40.9,-4.01,40.05,160.58,2.12,74.53,26.02,49.38,57.18,19550.25,21549.0,1.1,Bearish,14.0,"Oversold RSI, Near 52W low zone, Normal volume support",-17.27,-16.85,-27.78,-6.48,-8.24,-2.86,-10.79,-8.61,-24.92,0.0,,67.95,Accumulation Zone,72.04,47.79,60.76,27.14,0.0,80.0% of closes stayed inside the range | Range width 27.1% | Currently 0.0% through the range,0.32,0.2,6.31,1.86,-82.08,-88.11,26.99,2.07,1.57,2.94,37.28,,,271.8571,,0.3588,4.16,0.799,49.18,43.64,Capital Goods / Infra,0.0,0.0,15.0,0.0,6.0,21.0,0.86,,"Revenue contraction, Earnings contraction, Very high PE",0.0,21.0,,18.04,25.0,"Below 200 DMA, Far from 52W high, Revenue contraction, Earnings contraction",0.0,Avoid,"Oversold RSI, Near 52W low zone, Normal volume support, 80.0% of closes stayed inside the range | Range width 27.1% | Currently 0.0% through the range"
CRIZAC,Consumer Defensive,Education & Training Services,209.13,-5.14,206.39,375.59,1.33,44.32,29.77,241.85,,175306.25,202927.0,1.16,Bearish,14.0,"Oversold RSI, Near 52W low zone, Normal volume support",-11.61,-18.99,-41.13,-6.48,-8.24,-2.86,-5.13,-10.75,-38.27,0.0,,71.62,Accumulation Zone,71.23,231.07,306.23,32.53,0.0,80.0% of closes stayed inside the range | Range width 32.5% | Currently 0.0% through the range,,,21.21,17.92,-67.2,-67.78,,,,,,,,13.7331,11.0833,5.1753,9.1,,3025.45,29.44,General,10.0,0.0,0.0,0.0,13.0,23.0,0.5,,"Revenue contraction, Earnings contraction",0.0,23.0,,23.54,17.0,"Sharp daily fall, Revenue contraction, Earnings contraction",0.0,Avoid,"Oversold RSI, Near 52W low zone, Normal volume support, 80.0% of closes stayed inside the range | Range width 32.5% | Currently 0.0% through the range"
AHLUCONT,Industrials,Engineering & Construction,757.55,-1.46,392.96,1540.85,92.78,50.84,37.52,865.7,940.58,147484.95,68312.0,0.46,Bearish,8.0,Weak but watchable RSI,-11.77,-20.86,-18.86,-6.48,-8.24,-2.86,-5.29,-12.62,-16.0,0.0,,67.95,Accumulation Zone,71.35,808.88,997.31,23.29,0.0,80.0% of closes stayed inside the range | Range width 23.3% | Currently 0.0% through the range,,,6.59,5.1,-9.9,-31.19,,,,,,,,19.086,13.3748,2.0866,11.0,0.559,4294.57,20.46,Capital Goods / Infra,0.0,0.0,0.0,0.0,15.0,15.0,0.5,,"Revenue contraction, Earnings contraction",0.0,15.0,,18.04,18.0,"Below 200 DMA, Low volume participation, Earnings contraction",0.0,Avoid,"Weak but watchable RSI, 80.0% of closes stayed inside the range | Range width 23.3% | Currently 0.0% through the range"
AJAXENGG,Industrials,Farm & Heavy Construction Machinery,477.8,-2.75,465.0,756.2,2.75,36.82,40.25,527.95,616.32,109935.6,58588.0,0.53,Bearish,16.0,"Weak but watchable RSI, Near 52W low with stable RSI",-4.38,-20.99,-29.47,-6.48,-8.24,-2.86,2.1,-12.75,-26.61,0.0,,67.95,Accumulation Zone,71.6,490.33,651.26,32.82,0.0,80.0% of closes stayed inside the range | Range width 32.8% | Currently 0.0% through the range,,,9.6,8.82,-2.53,-2.11,,,,,,,,28.8289,19.4603,4.6933,,,6534.03,25.36,Capital Goods / Infra,3.0,0.0,0.0,0.0,9.0,12.0,0.43,,"Revenue contraction, Earnings contraction",0.0,12.0,,18.04,12.0,"Below 200 DMA, Limited fundamental data coverage",0.0,Avoid,"Weak but watchable RSI, Near 52W low with stable RSI, 80.0% of closes stayed inside the range | Range width 32.8% | Currently 0.0% through the range"
AJMERA,Real Estate,Real Estate - Development,119.85,-2.77,45.75,243.75,161.99,50.83,26.95,157.69,182.07,321155.7,676139.0,2.11,Bearish,19.0,"Oversold RSI, Strong volume expansion",-17.28,-36.42,-39.86,-6.48,-8.24,-2.86,-10.8,-28.18,-37.0,0.0,,58.82,Breakdown Risk,35.0,137.84,206.23,49.62,0.0,80.0% of closes stayed inside the range | Range width 49.6% | Currently 0.0% through the range | Below lower band on elevated volume,,,29.76,14.05,-17.02,-15.9,,,,,,,,14.9377,5.9,1.6495,85.0,0.56,2310.58,32.37,Cement / Realty,11.0,0.0,0.0,0.0,15.0,26.0,0.5,,"Revenue contraction, Earnings contraction",0.0,26.0,,16.2,20.0,"Below 200 DMA, Revenue contraction, Earnings contraction",0.0,Avoid,"Oversold RSI, Strong volume expansion, 80.0% of closes stayed inside the range | Range width 49.6% | Currently 0.0% through the range | Below lower band on elevated volume"
AKG,Industrials,Industrial Distribution,10.76,-2.8,10.34,45.35,4.06,76.27,23.49,13.16,13.11,123071.1,25318.0,0.21,Bearish,9.0,"Oversold RSI, Near 52W low zone",-25.9,-11.59,-12.31,-6.48,-8.24,-2.86,-19.42,-3.35,-9.45,0.0,,67.95,Accumulation Zone,72.58,12.05,14.04,16.51,0.0,80.0% of closes stayed inside the range | Range width 16.5% | Currently 0.0% through the range,0.19,0.23,-2.77,0.56,-21.71,-8.48,15.72,-2.12,-1.92,0.04,8.39,1.8,1.8,83.2727,,0.5933,,0.544,29.11,9.23,Capital Goods / Infra,0.0,0.0,9.0,17.0,4.0,30.0,0.93,,"Revenue contraction, Earnings contraction, Very high PE",0.0,30.0,,18.04,29.0,"Below 200 DMA, Extreme RSI weakness, Far from 52W high, Low volume participation, Revenue contraction",0.0,Avoid,"Oversold RSI, Near 52W low zone, 80.0% of closes stayed inside the range | Range width 16.5% | Currently 0.0% through the range"
AKI,Consumer Cyclical,Footwear & Accessories,4.72,-6.35,4.49,32.5,5.12,85.48,30.4,6.11,8.3,136887.5,120405.0,0.88,Bearish,16.0,"Weak but watchable RSI, Near 52W low with stable RSI",-28.27,-31.4,-48.3,-6.48,-8.24,-2.86,-21.79,-23.16,-45.44,0.0,,64.12,Accumulation Zone,68.76,6.05,9.18,51.75,0.0,80.0% of closes stayed inside the range | Range width 51.8% | Currently 0.0% through the range,,,-8.72,9.57,-7.13,216.21,,,,,,,,15.8846,,0.5355,,0.073,42.62,14.88,Consumer Discretionary,3.0,10.0,0.0,0.0,10.0,23.0,0.43,,Revenue contraction,0.0,23.0,,16.03,22.0,"Below 200 DMA, Sharp daily fall, Far from 52W high, Limited fundamental data coverage",0.0,Avoid,"Weak but watchable RSI, Near 52W low with stable RSI, 80.0% of closes stayed inside the range | Range width 51.8% | Currently 0.0% through the range"
DCAL,Healthcare,Biotechnology,158.25,-3.64,80.0,321.95,97.81,50.85,25.04,216.32,250.72,316398.1,347986.0,1.1,Bearish,9.0,"Oversold RSI, Normal volume support",-21.23,-28.21,-42.75,-6.48,-8.24,-2.86,-14.75,-19.97,-39.89,0.0,,70.83,Accumulation Zone,67.58,195.2,292.51,49.85,0.0,80.0% of closes stayed inside the range | Range width 49.8% | Currently 0.0% through the range,,,3.99,-1.8,1.66,-155.4,,,,,,,,28.0981,13.9816,0.4094,,0.624,2740.1,85.36,IT / Technology,0.0,0.0,0.0,0.0,11.0,11.0,0.43,,"Negative net margin, Earnings contraction",0.0,11.0,,18.6,27.0,"Below 200 DMA, Negative net margin, Earnings contraction, Limited fundamental data coverage",0.0,Avoid,"Oversold RSI, Normal volume support, 80.0% of closes stayed inside the range | Range width 49.8% | Currently 0.0% through the range"
DCMFINSERV,Financial Services,Credit Services,3.91,-4.63,3.35,12.04,16.72,67.52,28.33,4.67,5.71,14127.35,13291.0,0.94,Bearish,9.0,"Oversold RSI, Near 52W low zone",-13.11,-29.04,-32.35,-6.48,-8.24,-2.86,-6.63,-20.8,-29.49,0.0,,67.71,Accumulation Zone,71.57,4.41,5.72,29.73,0.0,80.8% of closes stayed inside the range | Range width 29.7% | Currently 0.0% through the range,,,,,,32.36,,,,,,,,,,-0.2214,,-0.26,11.9,0.0,Financial Services,0.0,10.0,0.0,0.0,2.0,12.0,0.14,,,0.0,12.0,,18.28,17.0,"Below 200 DMA, Far from 52W high, Limited fundamental data coverage",0.0,Avoid,"Oversold RSI, Near 52W low zone, 80.8% of closes stayed inside the range | Range width 29.7% | Currently 0.0% through the range"
DCMNVL,Consumer Cyclical,Textile Manufacturing,121.36,-6.71,118.51,297.8,2.4,59.25,31.69,132.87,155.12,7552.05,9049.0,1.2,Bearish,21.0,"Weak but watchable RSI, Near 52W low with stable RSI, Normal volume support",-13.92,-6.26,-25.88,-6.48,-8.24,-2.86,-7.44,1.98,-23.02,0.0,,64.12,Accumulation Zone,73.58,126.59,160.29,26.62,0.0,80.0% of closes stayed inside the range | Range width 26.6% | Currently 0.0% through the range,,,1.76,-0.4,14.09,43.59,,,,,,,,12.1519,,1.0959,,0.976,360.2,28.76,Consumer Discretionary,0.0,15.0,0.0,0.0,10.0,25.0,0.43,,Negative net margin,0.0,25.0,,16.03,25.0,"Below 200 DMA, Sharp daily fall, Negative net margin, Limited fundamental data coverage",0.0,Avoid,"Weak but watchable RSI, Near 52W low with stable RSI, Normal volume support, 80.0% of closes stayed inside the range | Range width 26.6% | Currently 0.0% through the range"
DCMSRIND,Consumer Defensive,Confectioners,34.09,-3.88,33.31,237.18,2.35,85.63,26.35,42.1,135.25,174599.05,250103.0,1.43,Bearish,19.0,"Oversold RSI, Near 52W low zone, Volume expansion",-13.44,-78.8,-78.75,-6.48,-8.24,-2.86,-6.96,-70.56,-75.89,0.0,,71.62,Breakdown Risk,35.0,36.94,171.26,363.66,0.0,80.0% of closes stayed inside the range | Range width 363.7% | Currently 0.0% through the range | Below lower band on elevated volume,,,8.07,4.53,-51.27,469.87,,,,,,,,29.7342,,1.1204,85.0,0.2,408.69,23.34,General,0.0,10.0,0.0,0.0,10.0,20.0,0.5,,Revenue contraction,0.0,20.0,,23.54,18.0,"Below 200 DMA, Far from 52W high, Revenue contraction",0.0,Avoid,"Oversold RSI, Near 52W low zone, Volume expansion, 80.0% of closes stayed inside the range | Range width 363.7% | Currently 0.0% through the range | Below lower band on elevated volume"
DCW,Basic Materials,Chemicals,40.76,-6.62,39.7,112.63,2.67,63.81,28.06,50.86,66.37,1169080.45,1550708.0,1.33,Bearish,19.0,"Oversold RSI, Near 52W low zone, Volume expansion",-16.38,-21.58,-45.37,-6.48,-8.24,-2.86,-9.9,-13.34,-42.51,0.0,,67.69,Breakdown Risk,35.0,47.39,69.27,46.17,0.0,80.0% of closes stayed inside the range | Range width 46.2% | Currently 0.0% through the range | Below lower band on elevated volume,,,3.64,0.94,-3.6,-64.54,,,,,,,,19.2531,,1.2796,44.0,-0.144,1369.52,29.12,Chemicals,0.0,0.0,0.0,0.0,12.0,12.0,0.5,,"Revenue contraction, Earnings contraction",0.0,12.0,,16.34,20.0,"Below 200 DMA, Sharp daily fall, Earnings contraction",0.0,Avoid,"Oversold RSI, Near 52W low zone, Volume expansion, 80.0% of closes stayed inside the range | Range width 46.2% | Currently 0.0% through the range | Below lower band on elevated volume"
AEQUS,Industrials,Aerospace & Defense,130.61,-5.25,129.49,165.4,0.86,21.03,35.09,139.32,,900069.55,919893.0,1.02,Bearish,21.0,"Weak but watchable RSI, Near 52W low with stable RSI, Normal volume support",-6.83,,,-6.48,-8.24,-2.86,-0.35,,,0.0,,67.95,,,,,,,,,,-1.84,-13.09,23.25,-107.25,,,,,,,,,468.5524,9.9886,,,16108.76,59.37,Capital Goods / Infra,0.0,8.0,0.0,0.0,0.0,8.0,0.36,,"Negative net margin, Earnings contraction",5.0,13.0,Strong order-book-driven revenue growth,18.04,24.0,"Sharp daily fall, Negative net margin, Earnings contraction, Limited fundamental data coverage",0.0,Avoid,"Weak but watchable RSI, Near 52W low with stable RSI, Normal volume support"
AERONEU,Consumer Cyclical,Packaging & Containers,69.5,0.58,65.5,134.3,6.11,48.25,48.4,71.44,91.77,31025.15,20501.0,0.66,Bearish,25.0,"RSI recovering, Near 52W low with stable RSI, Positive day move",-2.52,-8.97,-37.14,-6.48,-8.24,-2.86,3.96,-0.73,-34.28,0.0,,64.12,Accumulation Zone,73.87,69.42,90.2,29.94,0.38,80.0% of closes stayed inside the range | Range width 29.9% | Currently 0.4% through the range,,,4.12,2.42,-10.54,-26.69,,,,,,,,288.1429,,2.0027,,0.272,208.12,38.31,Consumer Discretionary,0.0,0.0,0.0,0.0,4.0,4.0,0.43,,"Revenue contraction, Earnings contraction, Very high PE",0.0,4.0,,16.03,19.0,"Below 200 DMA, Earnings contraction, Limited fundamental data coverage",0.0,Avoid,"RSI recovering, Near 52W low with stable RSI, Positive day move, 80.0% of closes stayed inside the range | Range width 29.9% | Currently 0.4% through the range"
AFCONS,Industrials,Engineering & Construction,276.23,-1.73,269.63,562.67,2.45,50.91,19.25,337.65,402.47,437392.35,334676.0,0.77,Bearish,9.0,"Oversold RSI, Near 52W low zone",-16.22,-28.37,-36.64,-6.48,-8.24,-2.86,-9.74,-20.13,-33.78,0.0,,67.95,Accumulation Zone,68.93,320.76,451.87,40.87,0.0,80.0% of closes stayed inside the range | Range width 40.9% | Currently 0.0% through the range,,,10.65,3.26,-0.42,-7.89,,,,,,,,72.9389,19.1435,1.9345,70.0,,10542.55,32.22,Capital Goods / Infra,3.0,0.0,0.0,0.0,9.0,12.0,0.5,,"Revenue contraction, Earnings contraction",0.0,12.0,,18.04,16.0,"Below 200 DMA, Extreme RSI weakness",0.0,Avoid,"Oversold RSI, Near 52W low zone, 80.0% of closes stayed inside the range | Range width 40.9% | Currently 0.0% through the range"
AFFORDABLE,Unknown,Unknown,170.02,-0.37,157.53,788.5,7.93,78.44,37.49,190.48,295.66,47236.9,35610.0,0.75,Bearish,16.0,"Weak but watchable RSI, Near 52W low with stable RSI",-10.37,-21.06,-37.25,-6.48,-8.24,-2.86,-3.89,-12.82,-34.39,0.0,,66.67,Accumulation Zone,69.41,174.36,257.08,47.44,0.0,80.0% of closes stayed inside the range | Range width 47.4% | Currently 0.0% through the range,,,12.23,6.56,6.18,135.46,,,,,,,,,,,,,,,General,6.0,12.0,0.0,0.0,0.0,18.0,0.29,,,0.0,18.0,,12.22,17.0,"Below 200 DMA, Far from 52W high, Limited fundamental data coverage",0.0,Avoid,"Weak but watchable RSI, Near 52W low with stable RSI, 80.0% of closes stayed inside the range | Range width 47.4% | Currently 0.0% through the range"
AFSL,Financial Services,Capital Markets,201.04,-1.08,165.49,625.0,21.48,67.83,47.39,201.78,213.38,25364.75,40139.0,1.58,Bearish,27.0,"RSI recovering, Near 52W low zone, Volume expansion",-0.86,-0.01,-10.95,-6.48,-8.24,-2.86,5.62,8.23,-8.09,10.0,1M Nifty outperformance,31.25,Accumulation Zone,79.03,201.01,210.87,4.91,0.3,80.8% of closes stayed inside the range | Range width 4.9% | Currently 0.3% through the range,,,0.67,0.49,-4.93,-16.06,,,,,,,,7.9879,,0.8589,,-0.078,1077.4,1.45,Financial Services,0.0,0.0,0.0,0.0,10.0,10.0,0.43,,"Revenue contraction, Earnings contraction",0.0,10.0,,18.28,24.0,"Below 200 DMA, Far from 52W high, Earnings contraction, Limited fundamental data coverage",0.0,Avoid,"RSI recovering, Near 52W low zone, Volume expansion, 1M Nifty outperformance, 80.8% of closes stayed inside the range | Range width 4.9% | Currently 0.3% through the range"
CYBERMEDIA,Communication Services,Publishing,13.25,-6.76,11.66,44.0,13.64,69.89,33.88,15.81,16.76,7409.95,10353.0,1.4,Bearish,23.0,"Weak but watchable RSI, Near 52W low zone, Volume expansion",-17.75,-17.75,-19.45,-6.48,-8.24,-2.86,-11.27,-9.51,-16.59,0.0,,67.86,Breakdown Risk,35.0,15.1,18.15,20.26,0.0,80.0% of closes stayed inside the range | Range width 20.3% | Currently 0.0% through the range | Below lower band on elevated volume,,,4.62,0.8,3.31,-78.4,,,,,,,,8.1299,,-4.0051,,0.195,39.12,19.35,Telecom,0.0,2.0,0.0,0.0,8.0,10.0,0.43,,Earnings contraction,0.0,10.0,,14.18,29.0,"Below 200 DMA, Sharp daily fall, Far from 52W high, Earnings contraction, Limited fundamental data coverage",0.0,Avoid,"Weak but watchable RSI, Near 52W low zone, Volume expansion, 80.0% of closes stayed inside the range | Range width 20.3% | Currently 0.0% through the range | Below lower band on elevated volume"
AGARIND,Basic Materials,Specialty Chemicals,456.45,-1.13,437.5,1375.09,4.33,66.81,15.85,661.8,831.06,57012.7,102982.0,1.81,Bearish,19.0,"Oversold RSI, Near 52W low zone, Volume expansion",-35.18,-37.3,-43.01,-6.48,-8.24,-2.86,-28.7,-29.06,-40.15,0.0,,67.69,Breakdown Risk,35.0,614.86,927.98,50.92,0.0,80.0% of closes stayed inside the range | Range width 50.9% | Currently 0.0% through the range | Below lower band on elevated volume,,,1.83,0.68,66.85,-76.67,,,,,,,,17.0377,42.1467,1.01,71.0,0.185,695.99,28.89,Chemicals,0.0,10.0,0.0,0.0,12.0,22.0,0.5,,Earnings contraction,0.0,22.0,,16.34,28.0,"Below 200 DMA, Extreme RSI weakness, Far from 52W high, Earnings contraction",0.0,Avoid,"Oversold RSI, Near 52W low zone, Volume expansion, 80.0% of closes stayed inside the range | Range width 50.9% | Currently 0.0% through the range | Below lower band on elevated volume"
AGI,Consumer Cyclical,Packaging & Containers,488.95,-2.24,274.81,1298.22,77.92,62.34,19.57,638.24,787.33,250245.2,184357.0,0.74,Bearish,4.0,Oversold RSI,-17.21,-34.51,-43.07,-6.48,-8.24,-2.86,-10.73,-26.27,-40.21,0.0,,64.12,Accumulation Zone,66.98,589.11,864.98,46.83,0.0,80.0% of closes stayed inside the range | Range width 46.8% | Currently 0.0% through the range,,,16.82,11.28,-7.85,-19.58,,,,,,,,13.1746,8.0373,2.0827,95.0,-0.185,5012.75,51.46,Consumer Discretionary,6.0,0.0,0.0,0.0,15.0,21.0,0.5,,"Revenue contraction, Earnings contraction",0.0,21.0,,16.03,23.0,"Below 200 DMA, Extreme RSI weakness, Earnings contraction",0.0,Avoid,"Oversold RSI, 80.0% of closes stayed inside the range | Range width 46.8% | Currently 0.0% through the range"
DEEPAKFERT,Basic Materials,Chemicals,925.84,-3.18,440.25,1753.99,110.3,47.22,30.02,1097.08,1366.47,224108.0,337784.0,1.51,Bearish,18.0,"Weak but watchable RSI, Volume expansion",-6.5,-24.44,-33.59,-6.48,-8.24,-2.86,-0.02,-16.2,-30.73,0.0,,67.69,Breakdown Risk,35.0,993.67,1493.41,50.29,0.0,80.0% of closes stayed inside the range | Range width 50.3% | Currently 0.0% through the range | Below lower band on elevated volume,,,8.65,5.0,6.44,-41.81,,,,,,,,18.6557,11.5057,2.6495,69.0,0.069,18149.85,32.62,Chemicals,0.0,2.0,0.0,0.0,15.0,17.0,0.5,,Earnings contraction,0.0,17.0,,16.34,15.0,"Below 200 DMA, Earnings contraction",0.0,Avoid,"Weak but watchable RSI, Volume expansion, 80.0% of closes stayed inside the range | Range width 50.3% | Currently 0.0% through the range | Below lower band on elevated volume"
DECCANCE,Basic Materials,Building Materials,656.5,-4.49,385.25,1164.25,70.41,43.61,39.21,694.77,877.02,35387.0,23501.0,0.66,Bearish,8.0,Weak but watchable RSI,-1.49,-15.99,-39.76,-6.48,-8.24,-2.86,4.99,-7.75,-36.9,0.0,,67.69,Accumulation Zone,65.65,669.12,1079.44,61.32,0.0,80.0% of closes stayed inside the range | Range width 61.3% | Currently 0.0% through the range,,,2.47,-0.43,-6.74,-106.15,,,,,,,,133.5094,73.8636,1.061,9.0,0.503,796.68,46.96,Cement / Realty,0.0,0.0,0.0,0.0,9.0,9.0,0.5,,"Negative net margin, Revenue contraction, Earnings contraction, Very high PE",0.0,9.0,,16.34,23.0,"Below 200 DMA, Negative net margin, Earnings contraction",0.0,Avoid,"Weak but watchable RSI, 80.0% of closes stayed inside the range | Range width 61.3% | Currently 0.0% through the range"
DELTACORP,Consumer Cyclical,Resorts & Casinos,54.65,-5.94,54.3,250.42,0.66,78.17,22.44,65.54,77.2,1013395.4,1676889.0,1.65,Bearish,19.0,"Oversold RSI, Near 52W low zone, Volume expansion",-16.35,-18.39,-35.1,-6.48,-8.24,-2.86,-9.87,-10.15,-32.24,0.0,,64.12,Breakdown Risk,35.0,63.26,79.57,25.78,0.0,80.0% of closes stayed inside the range | Range width 25.8% | Currently 0.0% through the range | Below lower band on elevated volume,,,8.74,8.91,-12.97,-51.53,,,,,,,,,,0.7118,84.0,0.581,1591.36,48.91,Consumer Discretionary,3.0,0.0,0.0,0.0,6.0,9.0,0.43,,"Revenue contraction, Earnings contraction",0.0,9.0,,16.03,37.0,"Below 200 DMA, Extreme RSI weakness, Sharp daily fall, Far from 52W high, Earnings contraction, Limited fundamental data coverage",0.0,Avoid,"Oversold RSI, Near 52W low zone, Volume expansion, 80.0% of closes stayed inside the range | Range width 25.8% | Currently 0.0% through the range | Below lower band on elevated volume"
DELTAMAGNT,Consumer Cyclical,Textile Manufacturing,55.21,-2.39,51.2,136.04,7.83,59.42,33.81,64.07,78.79,8920.8,7797.0,0.87,Bearish,16.0,"Weak but watchable RSI, Near 52W low with stable RSI",-15.19,-20.55,-37.92,-6.48,-8.24,-2.86,-8.71,-12.31,-35.06,0.0,,64.12,Accumulation Zone,71.65,61.99,82.13,32.48,0.0,80.0% of closes stayed inside the range | Range width 32.5% | Currently 0.0% through the range,,,0.89,-33.46,9.78,-115.88,,,,,,,,91.3492,,27.0188,,0.382,62.45,54.27,Consumer Discretionary,0.0,5.0,0.0,0.0,0.0,5.0,0.43,,"Negative net margin, Earnings contraction, Very high PE",0.0,5.0,,16.03,27.0,"Below 200 DMA, Negative net margin, Earnings contraction, Limited fundamental data coverage",0.0,Avoid,"Weak but watchable RSI, Near 52W low with stable RSI, 80.0% of closes stayed inside the range | Range width 32.5% | Currently 0.0% through the range"
DEN,Unknown,Unknown,27.37,1.26,25.2,69.4,8.61,60.56,38.15,29.26,33.6,345750.55,471934.0,1.36,Bearish,31.0,"Weak but watchable RSI, Near 52W low with stable RSI, Volume expansion, Positive day move",-5.65,-12.53,-24.66,-6.48,-8.24,-2.86,0.83,-4.29,-21.8,0.0,,66.67,Accumulation Zone,76.27,28.05,34.42,22.73,0.0,80.0% of closes stayed inside the range | Range width 22.7% | Currently 0.0% through the range,,,-3.97,15.14,4.04,-29.93,,,,,,,,,,,,,,,General,5.0,2.0,0.0,0.0,0.0,7.0,0.29,,Earnings contraction,0.0,7.0,,12.22,19.0,"Below 200 DMA, Earnings contraction, Limited fundamental data coverage",0.0,Avoid,"Weak but watchable RSI, Near 52W low with stable RSI, Volume expansion, Positive day move, 80.0% of closes stayed inside the range | Range width 22.7% | Currently 0.0% through the range"
DEEPAKNTR,Basic Materials,Chemicals,1471.28,-3.0,1453.36,3141.59,1.23,53.17,34.22,1608.43,1752.48,111978.15,162248.0,1.45,Bearish,26.0,"Weak but watchable RSI, Near 52W low with stable RSI, Volume expansion",-8.61,-4.31,-15.52,-6.48,-8.24,-2.86,-2.13,3.93,-12.66,0.0,,67.69,Breakdown Risk,35.0,1536.71,1798.05,17.01,0.0,80.0% of closes stayed inside the range | Range width 17.0% | Currently 0.0% through the range | Below lower band on elevated volume,,,7.76,5.05,3.84,-15.94,,,,,,,,30.6645,28.4147,4.1195,43.0,0.448,24044.73,26.05,Chemicals,0.0,2.0,0.0,0.0,11.0,13.0,0.5,,Earnings contraction,0.0,13.0,,16.34,15.0,"Below 200 DMA, Earnings contraction",0.0,Avoid,"Weak but watchable RSI, Near 52W low with stable RSI, Volume expansion, 80.0% of closes stayed inside the range | Range width 17.0% | Currently 0.0% through the range | Below lower band on elevated volume"
DENTA,Industrials,Engineering & Construction,224.45,-3.32,222.0,479.6,1.1,53.2,25.21,282.81,341.23,204971.1,98222.0,0.48,Bearish,9.0,"Oversold RSI, Near 52W low zone",-15.16,-32.57,-46.1,-6.48,-8.24,-2.86,-8.68,-24.33,-43.24,0.0,,67.95,Lower Range Watch,64.29,257.76,442.71,71.75,0.0,80.0% of closes stayed inside the range | Range width 71.8% | Currently 0.0% through the range,,,32.42,26.74,-27.94,-24.39,,,,,,,,14.2017,9.2427,1.6516,88.0,,757.61,32.45,Capital Goods / Infra,12.0,0.0,0.0,0.0,15.0,27.0,0.5,,"Revenue contraction, Earnings contraction",0.0,27.0,,18.04,23.0,"Below 200 DMA, Low volume participation, Revenue contraction, Earnings contraction",0.0,Avoid,"Oversold RSI, Near 52W low zone, 80.0% of closes stayed inside the range | Range width 71.8% | Currently 0.0% through the range"
DEVIT,Technology,Information Technology Services,26.87,3.55,22.25,76.22,20.76,64.75,46.71,30.74,39.5,497497.3,151684.0,0.3,Bearish,27.0,"RSI recovering, Near 52W low zone, Strong positive day move",-13.74,-31.51,-40.44,-6.48,-8.24,-2.86,-7.26,-23.27,-37.58,0.0,,67.24,Accumulation Zone,71.01,27.36,41.63,52.18,0.0,80.0% of closes stayed inside the range | Range width 52.2% | Currently 0.0% through the range,,,-16.87,-16.46,-8.99,-110.11,,,,,,,,1.8814,,1.3019,80.0,-0.372,140.4,8.97,IT / Technology,0.0,0.0,0.0,0.0,12.0,12.0,0.5,,"Negative net margin, Revenue contraction, Earnings contraction",0.0,12.0,,16.9,26.0,"Below 200 DMA, Low volume participation, Negative net margin, Earnings contraction",0.0,Avoid,"RSI recovering, Near 52W low zone, Strong positive day move, 80.0% of closes stayed inside the range | Range width 52.2% | Currently 0.0% through the range"
DEVYANI,Consumer Cyclical,Restaurants,109.98,-5.86,109.0,227.5,0.9,51.66,26.55,129.75,154.44,1673174.7,2576417.0,1.54,Bearish,19.0,"Oversold RSI, Near 52W low zone, Volume expansion",-15.52,-17.9,-38.8,-6.48,-8.24,-2.86,-9.04,-9.66,-35.94,0.0,,64.12,Breakdown Risk,35.0,122.33,168.22,37.51,0.0,80.0% of closes stayed inside the range | Range width 37.5% | Currently 0.0% through the range | Below lower band on elevated volume,,,4.17,-0.72,6.18,-381.7,,,,,,,,,135.0981,11.1907,,0.316,17253.76,50.78,Consumer Discretionary,0.0,2.0,0.0,0.0,0.0,2.0,0.36,,"Negative net margin, Earnings contraction",0.0,2.0,,16.03,32.0,"Below 200 DMA, Sharp daily fall, Negative net margin, Earnings contraction, Limited fundamental data coverage",0.0,Avoid,"Oversold RSI, Near 52W low zone, Volume expansion, 80.0% of closes stayed inside the range | Range width 37.5% | Currently 0.0% through the range | Below lower band on elevated volume"
DEVX,Real Estate,Real Estate Services,38.27,-2.47,34.0,64.05,12.56,40.25,40.09,39.9,,129791.8,104613.0,0.81,Bearish,13.0,"Weak but watchable RSI, Near 52W low zone",-4.85,-9.53,,-6.48,-8.24,-2.86,1.63,-1.29,,0.0,,58.82,Accumulation Zone,70.31,38.25,51.43,34.46,0.14,79.7% of closes stayed inside the range | Range width 34.5% | Currently 0.1% through the range,,,15.21,-1.68,14.2,-156.26,,,,,,,,28.5079,,2.0983,,,339.92,72.49,Cement / Realty,3.0,5.0,0.0,0.0,8.0,16.0,0.43,,"Negative net margin, Earnings contraction",0.0,16.0,,16.2,19.0,"Negative net margin, Earnings contraction, Limited fundamental data coverage",0.0,Avoid,"Weak but watchable RSI, Near 52W low zone, 79.7% of closes stayed inside the range | Range width 34.5% | Currently 0.1% through the range"
DGCONTENT,Communication Services,Internet Content & Information,24.32,-3.18,11.7,68.5,107.86,64.5,35.82,28.95,36.3,24022.65,32394.0,1.35,Bearish,18.0,"Weak but watchable RSI, Volume expansion",-0.45,-24.31,-35.28,-6.48,-8.24,-2.86,6.03,-16.07,-32.42,10.0,1M Nifty outperformance,28.57,Breakdown Risk,35.0,26.67,36.1,35.39,0.0,80.0% of closes stayed inside the range | Range width 35.4% | Currently 0.0% through the range | Below lower band on elevated volume,,,6.66,-5.68,-2.77,-176.47,,,,,,,,119.25,,3.8749,,0.051,138.38,54.38,Telecom,0.0,0.0,0.0,0.0,2.0,2.0,0.43,,"Negative net margin, Revenue contraction, Earnings contraction, Very high PE",0.0,2.0,,14.18,27.0,"Below 200 DMA, Negative net margin, Earnings contraction, Limited fundamental data coverage",0.0,Avoid,"Weak but watchable RSI, Volume expansion, 1M Nifty outperformance, 80.0% of closes stayed inside the range | Range width 35.4% | Currently 0.0% through the range | Below lower band on elevated volume"
ACC,Basic Materials,Building Materials,1442.16,-3.38,1427.44,2816.27,1.03,48.79,16.7,1660.38,1800.13,141362.6,239746.0,1.7,Bearish,19.0,"Oversold RSI, Near 52W low zone, Volume expansion",-13.01,-19.24,-20.69,-6.48,-8.24,-2.86,-6.53,-11.0,-17.83,0.0,,67.69,Breakdown Risk,35.0,1621.98,1858.45,14.58,0.0,80.0% of closes stayed inside the range | Range width 14.6% | Currently 0.0% through the range | Below lower band on elevated volume,,,6.17,6.32,1.82,7.79,,,,,,,,12.8862,13.3027,1.1938,57.0,0.358,24532.53,40.61,Cement / Realty,3.0,2.0,0.0,0.0,12.0,17.0,0.5,,,0.0,17.0,,16.34,16.0,"Below 200 DMA, Extreme RSI weakness",0.0,Avoid,"Oversold RSI, Near 52W low zone, Volume expansion, 80.0% of closes stayed inside the range | Range width 14.6% | Currently 0.0% through the range | Below lower band on elevated volume"
ACEINTEG,Industrials,Staffing & Employment Services,16.95,-2.31,15.7,82.3,7.96,79.4,33.7,19.85,23.44,3379.45,74.0,0.02,Bearish,16.0,"Weak but watchable RSI, Near 52W low with stable RSI",-13.48,-22.95,-28.78,-6.48,-8.24,-2.86,-7.0,-14.71,-25.92,0.0,,67.95,Accumulation Zone,72.04,19.12,24.84,29.93,0.0,80.0% of closes stayed inside the range | Range width 29.9% | Currently 0.0% through the range,,,-363.64,-245.45,-35.29,-575.0,,,,,,,,,,1.4803,,0.184,17.79,-120.0,Capital Goods / Infra,0.0,0.0,0.0,0.0,4.0,4.0,0.36,,"Negative net margin, Revenue contraction, Earnings contraction",0.0,4.0,,18.04,40.0,"Below 200 DMA, Far from 52W high, Low volume participation, Negative net margin, Revenue contraction, Earnings contraction, Limited fundamental data coverage",0.0,Avoid,"Weak but watchable RSI, Near 52W low with stable RSI, 80.0% of closes stayed inside the range | Range width 29.9% | Currently 0.0% through the range"
ACL,Basic Materials,Building Materials,52.75,-1.93,48.15,177.0,9.55,70.2,34.91,60.47,70.68,19588.85,10368.0,0.53,Bearish,16.0,"Weak but watchable RSI, Near 52W low with stable RSI",-9.92,-28.48,-47.13,-6.48,-8.24,-2.86,-3.44,-20.24,-44.27,0.0,,67.69,Accumulation Zone,68.39,55.48,85.57,54.23,0.0,80.0% of closes stayed inside the range | Range width 54.2% | Currently 0.0% through the range,,,-16.67,-40.03,10.78,-49.02,,,,,,,,,,5.0388,,1.029,406.85,39.14,Cement / Realty,0.0,5.0,0.0,0.0,2.0,7.0,0.36,,"Negative net margin, Earnings contraction",0.0,7.0,,16.34,32.0,"Below 200 DMA, Far from 52W high, Negative net margin, Earnings contraction, Limited fundamental data coverage",0.0,Avoid,"Weak but watchable RSI, Near 52W low with stable RSI, 80.0% of closes stayed inside the range | Range width 54.2% | Currently 0.0% through the range"
ADFFOODS,Consumer Defensive,Packaged Foods,183.26,-2.97,128.69,351.31,42.4,47.84,32.54,201.94,225.36,149323.3,139382.0,0.93,Bearish,8.0,Weak but watchable RSI,-19.06,-8.75,-23.1,-6.48,-8.24,-2.86,-12.58,-0.51,-20.24,0.0,,71.62,Accumulation Zone,71.85,188.84,226.5,19.95,0.0,80.0% of closes stayed inside the range | Range width 19.9% | Currently 0.0% through the range,,,16.62,11.71,17.46,-15.21,,,,,,,,32.7506,,5.272,44.0,0.574,3015.21,59.55,FMCG / Consumer,6.0,8.0,0.0,0.0,8.0,22.0,0.5,,Earnings contraction,0.0,22.0,,23.54,15.0,"Below 200 DMA, Earnings contraction",0.0,Avoid,"Weak but watchable RSI, 80.0% of closes stayed inside the range | Range width 19.9% | Currently 0.0% through the range"
ADL,Consumer Cyclical,"Furnishings, Fixtures & Appliances",65.76,-4.7,54.35,146.6,20.99,55.14,39.67,73.26,83.17,802.45,1145.0,1.43,Bearish,23.0,"Weak but watchable RSI, Near 52W low zone, Volume expansion",-8.08,-10.02,-25.52,-6.48,-8.24,-2.86,-1.6,-1.78,-22.66,0.0,,64.12,Breakdown Risk,35.0,70.55,87.02,23.35,0.0,80.0% of closes stayed inside the range | Range width 23.3% | Currently 0.0% through the range | Below lower band on elevated volume,,,1.52,0.23,-20.05,-82.76,,,,,,,,,,0.7266,,0.389,41.75,30.77,Consumer Discretionary,0.0,0.0,0.0,0.0,4.0,4.0,0.36,,"Revenue contraction, Earnings contraction",0.0,4.0,,16.03,24.0,"Below 200 DMA, Revenue contraction, Earnings contraction, Limited fundamental data coverage",0.0,Avoid,"Weak but watchable RSI, Near 52W low zone, Volume expansion, 80.0% of closes stayed inside the range | Range width 23.3% | Currently 0.0% through the range | Below lower band on elevated volume"
ADSL,Technology,Information Technology Services,100.81,-4.39,68.18,309.74,47.86,67.45,27.41,126.96,160.77,262311.25,238303.0,0.91,Bearish,4.0,Oversold RSI,-18.63,-33.59,-38.09,-6.48,-8.24,-2.86,-12.15,-25.35,-35.23,0.0,,67.24,Accumulation Zone,65.37,119.19,187.81,57.57,0.0,80.0% of closes stayed inside the range | Range width 57.6% | Currently 0.0% through the range,,,8.56,5.62,5.87,-9.79,,,,,,,,17.3263,10.3117,0.9808,1.41,0.706,601.69,18.43,IT / Technology,0.0,2.0,0.0,0.0,14.0,16.0,0.5,,Earnings contraction,0.0,16.0,,16.9,13.0,"Below 200 DMA, Far from 52W high",0.0,Avoid,"Oversold RSI, 80.0% of closes stayed inside the range | Range width 57.6% | Currently 0.0% through the range"
ADVANCE,Basic Materials,Agricultural Inputs,104.87,-4.72,102.0,154.0,2.81,31.9,27.24,127.08,,555698.25,157287.0,0.28,Bearish,9.0,"Oversold RSI, Near 52W low zone",-21.23,-9.28,,-6.48,-8.24,-2.86,-14.75,-1.04,,0.0,,67.69,Accumulation Zone,69.86,110.32,138.62,25.64,0.0,78.8% of closes stayed inside the range | Range width 25.6% | Currently 0.0% through the range,,,3.43,2.27,-37.62,-81.06,,,,,,,,15.3882,,2.6814,,,751.82,16.41,General,0.0,0.0,0.0,0.0,10.0,10.0,0.43,,"Revenue contraction, Earnings contraction",0.0,10.0,,16.34,19.0,"Low volume participation, Revenue contraction, Earnings contraction, Limited fundamental data coverage",0.0,Avoid,"Oversold RSI, Near 52W low zone, 78.8% of closes stayed inside the range | Range width 25.6% | Currently 0.0% through the range"
DHANUKA,Basic Materials,Agricultural Inputs,960.75,-2.31,595.03,1971.2,61.46,51.26,26.95,1098.54,1414.97,54130.55,38648.0,0.71,Bearish,4.0,Oversold RSI,-8.41,-23.12,-40.43,-6.48,-8.24,-2.86,-1.93,-14.88,-37.57,0.0,,67.69,Accumulation Zone,67.65,1068.89,1521.6,42.35,0.0,80.0% of closes stayed inside the range | Range width 42.4% | Currently 0.0% through the range,,,10.34,9.76,-22.41,-27.94,,,,,,,,16.5834,13.4172,2.6161,20.0,0.327,4351.29,40.21,General,6.0,0.0,0.0,0.0,15.0,21.0,0.5,,"Revenue contraction, Earnings contraction",0.0,21.0,,16.34,20.0,"Below 200 DMA, Revenue contraction, Earnings contraction",0.0,Avoid,"Oversold RSI, 80.0% of closes stayed inside the range | Range width 42.4% | Currently 0.0% through the range"
DHRUV,Industrials,Engineering & Construction,30.65,-2.45,22.22,168.16,37.94,81.77,45.82,37.07,53.9,124107.0,31116.0,0.25,Bearish,12.0,RSI recovering,-11.29,-35.7,-47.59,-6.48,-8.24,-2.86,-4.81,-27.46,-44.73,0.0,,67.95,Lower Range Watch,64.07,30.36,53.5,76.21,1.24,80.0% of closes stayed inside the range | Range width 76.2% | Currently 1.2% through the range,,,539.39,545.51,-129.56,-3178.67,,,,,,,,,,0.655,,0.163,44.04,-70.94,Capital Goods / Infra,12.0,0.0,0.0,0.0,4.0,16.0,0.36,,"Revenue contraction, Earnings contraction",0.0,16.0,,18.04,32.0,"Below 200 DMA, Far from 52W high, Low volume participation, Revenue contraction, Earnings contraction, Limited fundamental data coverage",0.0,Avoid,"RSI recovering, 80.0% of closes stayed inside the range | Range width 76.2% | Currently 1.2% through the range"
DHUNINV,Financial Services,Capital Markets,849.42,-4.53,549.38,2654.84,54.62,68.0,23.74,1054.28,1313.59,1366.35,2723.0,1.99,Bearish,14.0,"Oversold RSI, Volume expansion",-13.11,-27.85,-40.4,-6.48,-8.24,-2.86,-6.63,-19.61,-37.54,0.0,,67.71,Breakdown Risk,35.0,975.22,1423.55,45.97,0.0,80.0% of closes stayed inside the range | Range width 46.0% | Currently 0.0% through the range | Below lower band on elevated volume,,,-60.04,-3.76,-16.68,87.76,,,,,,,,6.5304,,0.2282,29.0,0.724,625.84,39.77,Financial Services,0.0,10.0,0.0,0.0,12.0,22.0,0.5,,"Negative net margin, Revenue contraction",0.0,22.0,,18.28,34.0,"Below 200 DMA, Extreme RSI weakness, Far from 52W high, Negative net margin, Revenue contraction",0.0,Avoid,"Oversold RSI, Volume expansion, 80.0% of closes stayed inside the range | Range width 46.0% | Currently 0.0% through the range | Below lower band on elevated volume"
DIAMINESQ,Basic Materials,Chemicals,225.93,0.78,216.42,688.6,4.39,67.19,36.43,248.4,319.34,4425.65,9908.0,2.24,Bearish,36.0,"Weak but watchable RSI, Near 52W low with stable RSI, Strong volume expansion, Positive day move",-10.4,-16.92,-40.28,-6.48,-8.24,-2.86,-3.92,-8.68,-37.42,0.0,,67.69,Breakdown Risk,35.0,239.36,325.8,36.12,0.0,80.0% of closes stayed inside the range | Range width 36.1% | Currently 0.0% through the range | Below lower band on elevated volume,,,-50.12,-44.55,-17.88,17.99,,,,,,,,,,1.5547,41.0,0.284,244.62,41.72,Chemicals,0.0,8.0,0.0,0.0,6.0,14.0,0.43,,"Negative net margin, Revenue contraction",0.0,14.0,,16.34,30.0,"Below 200 DMA, Far from 52W high, Negative net margin, Revenue contraction, Limited fundamental data coverage",0.0,Avoid,"Weak but watchable RSI, Near 52W low with stable RSI, Strong volume expansion, Positive day move, 80.0% of closes stayed inside the range | Range width 36.1% | Currently 0.0% through the range | Below lower band on elevated volume"
DIAMONDYD,Consumer Defensive,Packaged Foods,956.6,-3.33,658.61,1445.71,45.25,33.83,18.28,1108.93,1057.63,38645.15,15123.0,0.39,Bearish,4.0,Oversold RSI,-13.23,-11.9,-5.67,-6.48,-8.24,-2.86,-6.75,-3.66,-2.81,0.0,,71.62,Accumulation Zone,71.72,1014.92,1169.41,15.22,0.0,80.0% of closes stayed inside the range | Range width 15.2% | Currently 0.0% through the range,,,0.96,0.71,6.85,-29.97,,,,,,,,241.2448,43.3073,3.937,4.0,0.079,2782.58,28.83,FMCG / Consumer,0.0,2.0,0.0,0.0,7.0,9.0,0.5,,"Earnings contraction, Very high PE",0.0,9.0,,23.54,26.0,"Below 200 DMA, Extreme RSI weakness, Low volume participation, Earnings contraction",0.0,Avoid,"Oversold RSI, 80.0% of closes stayed inside the range | Range width 15.2% | Currently 0.0% through the range"
DIGIDRIVE,Consumer Cyclical,Internet Retail,20.46,-0.53,20.02,108.7,2.2,81.18,34.71,23.59,28.67,24475.95,9379.0,0.38,Bearish,16.0,"Weak but watchable RSI, Near 52W low with stable RSI",-9.63,-20.14,-37.28,-6.48,-8.24,-2.86,-3.15,-11.9,-34.42,0.0,,64.12,Accumulation Zone,70.81,22.04,30.44,38.1,0.0,80.0% of closes stayed inside the range | Range width 38.1% | Currently 0.0% through the range,,,-7.59,48.76,-22.57,226.86,,,,,,,,11.8067,,0.2542,,0.795,68.29,41.0,Consumer Discretionary,6.0,10.0,0.0,0.0,10.0,26.0,0.43,,Revenue contraction,0.0,26.0,,16.03,25.0,"Below 200 DMA, Far from 52W high, Low volume participation, Revenue contraction, Limited fundamental data coverage",0.0,Avoid,"Weak but watchable RSI, Near 52W low with stable RSI, 80.0% of closes stayed inside the range | Range width 38.1% | Currently 0.0% through the range"
DIGISPICE,Financial Services,Financial Conglomerates,17.14,-0.81,16.3,52.7,5.15,67.48,26.15,20.98,23.62,205941.4,148107.0,0.72,Bearish,9.0,"Oversold RSI, Near 52W low zone",-14.3,-29.67,-30.75,-6.48,-8.24,-2.86,-7.82,-21.43,-27.89,0.0,,67.71,Accumulation Zone,70.14,19.82,27.6,39.26,0.0,80.8% of closes stayed inside the range | Range width 39.3% | Currently 0.0% through the range,,,3.54,2.16,-12.4,-66.63,,,,,,,,18.3548,,1.7867,,0.237,356.09,21.03,Financial Services,0.0,0.0,0.0,0.0,10.0,10.0,0.43,,"Revenue contraction, Earnings contraction",0.0,10.0,,18.28,24.0,"Below 200 DMA, Far from 52W high, Earnings contraction, Limited fundamental data coverage",0.0,Avoid,"Oversold RSI, Near 52W low zone, 80.8% of closes stayed inside the range | Range width 39.3% | Currently 0.0% through the range"
DIGITIDE,Industrials,Specialty Business Services,84.6,-2.7,81.95,279.69,3.23,69.75,26.08,114.08,,245424.65,166238.0,0.68,Bearish,9.0,"Oversold RSI, Near 52W low zone",-24.81,-35.29,-57.35,-6.48,-8.24,-2.86,-18.33,-27.05,-54.49,0.0,,67.95,Accumulation Zone,65.77,106.94,173.18,61.94,0.0,80.0% of closes stayed inside the range | Range width 61.9% | Currently 0.0% through the range,,,4.93,-0.97,2.11,-327.01,,,,,,,,,,1.7725,,,1483.06,100.0,Capital Goods / Infra,0.0,0.0,0.0,0.0,4.0,4.0,0.36,,"Negative net margin, Earnings contraction",0.0,4.0,,18.04,24.0,"Far from 52W high, Negative net margin, Earnings contraction, Limited fundamental data coverage",0.0,Avoid,"Oversold RSI, Near 52W low zone, 80.0% of closes stayed inside the range | Range width 61.9% | Currently 0.0% through the range"
DIGJAMLMTD,Consumer Cyclical,Textile Manufacturing,40.62,-2.4,31.46,157.7,29.12,74.24,28.22,49.07,48.33,9231.45,3178.0,0.34,Bearish,4.0,Oversold RSI,-18.5,1.52,-28.14,-6.48,-8.24,-2.86,-12.02,9.76,-25.28,10.0,Positive 3M return,24.12,Accumulation Zone,68.72,41.61,56.27,35.24,0.0,80.0% of closes stayed inside the range | Range width 35.2% | Currently 0.0% through the range,,,12.01,7.34,-50.63,129.39,,,,,,,,26.5855,,23.4828,,0.177,102.62,28.54,Consumer Discretionary,6.0,10.0,0.0,0.0,4.0,20.0,0.43,,Revenue contraction,0.0,20.0,,16.03,25.0,"Below 200 DMA, Far from 52W high, Low volume participation, Revenue contraction, Limited fundamental data coverage",0.0,Avoid,"Oversold RSI, Positive 3M return, 80.0% of closes stayed inside the range | Range width 35.2% | Currently 0.0% through the range"
DISHTV,Communication Services,Entertainment,2.55,-2.3,2.53,26.05,0.79,90.21,18.45,3.43,4.58,4672534.05,2527623.0,0.54,Bearish,9.0,"Oversold RSI, Near 52W low zone",-24.78,-33.07,-52.87,-6.48,-8.24,-2.86,-18.3,-24.83,-50.01,0.0,,67.86,Accumulation Zone,66.09,3.09,4.94,59.8,0.0,80.0% of closes stayed inside the range | Range width 59.8% | Currently 0.0% through the range,,,-47.99,-92.37,2.72,-108.24,,,,,,,,,-1.5667,-0.1342,,0.906,519.23,35.07,Telecom,0.0,0.0,0.0,0.0,2.0,2.0,0.36,,"Negative net margin, Earnings contraction",0.0,2.0,,14.18,40.0,"Below 200 DMA, Extreme RSI weakness, Far from 52W high, Negative net margin, Earnings contraction, Limited fundamental data coverage",0.0,Avoid,"Oversold RSI, Near 52W low zone, 80.0% of closes stayed inside the range | Range width 59.8% | Currently 0.0% through the range"
63MOONS,Technology,Software - Application,558.7,-2.72,138.71,1128.54,302.8,50.49,34.88,653.46,826.51,237249.3,79207.0,0.33,Bearish,8.0,Weak but watchable RSI,-11.9,-26.84,-39.42,-6.48,-8.24,-2.86,-5.42,-18.6,-36.56,0.0,,67.24,Accumulation Zone,68.62,614.12,869.18,41.53,0.0,80.0% of closes stayed inside the range | Range width 41.5% | Currently 0.0% through the range,,,-269.62,-74.12,-12.16,-756.02,,,,,,,,,,1.0077,26.0,0.688,3577.54,7.59,IT / Technology,0.0,0.0,0.0,0.0,6.0,6.0,0.43,,"Negative net margin, Revenue contraction, Earnings contraction",0.0,6.0,,16.9,30.0,"Below 200 DMA, Low volume participation, Negative net margin, Earnings contraction, Limited fundamental data coverage",0.0,Avoid,"Weak but watchable RSI, 80.0% of closes stayed inside the range | Range width 41.5% | Currently 0.0% through the range"
21STCENMGM,Financial Services,Capital Markets,33.9,0.33,15.98,141.4,112.15,76.03,21.85,41.29,50.91,3539.9,1860.0,0.53,Bearish,9.0,"Oversold RSI, Positive day move",-15.9,-19.69,-36.48,-6.48,-8.24,-2.86,-9.42,-11.45,-33.62,0.0,,67.71,Accumulation Zone,68.99,36.81,51.69,40.44,0.0,80.0% of closes stayed inside the range | Range width 40.4% | Currently 0.0% through the range,,,166.22,166.22,53.21,28.91,,,,,,,,,,1.3074,,0.504,43.22,0.0,Financial Services,12.0,20.0,0.0,0.0,4.0,36.0,0.36,,,0.0,36.0,,18.28,25.0,"Below 200 DMA, Extreme RSI weakness, Far from 52W high, Limited fundamental data coverage",0.0,Avoid,"Oversold RSI, Positive day move, 80.0% of closes stayed inside the range | Range width 40.4% | Currently 0.0% through the range"
ANDREWYU,Unknown,Unknown,31.35,0.0,18.8,40.7,66.76,22.97,41.2,32.87,26.42,0.0,0.0,0.0,Bearish,23.0,"Above 200 DMA, Weak but watchable RSI",0.0,7.73,30.08,-6.48,-8.24,-2.86,6.48,15.97,32.94,70.0,"Positive 3M return, Strong 6M absolute return, 1M Nifty outperformance, 3M Nifty outperformance, 6M Nifty outperformance",10.0,Neutral Range,66.83,24.6,35.35,43.73,62.81,80.8% of closes stayed inside the range | Range width 43.7% | Currently 62.8% through the range,,,-20.79,-11.86,3.81,-52613.17,,,,,,,,,,,,,,,General,0.0,2.0,0.0,0.0,0.0,2.0,0.29,,"Negative net margin, Earnings contraction",0.0,2.0,,14.32,22.0,"Low volume participation, Negative net margin, Earnings contraction, Limited fundamental data coverage",4.1,Avoid,"Above 200 DMA, Weak but watchable RSI, Positive 3M return, Strong 6M absolute return, 1M Nifty outperformance, 3M Nifty outperformance, 6M Nifty outperformance, 80.8% of closes stayed inside the range | Range width 43.7% | Currently 62.8% through the range"
DYNAMATECH,Consumer Cyclical,Auto Parts,10278.67,-4.33,2144.48,10942.2,379.31,6.06,58.55,9281.99,7978.13,38573.9,26919.0,0.7,Bullish,60.0,"Above 50 DMA, Above 200 DMA, Healthy RSI momentum, Near 52W high momentum",20.37,13.16,55.6,-6.48,-8.24,-2.86,26.85,21.4,58.46,95.0,"Strong 1M absolute return, Positive 3M return, Strong 6M absolute return, 1M Nifty outperformance, 3M Nifty outperformance, 6M Nifty outperformance, Positive across 1M/3M/6M",2.33,Profit Booking Zone,79.55,7012.78,9920.18,41.46,100.0,80.0% of closes stayed inside the range | Range width 41.5% | Currently 100.0% through the range,,,7.16,1.36,8.28,74.32,,,,,,,,184.2139,60.9595,9.7844,7.0,0.424,7766.69,50.05,Automobile,0.0,15.0,0.0,0.0,5.0,20.0,0.5,,Very high PE,0.0,20.0,,16.55,0.0,,48.23,Neutral,"Above 50 DMA, Above 200 DMA, Healthy RSI momentum, Near 52W high momentum, Strong 1M absolute return, Positive 3M return, Strong 6M absolute return, 1M Nifty outperformance, 3M Nifty outperformance, 6M Nifty outperformance, Positive across 1M/3M/6M, 80.0% of closes stayed inside the range | Range width 41.5% | Currently 100.0% through the range"
