symbol,sector,industry,current_price,day_change_pct,low_52w,high_52w,distance_from_low_pct,distance_from_high_pct,rsi,sma50,sma200,avg_volume_20d,latest_volume,volume_ratio,trend,technical_score,technical_reasons,return_1m,return_3m,return_6m,nifty_return_1m,nifty_return_3m,nifty_return_6m,return_vs_nifty_1m,return_vs_nifty_3m,return_vs_nifty_6m,relative_strength_score,relative_strength_reasons,sector_rank_pct,range_status,range_score,range_low,range_high,range_width_pct,range_position_pct,range_reasons,roe,roa,operating_margin,net_profit_margin,revenue_growth,earnings_growth,debt_to_equity,current_ratio,quick_ratio,total_cash_cr,total_debt_cr,operating_cashflow_cr,free_cashflow_cr,trailing_pe,forward_pe,price_to_book,dividend_yield,beta,market_cap_cr,gross_margin,sector_bucket,profitability_score,growth_score,balance_sheet_score,cashflow_score,valuation_score,fundamental_score,fundamental_data_coverage,fundamental_reasons,fundamental_risk_reasons,sector_adjustment,sector_adjusted_fundamental_score,sector_adjustment_reasons,sector_score,risk_penalty,risk_reasons,final_score,score_band,reasons
BSE,Financial Services,Financial Data & Stock Exchanges,1559.63,3.48,131.96,1653.68,1081.85,5.69,59.59,1345.4,967.86,7290125.7,7523148.0,1.03,Bullish,75.0,"Above 50 DMA, Above 200 DMA, Healthy RSI momentum, Near 52W high momentum, Normal volume support, Strong positive day move",10.09,74.1,70.03,-5.63,-5.04,4.4,15.72,79.14,65.63,100.0,"Strong 1M absolute return, Strong 3M absolute return, Strong 6M absolute return, 1M Nifty outperformance, 3M Nifty outperformance, 6M Nifty outperformance, Positive across 1M/3M/6M",1.12,Profit Booking Zone,75.69,791.04,1488.79,88.21,100.0,80.0% of closes stayed inside the range | Range width 88.2% | Currently 100.0% through the range,23.57,8.24,23.86,56.77,68.12,252.74,0.0,1.19,,55.59,0.02,2643.46,2512.54,51.2199,37.9807,18.1646,28.0,0.471,143241.73,99.59,Financial Services,21.0,20.0,14.0,17.0,7.0,79.0,0.93,"Strong ROE, Cash covers debt",,2.0,81.0,"Strong ROE for a leveraged-balance-sheet business, Expensive relative to book value for this sector",32.12,0.0,,76.92,High Conviction,"Above 50 DMA, Above 200 DMA, Healthy RSI momentum, Near 52W high momentum, Normal volume support, Strong positive day move, Strong ROE, Cash covers debt, Strong 1M absolute return, Strong 3M absolute return, Strong 6M absolute return, 1M Nifty outperformance, 3M Nifty outperformance, 6M Nifty outperformance, Positive across 1M/3M/6M, 80.0% of closes stayed inside the range | Range width 88.2% | Currently 100.0% through the range"
NATIONALUM,Basic Materials,Aluminum,221.16,9.12,56.5,228.58,291.42,3.25,60.62,195.33,168.65,22485509.7,107332099.0,4.77,Bullish,85.0,"Above 50 DMA, Above 200 DMA, Healthy RSI momentum, Near 52W high momentum, Strong volume expansion, Strong positive day move",3.36,40.99,24.5,-5.63,-5.04,4.4,8.99,46.03,20.1,88.0,"Positive 1M return, Strong 3M absolute return, Positive 6M return, 1M Nifty outperformance, 3M Nifty outperformance, 6M Nifty outperformance, Positive across 1M/3M/6M",7.02,Breakout Watch,86.09,157.63,209.37,32.82,100.0,80.0% of closes stayed inside the range | Range width 32.8% | Currently 100.0% through the range | Above upper band on elevated volume,13.82,10.34,16.33,15.21,-7.77,38.6,0.67,1.89,1.33,43.49,96.38,2727.08,1071.13,10.5607,10.8213,3.5699,1.03,0.709,77138.53,71.34,Metals / Mining,16.0,10.0,15.0,17.0,9.0,67.0,1.0,,Revenue contraction,2.0,69.0,General low-debt support,33.45,0.0,,72.42,Strong,"Above 50 DMA, Above 200 DMA, Healthy RSI momentum, Near 52W high momentum, Strong volume expansion, Strong positive day move, Positive 1M return, Strong 3M absolute return, Positive 6M return, 1M Nifty outperformance, 3M Nifty outperformance, 6M Nifty outperformance, Positive across 1M/3M/6M, 80.0% of closes stayed inside the range | Range width 32.8% | Currently 100.0% through the range | Above upper band on elevated volume"
COFORGE,Technology,Information Technology Services,1575.69,-0.83,611.3,1605.86,157.76,1.88,65.91,1436.74,1201.49,3447675.5,1890055.0,0.55,Bullish,60.0,"Above 50 DMA, Above 200 DMA, Healthy RSI momentum, Near 52W high momentum",11.04,31.27,70.86,-5.63,-5.04,4.4,16.67,36.31,66.46,100.0,"Strong 1M absolute return, Strong 3M absolute return, Strong 6M absolute return, 1M Nifty outperformance, 3M Nifty outperformance, 6M Nifty outperformance, Positive across 1M/3M/6M",4.41,Profit Booking Zone,78.72,1030.86,1515.28,46.99,100.0,80.0% of closes stayed inside the range | Range width 47.0% | Currently 100.0% through the range,22.28,13.23,12.91,8.97,12.41,16.46,20.02,1.7,,321.3,726.0,903.4,637.9,37.3136,25.1184,6.3441,88.0,0.294,79750.75,37.25,IT / Technology,17.0,13.0,11.0,17.0,7.0,65.0,0.93,Strong ROE,,5.0,70.0,Strong ROE for an asset-light business,48.8,0.0,,71.82,Strong,"Above 50 DMA, Above 200 DMA, Healthy RSI momentum, Near 52W high momentum, Strong ROE, Strong 1M absolute return, Strong 3M absolute return, Strong 6M absolute return, 1M Nifty outperformance, 3M Nifty outperformance, 6M Nifty outperformance, Positive across 1M/3M/6M, 80.0% of closes stayed inside the range | Range width 47.0% | Currently 100.0% through the range"
PERSISTENT,Technology,Information Technology Services,5572.91,-1.18,1500.77,5754.42,271.34,3.15,54.47,5373.91,4437.73,514376.15,411485.0,0.8,Bullish,60.0,"Above 50 DMA, Above 200 DMA, Healthy RSI momentum, Near 52W high momentum",2.54,14.41,59.84,-5.63,-5.04,4.4,8.17,19.45,55.44,88.0,"Positive 1M return, Positive 3M return, Strong 6M absolute return, 1M Nifty outperformance, 3M Nifty outperformance, 6M Nifty outperformance, Positive across 1M/3M/6M",17.65,Profit Booking Zone,78.38,3731.64,5568.02,49.21,100.0,80.0% of closes stayed inside the range | Range width 49.2% | Currently 100.0% through the range,22.06,14.74,13.27,11.13,17.62,18.72,9.1,1.87,,662.51,451.13,1302.11,944.08,44.7405,30.8947,10.9263,65.0,0.082,85520.87,31.68,IT / Technology,17.0,16.0,16.0,17.0,7.0,73.0,0.93,"Strong ROE, Cash covers debt",,5.0,78.0,Strong ROE for an asset-light business,48.8,0.0,,71.62,Strong,"Above 50 DMA, Above 200 DMA, Healthy RSI momentum, Near 52W high momentum, Strong ROE, Cash covers debt, Positive 1M return, Positive 3M return, Strong 6M absolute return, 1M Nifty outperformance, 3M Nifty outperformance, 6M Nifty outperformance, Positive across 1M/3M/6M, 80.0% of closes stayed inside the range | Range width 49.2% | Currently 100.0% through the range"
HCLTECH,Technology,Information Technology Services,1704.69,-1.29,749.44,1762.29,127.46,3.27,52.28,1677.13,1472.51,2187586.55,2483933.0,1.14,Bullish,65.0,"Above 50 DMA, Above 200 DMA, Healthy RSI momentum, Near 52W high momentum, Normal volume support",-0.57,9.5,39.6,-5.63,-5.04,4.4,5.06,14.54,35.2,70.0,"Positive 3M return, Strong 6M absolute return, 1M Nifty outperformance, 3M Nifty outperformance, 6M Nifty outperformance",32.35,Profit Booking Zone,81.93,1315.84,1713.96,30.26,97.67,80.0% of closes stayed inside the range | Range width 30.3% | Currently 97.7% through the range,23.0,15.74,31.48,14.29,8.34,5.73,8.43,2.61,2.6,9441.0,5756.0,22448.0,21400.0,21.2315,17.0459,4.9998,4.39,0.006,369445.39,34.0,IT / Technology,22.0,7.0,20.0,17.0,11.0,77.0,1.0,"Strong ROE, Cash covers debt",,10.0,87.0,"Strong ROE for an asset-light business, Strong operating margin",48.8,0.0,,71.52,Strong,"Above 50 DMA, Above 200 DMA, Healthy RSI momentum, Near 52W high momentum, Normal volume support, Strong ROE, Cash covers debt, Positive 3M return, Strong 6M absolute return, 1M Nifty outperformance, 3M Nifty outperformance, 6M Nifty outperformance, 80.0% of closes stayed inside the range | Range width 30.3% | Currently 97.7% through the range"
BAJAJHLDNG,Financial Services,Asset Management,10480.47,-1.52,4965.59,11066.25,111.06,5.29,54.52,10306.85,8987.94,39254.5,39537.0,1.01,Bullish,65.0,"Above 50 DMA, Above 200 DMA, Healthy RSI momentum, Near 52W high momentum, Normal volume support",4.34,9.95,31.08,-5.63,-5.04,4.4,9.97,14.99,26.68,88.0,"Positive 1M return, Positive 3M return, Strong 6M absolute return, 1M Nifty outperformance, 3M Nifty outperformance, 6M Nifty outperformance, Positive across 1M/3M/6M",4.49,Profit Booking Zone,81.94,8053.51,10525.02,30.69,98.2,80.0% of closes stayed inside the range | Range width 30.7% | Currently 98.2% through the range,13.4,11.15,,94.81,47.91,49.82,0.12,,,39.78,62.57,1941.12,1940.81,14.5501,,1.7617,1.39,0.154,128866.75,98.98,Financial Services,14.0,20.0,9.0,17.0,11.0,71.0,0.79,,,0.0,71.0,,32.12,0.0,,67.92,Strong,"Above 50 DMA, Above 200 DMA, Healthy RSI momentum, Near 52W high momentum, Normal volume support, Positive 1M return, Positive 3M return, Strong 6M absolute return, 1M Nifty outperformance, 3M Nifty outperformance, 6M Nifty outperformance, Positive across 1M/3M/6M, 80.0% of closes stayed inside the range | Range width 30.7% | Currently 98.2% through the range"
GVT&D,Industrials,Specialty Industrial Machinery,1847.52,4.77,98.25,1965.4,1780.37,6.0,57.94,1717.44,1358.21,393529.15,859322.0,2.18,Bullish,85.0,"Above 50 DMA, Above 200 DMA, Healthy RSI momentum, Near 52W high momentum, Strong volume expansion, Strong positive day move",1.43,2.5,48.3,-5.63,-5.04,4.4,7.06,7.54,43.9,73.0,"Positive 1M return, Positive 3M return, Strong 6M absolute return, 1M Nifty outperformance, 6M Nifty outperformance, Positive across 1M/3M/6M",3.53,Breakout Watch,87.64,1447.66,1773.92,22.54,100.0,80.0% of closes stayed inside the range | Range width 22.5% | Currently 100.0% through the range | Above upper band on elevated volume,14.57,5.05,9.73,5.73,15.04,12251.01,3.36,1.17,0.91,131.94,41.82,518.36,489.2,86.6909,56.6679,41.9339,23.0,0.634,112826.91,43.57,Capital Goods / Infra,6.0,18.0,14.0,17.0,5.0,60.0,1.0,Cash covers debt,Very high PE,5.0,65.0,Strong order-book-driven revenue growth,31.27,0.0,,66.94,Strong,"Above 50 DMA, Above 200 DMA, Healthy RSI momentum, Near 52W high momentum, Strong volume expansion, Strong positive day move, Cash covers debt, Positive 1M return, Positive 3M return, Strong 6M absolute return, 1M Nifty outperformance, 6M Nifty outperformance, Positive across 1M/3M/6M, 80.0% of closes stayed inside the range | Range width 22.5% | Currently 100.0% through the range | Above upper band on elevated volume"
INDHOTEL,Consumer Cyclical,Lodging,731.78,-0.56,259.95,742.9,181.51,1.5,62.13,686.75,609.04,4782545.95,4613449.0,0.96,Bullish,60.0,"Above 50 DMA, Above 200 DMA, Healthy RSI momentum, Near 52W high momentum",7.35,19.65,29.47,-5.63,-5.04,4.4,12.98,24.69,25.07,78.0,"Positive 1M return, Positive 3M return, Positive 6M return, 1M Nifty outperformance, 3M Nifty outperformance, 6M Nifty outperformance, Positive across 1M/3M/6M",5.77,Profit Booking Zone,82.57,579.98,703.47,21.29,100.0,80.0% of closes stayed inside the range | Range width 21.3% | Currently 100.0% through the range,13.31,8.48,26.22,19.36,16.52,25.58,28.93,1.54,1.48,479.34,2735.79,1935.14,1284.18,48.0744,38.7458,7.8957,45.0,-0.154,103056.49,63.01,Consumer Discretionary,20.0,18.0,13.0,17.0,7.0,75.0,1.0,,,2.0,77.0,General low-debt support,31.77,0.0,,66.22,Strong,"Above 50 DMA, Above 200 DMA, Healthy RSI momentum, Near 52W high momentum, Positive 1M return, Positive 3M return, Positive 6M return, 1M Nifty outperformance, 3M Nifty outperformance, 6M Nifty outperformance, Positive across 1M/3M/6M, 80.0% of closes stayed inside the range | Range width 21.3% | Currently 100.0% through the range"
FORTIS,Healthcare,Medical Care Facilities,647.05,1.47,243.7,657.37,165.5,1.57,61.94,601.62,494.52,1054183.25,942545.0,0.89,Bullish,65.0,"Above 50 DMA, Above 200 DMA, Healthy RSI momentum, Near 52W high momentum, Positive day move",6.39,22.64,44.23,-5.63,-5.04,4.4,12.02,27.68,39.83,98.0,"Positive 1M return, Strong 3M absolute return, Strong 6M absolute return, 1M Nifty outperformance, 3M Nifty outperformance, 6M Nifty outperformance, Positive across 1M/3M/6M",6.82,Profit Booking Zone,81.93,463.67,614.85,32.61,100.0,80.0% of closes stayed inside the range | Range width 32.6% | Currently 100.0% through the range,7.82,4.51,13.35,8.76,10.01,1.72,15.07,0.45,0.41,235.27,1155.02,1100.1,157.63,67.5676,39.5602,6.8663,11.0,0.665,67946.23,59.39,Pharma / Healthcare,6.0,5.0,9.0,17.0,5.0,42.0,1.0,,,2.0,44.0,General low-debt support,49.08,0.0,,63.51,Watchlist,"Above 50 DMA, Above 200 DMA, Healthy RSI momentum, Near 52W high momentum, Positive day move, Positive 1M return, Strong 3M absolute return, Strong 6M absolute return, 1M Nifty outperformance, 3M Nifty outperformance, 6M Nifty outperformance, Positive across 1M/3M/6M, 80.0% of closes stayed inside the range | Range width 32.6% | Currently 100.0% through the range"
MAXHEALTH,Healthcare,Medical Care Facilities,996.93,-0.64,351.87,1114.73,183.32,10.57,50.45,969.93,870.97,1977144.15,2909039.0,1.47,Bullish,70.0,"Above 50 DMA, Above 200 DMA, Healthy RSI momentum, Near 52W high momentum, Volume expansion",6.66,14.13,18.98,-5.63,-5.04,4.4,12.29,19.17,14.58,63.0,"Positive 1M return, Positive 3M return, Positive 6M return, 1M Nifty outperformance, 3M Nifty outperformance, Positive across 1M/3M/6M",37.5,Profit Booking Zone,84.53,850.61,1003.44,17.97,95.74,80.0% of closes stayed inside the range | Range width 18.0% | Currently 95.7% through the range,12.58,8.81,24.19,19.92,18.28,-4.16,15.4,1.37,1.3,979.84,1294.56,1121.67,335.72,70.4053,41.5708,9.1232,19.0,0.128,98057.3,62.42,Pharma / Healthcare,19.0,8.0,13.0,17.0,5.0,62.0,1.0,,Earnings contraction,2.0,64.0,General low-debt support,49.08,0.0,,63.01,Watchlist,"Above 50 DMA, Above 200 DMA, Healthy RSI momentum, Near 52W high momentum, Volume expansion, Positive 1M return, Positive 3M return, Positive 6M return, 1M Nifty outperformance, 3M Nifty outperformance, Positive across 1M/3M/6M, 80.0% of closes stayed inside the range | Range width 18.0% | Currently 95.7% through the range"
MANKIND,Healthcare,Drug Manufacturers - Specialty & Generic,2596.88,0.01,1241.51,2872.87,109.17,9.61,48.37,2591.32,2293.44,349911.7,207098.0,0.59,Bullish,47.0,"Above 50 DMA, Above 200 DMA, RSI recovering, Positive day move",-1.86,10.17,24.26,-5.63,-5.04,4.4,3.77,15.21,19.86,50.0,"Positive 3M return, Positive 6M return, 3M Nifty outperformance, 6M Nifty outperformance",44.32,Profit Booking Zone,76.61,2091.99,2683.06,28.25,85.42,80.0% of closes stayed inside the range | Range width 28.3% | Currently 85.4% through the range,20.43,15.99,21.83,18.65,17.26,49.23,2.21,3.1,2.37,382.01,207.17,2152.44,1763.23,49.1833,34.567,6.1622,8.0,0.46,100486.05,70.76,Pharma / Healthcare,22.0,18.0,20.0,17.0,7.0,84.0,1.0,"Strong ROE, Cash covers debt",,4.0,88.0,"General quality ROE, General low-debt support",49.08,0.0,,62.41,Watchlist,"Above 50 DMA, Above 200 DMA, RSI recovering, Positive day move, Strong ROE, Cash covers debt, Positive 3M return, Positive 6M return, 3M Nifty outperformance, 6M Nifty outperformance, 80.0% of closes stayed inside the range | Range width 28.3% | Currently 85.4% through the range"
ETERNAL,Consumer Cyclical,Internet Retail,270.79,0.42,44.35,298.25,510.58,9.21,57.78,267.65,213.36,58815527.05,59799056.0,1.02,Bullish,70.0,"Above 50 DMA, Above 200 DMA, Healthy RSI momentum, Near 52W high momentum, Normal volume support, Positive day move",5.18,2.92,38.97,-5.63,-5.04,4.4,10.81,7.96,34.57,73.0,"Positive 1M return, Positive 3M return, Strong 6M absolute return, 1M Nifty outperformance, 6M Nifty outperformance, Positive across 1M/3M/6M",7.69,Profit Booking Zone,79.21,184.85,277.75,50.26,92.51,80.0% of closes stayed inside the range | Range width 50.3% | Currently 92.5% through the range,1.72,1.5,-3.16,2.9,72.2,136.15,3.67,2.62,2.58,309.0,749.0,646.0,431.0,713.75,82.0471,9.2835,,0.225,289095.37,35.19,Consumer Discretionary,0.0,20.0,17.0,17.0,3.0,57.0,0.93,,Very high PE,2.0,59.0,General low-debt support,31.77,0.0,,61.17,Watchlist,"Above 50 DMA, Above 200 DMA, Healthy RSI momentum, Near 52W high momentum, Normal volume support, Positive day move, Positive 1M return, Positive 3M return, Strong 6M absolute return, 1M Nifty outperformance, 6M Nifty outperformance, Positive across 1M/3M/6M, 80.0% of closes stayed inside the range | Range width 50.3% | Currently 92.5% through the range"
WIPRO,Technology,Information Technology Services,256.2,-2.44,162.77,270.26,57.39,5.2,49.6,251.96,235.33,13473609.5,15289764.0,1.13,Bullish,47.0,"Above 50 DMA, Above 200 DMA, RSI recovering, Normal volume support",0.77,5.38,19.92,-5.63,-5.04,4.4,6.4,10.42,15.52,78.0,"Positive 1M return, Positive 3M return, Positive 6M return, 1M Nifty outperformance, 3M Nifty outperformance, 6M Nifty outperformance, Positive across 1M/3M/6M",27.94,Profit Booking Zone,80.27,223.4,259.37,16.1,91.17,80.8% of closes stayed inside the range | Range width 16.1% | Currently 91.2% through the range,14.73,9.58,15.12,12.31,-0.8,-2.69,21.96,2.58,2.57,9695.3,16464.9,17621.6,16570.6,14.6683,13.2285,2.3486,4.33,0.394,181959.9,29.04,IT / Technology,16.0,0.0,15.0,17.0,15.0,63.0,1.0,,"Revenue contraction, Earnings contraction",0.0,63.0,,48.8,0.0,,60.62,Watchlist,"Above 50 DMA, Above 200 DMA, RSI recovering, Normal volume support, Positive 1M return, Positive 3M return, Positive 6M return, 1M Nifty outperformance, 3M Nifty outperformance, 6M Nifty outperformance, Positive across 1M/3M/6M, 80.8% of closes stayed inside the range | Range width 16.1% | Currently 91.2% through the range"
IPCALAB,Healthcare,Drug Manufacturers - Specialty & Generic,1557.12,1.96,663.43,1698.21,134.71,8.31,51.1,1528.68,1311.2,337038.95,376265.0,1.12,Bullish,70.0,"Above 50 DMA, Above 200 DMA, Healthy RSI momentum, Near 52W high momentum, Normal volume support, Positive day move",-5.04,13.18,20.55,-5.63,-5.04,4.4,0.59,18.22,16.15,50.0,"Positive 3M return, Positive 6M return, 3M Nifty outperformance, 6M Nifty outperformance",44.32,Profit Booking Zone,81.37,1142.1,1579.21,38.27,94.95,80.0% of closes stayed inside the range | Range width 38.3% | Currently 94.9% through the range,8.64,4.93,12.26,7.18,22.81,16.13,22.72,2.35,1.3,208.91,1438.36,944.65,533.36,39.3189,26.9068,5.5581,34.0,0.035,44819.39,67.23,Pharma / Healthcare,8.0,16.0,14.0,17.0,9.0,64.0,1.0,,,2.0,66.0,General low-debt support,49.08,0.0,,60.46,Watchlist,"Above 50 DMA, Above 200 DMA, Healthy RSI momentum, Near 52W high momentum, Normal volume support, Positive day move, Positive 3M return, Positive 6M return, 3M Nifty outperformance, 6M Nifty outperformance, 80.0% of closes stayed inside the range | Range width 38.3% | Currently 94.9% through the range"
ANANDRATHI,Financial Services,Asset Management,988.29,2.6,155.16,1086.7,536.96,9.06,50.83,984.06,948.99,206722.4,133808.0,0.65,Bullish,70.0,"Above 50 DMA, Above 200 DMA, Healthy RSI momentum, Near 52W high momentum, Strong positive day move",-7.03,11.16,1.23,-5.63,-5.04,4.4,-1.4,16.2,-3.17,35.0,"Positive 3M return, Positive 6M return, 3M Nifty outperformance",24.72,Neutral Range,81.78,907.12,1020.03,12.45,71.89,80.0% of closes stayed inside the range | Range width 12.4% | Currently 71.9% through the range,34.67,25.57,39.27,31.06,32.02,33.59,7.96,3.45,,33.11,51.67,277.57,273.07,78.1228,65.0423,36.4135,32.0,0.337,36346.43,57.81,Financial Services,25.0,20.0,14.0,17.0,5.0,81.0,0.93,Strong ROE,,2.0,83.0,"Strong ROE for a leveraged-balance-sheet business, Expensive relative to book value for this sector",32.12,0.0,,60.12,Watchlist,"Above 50 DMA, Above 200 DMA, Healthy RSI momentum, Near 52W high momentum, Strong positive day move, Strong ROE, Positive 3M return, Positive 6M return, 3M Nifty outperformance, 80.0% of closes stayed inside the range | Range width 12.4% | Currently 71.9% through the range"
AEGISLOG,Energy,Oil & Gas Refining & Marketing,829.63,4.7,235.58,954.72,252.17,13.1,66.06,752.24,654.7,372013.45,961111.0,2.58,Bullish,85.0,"Above 50 DMA, Above 200 DMA, Healthy RSI momentum, Near 52W high momentum, Strong volume expansion, Strong positive day move",16.22,3.1,40.51,-5.63,-5.04,4.4,21.85,8.14,36.11,80.0,"Strong 1M absolute return, Positive 3M return, Strong 6M absolute return, 1M Nifty outperformance, 6M Nifty outperformance, Positive across 1M/3M/6M",7.14,Profit Booking Zone,84.65,712.9,861.73,20.88,78.43,80.0% of closes stayed inside the range | Range width 20.9% | Currently 78.4% through the range,14.62,7.05,11.18,8.09,-18.36,22.95,68.44,2.73,2.67,1032.3,2665.43,655.53,39.11,36.3676,33.7418,7.3301,1.03,0.55,44383.95,26.48,Energy / Utilities,12.0,8.0,12.0,17.0,6.0,55.0,1.0,,Revenue contraction,2.0,57.0,General low-debt support,26.08,5.0,Revenue contraction,60.11,Watchlist,"Above 50 DMA, Above 200 DMA, Healthy RSI momentum, Near 52W high momentum, Strong volume expansion, Strong positive day move, Strong 1M absolute return, Positive 3M return, Strong 6M absolute return, 1M Nifty outperformance, 6M Nifty outperformance, Positive across 1M/3M/6M, 80.0% of closes stayed inside the range | Range width 20.9% | Currently 78.4% through the range"
OFSS,Technology,Software - Infrastructure,10455.82,-4.22,2435.42,11705.03,329.32,10.67,48.36,10539.06,8735.14,140697.6,179726.0,1.28,Bearish,32.0,"Above 200 DMA, RSI recovering, Normal volume support",-2.69,1.95,44.78,-5.63,-5.04,4.4,2.94,6.99,40.38,45.0,"Positive 3M return, Strong 6M absolute return, 6M Nifty outperformance",44.12,Profit Booking Zone,74.33,8735.11,10737.94,22.93,85.91,80.0% of closes stayed inside the range | Range width 22.9% | Currently 85.9% through the range,28.24,22.34,43.6,34.83,11.84,22.88,0.55,5.98,,3479.4,43.0,1790.7,1760.6,30.3951,25.7616,14.6798,5.59,0.496,101695.49,58.6,IT / Technology,25.0,13.0,17.0,17.0,9.0,81.0,0.93,"Strong ROE, Cash covers debt",,10.0,91.0,"Strong ROE for an asset-light business, Strong operating margin",48.8,0.0,,58.42,Watchlist,"Above 200 DMA, RSI recovering, Normal volume support, Strong ROE, Cash covers debt, Positive 3M return, Strong 6M absolute return, 6M Nifty outperformance, 80.0% of closes stayed inside the range | Range width 22.9% | Currently 85.9% through the range"
DIVISLAB,Healthcare,Drug Manufacturers - Specialty & Generic,5716.94,0.29,2668.41,6221.75,114.25,8.11,47.4,5642.39,4489.97,495150.35,390727.0,0.79,Bullish,47.0,"Above 50 DMA, Above 200 DMA, RSI recovering, Positive day move",-4.24,22.09,48.36,-5.63,-5.04,4.4,1.39,27.13,43.96,70.0,"Strong 3M absolute return, Strong 6M absolute return, 3M Nifty outperformance, 6M Nifty outperformance",32.95,Profit Booking Zone,76.79,4437.85,5854.78,31.93,90.27,80.0% of closes stayed inside the range | Range width 31.9% | Currently 90.3% through the range,11.79,10.34,23.5,20.52,1.71,-12.28,0.02,7.57,5.08,363.0,3.0,1261.0,258.0,88.4956,57.207,13.6211,35.0,0.22,228302.97,61.24,Pharma / Healthcare,17.0,0.0,20.0,17.0,5.0,59.0,1.0,Cash covers debt,"Earnings contraction, Very high PE",2.0,61.0,General low-debt support,49.08,0.0,,57.96,Watchlist,"Above 50 DMA, Above 200 DMA, RSI recovering, Positive day move, Cash covers debt, Strong 3M absolute return, Strong 6M absolute return, 3M Nifty outperformance, 6M Nifty outperformance, 80.0% of closes stayed inside the range | Range width 31.9% | Currently 90.3% through the range"
VBL,Consumer Defensive,Beverages - Non-Alcoholic,606.1,5.94,179.77,676.37,237.15,10.39,54.42,603.3,593.35,5456153.6,8284043.0,1.52,Bullish,80.0,"Above 50 DMA, Above 200 DMA, Healthy RSI momentum, Near 52W high momentum, Volume expansion, Strong positive day move",3.58,2.21,0.69,-5.63,-5.04,4.4,9.21,7.25,-3.71,48.0,"Positive 1M return, Positive 3M return, Positive 6M return, 1M Nifty outperformance, Positive across 1M/3M/6M",16.67,Lower Range Watch,82.45,581.19,644.75,10.93,39.2,80.0% of closes stayed inside the range | Range width 10.9% | Currently 39.2% through the range,29.64,13.54,20.01,13.16,20.9,37.3,78.3,1.02,0.5,242.21,5431.31,2390.78,-873.27,44.006,37.7022,7.6091,46.0,0.298,148997.58,55.45,FMCG / Consumer,23.0,18.0,6.0,9.0,7.0,63.0,1.0,Strong ROE,Negative free cash flow,5.0,68.0,Strong ROE for a consumer staples business,36.25,4.0,Negative free cash flow,57.24,Watchlist,"Above 50 DMA, Above 200 DMA, Healthy RSI momentum, Near 52W high momentum, Volume expansion, Strong positive day move, Strong ROE, Positive 1M return, Positive 3M return, Positive 6M return, 1M Nifty outperformance, Positive across 1M/3M/6M, 80.0% of closes stayed inside the range | Range width 10.9% | Currently 39.2% through the range"
PATANJALI,Consumer Defensive,Packaged Foods,613.37,0.58,278.5,655.98,120.24,6.5,57.94,588.28,531.56,1694266.95,815415.0,0.48,Bullish,65.0,"Above 50 DMA, Above 200 DMA, Healthy RSI momentum, Near 52W high momentum, Positive day move",5.54,2.24,33.04,-5.63,-5.04,4.4,11.17,7.28,28.64,73.0,"Positive 1M return, Positive 3M return, Strong 6M absolute return, 1M Nifty outperformance, 6M Nifty outperformance, Positive across 1M/3M/6M",8.33,Profit Booking Zone,80.6,483.58,629.73,30.22,88.81,80.0% of closes stayed inside the range | Range width 30.2% | Currently 88.8% through the range,7.5,5.77,3.41,2.42,1.25,-13.68,10.28,2.57,1.32,537.43,1048.73,1746.25,1646.13,21.1645,19.163,2.9269,99.0,-0.175,38358.64,13.03,FMCG / Consumer,2.0,0.0,16.0,17.0,13.0,48.0,1.0,,Earnings contraction,3.0,51.0,"Low debt, typical of a healthy consumer business",36.25,3.0,Low volume participation,54.79,Neutral,"Above 50 DMA, Above 200 DMA, Healthy RSI momentum, Near 52W high momentum, Positive day move, Positive 1M return, Positive 3M return, Strong 6M absolute return, 1M Nifty outperformance, 6M Nifty outperformance, Positive across 1M/3M/6M, 80.0% of closes stayed inside the range | Range width 30.2% | Currently 88.8% through the range"
FEDERALBNK,Financial Services,Banks - Regional,198.37,1.66,102.82,207.8,92.92,4.54,52.45,191.44,173.02,13747367.8,13133102.0,0.96,Bullish,65.0,"Above 50 DMA, Above 200 DMA, Healthy RSI momentum, Near 52W high momentum, Positive day move",2.53,-1.11,22.94,-5.63,-5.04,4.4,8.16,3.93,18.54,43.0,"Positive 1M return, Positive 6M return, 1M Nifty outperformance, 6M Nifty outperformance",20.22,Profit Booking Zone,83.11,171.05,200.57,17.26,92.55,80.0% of closes stayed inside the range | Range width 17.3% | Currently 92.5% through the range,12.89,1.22,,31.99,18.01,22.62,74.1,,,31126.48,22308.62,6431.17,6103.25,19.1033,13.2216,2.1967,34.0,0.276,88118.6,0.0,Banking,10.0,16.0,7.0,17.0,15.0,65.0,0.79,Cash covers debt,,0.0,65.0,,32.12,0.0,,54.57,Neutral,"Above 50 DMA, Above 200 DMA, Healthy RSI momentum, Near 52W high momentum, Positive day move, Cash covers debt, Positive 1M return, Positive 6M return, 1M Nifty outperformance, 6M Nifty outperformance, 80.0% of closes stayed inside the range | Range width 17.3% | Currently 92.5% through the range"
EICHERMOT,Consumer Cyclical,Auto Manufacturers,4763.36,-0.16,2710.4,4987.43,75.74,4.49,53.59,4697.71,4406.62,635993.8,494329.0,0.78,Bullish,60.0,"Above 50 DMA, Above 200 DMA, Healthy RSI momentum, Near 52W high momentum",2.31,-0.16,5.02,-5.63,-5.04,4.4,7.94,4.88,0.62,28.0,"Positive 1M return, Positive 6M return, 1M Nifty outperformance",23.08,Profit Booking Zone,82.82,4517.94,4801.32,6.27,86.6,80.0% of closes stayed inside the range | Range width 6.3% | Currently 86.6% through the range,22.17,17.3,23.39,24.65,14.52,37.31,2.32,1.15,0.76,107.21,419.44,3723.71,2905.2,38.2557,29.6311,8.7966,1.03,0.226,220962.51,42.31,Automobile,22.0,15.0,11.0,17.0,6.0,71.0,1.0,Strong ROE,,4.0,75.0,"General quality ROE, General low-debt support",31.77,0.0,,53.02,Neutral,"Above 50 DMA, Above 200 DMA, Healthy RSI momentum, Near 52W high momentum, Strong ROE, Positive 1M return, Positive 6M return, 1M Nifty outperformance, 80.0% of closes stayed inside the range | Range width 6.3% | Currently 86.6% through the range"
GODFRYPHLP,Consumer Defensive,Tobacco,1943.2,-1.61,328.0,2738.95,492.43,29.05,36.77,2217.22,1451.69,188975.1,135033.0,0.71,Bearish,23.0,"Above 200 DMA, Weak but watchable RSI",-10.95,3.95,52.2,-5.63,-5.04,4.4,-5.32,8.99,47.8,45.0,"Positive 3M return, Strong 6M absolute return, 6M Nifty outperformance",22.92,Neutral Range,60.36,1245.88,2293.83,84.11,66.54,80.0% of closes stayed inside the range | Range width 84.1% | Currently 66.5% through the range,20.87,15.11,19.85,22.25,12.42,27.89,8.13,1.66,0.47,10.46,344.04,290.24,190.13,25.0856,19.6164,5.5211,2.25,0.33,34300.39,43.61,FMCG / Consumer,22.0,15.0,13.0,17.0,11.0,78.0,1.0,Strong ROE,,8.0,86.0,"Strong ROE for a consumer staples business, Low debt, typical of a healthy consumer business",36.25,0.0,,52.54,Neutral,"Above 200 DMA, Weak but watchable RSI, Strong ROE, Positive 3M return, Strong 6M absolute return, 6M Nifty outperformance, 80.0% of closes stayed inside the range | Range width 84.1% | Currently 66.5% through the range"
NH,Healthcare,Medical Care Facilities,1255.4,-1.2,668.13,1433.72,87.9,12.44,50.9,1255.67,1254.41,279938.55,231041.0,0.83,Bearish,45.0,"Above 200 DMA, Healthy RSI momentum, Near 52W high momentum",-1.23,6.84,-2.16,-5.63,-5.04,4.4,4.4,11.88,-6.56,25.0,"Positive 3M return, 3M Nifty outperformance",63.64,Profit Booking Zone,77.66,1181.96,1279.57,8.26,75.24,80.0% of closes stayed inside the range | Range width 8.3% | Currently 75.2% through the range,27.37,14.03,19.23,16.19,8.56,30.19,56.41,1.75,1.65,263.83,1626.69,1066.6,95.99,45.2285,26.3467,8.1974,24.0,,37193.68,39.83,Pharma / Healthcare,23.0,15.0,11.0,17.0,7.0,73.0,1.0,Strong ROE,,4.0,77.0,"General quality ROE, General low-debt support",49.08,0.0,,51.81,Neutral,"Above 200 DMA, Healthy RSI momentum, Near 52W high momentum, Strong ROE, Positive 3M return, 3M Nifty outperformance, 80.0% of closes stayed inside the range | Range width 8.3% | Currently 75.2% through the range"
AIIL,Financial Services,Capital Markets,319.6,1.69,146.31,379.66,118.44,15.82,42.02,339.27,,429586.75,321880.0,0.75,Bearish,13.0,"Weak but watchable RSI, Positive day move",-12.48,6.18,79.45,-5.63,-5.04,4.4,-6.85,11.22,75.05,60.0,"Positive 3M return, Strong 6M absolute return, 3M Nifty outperformance, 6M Nifty outperformance",12.92,Profit Booking Zone,61.11,201.7,354.5,75.76,77.16,80.0% of closes stayed inside the range | Range width 75.8% | Currently 77.2% through the range,41.42,36.87,271.34,191.34,419.29,-0.45,10.91,5.02,,199.78,1128.34,3290.58,3242.2,28.9713,,2.9231,4.0,-0.018,47115.03,97.86,Financial Services,25.0,10.0,14.0,17.0,10.0,76.0,0.93,Strong ROE,Earnings contraction,6.0,82.0,Strong ROE for a leveraged-balance-sheet business,32.12,0.0,,51.77,Neutral,"Weak but watchable RSI, Positive day move, Strong ROE, Positive 3M return, Strong 6M absolute return, 3M Nifty outperformance, 6M Nifty outperformance, 80.0% of closes stayed inside the range | Range width 75.8% | Currently 77.2% through the range"
LLOYDSME,Basic Materials,Steel,922.96,-0.01,490.69,1038.6,88.09,11.13,41.68,923.59,738.47,313194.55,209992.0,0.67,Bearish,23.0,"Above 200 DMA, Weak but watchable RSI",-7.37,23.62,30.1,-5.63,-5.04,4.4,-1.74,28.66,25.7,70.0,"Strong 3M absolute return, Strong 6M absolute return, 3M Nifty outperformance, 6M Nifty outperformance",9.65,Profit Booking Zone,68.44,709.49,990.7,39.64,75.91,80.0% of closes stayed inside the range | Range width 39.6% | Currently 75.9% through the range,44.22,31.57,25.98,19.18,93.87,530.75,5.75,1.14,0.91,2.3,161.61,1701.04,-19.65,22.1189,12.3348,7.6829,5.0,,106531.99,54.65,Metals / Mining,25.0,20.0,11.0,9.0,9.0,74.0,1.0,Strong ROE,Negative free cash flow,4.0,78.0,"General quality ROE, General low-debt support",33.45,4.0,Negative free cash flow,51.57,Neutral,"Above 200 DMA, Weak but watchable RSI, Strong ROE, Strong 3M absolute return, Strong 6M absolute return, 3M Nifty outperformance, 6M Nifty outperformance, 80.0% of closes stayed inside the range | Range width 39.6% | Currently 75.9% through the range"
KALYANKJIL,Consumer Cyclical,Luxury Goods,666.3,2.19,68.94,783.96,866.5,15.01,45.19,699.1,509.16,5785518.15,6958109.0,1.2,Bearish,42.0,"Above 200 DMA, RSI recovering, Normal volume support, Strong positive day move",-7.05,23.32,61.42,-5.63,-5.04,4.4,-1.42,28.36,57.02,70.0,"Strong 3M absolute return, Strong 6M absolute return, 3M Nifty outperformance, 6M Nifty outperformance",9.62,Profit Booking Zone,67.99,406.74,718.32,76.61,83.3,80.0% of closes stayed inside the range | Range width 76.6% | Currently 83.3% through the range,14.26,4.66,5.71,3.23,31.71,37.92,107.3,1.32,0.22,177.71,4494.95,1321.8,950.35,43.4913,31.2985,9.7562,25.0,-0.216,61624.25,12.7,Consumer Discretionary,4.0,20.0,4.0,17.0,7.0,52.0,1.0,,,0.0,52.0,,31.77,0.0,,50.97,Neutral,"Above 200 DMA, RSI recovering, Normal volume support, Strong positive day move, Strong 3M absolute return, Strong 6M absolute return, 3M Nifty outperformance, 6M Nifty outperformance, 80.0% of closes stayed inside the range | Range width 76.6% | Currently 83.3% through the range"
DIXON,Technology,Consumer Electronics,14804.86,0.24,2549.37,15962.1,480.73,7.25,50.94,14346.35,10615.34,802124.1,372272.0,0.46,Bullish,65.0,"Above 50 DMA, Above 200 DMA, Healthy RSI momentum, Near 52W high momentum, Positive day move",-3.71,16.89,65.77,-5.63,-5.04,4.4,1.92,21.93,61.37,60.0,"Positive 3M return, Strong 6M absolute return, 3M Nifty outperformance, 6M Nifty outperformance",35.29,Profit Booking Zone,80.01,10793.22,15056.15,39.5,94.11,80.0% of closes stayed inside the range | Range width 39.5% | Currently 94.1% through the range,21.7,5.26,3.08,2.09,44.69,43.92,28.85,1.02,0.66,198.0,488.98,584.31,-0.12,40.4977,49.0426,15.3722,6.0,-0.156,83906.61,6.87,IT / Technology,8.0,20.0,9.0,9.0,4.0,50.0,1.0,Strong ROE,Negative free cash flow,5.0,55.0,Strong ROE for an asset-light business,48.8,7.0,"Low volume participation, Negative free cash flow",50.82,Neutral,"Above 50 DMA, Above 200 DMA, Healthy RSI momentum, Near 52W high momentum, Positive day move, Strong ROE, Positive 3M return, Strong 6M absolute return, 3M Nifty outperformance, 6M Nifty outperformance, 80.0% of closes stayed inside the range | Range width 39.5% | Currently 94.1% through the range"
AJANTPHARM,Healthcare,Drug Manufacturers - Specialty & Generic,2830.97,1.02,1045.69,3384.33,170.73,16.35,42.08,3064.94,2499.49,104118.1,60434.0,0.58,Bearish,28.0,"Above 200 DMA, Weak but watchable RSI, Positive day move",-8.89,-1.47,22.43,-5.63,-5.04,4.4,-3.26,3.57,18.03,25.0,"Positive 6M return, 6M Nifty outperformance",63.64,Neutral Range,66.29,2218.96,3229.88,45.56,60.54,80.0% of closes stayed inside the range | Range width 45.6% | Currently 60.5% through the range,22.88,17.6,25.13,19.61,12.25,38.81,0.99,3.05,2.13,129.49,35.28,785.07,632.66,38.9849,30.3719,9.7708,1.82,0.216,44239.7,78.61,Pharma / Healthcare,23.0,15.0,20.0,17.0,6.0,81.0,1.0,"Strong ROE, Cash covers debt",,4.0,85.0,"General quality ROE, General low-debt support",49.08,0.0,,50.36,Neutral,"Above 200 DMA, Weak but watchable RSI, Positive day move, Strong ROE, Cash covers debt, Positive 6M return, 6M Nifty outperformance, 80.0% of closes stayed inside the range | Range width 45.6% | Currently 60.5% through the range"
COROMANDEL,Basic Materials,Agricultural Inputs,1700.74,0.3,814.36,1777.72,108.84,4.33,55.9,1642.92,1405.32,383594.3,362721.0,0.95,Bullish,65.0,"Above 50 DMA, Above 200 DMA, Healthy RSI momentum, Near 52W high momentum, Positive day move",6.17,-1.62,37.08,-5.63,-5.04,4.4,11.8,3.42,32.68,53.0,"Positive 1M return, Strong 6M absolute return, 1M Nifty outperformance, 6M Nifty outperformance",15.79,Profit Booking Zone,83.33,1472.86,1717.06,16.58,93.32,80.0% of closes stayed inside the range | Range width 16.6% | Currently 93.3% through the range,17.43,10.36,16.19,11.87,-8.39,-18.42,5.22,2.07,1.28,1126.65,492.12,1427.69,900.8,33.365,21.4553,4.8621,53.0,0.143,61057.99,23.99,General,14.0,0.0,19.0,17.0,11.0,61.0,1.0,Cash covers debt,"Revenue contraction, Earnings contraction",2.0,63.0,General low-debt support,33.45,7.0,Earnings contraction,49.57,Neutral,"Above 50 DMA, Above 200 DMA, Healthy RSI momentum, Near 52W high momentum, Positive day move, Cash covers debt, Positive 1M return, Strong 6M absolute return, 1M Nifty outperformance, 6M Nifty outperformance, 80.0% of closes stayed inside the range | Range width 16.6% | Currently 93.3% through the range"
UNITDSPR,Consumer Defensive,Beverages - Wineries & Distilleries,1440.29,1.97,709.87,1613.32,102.89,10.73,49.78,1480.93,1276.88,626508.95,934866.0,1.49,Bearish,42.0,"Above 200 DMA, RSI recovering, Volume expansion, Positive day move",-3.19,4.52,24.86,-5.63,-5.04,4.4,2.44,9.56,20.46,35.0,"Positive 3M return, Positive 6M return, 6M Nifty outperformance",37.5,Neutral Range,74.57,1237.72,1515.21,22.42,73.0,80.0% of closes stayed inside the range | Range width 22.4% | Currently 73.0% through the range,19.77,12.52,15.34,12.51,6.68,23.83,3.72,1.89,1.36,1052.0,265.0,1118.0,1020.0,64.3606,50.7888,12.1739,1.1,0.148,108993.5,46.86,FMCG / Consumer,19.0,10.0,18.0,17.0,4.0,68.0,1.0,"Strong ROE, Cash covers debt",,3.0,71.0,"Low debt, typical of a healthy consumer business",36.25,0.0,,49.54,Neutral,"Above 200 DMA, RSI recovering, Volume expansion, Positive day move, Strong ROE, Cash covers debt, Positive 3M return, Positive 6M return, 6M Nifty outperformance, 80.0% of closes stayed inside the range | Range width 22.4% | Currently 73.0% through the range"
PAGEIND,Consumer Cyclical,Apparel Manufacturing,43143.2,-2.82,31839.03,51744.07,35.5,16.62,48.99,42407.05,37836.88,27614.9,15803.0,0.57,Bullish,42.0,"Above 50 DMA, Above 200 DMA, RSI recovering",-2.7,8.35,25.94,-5.63,-5.04,4.4,2.93,13.39,21.54,50.0,"Positive 3M return, Positive 6M return, 3M Nifty outperformance, 6M Nifty outperformance",13.46,Profit Booking Zone,79.0,37331.31,43367.68,16.17,96.28,80.0% of closes stayed inside the range | Range width 16.2% | Currently 96.3% through the range,35.64,21.22,16.99,12.52,-2.81,-0.36,11.58,2.0,0.75,33.19,184.85,1080.47,984.38,55.968,41.7449,28.4266,1.56,0.052,42713.76,58.47,Consumer Discretionary,21.0,0.0,14.0,17.0,6.0,58.0,1.0,Strong ROE,"Revenue contraction, Earnings contraction",4.0,62.0,"General quality ROE, General low-debt support",31.77,0.0,,49.47,Neutral,"Above 50 DMA, Above 200 DMA, RSI recovering, Strong ROE, Positive 3M return, Positive 6M return, 3M Nifty outperformance, 6M Nifty outperformance, 80.0% of closes stayed inside the range | Range width 16.2% | Currently 96.3% through the range"
PAYTM,Technology,Software - Infrastructure,783.9,1.92,310.0,998.3,152.87,21.48,55.41,718.62,506.9,12083200.6,7590159.0,0.63,Bullish,55.0,"Above 50 DMA, Above 200 DMA, Healthy RSI momentum, Positive day move",8.1,36.84,129.04,-5.63,-5.04,4.4,13.73,41.88,124.64,98.0,"Positive 1M return, Strong 3M absolute return, Strong 6M absolute return, 1M Nifty outperformance, 3M Nifty outperformance, 6M Nifty outperformance, Positive across 1M/3M/6M",8.82,Profit Booking Zone,71.68,402.43,752.21,86.92,100.0,80.0% of closes stayed inside the range | Range width 86.9% | Currently 100.0% through the range,-10.63,-7.58,-16.5,-14.36,24.87,20.21,1.33,2.71,,4277.2,176.6,650.8,-170.9,160.3586,51.8355,6.4407,,-0.307,103222.43,36.98,IT / Technology,0.0,16.0,17.0,9.0,3.0,45.0,0.86,Cash covers debt,"Negative net margin, Negative free cash flow, Very high PE",0.0,45.0,,48.8,12.0,"Negative net margin, Negative free cash flow",49.32,Neutral,"Above 50 DMA, Above 200 DMA, Healthy RSI momentum, Positive day move, Cash covers debt, Positive 1M return, Strong 3M absolute return, Strong 6M absolute return, 1M Nifty outperformance, 3M Nifty outperformance, 6M Nifty outperformance, Positive across 1M/3M/6M, 80.0% of closes stayed inside the range | Range width 86.9% | Currently 100.0% through the range"
OBEROIRLTY,Real Estate,Real Estate - Development,1895.53,-3.48,774.64,2072.55,144.7,8.54,45.8,1887.53,1659.99,1220352.75,1363298.0,1.12,Bullish,47.0,"Above 50 DMA, Above 200 DMA, RSI recovering, Normal volume support",-0.94,9.0,10.15,-5.63,-5.04,4.4,4.69,14.04,5.75,35.0,"Positive 3M return, Positive 6M return, 3M Nifty outperformance",25.0,Neutral Range,76.79,1704.91,1964.1,15.2,73.54,80.0% of closes stayed inside the range | Range width 15.2% | Currently 73.5% through the range,13.92,9.81,53.18,43.01,7.32,1.16,18.02,3.89,1.06,296.96,2495.22,2816.41,2139.39,24.9018,16.8684,3.6517,45.0,0.324,65444.77,62.61,Cement / Realty,20.0,2.0,16.0,17.0,11.0,66.0,1.0,,,2.0,68.0,General low-debt support,30.06,0.0,,48.81,Neutral,"Above 50 DMA, Above 200 DMA, RSI recovering, Normal volume support, Positive 3M return, Positive 6M return, 3M Nifty outperformance, 80.0% of closes stayed inside the range | Range width 15.2% | Currently 73.5% through the range"
PIIND,Basic Materials,Agricultural Inputs,4152.16,-1.72,2827.12,4758.45,46.87,12.74,34.14,4506.27,3959.37,265484.35,595995.0,2.24,Bearish,38.0,"Above 200 DMA, Weak but watchable RSI, Strong volume expansion",-8.09,-3.13,17.44,-5.63,-5.04,4.4,-2.46,1.91,13.04,10.0,Positive 6M return,51.75,Neutral Range,70.14,3607.94,4608.98,27.75,54.37,80.0% of closes stayed inside the range | Range width 27.7% | Currently 54.4% through the range,19.26,15.62,22.87,22.09,17.86,36.76,2.18,3.9,3.14,886.5,190.6,2035.9,1415.5,35.5884,23.3804,3.3541,55.0,,37668.63,57.49,General,22.0,18.0,20.0,17.0,9.0,86.0,1.0,"Strong ROE, Cash covers debt",,4.0,90.0,"General quality ROE, General low-debt support",33.45,0.0,,48.52,Neutral,"Above 200 DMA, Weak but watchable RSI, Strong volume expansion, Strong ROE, Cash covers debt, Positive 6M return, 80.0% of closes stayed inside the range | Range width 27.7% | Currently 54.4% through the range"
MAZDOCK,Industrials,Aerospace & Defense,1974.25,1.31,144.32,2883.4,1267.99,31.53,43.47,2075.15,1721.5,4313646.0,2147682.0,0.5,Bearish,28.0,"Above 200 DMA, Weak but watchable RSI, Positive day move",-11.61,-6.68,45.55,-5.63,-5.04,4.4,-5.98,-1.64,41.15,35.0,"Strong 6M absolute return, 6M Nifty outperformance",16.47,Lower Range Watch,65.75,1666.39,2584.07,55.07,33.55,80.0% of closes stayed inside the range | Range width 55.1% | Currently 33.5% through the range,31.02,6.58,14.76,21.36,19.57,73.09,0.27,1.14,0.89,5218.48,16.55,683.75,673.74,38.4627,32.1624,10.5529,82.0,0.624,102942.58,32.58,Capital Goods / Infra,19.0,18.0,14.0,17.0,7.0,75.0,1.0,"Strong ROE, Cash covers debt",,5.0,80.0,Strong order-book-driven revenue growth,31.27,0.0,,48.44,Neutral,"Above 200 DMA, Weak but watchable RSI, Positive day move, Strong ROE, Cash covers debt, Strong 6M absolute return, 6M Nifty outperformance, 80.0% of closes stayed inside the range | Range width 55.1% | Currently 33.5% through the range"
LTM,Technology,Information Technology Services,5690.24,-2.55,3901.62,6383.24,45.84,10.86,43.46,5962.5,5279.75,222365.2,276072.0,1.24,Bearish,28.0,"Above 200 DMA, Weak but watchable RSI, Normal volume support",-2.18,2.69,24.12,-5.63,-5.04,4.4,3.45,7.73,19.72,35.0,"Positive 3M return, Positive 6M return, 6M Nifty outperformance",52.94,Neutral Range,69.4,4837.29,6181.33,27.79,63.46,80.0% of closes stayed inside the range | Range width 27.8% | Currently 63.5% through the range,22.89,16.62,15.68,12.9,7.03,3.94,10.34,3.28,3.28,1806.3,2070.6,5669.5,4826.3,27.0482,20.7158,5.7545,1.55,0.261,141177.8,29.77,IT / Technology,19.0,4.0,17.0,17.0,10.0,67.0,1.0,Strong ROE,,5.0,72.0,Strong ROE for an asset-light business,48.8,0.0,,48.27,Neutral,"Above 200 DMA, Weak but watchable RSI, Normal volume support, Strong ROE, Positive 3M return, Positive 6M return, 6M Nifty outperformance, 80.0% of closes stayed inside the range | Range width 27.8% | Currently 63.5% through the range"
POLICYBZR,Financial Services,Insurance Brokers,1719.85,-0.27,356.2,1966.5,382.83,12.54,53.88,1713.98,1396.16,997928.5,1402978.0,1.41,Bullish,70.0,"Above 50 DMA, Above 200 DMA, Healthy RSI momentum, Near 52W high momentum, Volume expansion",2.15,3.54,29.68,-5.63,-5.04,4.4,7.78,8.58,25.28,63.0,"Positive 1M return, Positive 3M return, Positive 6M return, 1M Nifty outperformance, 6M Nifty outperformance, Positive across 1M/3M/6M",11.24,Profit Booking Zone,80.85,1310.34,1772.82,35.29,88.55,80.0% of closes stayed inside the range | Range width 35.3% | Currently 88.5% through the range,1.14,1.0,-7.99,1.95,34.4,113.75,4.31,7.97,,324.86,253.33,8.65,-54.7,107.8784,51.9191,10.9914,,0.375,80349.11,64.25,Financial Services,0.0,20.0,17.0,9.0,3.0,49.0,0.86,Cash covers debt,"Negative free cash flow, Very high PE",-9.0,40.0,"Weak ROE for a leveraged-balance-sheet business, Expensive relative to book value for this sector",32.12,4.0,Negative free cash flow,48.07,Neutral,"Above 50 DMA, Above 200 DMA, Healthy RSI momentum, Near 52W high momentum, Volume expansion, Cash covers debt, Positive 1M return, Positive 3M return, Positive 6M return, 1M Nifty outperformance, 6M Nifty outperformance, Positive across 1M/3M/6M, 80.0% of closes stayed inside the range | Range width 35.3% | Currently 88.5% through the range"
INFY,Technology,Information Technology Services,1722.12,-2.85,1064.05,1871.93,61.85,8.0,44.64,1775.4,1574.1,4896016.5,4839244.0,0.99,Bearish,23.0,"Above 200 DMA, Weak but watchable RSI",-2.53,-2.14,29.39,-5.63,-5.04,4.4,3.1,2.9,24.99,25.0,"Positive 6M return, 6M Nifty outperformance",64.71,Profit Booking Zone,69.93,1408.05,1822.92,29.46,75.7,80.0% of closes stayed inside the range | Range width 29.5% | Currently 75.7% through the range,29.99,19.17,20.74,17.06,1.92,6.24,9.49,2.31,,177.3,100.2,314.8,288.2,15.4324,14.7125,5.1946,4.2,0.107,476334.99,29.68,IT / Technology,23.0,2.0,17.0,17.0,13.0,72.0,0.93,"Strong ROE, Cash covers debt",,10.0,82.0,"Strong ROE for an asset-light business, Strong operating margin",48.8,0.0,,48.02,Neutral,"Above 200 DMA, Weak but watchable RSI, Strong ROE, Cash covers debt, Positive 6M return, 6M Nifty outperformance, 80.0% of closes stayed inside the range | Range width 29.5% | Currently 75.7% through the range"
HSCL,Basic Materials,Specialty Chemicals,497.05,0.12,79.72,686.9,523.49,27.64,28.83,595.85,435.7,1207640.2,1573000.0,1.3,Bearish,34.0,"Above 200 DMA, Oversold RSI, Volume expansion, Positive day move",-19.61,3.0,43.01,-5.63,-5.04,4.4,-13.98,8.04,38.61,45.0,"Positive 3M return, Strong 6M absolute return, 6M Nifty outperformance",19.3,Neutral Range,61.39,360.85,639.66,77.26,48.85,80.0% of closes stayed inside the range | Range width 77.3% | Currently 48.8% through the range,13.49,9.23,13.99,9.82,0.31,90.19,19.86,1.92,1.33,214.88,604.96,404.76,352.01,47.3835,37.0097,8.1727,11.0,0.264,38468.74,36.82,Chemicals,14.0,10.0,15.0,17.0,7.0,63.0,1.0,,,2.0,65.0,General low-debt support,33.45,0.0,,47.52,Neutral,"Above 200 DMA, Oversold RSI, Volume expansion, Positive day move, Positive 3M return, Strong 6M absolute return, 6M Nifty outperformance, 80.0% of closes stayed inside the range | Range width 77.3% | Currently 48.8% through the range"
LUPIN,Healthcare,Drug Manufacturers - Specialty & Generic,2008.6,0.99,609.38,2281.17,229.61,11.95,35.97,2150.82,1804.23,1102040.6,1117238.0,1.01,Bearish,33.0,"Above 200 DMA, Weak but watchable RSI, Normal volume support, Positive day move",-6.6,-2.84,23.79,-5.63,-5.04,4.4,-0.97,2.2,19.39,25.0,"Positive 6M return, 6M Nifty outperformance",63.64,Neutral Range,69.43,1571.48,2203.71,40.23,69.14,80.0% of closes stayed inside the range | Range width 40.2% | Currently 69.1% through the range,13.4,7.98,14.23,9.74,20.81,345.15,20.45,1.58,1.0,983.28,2921.77,3648.36,2719.46,18.8684,22.3319,4.6455,79.0,0.182,104295.27,72.36,Pharma / Healthcare,12.0,18.0,13.0,17.0,10.0,70.0,1.0,,,2.0,72.0,General low-debt support,49.08,0.0,,47.06,Neutral,"Above 200 DMA, Weak but watchable RSI, Normal volume support, Positive day move, Positive 6M return, 6M Nifty outperformance, 80.0% of closes stayed inside the range | Range width 40.2% | Currently 69.1% through the range"
HDFCBANK,Financial Services,Banks - Regional,827.49,0.73,646.11,870.64,28.07,4.96,47.26,828.27,763.85,29021328.4,27081968.0,0.93,Bearish,32.0,"Above 200 DMA, RSI recovering, Positive day move",1.38,4.12,16.46,-5.63,-5.04,4.4,7.01,9.16,12.06,48.0,"Positive 1M return, Positive 3M return, Positive 6M return, 1M Nifty outperformance, Positive across 1M/3M/6M",16.85,Neutral Range,74.55,766.83,847.76,10.55,74.96,80.0% of closes stayed inside the range | Range width 10.6% | Currently 75.0% through the range,8.96,1.41,,38.8,33.15,25.68,116.5,,,342597.33,809355.21,102232.24,96848.44,15.924,11.6454,1.8511,1.78,0.414,1123335.9,0.0,Banking,8.0,20.0,2.0,17.0,14.0,61.0,0.79,,,0.0,61.0,,32.12,0.0,,46.17,Neutral,"Above 200 DMA, RSI recovering, Positive day move, Positive 1M return, Positive 3M return, Positive 6M return, 1M Nifty outperformance, Positive across 1M/3M/6M, 80.0% of closes stayed inside the range | Range width 10.6% | Currently 75.0% through the range"
TRENT,Consumer Cyclical,Apparel Retail,6288.72,-2.5,1150.98,8327.88,446.38,24.49,27.38,7339.91,5435.05,1025199.2,828906.0,0.81,Bearish,19.0,"Above 200 DMA, Oversold RSI",-18.88,-7.25,36.03,-5.63,-5.04,4.4,-13.25,-2.21,31.63,35.0,"Strong 6M absolute return, 6M Nifty outperformance",18.27,Neutral Range,62.05,5017.31,7605.92,51.59,49.12,80.0% of closes stayed inside the range | Range width 51.6% | Currently 49.1% through the range,36.55,20.76,10.52,12.18,50.45,234.39,43.09,2.02,0.99,294.55,1752.99,1348.98,612.03,88.5037,58.9539,22.8036,13.0,0.384,159276.48,43.01,Consumer Discretionary,21.0,20.0,12.0,17.0,5.0,75.0,1.0,Strong ROE,Very high PE,4.0,79.0,"General quality ROE, General low-debt support",31.77,0.0,,45.92,Neutral,"Above 200 DMA, Oversold RSI, Strong ROE, Strong 6M absolute return, 6M Nifty outperformance, 80.0% of closes stayed inside the range | Range width 51.6% | Currently 49.1% through the range"
NAUKRI,Communication Services,Internet Content & Information,1501.19,-2.3,650.59,1675.71,130.74,10.41,45.06,1560.16,1302.09,1213408.75,1434895.0,1.18,Bearish,32.0,"Above 200 DMA, RSI recovering, Normal volume support",-6.17,2.46,22.18,-5.63,-5.04,4.4,-0.54,7.5,17.78,35.0,"Positive 3M return, Positive 6M return, 6M Nifty outperformance",20.0,Neutral Range,71.23,1232.28,1603.69,30.14,72.4,80.0% of closes stayed inside the range | Range width 30.1% | Currently 72.4% through the range,1.9,1.59,29.2,22.68,8.13,635.53,0.81,2.9,,331.9,246.39,702.3,672.6,54.3867,57.9013,2.2877,1.06,0.288,86732.07,56.39,Telecom,12.0,15.0,17.0,17.0,7.0,68.0,0.93,Cash covers debt,,2.0,70.0,General low-debt support,27.5,0.0,,45.38,Neutral,"Above 200 DMA, RSI recovering, Normal volume support, Cash covers debt, Positive 3M return, Positive 6M return, 6M Nifty outperformance, 80.0% of closes stayed inside the range | Range width 30.1% | Currently 72.4% through the range"
MOTILALOFS,Financial Services,Capital Markets,874.22,-1.42,299.28,1267.92,192.1,31.05,47.56,833.86,612.18,2923588.25,1585350.0,0.54,Bullish,42.0,"Above 50 DMA, Above 200 DMA, RSI recovering",-13.75,31.1,50.54,-5.63,-5.04,4.4,-8.12,36.14,46.14,70.0,"Strong 3M absolute return, Strong 6M absolute return, 3M Nifty outperformance, 6M Nifty outperformance",8.99,Profit Booking Zone,69.58,542.96,922.78,69.95,87.21,80.0% of closes stayed inside the range | Range width 70.0% | Currently 87.2% through the range,27.96,7.67,39.96,47.18,35.49,162.0,157.42,1.11,,5285.67,13745.61,-349.64,-500.41,27.5451,15.2672,4.2076,1.24,0.334,54253.42,62.9,Financial Services,22.0,20.0,2.0,0.0,10.0,54.0,0.93,Strong ROE,"Negative operating cash flow, Negative free cash flow",6.0,60.0,Strong ROE for a leveraged-balance-sheet business,32.12,9.0,"Negative operating cash flow, Negative free cash flow",44.82,Weak,"Above 50 DMA, Above 200 DMA, RSI recovering, Strong ROE, Strong 3M absolute return, Strong 6M absolute return, 3M Nifty outperformance, 6M Nifty outperformance, 80.0% of closes stayed inside the range | Range width 70.0% | Currently 87.2% through the range"
TECHM,Technology,Information Technology Services,1573.22,-1.58,859.95,1654.08,82.94,4.89,50.01,1552.54,1340.77,2095887.75,1617013.0,0.77,Bullish,60.0,"Above 50 DMA, Above 200 DMA, Healthy RSI momentum, Near 52W high momentum",-0.72,2.89,30.75,-5.63,-5.04,4.4,4.91,7.93,26.35,45.0,"Positive 3M return, Strong 6M absolute return, 6M Nifty outperformance",44.12,Profit Booking Zone,80.98,1264.13,1592.69,25.99,94.07,80.0% of closes stayed inside the range | Range width 26.0% | Currently 94.1% through the range,8.84,5.43,6.58,4.53,-2.43,-51.2,9.51,1.86,1.85,4347.1,2536.7,6376.4,5585.3,28.4091,18.707,4.8593,3.1,0.162,143950.49,35.76,IT / Technology,4.0,0.0,19.0,17.0,11.0,51.0,1.0,Cash covers debt,"Revenue contraction, Earnings contraction",0.0,51.0,,48.8,7.0,Earnings contraction,44.42,Weak,"Above 50 DMA, Above 200 DMA, Healthy RSI momentum, Near 52W high momentum, Cash covers debt, Positive 3M return, Strong 6M absolute return, 6M Nifty outperformance, 80.0% of closes stayed inside the range | Range width 26.0% | Currently 94.1% through the range"
UNOMINDA,Consumer Cyclical,Auto Parts,993.59,0.3,431.26,1249.33,130.39,20.47,53.06,1009.78,892.31,1087478.15,694166.0,0.64,Bearish,40.0,"Above 200 DMA, Healthy RSI momentum, Positive day move",4.49,-13.89,33.36,-5.63,-5.04,4.4,10.12,-8.85,28.96,53.0,"Positive 1M return, Strong 6M absolute return, 1M Nifty outperformance, 6M Nifty outperformance",11.54,Accumulation Zone,73.82,932.19,1145.68,22.9,28.76,80.0% of closes stayed inside the range | Range width 22.9% | Currently 28.8% through the range,17.68,8.84,7.63,6.29,25.49,33.95,34.45,1.23,0.78,240.63,1706.33,979.34,-70.0,59.307,38.9381,10.4196,21.0,0.289,71167.06,34.04,Automobile,11.0,20.0,9.0,9.0,7.0,56.0,1.0,,Negative free cash flow,2.0,58.0,General low-debt support,31.77,4.0,Negative free cash flow,44.32,Weak,"Above 200 DMA, Healthy RSI momentum, Positive day move, Positive 1M return, Strong 6M absolute return, 1M Nifty outperformance, 6M Nifty outperformance, 80.0% of closes stayed inside the range | Range width 22.9% | Currently 28.8% through the range"
ALKEM,Healthcare,Drug Manufacturers - Specialty & Generic,5409.56,-0.18,2739.33,6316.6,97.48,14.36,34.92,5917.23,5289.62,229348.65,266630.0,1.16,Bearish,28.0,"Above 200 DMA, Weak but watchable RSI, Normal volume support",-10.07,-3.8,1.51,-5.63,-5.04,4.4,-4.44,1.24,-2.89,10.0,Positive 6M return,84.09,Lower Range Watch,68.82,4880.92,6109.81,25.18,43.02,80.0% of closes stayed inside the range | Range width 25.2% | Currently 43.0% through the range,17.41,11.53,15.96,14.44,8.73,82.47,13.75,2.61,1.94,455.07,1418.41,1948.07,1688.78,28.4883,24.2259,4.741,36.0,0.295,65521.62,64.12,Pharma / Healthcare,16.0,15.0,17.0,17.0,11.0,76.0,1.0,,,2.0,78.0,General low-debt support,49.08,0.0,,44.16,Weak,"Above 200 DMA, Weak but watchable RSI, Normal volume support, Positive 6M return, 80.0% of closes stayed inside the range | Range width 25.2% | Currently 43.0% through the range"
CGPOWER,Industrials,Electrical Equipment & Parts,699.86,1.11,209.52,871.04,234.03,19.65,41.67,742.78,631.97,3099563.9,1565505.0,0.51,Bearish,28.0,"Above 200 DMA, Weak but watchable RSI, Positive day move",-14.19,-4.45,7.37,-5.63,-5.04,4.4,-8.56,0.59,2.97,10.0,Positive 6M return,36.47,Lower Range Watch,71.51,663.21,770.88,16.23,34.04,80.0% of closes stayed inside the range | Range width 16.2% | Currently 34.0% through the range,47.29,25.37,13.16,17.94,15.39,48.23,0.58,1.64,1.35,199.84,17.56,1027.79,793.52,111.9798,63.7634,17.5463,15.0,0.42,139899.97,30.72,Capital Goods / Infra,21.0,18.0,18.0,17.0,5.0,79.0,1.0,"Strong ROE, Cash covers debt",Very high PE,5.0,84.0,Strong order-book-driven revenue growth,31.27,0.0,,43.59,Weak,"Above 200 DMA, Weak but watchable RSI, Positive day move, Strong ROE, Cash covers debt, Positive 6M return, 80.0% of closes stayed inside the range | Range width 16.2% | Currently 34.0% through the range"
NAM-INDIA,Financial Services,Asset Management,655.04,-0.37,177.32,720.35,269.41,9.07,47.42,652.73,577.79,1044151.65,469603.0,0.45,Bullish,42.0,"Above 50 DMA, Above 200 DMA, RSI recovering",-2.6,-2.69,17.41,-5.63,-5.04,4.4,3.03,2.35,13.01,10.0,Positive 6M return,48.31,Profit Booking Zone,76.13,585.53,676.39,15.52,76.5,80.0% of closes stayed inside the range | Range width 15.5% | Currently 76.5% through the range,27.81,25.31,58.68,67.39,21.74,53.09,1.97,20.36,,24.23,78.59,777.48,765.61,46.7312,35.4773,16.1928,1.84,0.634,75633.87,83.17,Financial Services,25.0,18.0,14.0,17.0,6.0,80.0,0.93,Strong ROE,,2.0,82.0,"Strong ROE for a leveraged-balance-sheet business, Expensive relative to book value for this sector",32.12,3.0,Low volume participation,43.52,Weak,"Above 50 DMA, Above 200 DMA, RSI recovering, Strong ROE, Positive 6M return, 80.0% of closes stayed inside the range | Range width 15.5% | Currently 76.5% through the range"
JSWENERGY,Utilities,Utilities - Independent Power Producers,707.59,-2.62,200.89,799.01,252.23,11.44,52.12,711.42,634.47,2723295.3,2123986.0,0.78,Bearish,45.0,"Above 200 DMA, Healthy RSI momentum, Near 52W high momentum",5.31,0.41,20.42,-5.63,-5.04,4.4,10.94,5.45,16.02,63.0,"Positive 1M return, Positive 3M return, Positive 6M return, 1M Nifty outperformance, 6M Nifty outperformance, Positive across 1M/3M/6M",5.88,Neutral Range,75.06,645.07,741.78,14.99,64.64,80.0% of closes stayed inside the range | Range width 15.0% | Currently 64.6% through the range,8.27,2.96,33.5,15.29,13.67,16.58,151.56,1.19,1.08,3091.74,31573.39,6233.63,-1799.14,43.9269,32.8867,3.191,36.0,0.133,102383.84,66.89,Energy / Utilities,13.0,13.0,4.0,9.0,9.0,48.0,1.0,,Negative free cash flow,0.0,48.0,,24.58,4.0,Negative free cash flow,43.49,Weak,"Above 200 DMA, Healthy RSI momentum, Near 52W high momentum, Positive 1M return, Positive 3M return, Positive 6M return, 1M Nifty outperformance, 6M Nifty outperformance, Positive across 1M/3M/6M, 80.0% of closes stayed inside the range | Range width 15.0% | Currently 64.6% through the range"
POLYCAB,Industrials,Electrical Equipment & Parts,6378.52,2.27,2262.97,7526.97,181.86,15.26,41.55,6734.58,6050.8,344939.05,455631.0,1.32,Bearish,43.0,"Above 200 DMA, Weak but watchable RSI, Volume expansion, Strong positive day move",-9.49,-5.03,-0.26,-5.63,-5.04,4.4,-3.86,0.01,-4.66,0.0,,74.12,Accumulation Zone,79.84,6347.94,7077.48,11.49,4.19,80.0% of closes stayed inside the range | Range width 11.5% | Currently 4.2% through the range,21.79,14.77,12.73,10.05,27.39,40.39,24.71,2.42,1.4,307.03,2023.06,1296.24,437.72,48.941,36.4857,11.5631,52.0,0.636,139924.9,24.48,Capital Goods / Infra,17.0,20.0,14.0,17.0,7.0,75.0,1.0,Strong ROE,,5.0,80.0,Strong order-book-driven revenue growth,31.27,0.0,,43.44,Weak,"Above 200 DMA, Weak but watchable RSI, Volume expansion, Strong positive day move, Strong ROE, 80.0% of closes stayed inside the range | Range width 11.5% | Currently 4.2% through the range"
VOLTAS,Consumer Cyclical,"Furnishings, Fixtures & Appliances",1681.25,-0.74,724.31,1928.05,132.12,12.8,42.52,1787.04,1448.08,1698411.0,1849251.0,1.09,Bearish,28.0,"Above 200 DMA, Weak but watchable RSI, Normal volume support",-9.08,2.22,32.12,-5.63,-5.04,4.4,-3.45,7.26,27.72,45.0,"Positive 3M return, Strong 6M absolute return, 6M Nifty outperformance",15.38,Neutral Range,68.86,1433.54,1842.22,28.51,60.61,80.0% of closes stayed inside the range | Range width 28.5% | Currently 60.6% through the range,4.33,2.09,3.44,2.03,32.0,86.65,12.78,1.34,0.97,815.3,743.63,761.51,468.46,113.2572,38.3226,6.6943,31.0,0.138,42684.13,22.23,Consumer Discretionary,0.0,20.0,14.0,17.0,5.0,56.0,1.0,Cash covers debt,Very high PE,2.0,58.0,General low-debt support,31.77,0.0,,43.32,Weak,"Above 200 DMA, Weak but watchable RSI, Normal volume support, Cash covers debt, Positive 3M return, Strong 6M absolute return, 6M Nifty outperformance, 80.0% of closes stayed inside the range | Range width 28.5% | Currently 60.6% through the range"
SONACOMS,Consumer Cyclical,Auto Parts,659.34,-0.13,388.88,758.97,69.55,13.13,42.96,688.15,657.96,2891187.7,943201.0,0.33,Bearish,23.0,"Above 200 DMA, Weak but watchable RSI",4.78,-4.55,9.23,-5.63,-5.04,4.4,10.41,0.49,4.83,28.0,"Positive 1M return, Positive 6M return, 1M Nifty outperformance",23.08,Lower Range Watch,71.35,632.83,719.42,13.68,30.61,80.0% of closes stayed inside the range | Range width 13.7% | Currently 30.6% through the range,19.52,13.38,22.15,16.78,20.02,30.86,15.55,2.12,1.6,90.97,412.13,692.75,373.22,71.4476,47.8131,8.3617,45.0,0.449,50164.83,49.92,Automobile,21.0,18.0,17.0,17.0,5.0,78.0,1.0,Strong ROE,,4.0,82.0,"General quality ROE, General low-debt support",31.77,3.0,Low volume participation,43.22,Weak,"Above 200 DMA, Weak but watchable RSI, Strong ROE, Positive 1M return, Positive 6M return, 1M Nifty outperformance, 80.0% of closes stayed inside the range | Range width 13.7% | Currently 30.6% through the range"
RADICO,Consumer Defensive,Beverages - Wineries & Distilleries,2215.12,-1.15,920.13,2514.77,140.74,11.92,45.78,2177.18,1813.63,393043.5,137735.0,0.35,Bullish,42.0,"Above 50 DMA, Above 200 DMA, RSI recovering",-0.84,29.81,28.68,-5.63,-5.04,4.4,4.79,34.85,24.28,60.0,"Strong 3M absolute return, Positive 6M return, 3M Nifty outperformance, 6M Nifty outperformance",12.5,Profit Booking Zone,75.37,1659.7,2262.31,36.31,92.17,80.0% of closes stayed inside the range | Range width 36.3% | Currently 92.2% through the range,10.75,6.4,9.63,6.4,32.01,18.98,42.25,1.7,1.06,86.25,1030.62,166.07,-73.15,86.2115,56.8584,18.3055,15.0,0.244,60734.22,43.35,FMCG / Consumer,7.0,18.0,13.0,9.0,5.0,52.0,1.0,,"Negative free cash flow, Very high PE",3.0,55.0,"Low debt, typical of a healthy consumer business",36.25,7.0,"Low volume participation, Negative free cash flow",43.19,Weak,"Above 50 DMA, Above 200 DMA, RSI recovering, Strong 3M absolute return, Positive 6M return, 3M Nifty outperformance, 6M Nifty outperformance, 80.0% of closes stayed inside the range | Range width 36.3% | Currently 92.2% through the range"
JSWINFRA,Industrials,Marine Shipping,295.25,2.17,141.18,358.36,109.13,17.61,42.6,317.25,286.33,2736160.05,1385760.0,0.51,Bearish,33.0,"Above 200 DMA, Weak but watchable RSI, Strong positive day move",-7.18,-5.05,9.47,-5.63,-5.04,4.4,-1.55,-0.01,5.07,10.0,Positive 6M return,36.47,Accumulation Zone,75.15,287.59,341.78,18.84,14.14,80.0% of closes stayed inside the range | Range width 18.8% | Currently 14.1% through the range,14.4,8.36,41.12,30.72,19.26,56.24,59.29,7.4,7.25,723.39,4758.48,1803.21,1554.5,48.9548,30.9322,6.6442,26.0,0.554,80243.51,52.82,Capital Goods / Infra,20.0,18.0,12.0,17.0,7.0,74.0,1.0,,,5.0,79.0,Strong order-book-driven revenue growth,31.27,0.0,,43.09,Weak,"Above 200 DMA, Weak but watchable RSI, Strong positive day move, Positive 6M return, 80.0% of closes stayed inside the range | Range width 18.8% | Currently 14.1% through the range"
SBIN,Financial Services,Banks - Regional,784.14,1.25,463.91,878.22,69.03,10.71,48.57,774.0,763.14,14146790.0,9322451.0,0.66,Bullish,47.0,"Above 50 DMA, Above 200 DMA, RSI recovering, Positive day move",-0.74,-0.73,1.24,-5.63,-5.04,4.4,4.89,4.31,-3.16,10.0,Positive 6M return,48.31,Lower Range Watch,76.2,758.4,829.51,9.38,36.19,80.0% of closes stayed inside the range | Range width 9.4% | Currently 36.2% through the range,16.17,1.0,,20.73,19.71,20.55,134.12,,,597567.78,556503.24,21632.43,17457.3,11.5734,10.297,1.6754,1.63,0.385,998752.81,0.0,Banking,10.0,16.0,5.0,17.0,14.0,62.0,0.79,Cash covers debt,,6.0,68.0,Strong ROE for a leveraged-balance-sheet business,32.12,0.0,,42.87,Weak,"Above 50 DMA, Above 200 DMA, RSI recovering, Positive day move, Cash covers debt, Positive 6M return, 80.0% of closes stayed inside the range | Range width 9.4% | Currently 36.2% through the range"
SUNPHARMA,Healthcare,Drug Manufacturers - Specialty & Generic,1715.91,-1.16,824.65,1924.63,108.08,10.84,32.8,1827.84,1614.84,1869936.35,1533025.0,0.82,Bearish,23.0,"Above 200 DMA, Weak but watchable RSI",-8.51,-1.05,14.49,-5.63,-5.04,4.4,-2.88,3.99,10.09,10.0,Positive 6M return,84.09,Neutral Range,68.33,1471.51,1864.25,26.69,62.23,80.0% of closes stayed inside the range | Range width 26.7% | Currently 62.2% through the range,15.04,11.2,21.92,20.05,10.35,13.01,5.14,2.56,1.98,9285.65,3273.67,12134.98,9933.17,38.5027,30.1242,5.5813,82.0,0.124,466430.72,78.92,Pharma / Healthcare,19.0,10.0,20.0,17.0,9.0,75.0,1.0,Cash covers debt,,2.0,77.0,General low-debt support,49.08,0.0,,42.56,Weak,"Above 200 DMA, Weak but watchable RSI, Cash covers debt, Positive 6M return, 80.0% of closes stayed inside the range | Range width 26.7% | Currently 62.2% through the range"
PIDILITIND,Basic Materials,Specialty Chemicals,1499.36,-0.08,1107.06,1695.86,35.44,11.59,38.23,1582.97,1498.16,544566.6,584454.0,1.07,Bearish,28.0,"Above 200 DMA, Weak but watchable RSI, Normal volume support",-5.17,-1.54,1.59,-5.63,-5.04,4.4,0.46,3.5,-2.81,10.0,Positive 6M return,51.75,Accumulation Zone,77.99,1515.27,1621.6,7.02,0.0,80.0% of closes stayed inside the range | Range width 7.0% | Currently 0.0% through the range,20.57,14.29,19.48,14.02,4.98,35.82,4.55,2.09,1.58,515.14,382.47,2724.03,2165.32,64.9428,53.7455,15.9869,68.0,0.397,173177.03,54.79,Chemicals,21.0,12.0,20.0,17.0,5.0,75.0,1.0,"Strong ROE, Cash covers debt",,4.0,79.0,"General quality ROE, General low-debt support",33.45,0.0,,42.17,Weak,"Above 200 DMA, Weak but watchable RSI, Normal volume support, Strong ROE, Cash covers debt, Positive 6M return, 80.0% of closes stayed inside the range | Range width 7.0% | Currently 0.0% through the range"
ICICIBANK,Financial Services,Banks - Regional,1233.45,-0.28,770.28,1340.62,60.13,7.99,45.28,1248.66,1139.81,13284504.6,6195554.0,0.47,Bearish,27.0,"Above 200 DMA, RSI recovering",-0.87,6.27,11.83,-5.63,-5.04,4.4,4.76,11.31,7.43,35.0,"Positive 3M return, Positive 6M return, 3M Nifty outperformance",24.72,Profit Booking Zone,73.19,1096.34,1271.41,15.97,78.32,80.0% of closes stayed inside the range | Range width 16.0% | Currently 78.3% through the range,17.28,1.87,,27.45,18.9,30.03,78.47,,,190129.59,200998.71,157284.48,153605.93,18.4855,15.2309,2.6994,84.0,0.261,1026998.09,0.0,Banking,10.0,18.0,4.0,17.0,15.0,64.0,0.79,,,6.0,70.0,Strong ROE for a leveraged-balance-sheet business,32.12,3.0,Low volume participation,41.82,Weak,"Above 200 DMA, RSI recovering, Positive 3M return, Positive 6M return, 3M Nifty outperformance, 80.0% of closes stayed inside the range | Range width 16.0% | Currently 78.3% through the range"
HDFCAMC,Financial Services,Asset Management,2008.72,-2.25,732.04,2336.1,174.4,14.01,38.21,2118.3,1922.62,943327.3,1369562.0,1.45,Bearish,33.0,"Above 200 DMA, Weak but watchable RSI, Volume expansion",-11.2,-2.71,12.47,-5.63,-5.04,4.4,-5.57,2.33,8.07,10.0,Positive 6M return,48.31,Lower Range Watch,71.18,1885.17,2160.56,14.61,44.86,80.0% of closes stayed inside the range | Range width 14.6% | Currently 44.9% through the range,27.46,25.72,73.72,75.17,19.27,36.49,,6.88,,10.33,,1614.69,1595.66,36.6284,28.3148,11.5587,2.15,0.554,106767.91,88.85,Financial Services,25.0,18.0,5.0,17.0,7.0,72.0,0.86,Strong ROE,,2.0,74.0,"Strong ROE for a leveraged-balance-sheet business, Expensive relative to book value for this sector",32.12,0.0,,41.47,Weak,"Above 200 DMA, Weak but watchable RSI, Volume expansion, Strong ROE, Positive 6M return, 80.0% of closes stayed inside the range | Range width 14.6% | Currently 44.9% through the range"
TATAINVEST,Financial Services,Asset Management,660.12,0.76,143.54,962.86,359.88,31.44,46.28,674.99,656.31,753608.0,583550.0,0.77,Bearish,32.0,"Above 200 DMA, RSI recovering, Positive day move",-2.27,7.6,1.19,-5.63,-5.04,4.4,3.36,12.64,-3.21,35.0,"Positive 3M return, Positive 6M return, 3M Nifty outperformance",24.72,Neutral Range,71.13,612.08,698.29,14.08,55.72,80.0% of closes stayed inside the range | Range width 14.1% | Currently 55.7% through the range,1.28,1.17,,87.52,44.11,52.84,0.0,,,110.49,0.41,234.86,234.68,79.7014,,1.1785,49.0,0.314,34437.69,99.99,Financial Services,6.0,20.0,12.0,17.0,6.0,61.0,0.79,Cash covers debt,,-5.0,56.0,Weak ROE for a leveraged-balance-sheet business,32.12,0.0,,41.17,Weak,"Above 200 DMA, RSI recovering, Positive day move, Cash covers debt, Positive 3M return, Positive 6M return, 3M Nifty outperformance, 80.0% of closes stayed inside the range | Range width 14.1% | Currently 55.7% through the range"
MPHASIS,Technology,Information Technology Services,2633.51,-2.86,1511.01,3043.75,74.29,13.48,34.33,2839.94,2522.46,603862.45,790762.0,1.31,Bearish,33.0,"Above 200 DMA, Weak but watchable RSI, Volume expansion",-10.91,-8.34,21.9,-5.63,-5.04,4.4,-5.28,-3.3,17.5,25.0,"Positive 6M return, 6M Nifty outperformance",64.71,Neutral Range,68.66,2251.3,2949.2,31.0,54.77,80.0% of closes stayed inside the range | Range width 31.0% | Currently 54.8% through the range,17.68,11.0,13.92,11.71,-3.77,-5.07,27.16,1.58,,804.91,2388.59,2179.7,2086.01,25.3152,20.0133,4.2716,2.45,0.485,48421.74,44.45,IT / Technology,14.0,0.0,11.0,17.0,11.0,53.0,0.93,,"Revenue contraction, Earnings contraction",0.0,53.0,,48.8,0.0,,40.37,Weak,"Above 200 DMA, Weak but watchable RSI, Volume expansion, Positive 6M return, 6M Nifty outperformance, 80.0% of closes stayed inside the range | Range width 31.0% | Currently 54.8% through the range"
LODHA,Real Estate,Real Estate - Development,1227.87,1.15,352.0,1635.9,248.83,24.94,55.53,1206.42,1236.44,1372620.15,2147088.0,1.56,Bullish,50.0,"Above 50 DMA, Healthy RSI momentum, Volume expansion, Positive day move",6.48,-1.83,3.21,-5.63,-5.04,4.4,12.11,3.21,-1.19,28.0,"Positive 1M return, Positive 6M return, 1M Nifty outperformance",40.0,Accumulation Zone,76.36,1162.33,1508.95,29.82,18.91,80.0% of closes stayed inside the range | Range width 29.8% | Currently 18.9% through the range,8.87,3.28,40.93,15.19,9.24,218.29,44.06,1.62,0.39,1827.0,7697.6,2512.3,2342.6,29.4089,24.8976,5.1863,35.0,0.623,120770.28,43.66,Cement / Realty,13.0,15.0,11.0,17.0,11.0,67.0,1.0,,,2.0,69.0,General low-debt support,30.06,8.0,Below 200 DMA,40.16,Weak,"Above 50 DMA, Healthy RSI momentum, Volume expansion, Positive day move, Positive 1M return, Positive 6M return, 1M Nifty outperformance, 80.0% of closes stayed inside the range | Range width 29.8% | Currently 18.9% through the range"
MEDANTA,Healthcare,Medical Care Facilities,1080.13,0.83,406.36,1512.82,165.81,28.6,52.98,1066.21,1216.18,248650.8,203555.0,0.82,Bullish,40.0,"Above 50 DMA, Healthy RSI momentum, Positive day move",1.23,-0.07,-23.94,-5.63,-5.04,4.4,6.86,4.97,-28.34,18.0,"Positive 1M return, 1M Nifty outperformance",70.45,Accumulation Zone,75.91,1043.96,1271.37,21.78,15.9,80.0% of closes stayed inside the range | Range width 21.8% | Currently 15.9% through the range,16.46,11.11,20.31,14.75,20.8,46.65,27.6,2.44,2.33,424.61,801.87,612.08,333.5,67.6456,41.3212,9.4493,3.0,0.14,37445.97,52.79,Pharma / Healthcare,18.0,18.0,15.0,17.0,5.0,73.0,1.0,,,2.0,75.0,General low-debt support,49.08,8.0,Below 200 DMA,40.11,Weak,"Above 50 DMA, Healthy RSI momentum, Positive day move, Positive 1M return, 1M Nifty outperformance, 80.0% of closes stayed inside the range | Range width 21.8% | Currently 15.9% through the range"
WELCORP,Basic Materials,Steel,670.05,-0.35,171.25,799.02,291.28,16.14,38.95,706.49,612.46,786913.15,436859.0,0.56,Bearish,23.0,"Above 200 DMA, Weak but watchable RSI",-5.45,-4.92,11.85,-5.63,-5.04,4.4,0.18,0.12,7.45,10.0,Positive 6M return,51.75,Neutral Range,68.35,530.83,723.98,36.39,72.08,80.0% of closes stayed inside the range | Range width 36.4% | Currently 72.1% through the range,19.77,9.37,7.59,6.57,78.09,437.23,34.36,1.53,0.95,818.73,1929.9,1305.99,1007.03,21.3148,18.9284,5.3809,27.0,0.473,49249.35,38.4,Metals / Mining,13.0,20.0,11.0,17.0,11.0,72.0,1.0,Strong ROE,,4.0,76.0,"General quality ROE, General low-debt support",33.45,0.0,,39.87,Weak,"Above 200 DMA, Weak but watchable RSI, Strong ROE, Positive 6M return, 80.0% of closes stayed inside the range | Range width 36.4% | Currently 72.1% through the range"
SOLARINDS,Basic Materials,Specialty Chemicals,9714.84,-2.82,3150.56,13282.2,208.35,26.86,37.03,10819.88,9567.47,52314.6,68157.0,1.3,Bearish,33.0,"Above 200 DMA, Weak but watchable RSI, Volume expansion",-14.84,-7.06,8.35,-5.63,-5.04,4.4,-9.21,-2.02,3.95,10.0,Positive 6M return,51.75,Accumulation Zone,77.25,9711.04,11534.44,18.78,0.21,80.0% of closes stayed inside the range | Range width 18.8% | Currently 0.2% through the range,25.29,14.57,24.09,14.15,-12.71,10.4,41.37,1.76,1.2,258.98,1367.55,1406.01,846.26,100.7965,56.2038,27.0006,6.0,0.238,169487.88,49.2,Chemicals,23.0,5.0,13.0,17.0,5.0,63.0,1.0,Strong ROE,"Revenue contraction, Very high PE",4.0,67.0,"General quality ROE, General low-debt support",33.45,0.0,,39.22,Weak,"Above 200 DMA, Weak but watchable RSI, Volume expansion, Strong ROE, Positive 6M return, 80.0% of closes stayed inside the range | Range width 18.8% | Currently 0.2% through the range"
RVNL,Industrials,Engineering & Construction,412.74,-0.79,29.19,639.13,1313.82,35.42,35.48,483.38,403.51,5763920.6,4451811.0,0.77,Bearish,23.0,"Above 200 DMA, Weak but watchable RSI",-12.8,-25.62,43.68,-5.63,-5.04,4.4,-7.17,-20.58,39.28,35.0,"Strong 6M absolute return, 6M Nifty outperformance",16.47,Accumulation Zone,67.94,385.45,593.27,53.92,13.13,80.0% of closes stayed inside the range | Range width 53.9% | Currently 13.1% through the range,17.78,7.92,6.21,7.09,7.87,15.57,69.17,2.13,2.12,1104.05,6032.52,2955.85,2615.42,53.4884,41.8182,4.8674,1.49,,47955.46,6.0,Capital Goods / Infra,9.0,10.0,12.0,17.0,8.0,56.0,1.0,,,0.0,56.0,,31.27,0.0,,38.79,Weak,"Above 200 DMA, Weak but watchable RSI, Strong 6M absolute return, 6M Nifty outperformance, 80.0% of closes stayed inside the range | Range width 53.9% | Currently 13.1% through the range"
KPRMILL,Consumer Cyclical,Textile Manufacturing,889.46,-2.36,468.75,1042.76,89.75,14.7,45.92,909.73,840.75,241428.5,164995.0,0.68,Bearish,27.0,"Above 200 DMA, RSI recovering",-3.31,2.83,8.28,-5.63,-5.04,4.4,2.32,7.87,3.88,20.0,"Positive 3M return, Positive 6M return",33.65,Neutral Range,70.84,825.77,932.6,12.94,59.62,80.0% of closes stayed inside the range | Range width 12.9% | Currently 59.6% through the range,18.48,13.73,18.44,13.83,-2.29,-1.07,26.58,2.89,1.14,75.13,1158.42,677.94,354.47,40.8671,29.9392,6.5314,46.0,0.283,37290.43,37.35,Consumer Discretionary,21.0,0.0,14.0,17.0,7.0,59.0,1.0,Strong ROE,"Revenue contraction, Earnings contraction",4.0,63.0,"General quality ROE, General low-debt support",31.77,0.0,,38.57,Weak,"Above 200 DMA, RSI recovering, Strong ROE, Positive 3M return, Positive 6M return, 80.0% of closes stayed inside the range | Range width 12.9% | Currently 59.6% through the range"
BHARTIHEXA,Communication Services,Telecom Services,1372.26,-1.88,740.06,1542.44,85.43,11.03,47.33,1384.21,,443873.05,476258.0,1.07,Bearish,17.0,"RSI recovering, Normal volume support",-7.41,20.78,44.83,-5.63,-5.04,4.4,-1.78,25.82,40.43,70.0,"Strong 3M absolute return, Strong 6M absolute return, 3M Nifty outperformance, 6M Nifty outperformance",6.67,Profit Booking Zone,68.82,1051.5,1434.74,36.45,83.7,80.0% of closes stayed inside the range | Range width 36.4% | Currently 83.7% through the range,11.36,2.72,24.57,7.12,7.75,-8.16,181.64,0.32,,39.8,8062.6,3546.1,1487.8,40.7012,23.3453,10.3696,1.19,0.085,74300.0,59.93,Telecom,10.0,2.0,0.0,17.0,6.0,35.0,0.93,,Earnings contraction,0.0,35.0,,27.5,0.0,,38.12,Weak,"RSI recovering, Normal volume support, Strong 3M absolute return, Strong 6M absolute return, 3M Nifty outperformance, 6M Nifty outperformance, 80.0% of closes stayed inside the range | Range width 36.4% | Currently 83.7% through the range"
PETRONET,Energy,Oil & Gas Refining & Marketing,297.46,-0.67,166.97,359.19,78.16,17.19,32.41,317.84,296.76,2390520.7,1651629.0,0.69,Bearish,23.0,"Above 200 DMA, Weak but watchable RSI",-8.95,-15.92,2.82,-5.63,-5.04,4.4,-3.32,-10.88,-1.58,10.0,Positive 6M return,21.43,Accumulation Zone,73.78,292.1,344.18,17.83,10.31,80.0% of closes stayed inside the range | Range width 17.8% | Currently 10.3% through the range,20.98,14.31,8.67,7.03,-11.88,9.82,17.28,3.1,2.75,1723.37,3008.1,4871.12,4029.7,10.7263,9.9224,1.8833,3.61,0.45,41977.51,14.66,Energy / Utilities,14.0,5.0,17.0,17.0,15.0,68.0,1.0,Strong ROE,Revenue contraction,4.0,72.0,"General quality ROE, General low-debt support",26.08,0.0,,37.36,Weak,"Above 200 DMA, Weak but watchable RSI, Strong ROE, Positive 6M return, 80.0% of closes stayed inside the range | Range width 17.8% | Currently 10.3% through the range"
TORNTPHARM,Healthcare,Drug Manufacturers - Specialty & Generic,3048.71,0.1,1388.75,3524.92,119.53,13.51,35.54,3294.91,2897.37,546650.85,195002.0,0.36,Bearish,28.0,"Above 200 DMA, Weak but watchable RSI, Positive day move",-9.97,-7.64,15.32,-5.63,-5.04,4.4,-4.34,-2.6,10.92,10.0,Positive 6M return,84.09,Neutral Range,68.88,2765.21,3394.81,22.77,45.03,80.0% of closes stayed inside the range | Range width 22.8% | Currently 45.0% through the range,24.16,11.0,24.35,15.68,11.61,33.02,58.66,1.03,0.61,835.14,4021.94,3266.08,2833.3,78.2379,52.2222,19.7416,78.0,0.145,186114.0,75.98,Pharma / Healthcare,20.0,15.0,6.0,17.0,5.0,63.0,1.0,Strong ROE,,4.0,67.0,"General quality ROE, General low-debt support",49.08,3.0,Low volume participation,37.31,Weak,"Above 200 DMA, Weak but watchable RSI, Positive day move, Strong ROE, Positive 6M return, 80.0% of closes stayed inside the range | Range width 22.8% | Currently 45.0% through the range"
DRREDDY,Healthcare,Drug Manufacturers - Specialty & Generic,1178.55,-2.7,778.62,1403.63,51.36,16.04,26.83,1294.72,1256.91,1618548.3,3367815.0,2.08,Bearish,19.0,"Oversold RSI, Strong volume expansion",-11.47,-14.32,3.51,-5.63,-5.04,4.4,-5.84,-9.28,-0.89,10.0,Positive 6M return,84.09,Accumulation Zone,74.76,1180.03,1368.95,16.01,0.0,80.0% of closes stayed inside the range | Range width 16.0% | Currently 0.0% through the range,19.85,14.37,23.39,19.95,13.54,23.56,7.14,2.58,1.92,710.7,2002.0,4543.3,1799.8,30.1735,20.2046,2.607,66.0,0.242,99960.01,50.18,Pharma / Healthcare,22.0,13.0,17.0,17.0,13.0,82.0,1.0,Strong ROE,,4.0,86.0,"General quality ROE, General low-debt support",49.08,8.0,Below 200 DMA,36.71,Weak,"Oversold RSI, Strong volume expansion, Strong ROE, Positive 6M return, 80.0% of closes stayed inside the range | Range width 16.0% | Currently 0.0% through the range"
ASTERDM,Healthcare,Medical Care Facilities,424.14,-0.01,151.5,457.31,179.96,7.25,49.61,418.02,367.16,2202113.35,695554.0,0.32,Bullish,42.0,"Above 50 DMA, Above 200 DMA, RSI recovering",1.2,9.94,23.71,-5.63,-5.04,4.4,6.83,14.98,19.31,78.0,"Positive 1M return, Positive 3M return, Positive 6M return, 1M Nifty outperformance, 3M Nifty outperformance, 6M Nifty outperformance, Positive across 1M/3M/6M",29.55,Profit Booking Zone,76.85,332.48,429.13,29.07,94.85,80.0% of closes stayed inside the range | Range width 29.1% | Currently 94.8% through the range,2.84,0.72,10.09,3.55,23.25,-69.57,30.35,1.25,1.25,82.23,1383.75,157.81,-647.77,138.9178,42.5242,9.3243,47.0,-0.059,72170.12,58.62,Pharma / Healthcare,3.0,8.0,11.0,9.0,5.0,36.0,1.0,,"Earnings contraction, Negative free cash flow, Very high PE",2.0,38.0,General low-debt support,49.08,14.0,"Low volume participation, Earnings contraction, Negative free cash flow",36.66,Weak,"Above 50 DMA, Above 200 DMA, RSI recovering, Positive 1M return, Positive 3M return, Positive 6M return, 1M Nifty outperformance, 3M Nifty outperformance, 6M Nifty outperformance, Positive across 1M/3M/6M, 80.0% of closes stayed inside the range | Range width 29.1% | Currently 94.8% through the range"
GLAND,Healthcare,Drug Manufacturers - Specialty & Generic,1743.76,-0.04,838.01,2537.39,108.08,31.28,53.98,1725.8,1796.28,480356.3,103079.0,0.21,Bullish,35.0,"Above 50 DMA, Healthy RSI momentum",7.47,-8.11,0.02,-5.63,-5.04,4.4,13.1,-3.07,-4.38,28.0,"Positive 1M return, Positive 6M return, 1M Nifty outperformance",59.09,Lower Range Watch,72.13,1623.5,1973.92,21.58,34.32,80.0% of closes stayed inside the range | Range width 21.6% | Currently 34.3% through the range,8.85,7.25,17.66,13.69,57.07,-1.1,4.27,4.04,2.85,357.09,372.17,996.8,598.54,42.2505,29.9428,4.5988,77.0,0.566,47695.16,59.05,Pharma / Healthcare,12.0,10.0,17.0,17.0,9.0,65.0,1.0,,Earnings contraction,2.0,67.0,General low-debt support,49.08,11.0,"Below 200 DMA, Low volume participation",35.56,Weak,"Above 50 DMA, Healthy RSI momentum, Positive 1M return, Positive 6M return, 1M Nifty outperformance, 80.0% of closes stayed inside the range | Range width 21.6% | Currently 34.3% through the range"
ENDURANCE,Consumer Cyclical,Auto Parts,2341.51,-0.63,1160.92,3026.82,101.69,22.64,45.71,2375.16,2231.32,190076.5,28975.0,0.15,Bearish,27.0,"Above 200 DMA, RSI recovering",-1.08,-5.77,9.22,-5.63,-5.04,4.4,4.55,-0.73,4.82,10.0,Positive 6M return,49.04,Accumulation Zone,75.51,2314.83,2637.36,13.93,8.27,80.0% of closes stayed inside the range | Range width 13.9% | Currently 8.3% through the range,13.67,8.63,8.54,6.75,16.21,41.89,15.38,1.69,1.3,504.63,765.34,1057.09,222.26,44.723,30.1333,6.2092,38.0,0.723,42475.96,42.33,Automobile,11.0,18.0,15.0,17.0,7.0,68.0,1.0,,,2.0,70.0,General low-debt support,31.77,3.0,Low volume participation,35.52,Weak,"Above 200 DMA, RSI recovering, Positive 6M return, 80.0% of closes stayed inside the range | Range width 13.9% | Currently 8.3% through the range"
POWERINDIA,Industrials,Electrical Equipment & Parts,11388.85,-3.31,2836.07,16545.15,301.57,31.17,29.03,13701.4,10510.8,64719.55,113311.0,1.75,Bearish,29.0,"Above 200 DMA, Oversold RSI, Volume expansion",-26.65,-8.17,2.82,-5.63,-5.04,4.4,-21.02,-3.13,-1.58,10.0,Positive 6M return,36.47,Accumulation Zone,72.41,10895.95,14282.25,31.08,14.56,80.0% of closes stayed inside the range | Range width 31.1% | Currently 14.6% through the range,12.04,3.48,5.4,3.21,17.57,74.42,15.71,1.16,0.89,128.04,213.68,252.31,162.95,138.2239,72.2106,30.8289,2.0,0.572,159569.06,38.99,Capital Goods / Infra,4.0,18.0,11.0,17.0,5.0,55.0,1.0,,Very high PE,5.0,60.0,Strong order-book-driven revenue growth,31.27,0.0,,35.44,Weak,"Above 200 DMA, Oversold RSI, Volume expansion, Positive 6M return, 80.0% of closes stayed inside the range | Range width 31.1% | Currently 14.6% through the range"
MOTHERSON,Consumer Cyclical,Auto Parts,108.77,-0.25,40.29,143.08,169.93,23.98,30.35,128.23,106.54,23602929.45,19671880.0,0.83,Bearish,23.0,"Above 200 DMA, Weak but watchable RSI",-19.59,-12.96,28.09,-5.63,-5.04,4.4,-13.96,-7.92,23.69,25.0,"Positive 6M return, 6M Nifty outperformance",27.88,Accumulation Zone,74.24,108.69,135.63,24.78,0.27,80.0% of closes stayed inside the range | Range width 24.8% | Currently 0.3% through the range,10.39,3.19,5.72,2.78,25.57,81.61,76.17,0.97,0.75,6743.2,19921.9,7568.9,3443.5,40.7452,24.4622,4.356,30.0,1.034,178504.36,43.82,Automobile,2.0,20.0,4.0,17.0,9.0,52.0,1.0,,,0.0,52.0,,31.77,0.0,,34.97,Avoid,"Above 200 DMA, Weak but watchable RSI, Positive 6M return, 6M Nifty outperformance, 80.0% of closes stayed inside the range | Range width 24.8% | Currently 0.3% through the range"
LTTS,Technology,Information Technology Services,4981.46,-1.27,3071.35,5836.77,62.19,14.65,46.35,5162.42,5019.71,126381.15,75125.0,0.59,Bearish,12.0,RSI recovering,-0.22,-4.75,15.74,-5.63,-5.04,4.4,5.41,0.29,11.34,20.0,"Positive 6M return, 1M Nifty outperformance",70.59,Lower Range Watch,67.93,4702.29,5510.44,17.19,34.54,80.0% of closes stayed inside the range | Range width 17.2% | Currently 34.5% through the range,24.47,15.36,17.59,13.51,9.44,7.56,12.37,2.46,2.45,1122.1,658.8,1492.8,1240.0,29.6906,22.045,5.8609,1.59,0.154,37964.09,40.76,IT / Technology,19.0,7.0,20.0,17.0,10.0,73.0,1.0,"Strong ROE, Cash covers debt",,5.0,78.0,Strong ROE for an asset-light business,48.8,8.0,Below 200 DMA,34.62,Avoid,"RSI recovering, Strong ROE, Cash covers debt, Positive 6M return, 1M Nifty outperformance, 80.0% of closes stayed inside the range | Range width 17.2% | Currently 34.5% through the range"
APOLLOHOSP,Healthcare,Medical Care Facilities,6707.05,-1.73,3944.97,7506.0,70.02,10.64,38.52,6976.39,6450.37,386582.45,268706.0,0.7,Bearish,23.0,"Above 200 DMA, Weak but watchable RSI",-3.45,1.03,13.43,-5.63,-5.04,4.4,2.18,6.07,9.03,20.0,"Positive 3M return, Positive 6M return",68.18,Neutral Range,70.3,6092.84,7047.03,15.66,64.37,80.0% of closes stayed inside the range | Range width 15.7% | Currently 64.4% through the range,12.96,5.36,9.05,4.76,14.7,9.71,76.89,1.13,1.03,505.5,5332.6,1920.2,783.4,64.9369,40.1114,13.0391,23.0,0.201,123611.67,34.63,Pharma / Healthcare,6.0,10.0,8.0,17.0,5.0,46.0,1.0,,,0.0,46.0,,49.08,0.0,,34.21,Avoid,"Above 200 DMA, Weak but watchable RSI, Positive 3M return, Positive 6M return, 80.0% of closes stayed inside the range | Range width 15.7% | Currently 64.4% through the range"
CUMMINSIND,Industrials,Specialty Industrial Machinery,3257.92,0.68,1088.43,4032.79,199.32,19.21,38.7,3542.42,3309.11,632299.8,897540.0,1.42,Bearish,23.0,"Weak but watchable RSI, Volume expansion, Positive day move",-9.64,-12.46,-11.09,-5.63,-5.04,4.4,-4.01,-7.42,-15.49,0.0,,74.12,Breakdown Risk,35.0,3385.7,3826.83,13.03,0.0,80.0% of closes stayed inside the range | Range width 13.0% | Currently 0.0% through the range | Below lower band on elevated volume,26.02,19.18,18.19,19.42,15.95,40.1,1.92,2.89,2.43,299.89,126.98,1285.34,997.16,62.7339,45.4491,17.5475,1.23,0.546,148717.8,35.46,Capital Goods / Infra,24.0,18.0,20.0,17.0,4.0,83.0,1.0,"Strong ROE, Cash covers debt",,5.0,88.0,Strong order-book-driven revenue growth,31.27,8.0,Below 200 DMA,33.24,Avoid,"Weak but watchable RSI, Volume expansion, Positive day move, Strong ROE, Cash covers debt, 80.0% of closes stayed inside the range | Range width 13.0% | Currently 0.0% through the range | Below lower band on elevated volume"
ICICIGI,Financial Services,Insurance - Diversified,1819.75,-1.29,1022.63,2270.75,77.95,19.86,29.0,2029.05,1807.13,650908.5,631045.0,0.97,Bearish,19.0,"Above 200 DMA, Oversold RSI",-8.72,-10.63,10.9,-5.63,-5.04,4.4,-3.09,-5.59,6.5,10.0,Positive 6M return,48.31,Lower Range Watch,67.71,1655.65,2157.49,30.31,32.7,80.0% of closes stayed inside the range | Range width 30.3% | Currently 32.7% through the range,15.72,3.03,12.17,8.81,17.22,10.96,0.29,,,334.58,35.0,,2216.33,33.8369,23.2532,4.7882,85.0,0.452,81672.71,21.54,Financial Services,10.0,13.0,12.0,8.0,11.0,54.0,0.79,Cash covers debt,,6.0,60.0,Strong ROE for a leveraged-balance-sheet business,32.12,0.0,,33.07,Avoid,"Above 200 DMA, Oversold RSI, Cash covers debt, Positive 6M return, 80.0% of closes stayed inside the range | Range width 30.3% | Currently 32.7% through the range"
HDFCLIFE,Financial Services,Insurance - Life,686.15,-0.5,451.88,756.41,51.84,9.29,40.14,711.27,638.06,2355620.15,1666040.0,0.71,Bearish,23.0,"Above 200 DMA, Weak but watchable RSI",-7.0,-2.83,21.51,-5.63,-5.04,4.4,-1.37,2.21,17.11,25.0,"Positive 6M return, 6M Nifty outperformance",29.78,Neutral Range,69.49,575.55,732.41,27.25,70.51,80.0% of closes stayed inside the range | Range width 27.3% | Currently 70.5% through the range,10.73,0.52,1.75,1.64,36.41,15.04,6.48,,,2178.28,950.0,,10585.41,58.4967,44.8408,5.9286,39.0,0.502,116632.92,10.2,Financial Services,2.0,18.0,12.0,8.0,9.0,49.0,0.79,Cash covers debt,,-4.0,45.0,Expensive relative to book value for this sector,32.12,0.0,,32.57,Avoid,"Above 200 DMA, Weak but watchable RSI, Cash covers debt, Positive 6M return, 6M Nifty outperformance, 80.0% of closes stayed inside the range | Range width 27.3% | Currently 70.5% through the range"
CIPLA,Healthcare,Drug Manufacturers - Specialty & Generic,1436.29,-2.3,821.48,1668.41,74.84,13.91,36.79,1556.83,1470.31,2790664.35,1760344.0,0.63,Bearish,8.0,Weak but watchable RSI,-5.57,-6.24,5.62,-5.63,-5.04,4.4,0.06,-1.2,1.22,10.0,Positive 6M return,84.09,Accumulation Zone,72.97,1439.41,1619.38,12.5,0.0,80.0% of closes stayed inside the range | Range width 12.5% | Currently 0.0% through the range,15.43,12.6,21.1,16.2,13.23,47.1,2.09,3.71,2.71,640.07,559.41,4133.91,2784.61,35.0839,23.0495,3.4322,89.0,0.086,118188.92,63.28,Pharma / Healthcare,19.0,15.0,20.0,17.0,9.0,80.0,1.0,Cash covers debt,,2.0,82.0,General low-debt support,49.08,8.0,Below 200 DMA,32.56,Avoid,"Weak but watchable RSI, Cash covers debt, Positive 6M return, 80.0% of closes stayed inside the range | Range width 12.5% | Currently 0.0% through the range"
HEROMOTOCO,Consumer Cyclical,Auto Manufacturers,4396.74,2.8,2004.26,5802.49,119.37,24.23,37.84,5004.02,4716.97,723842.15,1783519.0,2.46,Bearish,33.0,"Weak but watchable RSI, Strong volume expansion, Strong positive day move",-9.26,-9.75,-6.32,-5.63,-5.04,4.4,-3.63,-4.71,-10.72,0.0,,80.77,Breakdown Risk,35.0,4575.99,5363.97,17.22,0.0,80.0% of closes stayed inside the range | Range width 17.2% | Currently 0.0% through the range | Below lower band on elevated volume,21.16,14.32,12.2,9.96,11.45,33.27,3.43,1.46,1.21,604.91,606.41,4923.07,4135.18,21.5516,18.1039,5.458,3.15,0.468,117983.24,31.65,Automobile,17.0,15.0,13.0,17.0,11.0,73.0,1.0,Strong ROE,,4.0,77.0,"General quality ROE, General low-debt support",31.77,8.0,Below 200 DMA,31.97,Avoid,"Weak but watchable RSI, Strong volume expansion, Strong positive day move, Strong ROE, 80.0% of closes stayed inside the range | Range width 17.2% | Currently 0.0% through the range | Below lower band on elevated volume"
NMDC,Basic Materials,Steel,68.68,1.79,24.26,87.7,183.13,21.69,46.27,69.3,71.95,40193465.4,47659770.0,1.19,Bearish,22.0,"RSI recovering, Normal volume support, Positive day move",-3.77,-0.15,-18.94,-5.63,-5.04,4.4,1.86,4.89,-23.34,0.0,,83.33,Accumulation Zone,71.95,66.18,79.07,19.49,19.4,80.0% of closes stayed inside the range | Range width 19.5% | Currently 19.4% through the range,21.73,15.63,32.59,26.17,20.61,-0.47,13.09,2.53,2.2,109.39,3358.78,7393.94,5546.85,10.094,8.3816,2.2131,4.1,0.643,75521.71,45.64,Metals / Mining,23.0,8.0,17.0,17.0,15.0,80.0,1.0,Strong ROE,Earnings contraction,4.0,84.0,"General quality ROE, General low-debt support",33.45,8.0,Below 200 DMA,31.92,Avoid,"RSI recovering, Normal volume support, Positive day move, Strong ROE, 80.0% of closes stayed inside the range | Range width 19.5% | Currently 19.4% through the range"
ZYDUSLIFE,Healthcare,Drug Manufacturers - Specialty & Generic,933.16,-1.33,341.92,1308.13,172.92,28.66,30.34,1024.44,1021.27,1130227.55,1050199.0,0.93,Bearish,8.0,Weak but watchable RSI,-7.6,-20.79,-9.92,-5.63,-5.04,4.4,-1.97,-15.75,-14.32,0.0,,98.86,Accumulation Zone,71.7,985.22,1191.72,20.96,0.0,80.0% of closes stayed inside the range | Range width 21.0% | Currently 0.0% through the range,19.46,13.18,23.86,20.29,12.7,96.88,4.06,2.15,1.51,413.0,804.2,3196.3,2289.7,26.8374,24.5592,4.4723,8.0,0.37,120199.21,72.11,Pharma / Healthcare,22.0,15.0,17.0,17.0,11.0,82.0,1.0,Strong ROE,,4.0,86.0,"General quality ROE, General low-debt support",49.08,8.0,Below 200 DMA,31.46,Avoid,"Weak but watchable RSI, Strong ROE, 80.0% of closes stayed inside the range | Range width 21.0% | Currently 0.0% through the range"
THERMAX,Industrials,Conglomerates,4820.24,-2.89,1804.31,5792.82,167.15,16.79,42.32,5006.97,4574.85,83279.5,95184.0,1.14,Bearish,28.0,"Above 200 DMA, Weak but watchable RSI, Normal volume support",-6.52,11.02,-1.43,-5.63,-5.04,4.4,-0.89,16.06,-5.83,25.0,"Positive 3M return, 3M Nifty outperformance",22.94,Neutral Range,68.37,4341.22,5287.85,21.81,50.6,80.0% of closes stayed inside the range | Range width 21.8% | Currently 50.6% through the range,14.53,6.36,7.35,6.99,14.98,43.3,29.18,1.36,1.2,487.13,1295.54,247.3,-596.64,77.4232,45.6669,8.2899,35.0,0.321,45997.83,34.09,Capital Goods / Infra,9.0,15.0,11.0,9.0,5.0,49.0,1.0,,Negative free cash flow,0.0,49.0,,31.27,4.0,Negative free cash flow,31.09,Avoid,"Above 200 DMA, Weak but watchable RSI, Normal volume support, Positive 3M return, 3M Nifty outperformance, 80.0% of closes stayed inside the range | Range width 21.8% | Currently 50.6% through the range"
HINDPETRO,Energy,Oil & Gas Refining & Marketing,336.87,-1.37,115.53,419.28,191.58,19.65,39.08,369.07,326.67,6495080.15,5010823.0,0.77,Bearish,23.0,"Above 200 DMA, Weak but watchable RSI",-14.9,-7.36,11.84,-5.63,-5.04,4.4,-9.27,-2.32,7.44,10.0,Positive 6M return,21.43,Lower Range Watch,67.07,298.65,387.08,29.61,43.22,80.0% of closes stayed inside the range | Range width 29.6% | Currently 43.2% through the range,34.13,8.76,4.38,3.71,-0.35,329.43,142.12,0.61,0.22,279.85,66683.82,23851.87,13780.63,49.6183,6.9656,1.2661,6.2,0.912,82985.08,6.47,Energy / Utilities,12.0,10.0,2.0,17.0,11.0,52.0,1.0,Strong ROE,Revenue contraction,2.0,54.0,General quality ROE,26.08,0.0,,31.06,Avoid,"Above 200 DMA, Weak but watchable RSI, Strong ROE, Positive 6M return, 80.0% of closes stayed inside the range | Range width 29.6% | Currently 43.2% through the range"
ABBOTINDIA,Healthcare,Drug Manufacturers - Specialty & Generic,26200.84,-0.6,16232.57,29413.48,61.41,10.92,33.15,27697.79,26583.02,9774.9,4672.0,0.48,Bearish,8.0,Weak but watchable RSI,-6.92,-2.27,4.11,-5.63,-5.04,4.4,-1.29,2.77,-0.29,10.0,Positive 6M return,84.09,Accumulation Zone,71.15,25818.98,28496.51,10.37,14.26,80.0% of closes stayed inside the range | Range width 10.4% | Currently 14.3% through the range,32.48,23.13,24.04,20.54,9.36,26.52,2.25,2.42,1.96,291.74,83.23,1212.81,1164.48,38.4784,31.1337,12.5248,1.87,0.056,59795.54,46.52,Pharma / Healthcare,24.0,15.0,20.0,17.0,6.0,82.0,1.0,"Strong ROE, Cash covers debt",,4.0,86.0,"General quality ROE, General low-debt support",49.08,11.0,"Below 200 DMA, Low volume participation",30.96,Avoid,"Weak but watchable RSI, Strong ROE, Cash covers debt, Positive 6M return, 80.0% of closes stayed inside the range | Range width 10.4% | Currently 14.3% through the range"
SUZLON,Industrials,Specialty Industrial Machinery,59.26,4.46,6.6,86.04,797.88,31.13,36.41,73.18,56.8,70408567.95,119110598.0,1.69,Bearish,43.0,"Above 200 DMA, Weak but watchable RSI, Volume expansion, Strong positive day move",-17.91,-25.39,39.11,-5.63,-5.04,4.4,-12.28,-20.35,34.71,35.0,"Strong 6M absolute return, 6M Nifty outperformance",16.47,Lower Range Watch,68.36,49.9,80.83,62.0,30.26,80.0% of closes stayed inside the range | Range width 62.0% | Currently 30.3% through the range,16.84,9.2,13.06,10.31,9.37,-76.82,3.83,1.76,1.0,249.57,150.24,79.53,-147.83,20.7675,22.3752,6.6568,,0.657,65086.27,34.49,Capital Goods / Infra,14.0,5.0,18.0,9.0,4.0,50.0,0.93,Cash covers debt,"Earnings contraction, Negative free cash flow",0.0,50.0,,31.27,11.0,"Earnings contraction, Negative free cash flow",30.69,Avoid,"Above 200 DMA, Weak but watchable RSI, Volume expansion, Strong positive day move, Cash covers debt, Strong 6M absolute return, 6M Nifty outperformance, 80.0% of closes stayed inside the range | Range width 62.0% | Currently 30.3% through the range"
HINDALCO,Basic Materials,Aluminum,642.96,3.78,350.03,763.04,83.68,15.74,41.24,690.79,632.76,7244871.4,13618683.0,1.88,Bearish,43.0,"Above 200 DMA, Weak but watchable RSI, Volume expansion, Strong positive day move",-13.6,-3.25,-0.1,-5.63,-5.04,4.4,-7.97,1.79,-4.5,0.0,,83.33,Accumulation Zone,78.99,636.2,722.39,13.55,7.84,80.0% of closes stayed inside the range | Range width 13.5% | Currently 7.8% through the range,9.57,4.38,7.78,4.73,-3.21,0.57,53.09,1.39,0.7,11816.0,56356.0,24056.0,8328.0,14.2245,9.717,1.7528,48.0,0.925,239409.43,31.31,Metals / Mining,2.0,0.0,6.0,17.0,15.0,40.0,1.0,,Revenue contraction,2.0,42.0,General low-debt support,33.45,0.0,,30.47,Avoid,"Above 200 DMA, Weak but watchable RSI, Volume expansion, Strong positive day move, 80.0% of closes stayed inside the range | Range width 13.5% | Currently 7.8% through the range"
TORNTPOWER,Utilities,Utilities - Independent Power Producers,1538.93,1.55,393.65,1980.17,290.94,22.28,29.86,1774.72,1488.89,600366.8,622083.0,1.04,Bearish,29.0,"Above 200 DMA, Oversold RSI, Normal volume support, Positive day move",-19.79,-11.92,15.12,-5.63,-5.04,4.4,-14.16,-6.88,10.72,10.0,Positive 6M return,23.53,Accumulation Zone,71.96,1454.88,1862.69,28.03,20.61,80.0% of closes stayed inside the range | Range width 28.0% | Currently 20.6% through the range,15.2,5.49,12.03,6.82,5.87,-13.42,96.44,1.09,0.99,350.83,11631.8,4258.35,601.87,28.818,21.9958,3.4843,1.5,0.655,66464.88,26.63,Energy / Utilities,12.0,2.0,6.0,17.0,10.0,47.0,1.0,,Earnings contraction,0.0,47.0,,24.58,0.0,,29.89,Avoid,"Above 200 DMA, Oversold RSI, Normal volume support, Positive day move, Positive 6M return, 80.0% of closes stayed inside the range | Range width 28.0% | Currently 20.6% through the range"
MAHABANK,Financial Services,Banks - Regional,48.75,2.55,14.91,69.19,226.93,29.54,42.82,52.59,57.5,15440538.25,16309537.0,1.06,Bearish,23.0,"Weak but watchable RSI, Normal volume support, Strong positive day move",-4.62,-17.99,-19.27,-5.63,-5.04,4.4,1.01,-12.95,-23.67,0.0,,78.65,Accumulation Zone,75.28,50.75,63.25,24.62,0.0,80.8% of closes stayed inside the range | Range width 24.6% | Currently 0.0% through the range,20.49,1.32,,33.96,17.12,56.31,38.85,,,30311.7,7718.85,11580.85,11301.95,8.3626,6.5496,1.7645,2.79,0.78,62970.76,0.0,Banking,12.0,18.0,10.0,17.0,15.0,72.0,0.79,"Strong ROE, Cash covers debt",,6.0,78.0,Strong ROE for a leveraged-balance-sheet business,32.12,8.0,Below 200 DMA,29.87,Avoid,"Weak but watchable RSI, Normal volume support, Strong positive day move, Strong ROE, Cash covers debt, 80.8% of closes stayed inside the range | Range width 24.6% | Currently 0.0% through the range"
SIEMENS,Industrials,Specialty Industrial Machinery,3865.12,-1.43,1540.11,4732.24,150.96,18.32,36.01,4119.74,3718.95,445667.25,240947.0,0.54,Bearish,23.0,"Above 200 DMA, Weak but watchable RSI",-14.9,-6.27,-7.59,-5.63,-5.04,4.4,-9.27,-1.23,-11.99,0.0,,74.12,Accumulation Zone,75.64,3905.56,4519.69,15.72,0.0,80.0% of closes stayed inside the range | Range width 15.7% | Currently 0.0% through the range,17.69,10.75,12.03,18.19,-22.52,38.54,1.82,2.28,1.98,1835.9,279.4,1654.7,1312.4,84.7533,59.3557,10.3412,45.0,0.57,143124.83,28.2,Capital Goods / Infra,17.0,10.0,20.0,17.0,5.0,69.0,1.0,Cash covers debt,"Revenue contraction, Very high PE",0.0,69.0,,31.27,5.0,Revenue contraction,29.59,Avoid,"Above 200 DMA, Weak but watchable RSI, Cash covers debt, 80.0% of closes stayed inside the range | Range width 15.7% | Currently 0.0% through the range"
TATATECH,Technology,Information Technology Services,912.57,-2.19,911.41,1344.53,0.13,32.13,28.97,1016.95,1015.02,864144.7,985878.0,1.14,Bearish,14.0,"Oversold RSI, Near 52W low zone, Normal volume support",-11.22,-6.29,-9.19,-5.63,-5.04,4.4,-5.59,-1.25,-13.59,0.0,,92.65,Accumulation Zone,74.68,964.09,1055.59,9.49,0.0,80.0% of closes stayed inside the range | Range width 9.5% | Currently 0.0% through the range,21.09,12.18,16.4,13.29,15.88,8.87,7.99,1.87,,519.85,257.39,294.33,202.52,62.8902,35.9162,8.7138,97.0,0.833,34193.62,24.55,IT / Technology,19.0,13.0,16.0,17.0,5.0,70.0,0.93,"Strong ROE, Cash covers debt",,5.0,75.0,Strong ROE for an asset-light business,48.8,8.0,Below 200 DMA,29.07,Avoid,"Oversold RSI, Near 52W low zone, Normal volume support, Strong ROE, Cash covers debt, 80.0% of closes stayed inside the range | Range width 9.5% | Currently 0.0% through the range"
UNIONBANK,Financial Services,Banks - Regional,108.21,1.12,34.45,157.89,214.15,31.46,46.82,110.63,125.51,8521621.35,6674880.0,0.78,Bearish,17.0,"RSI recovering, Positive day move",2.64,-8.27,-15.04,-5.63,-5.04,4.4,8.27,-3.23,-19.44,18.0,"Positive 1M return, 1M Nifty outperformance",37.08,Accumulation Zone,72.39,107.14,133.92,25.0,4.01,80.0% of closes stayed inside the range | Range width 25.0% | Currently 4.0% through the range,14.14,0.98,,25.0,17.07,62.1,27.64,,,119645.85,26974.27,19929.69,18280.89,6.9131,6.9857,1.0231,2.74,0.893,142748.43,0.0,Banking,10.0,18.0,10.0,17.0,12.0,67.0,0.79,Cash covers debt,,0.0,67.0,,32.12,8.0,Below 200 DMA,29.02,Avoid,"RSI recovering, Positive day move, Cash covers debt, Positive 1M return, 1M Nifty outperformance, 80.0% of closes stayed inside the range | Range width 25.0% | Currently 4.0% through the range"
COALINDIA,Energy,Thermal Coal,375.56,0.88,153.6,476.32,144.5,21.15,32.69,417.49,411.43,8790984.95,7352509.0,0.84,Bearish,13.0,"Weak but watchable RSI, Positive day move",-12.93,-18.3,-7.95,-5.63,-5.04,4.4,-7.3,-13.26,-12.35,0.0,,67.86,Accumulation Zone,73.54,395.51,457.66,15.71,0.0,80.0% of closes stayed inside the range | Range width 15.7% | Currently 0.0% through the range,43.9,15.79,32.53,29.43,-0.28,17.75,7.66,1.79,1.62,6008.71,6523.03,18103.1,1281.76,8.1631,7.2265,2.1177,5.09,-0.04,252240.46,74.76,Metals / Mining,25.0,8.0,16.0,17.0,15.0,81.0,1.0,Strong ROE,Revenue contraction,4.0,85.0,"General quality ROE, General low-debt support",26.08,8.0,Below 200 DMA,28.91,Avoid,"Weak but watchable RSI, Positive day move, Strong ROE, 80.0% of closes stayed inside the range | Range width 15.7% | Currently 0.0% through the range"
IRCTC,Consumer Cyclical,Travel Services,782.71,-0.31,538.33,1108.01,45.39,29.36,36.76,853.02,928.95,1383315.45,1009781.0,0.73,Bearish,8.0,Weak but watchable RSI,-9.07,-13.58,-26.44,-5.63,-5.04,4.4,-3.44,-8.54,-30.84,0.0,,80.77,Accumulation Zone,71.42,812.19,997.63,22.83,0.0,80.0% of closes stayed inside the range | Range width 22.8% | Currently 0.0% through the range,34.4,18.24,33.26,26.08,20.31,10.46,1.87,1.95,1.95,706.34,60.35,882.17,649.68,29.5824,22.5736,9.5354,1.84,0.171,41084.0,36.63,Consumer Discretionary,25.0,13.0,19.0,17.0,8.0,82.0,1.0,"Strong ROE, Cash covers debt",,4.0,86.0,"General quality ROE, General low-debt support",31.77,8.0,Below 200 DMA,28.87,Avoid,"Weak but watchable RSI, Strong ROE, Cash covers debt, 80.0% of closes stayed inside the range | Range width 22.8% | Currently 0.0% through the range"
BAJAJ-AUTO,Consumer Cyclical,Auto Manufacturers,9152.47,0.35,3203.99,12285.36,185.66,25.5,34.37,10584.67,9191.2,676533.6,292519.0,0.43,Bearish,13.0,"Weak but watchable RSI, Positive day move",-5.44,-2.69,9.26,-5.63,-5.04,4.4,0.19,2.35,4.86,10.0,Positive 6M return,49.04,Accumulation Zone,71.38,9056.46,11414.88,26.04,4.07,80.0% of closes stayed inside the range | Range width 26.0% | Currently 4.1% through the range,26.61,19.58,18.89,17.61,23.71,27.19,6.17,1.3,1.12,560.45,1785.9,6551.53,5828.69,27.8148,24.7664,8.4212,1.28,0.633,321520.48,34.19,Automobile,23.0,18.0,13.0,17.0,8.0,79.0,1.0,Strong ROE,,4.0,83.0,"General quality ROE, General low-debt support",31.77,11.0,"Below 200 DMA, Low volume participation",28.57,Avoid,"Weak but watchable RSI, Positive day move, Strong ROE, Positive 6M return, 80.0% of closes stayed inside the range | Range width 26.0% | Currently 4.1% through the range"
HAL,Industrials,Aerospace & Defense,3993.59,-0.23,1047.95,5542.24,281.09,27.94,37.75,4295.1,4144.41,1421838.2,1939714.0,1.36,Bearish,18.0,"Weak but watchable RSI, Volume expansion",-9.88,-13.66,-9.77,-5.63,-5.04,4.4,-4.25,-8.62,-14.17,0.0,,74.12,Breakdown Risk,35.0,4158.64,5221.95,25.57,0.0,80.0% of closes stayed inside the range | Range width 25.6% | Currently 0.0% through the range | Below lower band on elevated volume,26.15,9.76,29.84,27.06,6.83,30.77,0.0,1.73,1.37,4254.69,1.1,8222.82,6467.65,36.6014,29.4868,8.1395,41.0,0.502,334053.09,51.85,Capital Goods / Infra,24.0,12.0,18.0,17.0,7.0,78.0,1.0,"Strong ROE, Cash covers debt",,0.0,78.0,,31.27,8.0,Below 200 DMA,28.49,Avoid,"Weak but watchable RSI, Volume expansion, Strong ROE, Cash covers debt, 80.0% of closes stayed inside the range | Range width 25.6% | Currently 0.0% through the range | Below lower band on elevated volume"
HINDUNILVR,Consumer Defensive,Household & Personal Products,2355.03,1.41,2066.79,2916.05,13.95,19.24,31.17,2633.2,2429.26,1758210.95,1374215.0,0.78,Bearish,18.0,"Weak but watchable RSI, Near 52W low zone, Positive day move",-9.79,-10.9,6.66,-5.63,-5.04,4.4,-4.16,-5.86,2.26,10.0,Positive 6M return,56.25,Accumulation Zone,74.25,2365.16,2791.06,18.01,0.0,80.0% of closes stayed inside the range | Range width 18.0% | Currently 0.0% through the range,20.07,13.09,22.06,16.86,2.38,1.55,2.9,1.66,1.34,825.0,1484.0,15469.0,13992.0,45.875,38.7544,9.9452,2.13,0.332,484720.67,50.37,FMCG / Consumer,21.0,0.0,15.0,17.0,7.0,60.0,1.0,Strong ROE,,8.0,68.0,"Strong ROE for a consumer staples business, Low debt, typical of a healthy consumer business",36.25,8.0,Below 200 DMA,28.24,Avoid,"Weak but watchable RSI, Near 52W low zone, Positive day move, Strong ROE, Positive 6M return, 80.0% of closes stayed inside the range | Range width 18.0% | Currently 0.0% through the range"
HFCL,Technology,Communication Equipment,127.56,0.67,55.45,170.76,130.04,25.3,49.99,136.76,117.27,21178999.35,16152272.0,0.76,Bearish,32.0,"Above 200 DMA, RSI recovering, Positive day move",-1.79,-9.16,32.4,-5.63,-5.04,4.4,3.84,-4.12,28.0,35.0,"Strong 6M absolute return, 6M Nifty outperformance",52.94,Lower Range Watch,68.38,111.22,152.53,37.14,39.54,80.0% of closes stayed inside the range | Range width 37.1% | Currently 39.5% through the range,8.34,5.08,11.53,7.4,-5.85,9.58,25.06,2.07,1.71,23.33,991.22,-44.87,-454.9,57.8381,42.6,6.6817,5.0,0.926,33898.4,37.62,IT / Technology,10.0,5.0,15.0,0.0,7.0,37.0,1.0,,"Revenue contraction, Negative operating cash flow, Negative free cash flow",0.0,37.0,,48.8,9.0,"Negative operating cash flow, Negative free cash flow",28.02,Avoid,"Above 200 DMA, RSI recovering, Positive day move, Strong 6M absolute return, 6M Nifty outperformance, 80.0% of closes stayed inside the range | Range width 37.1% | Currently 39.5% through the range"
EMCURE,Healthcare,Drug Manufacturers - Specialty & Generic,1302.56,-3.87,1222.47,1576.74,6.55,17.39,34.93,1430.21,,124698.15,93224.0,0.75,Bearish,16.0,"Weak but watchable RSI, Near 52W low with stable RSI",-12.61,-2.02,,-5.63,-5.04,4.4,-6.98,3.02,,0.0,,98.86,Accumulation Zone,73.69,1293.12,1468.39,13.55,5.39,80.0% of closes stayed inside the range | Range width 13.6% | Currently 5.4% through the range,16.87,6.38,13.94,7.57,10.97,-6.36,79.09,1.33,0.85,108.96,2334.97,1097.24,790.11,37.6541,25.8557,7.696,18.0,-0.056,38118.12,59.43,Pharma / Healthcare,12.0,5.0,6.0,17.0,7.0,47.0,1.0,,Earnings contraction,0.0,47.0,,49.08,0.0,,27.81,Avoid,"Weak but watchable RSI, Near 52W low with stable RSI, 80.0% of closes stayed inside the range | Range width 13.6% | Currently 5.4% through the range"
SUPREMEIND,Industrials,Building Products & Equipment,4564.43,2.02,1762.06,6324.19,159.04,27.83,47.73,4910.54,4857.73,233270.3,164487.0,0.71,Bearish,22.0,"RSI recovering, Strong positive day move",-8.19,-14.46,-16.93,-5.63,-5.04,4.4,-2.56,-9.42,-21.33,0.0,,74.12,Accumulation Zone,72.62,4508.73,5876.84,30.34,4.07,80.0% of closes stayed inside the range | Range width 30.3% | Currently 4.1% through the range,20.94,16.32,12.47,10.61,10.32,23.62,1.08,2.58,1.52,1178.51,55.06,1412.9,863.56,42.4997,33.2494,7.1243,1.05,0.182,43969.03,32.69,Capital Goods / Infra,17.0,13.0,20.0,17.0,6.0,73.0,1.0,"Strong ROE, Cash covers debt",,0.0,73.0,,31.27,8.0,Below 200 DMA,27.74,Avoid,"RSI recovering, Strong positive day move, Strong ROE, Cash covers debt, 80.0% of closes stayed inside the range | Range width 30.3% | Currently 4.1% through the range"
3MINDIA,Industrials,Conglomerates,30685.03,-2.47,20146.33,39386.18,52.31,22.09,29.66,33563.11,32507.3,4258.6,5292.0,1.24,Bearish,9.0,"Oversold RSI, Normal volume support",-6.9,-10.24,6.3,-5.63,-5.04,4.4,-1.27,-5.2,1.9,10.0,Positive 6M return,36.47,Accumulation Zone,72.65,32377.01,37569.69,16.04,0.0,80.0% of closes stayed inside the range | Range width 16.0% | Currently 0.0% through the range,27.17,17.96,17.23,13.93,5.8,29.36,0.85,2.52,2.02,1044.29,18.18,643.03,611.62,77.736,47.6971,22.8946,44.0,0.273,40481.03,41.86,Capital Goods / Infra,21.0,12.0,20.0,17.0,5.0,75.0,1.0,"Strong ROE, Cash covers debt",,0.0,75.0,,31.27,8.0,Below 200 DMA,27.69,Avoid,"Oversold RSI, Normal volume support, Strong ROE, Cash covers debt, Positive 6M return, 80.0% of closes stayed inside the range | Range width 16.0% | Currently 0.0% through the range"
APARINDS,Industrials,Electrical Equipment & Parts,8769.13,-1.54,1147.8,10935.26,663.99,19.81,39.48,9635.98,8037.68,98086.75,59090.0,0.6,Bearish,23.0,"Above 200 DMA, Weak but watchable RSI",-12.99,5.56,11.1,-5.63,-5.04,4.4,-7.36,10.6,6.7,35.0,"Positive 3M return, Positive 6M return, 3M Nifty outperformance",16.47,Lower Range Watch,68.45,7995.57,10004.26,25.12,38.51,80.0% of closes stayed inside the range | Range width 25.1% | Currently 38.5% through the range,21.29,8.58,9.18,5.14,12.54,29.38,12.27,1.54,1.0,584.0,475.61,-283.29,-613.96,57.1429,47.8647,13.4064,38.0,0.152,72330.69,21.59,Capital Goods / Infra,10.0,15.0,18.0,0.0,7.0,50.0,1.0,"Strong ROE, Cash covers debt","Negative operating cash flow, Negative free cash flow",0.0,50.0,,31.27,9.0,"Negative operating cash flow, Negative free cash flow",27.69,Avoid,"Above 200 DMA, Weak but watchable RSI, Strong ROE, Cash covers debt, Positive 3M return, Positive 6M return, 3M Nifty outperformance, 80.0% of closes stayed inside the range | Range width 25.1% | Currently 38.5% through the range"
NESTLEIND,Consumer Defensive,Packaged Foods,1083.86,1.39,860.07,1360.46,26.02,20.33,32.42,1202.32,1223.39,1891689.0,1383330.0,0.73,Bearish,13.0,"Weak but watchable RSI, Positive day move",-5.83,-12.12,-9.11,-5.63,-5.04,4.4,-0.2,-7.08,-13.51,0.0,,83.33,Accumulation Zone,73.7,1114.25,1277.57,14.66,0.0,80.0% of closes stayed inside the range | Range width 14.7% | Currently 0.0% through the range,97.21,26.62,19.93,14.24,14.49,12.85,11.0,1.13,0.51,926.55,270.52,2737.43,2187.51,76.4587,60.7096,56.3512,80.0,0.426,290596.98,55.13,FMCG / Consumer,23.0,10.0,14.0,17.0,5.0,69.0,1.0,"Strong ROE, Cash covers debt",,8.0,77.0,"Strong ROE for a consumer staples business, Low debt, typical of a healthy consumer business",36.25,8.0,Below 200 DMA,27.64,Avoid,"Weak but watchable RSI, Positive day move, Strong ROE, Cash covers debt, 80.0% of closes stayed inside the range | Range width 14.7% | Currently 0.0% through the range"
ADANIPORTS,Industrials,Marine Shipping,1267.76,1.17,387.26,1599.91,227.37,20.76,36.4,1384.09,1372.95,2042348.0,1445637.0,0.71,Bearish,13.0,"Weak but watchable RSI, Positive day move",-8.99,-14.29,-3.81,-5.63,-5.04,4.4,-3.36,-9.25,-8.21,0.0,,74.12,Accumulation Zone,74.21,1339.71,1490.46,11.25,0.0,80.0% of closes stayed inside the range | Range width 11.3% | Currently 0.0% through the range,15.32,6.82,45.5,30.36,28.1,52.78,92.86,1.06,1.03,1575.73,49166.66,15017.58,7601.28,28.4908,21.3027,3.9976,45.0,0.507,383609.18,64.4,Capital Goods / Infra,18.0,20.0,8.0,17.0,11.0,74.0,1.0,,,5.0,79.0,Strong order-book-driven revenue growth,31.27,8.0,Below 200 DMA,27.59,Avoid,"Weak but watchable RSI, Positive day move, 80.0% of closes stayed inside the range | Range width 11.3% | Currently 0.0% through the range"
360ONE,Financial Services,Asset Management,1030.41,-0.22,373.47,1191.54,175.9,13.52,50.26,1036.17,871.28,565023.6,282451.0,0.5,Bearish,45.0,"Above 200 DMA, Healthy RSI momentum, Near 52W high momentum",-1.98,-4.61,33.4,-5.63,-5.04,4.4,3.65,0.43,29.0,35.0,"Strong 6M absolute return, 6M Nifty outperformance",24.72,Profit Booking Zone,74.43,784.5,1080.35,37.71,83.12,80.0% of closes stayed inside the range | Range width 37.7% | Currently 83.1% through the range,23.31,5.32,36.73,40.09,21.79,22.23,271.07,0.85,,442.74,9351.16,-470.11,-572.17,38.533,28.3458,4.787,1.54,0.47,47239.83,72.87,Financial Services,20.0,16.0,0.0,0.0,8.0,44.0,0.93,Strong ROE,"Very high debt, Negative operating cash flow, Negative free cash flow",12.0,56.0,"High leverage is structural for this sector, Strong ROE for a leveraged-balance-sheet business",32.12,17.0,"Very high debt, Negative operating cash flow, Negative free cash flow",27.42,Avoid,"Above 200 DMA, Healthy RSI momentum, Near 52W high momentum, Strong ROE, Strong 6M absolute return, 6M Nifty outperformance, 80.0% of closes stayed inside the range | Range width 37.7% | Currently 83.1% through the range"
MARICO,Consumer Defensive,Household & Personal Products,583.49,0.49,445.44,705.75,30.99,17.32,30.69,652.59,590.69,2495283.25,2092848.0,0.84,Bearish,13.0,"Weak but watchable RSI, Positive day move",-11.08,-11.03,-0.32,-5.63,-5.04,4.4,-5.45,-5.99,-4.72,0.0,,83.33,Accumulation Zone,73.86,597.69,679.0,13.6,0.0,80.0% of closes stayed inside the range | Range width 13.6% | Currently 0.0% through the range,38.65,19.96,19.51,15.47,-1.2,13.75,13.78,1.64,1.09,228.0,528.0,1387.0,1234.0,58.8033,43.8817,26.3637,47.0,0.184,110823.09,43.87,FMCG / Consumer,23.0,5.0,15.0,17.0,7.0,67.0,1.0,Strong ROE,Revenue contraction,8.0,75.0,"Strong ROE for a consumer staples business, Low debt, typical of a healthy consumer business",36.25,8.0,Below 200 DMA,26.94,Avoid,"Weak but watchable RSI, Positive day move, Strong ROE, 80.0% of closes stayed inside the range | Range width 13.6% | Currently 0.0% through the range"
APLAPOLLO,Basic Materials,Steel,1465.93,0.04,928.18,1786.88,57.94,17.96,41.55,1501.19,1505.74,452046.1,330262.0,0.73,Bearish,13.0,"Weak but watchable RSI, Positive day move",-6.66,9.63,-13.07,-5.63,-5.04,4.4,-1.03,14.67,-17.47,25.0,"Positive 3M return, 3M Nifty outperformance",31.58,Lower Range Watch,69.34,1411.51,1584.36,12.25,31.49,80.0% of closes stayed inside the range | Range width 12.2% | Currently 31.5% through the range,20.32,10.19,5.82,4.18,11.69,14.11,31.74,1.34,0.68,345.16,1144.25,1111.56,416.72,45.1016,31.4255,10.471,29.0,0.301,55451.16,15.61,Metals / Mining,10.0,10.0,9.0,17.0,7.0,53.0,1.0,Strong ROE,,4.0,57.0,"General quality ROE, General low-debt support",33.45,8.0,Below 200 DMA,26.47,Avoid,"Weak but watchable RSI, Positive day move, Strong ROE, Positive 3M return, 3M Nifty outperformance, 80.0% of closes stayed inside the range | Range width 12.2% | Currently 31.5% through the range"
KEI,Industrials,Electrical Equipment & Parts,3709.06,-2.49,1330.3,5029.01,178.81,26.25,31.72,4178.04,4003.2,266851.35,188200.0,0.71,Bearish,8.0,Weak but watchable RSI,-8.39,-21.07,-10.84,-5.63,-5.04,4.4,-2.76,-16.03,-15.24,0.0,,74.12,Accumulation Zone,72.51,3981.56,4601.32,15.57,0.0,80.0% of closes stayed inside the range | Range width 15.6% | Currently 0.0% through the range,18.45,12.47,9.9,7.23,17.29,21.66,5.28,2.58,1.65,665.04,166.23,610.5,210.01,55.0991,39.2189,8.2533,8.0,0.529,55008.58,23.88,Capital Goods / Infra,14.0,16.0,20.0,17.0,7.0,74.0,1.0,"Strong ROE, Cash covers debt",,5.0,79.0,Strong order-book-driven revenue growth,31.27,8.0,Below 200 DMA,26.34,Avoid,"Weak but watchable RSI, Strong ROE, Cash covers debt, 80.0% of closes stayed inside the range | Range width 15.6% | Currently 0.0% through the range"
JSWSTEEL,Basic Materials,Steel,941.89,1.15,601.78,1054.09,56.52,10.64,43.85,969.59,891.71,1642026.65,1143965.0,0.7,Bearish,28.0,"Above 200 DMA, Weak but watchable RSI, Positive day move",-4.31,3.57,5.49,-5.63,-5.04,4.4,1.32,8.61,1.09,20.0,"Positive 3M return, Positive 6M return",35.96,Neutral Range,70.38,882.75,991.26,12.29,54.5,80.0% of closes stayed inside the range | Range width 12.3% | Currently 54.5% through the range,11.35,3.86,11.88,5.11,5.46,112.64,135.97,0.98,0.4,5460.0,105609.0,12078.0,-3723.0,12.6581,17.4188,3.096,55.0,0.627,309784.53,42.29,Metals / Mining,5.0,12.0,2.0,9.0,10.0,38.0,1.0,,Negative free cash flow,0.0,38.0,,33.45,4.0,Negative free cash flow,26.32,Avoid,"Above 200 DMA, Weak but watchable RSI, Positive day move, Positive 3M return, Positive 6M return, 80.0% of closes stayed inside the range | Range width 12.3% | Currently 54.5% through the range"
ADANIPOWER,Utilities,Utilities - Independent Power Producers,105.37,-4.05,26.48,179.17,297.92,41.19,26.14,124.21,127.28,14751045.75,18324215.0,1.24,Bearish,9.0,"Oversold RSI, Normal volume support",-13.83,-24.24,-17.16,-5.63,-5.04,4.4,-8.2,-19.2,-21.56,0.0,,67.65,Accumulation Zone,71.37,118.53,147.69,24.6,0.0,80.0% of closes stayed inside the range | Range width 24.6% | Currently 0.0% through the range,48.28,22.56,29.46,41.62,31.63,94.18,79.8,1.62,1.36,1136.25,34431.07,14170.15,11567.7,27.9716,26.0646,6.1471,,0.475,399173.9,43.48,Energy / Utilities,25.0,20.0,10.0,17.0,7.0,79.0,0.93,Strong ROE,,2.0,81.0,General quality ROE,24.58,8.0,Below 200 DMA,26.29,Avoid,"Oversold RSI, Normal volume support, Strong ROE, 80.0% of closes stayed inside the range | Range width 24.6% | Currently 0.0% through the range"
KOTAKBANK,Financial Services,Banks - Regional,343.56,0.87,307.55,410.9,11.71,16.39,40.92,360.69,352.26,18584666.75,10412075.0,0.56,Bearish,18.0,"Weak but watchable RSI, Near 52W low zone, Positive day move",-7.93,-4.59,1.66,-5.63,-5.04,4.4,-2.3,0.45,-2.74,10.0,Positive 6M return,48.31,Accumulation Zone,75.15,342.62,373.32,8.96,3.05,80.0% of closes stayed inside the range | Range width 9.0% | Currently 3.0% through the range,14.01,2.37,,26.14,34.35,22.03,57.79,,,68460.24,75105.61,15685.0,14558.31,19.2649,15.2838,2.1432,17.0,0.275,388409.46,0.0,Banking,10.0,18.0,4.0,17.0,15.0,64.0,0.79,,,0.0,64.0,,32.12,8.0,Below 200 DMA,26.22,Avoid,"Weak but watchable RSI, Near 52W low zone, Positive day move, Positive 6M return, 80.0% of closes stayed inside the range | Range width 9.0% | Currently 3.0% through the range"
ULTRACEMCO,Basic Materials,Building Materials,10352.62,-0.91,5786.89,11820.27,78.9,12.42,33.98,11037.45,10376.6,314011.5,424186.0,1.35,Bearish,18.0,"Weak but watchable RSI, Volume expansion",-3.96,-6.33,8.13,-5.63,-5.04,4.4,1.67,-1.29,3.73,10.0,Positive 6M return,51.75,Accumulation Zone,75.45,10447.08,11489.83,9.98,0.0,80.0% of closes stayed inside the range | Range width 10.0% | Currently 0.0% through the range,11.63,6.95,13.85,10.03,11.99,38.33,18.93,0.86,0.55,553.58,11402.95,10897.54,1891.95,41.0332,27.5174,4.5645,2.04,0.505,349797.12,58.4,Cement / Realty,10.0,15.0,9.0,17.0,9.0,60.0,1.0,,,2.0,62.0,General low-debt support,33.45,8.0,Below 200 DMA,25.72,Avoid,"Weak but watchable RSI, Volume expansion, Positive 6M return, 80.0% of closes stayed inside the range | Range width 10.0% | Currently 0.0% through the range"
GLAXO,Healthcare,Drug Manufacturers - General,2321.52,-1.85,1135.42,2959.02,104.46,21.54,30.84,2579.1,2341.77,87441.25,42354.0,0.48,Bearish,8.0,Weak but watchable RSI,-8.9,-16.23,7.26,-5.63,-5.04,4.4,-3.27,-11.19,2.86,10.0,Positive 6M return,84.09,Accumulation Zone,72.87,2423.6,2743.36,13.19,0.0,80.0% of closes stayed inside the range | Range width 13.2% | Currently 0.0% through the range,33.19,16.59,24.36,17.14,6.68,-3.39,1.05,1.84,1.49,64.17,18.66,582.02,550.79,41.6103,33.2197,19.5764,2.19,0.057,44387.77,64.2,Pharma / Healthcare,23.0,2.0,18.0,17.0,7.0,67.0,1.0,"Strong ROE, Cash covers debt",Earnings contraction,4.0,71.0,"General quality ROE, General low-debt support",49.08,11.0,"Below 200 DMA, Low volume participation",25.71,Avoid,"Weak but watchable RSI, Strong ROE, Cash covers debt, Positive 6M return, 80.0% of closes stayed inside the range | Range width 13.2% | Currently 0.0% through the range"
COLPAL,Consumer Defensive,Household & Personal Products,2659.75,1.51,1327.04,3733.22,100.43,28.75,18.05,3265.99,2884.48,506183.1,448709.0,0.89,Bearish,9.0,"Oversold RSI, Positive day move",-18.39,-22.09,4.73,-5.63,-5.04,4.4,-12.76,-17.05,0.33,10.0,Positive 6M return,56.25,Accumulation Zone,70.55,2716.58,3533.02,30.05,0.0,80.0% of closes stayed inside the range | Range width 30.1% | Currently 0.0% through the range,70.62,41.41,30.65,23.45,8.8,26.41,3.83,1.54,1.3,888.99,71.75,1198.96,1123.4,40.4887,34.0636,34.4253,2.39,0.522,54533.12,68.93,FMCG / Consumer,25.0,15.0,18.0,17.0,7.0,82.0,1.0,"Strong ROE, Cash covers debt",,8.0,90.0,"Strong ROE for a consumer staples business, Low debt, typical of a healthy consumer business",36.25,16.0,"Below 200 DMA, Extreme RSI weakness",25.69,Avoid,"Oversold RSI, Positive day move, Strong ROE, Cash covers debt, Positive 6M return, 80.0% of closes stayed inside the range | Range width 30.1% | Currently 0.0% through the range"
CANBK,Financial Services,Banks - Regional,91.76,0.71,36.32,117.29,152.62,21.77,40.01,97.25,103.24,25011205.65,17115166.0,0.68,Bearish,13.0,"Weak but watchable RSI, Positive day move",-6.2,-11.84,-11.39,-5.63,-5.04,4.4,-0.57,-6.8,-15.79,0.0,,78.65,Accumulation Zone,73.63,95.92,110.4,15.09,0.0,80.0% of closes stayed inside the range | Range width 15.1% | Currently 0.0% through the range,16.58,1.0,,23.11,19.4,35.75,65.19,,,151164.69,60061.27,15046.5,13793.35,5.9486,5.6696,1.0172,3.22,0.503,119732.59,0.0,Banking,10.0,18.0,7.0,17.0,15.0,67.0,0.79,Cash covers debt,,6.0,73.0,Strong ROE for a leveraged-balance-sheet business,32.12,8.0,Below 200 DMA,25.62,Avoid,"Weak but watchable RSI, Positive day move, Cash covers debt, 80.0% of closes stayed inside the range | Range width 15.1% | Currently 0.0% through the range"
INDUSTOWER,Communication Services,Telecom Services,311.43,1.7,130.25,443.65,139.1,29.8,30.8,360.88,333.07,7013057.2,6992604.0,1.0,Bearish,13.0,"Weak but watchable RSI, Positive day move",-15.97,-24.55,-6.18,-5.63,-5.04,4.4,-10.34,-19.51,-10.58,0.0,,80.0,Accumulation Zone,71.58,325.07,418.66,28.79,0.0,80.0% of closes stayed inside the range | Range width 28.8% | Currently 0.0% through the range,22.32,10.8,30.19,21.11,0.77,195.89,75.93,1.03,1.03,63.1,20531.0,11582.1,2629.2,14.1424,12.5435,2.4433,3.79,0.05,101110.34,55.94,Telecom,22.0,10.0,8.0,17.0,15.0,72.0,1.0,Strong ROE,,2.0,74.0,General quality ROE,27.5,8.0,Below 200 DMA,25.28,Avoid,"Weak but watchable RSI, Positive day move, Strong ROE, 80.0% of closes stayed inside the range | Range width 28.8% | Currently 0.0% through the range"
BALKRISIND,Consumer Cyclical,Auto Parts,2715.75,0.29,1750.0,3327.52,55.19,18.39,39.33,2919.59,2745.54,167923.35,95252.0,0.57,Bearish,13.0,"Weak but watchable RSI, Positive day move",-8.27,-3.2,3.51,-5.63,-5.04,4.4,-2.64,1.84,-0.89,10.0,Positive 6M return,49.04,Accumulation Zone,73.8,2785.32,3174.21,13.96,0.0,80.0% of closes stayed inside the range | Range width 14.0% | Currently 0.0% through the range,16.62,10.75,17.26,15.82,-3.54,39.16,35.01,1.27,0.9,74.62,3099.44,2081.99,983.44,34.3358,24.8272,4.406,75.0,0.321,48269.36,50.17,Automobile,16.0,10.0,9.0,17.0,11.0,63.0,1.0,,Revenue contraction,2.0,65.0,General low-debt support,31.77,8.0,Below 200 DMA,25.27,Avoid,"Weak but watchable RSI, Positive day move, Positive 6M return, 80.0% of closes stayed inside the range | Range width 14.0% | Currently 0.0% through the range"
JKCEMENT,Basic Materials,Building Materials,3900.36,-1.88,2388.03,4865.63,63.33,19.84,30.02,4372.79,4237.85,98666.75,178190.0,1.81,Bearish,18.0,"Weak but watchable RSI, Volume expansion",-8.79,-8.79,1.19,-5.63,-5.04,4.4,-3.16,-3.75,-3.21,10.0,Positive 6M return,51.75,Breakdown Risk,35.0,4041.21,4618.82,14.29,0.0,80.0% of closes stayed inside the range | Range width 14.3% | Currently 0.0% through the range | Below lower band on elevated volume,14.73,5.34,13.41,7.06,17.88,86.71,103.45,1.29,0.94,174.41,5552.04,1959.1,786.52,43.8603,27.6921,5.922,37.0,0.412,41674.63,62.85,Cement / Realty,12.0,18.0,4.0,17.0,9.0,60.0,1.0,,,0.0,60.0,,33.45,8.0,Below 200 DMA,25.02,Avoid,"Weak but watchable RSI, Volume expansion, Positive 6M return, 80.0% of closes stayed inside the range | Range width 14.3% | Currently 0.0% through the range | Below lower band on elevated volume"
ABB,Industrials,Specialty Industrial Machinery,6470.19,-0.81,2557.9,8922.81,152.95,27.49,27.61,7584.9,7013.69,507239.05,327357.0,0.65,Bearish,4.0,Oversold RSI,-24.56,-14.95,-20.74,-5.63,-5.04,4.4,-18.93,-9.91,-25.14,0.0,,74.12,Accumulation Zone,71.69,7254.61,8374.57,15.44,0.0,80.0% of closes stayed inside the range | Range width 15.4% | Currently 0.0% through the range,20.89,11.29,13.64,11.98,21.98,22.22,0.82,1.9,1.59,876.88,48.98,1351.48,1168.4,102.0381,73.5122,17.5008,52.0,0.486,163381.35,37.28,Capital Goods / Infra,16.0,16.0,19.0,17.0,5.0,73.0,1.0,"Strong ROE, Cash covers debt",Very high PE,5.0,78.0,Strong order-book-driven revenue growth,31.27,8.0,Below 200 DMA,24.99,Avoid,"Oversold RSI, Strong ROE, Cash covers debt, 80.0% of closes stayed inside the range | Range width 15.4% | Currently 0.0% through the range"
MARUTI,Consumer Cyclical,Auto Manufacturers,10866.03,0.8,7763.06,13273.58,39.97,18.14,35.87,11838.25,11824.69,629200.6,333440.0,0.53,Bearish,13.0,"Weak but watchable RSI, Positive day move",-8.35,-9.18,-11.41,-5.63,-5.04,4.4,-2.72,-4.14,-15.81,0.0,,80.77,Accumulation Zone,74.06,11115.97,12477.35,12.25,0.0,80.0% of closes stayed inside the range | Range width 12.2% | Currently 0.0% through the range,15.75,11.69,9.82,9.88,19.97,63.22,0.14,0.87,0.67,2659.5,118.6,16801.1,7601.2,30.423,22.9458,4.071,100.0,0.239,436233.54,26.35,Automobile,11.0,18.0,12.0,17.0,11.0,69.0,1.0,Cash covers debt,,2.0,71.0,General low-debt support,31.77,8.0,Below 200 DMA,24.87,Avoid,"Weak but watchable RSI, Positive day move, Cash covers debt, 80.0% of closes stayed inside the range | Range width 12.2% | Currently 0.0% through the range"
AMBUJACEM,Basic Materials,Building Materials,545.84,1.11,309.86,700.9,76.16,22.12,36.54,588.08,610.57,2028345.75,1707792.0,0.84,Bearish,13.0,"Weak but watchable RSI, Positive day move",-4.08,-12.12,-11.03,-5.63,-5.04,4.4,1.55,-7.08,-15.43,0.0,,83.33,Accumulation Zone,72.96,565.69,676.29,19.55,0.0,80.0% of closes stayed inside the range | Range width 19.6% | Currently 0.0% through the range,8.62,5.49,14.7,10.99,4.99,84.34,1.69,1.98,1.68,3007.1,699.01,5645.82,1163.36,23.7585,28.9663,1.7535,47.0,0.221,104610.8,56.82,Cement / Realty,10.0,12.0,19.0,17.0,10.0,68.0,1.0,Cash covers debt,,2.0,70.0,General low-debt support,33.45,8.0,Below 200 DMA,24.77,Avoid,"Weak but watchable RSI, Positive day move, Cash covers debt, 80.0% of closes stayed inside the range | Range width 19.6% | Currently 0.0% through the range"
MUTHOOTFIN,Financial Services,Credit Services,1847.23,6.18,861.43,2036.4,114.44,9.29,49.82,1902.53,1680.78,532348.0,3587575.0,6.74,Bearish,52.0,"Above 200 DMA, RSI recovering, Strong volume expansion, Strong positive day move",-4.22,0.55,13.9,-5.63,-5.04,4.4,1.41,5.59,9.5,20.0,"Positive 3M return, Positive 6M return",32.58,Neutral Range,75.66,1707.13,1948.81,14.16,57.97,80.0% of closes stayed inside the range | Range width 14.2% | Currently 58.0% through the range,17.22,4.48,,44.78,25.24,19.71,269.81,,,6389.0,67741.84,-13605.49,-13827.91,10.2879,9.0103,2.951,1.03,0.529,115474.38,100.0,Financial Services,10.0,18.0,0.0,0.0,14.0,42.0,0.79,,"Very high debt, Negative operating cash flow, Negative free cash flow",12.0,54.0,"High leverage is structural for this sector, Strong ROE for a leveraged-balance-sheet business",32.12,17.0,"Very high debt, Negative operating cash flow, Negative free cash flow",24.72,Avoid,"Above 200 DMA, RSI recovering, Strong volume expansion, Strong positive day move, Positive 3M return, Positive 6M return, 80.0% of closes stayed inside the range | Range width 14.2% | Currently 58.0% through the range"
HINDZINC,Basic Materials,Other Industrial Metals & Mining,477.94,0.2,194.09,749.99,146.25,36.27,42.68,492.25,466.53,3815179.4,2851127.0,0.75,Bearish,28.0,"Above 200 DMA, Weak but watchable RSI, Positive day move",-2.0,0.41,-12.79,-5.63,-5.04,4.4,3.63,5.45,-17.19,10.0,Positive 3M return,51.75,Accumulation Zone,73.91,474.34,625.48,31.86,2.38,80.0% of closes stayed inside the range | Range width 31.9% | Currently 2.4% through the range,51.06,22.89,36.99,27.63,-15.6,-26.18,60.03,1.16,0.99,53.0,9121.0,13346.0,9480.0,14.4846,13.3134,10.9157,3.58,0.661,247012.13,75.8,Metals / Mining,25.0,0.0,6.0,17.0,11.0,59.0,1.0,Strong ROE,"Revenue contraction, Earnings contraction",4.0,63.0,"General quality ROE, General low-debt support",33.45,12.0,"Revenue contraction, Earnings contraction",24.57,Avoid,"Above 200 DMA, Weak but watchable RSI, Positive day move, Strong ROE, Positive 3M return, 80.0% of closes stayed inside the range | Range width 31.9% | Currently 2.4% through the range"
MRF,Consumer Cyclical,Auto Parts,120455.93,0.26,78177.46,150724.01,54.08,20.08,38.07,129463.6,132856.21,7744.8,6728.0,0.87,Bearish,13.0,"Weak but watchable RSI, Positive day move",-6.63,-11.05,-6.28,-5.63,-5.04,4.4,-1.0,-6.01,-10.68,0.0,,80.77,Accumulation Zone,73.9,122112.06,138346.72,13.29,0.0,80.0% of closes stayed inside the range | Range width 13.3% | Currently 0.0% through the range,12.46,7.75,11.59,8.32,9.45,170.66,16.89,1.37,0.79,303.07,2821.5,3303.36,1139.86,22.9289,19.5371,2.6445,35.0,,55467.79,35.97,Automobile,12.0,15.0,11.0,17.0,13.0,68.0,1.0,,,2.0,70.0,General low-debt support,31.77,8.0,Below 200 DMA,24.52,Avoid,"Weak but watchable RSI, Positive day move, 80.0% of closes stayed inside the range | Range width 13.3% | Currently 0.0% through the range"
LAURUSLABS,Healthcare,Drug Manufacturers - Specialty & Generic,482.11,-0.48,276.17,598.68,74.57,19.47,51.38,475.73,439.25,3331748.9,1030870.0,0.31,Bullish,50.0,"Above 50 DMA, Above 200 DMA, Healthy RSI momentum",1.87,10.66,9.97,-5.63,-5.04,4.4,7.5,15.7,5.57,63.0,"Positive 1M return, Positive 3M return, Positive 6M return, 1M Nifty outperformance, 3M Nifty outperformance, Positive across 1M/3M/6M",37.5,Profit Booking Zone,79.72,426.1,489.38,14.85,88.51,80.0% of closes stayed inside the range | Range width 14.9% | Currently 88.5% through the range,3.91,1.91,7.89,3.21,-16.83,-79.68,62.7,1.23,0.64,138.94,2577.4,665.69,-12.62,91.358,64.5153,18.8439,13.0,0.357,99957.76,59.45,Pharma / Healthcare,0.0,0.0,6.0,9.0,5.0,20.0,1.0,,"Revenue contraction, Earnings contraction, Negative free cash flow, Very high PE",2.0,22.0,General low-debt support,49.08,19.0,"Low volume participation, Revenue contraction, Earnings contraction, Negative free cash flow",24.31,Avoid,"Above 50 DMA, Above 200 DMA, Healthy RSI momentum, Positive 1M return, Positive 3M return, Positive 6M return, 1M Nifty outperformance, 3M Nifty outperformance, Positive across 1M/3M/6M, 80.0% of closes stayed inside the range | Range width 14.9% | Currently 88.5% through the range"
LT,Industrials,Engineering & Construction,3475.47,0.45,1730.13,3816.11,100.88,8.93,48.13,3514.68,3495.73,1970766.05,1233217.0,0.63,Bearish,17.0,"RSI recovering, Positive day move",-1.0,-0.86,3.46,-5.63,-5.04,4.4,4.63,4.18,-0.94,10.0,Positive 6M return,36.47,Accumulation Zone,71.98,3421.01,3635.01,6.26,25.45,80.0% of closes stayed inside the range | Range width 6.3% | Currently 25.4% through the range,15.12,3.84,9.92,5.96,20.62,24.72,134.7,1.23,1.2,11958.5,116322.22,18266.28,13749.75,33.4443,22.303,5.06,94.0,0.508,553098.2,37.43,Capital Goods / Infra,4.0,16.0,6.0,17.0,11.0,54.0,1.0,,,5.0,59.0,Strong order-book-driven revenue growth,31.27,8.0,Below 200 DMA,24.09,Avoid,"RSI recovering, Positive day move, Positive 6M return, 80.0% of closes stayed inside the range | Range width 6.3% | Currently 25.4% through the range"
BERGEPAINT,Basic Materials,Specialty Chemicals,472.59,-2.55,428.37,665.9,10.32,29.03,25.13,560.01,533.41,891791.35,460129.0,0.52,Bearish,9.0,"Oversold RSI, Near 52W low zone",-13.84,-15.61,-1.92,-5.63,-5.04,4.4,-8.21,-10.57,-6.32,0.0,,83.33,Accumulation Zone,71.26,483.79,606.28,25.32,0.0,80.0% of closes stayed inside the range | Range width 25.3% | Currently 0.0% through the range,21.71,13.95,14.06,10.52,6.58,35.88,14.0,1.83,0.91,240.26,753.29,1591.05,1316.06,51.2637,43.1943,9.4377,75.0,0.449,65272.83,40.89,Chemicals,17.0,12.0,13.0,17.0,7.0,66.0,1.0,Strong ROE,,4.0,70.0,"General quality ROE, General low-debt support",33.45,8.0,Below 200 DMA,23.77,Avoid,"Oversold RSI, Near 52W low zone, Strong ROE, 80.0% of closes stayed inside the range | Range width 25.3% | Currently 0.0% through the range"
AUBANK,Financial Services,Banks - Regional,577.73,0.89,545.21,810.33,5.96,28.7,33.28,673.49,636.7,2765517.85,2176589.0,0.79,Bearish,21.0,"Weak but watchable RSI, Near 52W low with stable RSI, Positive day move",-15.31,-6.79,-7.12,-5.63,-5.04,4.4,-9.68,-1.75,-11.52,0.0,,78.65,Accumulation Zone,74.81,610.39,722.97,18.44,0.0,80.0% of closes stayed inside the range | Range width 18.4% | Currently 0.0% through the range,12.22,1.4,,22.39,25.55,7.48,43.63,,,6441.21,5479.37,2608.07,2261.65,28.9496,17.9736,4.084,9.0,,81746.32,0.0,Banking,10.0,12.0,10.0,17.0,11.0,60.0,0.79,Cash covers debt,,0.0,60.0,,32.12,8.0,Below 200 DMA,23.07,Avoid,"Weak but watchable RSI, Near 52W low with stable RSI, Positive day move, Cash covers debt, 80.0% of closes stayed inside the range | Range width 18.4% | Currently 0.0% through the range"
SCHAEFFLER,Consumer Cyclical,Auto Parts,3359.44,-0.24,2474.05,4869.38,35.79,31.01,35.71,3696.05,3657.84,85196.05,74849.0,0.88,Bearish,8.0,Weak but watchable RSI,-14.69,-13.82,-20.78,-5.63,-5.04,4.4,-9.06,-8.78,-25.18,0.0,,80.77,Accumulation Zone,69.98,3454.97,4576.81,32.47,0.0,80.0% of closes stayed inside the range | Range width 32.5% | Currently 0.0% through the range,18.71,14.35,15.47,12.61,5.79,2.25,1.06,2.92,1.99,69.71,51.1,884.46,364.36,51.4953,40.9915,10.512,84.0,0.118,64487.76,38.41,Automobile,19.0,2.0,20.0,17.0,7.0,65.0,1.0,"Strong ROE, Cash covers debt",,4.0,69.0,"General quality ROE, General low-debt support",31.77,8.0,Below 200 DMA,22.92,Avoid,"Weak but watchable RSI, Strong ROE, Cash covers debt, 80.0% of closes stayed inside the range | Range width 32.5% | Currently 0.0% through the range"
DMART,Consumer Defensive,Discount Stores,3790.55,-0.87,3292.0,5484.85,15.14,30.89,28.84,4523.85,4540.35,431048.9,656068.0,1.52,Bearish,19.0,"Oversold RSI, Near 52W low zone, Volume expansion",-4.92,-25.37,-19.06,-5.63,-5.04,4.4,0.71,-20.33,-23.46,0.0,,83.33,Breakdown Risk,35.0,3963.22,5221.72,31.75,0.0,80.0% of closes stayed inside the range | Range width 31.8% | Currently 0.0% through the range | Below lower band on elevated volume,13.56,11.98,6.66,5.0,18.64,6.63,3.17,3.13,1.15,1271.77,592.16,2745.84,14.59,85.8843,58.628,10.7462,,0.228,263507.36,15.19,General,8.0,10.0,19.0,17.0,3.0,57.0,0.93,Cash covers debt,Very high PE,2.0,59.0,General low-debt support,36.25,8.0,Below 200 DMA,22.84,Avoid,"Oversold RSI, Near 52W low zone, Volume expansion, Cash covers debt, 80.0% of closes stayed inside the range | Range width 31.8% | Currently 0.0% through the range | Below lower band on elevated volume"
DLF,Real Estate,Real Estate - Development,744.73,-0.41,325.47,943.27,128.82,21.05,37.9,823.51,829.87,3441878.1,2762739.0,0.8,Bearish,8.0,Weak but watchable RSI,-13.2,-12.42,-9.99,-5.63,-5.04,4.4,-7.57,-7.38,-14.39,0.0,,80.0,Accumulation Zone,73.47,785.49,857.8,9.21,0.0,80.0% of closes stayed inside the range | Range width 9.2% | Currently 0.0% through the range,6.92,4.53,29.33,43.64,9.98,33.96,12.26,2.3,0.81,767.53,4833.86,2538.81,2423.29,36.8868,25.8892,3.6022,1.23,0.386,163803.75,46.51,Cement / Realty,12.0,15.0,14.0,17.0,8.0,66.0,1.0,,,2.0,68.0,General low-debt support,30.06,8.0,Below 200 DMA,22.31,Avoid,"Weak but watchable RSI, 80.0% of closes stayed inside the range | Range width 9.2% | Currently 0.0% through the range"
SHREECEM,Basic Materials,Building Materials,23716.62,-0.65,19811.99,30343.18,19.71,21.84,34.51,24922.61,25636.68,29205.15,8464.0,0.29,Bearish,13.0,"Weak but watchable RSI, Near 52W low zone",-1.6,-3.22,-8.83,-5.63,-5.04,4.4,4.03,1.82,-13.23,0.0,,83.33,Accumulation Zone,73.9,24182.08,27398.94,13.3,0.0,80.0% of closes stayed inside the range | Range width 13.3% | Currently 0.0% through the range,11.57,8.57,12.89,11.92,15.2,88.53,8.0,1.99,1.41,262.36,1655.55,3347.49,147.14,56.6297,37.086,10.0126,55.0,,92258.47,73.54,Cement / Realty,12.0,18.0,15.0,17.0,7.0,69.0,1.0,,,2.0,71.0,General low-debt support,33.45,11.0,"Below 200 DMA, Low volume participation",22.12,Avoid,"Weak but watchable RSI, Near 52W low zone, 80.0% of closes stayed inside the range | Range width 13.3% | Currently 0.0% through the range"
JSL,Basic Materials,Steel,685.24,-0.81,115.54,841.14,493.08,18.53,42.72,726.1,711.25,687205.35,684545.0,1.0,Bearish,8.0,Weak but watchable RSI,-7.27,-6.7,-2.3,-5.63,-5.04,4.4,-1.64,-1.66,-6.7,0.0,,83.33,Accumulation Zone,70.88,675.75,804.81,19.1,7.35,80.0% of closes stayed inside the range | Range width 19.1% | Currently 7.4% through the range,18.9,8.8,9.47,7.06,7.98,28.31,42.15,1.47,0.68,1229.7,6052.26,4818.13,3343.22,18.7427,14.2066,13.508,55.0,0.554,60799.26,21.99,Metals / Mining,13.0,12.0,9.0,17.0,11.0,62.0,1.0,Strong ROE,,4.0,66.0,"General quality ROE, General low-debt support",33.45,8.0,Below 200 DMA,22.12,Avoid,"Weak but watchable RSI, Strong ROE, 80.0% of closes stayed inside the range | Range width 19.1% | Currently 7.4% through the range"
BHARTIARTL,Communication Services,Telecom Services,1505.31,-0.87,665.27,1742.32,126.27,13.6,26.89,1616.15,1375.93,4388683.5,4816078.0,1.1,Bearish,24.0,"Above 200 DMA, Oversold RSI, Normal volume support",-10.0,6.06,14.96,-5.63,-5.04,4.4,-4.37,11.1,10.56,35.0,"Positive 3M return, Positive 6M return, 3M Nifty outperformance",20.0,Lower Range Watch,68.54,1381.71,1660.95,20.21,44.26,80.0% of closes stayed inside the range | Range width 20.2% | Currently 44.3% through the range,9.1,1.68,24.82,4.98,7.79,-10.53,262.86,0.42,0.42,6915.5,215592.3,78898.2,38846.7,39.9959,23.6178,7.4958,1.25,0.01,1213418.96,67.86,Telecom,7.0,2.0,0.0,17.0,6.0,32.0,1.0,,"Earnings contraction, Very high debt",0.0,32.0,,27.5,8.0,Very high debt,22.08,Avoid,"Above 200 DMA, Oversold RSI, Normal volume support, Positive 3M return, Positive 6M return, 3M Nifty outperformance, 80.0% of closes stayed inside the range | Range width 20.2% | Currently 44.3% through the range"
ASTRAL,Industrials,Building Products & Equipment,1708.79,-0.87,1287.05,2438.47,32.77,29.92,34.11,1855.21,2015.45,623231.65,504872.0,0.81,Bearish,8.0,Weak but watchable RSI,-8.23,-9.45,-25.33,-5.63,-5.04,4.4,-2.6,-4.41,-29.73,0.0,,74.12,Accumulation Zone,70.3,1780.84,2321.02,30.33,0.0,80.0% of closes stayed inside the range | Range width 30.3% | Currently 0.0% through the range,17.13,12.14,12.92,9.7,9.4,19.6,3.75,1.77,0.96,609.4,119.4,823.4,269.5,73.3834,43.7432,9.6923,28.0,0.166,39330.39,39.36,Capital Goods / Infra,15.0,13.0,16.0,17.0,5.0,66.0,1.0,Cash covers debt,,0.0,66.0,,31.27,8.0,Below 200 DMA,21.79,Avoid,"Weak but watchable RSI, Cash covers debt, 80.0% of closes stayed inside the range | Range width 30.3% | Currently 0.0% through the range"
CONCOR,Industrials,Railroads,765.69,0.03,530.94,1141.62,44.22,32.93,33.26,848.29,932.3,1193983.85,703483.0,0.59,Bearish,13.0,"Weak but watchable RSI, Positive day move",-9.65,-19.34,-27.19,-5.63,-5.04,4.4,-4.02,-14.3,-31.59,0.0,,74.12,Accumulation Zone,71.84,812.57,1032.23,27.03,0.0,80.0% of closes stayed inside the range | Range width 27.0% | Currently 0.0% through the range,10.54,8.88,16.74,15.66,6.93,6.22,7.73,3.44,3.4,193.47,914.48,1386.8,588.87,31.2607,21.9481,3.0133,1.25,0.228,38998.65,39.47,Capital Goods / Infra,14.0,4.0,17.0,17.0,10.0,62.0,1.0,,,0.0,62.0,,31.27,8.0,Below 200 DMA,21.64,Avoid,"Weak but watchable RSI, Positive day move, 80.0% of closes stayed inside the range | Range width 27.0% | Currently 0.0% through the range"
IDFCFIRSTB,Financial Services,Banks - Regional,65.12,3.34,42.78,100.08,52.22,34.93,42.49,69.97,76.17,49527632.0,35353480.0,0.71,Bearish,18.0,"Weak but watchable RSI, Strong positive day move",-8.44,-10.66,-15.12,-5.63,-5.04,4.4,-2.81,-5.62,-19.52,0.0,,78.65,Accumulation Zone,73.8,66.45,80.41,21.01,0.0,80.0% of closes stayed inside the range | Range width 21.0% | Currently 0.0% through the range,9.12,0.99,,13.09,30.75,18.41,136.14,,,12481.16,43935.73,11542.89,10169.28,33.1274,12.8729,1.5569,30.0,,73970.07,0.0,Banking,7.0,18.0,2.0,17.0,13.0,57.0,0.79,,,0.0,57.0,,32.12,8.0,Below 200 DMA,21.27,Avoid,"Weak but watchable RSI, Strong positive day move, 80.0% of closes stayed inside the range | Range width 21.0% | Currently 0.0% through the range"
RBLBANK,Financial Services,Banks - Regional,157.41,2.37,95.02,296.89,65.66,46.98,35.0,189.84,230.59,11994022.7,7609043.0,0.63,Bearish,18.0,"Weak but watchable RSI, Strong positive day move",-22.83,-27.58,-36.67,-5.63,-5.04,4.4,-17.2,-22.54,-41.07,0.0,,78.65,Accumulation Zone,69.38,170.03,255.78,50.43,0.0,80.0% of closes stayed inside the range | Range width 50.4% | Currently 0.0% through the range,8.49,0.91,,13.84,22.4,37.01,100.47,,,14423.42,14907.27,4954.98,4751.34,32.1617,19.5915,1.4386,33.0,0.642,60423.22,0.0,Banking,7.0,18.0,2.0,17.0,13.0,57.0,0.79,,,0.0,57.0,,32.12,8.0,Below 200 DMA,21.27,Avoid,"Weak but watchable RSI, Strong positive day move, 80.0% of closes stayed inside the range | Range width 50.4% | Currently 0.0% through the range"
HAVELLS,Industrials,Electrical Equipment & Parts,1595.9,0.01,998.35,2075.88,59.85,23.12,29.77,1821.28,1696.33,906508.3,458137.0,0.51,Bearish,9.0,"Oversold RSI, Positive day move",-12.47,-14.32,-10.44,-5.63,-5.04,4.4,-6.84,-9.28,-14.84,0.0,,74.12,Accumulation Zone,72.18,1644.31,1959.8,19.19,0.0,80.0% of closes stayed inside the range | Range width 19.2% | Currently 0.0% through the range,17.06,10.22,8.49,6.88,9.92,18.57,4.07,1.84,1.05,265.57,303.16,1952.89,1166.82,49.012,38.6678,8.3918,94.0,0.3,79386.55,32.03,Capital Goods / Infra,11.0,13.0,15.0,17.0,7.0,63.0,1.0,,,0.0,63.0,,31.27,8.0,Below 200 DMA,20.99,Avoid,"Oversold RSI, Positive day move, 80.0% of closes stayed inside the range | Range width 19.2% | Currently 0.0% through the range"
FLUOROCHEM,Basic Materials,Specialty Chemicals,3994.4,-2.59,2472.27,4877.1,61.57,18.1,39.24,4293.33,3575.78,149730.25,115640.0,0.77,Bearish,23.0,"Above 200 DMA, Weak but watchable RSI",-14.87,21.84,23.5,-5.63,-5.04,4.4,-9.24,26.88,19.1,60.0,"Strong 3M absolute return, Positive 6M return, 3M Nifty outperformance, 6M Nifty outperformance",14.04,Neutral Range,67.41,3163.03,4385.01,38.63,68.03,80.0% of closes stayed inside the range | Range width 38.6% | Currently 68.0% through the range,7.33,4.71,15.01,10.37,-25.04,-67.27,35.31,1.36,0.73,31.45,2095.95,626.34,-344.23,87.6185,44.0047,6.5534,7.0,-0.005,50155.31,51.34,Chemicals,6.0,0.0,9.0,9.0,5.0,29.0,1.0,,"Revenue contraction, Earnings contraction, Negative free cash flow, Very high PE",2.0,31.0,General low-debt support,33.45,16.0,"Revenue contraction, Earnings contraction, Negative free cash flow",20.62,Avoid,"Above 200 DMA, Weak but watchable RSI, Strong 3M absolute return, Positive 6M return, 3M Nifty outperformance, 6M Nifty outperformance, 80.0% of closes stayed inside the range | Range width 38.6% | Currently 68.0% through the range"
BDL,Industrials,Aerospace & Defense,932.73,-5.04,383.25,1780.16,143.37,47.6,30.07,1116.37,1157.37,560686.0,895260.0,1.6,Bearish,18.0,"Weak but watchable RSI, Volume expansion",-16.83,-28.17,-19.08,-5.63,-5.04,4.4,-11.2,-23.13,-23.48,0.0,,74.12,Breakdown Risk,35.0,1049.64,1588.93,51.38,0.0,80.0% of closes stayed inside the range | Range width 51.4% | Currently 0.0% through the range | Below lower band on elevated volume,16.85,5.93,19.93,25.98,-4.86,73.98,0.1,3.07,2.41,593.84,3.74,411.72,330.83,113.6556,43.4794,11.5734,39.0,0.326,49119.37,49.94,Capital Goods / Infra,17.0,10.0,20.0,17.0,5.0,69.0,1.0,Cash covers debt,"Revenue contraction, Very high PE",0.0,69.0,,31.27,13.0,"Below 200 DMA, Sharp daily fall",20.34,Avoid,"Weak but watchable RSI, Volume expansion, Cash covers debt, 80.0% of closes stayed inside the range | Range width 51.4% | Currently 0.0% through the range | Below lower band on elevated volume"
M&M,Consumer Cyclical,Auto Manufacturers,2794.86,1.41,1083.49,3163.2,157.95,11.64,46.83,2870.75,2445.52,3942262.75,2405351.0,0.61,Bearish,32.0,"Above 200 DMA, RSI recovering, Positive day move",-3.96,2.73,14.04,-5.63,-5.04,4.4,1.67,7.77,9.64,20.0,"Positive 3M return, Positive 6M return",33.65,Lower Range Watch,71.62,2640.14,3019.75,14.38,40.76,80.0% of closes stayed inside the range | Range width 14.4% | Currently 40.8% through the range,17.02,4.77,14.44,8.3,14.08,9.6,161.09,1.3,1.05,4530.1,106625.52,-5629.95,-15575.94,21.0528,21.6049,4.0858,95.0,0.291,408691.44,38.59,Automobile,10.0,10.0,4.0,0.0,8.0,32.0,1.0,,"Negative operating cash flow, Negative free cash flow",0.0,32.0,,31.77,9.0,"Negative operating cash flow, Negative free cash flow",19.97,Avoid,"Above 200 DMA, RSI recovering, Positive day move, Positive 3M return, Positive 6M return, 80.0% of closes stayed inside the range | Range width 14.4% | Currently 40.8% through the range"
VEDL,Basic Materials,Other Industrial Metals & Mining,410.4,3.25,163.09,480.23,151.65,14.54,42.55,430.39,355.92,8071220.1,13385897.0,1.66,Bearish,43.0,"Above 200 DMA, Weak but watchable RSI, Volume expansion, Strong positive day move",-6.94,4.74,9.18,-5.63,-5.04,4.4,-1.31,9.78,4.78,20.0,"Positive 3M return, Positive 6M return",35.96,Lower Range Watch,72.76,379.21,449.48,18.53,44.38,80.0% of closes stayed inside the range | Range width 18.5% | Currently 44.4% through the range,13.8,2.22,17.51,2.99,-2.48,-59.91,236.87,0.66,0.49,2812.0,72770.0,35654.0,18902.0,12.0753,8.5779,2.169,12.36,0.363,107694.43,53.91,Metals / Mining,7.0,0.0,0.0,17.0,15.0,39.0,1.0,,"Revenue contraction, Earnings contraction, Very high debt",0.0,39.0,,33.45,15.0,"Very high debt, Earnings contraction",19.42,Avoid,"Above 200 DMA, Weak but watchable RSI, Volume expansion, Strong positive day move, Positive 3M return, Positive 6M return, 80.0% of closes stayed inside the range | Range width 18.5% | Currently 44.4% through the range"
BHARATFORG,Consumer Cyclical,Auto Parts,1290.13,-1.82,660.33,1777.61,95.38,27.42,29.47,1463.6,1411.6,923163.35,1548457.0,1.68,Bearish,14.0,"Oversold RSI, Volume expansion",-11.54,-17.3,-11.47,-5.63,-5.04,4.4,-5.91,-12.26,-15.87,0.0,,80.77,Breakdown Risk,35.0,1404.22,1656.66,17.98,0.0,80.0% of closes stayed inside the range | Range width 18.0% | Currently 0.0% through the range | Below lower band on elevated volume,13.27,4.92,11.72,6.32,22.41,80.01,110.84,1.08,0.73,1313.55,7947.53,1664.39,140.37,140.9275,43.1994,10.3879,41.0,0.54,99514.15,53.26,Automobile,10.0,18.0,4.0,17.0,5.0,54.0,1.0,,Very high PE,0.0,54.0,,31.77,8.0,Below 200 DMA,19.17,Avoid,"Oversold RSI, Volume expansion, 80.0% of closes stayed inside the range | Range width 18.0% | Currently 0.0% through the range | Below lower band on elevated volume"
ONGC,Energy,Oil & Gas Integrated,227.56,-0.06,96.9,310.8,134.84,26.78,27.63,254.84,256.28,12410247.9,14636541.0,1.18,Bearish,9.0,"Oversold RSI, Normal volume support",-11.52,-23.48,-8.96,-5.63,-5.04,4.4,-5.89,-18.44,-13.36,0.0,,67.86,Accumulation Zone,71.26,238.34,298.74,25.34,0.0,80.0% of closes stayed inside the range | Range width 25.3% | Currently 0.0% through the range,14.49,6.62,12.87,8.21,-4.9,33.87,56.39,0.83,0.51,2685.95,191195.23,98846.6,46727.79,6.909,5.754,0.809,6.06,0.107,300731.57,35.33,Energy / Utilities,12.0,10.0,4.0,17.0,15.0,58.0,1.0,,Revenue contraction,2.0,60.0,General low-debt support,26.08,8.0,Below 200 DMA,19.16,Avoid,"Oversold RSI, Normal volume support, 80.0% of closes stayed inside the range | Range width 25.3% | Currently 0.0% through the range"
ASIANPAINT,Basic Materials,Specialty Chemicals,2431.86,0.02,2399.94,3454.02,1.33,29.59,15.05,2993.01,2891.41,1499772.15,945471.0,0.63,Bearish,14.0,"Oversold RSI, Near 52W low zone, Positive day move",-16.99,-19.96,-10.75,-5.63,-5.04,4.4,-11.36,-14.92,-15.15,0.0,,83.33,Accumulation Zone,73.93,2803.1,3208.95,14.48,0.0,80.0% of closes stayed inside the range | Range width 14.5% | Currently 0.0% through the range,29.15,18.25,19.1,15.43,2.93,32.97,13.21,2.06,1.37,829.34,2474.38,6103.6,3607.52,55.0311,45.2244,12.2976,1.01,0.289,262668.52,43.53,Chemicals,23.0,10.0,16.0,17.0,6.0,72.0,1.0,Strong ROE,,4.0,76.0,"General quality ROE, General low-debt support",33.45,16.0,"Below 200 DMA, Extreme RSI weakness",19.12,Avoid,"Oversold RSI, Near 52W low zone, Positive day move, Strong ROE, 80.0% of closes stayed inside the range | Range width 14.5% | Currently 0.0% through the range"
BPCL,Energy,Oil & Gas Refining & Marketing,266.19,-3.02,121.3,346.08,119.44,23.09,28.7,304.52,285.66,8442384.3,7940666.0,0.94,Bearish,4.0,Oversold RSI,-15.56,-17.23,-4.99,-5.63,-5.04,4.4,-9.93,-12.19,-9.39,0.0,,67.86,Accumulation Zone,71.1,270.71,323.21,19.39,0.0,80.0% of closes stayed inside the range | Range width 19.4% | Currently 0.0% through the range,35.51,13.27,8.43,6.01,-4.2,1160.36,72.19,0.81,0.28,2300.74,54599.05,35969.63,26390.5,7.9033,7.9415,1.3525,6.29,0.873,135440.94,12.75,Energy / Utilities,16.0,10.0,4.0,17.0,12.0,59.0,1.0,Strong ROE,Revenue contraction,4.0,63.0,"General quality ROE, General low-debt support",26.08,8.0,Below 200 DMA,18.96,Avoid,"Oversold RSI, Strong ROE, 80.0% of closes stayed inside the range | Range width 19.4% | Currently 0.0% through the range"
GAIL,Utilities,Utilities - Regulated Gas,172.31,-1.82,72.05,228.83,139.14,24.7,27.44,200.66,192.88,13205487.3,14792702.0,1.12,Bearish,9.0,"Oversold RSI, Normal volume support",-16.24,-21.65,-9.04,-5.63,-5.04,4.4,-10.61,-16.61,-13.44,0.0,,67.65,Accumulation Zone,72.4,186.45,219.44,17.69,0.0,80.0% of closes stayed inside the range | Range width 17.7% | Currently 0.0% through the range,12.86,7.94,8.34,7.45,-8.58,76.27,28.3,0.94,0.66,1146.03,21793.77,12585.72,84.55,11.6689,9.7283,1.3128,3.14,0.515,117003.53,18.75,Energy / Utilities,9.0,10.0,7.0,17.0,15.0,58.0,1.0,,Revenue contraction,2.0,60.0,General low-debt support,24.58,8.0,Below 200 DMA,18.94,Avoid,"Oversold RSI, Normal volume support, 80.0% of closes stayed inside the range | Range width 17.7% | Currently 0.0% through the range"
NTPC,Utilities,Utilities - Regulated Electric,354.51,-1.56,139.29,430.88,154.5,17.73,27.45,396.6,359.19,12689284.15,16383636.0,1.29,Bearish,9.0,"Oversold RSI, Normal volume support",-13.18,-9.18,1.76,-5.63,-5.04,4.4,-7.55,-4.14,-2.64,10.0,Positive 6M return,23.53,Accumulation Zone,70.74,347.62,407.92,17.35,11.42,80.0% of closes stayed inside the range | Range width 17.3% | Currently 11.4% through the range,12.95,4.33,18.76,11.78,1.52,23.06,147.55,0.82,0.64,863.34,237130.98,40099.19,9283.27,10.3522,12.0003,1.6207,3.65,0.3,329153.35,48.18,Energy / Utilities,12.0,8.0,2.0,17.0,12.0,51.0,1.0,,,0.0,51.0,,24.58,8.0,Below 200 DMA,18.29,Avoid,"Oversold RSI, Normal volume support, Positive 6M return, 80.0% of closes stayed inside the range | Range width 17.3% | Currently 11.4% through the range"
TITAN,Consumer Cyclical,Luxury Goods,3152.44,-0.36,2240.77,3850.02,40.69,18.12,33.52,3471.78,3475.9,1131790.05,943251.0,0.83,Bearish,8.0,Weak but watchable RSI,-6.19,-8.71,-5.31,-5.63,-5.04,4.4,-0.56,-3.67,-9.71,0.0,,80.77,Accumulation Zone,72.46,3204.73,3714.19,15.9,0.0,80.0% of closes stayed inside the range | Range width 15.9% | Currently 0.0% through the range,37.22,11.08,9.27,6.86,25.93,7.57,165.31,1.55,0.4,409.0,15528.0,1695.0,1004.0,78.2896,58.2409,28.8278,29.0,0.18,452440.57,20.47,Consumer Discretionary,15.0,12.0,4.0,17.0,5.0,53.0,1.0,Strong ROE,,2.0,55.0,General quality ROE,31.77,8.0,Below 200 DMA,18.02,Avoid,"Weak but watchable RSI, Strong ROE, 80.0% of closes stayed inside the range | Range width 15.9% | Currently 0.0% through the range"
PHOENIXLTD,Real Estate,Real Estate - Diversified,1459.46,4.57,589.78,2062.23,147.46,29.23,41.43,1635.83,1597.69,766534.0,990291.0,1.29,Bearish,23.0,"Weak but watchable RSI, Normal volume support, Strong positive day move",-9.25,-18.34,-3.7,-5.63,-5.04,4.4,-3.62,-13.3,-8.1,0.0,,80.0,Accumulation Zone,74.47,1515.53,1871.58,23.49,0.0,80.0% of closes stayed inside the range | Range width 23.5% | Currently 0.0% through the range,11.62,5.71,50.05,28.19,49.9,-17.66,49.05,1.54,1.19,454.44,4639.24,2160.94,487.29,52.0776,38.1787,6.199,13.0,0.324,68134.93,93.68,Cement / Realty,16.0,10.0,13.0,17.0,7.0,63.0,1.0,,Earnings contraction,2.0,65.0,General low-debt support,30.06,15.0,"Below 200 DMA, Earnings contraction",18.01,Avoid,"Weak but watchable RSI, Normal volume support, Strong positive day move, 80.0% of closes stayed inside the range | Range width 23.5% | Currently 0.0% through the range"
HONAUT,Industrials,Electrical Equipment & Parts,41383.47,-1.16,34012.96,59548.55,21.67,30.5,21.55,47993.75,47215.19,9036.5,6537.0,0.72,Bearish,9.0,"Oversold RSI, Near 52W low zone",-19.47,-20.0,-21.2,-5.63,-5.04,4.4,-13.84,-14.96,-25.6,0.0,,74.12,Accumulation Zone,71.67,45981.79,56355.31,22.56,0.0,80.0% of closes stayed inside the range | Range width 22.6% | Currently 0.0% through the range,13.9,10.24,13.78,12.37,18.15,14.47,1.65,3.72,3.59,2822.4,59.6,438.7,406.7,60.9754,45.3198,7.4533,29.0,0.513,33283.77,38.95,Capital Goods / Infra,16.0,13.0,20.0,17.0,5.0,71.0,1.0,Cash covers debt,,5.0,76.0,Strong order-book-driven revenue growth,31.27,16.0,"Below 200 DMA, Extreme RSI weakness",17.54,Avoid,"Oversold RSI, Near 52W low zone, Cash covers debt, 80.0% of closes stayed inside the range | Range width 22.6% | Currently 0.0% through the range"
ICICIPRULI,Financial Services,Insurance - Life,689.89,-0.1,378.11,792.99,82.46,13.0,34.78,741.89,640.56,904018.8,509365.0,0.56,Bearish,23.0,"Above 200 DMA, Weak but watchable RSI",-7.0,-6.64,17.57,-5.63,-5.04,4.4,-1.37,-1.6,13.17,10.0,Positive 6M return,48.31,Neutral Range,67.87,591.89,755.08,27.57,60.05,80.0% of closes stayed inside the range | Range width 27.6% | Currently 60.1% through the range,7.73,0.28,1.17,0.95,83.09,4.57,10.9,,,2214.07,1200.0,,-7551.66,43.0979,35.6732,5.3841,33.0,0.471,73415.47,10.44,Financial Services,0.0,12.0,12.0,0.0,9.0,33.0,0.79,Cash covers debt,Negative free cash flow,-9.0,24.0,"Weak ROE for a leveraged-balance-sheet business, Expensive relative to book value for this sector",32.12,4.0,Negative free cash flow,17.47,Avoid,"Above 200 DMA, Weak but watchable RSI, Cash covers debt, Positive 6M return, 80.0% of closes stayed inside the range | Range width 27.6% | Currently 60.1% through the range"
TATACONSUM,Consumer Defensive,Packaged Foods,916.15,0.62,663.99,1240.54,37.98,26.15,26.41,1079.08,1112.77,2013079.7,2193819.0,1.09,Bearish,14.0,"Oversold RSI, Normal volume support, Positive day move",-14.86,-20.53,-14.43,-5.63,-5.04,4.4,-9.23,-15.49,-18.83,0.0,,83.33,Accumulation Zone,72.92,982.41,1191.44,21.28,0.0,80.0% of closes stayed inside the range | Range width 21.3% | Currently 0.0% through the range,7.16,4.11,12.65,7.62,10.53,-4.44,21.66,1.2,0.75,2319.83,3477.22,1936.68,1601.99,64.3966,44.4085,4.823,93.0,0.414,105095.18,41.11,FMCG / Consumer,6.0,5.0,9.0,17.0,7.0,44.0,1.0,,Earnings contraction,3.0,47.0,"Low debt, typical of a healthy consumer business",36.25,8.0,Below 200 DMA,17.39,Avoid,"Oversold RSI, Normal volume support, Positive day move, 80.0% of closes stayed inside the range | Range width 21.3% | Currently 0.0% through the range"
LINDEINDIA,Basic Materials,Specialty Chemicals,6516.91,-4.06,2911.17,9885.09,123.86,34.07,26.59,7900.45,7519.93,43848.4,61910.0,1.41,Bearish,14.0,"Oversold RSI, Volume expansion",-21.98,-11.89,-30.15,-5.63,-5.04,4.4,-16.35,-6.85,-34.55,0.0,,83.33,Breakdown Risk,35.0,7258.66,8744.64,20.47,0.0,80.0% of closes stayed inside the range | Range width 20.5% | Currently 0.0% through the range | Below lower band on elevated volume,12.52,9.03,18.11,15.68,10.5,-1.08,0.6,1.87,1.79,978.82,20.69,440.4,-131.28,105.6673,78.7623,13.5476,6.0,,57801.38,58.55,Chemicals,18.0,5.0,19.0,9.0,5.0,56.0,1.0,Cash covers debt,"Earnings contraction, Negative free cash flow, Very high PE",2.0,58.0,General low-debt support,33.45,12.0,"Below 200 DMA, Negative free cash flow",16.82,Avoid,"Oversold RSI, Volume expansion, Cash covers debt, 80.0% of closes stayed inside the range | Range width 20.5% | Currently 0.0% through the range | Below lower band on elevated volume"
SHRIRAMFIN,Financial Services,Credit Services,557.88,0.91,213.18,710.44,161.69,21.47,29.79,641.33,540.53,8015664.5,4841895.0,0.6,Bearish,24.0,"Above 200 DMA, Oversold RSI, Positive day move",-14.25,-9.24,21.57,-5.63,-5.04,4.4,-8.62,-4.2,17.17,25.0,"Positive 6M return, 6M Nifty outperformance",29.78,Accumulation Zone,69.78,517.11,663.4,28.29,27.87,80.0% of closes stayed inside the range | Range width 28.3% | Currently 27.9% through the range,15.05,2.97,,38.6,12.71,22.55,310.06,,,6260.23,151766.1,-31118.27,-31363.87,19.735,15.5658,3.1889,1.22,0.606,262875.3,96.81,Financial Services,10.0,13.0,0.0,0.0,12.0,35.0,0.79,,"Very high debt, Negative operating cash flow, Negative free cash flow",12.0,47.0,"High leverage is structural for this sector, Strong ROE for a leveraged-balance-sheet business",32.12,17.0,"Very high debt, Negative operating cash flow, Negative free cash flow",16.52,Avoid,"Above 200 DMA, Oversold RSI, Positive day move, Positive 6M return, 6M Nifty outperformance, 80.0% of closes stayed inside the range | Range width 28.3% | Currently 27.9% through the range"
AUROPHARMA,Healthcare,Drug Manufacturers - Specialty & Generic,1230.78,-1.09,391.5,1586.05,214.37,22.4,15.13,1444.58,1269.69,1010239.25,1362480.0,1.35,Bearish,14.0,"Oversold RSI, Volume expansion",-16.11,-19.64,6.04,-5.63,-5.04,4.4,-10.48,-14.6,1.64,10.0,Positive 6M return,84.09,Accumulation Zone,71.55,1217.06,1534.26,26.06,4.32,80.0% of closes stayed inside the range | Range width 26.1% | Currently 4.3% through the range,10.63,7.04,15.47,11.05,16.6,64.62,22.28,1.98,1.18,3393.48,6647.63,2434.52,-1126.98,25.9052,18.0068,2.5552,24.0,0.022,95915.5,58.85,Pharma / Healthcare,10.0,18.0,13.0,9.0,13.0,63.0,1.0,,Negative free cash flow,2.0,65.0,General low-debt support,49.08,20.0,"Below 200 DMA, Extreme RSI weakness, Negative free cash flow",16.11,Avoid,"Oversold RSI, Volume expansion, Positive 6M return, 80.0% of closes stayed inside the range | Range width 26.1% | Currently 4.3% through the range"
NHPC,Utilities,Utilities - Renewable,74.67,-0.28,29.88,112.53,149.89,33.65,35.73,84.03,89.84,25115433.35,16506105.0,0.66,Bearish,8.0,Weak but watchable RSI,-7.1,-19.26,-20.84,-5.63,-5.04,4.4,-1.47,-14.22,-25.24,0.0,,67.65,Accumulation Zone,70.65,78.27,100.15,27.95,0.0,80.0% of closes stayed inside the range | Range width 27.9% | Currently 0.0% through the range,9.3,3.9,43.32,38.86,-11.7,-7.87,84.76,1.27,1.24,1499.4,32776.44,7252.14,282.82,28.1502,12.0078,1.8676,2.09,0.191,77196.09,93.4,Energy / Utilities,14.0,0.0,8.0,17.0,13.0,52.0,1.0,,"Revenue contraction, Earnings contraction",0.0,52.0,,24.58,8.0,Below 200 DMA,15.89,Avoid,"Weak but watchable RSI, 80.0% of closes stayed inside the range | Range width 27.9% | Currently 0.0% through the range"
YESBANK,Financial Services,Banks - Regional,19.28,-0.16,14.4,32.85,33.89,41.31,33.42,21.5,23.74,75498574.35,61476591.0,0.81,Bearish,8.0,Weak but watchable RSI,-8.58,-21.34,-16.17,-5.63,-5.04,4.4,-2.95,-16.3,-20.57,0.0,,78.65,Accumulation Zone,71.24,20.53,25.47,24.06,0.0,80.0% of closes stayed inside the range | Range width 24.1% | Currently 0.0% through the range,3.05,0.32,,9.19,49.19,74.66,187.08,,,63405.7,78862.61,9644.55,8663.9,19.15,12.6515,1.4297,,0.485,72129.13,0.0,Banking,3.0,20.0,0.0,17.0,13.0,53.0,0.71,,,-5.0,48.0,Weak ROE for a leveraged-balance-sheet business,32.12,8.0,Below 200 DMA,15.62,Avoid,"Weak but watchable RSI, 80.0% of closes stayed inside the range | Range width 24.1% | Currently 0.0% through the range"
ATGL,Utilities,Utilities - Regulated Gas,669.42,-2.05,521.49,3994.52,28.37,83.24,33.03,752.9,888.71,632010.15,1135461.0,1.8,Bearish,18.0,"Weak but watchable RSI, Volume expansion",-8.56,-22.02,-26.66,-5.63,-5.04,4.4,-2.93,-16.98,-31.06,0.0,,67.65,Breakdown Risk,35.0,717.35,940.1,31.05,0.0,80.0% of closes stayed inside the range | Range width 31.1% | Currently 0.0% through the range | Below lower band on elevated volume,18.64,10.13,21.29,15.02,2.17,22.14,43.49,0.57,0.52,137.16,1557.25,955.13,155.81,116.2588,,14.9289,4.0,0.606,72625.95,28.25,Energy / Utilities,20.0,8.0,7.0,17.0,2.0,54.0,1.0,Strong ROE,Very high PE,4.0,58.0,"General quality ROE, General low-debt support",24.58,13.0,"Below 200 DMA, Far from 52W high",15.49,Avoid,"Weak but watchable RSI, Volume expansion, Strong ROE, 80.0% of closes stayed inside the range | Range width 31.1% | Currently 0.0% through the range | Below lower band on elevated volume"
LICI,Financial Services,Insurance - Life,434.78,-0.76,252.0,589.19,72.53,26.21,38.45,465.09,482.79,1970478.1,1334772.0,0.68,Bearish,8.0,Weak but watchable RSI,-3.55,-15.56,-6.57,-5.63,-5.04,4.4,2.08,-10.52,-10.97,0.0,,78.65,Accumulation Zone,71.81,445.04,535.09,20.23,0.0,80.0% of closes stayed inside the range | Range width 20.2% | Currently 0.0% through the range,49.45,0.77,4.85,4.82,8.13,13.67,,,,36165.31,,,25780.17,8.5468,7.091,2.9869,2.46,0.543,527504.82,11.08,Financial Services,8.0,10.0,0.0,8.0,15.0,41.0,0.71,Strong ROE,,6.0,47.0,Strong ROE for a leveraged-balance-sheet business,32.12,8.0,Below 200 DMA,15.27,Avoid,"Weak but watchable RSI, Strong ROE, 80.0% of closes stayed inside the range | Range width 20.2% | Currently 0.0% through the range"
STARHEALTH,Financial Services,Insurance - Life,463.5,-2.37,454.8,780.0,1.91,40.58,26.95,558.62,561.71,1238471.7,633413.0,0.51,Bearish,9.0,"Oversold RSI, Near 52W low zone",-15.8,-22.37,-16.4,-5.63,-5.04,4.4,-10.17,-17.33,-20.8,0.0,,78.65,Accumulation Zone,72.53,499.57,615.95,23.3,0.0,80.8% of closes stayed inside the range | Range width 23.3% | Currently 0.0% through the range,12.55,4.68,8.39,5.86,17.75,36.6,6.98,,,444.58,470.0,,1186.47,51.433,20.1468,3.3841,,0.197,34318.63,21.95,Financial Services,4.0,18.0,9.0,8.0,7.0,46.0,0.71,,,0.0,46.0,,32.12,8.0,Below 200 DMA,15.17,Avoid,"Oversold RSI, Near 52W low zone, 80.8% of closes stayed inside the range | Range width 23.3% | Currently 0.0% through the range"
NLCINDIA,Utilities,Utilities - Regulated Electric,228.38,0.99,60.45,301.85,277.8,24.34,34.82,255.43,241.91,1229748.15,1402715.0,1.14,Bearish,18.0,"Weak but watchable RSI, Normal volume support, Positive day move",-11.44,-13.09,-2.74,-5.63,-5.04,4.4,-5.81,-8.05,-7.14,0.0,,67.65,Accumulation Zone,73.0,226.11,275.16,21.69,4.64,80.0% of closes stayed inside the range | Range width 21.7% | Currently 4.6% through the range,11.22,3.37,14.57,14.26,-19.57,32.84,135.6,1.17,0.99,564.87,22415.49,5512.49,2344.33,12.0326,10.25,1.7827,2.52,,38375.17,80.32,Energy / Utilities,10.0,10.0,4.0,17.0,15.0,56.0,1.0,,Revenue contraction,0.0,56.0,,24.58,13.0,"Below 200 DMA, Revenue contraction",14.79,Avoid,"Weak but watchable RSI, Normal volume support, Positive day move, 80.0% of closes stayed inside the range | Range width 21.7% | Currently 4.6% through the range"
UBL,Consumer Defensive,Beverages - Brewers,1860.71,0.0,1324.03,2178.1,40.53,14.57,36.75,2004.46,1910.34,224480.6,125003.0,0.56,Bearish,13.0,"Weak but watchable RSI, Positive day move",-4.7,-2.79,-1.82,-5.63,-5.04,4.4,0.93,2.25,-6.22,0.0,,83.33,Accumulation Zone,74.32,1892.49,2091.6,10.52,0.0,80.0% of closes stayed inside the range | Range width 10.5% | Currently 0.0% through the range,9.81,5.81,6.16,5.21,7.45,34.89,2.44,1.56,1.08,129.15,102.03,69.5,-122.0,92.6769,49.7287,8.1161,71.0,-0.03,36707.37,42.07,FMCG / Consumer,4.0,12.0,18.0,9.0,5.0,48.0,1.0,Cash covers debt,"Negative free cash flow, Very high PE",3.0,51.0,"Low debt, typical of a healthy consumer business",36.25,12.0,"Below 200 DMA, Negative free cash flow",14.54,Avoid,"Weak but watchable RSI, Positive day move, Cash covers debt, 80.0% of closes stayed inside the range | Range width 10.5% | Currently 0.0% through the range"
TIINDIA,Industrials,Conglomerates,3421.77,-0.29,2024.31,4798.42,69.03,28.69,22.25,4152.64,3927.47,271729.1,411614.0,1.51,Bearish,14.0,"Oversold RSI, Volume expansion",-23.57,-16.6,-9.8,-5.63,-5.04,4.4,-17.94,-11.56,-14.2,0.0,,74.12,Breakdown Risk,35.0,3847.55,4450.08,15.66,0.0,80.0% of closes stayed inside the range | Range width 15.7% | Currently 0.0% through the range | Below lower band on elevated volume,23.65,9.15,9.63,7.38,13.19,26.21,41.25,1.62,1.25,535.93,2103.81,1305.95,454.56,86.5549,37.3799,7.089,16.0,-0.3,54955.18,31.7,Capital Goods / Infra,13.0,15.0,13.0,17.0,5.0,63.0,1.0,Strong ROE,Very high PE,0.0,63.0,,31.27,16.0,"Below 200 DMA, Extreme RSI weakness",14.24,Avoid,"Oversold RSI, Volume expansion, Strong ROE, 80.0% of closes stayed inside the range | Range width 15.7% | Currently 0.0% through the range | Below lower band on elevated volume"
LTF,Financial Services,Credit Services,135.11,0.86,68.12,189.24,98.33,28.6,35.12,158.24,161.64,10604096.2,5629198.0,0.53,Bearish,13.0,"Weak but watchable RSI, Positive day move",-16.77,-17.13,-12.49,-5.63,-5.04,4.4,-11.14,-12.09,-16.89,0.0,,78.65,Accumulation Zone,71.74,141.57,180.75,27.68,0.0,80.0% of closes stayed inside the range | Range width 27.7% | Currently 0.0% through the range,9.9,2.26,,29.52,20.52,42.93,326.83,,,3647.86,76603.45,685.64,566.88,25.0158,16.2301,2.83,87.0,0.64,79491.77,99.53,Financial Services,8.0,18.0,0.0,17.0,13.0,56.0,0.79,,Very high debt,6.0,62.0,High leverage is structural for this sector,32.12,16.0,"Below 200 DMA, Very high debt",13.77,Avoid,"Weak but watchable RSI, Positive day move, 80.0% of closes stayed inside the range | Range width 27.7% | Currently 0.0% through the range"
JIOFIN,Financial Services,Asset Management,317.56,0.14,202.01,393.16,57.2,19.23,47.3,333.05,334.91,11533890.9,15570302.0,1.35,Bearish,27.0,"RSI recovering, Volume expansion, Positive day move",-3.5,-4.59,-10.75,-5.63,-5.04,4.4,2.13,0.45,-15.15,0.0,,78.65,Accumulation Zone,77.06,317.52,354.73,11.72,0.12,80.0% of closes stayed inside the range | Range width 11.7% | Currently 0.1% through the range,1.15,1.11,77.85,137.07,5424.3,5034.56,0.0,112.76,,67.18,0.0,-677.57,-678.36,79.7664,57.4103,1.211,24.0,0.502,169073.43,100.0,Financial Services,12.0,20.0,17.0,0.0,9.0,58.0,0.93,Net cash position,"Negative operating cash flow, Negative free cash flow",-5.0,53.0,Weak ROE for a leveraged-balance-sheet business,32.12,17.0,"Below 200 DMA, Negative operating cash flow, Negative free cash flow",13.12,Avoid,"RSI recovering, Volume expansion, Positive day move, Net cash position, 80.0% of closes stayed inside the range | Range width 11.7% | Currently 0.1% through the range"
INDIANB,Financial Services,Banks - Regional,503.95,-1.69,156.65,590.7,221.71,14.68,41.35,509.09,508.94,1853411.8,2048986.0,1.11,Bearish,13.0,"Weak but watchable RSI, Normal volume support",1.77,-5.49,-0.09,-5.63,-5.04,4.4,7.4,-0.45,-4.49,18.0,"Positive 1M return, 1M Nifty outperformance",37.08,Accumulation Zone,72.19,492.42,554.7,12.65,18.52,80.8% of closes stayed inside the range | Range width 12.6% | Currently 18.5% through the range,13.97,1.06,,26.4,13.61,51.09,38.41,,,42176.91,23142.88,-8617.26,-9243.84,9.2255,8.1752,1.44,2.08,0.28,120822.67,0.0,Banking,10.0,15.0,10.0,0.0,15.0,50.0,0.79,Cash covers debt,"Negative operating cash flow, Negative free cash flow",0.0,50.0,,32.12,17.0,"Below 200 DMA, Negative operating cash flow, Negative free cash flow",13.07,Avoid,"Weak but watchable RSI, Normal volume support, Cash covers debt, Positive 1M return, 1M Nifty outperformance, 80.8% of closes stayed inside the range | Range width 12.6% | Currently 18.5% through the range"
HINDCOPPER,Basic Materials,Copper,262.62,0.65,92.4,411.82,184.23,36.23,30.72,306.62,313.57,4969825.9,4274822.0,0.86,Bearish,13.0,"Weak but watchable RSI, Positive day move",-18.14,-16.79,-30.94,-5.63,-5.04,4.4,-12.51,-11.75,-35.34,0.0,,83.33,Accumulation Zone,73.36,289.2,338.06,16.9,0.0,80.0% of closes stayed inside the range | Range width 16.9% | Currently 0.0% through the range,12.92,9.03,23.11,17.32,2.37,-0.05,9.75,1.07,0.65,71.63,222.72,341.21,-193.21,45.4523,27.1139,15.8616,46.0,,52963.9,91.1,Metals / Mining,18.0,0.0,11.0,9.0,7.0,45.0,1.0,,"Earnings contraction, Negative free cash flow",2.0,47.0,General low-debt support,33.45,12.0,"Below 200 DMA, Negative free cash flow",12.72,Avoid,"Weak but watchable RSI, Positive day move, 80.0% of closes stayed inside the range | Range width 16.9% | Currently 0.0% through the range"
IRFC,Financial Services,Credit Services,134.84,-0.98,18.59,221.22,625.18,39.05,36.18,148.27,157.95,24415300.75,13930322.0,0.57,Bearish,8.0,Weak but watchable RSI,-5.85,-22.41,-17.4,-5.63,-5.04,4.4,-0.22,-17.37,-21.8,0.0,,78.65,Accumulation Zone,70.14,142.82,187.65,31.39,0.0,80.0% of closes stayed inside the range | Range width 31.4% | Currently 0.0% through the range,13.04,1.32,45.47,24.17,12.18,3.97,837.84,0.97,,22.77,412038.51,7914.1,7905.77,16.0765,12.0904,2.0307,3.3,0.33,115342.64,100.0,Financial Services,16.0,7.0,0.0,17.0,15.0,55.0,0.93,,Very high debt,6.0,61.0,High leverage is structural for this sector,32.12,16.0,"Below 200 DMA, Very high debt",12.17,Avoid,"Weak but watchable RSI, 80.0% of closes stayed inside the range | Range width 31.4% | Currently 0.0% through the range"
BRITANNIA,Consumer Defensive,Packaged Foods,4768.4,-0.09,3358.32,6281.59,41.99,24.09,21.89,5715.19,5222.55,416797.3,439087.0,1.05,Bearish,9.0,"Oversold RSI, Normal volume support",-16.58,-14.82,-2.19,-5.63,-5.04,4.4,-10.95,-9.78,-6.59,0.0,,83.33,Accumulation Zone,72.64,5127.43,5954.73,16.13,0.0,80.0% of closes stayed inside the range | Range width 16.1% | Currently 0.0% through the range,54.29,23.58,17.34,12.93,3.51,-7.84,52.64,1.19,0.9,322.8,2074.63,2572.98,2020.11,52.2538,43.3854,26.629,1.62,0.421,135982.19,41.42,FMCG / Consumer,21.0,2.0,6.0,17.0,6.0,52.0,1.0,Strong ROE,Earnings contraction,5.0,57.0,Strong ROE for a consumer staples business,36.25,16.0,"Below 200 DMA, Extreme RSI weakness",11.64,Avoid,"Oversold RSI, Normal volume support, Strong ROE, 80.0% of closes stayed inside the range | Range width 16.1% | Currently 0.0% through the range"
BANKBARODA,Financial Services,Banks - Regional,226.05,-0.04,103.5,273.02,118.41,17.2,42.14,229.64,237.85,13283869.2,15402466.0,1.16,Bearish,13.0,"Weak but watchable RSI, Normal volume support",-2.65,-5.09,-5.07,-5.63,-5.04,4.4,2.98,-0.05,-9.47,0.0,,78.65,Accumulation Zone,73.92,224.22,255.0,13.73,5.93,80.8% of closes stayed inside the range | Range width 13.7% | Currently 5.9% through the range,15.68,1.13,,27.64,21.71,25.91,77.76,,,100289.85,93089.1,-6273.96,-7629.42,7.149,5.892,0.77,3.45,0.43,129801.19,0.0,Banking,10.0,18.0,7.0,0.0,15.0,50.0,0.79,Cash covers debt,"Negative operating cash flow, Negative free cash flow",6.0,56.0,Strong ROE for a leveraged-balance-sheet business,32.12,17.0,"Below 200 DMA, Negative operating cash flow, Negative free cash flow",10.67,Avoid,"Weak but watchable RSI, Normal volume support, Cash covers debt, 80.8% of closes stayed inside the range | Range width 13.7% | Currently 5.9% through the range"
COCHINSHIP,Industrials,Aerospace & Defense,1286.28,-0.83,154.78,2941.12,731.06,56.27,29.83,1583.83,1596.18,470349.9,304904.0,0.65,Bearish,4.0,Oversold RSI,-16.79,-37.18,-7.9,-5.63,-5.04,4.4,-11.16,-32.14,-12.3,0.0,,74.12,Lower Range Watch,62.31,1453.16,2586.67,78.0,0.0,80.0% of closes stayed inside the range | Range width 78.0% | Currently 0.0% through the range,15.66,6.5,22.46,20.88,61.76,157.06,10.04,1.32,1.17,306.41,502.2,-171.59,-805.41,55.3066,34.0724,6.7461,89.0,0.582,39619.97,34.96,Capital Goods / Infra,17.0,20.0,13.0,0.0,7.0,57.0,1.0,,"Negative operating cash flow, Negative free cash flow",5.0,62.0,Strong order-book-driven revenue growth,31.27,17.0,"Below 200 DMA, Negative operating cash flow, Negative free cash flow",10.39,Avoid,"Oversold RSI, 80.0% of closes stayed inside the range | Range width 78.0% | Currently 0.0% through the range"
SAIL,Basic Materials,Steel,111.37,0.83,69.99,171.84,59.14,35.19,38.01,124.44,136.39,21872969.25,17936991.0,0.82,Bearish,13.0,"Weak but watchable RSI, Positive day move",-12.6,-14.65,-31.91,-5.63,-5.04,4.4,-6.97,-9.61,-36.31,0.0,,83.33,Accumulation Zone,71.54,116.23,150.02,29.07,0.0,80.0% of closes stayed inside the range | Range width 29.1% | Currently 0.0% through the range,5.37,2.18,6.06,2.93,0.79,40.9,63.61,0.9,0.29,69.38,36322.65,2910.88,-1799.81,16.7147,10.9697,1.1918,92.0,1.029,71871.14,51.8,Metals / Mining,0.0,10.0,4.0,9.0,15.0,38.0,1.0,,Negative free cash flow,2.0,40.0,General low-debt support,33.45,12.0,"Below 200 DMA, Negative free cash flow",10.27,Avoid,"Weak but watchable RSI, Positive day move, 80.0% of closes stayed inside the range | Range width 29.1% | Currently 0.0% through the range"
PRESTIGE,Real Estate,Real Estate - Diversified,1537.44,-0.39,388.74,2067.83,295.49,25.65,36.26,1752.42,1567.6,570376.05,562367.0,0.99,Bearish,8.0,Weak but watchable RSI,-12.77,-12.9,-1.2,-5.63,-5.04,4.4,-7.14,-7.86,-5.6,0.0,,80.0,Accumulation Zone,72.21,1600.52,1881.89,17.58,0.0,80.0% of closes stayed inside the range | Range width 17.6% | Currently 0.0% through the range,12.17,2.83,23.13,17.61,-5.01,45.9,119.22,1.19,0.38,2267.9,13458.0,1297.3,-609.4,60.0718,27.7803,4.2105,13.0,0.445,68516.26,58.8,Cement / Realty,14.0,10.0,4.0,9.0,7.0,44.0,1.0,,"Revenue contraction, Negative free cash flow",0.0,44.0,,30.06,12.0,"Below 200 DMA, Negative free cash flow",9.91,Avoid,"Weak but watchable RSI, 80.0% of closes stayed inside the range | Range width 17.6% | Currently 0.0% through the range"
SBILIFE,Financial Services,Insurance - Life,1557.47,0.02,1048.65,1929.64,48.52,19.29,32.67,1730.12,1579.49,1451285.8,490930.0,0.34,Bearish,13.0,"Weak but watchable RSI, Positive day move",-8.41,-11.28,8.95,-5.63,-5.04,4.4,-2.78,-6.24,4.55,10.0,Positive 6M return,48.31,Accumulation Zone,67.56,1445.9,1857.55,28.47,27.1,80.0% of closes stayed inside the range | Range width 28.5% | Currently 27.1% through the range,12.7,0.48,1.49,1.45,62.36,10.07,,,,4740.63,,,29007.47,70.6291,52.3737,9.1193,15.0,0.366,183596.77,9.71,Financial Services,4.0,15.0,0.0,8.0,5.0,32.0,0.71,,,-4.0,28.0,Expensive relative to book value for this sector,32.12,11.0,"Below 200 DMA, Low volume participation",9.37,Avoid,"Weak but watchable RSI, Positive day move, Positive 6M return, 80.0% of closes stayed inside the range | Range width 28.5% | Currently 27.1% through the range"
GODREJIND,Industrials,Conglomerates,1023.8,9.86,395.0,1314.0,159.19,22.09,49.87,1100.98,918.65,220572.8,1370328.0,6.21,Bearish,52.0,"Above 200 DMA, RSI recovering, Strong volume expansion, Strong positive day move",-1.14,9.83,28.29,-5.63,-5.04,4.4,4.49,14.87,23.89,50.0,"Positive 3M return, Positive 6M return, 3M Nifty outperformance, 6M Nifty outperformance",5.88,Neutral Range,69.9,819.37,1207.05,47.31,52.73,80.0% of closes stayed inside the range | Range width 47.3% | Currently 52.7% through the range,0.75,0.1,5.66,0.36,-0.98,-93.85,362.39,1.15,0.43,1878.81,28995.91,-4284.12,-5481.61,33.4833,,3.7223,,0.635,41607.84,40.36,Capital Goods / Infra,0.0,0.0,2.0,0.0,6.0,8.0,0.93,,"Revenue contraction, Earnings contraction, Very high debt, Negative operating cash flow, Negative free cash flow",0.0,8.0,,31.27,24.0,"Very high debt, Earnings contraction, Negative operating cash flow, Negative free cash flow",8.99,Avoid,"Above 200 DMA, RSI recovering, Strong volume expansion, Strong positive day move, Positive 3M return, Positive 6M return, 3M Nifty outperformance, 6M Nifty outperformance, 80.0% of closes stayed inside the range | Range width 47.3% | Currently 52.7% through the range"
AXISBANK,Financial Services,Banks - Regional,1124.37,-1.27,705.29,1337.47,59.42,15.93,39.11,1184.74,1151.71,7875467.3,9474971.0,1.2,Bearish,13.0,"Weak but watchable RSI, Normal volume support",-5.9,-3.58,-1.25,-5.63,-5.04,4.4,-0.27,1.46,-5.65,0.0,,78.65,Accumulation Zone,74.2,1150.49,1280.61,11.31,0.0,80.0% of closes stayed inside the range | Range width 11.3% | Currently 0.0% through the range,16.8,1.74,,34.45,22.73,143.9,145.33,,,138050.28,228199.55,-5554.67,-7940.08,13.8498,9.7233,1.7142,8.0,0.416,382872.22,0.0,Banking,10.0,18.0,2.0,0.0,15.0,45.0,0.79,,"Negative operating cash flow, Negative free cash flow",6.0,51.0,Strong ROE for a leveraged-balance-sheet business,32.12,17.0,"Below 200 DMA, Negative operating cash flow, Negative free cash flow",8.92,Avoid,"Weak but watchable RSI, Normal volume support, 80.0% of closes stayed inside the range | Range width 11.3% | Currently 0.0% through the range"
GLENMARK,Healthcare,Drug Manufacturers - Specialty & Generic,1482.11,-3.13,356.64,1826.47,315.57,18.85,28.57,1688.4,1294.03,667944.75,1439031.0,2.15,Bearish,34.0,"Above 200 DMA, Oversold RSI, Strong volume expansion",-14.54,-9.16,45.93,-5.63,-5.04,4.4,-8.91,-4.12,41.53,35.0,"Strong 6M absolute return, 6M Nifty outperformance",52.27,Neutral Range,66.69,1208.3,1730.38,43.21,52.45,80.0% of closes stayed inside the range | Range width 43.2% | Currently 52.4% through the range,-19.13,-10.46,5.42,-12.91,1.78,-605.2,15.68,1.28,0.84,1658.27,1230.93,-265.44,-1163.82,35.9328,23.447,6.1481,33.0,0.248,64629.45,71.94,Pharma / Healthcare,0.0,0.0,14.0,0.0,7.0,21.0,1.0,Cash covers debt,"Negative net margin, Earnings contraction, Negative operating cash flow, Negative free cash flow",2.0,23.0,General low-debt support,49.08,24.0,"Negative net margin, Earnings contraction, Negative operating cash flow, Negative free cash flow",8.66,Avoid,"Above 200 DMA, Oversold RSI, Strong volume expansion, Cash covers debt, Strong 6M absolute return, 6M Nifty outperformance, 80.0% of closes stayed inside the range | Range width 43.2% | Currently 52.4% through the range"
NYKAA,Consumer Cyclical,Internet Retail,169.69,-0.8,114.25,235.8,48.53,28.04,32.39,191.3,177.89,6537763.35,6549669.0,1.0,Bearish,13.0,"Weak but watchable RSI, Normal volume support",-8.17,-11.9,-4.51,-5.63,-5.04,4.4,-2.54,-6.86,-8.91,0.0,,80.77,Accumulation Zone,72.4,169.88,209.5,23.32,0.0,80.0% of closes stayed inside the range | Range width 23.3% | Currently 0.0% through the range,2.56,0.95,1.93,0.51,23.89,67.48,76.81,1.22,0.59,75.78,969.48,0.25,-110.48,360.4945,111.7595,65.3226,,0.351,93989.27,45.35,Consumer Discretionary,0.0,18.0,6.0,9.0,3.0,36.0,0.93,,"Negative free cash flow, Very high PE",0.0,36.0,,31.77,12.0,"Below 200 DMA, Negative free cash flow",8.62,Avoid,"Weak but watchable RSI, Normal volume support, 80.0% of closes stayed inside the range | Range width 23.3% | Currently 0.0% through the range"
POONAWALLA,Financial Services,Credit Services,356.3,0.1,240.66,517.51,48.05,31.15,45.24,378.49,425.56,5373827.8,746307.0,0.14,Bearish,17.0,"RSI recovering, Positive day move",-5.24,-10.87,-23.13,-5.63,-5.04,4.4,0.39,-5.83,-27.53,0.0,,78.65,Accumulation Zone,73.65,359.69,433.7,20.58,0.0,80.0% of closes stayed inside the range | Range width 20.6% | Currently 0.0% through the range,20.6,6.99,41.2,57.03,57.65,146.02,186.31,1.34,,255.18,15215.72,-7556.49,-7574.4,50.6911,19.7165,3.7798,,0.318,42391.77,99.87,Financial Services,20.0,20.0,2.0,0.0,7.0,49.0,0.86,Strong ROE,"Negative operating cash flow, Negative free cash flow",6.0,55.0,Strong ROE for a leveraged-balance-sheet business,32.12,20.0,"Below 200 DMA, Low volume participation, Negative operating cash flow, Negative free cash flow",8.32,Avoid,"RSI recovering, Positive day move, Strong ROE, 80.0% of closes stayed inside the range | Range width 20.6% | Currently 0.0% through the range"
TATAPOWER,Utilities,Utilities - Independent Power Producers,399.85,0.01,177.68,488.93,125.04,18.22,35.65,439.41,419.33,11646261.75,10703937.0,0.92,Bearish,13.0,"Weak but watchable RSI, Positive day move",-10.77,-4.17,-6.81,-5.63,-5.04,4.4,-5.14,0.87,-11.21,0.0,,67.65,Accumulation Zone,74.34,412.84,455.74,10.39,0.0,80.0% of closes stayed inside the range | Range width 10.4% | Currently 0.0% through the range,11.42,2.65,11.26,6.12,11.59,10.78,182.37,0.67,0.57,3324.34,59006.76,12504.37,-736.66,31.5945,22.6373,3.0714,66.0,0.342,121247.16,35.71,Energy / Utilities,8.0,10.0,0.0,9.0,11.0,38.0,1.0,,Negative free cash flow,0.0,38.0,,24.58,12.0,"Below 200 DMA, Negative free cash flow",8.24,Avoid,"Weak but watchable RSI, Positive day move, 80.0% of closes stayed inside the range | Range width 10.4% | Currently 0.0% through the range"
EXIDEIND,Consumer Cyclical,Auto Parts,410.37,-0.86,149.41,611.9,174.66,32.93,28.95,469.9,447.44,3654363.05,1871986.0,0.51,Bearish,4.0,Oversold RSI,-16.4,-16.64,-12.65,-5.63,-5.04,4.4,-10.77,-11.6,-17.05,0.0,,80.77,Accumulation Zone,70.42,450.75,558.49,23.9,0.0,80.0% of closes stayed inside the range | Range width 23.9% | Currently 0.0% through the range,6.8,4.83,7.71,5.26,11.3,6.56,8.71,1.41,0.54,322.99,1122.87,1533.14,-342.91,44.044,26.4992,2.9993,41.0,0.552,41705.25,31.41,Automobile,0.0,7.0,11.0,9.0,11.0,38.0,1.0,,Negative free cash flow,2.0,40.0,General low-debt support,31.77,12.0,"Below 200 DMA, Negative free cash flow",7.77,Avoid,"Oversold RSI, 80.0% of closes stayed inside the range | Range width 23.9% | Currently 0.0% through the range"
GRASIM,Basic Materials,Building Materials,2500.24,-0.27,1496.78,2847.47,67.04,12.19,36.53,2665.14,2469.86,629363.75,1436348.0,2.28,Bearish,38.0,"Above 200 DMA, Weak but watchable RSI, Strong volume expansion",-8.83,-4.53,4.26,-5.63,-5.04,4.4,-3.2,0.51,-0.14,10.0,Positive 6M return,51.75,Accumulation Zone,75.96,2430.38,2768.52,13.91,20.66,80.0% of closes stayed inside the range | Range width 13.9% | Currently 20.7% through the range,6.34,1.36,11.2,4.34,11.26,-17.62,154.7,0.93,0.79,2387.65,137143.91,-10719.33,-30204.36,45.2565,22.5144,2.1683,30.0,0.355,224352.46,55.8,Cement / Realty,3.0,5.0,0.0,0.0,11.0,19.0,1.0,,"Earnings contraction, Negative operating cash flow, Negative free cash flow",0.0,19.0,,33.45,16.0,"Earnings contraction, Negative operating cash flow, Negative free cash flow",7.67,Avoid,"Above 200 DMA, Weak but watchable RSI, Strong volume expansion, Positive 6M return, 80.0% of closes stayed inside the range | Range width 13.9% | Currently 20.7% through the range"
NAVINFLUOR,Basic Materials,Chemicals,3247.68,-1.52,2855.73,4896.83,13.73,33.68,43.19,3341.46,3318.89,181231.45,75198.0,0.41,Bearish,13.0,"Weak but watchable RSI, Near 52W low zone",-3.3,-0.75,-4.6,-5.63,-5.04,4.4,2.33,4.29,-9.0,0.0,,83.33,Accumulation Zone,74.15,3259.91,3638.74,11.62,0.0,80.0% of closes stayed inside the range | Range width 11.6% | Currently 0.0% through the range,11.35,6.18,14.83,13.21,-0.83,-27.9,57.45,1.97,1.5,6.64,1368.8,749.89,17.5,54.2102,41.8624,10.7744,19.0,0.239,42868.86,56.75,Chemicals,12.0,0.0,11.0,17.0,7.0,47.0,1.0,,"Revenue contraction, Earnings contraction",2.0,49.0,General low-debt support,33.45,18.0,"Below 200 DMA, Low volume participation, Earnings contraction",7.42,Avoid,"Weak but watchable RSI, Near 52W low zone, 80.0% of closes stayed inside the range | Range width 11.6% | Currently 0.0% through the range"
PNB,Financial Services,Banks - Regional,94.94,1.05,29.62,133.38,220.47,28.82,44.77,98.7,111.5,51527826.9,32300511.0,0.63,Bearish,13.0,"Weak but watchable RSI, Positive day move",-2.65,-14.33,-18.69,-5.63,-5.04,4.4,2.98,-9.29,-23.09,0.0,,78.65,Accumulation Zone,72.43,96.32,118.56,23.08,0.0,80.0% of closes stayed inside the range | Range width 23.1% | Currently 0.0% through the range,8.25,0.57,,16.48,17.35,171.98,65.76,,,131400.19,72585.62,-27939.44,-29114.44,6.1872,6.9245,0.8745,2.63,0.504,136743.04,0.0,Banking,7.0,18.0,7.0,0.0,12.0,44.0,0.79,Cash covers debt,"Negative operating cash flow, Negative free cash flow",0.0,44.0,,32.12,17.0,"Below 200 DMA, Negative operating cash flow, Negative free cash flow",6.47,Avoid,"Weak but watchable RSI, Positive day move, Cash covers debt, 80.0% of closes stayed inside the range | Range width 23.1% | Currently 0.0% through the range"
BAJAJFINSV,Financial Services,Financial Conglomerates,1613.84,-1.45,1211.97,2027.18,33.16,20.39,27.78,1817.48,1658.73,1201941.45,1618700.0,1.35,Bearish,14.0,"Oversold RSI, Volume expansion",-11.2,0.87,2.04,-5.63,-5.04,4.4,-5.57,5.91,-2.36,20.0,"Positive 3M return, Positive 6M return",32.58,Accumulation Zone,70.58,1561.62,1882.39,20.54,16.28,80.0% of closes stayed inside the range | Range width 20.5% | Currently 16.3% through the range,13.51,1.51,39.82,8.16,35.25,26.97,379.23,,,5765.02,228781.7,-65502.04,-66937.5,31.9699,21.4331,4.1459,6.0,0.374,323329.46,51.48,Financial Services,13.0,20.0,0.0,0.0,11.0,44.0,0.86,,"Very high debt, Negative operating cash flow, Negative free cash flow",6.0,50.0,High leverage is structural for this sector,32.12,25.0,"Below 200 DMA, Very high debt, Negative operating cash flow, Negative free cash flow",5.82,Avoid,"Oversold RSI, Volume expansion, Positive 3M return, Positive 6M return, 80.0% of closes stayed inside the range | Range width 20.5% | Currently 16.3% through the range"
IDBI,Financial Services,Banks - Regional,74.84,-0.8,36.58,105.64,104.6,29.16,35.21,82.8,84.85,8014109.05,5511676.0,0.69,Bearish,8.0,Weak but watchable RSI,-8.3,-21.01,-7.87,-5.63,-5.04,4.4,-2.67,-15.97,-12.27,0.0,,78.65,Accumulation Zone,72.05,79.88,94.77,18.65,0.0,80.0% of closes stayed inside the range | Range width 18.6% | Currently 0.0% through the range,11.33,1.59,,33.61,14.81,56.18,28.75,,,32669.42,14682.7,-1252.49,-1564.51,9.511,16.8286,1.2551,2.43,0.832,88664.31,0.0,Banking,8.0,15.0,10.0,0.0,12.0,45.0,0.79,Cash covers debt,"Negative operating cash flow, Negative free cash flow",0.0,45.0,,32.12,17.0,"Below 200 DMA, Negative operating cash flow, Negative free cash flow",5.57,Avoid,"Weak but watchable RSI, Cash covers debt, 80.0% of closes stayed inside the range | Range width 18.6% | Currently 0.0% through the range"
IOB,Financial Services,Banks - Regional,49.89,0.69,16.8,83.75,196.96,40.43,37.39,55.16,61.74,6373176.5,5889091.0,0.92,Bearish,13.0,"Weak but watchable RSI, Positive day move",-10.16,-19.69,-19.6,-5.63,-5.04,4.4,-4.53,-14.65,-24.0,0.0,,78.65,Accumulation Zone,71.87,53.07,67.3,26.83,0.0,80.0% of closes stayed inside the range | Range width 26.8% | Currently 0.0% through the range,9.67,0.76,,17.2,25.27,26.7,84.85,,,18814.9,23387.17,-1118.95,-1484.21,11.4712,37.6,1.6756,,0.253,65164.3,0.0,Banking,7.0,20.0,4.0,0.0,10.0,41.0,0.71,,"Negative operating cash flow, Negative free cash flow",0.0,41.0,,32.12,17.0,"Below 200 DMA, Negative operating cash flow, Negative free cash flow",5.42,Avoid,"Weak but watchable RSI, Positive day move, 80.0% of closes stayed inside the range | Range width 26.8% | Currently 0.0% through the range"
PFC,Financial Services,Credit Services,425.29,0.99,66.83,531.48,536.4,19.98,47.94,439.11,429.82,9715221.9,9440643.0,0.97,Bearish,17.0,"RSI recovering, Positive day move",-2.86,-11.38,-0.85,-5.63,-5.04,4.4,2.77,-6.34,-5.25,0.0,,78.65,Accumulation Zone,73.7,424.81,508.42,19.68,0.57,80.0% of closes stayed inside the range | Range width 19.7% | Currently 0.6% through the range,19.54,1.9,272.76,58.87,21.98,24.37,881.4,,,686.05,891502.64,-97820.41,-98143.82,4.8263,4.1648,0.9351,4.09,0.639,124248.82,99.22,Financial Services,18.0,16.0,0.0,0.0,15.0,49.0,0.86,Strong ROE,"Very high debt, Negative operating cash flow, Negative free cash flow",12.0,61.0,"High leverage is structural for this sector, Strong ROE for a leveraged-balance-sheet business",32.12,25.0,"Below 200 DMA, Very high debt, Negative operating cash flow, Negative free cash flow",5.42,Avoid,"RSI recovering, Positive day move, Strong ROE, 80.0% of closes stayed inside the range | Range width 19.7% | Currently 0.6% through the range"
IDEA,Communication Services,Telecom Services,7.25,-1.23,5.7,19.18,27.19,62.2,29.45,9.68,13.61,469601033.85,418915760.0,0.89,Bearish,4.0,Oversold RSI,-19.62,-54.52,-45.28,-5.63,-5.04,4.4,-13.99,-49.48,-49.68,0.0,,80.0,Lower Range Watch,59.01,8.13,16.86,107.37,0.0,80.0% of closes stayed inside the range | Range width 107.4% | Currently 0.0% through the range,29.99,-16.89,-12.55,-73.38,1.02,-6.61,-234.06,0.24,0.24,167.8,243809.0,20826.1,19212.2,3.6885,-8.9483,-4.0872,,0.436,146263.1,45.2,Telecom,8.0,0.0,9.0,17.0,8.0,42.0,0.93,Strong ROE,"Negative net margin, Earnings contraction",4.0,46.0,"General quality ROE, General low-debt support",27.5,16.0,"Below 200 DMA, Negative net margin",5.22,Avoid,"Oversold RSI, Strong ROE, 80.0% of closes stayed inside the range | Range width 107.4% | Currently 0.0% through the range"
OIL,Energy,Oil & Gas Integrated,451.76,-0.63,95.09,729.69,375.1,38.09,36.71,516.78,460.02,2567572.45,999530.0,0.39,Bearish,8.0,Weak but watchable RSI,-10.87,-29.09,11.92,-5.63,-5.04,4.4,-5.24,-24.05,7.52,10.0,Positive 6M return,21.43,Accumulation Zone,65.61,427.41,642.11,50.23,11.34,80.0% of closes stayed inside the range | Range width 50.2% | Currently 11.3% through the range,13.11,6.87,36.96,19.51,-10.03,-27.42,49.73,1.17,0.85,315.99,24040.5,10933.14,-1129.69,9.1579,7.5062,1.3235,4.04,0.253,76775.88,56.89,Energy / Utilities,18.0,0.0,9.0,9.0,15.0,51.0,1.0,,"Revenue contraction, Earnings contraction, Negative free cash flow",2.0,53.0,General low-debt support,26.08,22.0,"Below 200 DMA, Low volume participation, Earnings contraction, Negative free cash flow",4.96,Avoid,"Weak but watchable RSI, Positive 6M return, 80.0% of closes stayed inside the range | Range width 50.2% | Currently 11.3% through the range"
BANKINDIA,Financial Services,Banks - Regional,96.32,-1.18,40.78,144.31,136.2,33.26,40.57,100.88,115.26,6939119.95,6355112.0,0.92,Bearish,8.0,Weak but watchable RSI,-1.67,-13.57,-14.33,-5.63,-5.04,4.4,3.96,-8.53,-18.73,0.0,,78.65,Accumulation Zone,72.14,97.87,115.56,18.07,0.0,80.0% of closes stayed inside the range | Range width 18.1% | Currently 0.0% through the range,9.3,0.71,,22.29,11.72,71.04,94.16,,,83122.96,66460.27,-4436.94,-5287.47,5.3869,5.6026,0.7284,3.25,0.777,66241.31,0.0,Banking,8.0,15.0,7.0,0.0,12.0,42.0,0.79,Cash covers debt,"Negative operating cash flow, Negative free cash flow",0.0,42.0,,32.12,17.0,"Below 200 DMA, Negative operating cash flow, Negative free cash flow",4.52,Avoid,"Weak but watchable RSI, Cash covers debt, 80.0% of closes stayed inside the range | Range width 18.1% | Currently 0.0% through the range"
GODREJPROP,Real Estate,Real Estate - Development,2616.85,1.32,1000.17,3386.33,161.64,22.72,35.2,2932.03,2772.67,549217.35,357071.0,0.65,Bearish,13.0,"Weak but watchable RSI, Positive day move",-16.09,-11.72,-7.83,-5.63,-5.04,4.4,-10.46,-6.68,-12.23,0.0,,80.0,Accumulation Zone,73.34,2781.19,3254.45,17.02,0.0,80.0% of closes stayed inside the range | Range width 17.0% | Currently 0.0% through the range,7.26,2.03,-5.96,24.83,34.85,26.93,106.87,1.43,0.43,1319.81,10679.29,-692.57,-1387.82,38.3153,18.06,3.1684,49.0,0.478,60697.14,42.86,Cement / Realty,6.0,20.0,4.0,0.0,9.0,39.0,1.0,,"Negative operating cash flow, Negative free cash flow",0.0,39.0,,30.06,17.0,"Below 200 DMA, Negative operating cash flow, Negative free cash flow",4.41,Avoid,"Weak but watchable RSI, Positive day move, 80.0% of closes stayed inside the range | Range width 17.0% | Currently 0.0% through the range"
FACT,Basic Materials,Agricultural Inputs,813.58,-0.59,103.66,1185.35,684.87,31.36,37.25,910.17,844.89,198242.75,126054.0,0.64,Bearish,8.0,Weak but watchable RSI,-9.87,-13.19,17.78,-5.63,-5.04,4.4,-4.24,-8.15,13.38,10.0,Positive 6M return,51.75,Accumulation Zone,67.94,778.43,1026.94,31.93,14.14,80.0% of closes stayed inside the range | Range width 31.9% | Currently 14.1% through the range,9.45,2.21,11.09,4.36,-6.86,-79.07,133.32,1.05,0.78,425.42,1810.22,279.99,106.35,,,38.5634,5.0,,53030.78,47.47,General,5.0,0.0,4.0,17.0,2.0,28.0,0.93,,"Revenue contraction, Earnings contraction",0.0,28.0,,33.45,15.0,"Below 200 DMA, Earnings contraction",4.32,Avoid,"Weak but watchable RSI, Positive 6M return, 80.0% of closes stayed inside the range | Range width 31.9% | Currently 14.1% through the range"
DALBHARAT,Basic Materials,Building Materials,1674.16,-1.6,1448.98,2401.43,15.54,30.28,33.5,1827.57,1866.54,285482.5,208120.0,0.73,Bearish,13.0,"Weak but watchable RSI, Near 52W low zone",-8.75,-4.39,-6.61,-5.63,-5.04,4.4,-3.12,0.65,-11.01,0.0,,83.33,Accumulation Zone,74.54,1739.89,1897.48,9.06,0.0,80.0% of closes stayed inside the range | Range width 9.1% | Currently 0.0% through the range,5.04,2.98,7.98,5.76,8.29,-20.19,29.3,1.76,1.48,341.0,4805.0,2635.0,-192.0,36.8796,25.1706,1.921,54.0,0.184,34568.38,61.49,Cement / Realty,0.0,5.0,13.0,9.0,11.0,38.0,1.0,,"Earnings contraction, Negative free cash flow",2.0,40.0,General low-debt support,33.45,19.0,"Below 200 DMA, Earnings contraction, Negative free cash flow",3.27,Avoid,"Weak but watchable RSI, Near 52W low zone, 80.0% of closes stayed inside the range | Range width 9.1% | Currently 0.0% through the range"
CHOLAFIN,Financial Services,Credit Services,1240.14,3.08,654.07,1648.47,89.6,24.77,34.7,1445.75,1310.25,1660174.75,1661116.0,1.0,Bearish,23.0,"Weak but watchable RSI, Normal volume support, Strong positive day move",-14.89,-10.45,-3.24,-5.63,-5.04,4.4,-9.26,-5.41,-7.64,0.0,,78.65,Accumulation Zone,74.43,1269.01,1570.64,23.77,0.0,80.0% of closes stayed inside the range | Range width 23.8% | Currently 0.0% through the range,17.46,2.18,,34.41,39.1,28.34,688.24,,,2236.23,134847.78,-35682.85,-36759.09,28.3753,19.5308,5.3643,7.0,0.477,163765.54,99.93,Financial Services,10.0,20.0,0.0,0.0,11.0,41.0,0.79,,"Very high debt, Negative operating cash flow, Negative free cash flow",8.0,49.0,"High leverage is structural for this sector, Strong ROE for a leveraged-balance-sheet business, Expensive relative to book value for this sector",32.12,25.0,"Below 200 DMA, Very high debt, Negative operating cash flow, Negative free cash flow",2.72,Avoid,"Weak but watchable RSI, Normal volume support, Strong positive day move, 80.0% of closes stayed inside the range | Range width 23.8% | Currently 0.0% through the range"
SRF,Industrials,Conglomerates,2165.72,-2.5,2017.83,2829.27,7.33,23.45,38.43,2335.52,2396.29,528483.95,294619.0,0.56,Bearish,16.0,"Weak but watchable RSI, Near 52W low with stable RSI",-6.29,-11.89,-4.29,-5.63,-5.04,4.4,-0.66,-6.85,-8.69,0.0,,74.12,Accumulation Zone,74.6,2237.8,2525.29,12.85,0.0,80.0% of closes stayed inside the range | Range width 12.8% | Currently 0.0% through the range,11.64,6.52,15.47,10.35,-11.52,-38.23,43.82,1.03,0.61,399.33,5030.54,2093.86,-123.07,35.4158,28.5908,5.4566,39.0,0.132,76620.96,48.32,Capital Goods / Infra,10.0,0.0,9.0,9.0,9.0,37.0,1.0,,"Revenue contraction, Earnings contraction, Negative free cash flow",0.0,37.0,,31.27,19.0,"Below 200 DMA, Earnings contraction, Negative free cash flow",2.64,Avoid,"Weak but watchable RSI, Near 52W low with stable RSI, 80.0% of closes stayed inside the range | Range width 12.8% | Currently 0.0% through the range"
BAJFINANCE,Financial Services,Credit Services,648.78,0.29,536.89,805.16,20.84,19.42,33.57,707.84,684.03,9631158.0,5965350.0,0.62,Bearish,18.0,"Weak but watchable RSI, Near 52W low zone, Positive day move",-4.81,-2.29,-1.88,-5.63,-5.04,4.4,0.82,2.75,-6.28,0.0,,78.65,Accumulation Zone,75.07,652.74,734.37,12.51,0.0,80.0% of closes stayed inside the range | Range width 12.5% | Currently 0.0% through the range,18.84,3.85,,42.1,27.29,25.58,284.81,,,7368.37,218437.11,-69843.31,-70881.09,33.5541,21.7163,5.9681,49.0,0.323,680692.29,91.55,Financial Services,12.0,20.0,0.0,0.0,11.0,43.0,0.79,Strong ROE,"Very high debt, Negative operating cash flow, Negative free cash flow",8.0,51.0,"High leverage is structural for this sector, Strong ROE for a leveraged-balance-sheet business, Expensive relative to book value for this sector",32.12,25.0,"Below 200 DMA, Very high debt, Negative operating cash flow, Negative free cash flow",2.17,Avoid,"Weak but watchable RSI, Near 52W low zone, Positive day move, Strong ROE, 80.0% of closes stayed inside the range | Range width 12.5% | Currently 0.0% through the range"
GMRAIRPORT,Industrials,Airports & Air Services,78.01,1.56,33.35,103.75,133.91,24.81,39.6,86.83,88.29,16736115.5,17220570.0,1.03,Bearish,18.0,"Weak but watchable RSI, Normal volume support, Positive day move",-9.04,-18.36,-9.34,-5.63,-5.04,4.4,-3.41,-13.32,-13.74,0.0,,74.12,Accumulation Zone,73.56,79.94,98.0,22.59,0.0,80.0% of closes stayed inside the range | Range width 22.6% | Currently 0.0% through the range,25.84,-1.15,18.1,-7.41,29.43,-211.99,-1658.22,1.06,1.05,1794.86,35886.59,3880.1,-644.48,804.2308,72.0701,-43.9655,,0.573,110394.09,57.86,Capital Goods / Infra,13.0,10.0,13.0,9.0,5.0,50.0,0.93,Strong ROE,"Negative net margin, Earnings contraction, Negative free cash flow, Very high PE",5.0,55.0,Strong order-book-driven revenue growth,31.27,27.0,"Below 200 DMA, Negative net margin, Earnings contraction, Negative free cash flow",1.44,Avoid,"Weak but watchable RSI, Normal volume support, Positive day move, Strong ROE, 80.0% of closes stayed inside the range | Range width 22.6% | Currently 0.0% through the range"
M&MFIN,Financial Services,Credit Services,246.4,0.53,161.66,327.32,52.42,24.72,32.13,283.44,273.68,2859155.6,727558.0,0.25,Bearish,13.0,"Weak but watchable RSI, Positive day move",-11.27,-14.97,-0.1,-5.63,-5.04,4.4,-5.64,-9.93,-4.5,0.0,,78.65,Accumulation Zone,72.61,256.42,312.54,21.89,0.0,80.0% of closes stayed inside the range | Range width 21.9% | Currently 0.0% through the range,9.7,1.56,,23.75,10.05,-6.74,467.45,,,3931.68,93177.37,-18448.55,-18771.85,17.0039,12.9871,2.0642,1.88,0.343,55006.67,86.34,Financial Services,8.0,5.0,0.0,0.0,14.0,27.0,0.79,,"Earnings contraction, Very high debt, Negative operating cash flow, Negative free cash flow",6.0,33.0,High leverage is structural for this sector,32.12,28.0,"Below 200 DMA, Low volume participation, Very high debt, Negative operating cash flow, Negative free cash flow",0.0,Avoid,"Weak but watchable RSI, Positive day move, 80.0% of closes stayed inside the range | Range width 21.9% | Currently 0.0% through the range"
GODREJCP,Consumer Defensive,Household & Personal Products,1145.08,0.56,754.09,1488.38,51.85,23.07,28.19,1299.46,1275.04,1033491.9,1161297.0,1.12,Bearish,14.0,"Oversold RSI, Normal volume support, Positive day move",-11.22,-14.91,-8.07,-5.63,-5.04,4.4,-5.59,-9.87,-12.47,0.0,,83.33,Accumulation Zone,73.82,1233.85,1422.26,15.27,0.0,80.0% of closes stayed inside the range | Range width 15.3% | Currently 0.0% through the range,-4.45,-3.03,20.38,-4.01,5.87,-132.93,25.58,0.99,0.77,402.78,3222.21,2069.95,1762.76,54.9517,33.3113,7.3619,1.95,0.368,93120.75,49.72,FMCG / Consumer,5.0,2.0,7.0,17.0,6.0,37.0,1.0,,"Negative net margin, Earnings contraction",3.0,40.0,"Low debt, typical of a healthy consumer business",36.25,23.0,"Below 200 DMA, Negative net margin, Earnings contraction",0.0,Avoid,"Oversold RSI, Normal volume support, Positive day move, 80.0% of closes stayed inside the range | Range width 15.3% | Currently 0.0% through the range"
HUDCO,Financial Services,Credit Services,193.87,0.8,30.31,333.2,539.69,41.82,38.49,214.93,226.1,4849264.6,3238799.0,0.67,Bearish,13.0,"Weak but watchable RSI, Positive day move",-5.31,-27.52,-14.82,-5.63,-5.04,4.4,0.32,-22.48,-19.22,0.0,,78.65,Accumulation Zone,69.0,204.69,298.8,45.98,0.0,80.0% of closes stayed inside the range | Range width 46.0% | Currently 0.0% through the range,12.74,2.27,,71.11,15.52,24.41,445.45,,,250.55,74003.36,-10286.74,-10290.92,9.2171,8.0304,1.7552,3.06,0.837,38582.62,99.96,Financial Services,10.0,16.0,0.0,0.0,15.0,41.0,0.79,,"Very high debt, Negative operating cash flow, Negative free cash flow",6.0,47.0,High leverage is structural for this sector,32.12,25.0,"Below 200 DMA, Very high debt, Negative operating cash flow, Negative free cash flow",0.0,Avoid,"Weak but watchable RSI, Positive day move, 80.0% of closes stayed inside the range | Range width 46.0% | Currently 0.0% through the range"
INDUSINDBK,Financial Services,Banks - Regional,1002.98,-1.23,966.94,1673.18,3.73,40.06,20.52,1285.41,1409.97,7566758.6,5427908.0,0.72,Bearish,9.0,"Oversold RSI, Near 52W low zone",-25.43,-27.27,-28.08,-5.63,-5.04,4.4,-19.8,-22.23,-32.48,0.0,,78.65,Accumulation Zone,69.16,1060.61,1477.81,39.34,0.0,80.0% of closes stayed inside the range | Range width 39.3% | Currently 0.0% through the range,14.2,1.74,,30.47,15.7,20.61,75.33,,,42391.59,47611.41,-16924.73,-17654.74,60.0295,12.9494,1.2053,15.0,0.494,79277.55,0.0,Banking,10.0,16.0,4.0,0.0,9.0,39.0,0.79,,"Negative operating cash flow, Negative free cash flow",0.0,39.0,,32.12,25.0,"Below 200 DMA, Extreme RSI weakness, Negative operating cash flow, Negative free cash flow",0.0,Avoid,"Oversold RSI, Near 52W low zone, 80.0% of closes stayed inside the range | Range width 39.3% | Currently 0.0% through the range"
ADANIENSOL,Utilities,Utilities - Independent Power Producers,866.55,-1.49,631.5,4236.75,37.22,79.55,37.48,983.98,1035.97,2668756.55,1743209.0,0.65,Bearish,8.0,Weak but watchable RSI,-16.94,-21.22,-16.29,-5.63,-5.04,4.4,-11.31,-16.18,-20.69,0.0,,67.65,Accumulation Zone,72.69,961.65,1100.06,14.39,0.0,80.0% of closes stayed inside the range | Range width 14.4% | Currently 0.0% through the range,9.0,1.94,27.09,6.95,25.18,-9.48,293.24,1.01,0.98,742.06,37069.65,6037.62,608.08,66.6528,44.2264,7.5542,,0.679,195550.42,43.66,Energy / Utilities,11.0,10.0,2.0,17.0,3.0,43.0,0.93,,"Earnings contraction, Very high debt",0.0,43.0,,24.58,21.0,"Below 200 DMA, Far from 52W high, Very high debt",0.0,Avoid,"Weak but watchable RSI, 80.0% of closes stayed inside the range | Range width 14.4% | Currently 0.0% through the range"
ADANIENT,Energy,Thermal Coal,2816.04,-0.29,1015.6,4182.39,177.28,32.67,40.62,2983.49,3095.14,1125304.1,489692.0,0.44,Bearish,8.0,Weak but watchable RSI,-6.11,-8.21,-7.86,-5.63,-5.04,4.4,-0.48,-3.17,-12.26,0.0,,67.86,Accumulation Zone,73.28,2911.61,3214.81,10.41,0.0,80.0% of closes stayed inside the range | Range width 10.4% | Currently 0.0% through the range,8.29,2.02,9.36,3.36,-24.39,31.53,167.14,0.83,0.62,2306.55,65310.15,10312.19,-12053.72,52.0792,44.307,4.7693,4.0,0.808,424857.17,43.31,Metals / Mining,2.0,10.0,0.0,9.0,9.0,30.0,1.0,,"Revenue contraction, Negative free cash flow",0.0,30.0,,26.08,20.0,"Below 200 DMA, Low volume participation, Revenue contraction, Negative free cash flow",0.0,Avoid,"Weak but watchable RSI, 80.0% of closes stayed inside the range | Range width 10.4% | Currently 0.0% through the range"
ABCAPITAL,Financial Services,Financial Conglomerates,185.03,-2.06,106.65,246.9,73.49,25.06,30.76,216.94,211.44,7163331.25,6572741.0,0.92,Bearish,8.0,Weak but watchable RSI,-16.68,-15.17,-18.0,-5.63,-5.04,4.4,-11.05,-10.13,-22.4,0.0,,78.65,Accumulation Zone,72.34,203.45,237.48,16.73,0.0,80.0% of closes stayed inside the range | Range width 16.7% | Currently 0.0% through the range,12.44,1.44,29.9,8.21,42.16,-30.46,410.66,,,1554.3,110128.34,-24100.5,-24502.91,26.3092,16.2013,3.1273,,0.687,112442.53,28.11,Financial Services,13.0,10.0,0.0,0.0,9.0,32.0,0.79,,"Earnings contraction, Very high debt, Negative operating cash flow, Negative free cash flow",6.0,38.0,High leverage is structural for this sector,32.12,32.0,"Below 200 DMA, Very high debt, Earnings contraction, Negative operating cash flow, Negative free cash flow",0.0,Avoid,"Weak but watchable RSI, 80.0% of closes stayed inside the range | Range width 16.7% | Currently 0.0% through the range"
ADANIGREEN,Utilities,Utilities - Renewable,1456.95,-2.24,439.1,2572.0,231.8,43.35,29.51,1766.93,1814.81,632938.0,626638.0,0.99,Bearish,4.0,Oversold RSI,-16.08,-24.3,-20.52,-5.63,-5.04,4.4,-10.45,-19.26,-24.92,0.0,,67.65,Accumulation Zone,71.37,1641.94,1930.81,17.59,0.0,80.0% of closes stayed inside the range | Range width 17.6% | Currently 0.0% through the range,10.34,1.24,59.05,11.93,18.59,12.94,609.45,0.52,0.51,1608.0,64858.0,7713.0,-8060.0,131.5202,42.438,11.3765,,1.083,219453.29,94.69,Energy / Utilities,11.0,13.0,0.0,9.0,3.0,36.0,0.93,,"Very high debt, Negative free cash flow, Very high PE",0.0,36.0,,24.58,20.0,"Below 200 DMA, Very high debt, Negative free cash flow",0.0,Avoid,"Oversold RSI, 80.0% of closes stayed inside the range | Range width 17.6% | Currently 0.0% through the range"
SBICARD,Financial Services,Credit Services,672.68,-0.92,643.76,1014.74,4.49,33.71,34.65,733.76,718.8,1480100.85,415550.0,0.28,Bearish,16.0,"Weak but watchable RSI, Near 52W low with stable RSI",-8.53,-4.73,-5.29,-5.63,-5.04,4.4,-2.9,0.31,-9.69,0.0,,78.65,Accumulation Zone,74.58,687.39,776.71,12.99,0.0,80.0% of closes stayed inside the range | Range width 13.0% | Currently 0.0% through the range,19.93,4.14,,18.88,19.42,6.62,333.62,,,2508.43,40314.7,-5653.38,-5727.87,27.1772,18.3719,3.9751,38.0,0.246,62484.85,24.65,Financial Services,12.0,10.0,0.0,0.0,11.0,33.0,0.79,Strong ROE,"Very high debt, Negative operating cash flow, Negative free cash flow",12.0,45.0,"High leverage is structural for this sector, Strong ROE for a leveraged-balance-sheet business",32.12,28.0,"Below 200 DMA, Low volume participation, Very high debt, Negative operating cash flow, Negative free cash flow",0.0,Avoid,"Weak but watchable RSI, Near 52W low with stable RSI, Strong ROE, 80.0% of closes stayed inside the range | Range width 13.0% | Currently 0.0% through the range"
DELHIVERY,Industrials,Integrated Freight & Logistics,327.3,-0.98,291.0,608.7,12.47,46.23,18.84,392.43,418.54,1335746.75,4113456.0,3.08,Bearish,24.0,"Oversold RSI, Near 52W low zone, Strong volume expansion",-17.49,-25.31,-27.87,-5.63,-5.04,4.4,-11.86,-20.27,-32.27,0.0,,74.12,Breakdown Risk,35.0,355.77,426.76,19.95,0.0,80.0% of closes stayed inside the range | Range width 20.0% | Currently 0.0% through the range | Below lower band on elevated volume,-2.72,-2.18,-7.16,-3.06,12.68,75.27,12.79,4.42,4.41,303.22,1169.34,472.4,-92.56,385.4508,42.6924,3.6232,,0.174,35229.57,84.92,Capital Goods / Infra,0.0,15.0,17.0,9.0,5.0,46.0,0.93,,"Negative net margin, Negative free cash flow, Very high PE",0.0,46.0,,31.27,28.0,"Below 200 DMA, Extreme RSI weakness, Negative net margin, Negative free cash flow",0.0,Avoid,"Oversold RSI, Near 52W low zone, Strong volume expansion, 80.0% of closes stayed inside the range | Range width 20.0% | Currently 0.0% through the range | Below lower band on elevated volume"
BHEL,Industrials,Specialty Industrial Machinery,221.49,-0.46,50.9,333.29,335.13,33.54,36.19,253.06,267.94,20183085.35,11297324.0,0.56,Bearish,8.0,Weak but watchable RSI,-12.28,-24.88,-25.69,-5.63,-5.04,4.4,-6.65,-19.84,-30.09,0.0,,74.12,Accumulation Zone,70.08,235.21,310.0,31.8,0.0,80.0% of closes stayed inside the range | Range width 31.8% | Currently 0.0% through the range,1.15,0.48,0.78,1.23,3.54,-55.73,36.24,1.37,1.08,1718.86,8856.46,-3712.9,-3945.4,60.2582,30.5233,5.5934,35.0,0.845,146246.66,31.47,Capital Goods / Infra,0.0,2.0,11.0,0.0,7.0,20.0,1.0,,"Earnings contraction, Negative operating cash flow, Negative free cash flow",0.0,20.0,,31.27,24.0,"Below 200 DMA, Earnings contraction, Negative operating cash flow, Negative free cash flow",0.0,Avoid,"Weak but watchable RSI, 80.0% of closes stayed inside the range | Range width 31.8% | Currently 0.0% through the range"
TATACOMM,Communication Services,Telecom Services,1686.61,-1.29,1021.76,2123.7,65.07,20.58,33.16,1871.04,1817.36,309501.05,227643.0,0.74,Bearish,8.0,Weak but watchable RSI,-7.78,-8.09,-3.27,-5.63,-5.04,4.4,-2.15,-3.05,-7.67,0.0,,80.0,Accumulation Zone,72.86,1731.85,1961.73,13.27,0.0,80.0% of closes stayed inside the range | Range width 13.3% | Currently 0.0% through the range,54.21,3.94,9.5,4.66,16.52,-46.08,630.49,0.44,0.43,732.05,11263.17,3182.0,1099.66,52.3267,22.1678,14.3548,100.0,0.816,49484.61,27.46,Telecom,8.0,8.0,0.0,17.0,7.0,40.0,1.0,Strong ROE,"Earnings contraction, Very high debt",2.0,42.0,General quality ROE,27.5,23.0,"Below 200 DMA, Very high debt, Earnings contraction",0.0,Avoid,"Weak but watchable RSI, Strong ROE, 80.0% of closes stayed inside the range | Range width 13.3% | Currently 0.0% through the range"
SUNDARMFIN,Financial Services,Credit Services,4071.16,-1.06,1910.96,5451.57,113.04,25.32,28.95,4820.58,4387.13,61285.05,47638.0,0.78,Bearish,4.0,Oversold RSI,-18.89,-2.81,-12.95,-5.63,-5.04,4.4,-13.26,2.23,-17.35,0.0,,78.65,Accumulation Zone,70.7,4098.11,5002.01,22.06,0.0,80.0% of closes stayed inside the range | Range width 22.1% | Currently 0.0% through the range,12.96,2.23,,39.59,22.86,8.15,401.32,,,642.18,44459.59,-8487.63,-8570.98,22.2038,20.2032,3.3371,90.0,0.186,49304.73,89.16,Financial Services,10.0,13.0,0.0,0.0,11.0,34.0,0.79,,"Very high debt, Negative operating cash flow, Negative free cash flow",6.0,40.0,High leverage is structural for this sector,32.12,25.0,"Below 200 DMA, Very high debt, Negative operating cash flow, Negative free cash flow",0.0,Avoid,"Oversold RSI, 80.0% of closes stayed inside the range | Range width 22.1% | Currently 0.0% through the range"
TATASTEEL,Basic Materials,Steel,135.2,2.34,86.34,173.26,56.59,21.96,36.81,146.98,149.66,38019317.95,40233848.0,1.06,Bearish,23.0,"Weak but watchable RSI, Normal volume support, Strong positive day move",-9.13,-8.26,-13.92,-5.63,-5.04,4.4,-3.5,-3.22,-18.32,0.0,,83.33,Accumulation Zone,75.29,142.54,168.27,18.05,0.0,80.0% of closes stayed inside the range | Range width 18.0% | Currently 0.0% through the range,-4.82,-1.62,5.45,-1.95,-5.93,-150.65,94.62,0.72,0.22,7080.84,87082.12,20300.67,2094.07,21.0395,10.4022,2.2751,2.12,0.867,232271.75,56.35,Metals / Mining,0.0,0.0,4.0,17.0,13.0,34.0,1.0,,"Negative net margin, Revenue contraction, Earnings contraction",0.0,34.0,,33.45,23.0,"Below 200 DMA, Negative net margin, Earnings contraction",0.0,Avoid,"Weak but watchable RSI, Normal volume support, Strong positive day move, 80.0% of closes stayed inside the range | Range width 18.0% | Currently 0.0% through the range"
