symbol,sector,industry,current_price,day_change_pct,low_52w,high_52w,distance_from_low_pct,distance_from_high_pct,rsi,sma50,sma200,avg_volume_20d,latest_volume,volume_ratio,trend,technical_score,technical_reasons,return_1m,return_3m,return_6m,nifty_return_1m,nifty_return_3m,nifty_return_6m,return_vs_nifty_1m,return_vs_nifty_3m,return_vs_nifty_6m,relative_strength_score,relative_strength_reasons,sector_rank_pct,range_status,range_score,range_low,range_high,range_width_pct,range_position_pct,range_reasons,roe,roa,operating_margin,net_profit_margin,revenue_growth,earnings_growth,debt_to_equity,current_ratio,quick_ratio,total_cash_cr,total_debt_cr,operating_cashflow_cr,free_cashflow_cr,trailing_pe,forward_pe,price_to_book,dividend_yield,beta,market_cap_cr,gross_margin,sector_bucket,profitability_score,growth_score,balance_sheet_score,cashflow_score,valuation_score,fundamental_score,fundamental_data_coverage,fundamental_reasons,fundamental_risk_reasons,sector_adjustment,sector_adjusted_fundamental_score,sector_adjustment_reasons,sector_score,risk_penalty,risk_reasons,final_score,score_band,reasons
BAJAJHLDNG,Financial Services,Asset Management,11549.82,3.63,4965.59,12984.9,132.6,11.05,52.02,11270.34,10098.28,106194.9,138683.0,1.31,Bullish,80.0,"Above 50 DMA, Above 200 DMA, Healthy RSI momentum, Near 52W high momentum, Volume expansion, Strong positive day move",3.07,5.15,14.38,-4.45,-8.36,-9.56,7.52,13.51,23.94,78.0,"Positive 1M return, Positive 3M return, Positive 6M return, 1M Nifty outperformance, 3M Nifty outperformance, 6M Nifty outperformance, Positive across 1M/3M/6M",1.65,Profit Booking Zone,86.71,10127.87,11650.97,15.04,93.36,80.0% of closes stayed inside the range | Range width 15.0% | Currently 93.4% through the range,13.4,11.15,,94.81,47.91,49.82,0.12,,,39.78,62.57,1941.12,1940.81,14.5501,,1.7617,1.39,0.154,128866.75,98.98,Financial Services,14.0,20.0,9.0,17.0,11.0,71.0,0.79,,,0.0,71.0,,22.73,0.0,,67.76,Strong,"Above 50 DMA, Above 200 DMA, Healthy RSI momentum, Near 52W high momentum, Volume expansion, Strong positive day move, Positive 1M return, Positive 3M return, Positive 6M return, 1M Nifty outperformance, 3M Nifty outperformance, 6M Nifty outperformance, Positive across 1M/3M/6M, 80.0% of closes stayed inside the range | Range width 15.0% | Currently 93.4% through the range"
NH,Healthcare,Medical Care Facilities,1559.06,-0.82,668.13,1684.79,133.35,7.46,63.89,1360.31,1273.86,2052264.3,923681.0,0.45,Bullish,60.0,"Above 50 DMA, Above 200 DMA, Healthy RSI momentum, Near 52W high momentum",14.01,21.62,13.74,-4.45,-8.36,-9.56,18.46,29.98,23.3,95.0,"Strong 1M absolute return, Strong 3M absolute return, Positive 6M return, 1M Nifty outperformance, 3M Nifty outperformance, 6M Nifty outperformance, Positive across 1M/3M/6M",4.44,Profit Booking Zone,83.79,1225.53,1386.99,13.17,100.0,80.0% of closes stayed inside the range | Range width 13.2% | Currently 100.0% through the range,27.37,14.03,19.23,16.19,8.56,30.19,56.41,1.75,1.65,263.83,1626.69,1066.6,95.99,45.2285,26.3467,8.1974,24.0,,37193.68,39.83,Pharma / Healthcare,23.0,15.0,11.0,17.0,7.0,73.0,1.0,Strong ROE,,4.0,77.0,"General quality ROE, General low-debt support",23.78,3.0,Low volume participation,66.27,Strong,"Above 50 DMA, Above 200 DMA, Healthy RSI momentum, Near 52W high momentum, Strong ROE, Strong 1M absolute return, Strong 3M absolute return, Positive 6M return, 1M Nifty outperformance, 3M Nifty outperformance, 6M Nifty outperformance, Positive across 1M/3M/6M, 80.0% of closes stayed inside the range | Range width 13.2% | Currently 100.0% through the range"
ABBOTINDIA,Healthcare,Drug Manufacturers - Specialty & Generic,29651.8,-0.69,16232.57,30741.42,82.67,3.54,60.66,27674.14,27239.25,20461.2,12123.0,0.59,Bullish,60.0,"Above 50 DMA, Above 200 DMA, Healthy RSI momentum, Near 52W high momentum",5.8,6.12,2.91,-4.45,-8.36,-9.56,10.25,14.48,12.47,63.0,"Positive 1M return, Positive 3M return, Positive 6M return, 1M Nifty outperformance, 3M Nifty outperformance, Positive across 1M/3M/6M",8.89,Profit Booking Zone,84.38,26306.01,28744.86,9.27,100.0,80.0% of closes stayed inside the range | Range width 9.3% | Currently 100.0% through the range,32.48,23.13,24.04,20.54,9.36,26.52,2.25,2.42,1.96,291.74,83.23,1212.81,1164.48,38.4784,31.1337,12.5248,1.87,0.056,59795.54,46.52,Pharma / Healthcare,24.0,15.0,20.0,17.0,6.0,82.0,1.0,"Strong ROE, Cash covers debt",,4.0,86.0,"General quality ROE, General low-debt support",23.78,0.0,,64.42,Watchlist,"Above 50 DMA, Above 200 DMA, Healthy RSI momentum, Near 52W high momentum, Strong ROE, Cash covers debt, Positive 1M return, Positive 3M return, Positive 6M return, 1M Nifty outperformance, 3M Nifty outperformance, Positive across 1M/3M/6M, 80.0% of closes stayed inside the range | Range width 9.3% | Currently 100.0% through the range"
KOTAKBANK,Financial Services,Banks - Regional,385.97,0.71,307.55,410.9,25.5,6.07,52.65,375.48,360.75,20942576.0,13901690.0,0.66,Bullish,65.0,"Above 50 DMA, Above 200 DMA, Healthy RSI momentum, Near 52W high momentum, Positive day move",1.02,7.84,8.11,-4.45,-8.36,-9.56,5.47,16.2,17.67,78.0,"Positive 1M return, Positive 3M return, Positive 6M return, 1M Nifty outperformance, 3M Nifty outperformance, 6M Nifty outperformance, Positive across 1M/3M/6M",1.65,Profit Booking Zone,85.1,347.79,386.14,11.03,99.56,80.0% of closes stayed inside the range | Range width 11.0% | Currently 99.6% through the range,14.01,2.37,,26.14,34.35,22.03,57.79,,,68460.24,75105.61,15685.0,14558.31,19.2649,15.2838,2.1432,17.0,0.275,388409.46,0.0,Banking,10.0,18.0,4.0,17.0,15.0,64.0,0.79,,,0.0,64.0,,22.73,0.0,,61.56,Watchlist,"Above 50 DMA, Above 200 DMA, Healthy RSI momentum, Near 52W high momentum, Positive day move, Positive 1M return, Positive 3M return, Positive 6M return, 1M Nifty outperformance, 3M Nifty outperformance, 6M Nifty outperformance, Positive across 1M/3M/6M, 80.0% of closes stayed inside the range | Range width 11.0% | Currently 99.6% through the range"
SHREECEM,Basic Materials,Building Materials,27779.53,-0.27,19811.99,30343.18,40.22,8.45,53.17,26717.2,26003.12,35965.75,15712.0,0.44,Bullish,60.0,"Above 50 DMA, Above 200 DMA, Healthy RSI momentum, Near 52W high momentum",0.58,3.38,8.67,-4.45,-8.36,-9.56,5.03,11.74,18.23,78.0,"Positive 1M return, Positive 3M return, Positive 6M return, 1M Nifty outperformance, 3M Nifty outperformance, 6M Nifty outperformance, Positive across 1M/3M/6M",2.63,Profit Booking Zone,82.47,24216.0,28018.56,15.7,93.71,80.0% of closes stayed inside the range | Range width 15.7% | Currently 93.7% through the range,11.57,8.57,12.89,11.92,15.2,88.53,8.0,1.99,1.41,262.36,1655.55,3347.49,147.14,56.6297,37.086,10.0126,55.0,,92258.47,73.54,Cement / Realty,12.0,18.0,15.0,17.0,7.0,69.0,1.0,,,2.0,71.0,General low-debt support,31.17,3.0,Low volume participation,61.03,Watchlist,"Above 50 DMA, Above 200 DMA, Healthy RSI momentum, Near 52W high momentum, Positive 1M return, Positive 3M return, Positive 6M return, 1M Nifty outperformance, 3M Nifty outperformance, 6M Nifty outperformance, Positive across 1M/3M/6M, 80.0% of closes stayed inside the range | Range width 15.7% | Currently 93.7% through the range"
MAZDOCK,Industrials,Aerospace & Defense,2321.12,4.27,144.32,2883.4,1508.34,19.5,60.34,2207.83,2175.05,4492723.3,4654555.0,1.04,Bullish,65.0,"Above 50 DMA, Above 200 DMA, Healthy RSI momentum, Normal volume support, Strong positive day move",6.35,-4.05,8.41,-4.45,-8.36,-9.56,10.8,4.31,17.97,43.0,"Positive 1M return, Positive 6M return, 1M Nifty outperformance, 6M Nifty outperformance",6.4,Profit Booking Zone,80.37,2010.45,2413.62,20.05,77.06,80.0% of closes stayed inside the range | Range width 20.1% | Currently 77.1% through the range,31.02,6.58,14.76,21.36,19.57,73.09,0.27,1.14,0.89,5218.48,16.55,683.75,673.74,38.4627,32.1624,10.5529,82.0,0.624,102942.58,32.58,Capital Goods / Infra,19.0,18.0,14.0,17.0,7.0,75.0,1.0,"Strong ROE, Cash covers debt",,5.0,80.0,Strong order-book-driven revenue growth,23.5,0.0,,58.52,Watchlist,"Above 50 DMA, Above 200 DMA, Healthy RSI momentum, Normal volume support, Strong positive day move, Strong ROE, Cash covers debt, Positive 1M return, Positive 6M return, 1M Nifty outperformance, 6M Nifty outperformance, 80.0% of closes stayed inside the range | Range width 20.1% | Currently 77.1% through the range"
LLOYDSME,Basic Materials,Steel,1150.15,4.36,490.69,1476.01,134.39,22.08,51.11,1245.24,954.42,503391.5,814016.0,1.62,Bearish,55.0,"Above 200 DMA, Healthy RSI momentum, Volume expansion, Strong positive day move",-4.34,2.35,51.57,-4.45,-8.36,-9.56,0.11,10.71,61.13,60.0,"Positive 3M return, Strong 6M absolute return, 3M Nifty outperformance, 6M Nifty outperformance",7.89,Neutral Range,69.83,923.0,1383.17,49.86,49.36,80.0% of closes stayed inside the range | Range width 49.9% | Currently 49.4% through the range,44.22,31.57,25.98,19.18,93.87,530.75,5.75,1.14,0.91,2.3,161.61,1701.04,-19.65,22.1189,12.3348,7.6829,5.0,,106531.99,54.65,Metals / Mining,25.0,20.0,11.0,9.0,9.0,74.0,1.0,Strong ROE,Negative free cash flow,4.0,78.0,"General quality ROE, General low-debt support",31.17,4.0,Negative free cash flow,56.73,Watchlist,"Above 200 DMA, Healthy RSI momentum, Volume expansion, Strong positive day move, Strong ROE, Positive 3M return, Strong 6M absolute return, 3M Nifty outperformance, 6M Nifty outperformance, 80.0% of closes stayed inside the range | Range width 49.9% | Currently 49.4% through the range"
POWERINDIA,Industrials,Electrical Equipment & Parts,13045.57,-4.14,2836.07,16545.15,359.99,21.15,59.08,12464.85,12521.64,120767.45,111677.0,0.92,Bullish,50.0,"Above 50 DMA, Above 200 DMA, Healthy RSI momentum",6.23,4.38,14.1,-4.45,-8.36,-9.56,10.68,12.74,23.66,78.0,"Positive 1M return, Positive 3M return, Positive 6M return, 1M Nifty outperformance, 3M Nifty outperformance, 6M Nifty outperformance, Positive across 1M/3M/6M",2.33,Neutral Range,72.31,11499.58,14767.43,28.42,47.31,80.0% of closes stayed inside the range | Range width 28.4% | Currently 47.3% through the range,12.04,3.48,5.4,3.21,17.57,74.42,15.71,1.16,0.89,128.04,213.68,252.31,162.95,138.2239,72.2106,30.8289,2.0,0.572,159569.06,38.99,Capital Goods / Infra,4.0,18.0,11.0,17.0,5.0,55.0,1.0,,Very high PE,5.0,60.0,Strong order-book-driven revenue growth,23.5,0.0,,56.52,Watchlist,"Above 50 DMA, Above 200 DMA, Healthy RSI momentum, Positive 1M return, Positive 3M return, Positive 6M return, 1M Nifty outperformance, 3M Nifty outperformance, 6M Nifty outperformance, Positive across 1M/3M/6M, 80.0% of closes stayed inside the range | Range width 28.4% | Currently 47.3% through the range"
GLAXO,Healthcare,Drug Manufacturers - General,2648.76,2.28,1135.42,2959.02,133.29,10.49,68.11,2151.92,2422.09,690262.5,202498.0,0.29,Bullish,70.0,"Above 50 DMA, Above 200 DMA, Healthy RSI momentum, Near 52W high momentum, Strong positive day move",21.72,18.17,-3.12,-4.45,-8.36,-9.56,26.17,26.53,6.44,50.0,"Strong 1M absolute return, Positive 3M return, 1M Nifty outperformance, 3M Nifty outperformance",11.11,Profit Booking Zone,83.03,1975.3,2612.26,32.25,100.0,80.0% of closes stayed inside the range | Range width 32.2% | Currently 100.0% through the range,33.19,16.59,24.36,17.14,6.68,-3.39,1.05,1.84,1.49,64.17,18.66,582.02,550.79,41.6103,33.2197,19.5764,2.19,0.057,44387.77,64.2,Pharma / Healthcare,23.0,2.0,18.0,17.0,7.0,67.0,1.0,"Strong ROE, Cash covers debt",Earnings contraction,4.0,71.0,"General quality ROE, General low-debt support",23.78,3.0,Low volume participation,55.42,Watchlist,"Above 50 DMA, Above 200 DMA, Healthy RSI momentum, Near 52W high momentum, Strong positive day move, Strong ROE, Cash covers debt, Strong 1M absolute return, Positive 3M return, 1M Nifty outperformance, 3M Nifty outperformance, 80.0% of closes stayed inside the range | Range width 32.2% | Currently 100.0% through the range"
HINDALCO,Basic Materials,Aluminum,682.76,1.38,350.03,763.04,95.05,10.52,73.45,599.95,651.57,6715106.0,8142832.0,1.21,Bullish,57.0,"Above 50 DMA, Above 200 DMA, Strong but overbought RSI, Near 52W high momentum, Normal volume support, Positive day move",16.11,3.36,4.98,-4.45,-8.36,-9.56,20.56,11.72,14.54,70.0,"Strong 1M absolute return, Positive 3M return, Positive 6M return, 1M Nifty outperformance, 3M Nifty outperformance, Positive across 1M/3M/6M",5.26,Neutral Range,77.28,581.79,722.39,24.17,71.81,80.0% of closes stayed inside the range | Range width 24.2% | Currently 71.8% through the range,9.57,4.38,7.78,4.73,-3.21,0.57,53.09,1.39,0.7,11816.0,56356.0,24056.0,8328.0,14.2245,9.717,1.7528,48.0,0.925,239409.43,31.31,Metals / Mining,2.0,0.0,6.0,17.0,15.0,40.0,1.0,,Revenue contraction,2.0,42.0,General low-debt support,31.17,0.0,,51.13,Neutral,"Above 50 DMA, Above 200 DMA, Strong but overbought RSI, Near 52W high momentum, Normal volume support, Positive day move, Strong 1M absolute return, Positive 3M return, Positive 6M return, 1M Nifty outperformance, 3M Nifty outperformance, Positive across 1M/3M/6M, 80.0% of closes stayed inside the range | Range width 24.2% | Currently 71.8% through the range"
SRF,Industrials,Conglomerates,2920.56,2.94,2017.83,2968.86,44.74,1.63,65.84,2651.77,2433.67,565558.55,1417602.0,2.51,Bullish,85.0,"Above 50 DMA, Above 200 DMA, Healthy RSI momentum, Near 52W high momentum, Strong volume expansion, Strong positive day move",1.42,25.4,16.2,-4.45,-8.36,-9.56,5.87,33.76,25.76,88.0,"Positive 1M return, Strong 3M absolute return, Positive 6M return, 1M Nifty outperformance, 3M Nifty outperformance, 6M Nifty outperformance, Positive across 1M/3M/6M",1.16,Breakout Watch,87.03,2223.68,2815.4,26.61,100.0,80.0% of closes stayed inside the range | Range width 26.6% | Currently 100.0% through the range | Above upper band on elevated volume,11.64,6.52,15.47,10.35,-11.52,-38.23,43.82,1.03,0.61,399.33,5030.54,2093.86,-123.07,35.4158,28.5908,5.4566,39.0,0.132,76620.96,48.32,Capital Goods / Infra,10.0,0.0,9.0,9.0,9.0,37.0,1.0,,"Revenue contraction, Earnings contraction, Negative free cash flow",0.0,37.0,,23.5,11.0,"Earnings contraction, Negative free cash flow",48.72,Neutral,"Above 50 DMA, Above 200 DMA, Healthy RSI momentum, Near 52W high momentum, Strong volume expansion, Strong positive day move, Positive 1M return, Strong 3M absolute return, Positive 6M return, 1M Nifty outperformance, 3M Nifty outperformance, 6M Nifty outperformance, Positive across 1M/3M/6M, 80.0% of closes stayed inside the range | Range width 26.6% | Currently 100.0% through the range | Above upper band on elevated volume"
INDHOTEL,Consumer Cyclical,Lodging,738.83,-0.65,259.95,888.32,184.22,16.83,47.84,775.65,699.08,2865939.8,1815446.0,0.63,Bearish,27.0,"Above 200 DMA, RSI recovering",-5.8,-11.24,11.78,-4.45,-8.36,-9.56,-1.35,-2.88,21.34,25.0,"Positive 6M return, 6M Nifty outperformance",14.81,Lower Range Watch,69.6,676.15,853.2,26.18,35.4,80.0% of closes stayed inside the range | Range width 26.2% | Currently 35.4% through the range,13.31,8.48,26.22,19.36,16.52,25.58,28.93,1.54,1.48,479.34,2735.79,1935.14,1284.18,48.0744,38.7458,7.8957,45.0,-0.154,103056.49,63.01,Consumer Discretionary,20.0,18.0,13.0,17.0,7.0,75.0,1.0,,,2.0,77.0,General low-debt support,23.52,0.0,,43.48,Weak,"Above 200 DMA, RSI recovering, Positive 6M return, 6M Nifty outperformance, 80.0% of closes stayed inside the range | Range width 26.2% | Currently 35.4% through the range"
COFORGE,Technology,Information Technology Services,1520.08,1.08,611.3,1973.26,148.66,22.97,45.4,1664.15,1424.68,3489980.25,3535940.0,1.01,Bearish,37.0,"Above 200 DMA, RSI recovering, Normal volume support, Positive day move",-9.55,-14.26,19.31,-4.45,-8.36,-9.56,-5.1,-5.9,28.87,25.0,"Positive 6M return, 6M Nifty outperformance",16.67,Accumulation Zone,71.54,1384.94,1852.03,33.73,28.93,80.0% of closes stayed inside the range | Range width 33.7% | Currently 28.9% through the range,22.28,13.23,12.91,8.97,12.41,16.46,20.02,1.7,,321.3,726.0,903.4,637.9,37.3136,25.1184,6.3441,88.0,0.294,79750.75,37.25,IT / Technology,17.0,13.0,11.0,17.0,7.0,65.0,0.93,Strong ROE,,5.0,70.0,Strong ROE for an asset-light business,21.29,0.0,,43.19,Weak,"Above 200 DMA, RSI recovering, Normal volume support, Positive day move, Strong ROE, Positive 6M return, 6M Nifty outperformance, 80.0% of closes stayed inside the range | Range width 33.7% | Currently 28.9% through the range"
BERGEPAINT,Basic Materials,Specialty Chemicals,502.16,1.75,428.37,665.9,17.23,24.59,62.43,469.93,508.1,856629.3,720896.0,0.84,Bullish,45.0,"Above 50 DMA, Healthy RSI momentum, Near 52W low zone, Positive day move",7.01,6.69,-15.44,-4.45,-8.36,-9.56,11.46,15.05,-5.88,43.0,"Positive 1M return, Positive 3M return, 1M Nifty outperformance, 3M Nifty outperformance",20.18,Lower Range Watch,72.24,450.5,574.61,27.55,41.63,80.0% of closes stayed inside the range | Range width 27.5% | Currently 41.6% through the range,21.71,13.95,14.06,10.52,6.58,35.88,14.0,1.83,0.91,240.26,753.29,1591.05,1316.06,51.2637,43.1943,9.4377,75.0,0.449,65272.83,40.89,Chemicals,17.0,12.0,13.0,17.0,7.0,66.0,1.0,Strong ROE,,4.0,70.0,"General quality ROE, General low-debt support",31.17,8.0,Below 200 DMA,43.18,Weak,"Above 50 DMA, Healthy RSI momentum, Near 52W low zone, Positive day move, Strong ROE, Positive 1M return, Positive 3M return, 1M Nifty outperformance, 3M Nifty outperformance, 80.0% of closes stayed inside the range | Range width 27.5% | Currently 41.6% through the range"
CGPOWER,Industrials,Electrical Equipment & Parts,627.41,0.31,209.52,871.04,199.45,27.97,56.5,626.65,697.51,3676677.5,2350526.0,0.64,Bullish,40.0,"Above 50 DMA, Healthy RSI momentum, Positive day move",2.51,-20.97,-5.13,-4.45,-8.36,-9.56,6.96,-12.61,4.43,18.0,"Positive 1M return, 1M Nifty outperformance",14.53,Accumulation Zone,73.53,587.29,779.29,32.69,20.9,80.0% of closes stayed inside the range | Range width 32.7% | Currently 20.9% through the range,47.29,25.37,13.16,17.94,15.39,48.23,0.58,1.64,1.35,199.84,17.56,1027.79,793.52,111.9798,63.7634,17.5463,15.0,0.42,139899.97,30.72,Capital Goods / Infra,21.0,18.0,18.0,17.0,5.0,79.0,1.0,"Strong ROE, Cash covers debt",Very high PE,5.0,84.0,Strong order-book-driven revenue growth,23.5,8.0,Below 200 DMA,39.42,Weak,"Above 50 DMA, Healthy RSI momentum, Positive day move, Strong ROE, Cash covers debt, Positive 1M return, 1M Nifty outperformance, 80.0% of closes stayed inside the range | Range width 32.7% | Currently 20.9% through the range"
BHARTIARTL,Communication Services,Telecom Services,1597.08,0.23,665.27,1742.32,140.06,8.34,49.55,1596.8,1530.97,6916164.8,3035558.0,0.44,Bullish,47.0,"Above 50 DMA, Above 200 DMA, RSI recovering, Positive day move",0.68,3.3,5.71,-4.45,-8.36,-9.56,5.13,11.66,15.27,78.0,"Positive 1M return, Positive 3M return, Positive 6M return, 1M Nifty outperformance, 3M Nifty outperformance, 6M Nifty outperformance, Positive across 1M/3M/6M",6.67,Lower Range Watch,75.55,1543.27,1672.81,8.39,41.54,80.0% of closes stayed inside the range | Range width 8.4% | Currently 41.5% through the range,,,,,,,197.69,0.42,,6024.4,204623.0,25727.8,13897.2,39.9959,23.6178,7.4958,1.25,0.01,1213418.96,67.86,Telecom,0.0,0.0,0.0,17.0,6.0,23.0,0.5,,,0.0,23.0,,19.08,3.0,Low volume participation,39.16,Weak,"Above 50 DMA, Above 200 DMA, RSI recovering, Positive day move, Positive 1M return, Positive 3M return, Positive 6M return, 1M Nifty outperformance, 3M Nifty outperformance, 6M Nifty outperformance, Positive across 1M/3M/6M, 80.0% of closes stayed inside the range | Range width 8.4% | Currently 41.5% through the range"
COALINDIA,Energy,Thermal Coal,350.96,-0.51,153.6,476.32,128.48,26.32,57.57,342.93,398.66,6470878.9,8321771.0,1.29,Bullish,40.0,"Above 50 DMA, Healthy RSI momentum, Normal volume support",0.28,-6.71,-17.33,-4.45,-8.36,-9.56,4.73,1.65,-7.77,8.0,Positive 1M return,17.86,Accumulation Zone,75.81,335.47,432.11,28.81,16.03,80.8% of closes stayed inside the range | Range width 28.8% | Currently 16.0% through the range,43.9,15.79,32.53,29.43,-0.28,17.75,7.66,1.79,1.62,6008.71,6523.03,18103.1,1281.76,8.1631,7.2265,2.1177,5.09,-0.04,252240.46,74.76,Metals / Mining,25.0,8.0,16.0,17.0,15.0,81.0,1.0,Strong ROE,Revenue contraction,4.0,85.0,"General quality ROE, General low-debt support",25.49,8.0,Below 200 DMA,37.57,Weak,"Above 50 DMA, Healthy RSI momentum, Normal volume support, Strong ROE, Positive 1M return, 80.8% of closes stayed inside the range | Range width 28.8% | Currently 16.0% through the range"
ASIANPAINT,Basic Materials,Specialty Chemicals,2226.43,0.1,2083.96,3454.02,6.84,35.54,54.67,2217.39,2686.67,1166544.25,921429.0,0.79,Bullish,48.0,"Above 50 DMA, Healthy RSI momentum, Near 52W low with stable RSI, Positive day move",0.29,-4.98,-30.69,-4.45,-8.36,-9.56,4.74,3.38,-21.13,8.0,Positive 1M return,50.88,Accumulation Zone,76.97,2194.53,3029.59,38.05,3.82,80.0% of closes stayed inside the range | Range width 38.1% | Currently 3.8% through the range,29.15,18.25,19.1,15.43,2.93,32.97,13.21,2.06,1.37,829.34,2474.38,6103.6,3607.52,55.0311,45.2244,12.2976,1.01,0.289,262668.52,43.53,Chemicals,23.0,10.0,16.0,17.0,6.0,72.0,1.0,Strong ROE,,4.0,76.0,"General quality ROE, General low-debt support",31.17,8.0,Below 200 DMA,37.28,Weak,"Above 50 DMA, Healthy RSI momentum, Near 52W low with stable RSI, Positive day move, Strong ROE, Positive 1M return, 80.0% of closes stayed inside the range | Range width 38.1% | Currently 3.8% through the range"
NAVINFLUOR,Basic Materials,Chemicals,4062.51,-1.04,2855.73,4896.83,42.26,17.04,57.44,3818.99,3518.97,189489.5,76960.0,0.41,Bullish,50.0,"Above 50 DMA, Above 200 DMA, Healthy RSI momentum",-4.0,11.79,21.84,-4.45,-8.36,-9.56,0.45,20.15,31.4,50.0,"Positive 3M return, Positive 6M return, 3M Nifty outperformance, 6M Nifty outperformance",14.04,Profit Booking Zone,79.93,3289.31,4071.52,23.78,98.85,80.0% of closes stayed inside the range | Range width 23.8% | Currently 98.8% through the range,11.35,6.18,14.83,13.21,-0.83,-27.9,57.45,1.97,1.5,6.64,1368.8,749.89,17.5,54.2102,41.8624,10.7744,19.0,0.239,42868.86,56.75,Chemicals,12.0,0.0,11.0,17.0,7.0,47.0,1.0,,"Revenue contraction, Earnings contraction",2.0,49.0,General low-debt support,31.17,10.0,"Low volume participation, Earnings contraction",36.83,Weak,"Above 50 DMA, Above 200 DMA, Healthy RSI momentum, Positive 3M return, Positive 6M return, 3M Nifty outperformance, 6M Nifty outperformance, 80.0% of closes stayed inside the range | Range width 23.8% | Currently 98.8% through the range"
JSL,Basic Materials,Steel,652.1,0.41,115.54,841.14,464.4,22.47,60.79,626.04,709.56,835825.35,1255285.0,1.5,Bullish,50.0,"Above 50 DMA, Healthy RSI momentum, Volume expansion, Positive day move",3.05,-12.19,-9.03,-4.45,-8.36,-9.56,7.5,-3.83,0.53,18.0,"Positive 1M return, 1M Nifty outperformance",37.72,Lower Range Watch,75.33,605.83,756.23,24.83,30.77,80.0% of closes stayed inside the range | Range width 24.8% | Currently 30.8% through the range,18.9,8.8,9.47,7.06,7.98,28.31,42.15,1.47,0.68,1229.7,6052.26,4818.13,3343.22,18.7427,14.2066,13.508,55.0,0.554,60799.26,21.99,Metals / Mining,13.0,12.0,9.0,17.0,11.0,62.0,1.0,Strong ROE,,4.0,66.0,"General quality ROE, General low-debt support",31.17,8.0,Below 200 DMA,36.78,Weak,"Above 50 DMA, Healthy RSI momentum, Volume expansion, Positive day move, Strong ROE, Positive 1M return, 1M Nifty outperformance, 80.0% of closes stayed inside the range | Range width 24.8% | Currently 30.8% through the range"
PIIND,Basic Materials,Agricultural Inputs,3194.49,-1.12,2827.12,4758.45,12.99,32.87,47.5,3379.46,3956.55,417984.5,1416296.0,3.39,Bearish,32.0,"RSI recovering, Near 52W low zone, Strong volume expansion",-11.43,-21.61,-30.15,-4.45,-8.36,-9.56,-6.98,-13.25,-20.59,0.0,,76.32,Accumulation Zone,73.11,3177.57,4573.75,43.94,1.21,80.0% of closes stayed inside the range | Range width 43.9% | Currently 1.2% through the range,19.26,15.62,22.87,22.09,17.86,36.76,2.18,3.9,3.14,886.5,190.6,2035.9,1415.5,35.5884,23.3804,3.3541,55.0,,37668.63,57.49,General,22.0,18.0,20.0,17.0,9.0,86.0,1.0,"Strong ROE, Cash covers debt",,4.0,90.0,"General quality ROE, General low-debt support",31.17,8.0,Below 200 DMA,36.18,Weak,"RSI recovering, Near 52W low zone, Strong volume expansion, Strong ROE, Cash covers debt, 80.0% of closes stayed inside the range | Range width 43.9% | Currently 1.2% through the range"
COROMANDEL,Basic Materials,Agricultural Inputs,1741.09,1.36,814.36,1954.51,113.8,10.92,51.69,1790.46,1666.71,649932.25,366163.0,0.56,Bearish,50.0,"Above 200 DMA, Healthy RSI momentum, Near 52W high momentum, Positive day move",-5.83,-1.03,3.22,-4.45,-8.36,-9.56,-1.38,7.33,12.78,10.0,Positive 6M return,47.37,Neutral Range,74.64,1601.81,1852.73,15.66,55.51,80.0% of closes stayed inside the range | Range width 15.7% | Currently 55.5% through the range,17.43,10.36,16.19,11.87,-8.39,-18.42,5.22,2.07,1.28,1126.65,492.12,1427.69,900.8,33.365,21.4553,4.8621,53.0,0.143,61057.99,23.99,General,14.0,0.0,19.0,17.0,11.0,61.0,1.0,Cash covers debt,"Revenue contraction, Earnings contraction",2.0,63.0,General low-debt support,31.17,7.0,Earnings contraction,34.73,Avoid,"Above 200 DMA, Healthy RSI momentum, Near 52W high momentum, Positive day move, Cash covers debt, Positive 6M return, 80.0% of closes stayed inside the range | Range width 15.7% | Currently 55.5% through the range"
SOLARINDS,Basic Materials,Specialty Chemicals,9475.23,1.06,3150.56,13282.2,200.75,28.66,58.79,9319.77,10242.16,103274.55,95337.0,0.92,Bullish,40.0,"Above 50 DMA, Healthy RSI momentum, Positive day move",4.08,-12.1,-12.82,-4.45,-8.36,-9.56,8.53,-3.74,-3.26,18.0,"Positive 1M return, 1M Nifty outperformance",37.72,Accumulation Zone,74.09,8923.71,11283.91,26.45,23.37,80.0% of closes stayed inside the range | Range width 26.4% | Currently 23.4% through the range,25.29,14.57,24.09,14.15,-12.71,10.4,41.37,1.76,1.2,258.98,1367.55,1406.01,846.26,100.7965,56.2038,27.0006,6.0,0.238,169487.88,49.2,Chemicals,23.0,5.0,13.0,17.0,5.0,63.0,1.0,Strong ROE,"Revenue contraction, Very high PE",4.0,67.0,"General quality ROE, General low-debt support",31.17,8.0,Below 200 DMA,34.63,Avoid,"Above 50 DMA, Healthy RSI momentum, Positive day move, Strong ROE, Positive 1M return, 1M Nifty outperformance, 80.0% of closes stayed inside the range | Range width 26.4% | Currently 23.4% through the range"
JSWINFRA,Industrials,Marine Shipping,268.4,0.5,141.18,358.36,90.11,25.1,57.61,272.1,304.55,2822651.25,2268198.0,0.8,Bearish,25.0,"Healthy RSI momentum, Positive day move",4.53,-17.74,-13.41,-4.45,-8.36,-9.56,8.98,-9.38,-3.85,18.0,"Positive 1M return, 1M Nifty outperformance",14.53,Accumulation Zone,71.15,254.19,329.18,29.5,18.96,80.0% of closes stayed inside the range | Range width 29.5% | Currently 19.0% through the range,14.4,8.36,41.12,30.72,19.26,56.24,59.29,7.4,7.25,723.39,4758.48,1803.21,1554.5,48.9548,30.9322,6.6442,26.0,0.554,80243.51,52.82,Capital Goods / Infra,20.0,18.0,12.0,17.0,7.0,74.0,1.0,,,5.0,79.0,Strong order-book-driven revenue growth,23.5,8.0,Below 200 DMA,33.92,Avoid,"Healthy RSI momentum, Positive day move, Positive 1M return, 1M Nifty outperformance, 80.0% of closes stayed inside the range | Range width 29.5% | Currently 19.0% through the range"
MEDANTA,Healthcare,Medical Care Facilities,1225.32,-2.13,406.36,1512.82,201.54,19.0,59.23,1104.2,1130.37,415961.8,308865.0,0.74,Bullish,50.0,"Above 50 DMA, Above 200 DMA, Healthy RSI momentum",4.94,7.44,11.23,-4.45,-8.36,-9.56,9.39,15.8,20.79,78.0,"Positive 1M return, Positive 3M return, Positive 6M return, 1M Nifty outperformance, 3M Nifty outperformance, 6M Nifty outperformance, Positive across 1M/3M/6M",6.67,Profit Booking Zone,81.54,1023.3,1168.61,14.2,100.0,80.0% of closes stayed inside the range | Range width 14.2% | Currently 100.0% through the range,,,,,,,,,,,,,,67.6456,41.3212,9.4493,3.0,0.14,37445.97,52.79,Pharma / Healthcare,0.0,0.0,0.0,0.0,5.0,5.0,0.21,,,0.0,5.0,,23.78,4.0,Limited fundamental data coverage,33.32,Avoid,"Above 50 DMA, Above 200 DMA, Healthy RSI momentum, Positive 1M return, Positive 3M return, Positive 6M return, 1M Nifty outperformance, 3M Nifty outperformance, 6M Nifty outperformance, Positive across 1M/3M/6M, 80.0% of closes stayed inside the range | Range width 14.2% | Currently 100.0% through the range"
RADICO,Consumer Defensive,Beverages - Wineries & Distilleries,2186.87,-0.65,920.13,2628.05,137.67,16.79,53.54,2227.7,2055.77,310728.1,267114.0,0.86,Bearish,35.0,"Above 200 DMA, Healthy RSI momentum",-2.88,-9.52,10.99,-4.45,-8.36,-9.56,1.57,-1.16,20.55,25.0,"Positive 6M return, 6M Nifty outperformance",12.5,Lower Range Watch,72.81,2056.38,2480.42,20.62,30.77,80.0% of closes stayed inside the range | Range width 20.6% | Currently 30.8% through the range,10.75,6.4,9.63,6.4,32.01,18.98,42.25,1.7,1.06,86.25,1030.62,166.07,-73.15,86.2115,56.8584,18.3055,15.0,0.244,60734.22,43.35,FMCG / Consumer,7.0,18.0,13.0,9.0,5.0,52.0,1.0,,"Negative free cash flow, Very high PE",3.0,55.0,"Low debt, typical of a healthy consumer business",19.47,4.0,Negative free cash flow,33.17,Avoid,"Above 200 DMA, Healthy RSI momentum, Positive 6M return, 6M Nifty outperformance, 80.0% of closes stayed inside the range | Range width 20.6% | Currently 30.8% through the range"
HYUNDAI,Consumer Cyclical,Auto Manufacturers,1682.87,-0.13,1580.11,1932.65,6.5,12.92,42.59,1741.4,,2664769.1,302079.0,0.11,Bearish,16.0,"Weak but watchable RSI, Near 52W low with stable RSI",-6.05,-6.44,,-4.45,-8.36,-9.56,-1.6,1.92,,0.0,,63.89,Accumulation Zone,74.05,1681.62,1836.21,9.19,0.81,79.2% of closes stayed inside the range | Range width 9.2% | Currently 0.8% through the range,56.82,23.0,10.1,8.84,16.05,28.68,7.81,1.24,0.99,973.22,833.24,9251.95,6005.75,36.0999,24.5077,9.0955,95.0,,182009.21,28.22,Automobile,19.0,18.0,14.0,17.0,7.0,75.0,1.0,"Strong ROE, Cash covers debt",,4.0,79.0,"General quality ROE, General low-debt support",23.52,3.0,Low volume participation,32.18,Avoid,"Weak but watchable RSI, Near 52W low with stable RSI, Strong ROE, Cash covers debt, 79.2% of closes stayed inside the range | Range width 9.2% | Currently 0.8% through the range"
WELCORP,Basic Materials,Steel,788.37,1.51,171.25,827.77,360.37,4.76,57.58,756.29,693.72,902670.7,696283.0,0.77,Bullish,65.0,"Above 50 DMA, Above 200 DMA, Healthy RSI momentum, Near 52W high momentum, Positive day move",6.27,-0.18,16.81,-4.45,-8.36,-9.56,10.72,8.18,26.37,43.0,"Positive 1M return, Positive 6M return, 1M Nifty outperformance, 6M Nifty outperformance",20.18,Profit Booking Zone,84.12,688.99,791.56,14.89,96.89,80.0% of closes stayed inside the range | Range width 14.9% | Currently 96.9% through the range,,,,,,,,,,,,,,21.3148,18.9284,5.3809,27.0,0.473,49249.35,38.4,Metals / Mining,0.0,0.0,0.0,0.0,11.0,11.0,0.21,,,0.0,11.0,,31.17,4.0,Limited fundamental data coverage,31.53,Avoid,"Above 50 DMA, Above 200 DMA, Healthy RSI momentum, Near 52W high momentum, Positive day move, Positive 1M return, Positive 6M return, 1M Nifty outperformance, 6M Nifty outperformance, 80.0% of closes stayed inside the range | Range width 14.9% | Currently 96.9% through the range"
BDL,Industrials,Aerospace & Defense,1130.72,6.53,383.25,1780.16,195.03,36.48,55.42,1142.23,1252.67,1269273.75,3164621.0,2.49,Bearish,45.0,"Healthy RSI momentum, Strong volume expansion, Strong positive day move",-6.05,-5.64,-7.86,-4.45,-8.36,-9.56,-1.6,2.72,1.7,0.0,,59.88,Neutral Range,72.53,1012.8,1230.32,21.48,54.21,80.0% of closes stayed inside the range | Range width 21.5% | Currently 54.2% through the range,16.85,5.93,19.93,25.98,-4.86,73.98,0.1,3.07,2.41,593.84,3.74,411.72,330.83,113.6556,43.4794,11.5734,39.0,0.326,49119.37,49.94,Capital Goods / Infra,17.0,10.0,20.0,17.0,5.0,69.0,1.0,Cash covers debt,"Revenue contraction, Very high PE",0.0,69.0,,23.5,8.0,Below 200 DMA,30.92,Avoid,"Healthy RSI momentum, Strong volume expansion, Strong positive day move, Cash covers debt, 80.0% of closes stayed inside the range | Range width 21.5% | Currently 54.2% through the range"
BAJAJ-AUTO,Consumer Cyclical,Auto Manufacturers,7285.0,1.51,3203.99,12285.36,127.37,40.7,29.53,8211.08,9279.24,418948.05,942308.0,2.25,Bearish,24.0,"Oversold RSI, Strong volume expansion, Positive day move",-14.37,-15.96,-30.17,-4.45,-8.36,-9.56,-9.92,-7.6,-20.61,0.0,,63.89,Breakdown Risk,35.0,8120.74,11414.88,40.56,0.0,80.0% of closes stayed inside the range | Range width 40.6% | Currently 0.0% through the range | Below lower band on elevated volume,26.61,19.58,18.89,17.61,23.71,27.19,6.17,1.3,1.12,560.45,1785.9,6551.53,5828.69,27.8148,24.7664,8.4212,1.28,0.633,321520.48,34.19,Automobile,23.0,18.0,13.0,17.0,8.0,79.0,1.0,Strong ROE,,4.0,83.0,"General quality ROE, General low-debt support",23.52,8.0,Below 200 DMA,30.58,Avoid,"Oversold RSI, Strong volume expansion, Positive day move, Strong ROE, 80.0% of closes stayed inside the range | Range width 40.6% | Currently 0.0% through the range | Below lower band on elevated volume"
EICHERMOT,Consumer Cyclical,Auto Manufacturers,4983.22,0.12,2710.4,5447.09,83.86,8.52,55.0,4944.85,4751.92,605870.6,590548.0,0.97,Bullish,65.0,"Above 50 DMA, Above 200 DMA, Healthy RSI momentum, Near 52W high momentum, Positive day move",-4.52,5.98,7.44,-4.45,-8.36,-9.56,-0.07,14.34,17.0,50.0,"Positive 3M return, Positive 6M return, 3M Nifty outperformance, 6M Nifty outperformance",9.26,Profit Booking Zone,82.65,4609.68,5064.64,9.87,82.1,80.0% of closes stayed inside the range | Range width 9.9% | Currently 82.1% through the range,,,,,,,,,,,,,,38.2557,29.6311,8.7966,1.03,0.226,220962.51,42.31,Automobile,0.0,0.0,0.0,0.0,6.0,6.0,0.21,,,0.0,6.0,,23.52,4.0,Limited fundamental data coverage,30.38,Avoid,"Above 50 DMA, Above 200 DMA, Healthy RSI momentum, Near 52W high momentum, Positive day move, Positive 3M return, Positive 6M return, 3M Nifty outperformance, 6M Nifty outperformance, 80.0% of closes stayed inside the range | Range width 9.9% | Currently 82.1% through the range"
HONAUT,Industrials,Electrical Equipment & Parts,35613.46,1.91,33047.57,59548.55,7.76,40.19,50.64,38046.7,46494.04,5041.7,3734.0,0.74,Bearish,33.0,"Healthy RSI momentum, Near 52W low with stable RSI, Positive day move",-6.25,-13.48,-27.63,-4.45,-8.36,-9.56,-1.8,-5.12,-18.07,0.0,,59.88,Accumulation Zone,72.45,34460.4,49372.09,43.27,7.73,80.0% of closes stayed inside the range | Range width 43.3% | Currently 7.7% through the range,13.9,10.24,13.78,12.37,18.15,14.47,1.65,3.72,3.59,2822.4,59.6,438.7,406.7,60.9754,45.3198,7.4533,29.0,0.513,33283.77,38.95,Capital Goods / Infra,16.0,13.0,20.0,17.0,5.0,71.0,1.0,Cash covers debt,,5.0,76.0,Strong order-book-driven revenue growth,23.5,8.0,Below 200 DMA,30.37,Avoid,"Healthy RSI momentum, Near 52W low with stable RSI, Positive day move, Cash covers debt, 80.0% of closes stayed inside the range | Range width 43.3% | Currently 7.7% through the range"
BAJAJFINSV,Financial Services,Financial Conglomerates,1842.83,-0.01,1211.97,2027.18,52.05,9.09,53.6,1763.18,1699.51,1790676.35,1332323.0,0.74,Bullish,60.0,"Above 50 DMA, Above 200 DMA, Healthy RSI momentum, Near 52W high momentum",3.2,10.94,-0.81,-4.45,-8.36,-9.56,7.65,19.3,8.75,43.0,"Positive 1M return, Positive 3M return, 1M Nifty outperformance, 3M Nifty outperformance",8.79,Profit Booking Zone,80.68,1591.78,1888.2,18.62,84.69,80.0% of closes stayed inside the range | Range width 18.6% | Currently 84.7% through the range,13.51,1.51,39.82,8.16,35.25,26.97,379.23,,,5765.02,228781.7,-65502.04,-66937.5,31.9699,21.4331,4.1459,6.0,0.374,323329.46,51.48,Financial Services,13.0,20.0,0.0,0.0,11.0,44.0,0.86,,"Very high debt, Negative operating cash flow, Negative free cash flow",6.0,50.0,High leverage is structural for this sector,22.73,17.0,"Very high debt, Negative operating cash flow, Negative free cash flow",29.66,Avoid,"Above 50 DMA, Above 200 DMA, Healthy RSI momentum, Near 52W high momentum, Positive 1M return, Positive 3M return, 1M Nifty outperformance, 3M Nifty outperformance, 80.0% of closes stayed inside the range | Range width 18.6% | Currently 84.7% through the range"
TATASTEEL,Basic Materials,Steel,145.11,0.74,86.34,173.26,68.06,16.24,72.13,128.51,145.01,38587996.65,81821791.0,2.12,Bullish,57.0,"Above 50 DMA, Above 200 DMA, Strong but overbought RSI, Strong volume expansion, Positive day move",14.35,0.82,1.4,-4.45,-8.36,-9.56,18.8,9.18,10.96,55.0,"Strong 1M absolute return, Positive 3M return, Positive 6M return, 1M Nifty outperformance, Positive across 1M/3M/6M",10.53,Neutral Range,77.89,124.72,152.34,22.14,73.84,80.0% of closes stayed inside the range | Range width 22.1% | Currently 73.8% through the range,-4.82,-1.62,5.45,-1.95,-5.93,-150.65,94.62,0.72,0.22,7080.84,87082.12,20300.67,2094.07,21.0395,10.4022,2.2751,2.12,0.867,232271.75,56.35,Metals / Mining,0.0,0.0,4.0,17.0,13.0,34.0,1.0,,"Negative net margin, Revenue contraction, Earnings contraction",0.0,34.0,,31.17,15.0,"Negative net margin, Earnings contraction",29.58,Avoid,"Above 50 DMA, Above 200 DMA, Strong but overbought RSI, Strong volume expansion, Positive day move, Strong 1M absolute return, Positive 3M return, Positive 6M return, 1M Nifty outperformance, Positive across 1M/3M/6M, 80.0% of closes stayed inside the range | Range width 22.1% | Currently 73.8% through the range"
SCHAEFFLER,Consumer Cyclical,Auto Parts,3220.91,0.69,2474.05,4869.38,30.19,33.85,56.57,3193.53,3707.65,69158.9,55078.0,0.8,Bullish,40.0,"Above 50 DMA, Healthy RSI momentum, Positive day move",-2.77,-9.94,-15.25,-4.45,-8.36,-9.56,1.68,-1.58,-5.69,0.0,,63.89,Accumulation Zone,74.85,3068.73,3827.36,24.72,20.06,80.0% of closes stayed inside the range | Range width 24.7% | Currently 20.1% through the range,17.6,13.64,14.35,11.57,13.78,4.43,1.04,2.86,1.87,463.94,55.53,839.87,95.85,51.4953,40.9915,10.512,84.0,0.118,64487.76,38.41,Automobile,15.0,7.0,20.0,17.0,7.0,66.0,1.0,Cash covers debt,,2.0,68.0,General low-debt support,23.52,8.0,Below 200 DMA,29.33,Avoid,"Above 50 DMA, Healthy RSI momentum, Positive day move, Cash covers debt, 80.0% of closes stayed inside the range | Range width 24.7% | Currently 20.1% through the range"
ABB,Industrials,Specialty Industrial Machinery,5201.38,-0.81,2557.9,8922.81,103.35,41.71,45.14,5734.01,7181.33,662411.15,482112.0,0.73,Bearish,12.0,RSI recovering,-6.25,-30.76,-29.92,-4.45,-8.36,-9.56,-1.8,-22.4,-20.36,0.0,,59.88,Accumulation Zone,67.7,5199.98,7965.25,53.18,0.05,80.0% of closes stayed inside the range | Range width 53.2% | Currently 0.1% through the range,26.45,15.1,18.28,15.48,16.6,50.69,0.73,2.04,1.7,935.63,51.88,1331.8,1117.85,102.0381,73.5122,17.5008,52.0,0.486,163381.35,37.28,Capital Goods / Infra,23.0,18.0,20.0,17.0,5.0,83.0,1.0,"Strong ROE, Cash covers debt",Very high PE,5.0,88.0,Strong order-book-driven revenue growth,23.5,8.0,Below 200 DMA,29.32,Avoid,"RSI recovering, Strong ROE, Cash covers debt, 80.0% of closes stayed inside the range | Range width 53.2% | Currently 0.1% through the range"
CHOLAFIN,Financial Services,Credit Services,1455.61,-0.09,654.07,1648.47,122.55,11.7,63.69,1316.62,1363.83,1738853.05,1722090.0,0.99,Bullish,60.0,"Above 50 DMA, Above 200 DMA, Healthy RSI momentum, Near 52W high momentum",5.56,9.16,-5.17,-4.45,-8.36,-9.56,10.01,17.52,4.39,43.0,"Positive 1M return, Positive 3M return, 1M Nifty outperformance, 3M Nifty outperformance",8.79,Profit Booking Zone,78.27,1209.41,1530.73,26.57,76.62,80.0% of closes stayed inside the range | Range width 26.6% | Currently 76.6% through the range,17.46,2.18,,34.41,39.1,28.34,688.24,,,2236.23,134847.78,-35682.85,-36759.09,28.3753,19.5308,5.3643,7.0,0.477,163765.54,99.93,Financial Services,10.0,20.0,0.0,0.0,11.0,41.0,0.79,,"Very high debt, Negative operating cash flow, Negative free cash flow",8.0,49.0,"High leverage is structural for this sector, Strong ROE for a leveraged-balance-sheet business, Expensive relative to book value for this sector",22.73,17.0,"Very high debt, Negative operating cash flow, Negative free cash flow",29.31,Avoid,"Above 50 DMA, Above 200 DMA, Healthy RSI momentum, Near 52W high momentum, Positive 1M return, Positive 3M return, 1M Nifty outperformance, 3M Nifty outperformance, 80.0% of closes stayed inside the range | Range width 26.6% | Currently 76.6% through the range"
SONACOMS,Consumer Cyclical,Auto Parts,512.71,-0.82,388.88,758.97,31.84,32.45,51.6,526.48,632.0,1770996.95,1035927.0,0.58,Bearish,20.0,Healthy RSI momentum,-2.93,-19.56,-25.84,-4.45,-8.36,-9.56,1.52,-11.2,-16.28,0.0,,63.89,Accumulation Zone,70.19,498.26,701.22,40.73,7.12,80.0% of closes stayed inside the range | Range width 40.7% | Currently 7.1% through the range,19.52,13.38,22.15,16.78,20.02,30.86,15.55,2.12,1.6,90.97,412.13,692.75,373.22,71.4476,47.8131,8.3617,45.0,0.449,50164.83,49.92,Automobile,21.0,18.0,17.0,17.0,5.0,78.0,1.0,Strong ROE,,4.0,82.0,"General quality ROE, General low-debt support",23.52,8.0,Below 200 DMA,29.23,Avoid,"Healthy RSI momentum, Strong ROE, 80.0% of closes stayed inside the range | Range width 40.7% | Currently 7.1% through the range"
UNIONBANK,Financial Services,Banks - Regional,110.65,0.75,34.45,157.89,221.24,29.92,56.07,106.09,115.77,10497415.4,6559818.0,0.62,Bullish,40.0,"Above 50 DMA, Healthy RSI momentum, Positive day move",-1.33,-9.04,-1.92,-4.45,-8.36,-9.56,3.12,-0.68,7.64,0.0,,63.19,Neutral Range,71.9,102.62,119.28,16.23,48.21,80.0% of closes stayed inside the range | Range width 16.2% | Currently 48.2% through the range,14.14,0.98,,25.0,17.07,62.1,27.64,,,119645.85,26974.27,19929.69,18280.89,6.9131,6.9857,1.0231,2.74,0.893,142748.43,0.0,Banking,10.0,18.0,10.0,17.0,12.0,67.0,0.79,Cash covers debt,,0.0,67.0,,22.73,8.0,Below 200 DMA,28.86,Avoid,"Above 50 DMA, Healthy RSI momentum, Positive day move, Cash covers debt, 80.0% of closes stayed inside the range | Range width 16.2% | Currently 48.2% through the range"
BAJFINANCE,Financial Services,Credit Services,830.19,-0.08,536.89,863.23,54.63,3.83,55.08,778.49,712.34,10509556.5,4729460.0,0.45,Bullish,60.0,"Above 50 DMA, Above 200 DMA, Healthy RSI momentum, Near 52W high momentum",-1.21,21.17,14.39,-4.45,-8.36,-9.56,3.24,29.53,23.95,60.0,"Strong 3M absolute return, Positive 6M return, 3M Nifty outperformance, 6M Nifty outperformance",5.49,Profit Booking Zone,81.67,660.18,832.3,26.07,98.77,80.0% of closes stayed inside the range | Range width 26.1% | Currently 98.8% through the range,,,,,,,,,,,,,,33.5541,21.7163,5.9681,49.0,0.323,680692.29,91.55,Financial Services,0.0,0.0,0.0,0.0,11.0,11.0,0.21,,,-4.0,7.0,Expensive relative to book value for this sector,22.73,7.0,"Low volume participation, Limited fundamental data coverage",28.86,Avoid,"Above 50 DMA, Above 200 DMA, Healthy RSI momentum, Near 52W high momentum, Strong 3M absolute return, Positive 6M return, 3M Nifty outperformance, 6M Nifty outperformance, 80.0% of closes stayed inside the range | Range width 26.1% | Currently 98.8% through the range"
MARUTI,Consumer Cyclical,Auto Manufacturers,11424.52,-0.02,7763.06,13273.58,47.17,13.93,32.45,11901.69,11828.43,323533.35,259055.0,0.8,Bearish,8.0,Weak but watchable RSI,-10.78,4.16,-3.97,-4.45,-8.36,-9.56,-6.33,12.52,5.59,25.0,"Positive 3M return, 3M Nifty outperformance",14.81,Lower Range Watch,66.84,10772.19,12534.74,16.36,37.01,80.0% of closes stayed inside the range | Range width 16.4% | Currently 37.0% through the range,15.75,11.69,9.82,9.88,19.97,63.22,0.14,0.87,0.67,2659.5,118.6,16801.1,7601.2,30.423,22.9458,4.071,100.0,0.239,436233.54,26.35,Automobile,11.0,18.0,12.0,17.0,11.0,69.0,1.0,Cash covers debt,,2.0,71.0,General low-debt support,23.52,8.0,Below 200 DMA,28.63,Avoid,"Weak but watchable RSI, Cash covers debt, Positive 3M return, 3M Nifty outperformance, 80.0% of closes stayed inside the range | Range width 16.4% | Currently 37.0% through the range"
NATIONALUM,Basic Materials,Aluminum,186.74,1.23,56.5,242.41,230.5,22.97,55.06,184.53,186.54,12550883.6,9153908.0,0.73,Bullish,55.0,"Above 50 DMA, Above 200 DMA, Healthy RSI momentum, Positive day move",1.25,-20.33,19.68,-4.45,-8.36,-9.56,5.7,-11.97,29.24,43.0,"Positive 1M return, Positive 6M return, 1M Nifty outperformance, 6M Nifty outperformance",20.18,Accumulation Zone,76.19,172.97,228.01,31.82,25.01,80.0% of closes stayed inside the range | Range width 31.8% | Currently 25.0% through the range,,,,,,,,,,,,,,10.5607,10.8213,3.5699,1.03,0.709,77138.53,71.34,Metals / Mining,0.0,0.0,0.0,0.0,9.0,9.0,0.21,,,0.0,9.0,,31.17,4.0,Limited fundamental data coverage,28.33,Avoid,"Above 50 DMA, Above 200 DMA, Healthy RSI momentum, Positive day move, Positive 1M return, Positive 6M return, 1M Nifty outperformance, 6M Nifty outperformance, 80.0% of closes stayed inside the range | Range width 31.8% | Currently 25.0% through the range"
JSWSTEEL,Basic Materials,Steel,1002.68,0.0,601.78,1054.09,66.62,4.88,65.18,933.32,936.0,1877625.25,759943.0,0.4,Bullish,65.0,"Above 50 DMA, Above 200 DMA, Healthy RSI momentum, Near 52W high momentum, Positive day move",6.62,-0.18,8.23,-4.45,-8.36,-9.56,11.07,8.18,17.79,43.0,"Positive 1M return, Positive 6M return, 1M Nifty outperformance, 6M Nifty outperformance",20.18,Profit Booking Zone,85.24,903.84,999.08,10.54,100.0,80.0% of closes stayed inside the range | Range width 10.5% | Currently 100.0% through the range,,,,,,,,,,,,,,12.6581,17.4188,3.096,55.0,0.627,309784.53,42.29,Metals / Mining,0.0,0.0,0.0,0.0,10.0,10.0,0.21,,,0.0,10.0,,31.17,7.0,"Low volume participation, Limited fundamental data coverage",28.18,Avoid,"Above 50 DMA, Above 200 DMA, Healthy RSI momentum, Near 52W high momentum, Positive day move, Positive 1M return, Positive 6M return, 1M Nifty outperformance, 6M Nifty outperformance, 80.0% of closes stayed inside the range | Range width 10.5% | Currently 100.0% through the range"
ENDURANCE,Consumer Cyclical,Auto Parts,1867.58,1.72,1160.92,3026.82,60.87,38.3,49.69,1965.02,2306.51,87900.3,280770.0,3.19,Bearish,32.0,"RSI recovering, Strong volume expansion, Positive day move",-5.99,-19.42,-24.88,-4.45,-8.36,-9.56,-1.54,-11.06,-15.32,0.0,,63.89,Accumulation Zone,75.45,1860.62,2386.61,28.27,1.32,80.0% of closes stayed inside the range | Range width 28.3% | Currently 1.3% through the range,13.67,8.63,8.54,6.75,16.21,41.89,15.38,1.69,1.3,504.63,765.34,1057.09,222.26,44.723,30.1333,6.2092,38.0,0.723,42475.96,42.33,Automobile,11.0,18.0,15.0,17.0,7.0,68.0,1.0,,,2.0,70.0,General low-debt support,23.52,8.0,Below 200 DMA,28.03,Avoid,"RSI recovering, Strong volume expansion, Positive day move, 80.0% of closes stayed inside the range | Range width 28.3% | Currently 1.3% through the range"
TATATECH,Technology,Information Technology Services,651.12,0.14,615.25,1344.53,5.83,51.57,31.29,755.29,926.69,1147547.9,1281819.0,1.12,Bearish,26.0,"Weak but watchable RSI, Near 52W low with stable RSI, Normal volume support, Positive day move",-14.47,-28.76,-37.68,-4.45,-8.36,-9.56,-10.02,-20.4,-28.12,0.0,,66.67,Accumulation Zone,71.89,711.46,1031.09,44.93,0.0,80.0% of closes stayed inside the range | Range width 44.9% | Currently 0.0% through the range,21.09,12.18,16.4,13.29,15.88,8.87,7.99,1.87,,519.85,257.39,294.33,202.52,62.8902,35.9162,8.7138,97.0,0.833,34193.62,24.55,IT / Technology,19.0,13.0,16.0,17.0,5.0,70.0,0.93,"Strong ROE, Cash covers debt",,5.0,75.0,Strong ROE for an asset-light business,21.29,8.0,Below 200 DMA,27.94,Avoid,"Weak but watchable RSI, Near 52W low with stable RSI, Normal volume support, Positive day move, Strong ROE, Cash covers debt, 80.0% of closes stayed inside the range | Range width 44.9% | Currently 0.0% through the range"
ANANDRATHI,Financial Services,Asset Management,925.01,0.59,155.16,1152.17,496.18,19.72,43.86,948.03,971.09,1035943.4,523874.0,0.51,Bearish,13.0,"Weak but watchable RSI, Positive day move",-1.05,-16.08,-2.56,-4.45,-8.36,-9.56,3.4,-7.72,7.0,0.0,,63.19,Accumulation Zone,71.78,907.96,1038.03,14.33,13.11,80.0% of closes stayed inside the range | Range width 14.3% | Currently 13.1% through the range,34.67,25.57,39.27,31.06,32.02,33.59,7.96,3.45,,33.11,51.67,277.57,273.07,78.1228,65.0423,36.4135,32.0,0.337,36346.43,57.81,Financial Services,25.0,20.0,14.0,17.0,5.0,81.0,0.93,Strong ROE,,2.0,83.0,"Strong ROE for a leveraged-balance-sheet business, Expensive relative to book value for this sector",22.73,8.0,Below 200 DMA,27.71,Avoid,"Weak but watchable RSI, Positive day move, Strong ROE, 80.0% of closes stayed inside the range | Range width 14.3% | Currently 13.1% through the range"
HCLTECH,Technology,Information Technology Services,1462.0,-1.73,749.44,1869.31,95.08,21.79,30.83,1645.06,1586.67,2206740.55,2091986.0,0.95,Bearish,8.0,Weak but watchable RSI,-9.61,-18.73,-9.31,-4.45,-8.36,-9.56,-5.16,-10.37,0.25,0.0,,66.67,Accumulation Zone,72.89,1589.6,1796.95,13.04,0.0,80.0% of closes stayed inside the range | Range width 13.0% | Currently 0.0% through the range,23.0,15.74,31.48,14.29,8.34,5.73,8.43,2.61,2.6,9441.0,5756.0,22448.0,21400.0,21.2315,17.0459,4.9998,4.39,0.006,369445.39,34.0,IT / Technology,22.0,7.0,20.0,17.0,11.0,77.0,1.0,"Strong ROE, Cash covers debt",,10.0,87.0,"Strong ROE for an asset-light business, Strong operating margin",21.29,8.0,Below 200 DMA,27.64,Avoid,"Weak but watchable RSI, Strong ROE, Cash covers debt, 80.0% of closes stayed inside the range | Range width 13.0% | Currently 0.0% through the range"
IRCTC,Consumer Cyclical,Travel Services,690.84,-0.24,538.33,1108.01,28.33,37.65,41.33,741.7,856.97,1208039.25,1087031.0,0.9,Bearish,8.0,Weak but watchable RSI,-10.24,-15.74,-23.72,-4.45,-8.36,-9.56,-5.79,-7.38,-14.16,0.0,,63.89,Accumulation Zone,71.71,718.95,869.12,20.89,0.0,80.0% of closes stayed inside the range | Range width 20.9% | Currently 0.0% through the range,34.4,18.24,33.26,26.08,20.31,10.46,1.87,1.95,1.95,706.34,60.35,882.17,649.68,29.5824,22.5736,9.5354,1.84,0.171,41084.0,36.63,Consumer Discretionary,25.0,13.0,19.0,17.0,8.0,82.0,1.0,"Strong ROE, Cash covers debt",,4.0,86.0,"General quality ROE, General low-debt support",23.52,8.0,Below 200 DMA,27.63,Avoid,"Weak but watchable RSI, Strong ROE, Cash covers debt, 80.0% of closes stayed inside the range | Range width 20.9% | Currently 0.0% through the range"
AMBUJACEM,Basic Materials,Building Materials,495.52,0.26,309.86,700.9,59.92,29.3,53.32,507.18,582.5,2397304.45,1851476.0,0.77,Bearish,25.0,"Healthy RSI momentum, Positive day move",-2.79,-12.85,-20.69,-4.45,-8.36,-9.56,1.66,-4.49,-11.13,0.0,,76.32,Accumulation Zone,73.45,485.19,603.42,24.37,8.74,80.0% of closes stayed inside the range | Range width 24.4% | Currently 8.7% through the range,8.62,5.49,14.7,10.99,4.99,84.34,1.69,1.98,1.68,3007.1,699.01,5645.82,1163.36,23.7585,28.9663,1.7535,47.0,0.221,104610.8,56.82,Cement / Realty,10.0,12.0,19.0,17.0,10.0,68.0,1.0,Cash covers debt,,2.0,70.0,General low-debt support,31.17,8.0,Below 200 DMA,27.43,Avoid,"Healthy RSI momentum, Positive day move, Cash covers debt, 80.0% of closes stayed inside the range | Range width 24.4% | Currently 8.7% through the range"
SBICARD,Financial Services,Credit Services,831.89,-0.51,643.76,1014.74,29.22,18.02,54.89,780.61,734.33,2043288.1,466045.0,0.23,Bullish,50.0,"Above 50 DMA, Above 200 DMA, Healthy RSI momentum",3.28,14.78,4.36,-4.45,-8.36,-9.56,7.73,23.14,13.92,63.0,"Positive 1M return, Positive 3M return, Positive 6M return, 1M Nifty outperformance, 3M Nifty outperformance, Positive across 1M/3M/6M",3.85,Profit Booking Zone,80.28,679.52,832.08,22.45,99.87,80.0% of closes stayed inside the range | Range width 22.5% | Currently 99.9% through the range,19.93,4.14,,18.88,19.42,6.62,333.62,,,2508.43,40314.7,-5653.38,-5727.87,27.1772,18.3719,3.9751,38.0,0.246,62484.85,24.65,Financial Services,12.0,10.0,0.0,0.0,11.0,33.0,0.79,Strong ROE,"Very high debt, Negative operating cash flow, Negative free cash flow",12.0,45.0,"High leverage is structural for this sector, Strong ROE for a leveraged-balance-sheet business",22.73,20.0,"Low volume participation, Very high debt, Negative operating cash flow, Negative free cash flow",27.41,Avoid,"Above 50 DMA, Above 200 DMA, Healthy RSI momentum, Strong ROE, Positive 1M return, Positive 3M return, Positive 6M return, 1M Nifty outperformance, 3M Nifty outperformance, Positive across 1M/3M/6M, 80.0% of closes stayed inside the range | Range width 22.5% | Currently 99.9% through the range"
HAL,Industrials,Aerospace & Defense,3405.21,1.01,1047.95,5542.24,224.94,38.56,47.79,3664.69,4354.86,1875798.2,1732838.0,0.92,Bearish,17.0,"RSI recovering, Positive day move",-7.82,-24.86,-25.33,-4.45,-8.36,-9.56,-3.37,-16.5,-15.77,0.0,,59.88,Accumulation Zone,72.15,3401.3,4428.25,30.19,0.38,80.0% of closes stayed inside the range | Range width 30.2% | Currently 0.4% through the range,26.15,9.76,29.84,27.06,6.83,30.77,0.0,1.73,1.37,4254.69,1.1,8222.82,6467.65,36.6014,29.4868,8.1395,41.0,0.502,334053.09,51.85,Capital Goods / Infra,24.0,12.0,18.0,17.0,7.0,78.0,1.0,"Strong ROE, Cash covers debt",,0.0,78.0,,23.5,8.0,Below 200 DMA,27.07,Avoid,"RSI recovering, Positive day move, Strong ROE, Cash covers debt, 80.0% of closes stayed inside the range | Range width 30.2% | Currently 0.4% through the range"
NHPC,Utilities,Utilities - Renewable,75.0,-0.62,29.88,112.53,151.02,33.35,53.46,74.14,85.53,18765261.85,10946561.0,0.58,Bullish,35.0,"Above 50 DMA, Healthy RSI momentum",1.16,-8.68,-17.24,-4.45,-8.36,-9.56,5.61,-0.32,-7.68,18.0,"Positive 1M return, 1M Nifty outperformance",18.42,Accumulation Zone,74.41,72.05,88.35,22.62,18.13,80.0% of closes stayed inside the range | Range width 22.6% | Currently 18.1% through the range,9.3,3.9,43.32,38.86,-11.7,-7.87,84.76,1.27,1.24,1499.4,32776.44,7252.14,282.82,28.1502,12.0078,1.8676,2.09,0.191,77196.09,93.4,Energy / Utilities,14.0,0.0,8.0,17.0,13.0,52.0,1.0,,"Revenue contraction, Earnings contraction",0.0,52.0,,21.97,8.0,Below 200 DMA,26.75,Avoid,"Above 50 DMA, Healthy RSI momentum, Positive 1M return, 1M Nifty outperformance, 80.0% of closes stayed inside the range | Range width 22.6% | Currently 18.1% through the range"
VEDL,Basic Materials,Other Industrial Metals & Mining,415.99,0.56,163.09,483.26,155.07,13.92,57.71,405.11,410.89,10035626.15,7860045.0,0.78,Bullish,65.0,"Above 50 DMA, Above 200 DMA, Healthy RSI momentum, Near 52W high momentum, Positive day move",0.38,-9.33,3.03,-4.45,-8.36,-9.56,4.83,-0.97,12.59,18.0,"Positive 1M return, Positive 6M return",37.72,Lower Range Watch,79.42,394.8,458.92,16.24,33.05,80.0% of closes stayed inside the range | Range width 16.2% | Currently 33.1% through the range,,,,,,,,,,,,,,12.0753,8.5779,2.169,12.36,0.363,107694.43,53.91,Metals / Mining,0.0,0.0,0.0,0.0,15.0,15.0,0.21,,,0.0,15.0,,31.17,4.0,Limited fundamental data coverage,26.68,Avoid,"Above 50 DMA, Above 200 DMA, Healthy RSI momentum, Near 52W high momentum, Positive day move, Positive 1M return, Positive 6M return, 80.0% of closes stayed inside the range | Range width 16.2% | Currently 33.1% through the range"
RBLBANK,Financial Services,Banks - Regional,162.78,0.8,95.02,296.89,71.31,45.17,54.18,158.88,196.02,6529621.5,7614384.0,1.17,Bullish,45.0,"Above 50 DMA, Healthy RSI momentum, Normal volume support, Positive day move",-2.7,-8.02,-22.02,-4.45,-8.36,-9.56,1.75,0.34,-12.46,0.0,,63.19,Accumulation Zone,75.17,154.15,204.13,32.42,17.25,80.0% of closes stayed inside the range | Range width 32.4% | Currently 17.3% through the range,8.49,0.91,,13.84,22.4,37.01,100.47,,,14423.42,14907.27,4954.98,4751.34,32.1617,19.5915,1.4386,33.0,0.642,60423.22,0.0,Banking,7.0,18.0,2.0,17.0,13.0,57.0,0.79,,,0.0,57.0,,22.73,8.0,Below 200 DMA,26.61,Avoid,"Above 50 DMA, Healthy RSI momentum, Normal volume support, Positive day move, 80.0% of closes stayed inside the range | Range width 32.4% | Currently 17.3% through the range"
NTPC,Utilities,Utilities - Regulated Electric,321.08,-2.47,139.29,430.88,130.5,25.48,57.27,310.62,357.56,11580739.85,8992315.0,0.78,Bullish,35.0,"Above 50 DMA, Healthy RSI momentum",5.35,-10.03,-14.28,-4.45,-8.36,-9.56,9.8,-1.67,-4.72,18.0,"Positive 1M return, 1M Nifty outperformance",18.42,Accumulation Zone,73.04,304.63,407.92,33.91,15.93,80.0% of closes stayed inside the range | Range width 33.9% | Currently 15.9% through the range,12.95,4.33,18.76,11.78,1.52,23.06,147.55,0.82,0.64,863.34,237130.98,40099.19,9283.27,10.3522,12.0003,1.6207,3.65,0.3,329153.35,48.18,Energy / Utilities,12.0,8.0,2.0,17.0,12.0,51.0,1.0,,,0.0,51.0,,21.97,8.0,Below 200 DMA,26.4,Avoid,"Above 50 DMA, Healthy RSI momentum, Positive 1M return, 1M Nifty outperformance, 80.0% of closes stayed inside the range | Range width 33.9% | Currently 15.9% through the range"
ALKEM,Healthcare,Drug Manufacturers - Specialty & Generic,4684.06,-0.17,2739.33,6316.6,70.99,25.85,46.24,4953.16,5358.39,236777.65,186716.0,0.79,Bearish,12.0,RSI recovering,-9.14,-12.53,-23.81,-4.45,-8.36,-9.56,-4.69,-4.17,-14.25,0.0,,70.0,Accumulation Zone,71.04,4663.89,6040.54,29.52,1.46,80.0% of closes stayed inside the range | Range width 29.5% | Currently 1.5% through the range,17.41,11.53,15.96,14.44,8.73,82.47,13.75,2.61,1.94,455.07,1418.41,1948.07,1688.78,28.4883,24.2259,4.741,36.0,0.295,65521.62,64.12,Pharma / Healthcare,16.0,15.0,17.0,17.0,11.0,76.0,1.0,,,2.0,78.0,General low-debt support,23.78,8.0,Below 200 DMA,25.87,Avoid,"RSI recovering, 80.0% of closes stayed inside the range | Range width 29.5% | Currently 1.5% through the range"
MUTHOOTFIN,Financial Services,Credit Services,2135.05,0.12,861.43,2287.23,147.85,6.65,48.76,2146.71,1925.95,822729.7,472598.0,0.57,Bearish,32.0,"Above 200 DMA, RSI recovering, Positive day move",-2.42,7.19,9.56,-4.45,-8.36,-9.56,2.03,15.55,19.12,50.0,"Positive 3M return, Positive 6M return, 3M Nifty outperformance, 6M Nifty outperformance",6.59,Profit Booking Zone,74.8,1862.17,2188.45,17.52,83.63,80.0% of closes stayed inside the range | Range width 17.5% | Currently 83.6% through the range,17.22,4.48,,44.78,25.24,19.71,269.81,,,6389.0,67741.84,-13605.49,-13827.91,10.2879,9.0103,2.951,1.03,0.529,115474.38,100.0,Financial Services,10.0,18.0,0.0,0.0,14.0,42.0,0.79,,"Very high debt, Negative operating cash flow, Negative free cash flow",12.0,54.0,"High leverage is structural for this sector, Strong ROE for a leveraged-balance-sheet business",22.73,17.0,"Very high debt, Negative operating cash flow, Negative free cash flow",25.81,Avoid,"Above 200 DMA, RSI recovering, Positive day move, Positive 3M return, Positive 6M return, 3M Nifty outperformance, 6M Nifty outperformance, 80.0% of closes stayed inside the range | Range width 17.5% | Currently 83.6% through the range"
HEROMOTOCO,Consumer Cyclical,Auto Manufacturers,3478.14,0.1,2004.26,5802.49,73.54,40.06,36.56,3775.66,4603.56,670858.3,621576.0,0.93,Bearish,13.0,"Weak but watchable RSI, Positive day move",-11.49,-18.4,-34.83,-4.45,-8.36,-9.56,-7.04,-10.04,-25.27,0.0,,63.89,Accumulation Zone,69.9,3693.72,5170.65,39.99,0.0,80.0% of closes stayed inside the range | Range width 40.0% | Currently 0.0% through the range,21.16,14.32,12.2,9.96,11.45,33.27,3.43,1.46,1.21,604.91,606.41,4923.07,4135.18,21.5516,18.1039,5.458,3.15,0.468,117983.24,31.65,Automobile,17.0,15.0,13.0,17.0,11.0,73.0,1.0,Strong ROE,,4.0,77.0,"General quality ROE, General low-debt support",23.52,8.0,Below 200 DMA,25.73,Avoid,"Weak but watchable RSI, Positive day move, Strong ROE, 80.0% of closes stayed inside the range | Range width 40.0% | Currently 0.0% through the range"
APLAPOLLO,Basic Materials,Steel,1453.18,-0.33,928.18,1786.88,56.56,18.67,51.85,1477.26,1500.77,690069.75,304748.0,0.44,Bearish,20.0,Healthy RSI momentum,2.65,-10.17,4.67,-4.45,-8.36,-9.56,7.1,-1.81,14.23,28.0,"Positive 1M return, Positive 6M return, 1M Nifty outperformance",25.44,Accumulation Zone,72.67,1420.62,1586.26,11.66,19.65,80.0% of closes stayed inside the range | Range width 11.7% | Currently 19.7% through the range,20.32,10.19,5.82,4.18,11.69,14.11,31.74,1.34,0.68,345.16,1144.25,1111.56,416.72,45.1016,31.4255,10.471,29.0,0.301,55451.16,15.61,Metals / Mining,10.0,10.0,9.0,17.0,7.0,53.0,1.0,Strong ROE,,4.0,57.0,"General quality ROE, General low-debt support",31.17,11.0,"Below 200 DMA, Low volume participation",25.63,Avoid,"Healthy RSI momentum, Strong ROE, Positive 1M return, Positive 6M return, 1M Nifty outperformance, 80.0% of closes stayed inside the range | Range width 11.7% | Currently 19.7% through the range"
TRENT,Consumer Cyclical,Apparel Retail,4989.59,-1.37,1150.98,8327.88,333.51,40.09,39.7,5744.06,6264.1,1252968.25,690809.0,0.55,Bearish,8.0,Weak but watchable RSI,-5.25,-27.31,-29.94,-4.45,-8.36,-9.56,-0.8,-18.95,-20.38,0.0,,63.89,Accumulation Zone,67.43,5088.73,7605.92,49.47,0.0,80.0% of closes stayed inside the range | Range width 49.5% | Currently 0.0% through the range,36.55,20.76,10.52,12.18,50.45,234.39,43.09,2.02,0.99,294.55,1752.99,1348.98,612.03,88.5037,58.9539,22.8036,13.0,0.384,159276.48,43.01,Consumer Discretionary,21.0,20.0,12.0,17.0,5.0,75.0,1.0,Strong ROE,Very high PE,4.0,79.0,"General quality ROE, General low-debt support",23.52,8.0,Below 200 DMA,25.18,Avoid,"Weak but watchable RSI, Strong ROE, 80.0% of closes stayed inside the range | Range width 49.5% | Currently 0.0% through the range"
MARICO,Consumer Defensive,Household & Personal Products,600.89,0.32,445.44,722.47,34.9,16.83,41.63,634.39,635.11,1719715.5,1327590.0,0.77,Bearish,13.0,"Weak but watchable RSI, Positive day move",-7.36,-0.16,-9.34,-4.45,-8.36,-9.56,-2.91,8.2,0.22,0.0,,62.5,Accumulation Zone,72.9,595.89,679.0,13.95,6.01,80.0% of closes stayed inside the range | Range width 13.9% | Currently 6.0% through the range,38.65,19.96,19.51,15.47,-1.2,13.75,13.78,1.64,1.09,228.0,528.0,1387.0,1234.0,58.8033,43.8817,26.3637,47.0,0.184,110823.09,43.87,FMCG / Consumer,23.0,5.0,15.0,17.0,7.0,67.0,1.0,Strong ROE,Revenue contraction,8.0,75.0,"Strong ROE for a consumer staples business, Low debt, typical of a healthy consumer business",19.47,8.0,Below 200 DMA,24.42,Avoid,"Weak but watchable RSI, Positive day move, Strong ROE, 80.0% of closes stayed inside the range | Range width 13.9% | Currently 6.0% through the range"
DMART,Consumer Defensive,Discount Stores,3593.6,1.5,3292.0,5484.85,9.16,34.48,49.92,3649.64,4316.5,485313.5,681832.0,1.4,Bearish,35.0,"RSI recovering, Near 52W low with stable RSI, Volume expansion, Positive day move",-4.13,-5.85,-32.97,-4.45,-8.36,-9.56,0.32,2.51,-23.41,0.0,,62.5,Accumulation Zone,74.27,3515.29,4758.05,35.35,6.3,80.0% of closes stayed inside the range | Range width 35.4% | Currently 6.3% through the range,13.56,11.98,6.66,5.0,18.64,6.63,3.17,3.13,1.15,1271.77,592.16,2745.84,14.59,85.8843,58.628,10.7462,,0.228,263507.36,15.19,General,8.0,10.0,19.0,17.0,3.0,57.0,0.93,Cash covers debt,Very high PE,2.0,59.0,General low-debt support,19.47,8.0,Below 200 DMA,24.32,Avoid,"RSI recovering, Near 52W low with stable RSI, Volume expansion, Positive day move, Cash covers debt, 80.0% of closes stayed inside the range | Range width 35.4% | Currently 6.3% through the range"
SHRIRAMFIN,Financial Services,Credit Services,620.72,-2.1,213.18,710.44,191.17,12.63,66.07,554.48,579.49,7672630.7,5829062.0,0.76,Bullish,60.0,"Above 50 DMA, Above 200 DMA, Healthy RSI momentum, Near 52W high momentum",11.39,-0.55,-3.76,-4.45,-8.36,-9.56,15.84,7.81,5.8,25.0,"Strong 1M absolute return, 1M Nifty outperformance",15.93,Neutral Range,77.36,526.8,661.76,25.62,69.59,80.0% of closes stayed inside the range | Range width 25.6% | Currently 69.6% through the range,15.05,2.97,,38.6,12.71,22.55,310.06,,,6260.23,151766.1,-31118.27,-31363.87,19.735,15.5658,3.1889,1.22,0.606,262875.3,96.81,Financial Services,10.0,13.0,0.0,0.0,12.0,35.0,0.79,,"Very high debt, Negative operating cash flow, Negative free cash flow",12.0,47.0,"High leverage is structural for this sector, Strong ROE for a leveraged-balance-sheet business",22.73,17.0,"Very high debt, Negative operating cash flow, Negative free cash flow",24.11,Avoid,"Above 50 DMA, Above 200 DMA, Healthy RSI momentum, Near 52W high momentum, Strong 1M absolute return, 1M Nifty outperformance, 80.0% of closes stayed inside the range | Range width 25.6% | Currently 69.6% through the range"
GVT&D,Industrials,Specialty Industrial Machinery,1420.85,2.44,98.25,2238.9,1346.12,36.54,40.98,1694.94,1689.09,519595.2,673598.0,1.3,Bearish,23.0,"Weak but watchable RSI, Normal volume support, Strong positive day move",-17.24,-26.85,-12.32,-4.45,-8.36,-9.56,-12.79,-18.49,-2.76,0.0,,59.88,Accumulation Zone,71.88,1440.6,2028.27,40.79,0.0,80.0% of closes stayed inside the range | Range width 40.8% | Currently 0.0% through the range,14.57,5.05,9.73,5.73,15.04,12251.01,3.36,1.17,0.91,131.94,41.82,518.36,489.2,86.6909,56.6679,41.9339,23.0,0.634,112826.91,43.57,Capital Goods / Infra,6.0,18.0,14.0,17.0,5.0,60.0,1.0,Cash covers debt,Very high PE,5.0,65.0,Strong order-book-driven revenue growth,23.5,8.0,Below 200 DMA,24.02,Avoid,"Weak but watchable RSI, Normal volume support, Strong positive day move, Cash covers debt, 80.0% of closes stayed inside the range | Range width 40.8% | Currently 0.0% through the range"
DLF,Real Estate,Real Estate - Development,654.0,0.26,325.47,943.27,100.94,30.67,41.47,713.35,795.11,3604773.3,5371744.0,1.49,Bearish,23.0,"Weak but watchable RSI, Volume expansion, Positive day move",-12.7,-23.19,-19.32,-4.45,-8.36,-9.56,-8.25,-14.83,-9.76,0.0,,55.0,Accumulation Zone,73.68,666.22,858.05,28.79,0.0,80.0% of closes stayed inside the range | Range width 28.8% | Currently 0.0% through the range,6.92,4.53,29.33,43.64,9.98,33.96,12.26,2.3,0.81,767.53,4833.86,2538.81,2423.29,36.8868,25.8892,3.6022,1.23,0.386,163803.75,46.51,Cement / Realty,12.0,15.0,14.0,17.0,8.0,66.0,1.0,,,2.0,68.0,General low-debt support,15.86,8.0,Below 200 DMA,23.93,Avoid,"Weak but watchable RSI, Volume expansion, Positive day move, 80.0% of closes stayed inside the range | Range width 28.8% | Currently 0.0% through the range"
TORNTPHARM,Healthcare,Drug Manufacturers - Specialty & Generic,3041.03,0.48,1388.75,3524.92,118.98,13.73,49.51,3138.03,3137.96,409226.25,284470.0,0.7,Bearish,17.0,"RSI recovering, Positive day move",-2.77,-7.53,-9.71,-4.45,-8.36,-9.56,1.68,0.83,-0.15,0.0,,70.0,Accumulation Zone,74.82,3037.07,3390.42,11.63,1.12,80.0% of closes stayed inside the range | Range width 11.6% | Currently 1.1% through the range,24.16,11.0,24.35,15.68,11.61,33.02,58.66,1.03,0.61,835.14,4021.94,3266.08,2833.3,78.2379,52.2222,19.7416,78.0,0.145,186114.0,75.98,Pharma / Healthcare,20.0,15.0,6.0,17.0,5.0,63.0,1.0,Strong ROE,,4.0,67.0,"General quality ROE, General low-debt support",23.78,8.0,Below 200 DMA,23.27,Avoid,"RSI recovering, Positive day move, Strong ROE, 80.0% of closes stayed inside the range | Range width 11.6% | Currently 1.1% through the range"
NLCINDIA,Utilities,Utilities - Regulated Electric,220.58,-2.03,60.45,301.85,264.89,26.92,53.97,217.46,242.66,3573563.75,1977800.0,0.55,Bullish,35.0,"Above 50 DMA, Healthy RSI momentum",2.9,-14.3,-12.87,-4.45,-8.36,-9.56,7.35,-5.94,-3.31,18.0,"Positive 1M return, 1M Nifty outperformance",18.42,Accumulation Zone,72.42,205.63,262.85,27.83,26.12,80.0% of closes stayed inside the range | Range width 27.8% | Currently 26.1% through the range,11.22,3.37,14.57,14.26,-19.57,32.84,135.6,1.17,0.99,564.87,22415.49,5512.49,2344.33,12.0326,10.25,1.7827,2.52,,38375.17,80.32,Energy / Utilities,10.0,10.0,4.0,17.0,15.0,56.0,1.0,,Revenue contraction,0.0,56.0,,21.97,13.0,"Below 200 DMA, Revenue contraction",23.15,Avoid,"Above 50 DMA, Healthy RSI momentum, Positive 1M return, 1M Nifty outperformance, 80.0% of closes stayed inside the range | Range width 27.8% | Currently 26.1% through the range"
SUPREMEIND,Industrials,Building Products & Equipment,3338.79,-0.26,1762.06,6324.19,89.48,47.21,35.62,3913.74,4843.52,215104.0,196395.0,0.91,Bearish,8.0,Weak but watchable RSI,-14.57,-31.11,-36.92,-4.45,-8.36,-9.56,-10.12,-22.75,-27.36,0.0,,59.88,Accumulation Zone,68.18,3613.4,5219.28,44.44,0.0,80.0% of closes stayed inside the range | Range width 44.4% | Currently 0.0% through the range,20.94,16.32,12.47,10.61,10.32,23.62,1.08,2.58,1.52,1178.51,55.06,1412.9,863.56,42.4997,33.2494,7.1243,1.05,0.182,43969.03,32.69,Capital Goods / Infra,17.0,13.0,20.0,17.0,6.0,73.0,1.0,"Strong ROE, Cash covers debt",,0.0,73.0,,23.5,8.0,Below 200 DMA,23.07,Avoid,"Weak but watchable RSI, Strong ROE, Cash covers debt, 80.0% of closes stayed inside the range | Range width 44.4% | Currently 0.0% through the range"
PETRONET,Energy,Oil & Gas Refining & Marketing,272.8,-0.95,166.97,359.19,63.38,24.05,42.03,296.57,312.46,2308406.7,1492128.0,0.65,Bearish,8.0,Weak but watchable RSI,-7.92,-14.71,-14.94,-4.45,-8.36,-9.56,-3.47,-6.35,-5.38,0.0,,64.29,Accumulation Zone,72.51,284.51,328.74,15.54,0.0,80.0% of closes stayed inside the range | Range width 15.5% | Currently 0.0% through the range,20.98,14.31,8.67,7.03,-11.88,9.82,17.28,3.1,2.75,1723.37,3008.1,4871.12,4029.7,10.7263,9.9224,1.8833,3.61,0.45,41977.51,14.66,Energy / Utilities,14.0,5.0,17.0,17.0,15.0,68.0,1.0,Strong ROE,Revenue contraction,4.0,72.0,"General quality ROE, General low-debt support",25.49,8.0,Below 200 DMA,23.02,Avoid,"Weak but watchable RSI, Strong ROE, 80.0% of closes stayed inside the range | Range width 15.5% | Currently 0.0% through the range"
BPCL,Energy,Oil & Gas Refining & Marketing,245.22,-1.43,121.3,346.08,102.16,29.14,54.6,246.46,280.45,7459202.0,7057204.0,0.95,Bearish,20.0,Healthy RSI momentum,-0.49,-12.22,-23.4,-4.45,-8.36,-9.56,3.96,-3.86,-13.84,0.0,,64.29,Accumulation Zone,71.57,239.29,312.22,30.48,8.13,80.0% of closes stayed inside the range | Range width 30.5% | Currently 8.1% through the range,35.51,13.27,8.43,6.01,-4.2,1160.36,72.19,0.81,0.28,2300.74,54599.05,35969.63,26390.5,7.9033,7.9415,1.3525,6.29,0.873,135440.94,12.75,Energy / Utilities,16.0,10.0,4.0,17.0,12.0,59.0,1.0,Strong ROE,Revenue contraction,4.0,63.0,"General quality ROE, General low-debt support",25.49,8.0,Below 200 DMA,22.87,Avoid,"Healthy RSI momentum, Strong ROE, 80.0% of closes stayed inside the range | Range width 30.5% | Currently 8.1% through the range"
LTTS,Technology,Information Technology Services,4705.95,-0.75,3071.35,5836.77,53.22,19.37,45.35,4935.41,4994.44,155160.15,56726.0,0.37,Bearish,12.0,RSI recovering,-12.78,-10.19,-13.34,-4.45,-8.36,-9.56,-8.33,-1.83,-3.78,0.0,,66.67,Accumulation Zone,72.0,4639.07,5327.02,14.83,9.72,80.0% of closes stayed inside the range | Range width 14.8% | Currently 9.7% through the range,24.47,15.36,17.59,13.51,9.44,7.56,12.37,2.46,2.45,1122.1,658.8,1492.8,1240.0,29.6906,22.045,5.8609,1.59,0.154,37964.09,40.76,IT / Technology,19.0,7.0,20.0,17.0,10.0,73.0,1.0,"Strong ROE, Cash covers debt",,5.0,78.0,Strong ROE for an asset-light business,21.29,11.0,"Below 200 DMA, Low volume participation",22.49,Avoid,"RSI recovering, Strong ROE, Cash covers debt, 80.0% of closes stayed inside the range | Range width 14.8% | Currently 9.7% through the range"
ICICIBANK,Financial Services,Banks - Regional,1195.17,-0.29,770.28,1340.62,55.16,10.85,40.53,1224.47,1214.78,9485079.7,6620284.0,0.7,Bearish,8.0,Weak but watchable RSI,-4.55,-8.71,-1.66,-4.45,-8.36,-9.56,-0.1,-0.35,7.9,0.0,,63.19,Accumulation Zone,73.63,1203.44,1301.36,8.14,0.0,80.0% of closes stayed inside the range | Range width 8.1% | Currently 0.0% through the range,17.28,1.87,,27.45,18.9,30.03,78.47,,,190129.59,200998.71,157284.48,153605.93,18.4855,15.2309,2.6994,84.0,0.261,1026998.09,0.0,Banking,10.0,18.0,4.0,17.0,15.0,64.0,0.79,,,6.0,70.0,Strong ROE for a leveraged-balance-sheet business,22.73,8.0,Below 200 DMA,21.91,Avoid,"Weak but watchable RSI, 80.0% of closes stayed inside the range | Range width 8.1% | Currently 0.0% through the range"
SUNPHARMA,Healthcare,Drug Manufacturers - Specialty & Generic,1589.5,-0.29,824.65,1924.63,92.75,17.41,39.27,1712.24,1702.72,2172619.05,980890.0,0.45,Bearish,8.0,Weak but watchable RSI,-7.62,-10.55,-11.13,-4.45,-8.36,-9.56,-3.17,-2.19,-1.57,0.0,,70.0,Accumulation Zone,73.12,1671.31,1864.25,11.54,0.0,80.0% of closes stayed inside the range | Range width 11.5% | Currently 0.0% through the range,15.04,11.2,21.92,20.05,10.35,13.01,5.14,2.56,1.98,9285.65,3273.67,12134.98,9933.17,38.5027,30.1242,5.5813,82.0,0.124,466430.72,78.92,Pharma / Healthcare,19.0,10.0,20.0,17.0,9.0,75.0,1.0,Cash covers debt,,2.0,77.0,General low-debt support,23.78,11.0,"Below 200 DMA, Low volume participation",21.52,Avoid,"Weak but watchable RSI, Cash covers debt, 80.0% of closes stayed inside the range | Range width 11.5% | Currently 0.0% through the range"
NAUKRI,Communication Services,Internet Content & Information,1353.83,-1.05,650.59,1808.5,108.09,25.14,36.34,1518.12,1485.93,1532102.0,921590.0,0.6,Bearish,8.0,Weak but watchable RSI,-15.12,-19.79,-7.74,-4.45,-8.36,-9.56,-10.67,-11.43,1.82,0.0,,60.0,Accumulation Zone,72.13,1453.59,1717.2,18.14,0.0,80.0% of closes stayed inside the range | Range width 18.1% | Currently 0.0% through the range,1.9,1.59,29.2,22.68,8.13,635.53,0.81,2.9,,331.9,246.39,702.3,672.6,54.3867,57.9013,2.2877,1.06,0.288,86732.07,56.39,Telecom,12.0,15.0,17.0,17.0,7.0,68.0,0.93,Cash covers debt,,2.0,70.0,General low-debt support,19.08,8.0,Below 200 DMA,21.36,Avoid,"Weak but watchable RSI, Cash covers debt, 80.0% of closes stayed inside the range | Range width 18.1% | Currently 0.0% through the range"
ONGC,Energy,Oil & Gas Integrated,220.93,0.12,96.9,310.8,128.0,28.92,44.62,232.3,252.37,8641379.25,9079049.0,1.05,Bearish,18.0,"Weak but watchable RSI, Normal volume support, Positive day move",-7.27,-7.54,-18.58,-4.45,-8.36,-9.56,-2.82,0.82,-9.02,0.0,,64.29,Accumulation Zone,74.04,221.03,263.79,19.35,0.0,80.0% of closes stayed inside the range | Range width 19.3% | Currently 0.0% through the range,14.49,6.62,12.87,8.21,-4.9,33.87,56.39,0.83,0.51,2685.95,191195.23,98846.6,46727.79,6.909,5.754,0.809,6.06,0.107,300731.57,35.33,Energy / Utilities,12.0,10.0,4.0,17.0,15.0,58.0,1.0,,Revenue contraction,2.0,60.0,General low-debt support,25.49,8.0,Below 200 DMA,21.32,Avoid,"Weak but watchable RSI, Normal volume support, Positive day move, 80.0% of closes stayed inside the range | Range width 19.3% | Currently 0.0% through the range"
FEDERALBNK,Financial Services,Banks - Regional,178.81,-0.68,102.82,214.96,73.9,16.82,45.58,185.8,188.99,6529293.15,6040527.0,0.93,Bearish,12.0,RSI recovering,-1.69,-15.78,-2.42,-4.45,-8.36,-9.56,2.76,-7.42,7.14,0.0,,63.19,Accumulation Zone,73.21,179.54,209.23,16.54,0.0,80.0% of closes stayed inside the range | Range width 16.5% | Currently 0.0% through the range,12.89,1.22,,31.99,18.01,22.62,74.1,,,31126.48,22308.62,6431.17,6103.25,19.1033,13.2216,2.1967,34.0,0.276,88118.6,0.0,Banking,10.0,16.0,7.0,17.0,15.0,65.0,0.79,Cash covers debt,,0.0,65.0,,22.73,8.0,Below 200 DMA,21.16,Avoid,"RSI recovering, Cash covers debt, 80.0% of closes stayed inside the range | Range width 16.5% | Currently 0.0% through the range"
JKCEMENT,Basic Materials,Building Materials,4394.57,-1.85,2388.03,4958.51,84.02,11.37,39.81,4626.38,4404.0,127242.7,141631.0,1.11,Bearish,13.0,"Weak but watchable RSI, Normal volume support",-9.73,-3.86,-8.03,-4.45,-8.36,-9.56,-5.28,4.5,1.53,0.0,,76.32,Lower Range Watch,67.1,4117.91,4760.52,15.61,43.05,80.0% of closes stayed inside the range | Range width 15.6% | Currently 43.1% through the range,14.73,5.34,13.41,7.06,17.88,86.71,103.45,1.29,0.94,174.41,5552.04,1959.1,786.52,43.8603,27.6921,5.922,37.0,0.412,41674.63,62.85,Cement / Realty,12.0,18.0,4.0,17.0,9.0,60.0,1.0,,,0.0,60.0,,31.17,8.0,Below 200 DMA,20.93,Avoid,"Weak but watchable RSI, Normal volume support, 80.0% of closes stayed inside the range | Range width 15.6% | Currently 43.1% through the range"
HAVELLS,Industrials,Electrical Equipment & Parts,1443.32,0.68,998.35,2075.88,44.57,30.47,41.71,1539.7,1735.53,993746.15,527443.0,0.53,Bearish,13.0,"Weak but watchable RSI, Positive day move",-8.87,-14.32,-22.62,-4.45,-8.36,-9.56,-4.42,-5.96,-13.06,0.0,,59.88,Accumulation Zone,71.69,1501.91,1923.0,28.04,0.0,80.0% of closes stayed inside the range | Range width 28.0% | Currently 0.0% through the range,17.06,10.22,8.49,6.88,9.92,18.57,4.07,1.84,1.05,265.57,303.16,1952.89,1166.82,49.012,38.6678,8.3918,94.0,0.3,79386.55,32.03,Capital Goods / Infra,11.0,13.0,15.0,17.0,7.0,63.0,1.0,,,0.0,63.0,,23.5,8.0,Below 200 DMA,20.82,Avoid,"Weak but watchable RSI, Positive day move, 80.0% of closes stayed inside the range | Range width 28.0% | Currently 0.0% through the range"
AUBANK,Financial Services,Banks - Regional,543.1,-1.61,491.62,810.33,10.47,32.98,45.66,568.36,624.51,3406211.35,1916647.0,0.56,Bearish,17.0,"RSI recovering, Near 52W low zone",-7.16,-7.95,-23.79,-4.45,-8.36,-9.56,-2.71,0.41,-14.23,0.0,,63.19,Accumulation Zone,71.92,547.14,722.97,32.14,0.0,80.0% of closes stayed inside the range | Range width 32.1% | Currently 0.0% through the range,12.22,1.4,,22.39,25.55,7.48,43.63,,,6441.21,5479.37,2608.07,2261.65,28.9496,17.9736,4.084,9.0,,81746.32,0.0,Banking,10.0,12.0,10.0,17.0,11.0,60.0,0.79,Cash covers debt,,0.0,60.0,,22.73,8.0,Below 200 DMA,20.66,Avoid,"RSI recovering, Near 52W low zone, Cash covers debt, 80.0% of closes stayed inside the range | Range width 32.1% | Currently 0.0% through the range"
OBEROIRLTY,Real Estate,Real Estate - Development,1532.02,-1.4,774.64,2324.19,97.77,34.08,36.28,1813.88,1856.85,756468.0,419309.0,0.55,Bearish,8.0,Weak but watchable RSI,-14.16,-27.46,-11.26,-4.45,-8.36,-9.56,-9.71,-19.1,-1.7,0.0,,55.0,Accumulation Zone,68.53,1579.05,2243.83,42.1,0.0,80.0% of closes stayed inside the range | Range width 42.1% | Currently 0.0% through the range,13.92,9.81,53.18,43.01,7.32,1.16,18.02,3.89,1.06,296.96,2495.22,2816.41,2139.39,24.9018,16.8684,3.6517,45.0,0.324,65444.77,62.61,Cement / Realty,20.0,2.0,16.0,17.0,11.0,66.0,1.0,,,2.0,68.0,General low-debt support,15.86,8.0,Below 200 DMA,20.18,Avoid,"Weak but watchable RSI, 80.0% of closes stayed inside the range | Range width 42.1% | Currently 0.0% through the range"
AXISBANK,Financial Services,Banks - Regional,1035.96,0.34,705.29,1337.47,46.89,22.54,61.3,1014.55,1142.07,6570546.9,7597321.0,1.16,Bullish,45.0,"Above 50 DMA, Healthy RSI momentum, Normal volume support, Positive day move",1.66,-10.06,-11.38,-4.45,-8.36,-9.56,6.11,-1.7,-1.82,18.0,"Positive 1M return, 1M Nifty outperformance",19.78,Accumulation Zone,76.22,991.15,1189.02,19.96,22.65,80.0% of closes stayed inside the range | Range width 20.0% | Currently 22.6% through the range,16.8,1.74,,34.45,22.73,143.9,145.33,,,138050.28,228199.55,-5554.67,-7940.08,13.8498,9.7233,1.7142,8.0,0.416,382872.22,0.0,Banking,10.0,18.0,2.0,0.0,15.0,45.0,0.79,,"Negative operating cash flow, Negative free cash flow",6.0,51.0,Strong ROE for a leveraged-balance-sheet business,22.73,17.0,"Below 200 DMA, Negative operating cash flow, Negative free cash flow",20.01,Avoid,"Above 50 DMA, Healthy RSI momentum, Normal volume support, Positive day move, Positive 1M return, 1M Nifty outperformance, 80.0% of closes stayed inside the range | Range width 20.0% | Currently 22.6% through the range"
BHARATFORG,Consumer Cyclical,Auto Parts,1078.27,0.12,660.33,1777.61,63.29,39.34,47.67,1148.17,1415.87,1065698.55,1212897.0,1.14,Bearish,22.0,"RSI recovering, Normal volume support, Positive day move",-4.16,-19.9,-29.89,-4.45,-8.36,-9.56,0.29,-11.54,-20.33,0.0,,63.89,Accumulation Zone,71.69,1070.37,1485.37,38.77,1.9,80.0% of closes stayed inside the range | Range width 38.8% | Currently 1.9% through the range,13.27,4.92,11.72,6.32,22.41,80.01,110.84,1.08,0.73,1313.55,7947.53,1664.39,140.37,140.9275,43.1994,10.3879,41.0,0.54,99514.15,53.26,Automobile,10.0,18.0,4.0,17.0,5.0,54.0,1.0,,Very high PE,0.0,54.0,,23.52,8.0,Below 200 DMA,19.93,Avoid,"RSI recovering, Normal volume support, Positive day move, 80.0% of closes stayed inside the range | Range width 38.8% | Currently 1.9% through the range"
RVNL,Industrials,Engineering & Construction,338.66,1.17,29.19,639.13,1060.07,47.01,41.16,387.5,458.65,15089575.5,18401980.0,1.22,Bearish,18.0,"Weak but watchable RSI, Normal volume support, Positive day move",-15.27,-25.53,-39.1,-4.45,-8.36,-9.56,-10.82,-17.17,-29.54,0.0,,59.88,Accumulation Zone,71.56,361.06,490.77,35.92,0.0,80.0% of closes stayed inside the range | Range width 35.9% | Currently 0.0% through the range,17.78,7.92,6.21,7.09,7.87,15.57,69.17,2.13,2.12,1104.05,6032.52,2955.85,2615.42,53.4884,41.8182,4.8674,1.49,,47955.46,6.0,Capital Goods / Infra,9.0,10.0,12.0,17.0,8.0,56.0,1.0,,,0.0,56.0,,23.5,8.0,Below 200 DMA,19.62,Avoid,"Weak but watchable RSI, Normal volume support, Positive day move, 80.0% of closes stayed inside the range | Range width 35.9% | Currently 0.0% through the range"
TITAN,Consumer Cyclical,Luxury Goods,3060.07,-1.34,2240.77,3850.02,36.56,20.52,35.17,3298.31,3377.68,761393.0,1020056.0,1.34,Bearish,18.0,"Weak but watchable RSI, Volume expansion",-9.72,-11.4,-16.43,-4.45,-8.36,-9.56,-5.27,-3.04,-6.87,0.0,,63.89,Breakdown Risk,35.0,3163.39,3647.6,15.31,0.0,80.0% of closes stayed inside the range | Range width 15.3% | Currently 0.0% through the range | Below lower band on elevated volume,37.22,11.08,9.27,6.86,25.93,7.57,165.31,1.55,0.4,409.0,15528.0,1695.0,1004.0,78.2896,58.2409,28.8278,29.0,0.18,452440.57,20.47,Consumer Discretionary,15.0,12.0,4.0,17.0,5.0,53.0,1.0,Strong ROE,,2.0,55.0,General quality ROE,23.52,8.0,Below 200 DMA,19.28,Avoid,"Weak but watchable RSI, Volume expansion, Strong ROE, 80.0% of closes stayed inside the range | Range width 15.3% | Currently 0.0% through the range | Below lower band on elevated volume"
LTF,Financial Services,Credit Services,138.05,0.44,68.12,189.24,102.65,27.05,53.35,137.24,153.86,4230905.45,3148608.0,0.74,Bullish,40.0,"Above 50 DMA, Healthy RSI momentum, Positive day move",-6.0,-4.99,-14.76,-4.45,-8.36,-9.56,-1.55,3.37,-5.2,0.0,,63.19,Accumulation Zone,75.29,132.94,170.53,28.28,13.6,80.0% of closes stayed inside the range | Range width 28.3% | Currently 13.6% through the range,9.9,2.26,,29.52,20.52,42.93,326.83,,,3647.86,76603.45,685.64,566.88,25.0158,16.2301,2.83,87.0,0.64,79491.77,99.53,Financial Services,8.0,18.0,0.0,17.0,13.0,56.0,0.79,,Very high debt,6.0,62.0,High leverage is structural for this sector,22.73,16.0,"Below 200 DMA, Very high debt",19.11,Avoid,"Above 50 DMA, Healthy RSI momentum, Positive day move, 80.0% of closes stayed inside the range | Range width 28.3% | Currently 13.6% through the range"
INDIANB,Financial Services,Banks - Regional,506.15,0.64,156.65,590.7,223.12,14.31,53.92,496.87,517.89,1053596.15,804671.0,0.76,Bullish,50.0,"Above 50 DMA, Healthy RSI momentum, Near 52W high momentum, Positive day move",-3.24,-11.18,1.37,-4.45,-8.36,-9.56,1.21,-2.82,10.93,10.0,Positive 6M return,23.63,Lower Range Watch,76.41,482.14,553.75,14.85,33.53,80.0% of closes stayed inside the range | Range width 14.9% | Currently 33.5% through the range,13.97,1.06,,26.4,13.61,51.09,38.41,,,42176.91,23142.88,-8617.26,-9243.84,9.2255,8.1752,1.44,2.08,0.28,120822.67,0.0,Banking,10.0,15.0,10.0,0.0,15.0,50.0,0.79,Cash covers debt,"Negative operating cash flow, Negative free cash flow",0.0,50.0,,22.73,17.0,"Below 200 DMA, Negative operating cash flow, Negative free cash flow",18.91,Avoid,"Above 50 DMA, Healthy RSI momentum, Near 52W high momentum, Positive day move, Cash covers debt, Positive 6M return, 80.0% of closes stayed inside the range | Range width 14.9% | Currently 33.5% through the range"
UNITDSPR,Consumer Defensive,Beverages - Wineries & Distilleries,1300.3,-0.38,709.87,1664.74,83.17,21.89,42.93,1410.56,1401.56,644510.0,265595.0,0.41,Bearish,8.0,Weak but watchable RSI,-6.16,-12.27,-11.72,-4.45,-8.36,-9.56,-1.71,-3.91,-2.16,0.0,,62.5,Accumulation Zone,72.04,1318.06,1564.88,18.73,0.0,80.0% of closes stayed inside the range | Range width 18.7% | Currently 0.0% through the range,19.77,12.52,15.34,12.51,6.68,23.83,3.72,1.89,1.36,1052.0,265.0,1118.0,1020.0,64.3606,50.7888,12.1739,1.1,0.148,108993.5,46.86,FMCG / Consumer,19.0,10.0,18.0,17.0,4.0,68.0,1.0,"Strong ROE, Cash covers debt",,3.0,71.0,"Low debt, typical of a healthy consumer business",19.47,11.0,"Below 200 DMA, Low volume participation",18.77,Avoid,"Weak but watchable RSI, Strong ROE, Cash covers debt, 80.0% of closes stayed inside the range | Range width 18.7% | Currently 0.0% through the range"
BHARTIHEXA,Communication Services,Telecom Services,1321.16,0.05,740.06,1583.06,78.52,16.54,50.56,1345.21,1270.39,834067.05,326368.0,0.39,Bearish,40.0,"Above 200 DMA, Healthy RSI momentum, Positive day move",2.49,-4.56,12.23,-4.45,-8.36,-9.56,6.94,3.8,21.79,43.0,"Positive 1M return, Positive 6M return, 1M Nifty outperformance, 6M Nifty outperformance",13.33,Accumulation Zone,76.78,1289.0,1464.98,13.65,18.27,80.0% of closes stayed inside the range | Range width 13.7% | Currently 18.3% through the range,,,,,,,,,,,,,,40.7012,23.3453,10.3696,1.19,0.085,74300.0,59.93,Telecom,0.0,0.0,0.0,0.0,6.0,6.0,0.21,,,0.0,6.0,,19.08,7.0,"Low volume participation, Limited fundamental data coverage",18.71,Avoid,"Above 200 DMA, Healthy RSI momentum, Positive day move, Positive 1M return, Positive 6M return, 1M Nifty outperformance, 6M Nifty outperformance, 80.0% of closes stayed inside the range | Range width 13.7% | Currently 18.3% through the range"
DIXON,Technology,Consumer Electronics,13905.06,-2.42,2549.37,19140.38,445.43,27.35,40.52,15451.88,13977.54,285383.05,201480.0,0.71,Bearish,8.0,Weak but watchable RSI,-5.09,-20.57,12.21,-4.45,-8.36,-9.56,-0.64,-12.21,21.77,25.0,"Positive 6M return, 6M Nifty outperformance",16.67,Accumulation Zone,70.6,14004.07,17966.5,28.29,0.0,80.0% of closes stayed inside the range | Range width 28.3% | Currently 0.0% through the range,21.7,5.26,3.08,2.09,44.69,43.92,28.85,1.02,0.66,198.0,488.98,584.31,-0.12,40.4977,49.0426,15.3722,6.0,-0.156,83906.61,6.87,IT / Technology,8.0,20.0,9.0,9.0,4.0,50.0,1.0,Strong ROE,Negative free cash flow,5.0,55.0,Strong ROE for an asset-light business,21.29,12.0,"Below 200 DMA, Negative free cash flow",18.69,Avoid,"Weak but watchable RSI, Strong ROE, Positive 6M return, 6M Nifty outperformance, 80.0% of closes stayed inside the range | Range width 28.3% | Currently 0.0% through the range"
IDFCFIRSTB,Financial Services,Banks - Regional,56.99,-0.74,42.78,100.08,33.19,43.06,38.25,60.97,69.21,22344046.0,23748724.0,1.06,Bearish,13.0,"Weak but watchable RSI, Normal volume support",-10.03,-12.95,-21.04,-4.45,-8.36,-9.56,-5.58,-4.59,-11.48,0.0,,63.19,Accumulation Zone,72.62,59.42,72.39,21.83,0.0,80.0% of closes stayed inside the range | Range width 21.8% | Currently 0.0% through the range,9.12,0.99,,13.09,30.75,18.41,136.14,,,12481.16,43935.73,11542.89,10169.28,33.1274,12.8729,1.5569,30.0,,73970.07,0.0,Banking,7.0,18.0,2.0,17.0,13.0,57.0,0.79,,,0.0,57.0,,22.73,8.0,Below 200 DMA,18.61,Avoid,"Weak but watchable RSI, Normal volume support, 80.0% of closes stayed inside the range | Range width 21.8% | Currently 0.0% through the range"
VBL,Consumer Defensive,Beverages - Non-Alcoholic,484.75,-0.73,179.77,676.37,169.65,28.33,45.78,540.18,595.27,14860244.55,10433984.0,0.7,Bearish,12.0,RSI recovering,-14.22,-24.42,-20.09,-4.45,-8.36,-9.56,-9.77,-16.06,-10.53,0.0,,62.5,Accumulation Zone,70.87,485.47,641.46,32.13,0.0,80.0% of closes stayed inside the range | Range width 32.1% | Currently 0.0% through the range,15.62,11.21,20.59,13.34,24.47,26.2,17.02,1.74,1.12,260.78,2826.25,3381.1,-397.91,44.006,37.7022,7.6091,46.0,0.298,148997.58,55.45,FMCG / Consumer,18.0,18.0,15.0,9.0,7.0,67.0,1.0,,Negative free cash flow,3.0,70.0,"Low debt, typical of a healthy consumer business",19.47,12.0,"Below 200 DMA, Negative free cash flow",18.42,Avoid,"RSI recovering, 80.0% of closes stayed inside the range | Range width 32.1% | Currently 0.0% through the range"
COCHINSHIP,Industrials,Aerospace & Defense,1327.85,3.7,154.78,2941.12,757.92,54.85,51.35,1389.68,1761.43,977322.05,1610855.0,1.65,Bearish,40.0,"Healthy RSI momentum, Volume expansion, Strong positive day move",-5.11,-18.0,-26.11,-4.45,-8.36,-9.56,-0.66,-9.64,-16.55,0.0,,59.88,Accumulation Zone,75.67,1291.04,1675.05,29.74,9.58,80.0% of closes stayed inside the range | Range width 29.7% | Currently 9.6% through the range,15.66,6.5,22.46,20.88,61.76,157.06,10.04,1.32,1.17,306.41,502.2,-171.59,-805.41,55.3066,34.0724,6.7461,89.0,0.582,39619.97,34.96,Capital Goods / Infra,17.0,20.0,13.0,0.0,7.0,57.0,1.0,,"Negative operating cash flow, Negative free cash flow",5.0,62.0,Strong order-book-driven revenue growth,23.5,17.0,"Below 200 DMA, Negative operating cash flow, Negative free cash flow",18.23,Avoid,"Healthy RSI momentum, Volume expansion, Strong positive day move, 80.0% of closes stayed inside the range | Range width 29.7% | Currently 9.6% through the range"
ETERNAL,Consumer Cyclical,Internet Retail,216.83,-3.81,44.35,304.7,388.91,28.84,41.48,233.65,243.97,44457942.25,43864788.0,0.99,Bearish,8.0,Weak but watchable RSI,-5.34,-26.71,-17.62,-4.45,-8.36,-9.56,-0.89,-18.35,-8.06,0.0,,63.89,Accumulation Zone,70.21,220.2,288.27,30.92,0.0,80.0% of closes stayed inside the range | Range width 30.9% | Currently 0.0% through the range,1.72,1.5,-3.16,2.9,72.2,136.15,3.67,2.62,2.58,309.0,749.0,646.0,431.0,713.75,82.0471,9.2835,,0.225,289095.37,35.19,Consumer Discretionary,0.0,20.0,17.0,17.0,3.0,57.0,0.93,,Very high PE,2.0,59.0,General low-debt support,23.52,8.0,Below 200 DMA,18.18,Avoid,"Weak but watchable RSI, 80.0% of closes stayed inside the range | Range width 30.9% | Currently 0.0% through the range"
PREMIERENE,Technology,Solar,939.06,1.87,800.52,1385.26,17.31,32.21,45.93,1055.57,,1530415.6,1080186.0,0.71,Bearish,22.0,"RSI recovering, Near 52W low zone, Positive day move",-7.93,-26.57,-22.15,-4.45,-8.36,-9.56,-3.48,-18.21,-12.59,0.0,,66.67,Accumulation Zone,72.06,942.77,1302.79,38.19,0.0,80.0% of closes stayed inside the range | Range width 38.2% | Currently 0.0% through the range,35.77,6.51,12.63,7.37,119.93,1906.79,216.6,1.16,0.62,257.0,1401.09,90.15,-361.2,27.5241,20.7582,10.7314,14.0,,46322.93,39.49,IT / Technology,16.0,20.0,2.0,9.0,9.0,56.0,1.0,Strong ROE,"Very high debt, Negative free cash flow",5.0,61.0,Strong ROE for an asset-light business,21.29,12.0,"Very high debt, Negative free cash flow",18.04,Avoid,"RSI recovering, Near 52W low zone, Positive day move, Strong ROE, 80.0% of closes stayed inside the range | Range width 38.2% | Currently 0.0% through the range"
TORNTPOWER,Utilities,Utilities - Independent Power Producers,1309.13,0.39,393.65,1980.17,232.56,33.89,51.98,1341.77,1551.95,645120.95,620985.0,0.96,Bearish,25.0,"Healthy RSI momentum, Positive day move",-2.04,-17.11,-19.38,-4.45,-8.36,-9.56,2.41,-8.75,-9.82,0.0,,71.05,Accumulation Zone,70.53,1272.61,1862.69,46.37,6.19,80.0% of closes stayed inside the range | Range width 46.4% | Currently 6.2% through the range,15.2,5.49,12.03,6.82,5.87,-13.42,96.44,1.09,0.99,350.83,11631.8,4258.35,601.87,28.818,21.9958,3.4843,1.5,0.655,66464.88,26.63,Energy / Utilities,12.0,2.0,6.0,17.0,10.0,47.0,1.0,,Earnings contraction,0.0,47.0,,21.97,8.0,Below 200 DMA,18.0,Avoid,"Healthy RSI momentum, Positive day move, 80.0% of closes stayed inside the range | Range width 46.4% | Currently 6.2% through the range"
THERMAX,Industrials,Conglomerates,3332.69,1.81,1804.31,5792.82,84.71,42.47,49.01,3559.87,4555.79,142201.6,92818.0,0.65,Bearish,17.0,"RSI recovering, Positive day move",1.34,-27.64,-22.29,-4.45,-8.36,-9.56,5.79,-19.28,-12.73,18.0,"Positive 1M return, 1M Nifty outperformance",14.53,Accumulation Zone,67.27,3249.42,5157.44,58.72,4.36,80.0% of closes stayed inside the range | Range width 58.7% | Currently 4.4% through the range,14.53,6.36,7.35,6.99,14.98,43.3,29.18,1.36,1.2,487.13,1295.54,247.3,-596.64,77.4232,45.6669,8.2899,35.0,0.321,45997.83,34.09,Capital Goods / Infra,9.0,15.0,11.0,9.0,5.0,49.0,1.0,,Negative free cash flow,0.0,49.0,,23.5,12.0,"Below 200 DMA, Negative free cash flow",17.42,Avoid,"RSI recovering, Positive day move, Positive 1M return, 1M Nifty outperformance, 80.0% of closes stayed inside the range | Range width 58.7% | Currently 4.4% through the range"
KALYANKJIL,Consumer Cyclical,Luxury Goods,430.44,-4.15,68.94,793.08,524.37,45.73,34.14,541.89,592.57,10469584.95,11762843.0,1.12,Bearish,13.0,"Weak but watchable RSI, Normal volume support",-20.41,-43.12,-32.82,-4.45,-8.36,-9.56,-15.96,-34.76,-23.26,0.0,,63.89,Accumulation Zone,67.11,475.77,754.33,58.55,0.0,80.0% of closes stayed inside the range | Range width 58.5% | Currently 0.0% through the range,14.26,4.66,5.71,3.23,31.71,37.92,107.3,1.32,0.22,177.71,4494.95,1321.8,950.35,43.4913,31.2985,9.7562,25.0,-0.216,61624.25,12.7,Consumer Discretionary,4.0,20.0,4.0,17.0,7.0,52.0,1.0,,,0.0,52.0,,23.52,8.0,Below 200 DMA,16.98,Avoid,"Weak but watchable RSI, Normal volume support, 80.0% of closes stayed inside the range | Range width 58.5% | Currently 0.0% through the range"
BAJAJHFL,Financial Services,Mortgage Finance,116.38,1.68,103.1,188.5,12.88,38.26,56.59,115.24,,8398749.85,8715580.0,1.04,Bullish,50.0,"Above 50 DMA, Healthy RSI momentum, Near 52W low zone, Normal volume support, Positive day move",-1.86,-16.94,,-4.45,-8.36,-9.56,2.59,-8.58,,0.0,,63.19,Accumulation Zone,76.49,111.49,151.08,35.51,12.34,80.0% of closes stayed inside the range | Range width 35.5% | Currently 12.3% through the range,14.15,2.12,26.76,23.62,33.71,37.64,563.58,0.27,,63.7,68945.06,-14600.14,-14643.14,26.405,19.4619,3.1343,,,70593.74,99.29,Financial Services,16.0,20.0,0.0,0.0,9.0,45.0,0.86,,"Very high debt, Negative operating cash flow, Negative free cash flow",6.0,51.0,High leverage is structural for this sector,22.73,17.0,"Very high debt, Negative operating cash flow, Negative free cash flow",16.76,Avoid,"Above 50 DMA, Healthy RSI momentum, Near 52W low zone, Normal volume support, Positive day move, 80.0% of closes stayed inside the range | Range width 35.5% | Currently 12.3% through the range"
MOTHERSON,Consumer Cyclical,Auto Parts,84.26,-0.06,40.29,143.08,109.12,41.11,46.63,91.28,113.48,32336650.15,18841185.0,0.58,Bearish,12.0,RSI recovering,-6.52,-23.62,-31.79,-4.45,-8.36,-9.56,-2.07,-15.26,-22.23,0.0,,63.89,Accumulation Zone,66.68,84.7,135.53,60.01,0.0,80.0% of closes stayed inside the range | Range width 60.0% | Currently 0.0% through the range,10.39,3.19,5.72,2.78,25.57,81.61,76.17,0.97,0.75,6743.2,19921.9,7568.9,3443.5,40.7452,24.4622,4.356,30.0,1.034,178504.36,43.82,Automobile,2.0,20.0,4.0,17.0,9.0,52.0,1.0,,,0.0,52.0,,23.52,8.0,Below 200 DMA,16.73,Avoid,"RSI recovering, 80.0% of closes stayed inside the range | Range width 60.0% | Currently 0.0% through the range"
WIPRO,Technology,Information Technology Services,269.2,-0.38,162.77,305.88,65.39,11.99,39.42,283.08,256.68,10246045.8,8097300.0,0.79,Bearish,23.0,"Above 200 DMA, Weak but watchable RSI",-10.43,-5.73,12.83,-4.45,-8.36,-9.56,-5.98,2.63,22.39,25.0,"Positive 6M return, 6M Nifty outperformance",16.67,Lower Range Watch,68.48,248.42,294.85,18.69,44.76,80.0% of closes stayed inside the range | Range width 18.7% | Currently 44.8% through the range,,,,,,,,,,,,,,14.6683,13.2285,2.3486,4.33,0.394,181959.9,29.04,IT / Technology,0.0,0.0,0.0,0.0,15.0,15.0,0.21,,,0.0,15.0,,21.29,4.0,Limited fundamental data coverage,16.44,Avoid,"Above 200 DMA, Weak but watchable RSI, Positive 6M return, 6M Nifty outperformance, 80.0% of closes stayed inside the range | Range width 18.7% | Currently 44.8% through the range"
MPHASIS,Technology,Information Technology Services,2198.21,-1.74,1511.01,3091.63,45.48,28.9,31.48,2598.91,2675.49,443982.25,314701.0,0.71,Bearish,8.0,Weak but watchable RSI,-18.52,-27.64,-23.1,-4.45,-8.36,-9.56,-14.07,-19.28,-13.54,0.0,,66.67,Accumulation Zone,71.92,2473.07,2956.14,19.53,0.0,80.0% of closes stayed inside the range | Range width 19.5% | Currently 0.0% through the range,17.68,11.0,13.92,11.71,-3.77,-5.07,27.16,1.58,,804.91,2388.59,2179.7,2086.01,25.3152,20.0133,4.2716,2.45,0.485,48421.74,44.45,IT / Technology,14.0,0.0,11.0,17.0,11.0,53.0,0.93,,"Revenue contraction, Earnings contraction",0.0,53.0,,21.29,8.0,Below 200 DMA,15.74,Avoid,"Weak but watchable RSI, 80.0% of closes stayed inside the range | Range width 19.5% | Currently 0.0% through the range"
HINDZINC,Basic Materials,Other Industrial Metals & Mining,413.43,0.76,194.09,749.99,113.01,44.88,53.01,418.72,504.36,1464284.25,2097278.0,1.43,Bearish,35.0,"Healthy RSI momentum, Volume expansion, Positive day move",-3.06,-13.86,-10.57,-4.45,-8.36,-9.56,1.39,-5.5,-1.01,0.0,,76.32,Accumulation Zone,74.97,401.36,501.13,24.86,12.09,80.0% of closes stayed inside the range | Range width 24.9% | Currently 12.1% through the range,51.06,22.89,36.99,27.63,-15.6,-26.18,60.03,1.16,0.99,53.0,9121.0,13346.0,9480.0,14.4846,13.3134,10.9157,3.58,0.661,247012.13,75.8,Metals / Mining,25.0,0.0,6.0,17.0,11.0,59.0,1.0,Strong ROE,"Revenue contraction, Earnings contraction",4.0,63.0,"General quality ROE, General low-debt support",31.17,20.0,"Below 200 DMA, Revenue contraction, Earnings contraction",15.48,Avoid,"Healthy RSI momentum, Volume expansion, Positive day move, Strong ROE, 80.0% of closes stayed inside the range | Range width 24.9% | Currently 12.1% through the range"
YESBANK,Financial Services,Banks - Regional,16.88,-0.59,14.4,32.85,17.22,48.61,37.74,18.31,21.55,74816632.05,61451832.0,0.82,Bearish,13.0,"Weak but watchable RSI, Near 52W low zone",-12.45,-21.85,-26.26,-4.45,-8.36,-9.56,-8.0,-13.49,-16.7,0.0,,63.19,Accumulation Zone,72.52,17.85,21.87,22.49,0.0,80.0% of closes stayed inside the range | Range width 22.5% | Currently 0.0% through the range,3.05,0.32,,9.19,49.19,74.66,187.08,,,63405.7,78862.61,9644.55,8663.9,19.15,12.6515,1.4297,,0.485,72129.13,0.0,Banking,3.0,20.0,0.0,17.0,13.0,53.0,0.71,,,-5.0,48.0,Weak ROE for a leveraged-balance-sheet business,22.73,8.0,Below 200 DMA,15.46,Avoid,"Weak but watchable RSI, Near 52W low zone, 80.0% of closes stayed inside the range | Range width 22.5% | Currently 0.0% through the range"
BSE,Financial Services,Financial Data & Stock Exchanges,1384.74,-1.77,131.96,2032.68,949.33,31.88,31.34,1772.98,1320.8,11371781.1,11041449.0,0.97,Bearish,23.0,"Above 200 DMA, Weak but watchable RSI",-24.95,-23.56,47.39,-4.45,-8.36,-9.56,-20.5,-15.2,56.95,35.0,"Strong 6M absolute return, 6M Nifty outperformance",10.99,Accumulation Zone,69.76,1320.5,1899.29,43.83,11.1,80.0% of closes stayed inside the range | Range width 43.8% | Currently 11.1% through the range,,,,,,,,,,,,,,51.2199,37.9807,18.1646,28.0,0.471,143241.73,99.59,Financial Services,0.0,0.0,0.0,0.0,7.0,7.0,0.21,,,-4.0,3.0,Expensive relative to book value for this sector,22.73,4.0,Limited fundamental data coverage,14.96,Avoid,"Above 200 DMA, Weak but watchable RSI, Strong 6M absolute return, 6M Nifty outperformance, 80.0% of closes stayed inside the range | Range width 43.8% | Currently 11.1% through the range"
FORTIS,Healthcare,Medical Care Facilities,628.09,-2.95,243.7,742.83,157.73,15.45,49.86,645.47,583.7,1706720.5,1197982.0,0.7,Bearish,27.0,"Above 200 DMA, RSI recovering",-3.32,-11.81,15.24,-4.45,-8.36,-9.56,1.13,-3.45,24.8,25.0,"Positive 6M return, 6M Nifty outperformance",21.11,Accumulation Zone,71.67,595.23,711.7,19.57,28.21,80.0% of closes stayed inside the range | Range width 19.6% | Currently 28.2% through the range,,,,,,,,,,,,,,67.5676,39.5602,6.8663,11.0,0.665,67946.23,59.39,Pharma / Healthcare,0.0,0.0,0.0,0.0,5.0,5.0,0.21,,,0.0,5.0,,23.78,4.0,Limited fundamental data coverage,14.32,Avoid,"Above 200 DMA, RSI recovering, Positive 6M return, 6M Nifty outperformance, 80.0% of closes stayed inside the range | Range width 19.6% | Currently 28.2% through the range"
LICI,Financial Services,Insurance - Life,367.96,-0.48,252.0,589.19,46.01,37.55,43.01,393.79,460.67,2370253.0,1521936.0,0.64,Bearish,8.0,Weak but watchable RSI,-7.92,-19.52,-25.86,-4.45,-8.36,-9.56,-3.47,-11.16,-16.3,0.0,,63.19,Accumulation Zone,70.76,373.45,475.2,27.25,0.0,80.0% of closes stayed inside the range | Range width 27.2% | Currently 0.0% through the range,49.45,0.77,4.85,4.82,8.13,13.67,,,,36165.31,,,25780.17,8.5468,7.091,2.9869,2.46,0.543,527504.82,11.08,Financial Services,8.0,10.0,0.0,8.0,15.0,41.0,0.71,Strong ROE,,6.0,47.0,Strong ROE for a leveraged-balance-sheet business,22.73,8.0,Below 200 DMA,13.86,Avoid,"Weak but watchable RSI, Strong ROE, 80.0% of closes stayed inside the range | Range width 27.2% | Currently 0.0% through the range"
LUPIN,Healthcare,Drug Manufacturers - Specialty & Generic,2002.93,0.57,609.38,2370.86,228.68,15.52,51.78,2079.05,1995.29,1085665.95,937498.0,0.86,Bearish,40.0,"Above 200 DMA, Healthy RSI momentum, Positive day move",-7.11,-4.88,-8.43,-4.45,-8.36,-9.56,-2.66,3.48,1.13,0.0,,70.0,Accumulation Zone,78.52,1982.92,2214.67,11.69,8.63,80.0% of closes stayed inside the range | Range width 11.7% | Currently 8.6% through the range,,,,,,,,,,,,,,18.8684,22.3319,4.6455,79.0,0.182,104295.27,72.36,Pharma / Healthcare,0.0,0.0,0.0,0.0,10.0,10.0,0.21,,,0.0,10.0,,23.78,4.0,Limited fundamental data coverage,13.07,Avoid,"Above 200 DMA, Healthy RSI momentum, Positive day move, 80.0% of closes stayed inside the range | Range width 11.7% | Currently 8.6% through the range"
LAURUSLABS,Healthcare,Drug Manufacturers - Specialty & Generic,569.04,-1.67,276.17,644.15,106.04,11.66,51.96,575.83,499.57,2600805.45,1692575.0,0.65,Bearish,45.0,"Above 200 DMA, Healthy RSI momentum, Near 52W high momentum",-10.36,-0.18,16.37,-4.45,-8.36,-9.56,-5.91,8.18,25.93,25.0,"Positive 6M return, 6M Nifty outperformance",21.11,Profit Booking Zone,74.64,463.32,601.33,29.79,76.6,80.0% of closes stayed inside the range | Range width 29.8% | Currently 76.6% through the range,3.91,1.91,7.89,3.21,-16.83,-79.68,62.7,1.23,0.64,138.94,2577.4,665.69,-12.62,91.358,64.5153,18.8439,13.0,0.357,99957.76,59.45,Pharma / Healthcare,0.0,0.0,6.0,9.0,5.0,20.0,1.0,,"Revenue contraction, Earnings contraction, Negative free cash flow, Very high PE",2.0,22.0,General low-debt support,23.78,16.0,"Revenue contraction, Earnings contraction, Negative free cash flow",12.77,Avoid,"Above 200 DMA, Healthy RSI momentum, Near 52W high momentum, Positive 6M return, 6M Nifty outperformance, 80.0% of closes stayed inside the range | Range width 29.8% | Currently 76.6% through the range"
PAYTM,Technology,Software - Infrastructure,684.85,-3.04,310.0,1062.95,120.92,35.57,34.43,812.79,679.68,5052863.8,5008551.0,0.99,Bearish,23.0,"Above 200 DMA, Weak but watchable RSI",-14.19,-29.18,9.11,-4.45,-8.36,-9.56,-9.74,-20.82,18.67,25.0,"Positive 6M return, 6M Nifty outperformance",16.67,Accumulation Zone,71.77,694.47,982.57,41.49,0.0,80.0% of closes stayed inside the range | Range width 41.5% | Currently 0.0% through the range,,,,,,,,,,,,,,160.3586,51.8355,6.4407,,-0.307,103222.43,36.98,IT / Technology,0.0,0.0,0.0,0.0,3.0,3.0,0.14,,Very high PE,0.0,3.0,,21.29,4.0,Limited fundamental data coverage,12.24,Avoid,"Above 200 DMA, Weak but watchable RSI, Positive 6M return, 6M Nifty outperformance, 80.0% of closes stayed inside the range | Range width 41.5% | Currently 0.0% through the range"
SUZLON,Industrials,Specialty Industrial Machinery,54.92,5.41,6.6,86.04,732.12,36.17,54.33,55.34,63.16,56932970.05,106855231.0,1.88,Bearish,40.0,"Healthy RSI momentum, Volume expansion, Strong positive day move",0.0,-17.48,-26.12,-4.45,-8.36,-9.56,4.45,-9.12,-16.56,0.0,,59.88,Accumulation Zone,73.22,52.37,75.84,44.82,10.85,80.0% of closes stayed inside the range | Range width 44.8% | Currently 10.9% through the range,16.84,9.2,13.06,10.31,9.37,-76.82,3.83,1.76,1.0,249.57,150.24,79.53,-147.83,20.7675,22.3752,6.6568,,0.657,65086.27,34.49,Capital Goods / Infra,14.0,5.0,18.0,9.0,4.0,50.0,0.93,Cash covers debt,"Earnings contraction, Negative free cash flow",0.0,50.0,,23.5,19.0,"Below 200 DMA, Earnings contraction, Negative free cash flow",12.02,Avoid,"Healthy RSI momentum, Volume expansion, Strong positive day move, Cash covers debt, 80.0% of closes stayed inside the range | Range width 44.8% | Currently 10.9% through the range"
TATAINVEST,Financial Services,Asset Management,632.72,3.01,143.54,962.86,340.79,34.29,60.87,604.33,644.35,2406696.5,3760280.0,1.56,Bullish,55.0,"Above 50 DMA, Healthy RSI momentum, Volume expansion, Strong positive day move",6.98,-7.44,-8.74,-4.45,-8.36,-9.56,11.43,0.92,0.82,18.0,"Positive 1M return, 1M Nifty outperformance",19.78,Neutral Range,75.2,587.43,683.59,16.37,47.1,80.0% of closes stayed inside the range | Range width 16.4% | Currently 47.1% through the range,,,,,,,,,,,,,,79.7014,,1.1785,49.0,0.314,34437.69,99.99,Financial Services,0.0,0.0,0.0,0.0,6.0,6.0,0.21,,,0.0,6.0,,22.73,12.0,"Below 200 DMA, Limited fundamental data coverage",11.76,Avoid,"Above 50 DMA, Healthy RSI momentum, Volume expansion, Strong positive day move, Positive 1M return, 1M Nifty outperformance, 80.0% of closes stayed inside the range | Range width 16.4% | Currently 47.1% through the range"
SAIL,Basic Materials,Steel,109.54,-0.95,69.99,171.84,56.51,36.26,54.69,106.45,125.78,25253950.4,21834195.0,0.86,Bullish,35.0,"Above 50 DMA, Healthy RSI momentum",2.71,-12.54,-12.62,-4.45,-8.36,-9.56,7.16,-4.18,-3.06,18.0,"Positive 1M return, 1M Nifty outperformance",37.72,Accumulation Zone,73.83,104.38,129.36,23.94,20.66,80.0% of closes stayed inside the range | Range width 23.9% | Currently 20.7% through the range,,,,,,,,,,,,,,16.7147,10.9697,1.1918,92.0,1.029,71871.14,51.8,Metals / Mining,0.0,0.0,0.0,0.0,15.0,15.0,0.21,,,0.0,15.0,,31.17,12.0,"Below 200 DMA, Limited fundamental data coverage",11.18,Avoid,"Above 50 DMA, Healthy RSI momentum, Positive 1M return, 1M Nifty outperformance, 80.0% of closes stayed inside the range | Range width 23.9% | Currently 20.7% through the range"
APARINDS,Industrials,Electrical Equipment & Parts,6070.66,6.71,1147.8,11710.57,428.89,48.16,35.31,8105.72,8813.93,195456.7,333555.0,1.71,Bearish,28.0,"Weak but watchable RSI, Volume expansion, Strong positive day move",-16.3,-38.51,-32.72,-4.45,-8.36,-9.56,-11.85,-30.15,-23.16,0.0,,59.88,Breakdown Risk,35.0,6389.87,10347.25,61.93,0.0,80.0% of closes stayed inside the range | Range width 61.9% | Currently 0.0% through the range | Below lower band on elevated volume,21.29,8.58,9.18,5.14,12.54,29.38,12.27,1.54,1.0,584.0,475.61,-283.29,-613.96,57.1429,47.8647,13.4064,38.0,0.152,72330.69,21.59,Capital Goods / Infra,10.0,15.0,18.0,0.0,7.0,50.0,1.0,"Strong ROE, Cash covers debt","Negative operating cash flow, Negative free cash flow",0.0,50.0,,23.5,17.0,"Below 200 DMA, Negative operating cash flow, Negative free cash flow",11.02,Avoid,"Weak but watchable RSI, Volume expansion, Strong positive day move, Strong ROE, Cash covers debt, 80.0% of closes stayed inside the range | Range width 61.9% | Currently 0.0% through the range | Below lower band on elevated volume"
INDUSTOWER,Communication Services,Telecom Services,315.53,-0.92,130.25,443.65,142.25,28.88,41.96,331.38,356.08,5555684.4,3798696.0,0.68,Bearish,8.0,Weak but watchable RSI,-8.06,-9.07,-22.33,-4.45,-8.36,-9.56,-3.61,-0.71,-12.77,0.0,,60.0,Accumulation Zone,72.2,316.18,372.0,17.66,0.0,80.0% of closes stayed inside the range | Range width 17.7% | Currently 0.0% through the range,,,,,,,63.05,1.44,,39.2,20402.7,4372.4,3398.7,14.1424,12.5435,2.4433,3.79,0.05,101110.34,55.94,Telecom,0.0,0.0,6.0,17.0,15.0,38.0,0.5,,,2.0,40.0,General low-debt support,19.08,8.0,Below 200 DMA,10.86,Avoid,"Weak but watchable RSI, 80.0% of closes stayed inside the range | Range width 17.7% | Currently 0.0% through the range"
UNOMINDA,Consumer Cyclical,Auto Parts,867.37,-0.03,431.26,1249.33,101.12,30.57,43.12,961.14,1011.87,1025422.35,489152.0,0.48,Bearish,8.0,Weak but watchable RSI,-15.42,-18.75,-18.64,-4.45,-8.36,-9.56,-10.97,-10.39,-9.08,0.0,,63.89,Accumulation Zone,71.21,867.64,1078.27,24.28,0.0,80.0% of closes stayed inside the range | Range width 24.3% | Currently 0.0% through the range,17.68,8.84,7.63,6.29,25.49,33.95,34.45,1.23,0.78,240.63,1706.33,979.34,-70.0,59.307,38.9381,10.4196,21.0,0.289,71167.06,34.04,Automobile,11.0,20.0,9.0,9.0,7.0,56.0,1.0,,Negative free cash flow,2.0,58.0,General low-debt support,23.52,15.0,"Below 200 DMA, Low volume participation, Negative free cash flow",10.83,Avoid,"Weak but watchable RSI, 80.0% of closes stayed inside the range | Range width 24.3% | Currently 0.0% through the range"
DIVISLAB,Healthcare,Drug Manufacturers - Specialty & Generic,5530.66,0.18,2668.41,6231.26,107.26,11.24,41.73,5782.61,5334.2,344334.55,187672.0,0.55,Bearish,28.0,"Above 200 DMA, Weak but watchable RSI, Positive day move",-8.84,-5.96,7.83,-4.45,-8.36,-9.56,-4.39,2.4,17.39,25.0,"Positive 6M return, 6M Nifty outperformance",21.11,Accumulation Zone,74.36,5405.05,6067.32,12.25,18.97,80.0% of closes stayed inside the range | Range width 12.3% | Currently 19.0% through the range,,,27.77,25.4,-70.25,-63.19,,,,,,,,88.4956,57.207,13.6211,35.0,0.22,228302.97,61.24,Pharma / Healthcare,12.0,0.0,0.0,0.0,5.0,17.0,0.5,,"Revenue contraction, Earnings contraction, Very high PE",0.0,17.0,,23.78,12.0,"Revenue contraction, Earnings contraction",10.77,Avoid,"Above 200 DMA, Weak but watchable RSI, Positive day move, Positive 6M return, 6M Nifty outperformance, 80.0% of closes stayed inside the range | Range width 12.3% | Currently 19.0% through the range"
AEGISLOG,Energy,Oil & Gas Refining & Marketing,738.24,-3.18,235.58,1020.67,213.37,27.67,48.84,759.97,773.91,2824841.3,1384414.0,0.49,Bearish,12.0,RSI recovering,-7.61,-3.47,-8.19,-4.45,-8.36,-9.56,-3.16,4.89,1.37,0.0,,64.29,Lower Range Watch,66.69,682.77,823.71,20.64,39.36,80.0% of closes stayed inside the range | Range width 20.6% | Currently 39.4% through the range,14.62,7.05,11.18,8.09,-18.36,22.95,68.44,2.73,2.67,1032.3,2665.43,655.53,39.11,36.3676,33.7418,7.3301,1.03,0.55,44383.95,26.48,Energy / Utilities,12.0,8.0,12.0,17.0,6.0,55.0,1.0,,Revenue contraction,2.0,57.0,General low-debt support,25.49,16.0,"Below 200 DMA, Low volume participation, Revenue contraction",10.77,Avoid,"RSI recovering, 80.0% of closes stayed inside the range | Range width 20.6% | Currently 39.4% through the range"
JIOFIN,Financial Services,Asset Management,220.95,0.85,197.88,393.16,11.66,43.8,43.29,250.07,314.16,24613501.9,27997558.0,1.14,Bearish,23.0,"Weak but watchable RSI, Near 52W low zone, Normal volume support, Positive day move",-11.45,-33.81,-35.09,-4.45,-8.36,-9.56,-7.0,-25.45,-25.53,0.0,,63.19,Accumulation Zone,71.23,227.13,344.26,51.57,0.0,80.8% of closes stayed inside the range | Range width 51.6% | Currently 0.0% through the range,1.15,1.11,77.85,137.07,5424.3,5034.56,0.0,112.76,,67.18,0.0,-677.57,-678.36,79.7664,57.4103,1.211,24.0,0.502,169073.43,100.0,Financial Services,12.0,20.0,17.0,0.0,9.0,58.0,0.93,Net cash position,"Negative operating cash flow, Negative free cash flow",-5.0,53.0,Weak ROE for a leveraged-balance-sheet business,22.73,17.0,"Below 200 DMA, Negative operating cash flow, Negative free cash flow",10.71,Avoid,"Weak but watchable RSI, Near 52W low zone, Normal volume support, Positive day move, Net cash position, 80.8% of closes stayed inside the range | Range width 51.6% | Currently 0.0% through the range"
MAXHEALTH,Healthcare,Medical Care Facilities,977.88,-1.92,351.87,1224.36,177.91,20.13,41.52,1067.79,975.8,3066386.25,1323765.0,0.43,Bearish,23.0,"Above 200 DMA, Weak but watchable RSI",-12.88,-12.21,11.15,-4.45,-8.36,-9.56,-8.43,-3.85,20.71,25.0,"Positive 6M return, 6M Nifty outperformance",21.11,Accumulation Zone,72.63,949.47,1162.04,22.39,13.36,80.0% of closes stayed inside the range | Range width 22.4% | Currently 13.4% through the range,,,,,,,,,,,,,,70.4053,41.5708,9.1232,19.0,0.128,98057.3,62.42,Pharma / Healthcare,0.0,0.0,0.0,0.0,5.0,5.0,0.21,,,0.0,5.0,,23.78,7.0,"Low volume participation, Limited fundamental data coverage",10.32,Avoid,"Above 200 DMA, Weak but watchable RSI, Positive 6M return, 6M Nifty outperformance, 80.0% of closes stayed inside the range | Range width 22.4% | Currently 13.4% through the range"
EXIDEIND,Consumer Cyclical,Auto Parts,352.31,0.1,149.41,611.9,135.79,42.42,43.25,372.69,459.28,1896156.6,2254086.0,1.19,Bearish,18.0,"Weak but watchable RSI, Normal volume support, Positive day move",-5.91,-23.42,-25.04,-4.45,-8.36,-9.56,-1.46,-15.06,-15.48,0.0,,63.89,Accumulation Zone,71.31,356.9,490.92,37.55,0.0,80.0% of closes stayed inside the range | Range width 37.5% | Currently 0.0% through the range,6.8,4.83,7.71,5.26,11.3,6.56,8.71,1.41,0.54,322.99,1122.87,1533.14,-342.91,44.044,26.4992,2.9993,41.0,0.552,41705.25,31.41,Automobile,0.0,7.0,11.0,9.0,11.0,38.0,1.0,,Negative free cash flow,2.0,40.0,General low-debt support,23.52,12.0,"Below 200 DMA, Negative free cash flow",10.03,Avoid,"Weak but watchable RSI, Normal volume support, Positive day move, 80.0% of closes stayed inside the range | Range width 37.5% | Currently 0.0% through the range"
NYKAA,Consumer Cyclical,Internet Retail,164.79,-2.35,114.25,235.8,44.24,30.11,46.92,168.53,179.92,8078867.1,11633901.0,1.44,Bearish,22.0,"RSI recovering, Volume expansion",-5.2,-4.5,-24.36,-4.45,-8.36,-9.56,-0.75,3.86,-14.8,0.0,,63.89,Accumulation Zone,74.67,164.17,195.03,18.79,2.0,80.0% of closes stayed inside the range | Range width 18.8% | Currently 2.0% through the range,2.56,0.95,1.93,0.51,23.89,67.48,76.81,1.22,0.59,75.78,969.48,0.25,-110.48,360.4945,111.7595,65.3226,,0.351,93989.27,45.35,Consumer Discretionary,0.0,18.0,6.0,9.0,3.0,36.0,0.93,,"Negative free cash flow, Very high PE",0.0,36.0,,23.52,12.0,"Below 200 DMA, Negative free cash flow",9.63,Avoid,"RSI recovering, Volume expansion, 80.0% of closes stayed inside the range | Range width 18.8% | Currently 2.0% through the range"
ASTERDM,Healthcare,Medical Care Facilities,414.94,-0.76,151.5,527.09,173.88,21.28,43.08,460.86,414.31,841091.5,574930.0,0.68,Bearish,23.0,"Above 200 DMA, Weak but watchable RSI",-12.27,-13.38,3.13,-4.45,-8.36,-9.56,-7.82,-5.02,12.69,10.0,Positive 6M return,33.33,Accumulation Zone,73.52,407.79,496.65,21.79,8.05,80.0% of closes stayed inside the range | Range width 21.8% | Currently 8.0% through the range,,,,,,,,,,,,,,138.9178,42.5242,9.3243,47.0,-0.059,72170.12,58.62,Pharma / Healthcare,0.0,0.0,0.0,0.0,5.0,5.0,0.21,,Very high PE,0.0,5.0,,23.78,4.0,Limited fundamental data coverage,9.57,Avoid,"Above 200 DMA, Weak but watchable RSI, Positive 6M return, 80.0% of closes stayed inside the range | Range width 21.8% | Currently 8.0% through the range"
MOTILALOFS,Financial Services,Capital Markets,600.6,-0.93,299.28,1267.92,100.68,52.63,42.0,715.46,735.77,2228105.15,1474681.0,0.66,Bearish,8.0,Weak but watchable RSI,-10.56,-37.52,-16.1,-4.45,-8.36,-9.56,-6.11,-29.16,-6.54,0.0,,63.19,Accumulation Zone,66.31,610.68,958.35,56.93,0.0,80.0% of closes stayed inside the range | Range width 56.9% | Currently 0.0% through the range,27.96,7.67,39.96,47.18,35.49,162.0,157.42,1.11,,5285.67,13745.61,-349.64,-500.41,27.5451,15.2672,4.2076,1.24,0.334,54253.42,62.9,Financial Services,22.0,20.0,2.0,0.0,10.0,54.0,0.93,Strong ROE,"Negative operating cash flow, Negative free cash flow",6.0,60.0,Strong ROE for a leveraged-balance-sheet business,22.73,17.0,"Below 200 DMA, Negative operating cash flow, Negative free cash flow",9.41,Avoid,"Weak but watchable RSI, Strong ROE, 80.0% of closes stayed inside the range | Range width 56.9% | Currently 0.0% through the range"
WAAREEENER,Technology,Solar,2224.85,0.73,2024.86,3740.9,9.88,40.53,47.19,2394.82,,1059213.35,828511.0,0.78,Bearish,25.0,"RSI recovering, Near 52W low with stable RSI, Positive day move",-4.42,-28.98,,-4.45,-8.36,-9.56,0.03,-20.62,,0.0,,66.67,Accumulation Zone,69.59,2193.03,3111.36,41.87,3.47,78.3% of closes stayed inside the range | Range width 41.9% | Currently 3.5% through the range,,,,,,,,,,,,,,20.4085,16.1252,5.3126,15.0,,76745.38,30.23,IT / Technology,0.0,0.0,0.0,0.0,11.0,11.0,0.21,,,0.0,11.0,,21.29,4.0,Limited fundamental data coverage,9.29,Avoid,"RSI recovering, Near 52W low with stable RSI, Positive day move, 78.3% of closes stayed inside the range | Range width 41.9% | Currently 3.5% through the range"
NESTLEIND,Consumer Defensive,Packaged Foods,1103.25,1.69,860.07,1360.46,28.27,18.91,54.31,1087.79,1168.82,1485408.0,1051212.0,0.71,Bullish,40.0,"Above 50 DMA, Healthy RSI momentum, Positive day move",0.6,1.73,-10.49,-4.45,-8.36,-9.56,5.05,10.09,-0.93,43.0,"Positive 1M return, Positive 3M return, 1M Nifty outperformance, 3M Nifty outperformance",4.17,Accumulation Zone,75.87,1064.8,1265.11,18.81,19.19,80.0% of closes stayed inside the range | Range width 18.8% | Currently 19.2% through the range,,,20.0,14.45,-71.64,-71.22,,,,,,,,76.4587,60.7096,56.3512,80.0,0.426,290596.98,55.13,FMCG / Consumer,10.0,0.0,0.0,0.0,5.0,15.0,0.5,,"Revenue contraction, Earnings contraction",0.0,15.0,,19.47,20.0,"Below 200 DMA, Revenue contraction, Earnings contraction",8.92,Avoid,"Above 50 DMA, Healthy RSI momentum, Positive day move, Positive 1M return, Positive 3M return, 1M Nifty outperformance, 3M Nifty outperformance, 80.0% of closes stayed inside the range | Range width 18.8% | Currently 19.2% through the range"
NMDC,Basic Materials,Steel,62.1,0.34,24.26,87.7,156.02,29.19,56.04,60.08,68.83,20705344.3,20227573.0,0.98,Bullish,40.0,"Above 50 DMA, Healthy RSI momentum, Positive day move",3.07,-17.45,-2.36,-4.45,-8.36,-9.56,7.52,-9.09,7.2,18.0,"Positive 1M return, 1M Nifty outperformance",37.72,Accumulation Zone,74.09,58.47,72.79,24.47,25.36,80.0% of closes stayed inside the range | Range width 24.5% | Currently 25.4% through the range,,,34.55,28.65,-69.17,-66.24,,,,,,,,10.094,8.3816,2.2131,4.1,0.643,75521.71,45.64,Metals / Mining,12.0,0.0,0.0,0.0,15.0,27.0,0.5,,"Revenue contraction, Earnings contraction",0.0,27.0,,31.17,20.0,"Below 200 DMA, Revenue contraction, Earnings contraction",8.63,Avoid,"Above 50 DMA, Healthy RSI momentum, Positive day move, Positive 1M return, 1M Nifty outperformance, 80.0% of closes stayed inside the range | Range width 24.5% | Currently 25.4% through the range"
PRESTIGE,Real Estate,Real Estate - Diversified,1142.1,-2.29,388.74,2067.83,193.79,44.77,33.26,1356.22,1657.62,1248013.55,1135938.0,0.91,Bearish,8.0,Weak but watchable RSI,-16.21,-34.6,-36.37,-4.45,-8.36,-9.56,-11.76,-26.24,-26.81,0.0,,55.0,Accumulation Zone,67.12,1223.5,1854.11,51.54,0.0,80.0% of closes stayed inside the range | Range width 51.5% | Currently 0.0% through the range,12.17,2.83,23.13,17.61,-5.01,45.9,119.22,1.19,0.38,2267.9,13458.0,1297.3,-609.4,60.0718,27.7803,4.2105,13.0,0.445,68516.26,58.8,Cement / Realty,14.0,10.0,4.0,9.0,7.0,44.0,1.0,,"Revenue contraction, Negative free cash flow",0.0,44.0,,15.86,12.0,"Below 200 DMA, Negative free cash flow",7.78,Avoid,"Weak but watchable RSI, 80.0% of closes stayed inside the range | Range width 51.5% | Currently 0.0% through the range"
TATAPOWER,Utilities,Utilities - Independent Power Producers,347.24,-0.73,177.68,488.93,95.43,28.98,48.34,356.0,410.71,6376300.45,5520005.0,0.87,Bearish,12.0,RSI recovering,-3.8,-19.24,-15.89,-4.45,-8.36,-9.56,0.65,-10.88,-6.33,0.0,,71.05,Accumulation Zone,70.55,344.82,455.36,32.06,2.19,80.0% of closes stayed inside the range | Range width 32.1% | Currently 2.2% through the range,11.42,2.65,11.26,6.12,11.59,10.78,182.37,0.67,0.57,3324.34,59006.76,12504.37,-736.66,31.5945,22.6373,3.0714,66.0,0.342,121247.16,35.71,Energy / Utilities,8.0,10.0,0.0,9.0,11.0,38.0,1.0,,Negative free cash flow,0.0,38.0,,21.97,12.0,"Below 200 DMA, Negative free cash flow",7.6,Avoid,"RSI recovering, 80.0% of closes stayed inside the range | Range width 32.1% | Currently 2.2% through the range"
OIL,Energy,Oil & Gas Integrated,359.91,-0.66,95.09,729.69,278.51,50.68,42.35,404.14,481.35,3408620.2,3422495.0,1.0,Bearish,13.0,"Weak but watchable RSI, Normal volume support",-11.44,-19.8,-40.26,-4.45,-8.36,-9.56,-6.99,-11.44,-30.7,0.0,,64.29,Accumulation Zone,69.56,381.73,543.11,42.28,0.0,80.0% of closes stayed inside the range | Range width 42.3% | Currently 0.0% through the range,13.11,6.87,36.96,19.51,-10.03,-27.42,49.73,1.17,0.85,315.99,24040.5,10933.14,-1129.69,9.1579,7.5062,1.3235,4.04,0.253,76775.88,56.89,Energy / Utilities,18.0,0.0,9.0,9.0,15.0,51.0,1.0,,"Revenue contraction, Earnings contraction, Negative free cash flow",2.0,53.0,General low-debt support,25.49,19.0,"Below 200 DMA, Earnings contraction, Negative free cash flow",6.62,Avoid,"Weak but watchable RSI, Normal volume support, 80.0% of closes stayed inside the range | Range width 42.3% | Currently 0.0% through the range"
HDFCBANK,Financial Services,Banks - Regional,819.8,-0.12,646.11,912.37,26.88,10.15,46.77,823.2,818.74,22311632.3,13372914.0,0.6,Bearish,27.0,"Above 200 DMA, RSI recovering",-3.13,-9.57,2.6,-4.45,-8.36,-9.56,1.32,-1.21,12.16,10.0,Positive 6M return,23.63,Accumulation Zone,73.87,801.71,878.82,9.62,23.46,80.0% of closes stayed inside the range | Range width 9.6% | Currently 23.5% through the range,3.52,0.42,,27.05,-59.33,-71.64,130.12,,,231143.44,653474.25,,,15.924,11.6454,1.8511,1.78,0.414,1123335.9,0.0,Banking,6.0,0.0,2.0,0.0,14.0,22.0,0.64,,"Revenue contraction, Earnings contraction",-5.0,17.0,Weak ROE for a leveraged-balance-sheet business,22.73,12.0,"Revenue contraction, Earnings contraction",6.61,Avoid,"Above 200 DMA, RSI recovering, Positive 6M return, 80.0% of closes stayed inside the range | Range width 9.6% | Currently 23.5% through the range"
ADANIPOWER,Utilities,Utilities - Independent Power Producers,101.23,0.6,26.48,179.17,282.29,43.5,54.41,101.22,122.06,28742636.0,19450080.0,0.68,Bullish,40.0,"Above 50 DMA, Healthy RSI momentum, Positive day move",0.54,-3.92,-20.32,-4.45,-8.36,-9.56,4.99,4.44,-10.76,8.0,Positive 1M return,36.84,Accumulation Zone,74.54,96.84,128.96,33.17,13.67,80.0% of closes stayed inside the range | Range width 33.2% | Currently 13.7% through the range,,,,,,,,,,,,,,27.9716,26.0646,6.1471,,0.475,399173.9,43.48,Energy / Utilities,0.0,0.0,0.0,0.0,7.0,7.0,0.14,,,0.0,7.0,,21.97,12.0,"Below 200 DMA, Limited fundamental data coverage",5.75,Avoid,"Above 50 DMA, Healthy RSI momentum, Positive day move, Positive 1M return, 80.0% of closes stayed inside the range | Range width 33.2% | Currently 13.7% through the range"
AIIL,Financial Services,Capital Markets,301.76,-0.44,146.31,397.25,106.25,24.04,42.04,340.29,301.43,687266.25,281510.0,0.41,Bearish,23.0,"Above 200 DMA, Weak but watchable RSI",-16.72,-15.94,-6.54,-4.45,-8.36,-9.56,-12.27,-7.58,3.02,0.0,,63.19,Accumulation Zone,75.13,310.04,369.26,19.1,0.0,80.0% of closes stayed inside the range | Range width 19.1% | Currently 0.0% through the range,,,,,,,,,,,,,,28.9713,,2.9231,4.0,-0.018,47115.03,97.86,Financial Services,0.0,0.0,0.0,0.0,10.0,10.0,0.21,,,0.0,10.0,,22.73,7.0,"Low volume participation, Limited fundamental data coverage",5.66,Avoid,"Above 200 DMA, Weak but watchable RSI, 80.0% of closes stayed inside the range | Range width 19.1% | Currently 0.0% through the range"
ADANIPORTS,Industrials,Marine Shipping,1134.18,0.73,387.26,1599.91,192.87,29.11,58.66,1110.52,1318.85,2838652.85,2211623.0,0.78,Bullish,40.0,"Above 50 DMA, Healthy RSI momentum, Positive day move",-1.68,-8.35,-20.29,-4.45,-8.36,-9.56,2.77,0.01,-10.73,0.0,,59.88,Accumulation Zone,74.16,1073.13,1405.93,31.01,18.34,80.0% of closes stayed inside the range | Range width 31.0% | Currently 18.3% through the range,,,,,,,,,,,,,,28.4908,21.3027,3.9976,45.0,0.507,383609.18,64.4,Capital Goods / Infra,0.0,0.0,0.0,0.0,11.0,11.0,0.21,,,0.0,11.0,,23.5,12.0,"Below 200 DMA, Limited fundamental data coverage",5.38,Avoid,"Above 50 DMA, Healthy RSI momentum, Positive day move, 80.0% of closes stayed inside the range | Range width 31.0% | Currently 18.3% through the range"
INDUSINDBK,Financial Services,Banks - Regional,935.24,-3.6,922.21,1673.18,1.41,44.1,32.86,994.17,1222.86,6578280.2,7737031.0,1.18,Bearish,21.0,"Weak but watchable RSI, Near 52W low with stable RSI, Normal volume support",-12.09,-4.83,-34.41,-4.45,-8.36,-9.56,-7.64,3.53,-24.85,0.0,,63.19,Accumulation Zone,70.89,955.14,1381.1,44.6,0.0,80.0% of closes stayed inside the range | Range width 44.6% | Currently 0.0% through the range,14.2,1.74,,30.47,15.7,20.61,75.33,,,42391.59,47611.41,-16924.73,-17654.74,60.0295,12.9494,1.2053,15.0,0.494,79277.55,0.0,Banking,10.0,16.0,4.0,0.0,9.0,39.0,0.79,,"Negative operating cash flow, Negative free cash flow",0.0,39.0,,22.73,17.0,"Below 200 DMA, Negative operating cash flow, Negative free cash flow",5.31,Avoid,"Weak but watchable RSI, Near 52W low with stable RSI, Normal volume support, 80.0% of closes stayed inside the range | Range width 44.6% | Currently 0.0% through the range"
FLUOROCHEM,Basic Materials,Specialty Chemicals,3727.66,-0.31,2472.27,4877.1,50.78,23.57,52.05,3744.41,3752.92,85124.15,99347.0,1.17,Bearish,25.0,"Healthy RSI momentum, Normal volume support",0.66,-16.25,-6.12,-4.45,-8.36,-9.56,5.11,-7.89,3.44,18.0,"Positive 1M return, 1M Nifty outperformance",37.72,Accumulation Zone,74.05,3661.31,4395.85,20.06,9.03,80.0% of closes stayed inside the range | Range width 20.1% | Currently 9.0% through the range,,,,,,,,,,,,,,87.6185,44.0047,6.5534,7.0,-0.005,50155.31,51.34,Chemicals,0.0,0.0,0.0,0.0,5.0,5.0,0.21,,Very high PE,0.0,5.0,,31.17,12.0,"Below 200 DMA, Limited fundamental data coverage",5.18,Avoid,"Healthy RSI momentum, Normal volume support, Positive 1M return, 1M Nifty outperformance, 80.0% of closes stayed inside the range | Range width 20.1% | Currently 9.0% through the range"
HINDCOPPER,Basic Materials,Copper,222.35,0.17,92.4,411.82,140.64,46.01,50.63,229.25,289.35,4085871.1,9363253.0,2.29,Bearish,40.0,"Healthy RSI momentum, Strong volume expansion, Positive day move",-6.99,-23.3,-27.34,-4.45,-8.36,-9.56,-2.54,-14.94,-17.78,0.0,,76.32,Accumulation Zone,74.14,219.19,320.94,46.42,3.1,80.0% of closes stayed inside the range | Range width 46.4% | Currently 3.1% through the range,,,,,,,,,,,,,,45.4523,27.1139,15.8616,46.0,,52963.9,91.1,Metals / Mining,0.0,0.0,0.0,0.0,7.0,7.0,0.21,,,0.0,7.0,,31.17,12.0,"Below 200 DMA, Limited fundamental data coverage",5.13,Avoid,"Healthy RSI momentum, Strong volume expansion, Positive day move, 80.0% of closes stayed inside the range | Range width 46.4% | Currently 3.1% through the range"
PNB,Financial Services,Banks - Regional,86.1,0.2,29.62,133.38,190.63,35.45,43.25,91.77,102.53,21430410.8,16424249.0,0.77,Bearish,13.0,"Weak but watchable RSI, Positive day move",-8.57,-17.47,-16.84,-4.45,-8.36,-9.56,-4.12,-9.11,-7.28,0.0,,63.19,Accumulation Zone,73.65,88.69,101.97,14.98,0.0,80.0% of closes stayed inside the range | Range width 15.0% | Currently 0.0% through the range,8.25,0.57,,16.48,17.35,171.98,65.76,,,131400.19,72585.62,-27939.44,-29114.44,6.1872,6.9245,0.8745,2.63,0.504,136743.04,0.0,Banking,7.0,18.0,7.0,0.0,12.0,44.0,0.79,Cash covers debt,"Negative operating cash flow, Negative free cash flow",0.0,44.0,,22.73,17.0,"Below 200 DMA, Negative operating cash flow, Negative free cash flow",5.06,Avoid,"Weak but watchable RSI, Positive day move, Cash covers debt, 80.0% of closes stayed inside the range | Range width 15.0% | Currently 0.0% through the range"
TECHM,Technology,Information Technology Services,1413.65,-0.74,859.95,1712.37,64.39,17.44,31.96,1564.1,1501.36,1833908.6,893696.0,0.49,Bearish,8.0,Weak but watchable RSI,-10.62,-15.38,-4.65,-4.45,-8.36,-9.56,-6.17,-7.02,4.91,0.0,,66.67,Accumulation Zone,73.32,1508.51,1662.06,10.18,0.0,80.0% of closes stayed inside the range | Range width 10.2% | Currently 0.0% through the range,8.84,5.43,6.58,4.53,-2.43,-51.2,9.51,1.86,1.85,4347.1,2536.7,6376.4,5585.3,28.4091,18.707,4.8593,3.1,0.162,143950.49,35.76,IT / Technology,4.0,0.0,19.0,17.0,11.0,51.0,1.0,Cash covers debt,"Revenue contraction, Earnings contraction",0.0,51.0,,21.29,18.0,"Below 200 DMA, Low volume participation, Earnings contraction",5.04,Avoid,"Weak but watchable RSI, Cash covers debt, 80.0% of closes stayed inside the range | Range width 10.2% | Currently 0.0% through the range"
IDEA,Communication Services,Telecom Services,7.55,-2.33,5.7,19.18,32.46,60.64,38.07,8.5,11.45,377401362.7,324103970.0,0.86,Bearish,8.0,Weak but watchable RSI,-18.55,-6.56,-42.8,-4.45,-8.36,-9.56,-14.1,1.8,-33.24,0.0,,60.0,Accumulation Zone,70.49,7.47,9.88,32.22,3.32,80.8% of closes stayed inside the range | Range width 32.2% | Currently 3.3% through the range,29.99,-16.89,-12.55,-73.38,1.02,-6.61,-234.06,0.24,0.24,167.8,243809.0,20826.1,19212.2,3.6885,-8.9483,-4.0872,,0.436,146263.1,45.2,Telecom,8.0,0.0,9.0,17.0,8.0,42.0,0.93,Strong ROE,"Negative net margin, Earnings contraction",4.0,46.0,"General quality ROE, General low-debt support",19.08,16.0,"Below 200 DMA, Negative net margin",4.96,Avoid,"Weak but watchable RSI, Strong ROE, 80.8% of closes stayed inside the range | Range width 32.2% | Currently 3.3% through the range"
GODFRYPHLP,Consumer Defensive,Tobacco,1730.67,-1.7,328.0,2738.95,427.64,36.81,49.37,1638.74,1738.81,3043823.25,347748.0,0.11,Bullish,27.0,"Above 50 DMA, RSI recovering",15.8,-8.18,-21.71,-4.45,-8.36,-9.56,20.25,0.18,-12.15,25.0,"Strong 1M absolute return, 1M Nifty outperformance",12.5,Lower Range Watch,65.55,1461.22,2266.1,55.08,33.48,80.0% of closes stayed inside the range | Range width 55.1% | Currently 33.5% through the range,,,,,,,,,,,,,,25.0856,19.6164,5.5211,2.25,0.33,34300.39,43.61,FMCG / Consumer,0.0,0.0,0.0,0.0,11.0,11.0,0.21,,,0.0,11.0,,19.47,15.0,"Below 200 DMA, Low volume participation, Limited fundamental data coverage",4.77,Avoid,"Above 50 DMA, RSI recovering, Strong 1M absolute return, 1M Nifty outperformance, 80.0% of closes stayed inside the range | Range width 55.1% | Currently 33.5% through the range"
PFC,Financial Services,Credit Services,377.72,-1.15,66.83,531.48,465.21,28.93,54.39,380.23,439.1,11054573.15,8363854.0,0.76,Bearish,20.0,Healthy RSI momentum,-0.17,-21.72,-22.11,-4.45,-8.36,-9.56,4.28,-13.36,-12.55,0.0,,63.19,Accumulation Zone,70.39,359.32,462.15,28.62,17.89,80.0% of closes stayed inside the range | Range width 28.6% | Currently 17.9% through the range,19.54,1.9,272.76,58.87,21.98,24.37,881.4,,,686.05,891502.64,-97820.41,-98143.82,4.8263,4.1648,0.9351,4.09,0.639,124248.82,99.22,Financial Services,18.0,16.0,0.0,0.0,15.0,49.0,0.86,Strong ROE,"Very high debt, Negative operating cash flow, Negative free cash flow",12.0,61.0,"High leverage is structural for this sector, Strong ROE for a leveraged-balance-sheet business",22.73,25.0,"Below 200 DMA, Very high debt, Negative operating cash flow, Negative free cash flow",4.76,Avoid,"Healthy RSI momentum, Strong ROE, 80.0% of closes stayed inside the range | Range width 28.6% | Currently 17.9% through the range"
GLAND,Healthcare,Drug Manufacturers - Specialty & Generic,1614.2,0.71,838.01,2537.39,92.62,36.38,61.07,1581.31,1745.48,251859.6,166390.0,0.66,Bullish,40.0,"Above 50 DMA, Healthy RSI momentum, Positive day move",8.21,-6.78,-13.54,-4.45,-8.36,-9.56,12.66,1.58,-3.98,18.0,"Positive 1M return, 1M Nifty outperformance",28.89,Lower Range Watch,72.1,1480.63,1804.36,21.86,41.26,80.0% of closes stayed inside the range | Range width 21.9% | Currently 41.3% through the range,,,19.05,14.79,-75.47,-73.5,,,,,,,,42.2505,29.9428,4.5988,77.0,0.566,47695.16,59.05,Pharma / Healthcare,10.0,0.0,0.0,0.0,9.0,19.0,0.5,,"Revenue contraction, Earnings contraction",0.0,19.0,,23.78,20.0,"Below 200 DMA, Revenue contraction, Earnings contraction",4.72,Avoid,"Above 50 DMA, Healthy RSI momentum, Positive day move, Positive 1M return, 1M Nifty outperformance, 80.0% of closes stayed inside the range | Range width 21.9% | Currently 41.3% through the range"
SWIGGY,Consumer Cyclical,Internet Retail,360.95,-0.44,317.0,617.3,13.86,41.53,45.02,423.62,,18175902.15,9381165.0,0.52,Bearish,17.0,"RSI recovering, Near 52W low zone",-7.14,-33.62,,-4.45,-8.36,-9.56,-2.69,-25.26,,0.0,,63.89,Accumulation Zone,67.06,349.83,556.71,59.14,5.37,80.0% of closes stayed inside the range | Range width 59.1% | Currently 5.4% through the range,,,,,,,,,,,,,,,-53.2182,3.9751,,,73189.75,44.37,Consumer Discretionary,0.0,0.0,0.0,0.0,2.0,2.0,0.07,,,0.0,2.0,,23.52,4.0,Limited fundamental data coverage,4.48,Avoid,"RSI recovering, Near 52W low zone, 80.0% of closes stayed inside the range | Range width 59.1% | Currently 5.4% through the range"
HDFCLIFE,Financial Services,Insurance - Life,621.26,1.12,451.88,756.41,37.48,17.87,52.24,617.26,652.12,2552472.0,3169440.0,1.24,Bullish,45.0,"Above 50 DMA, Healthy RSI momentum, Normal volume support, Positive day move",-1.07,-1.28,-15.03,-4.45,-8.36,-9.56,3.38,7.08,-5.47,0.0,,63.19,Accumulation Zone,78.9,613.3,719.2,17.27,7.52,80.0% of closes stayed inside the range | Range width 17.3% | Currently 7.5% through the range,,,,,,,,,,,,,,58.4967,44.8408,5.9286,39.0,0.502,116632.92,10.2,Financial Services,0.0,0.0,0.0,0.0,9.0,9.0,0.21,,,-4.0,5.0,Expensive relative to book value for this sector,22.73,12.0,"Below 200 DMA, Limited fundamental data coverage",4.41,Avoid,"Above 50 DMA, Healthy RSI momentum, Normal volume support, Positive day move, 80.0% of closes stayed inside the range | Range width 17.3% | Currently 7.5% through the range"
IOB,Financial Services,Banks - Regional,44.67,0.7,16.8,83.75,165.89,46.66,42.07,48.74,56.85,4115270.75,3410958.0,0.83,Bearish,13.0,"Weak but watchable RSI, Positive day move",-12.24,-21.45,-21.99,-4.45,-8.36,-9.56,-7.79,-13.09,-12.43,0.0,,63.19,Accumulation Zone,72.21,46.29,57.69,24.61,0.0,80.0% of closes stayed inside the range | Range width 24.6% | Currently 0.0% through the range,9.67,0.76,,17.2,25.27,26.7,84.85,,,18814.9,23387.17,-1118.95,-1484.21,11.4712,37.6,1.6756,,0.253,65164.3,0.0,Banking,7.0,20.0,4.0,0.0,10.0,41.0,0.71,,"Negative operating cash flow, Negative free cash flow",0.0,41.0,,22.73,17.0,"Below 200 DMA, Negative operating cash flow, Negative free cash flow",4.01,Avoid,"Weak but watchable RSI, Positive day move, 80.0% of closes stayed inside the range | Range width 24.6% | Currently 0.0% through the range"
MAHABANK,Financial Services,Banks - Regional,45.15,0.44,14.91,69.19,202.75,34.75,47.11,46.89,54.19,8309654.25,6536193.0,0.79,Bearish,17.0,"RSI recovering, Positive day move",-6.0,-15.59,-18.84,-4.45,-8.36,-9.56,-1.55,-7.23,-9.28,0.0,,63.19,Accumulation Zone,73.77,45.85,54.92,19.77,0.0,80.0% of closes stayed inside the range | Range width 19.8% | Currently 0.0% through the range,,,,,,,54.66,,,15486.79,15164.21,,,8.3626,6.5496,1.7645,2.79,0.78,62970.76,0.0,Banking,0.0,0.0,7.0,0.0,15.0,22.0,0.29,Cash covers debt,,0.0,22.0,,22.73,12.0,"Below 200 DMA, Limited fundamental data coverage",3.36,Avoid,"RSI recovering, Positive day move, Cash covers debt, 80.0% of closes stayed inside the range | Range width 19.8% | Currently 0.0% through the range"
BANKINDIA,Financial Services,Banks - Regional,91.03,-0.52,40.78,144.31,123.23,36.92,44.03,94.57,103.97,8216704.95,7561031.0,0.92,Bearish,8.0,Weak but watchable RSI,-9.5,-15.59,-14.12,-4.45,-8.36,-9.56,-5.05,-7.23,-4.56,0.0,,63.19,Accumulation Zone,72.6,91.5,105.19,14.96,0.0,80.0% of closes stayed inside the range | Range width 15.0% | Currently 0.0% through the range,9.3,0.71,,22.29,11.72,71.04,94.16,,,83122.96,66460.27,-4436.94,-5287.47,5.3869,5.6026,0.7284,3.25,0.777,66241.31,0.0,Banking,8.0,15.0,7.0,0.0,12.0,42.0,0.79,Cash covers debt,"Negative operating cash flow, Negative free cash flow",0.0,42.0,,22.73,17.0,"Below 200 DMA, Negative operating cash flow, Negative free cash flow",3.11,Avoid,"Weak but watchable RSI, Cash covers debt, 80.0% of closes stayed inside the range | Range width 15.0% | Currently 0.0% through the range"
EMCURE,Healthcare,Drug Manufacturers - Specialty & Generic,968.6,-0.96,933.32,1576.74,3.78,38.57,31.91,1212.41,,124256.5,44513.0,0.36,Bearish,16.0,"Weak but watchable RSI, Near 52W low with stable RSI",-24.48,-28.28,-30.39,-4.45,-8.36,-9.56,-20.03,-19.92,-20.83,0.0,,70.0,Accumulation Zone,69.38,992.38,1465.11,47.64,0.0,80.0% of closes stayed inside the range | Range width 47.6% | Currently 0.0% through the range,,,,,,,,,,,,,,37.6541,25.8557,7.696,18.0,-0.056,38118.12,59.43,Pharma / Healthcare,0.0,0.0,0.0,0.0,7.0,7.0,0.21,,,0.0,7.0,,23.78,7.0,"Low volume participation, Limited fundamental data coverage",3.02,Avoid,"Weak but watchable RSI, Near 52W low with stable RSI, 80.0% of closes stayed inside the range | Range width 47.6% | Currently 0.0% through the range"
DALBHARAT,Basic Materials,Building Materials,1684.08,-1.02,1448.98,2401.43,16.23,29.87,37.33,1766.96,1805.7,201761.55,180503.0,0.89,Bearish,13.0,"Weak but watchable RSI, Near 52W low zone",-9.19,-10.66,-9.36,-4.45,-8.36,-9.56,-4.74,-2.3,0.2,0.0,,76.32,Accumulation Zone,74.21,1715.5,1908.09,11.23,0.0,80.0% of closes stayed inside the range | Range width 11.2% | Currently 0.0% through the range,5.04,2.98,7.98,5.76,8.29,-20.19,29.3,1.76,1.48,341.0,4805.0,2635.0,-192.0,36.8796,25.1706,1.921,54.0,0.184,34568.38,61.49,Cement / Realty,0.0,5.0,13.0,9.0,11.0,38.0,1.0,,"Earnings contraction, Negative free cash flow",2.0,40.0,General low-debt support,31.17,19.0,"Below 200 DMA, Earnings contraction, Negative free cash flow",2.93,Avoid,"Weak but watchable RSI, Near 52W low zone, 80.0% of closes stayed inside the range | Range width 11.2% | Currently 0.0% through the range"
TATACONSUM,Consumer Defensive,Packaged Foods,946.96,0.41,663.99,1240.54,42.62,23.67,38.87,966.88,1049.47,1552275.0,945675.0,0.61,Bearish,13.0,"Weak but watchable RSI, Positive day move",-5.99,3.81,-19.29,-4.45,-8.36,-9.56,-1.54,12.17,-9.73,25.0,"Positive 3M return, 3M Nifty outperformance",12.5,Accumulation Zone,69.46,905.55,1114.87,23.11,19.78,80.0% of closes stayed inside the range | Range width 23.1% | Currently 19.8% through the range,,,,,,,,,,,,,,64.3966,44.4085,4.823,93.0,0.414,105095.18,41.11,FMCG / Consumer,0.0,0.0,0.0,0.0,7.0,7.0,0.21,,,0.0,7.0,,19.47,12.0,"Below 200 DMA, Limited fundamental data coverage",2.87,Avoid,"Weak but watchable RSI, Positive day move, Positive 3M return, 3M Nifty outperformance, 80.0% of closes stayed inside the range | Range width 23.1% | Currently 19.8% through the range"
VOLTAS,Consumer Cyclical,"Furnishings, Fixtures & Appliances",1393.27,-0.06,724.31,1928.05,92.36,27.74,55.41,1453.03,1589.02,2130971.7,1234800.0,0.58,Bearish,20.0,Healthy RSI momentum,3.98,-20.44,-22.69,-4.45,-8.36,-9.56,8.43,-12.08,-13.13,18.0,"Positive 1M return, 1M Nifty outperformance",19.44,Accumulation Zone,68.11,1287.25,1830.54,42.21,19.51,80.0% of closes stayed inside the range | Range width 42.2% | Currently 19.5% through the range,,,,,,,,,,,,,,113.2572,38.3226,6.6943,31.0,0.138,42684.13,22.23,Consumer Discretionary,0.0,0.0,0.0,0.0,5.0,5.0,0.21,,Very high PE,0.0,5.0,,23.52,12.0,"Below 200 DMA, Limited fundamental data coverage",2.78,Avoid,"Healthy RSI momentum, Positive 1M return, 1M Nifty outperformance, 80.0% of closes stayed inside the range | Range width 42.2% | Currently 19.5% through the range"
SBIN,Financial Services,Banks - Regional,705.61,0.1,463.91,878.22,52.1,19.65,50.53,720.52,776.62,11686166.9,7246729.0,0.62,Bearish,25.0,"Healthy RSI momentum, Positive day move",-2.59,-15.53,-6.57,-4.45,-8.36,-9.56,1.86,-7.17,2.99,0.0,,63.19,Accumulation Zone,75.49,702.3,819.35,16.67,2.82,80.0% of closes stayed inside the range | Range width 16.7% | Currently 2.8% through the range,,,,,,,,,,,,,,11.5734,10.297,1.6754,1.63,0.385,998752.81,0.0,Banking,0.0,0.0,0.0,0.0,14.0,14.0,0.21,,,0.0,14.0,,22.73,12.0,"Below 200 DMA, Limited fundamental data coverage",2.56,Avoid,"Healthy RSI momentum, Positive day move, 80.0% of closes stayed inside the range | Range width 16.7% | Currently 2.8% through the range"
PIDILITIND,Basic Materials,Specialty Chemicals,1366.22,0.48,1107.06,1695.86,23.41,19.44,45.6,1405.62,1515.0,645695.5,869066.0,1.35,Bearish,32.0,"RSI recovering, Near 52W low zone, Volume expansion, Positive day move",-5.12,-14.38,-15.97,-4.45,-8.36,-9.56,-0.67,-6.02,-6.41,0.0,,76.32,Accumulation Zone,77.5,1374.81,1593.68,15.92,0.0,80.0% of closes stayed inside the range | Range width 15.9% | Currently 0.0% through the range,,,,,,,,,,,,,,64.9428,53.7455,15.9869,68.0,0.397,173177.03,54.79,Chemicals,0.0,0.0,0.0,0.0,5.0,5.0,0.21,,,0.0,5.0,,31.17,12.0,"Below 200 DMA, Limited fundamental data coverage",2.43,Avoid,"RSI recovering, Near 52W low zone, Volume expansion, Positive day move, 80.0% of closes stayed inside the range | Range width 15.9% | Currently 0.0% through the range"
HFCL,Technology,Communication Equipment,83.75,1.06,55.45,170.76,51.03,50.95,40.17,96.45,120.17,12890174.0,11737506.0,0.91,Bearish,13.0,"Weak but watchable RSI, Positive day move",-16.11,-33.91,-45.28,-4.45,-8.36,-9.56,-11.66,-25.55,-35.72,0.0,,66.67,Accumulation Zone,67.09,88.53,140.53,58.74,0.0,80.0% of closes stayed inside the range | Range width 58.7% | Currently 0.0% through the range,8.34,5.08,11.53,7.4,-5.85,9.58,25.06,2.07,1.71,23.33,991.22,-44.87,-454.9,57.8381,42.6,6.6817,5.0,0.926,33898.4,37.62,IT / Technology,10.0,5.0,15.0,0.0,7.0,37.0,1.0,,"Revenue contraction, Negative operating cash flow, Negative free cash flow",0.0,37.0,,21.29,17.0,"Below 200 DMA, Negative operating cash flow, Negative free cash flow",2.39,Avoid,"Weak but watchable RSI, Positive day move, 80.0% of closes stayed inside the range | Range width 58.7% | Currently 0.0% through the range"
GODREJIND,Industrials,Conglomerates,1109.8,0.85,395.0,1314.0,180.96,15.54,68.12,974.62,991.52,1932679.05,623395.0,0.32,Bullish,55.0,"Above 50 DMA, Above 200 DMA, Healthy RSI momentum, Positive day move",24.98,0.63,-8.49,-4.45,-8.36,-9.56,29.43,8.99,1.07,35.0,"Strong 1M absolute return, Positive 3M return, 1M Nifty outperformance",8.14,Neutral Range,75.42,879.02,1192.25,35.63,73.68,80.0% of closes stayed inside the range | Range width 35.6% | Currently 73.7% through the range,0.75,0.1,5.66,0.36,-0.98,-93.85,362.39,1.15,0.43,1878.81,28995.91,-4284.12,-5481.61,33.4833,,3.7223,,0.635,41607.84,40.36,Capital Goods / Infra,0.0,0.0,2.0,0.0,6.0,8.0,0.93,,"Revenue contraction, Earnings contraction, Very high debt, Negative operating cash flow, Negative free cash flow",0.0,8.0,,23.5,27.0,"Low volume participation, Very high debt, Earnings contraction, Negative operating cash flow, Negative free cash flow",1.82,Avoid,"Above 50 DMA, Above 200 DMA, Healthy RSI momentum, Positive day move, Strong 1M absolute return, Positive 3M return, 1M Nifty outperformance, 80.0% of closes stayed inside the range | Range width 35.6% | Currently 73.7% through the range"
CIPLA,Healthcare,Drug Manufacturers - Specialty & Generic,1429.62,-0.23,821.48,1668.41,74.03,14.31,52.18,1429.95,1488.66,1504933.3,678497.0,0.45,Bearish,30.0,"Healthy RSI momentum, Near 52W high momentum",-0.89,0.22,-9.98,-4.45,-8.36,-9.56,3.56,8.58,-0.42,10.0,Positive 3M return,33.33,Accumulation Zone,75.92,1410.52,1605.2,13.8,9.81,80.0% of closes stayed inside the range | Range width 13.8% | Currently 9.8% through the range,,,,,,,,,,,,,,35.0839,23.0495,3.4322,89.0,0.086,118188.92,63.28,Pharma / Healthcare,0.0,0.0,0.0,0.0,9.0,9.0,0.21,,,0.0,9.0,,23.78,15.0,"Below 200 DMA, Low volume participation, Limited fundamental data coverage",1.72,Avoid,"Healthy RSI momentum, Near 52W high momentum, Positive 3M return, 80.0% of closes stayed inside the range | Range width 13.8% | Currently 9.8% through the range"
LINDEINDIA,Basic Materials,Specialty Chemicals,6200.03,2.3,2911.17,9885.09,112.97,37.28,55.17,6035.65,7356.12,84853.2,42301.0,0.5,Bullish,45.0,"Above 50 DMA, Healthy RSI momentum, Strong positive day move",-1.03,-7.62,-15.64,-4.45,-8.36,-9.56,3.42,0.74,-6.08,0.0,,76.32,Accumulation Zone,74.11,5829.76,8242.89,41.39,15.34,80.0% of closes stayed inside the range | Range width 41.4% | Currently 15.3% through the range,,,22.6,19.2,-78.12,-73.2,,,,,,,,105.6673,78.7623,13.5476,6.0,,57801.38,58.55,Chemicals,11.0,0.0,0.0,0.0,5.0,16.0,0.5,,"Revenue contraction, Earnings contraction, Very high PE",0.0,16.0,,31.17,20.0,"Below 200 DMA, Revenue contraction, Earnings contraction",1.53,Avoid,"Above 50 DMA, Healthy RSI momentum, Strong positive day move, 80.0% of closes stayed inside the range | Range width 41.4% | Currently 15.3% through the range"
PATANJALI,Consumer Defensive,Packaged Foods,578.67,-1.14,278.5,655.98,107.78,11.79,40.04,601.67,575.55,3038256.75,1711248.0,0.56,Bearish,23.0,"Above 200 DMA, Weak but watchable RSI",-3.95,-5.34,-8.67,-4.45,-8.36,-9.56,0.5,3.02,0.89,0.0,,62.5,Accumulation Zone,73.67,569.16,614.81,8.02,20.83,80.0% of closes stayed inside the range | Range width 8.0% | Currently 20.8% through the range,,,5.42,4.12,-71.58,-51.53,,,,,,,,21.1645,19.163,2.9269,99.0,-0.175,38358.64,13.03,FMCG / Consumer,0.0,0.0,0.0,0.0,13.0,13.0,0.5,,"Revenue contraction, Earnings contraction",0.0,13.0,,19.47,12.0,"Revenue contraction, Earnings contraction",1.22,Avoid,"Above 200 DMA, Weak but watchable RSI, 80.0% of closes stayed inside the range | Range width 8.0% | Currently 20.8% through the range"
BALKRISIND,Consumer Cyclical,Auto Parts,2534.41,0.07,1750.0,3327.52,44.82,23.83,39.85,2674.33,2886.19,203084.25,285474.0,1.41,Bearish,23.0,"Weak but watchable RSI, Volume expansion, Positive day move",-7.35,-9.07,-13.65,-4.45,-8.36,-9.56,-2.9,-0.71,-4.09,0.0,,63.89,Breakdown Risk,35.0,2622.24,2990.19,14.03,0.0,80.0% of closes stayed inside the range | Range width 14.0% | Currently 0.0% through the range | Below lower band on elevated volume,,,,,,,,,,,,,,34.3358,24.8272,4.406,75.0,0.321,48269.36,50.17,Automobile,0.0,0.0,0.0,0.0,11.0,11.0,0.21,,,0.0,11.0,,23.52,12.0,"Below 200 DMA, Limited fundamental data coverage",1.13,Avoid,"Weak but watchable RSI, Volume expansion, Positive day move, 80.0% of closes stayed inside the range | Range width 14.0% | Currently 0.0% through the range | Below lower band on elevated volume"
GODREJPROP,Real Estate,Real Estate - Development,1998.69,-2.74,1000.17,3386.33,99.84,40.98,42.59,2245.62,2775.37,1074083.1,717411.0,0.67,Bearish,8.0,Weak but watchable RSI,-10.75,-30.73,-30.1,-4.45,-8.36,-9.56,-6.3,-22.37,-20.54,0.0,,55.0,Accumulation Zone,67.1,2016.18,3057.67,51.66,0.0,80.0% of closes stayed inside the range | Range width 51.7% | Currently 0.0% through the range,7.26,2.03,-5.96,24.83,34.85,26.93,106.87,1.43,0.43,1319.81,10679.29,-692.57,-1387.82,38.3153,18.06,3.1684,49.0,0.478,60697.14,42.86,Cement / Realty,6.0,20.0,4.0,0.0,9.0,39.0,1.0,,"Negative operating cash flow, Negative free cash flow",0.0,39.0,,15.86,17.0,"Below 200 DMA, Negative operating cash flow, Negative free cash flow",1.03,Avoid,"Weak but watchable RSI, 80.0% of closes stayed inside the range | Range width 51.7% | Currently 0.0% through the range"
HINDPETRO,Energy,Oil & Gas Refining & Marketing,304.91,-1.98,115.53,419.28,163.91,27.28,51.5,320.84,341.78,4970110.8,3825464.0,0.77,Bearish,20.0,Healthy RSI momentum,-3.1,-17.89,-21.11,-4.45,-8.36,-9.56,1.35,-9.53,-11.55,0.0,,64.29,Accumulation Zone,71.87,297.65,380.68,27.89,8.74,80.0% of closes stayed inside the range | Range width 27.9% | Currently 8.7% through the range,,,,,,,,,,,,,,49.6183,6.9656,1.2661,6.2,0.912,82985.08,6.47,Energy / Utilities,0.0,0.0,0.0,0.0,11.0,11.0,0.21,,,0.0,11.0,,25.49,12.0,"Below 200 DMA, Limited fundamental data coverage",0.67,Avoid,"Healthy RSI momentum, 80.0% of closes stayed inside the range | Range width 27.9% | Currently 8.7% through the range"
INFY,Technology,Information Technology Services,1602.85,-1.74,1064.05,1907.5,50.64,15.97,31.5,1761.03,1709.57,5961850.2,8019331.0,1.35,Bearish,18.0,"Weak but watchable RSI, Volume expansion",-11.99,-13.47,-10.0,-4.45,-8.36,-9.56,-7.54,-5.11,-0.44,0.0,,66.67,Breakdown Risk,35.0,1680.2,1850.0,10.11,0.0,80.0% of closes stayed inside the range | Range width 10.1% | Currently 0.0% through the range | Below lower band on elevated volume,,,,,,,,,,,,,,15.4324,14.7125,5.1946,4.2,0.107,476334.99,29.68,IT / Technology,0.0,0.0,0.0,0.0,13.0,13.0,0.21,,,0.0,13.0,,21.29,12.0,"Below 200 DMA, Limited fundamental data coverage",0.24,Avoid,"Weak but watchable RSI, Volume expansion, 80.0% of closes stayed inside the range | Range width 10.1% | Currently 0.0% through the range | Below lower band on elevated volume"
ULTRACEMCO,Basic Materials,Building Materials,10305.39,0.85,5786.89,11827.43,78.08,12.87,40.84,10831.27,10952.26,424201.15,302339.0,0.71,Bearish,13.0,"Weak but watchable RSI, Positive day move",-7.8,-9.9,-7.93,-4.45,-8.36,-9.56,-3.35,-1.54,1.63,0.0,,76.32,Accumulation Zone,74.22,10352.0,11505.68,11.14,0.0,80.0% of closes stayed inside the range | Range width 11.1% | Currently 0.0% through the range,,,,,,,,,,,,,,41.0332,27.5174,4.5645,2.04,0.505,349797.12,58.4,Cement / Realty,0.0,0.0,0.0,0.0,9.0,9.0,0.21,,,0.0,9.0,,31.17,12.0,"Below 200 DMA, Limited fundamental data coverage",0.0,Avoid,"Weak but watchable RSI, Positive day move, 80.0% of closes stayed inside the range | Range width 11.1% | Currently 0.0% through the range"
UBL,Consumer Defensive,Beverages - Brewers,1898.94,1.19,1324.03,2271.75,43.42,16.41,37.21,2009.97,1988.65,421282.25,176597.0,0.42,Bearish,13.0,"Weak but watchable RSI, Positive day move",-7.27,-3.62,-6.99,-4.45,-8.36,-9.56,-2.82,4.74,2.57,0.0,,62.5,Accumulation Zone,73.53,1889.45,2104.29,11.37,4.41,80.0% of closes stayed inside the range | Range width 11.4% | Currently 4.4% through the range,,,,,,,,,,,,,,92.6769,49.7287,8.1161,71.0,-0.03,36707.37,42.07,FMCG / Consumer,0.0,0.0,0.0,0.0,5.0,5.0,0.21,,Very high PE,0.0,5.0,,19.47,15.0,"Below 200 DMA, Low volume participation, Limited fundamental data coverage",0.0,Avoid,"Weak but watchable RSI, Positive day move, 80.0% of closes stayed inside the range | Range width 11.4% | Currently 4.4% through the range"
HUDCO,Financial Services,Credit Services,175.18,-0.31,30.31,333.2,478.04,47.42,44.4,198.13,233.29,7402855.95,5314444.0,0.72,Bearish,8.0,Weak but watchable RSI,-11.48,-27.62,-26.18,-4.45,-8.36,-9.56,-7.03,-19.26,-16.62,0.0,,63.19,Accumulation Zone,70.05,176.63,233.12,31.98,0.0,80.0% of closes stayed inside the range | Range width 32.0% | Currently 0.0% through the range,12.74,2.27,,71.11,15.52,24.41,445.45,,,250.55,74003.36,-10286.74,-10290.92,9.2171,8.0304,1.7552,3.06,0.837,38582.62,99.96,Financial Services,10.0,16.0,0.0,0.0,15.0,41.0,0.79,,"Very high debt, Negative operating cash flow, Negative free cash flow",6.0,47.0,High leverage is structural for this sector,22.73,25.0,"Below 200 DMA, Very high debt, Negative operating cash flow, Negative free cash flow",0.0,Avoid,"Weak but watchable RSI, 80.0% of closes stayed inside the range | Range width 32.0% | Currently 0.0% through the range"
HINDUNILVR,Consumer Defensive,Household & Personal Products,2142.8,-0.65,2066.79,2916.05,3.68,26.52,37.47,2271.71,2458.96,1609199.3,1738356.0,1.08,Bearish,21.0,"Weak but watchable RSI, Near 52W low with stable RSI, Normal volume support",-7.09,-8.04,-23.67,-4.45,-8.36,-9.56,-2.64,0.32,-14.11,0.0,,62.5,Accumulation Zone,74.13,2228.12,2739.48,22.95,0.0,80.0% of closes stayed inside the range | Range width 23.0% | Currently 0.0% through the range,,,,,,,,,,,,,,45.875,38.7544,9.9452,2.13,0.332,484720.67,50.37,FMCG / Consumer,0.0,0.0,0.0,0.0,7.0,7.0,0.21,,,0.0,7.0,,19.47,12.0,"Below 200 DMA, Limited fundamental data coverage",0.0,Avoid,"Weak but watchable RSI, Near 52W low with stable RSI, Normal volume support, 80.0% of closes stayed inside the range | Range width 23.0% | Currently 0.0% through the range"
HSCL,Basic Materials,Specialty Chemicals,433.66,-0.37,79.72,686.9,443.98,36.87,44.35,493.77,499.03,859406.2,598638.0,0.7,Bearish,8.0,Weak but watchable RSI,-13.32,-23.1,-18.0,-4.45,-8.36,-9.56,-8.87,-14.74,-8.44,0.0,,76.32,Accumulation Zone,67.93,437.73,639.66,46.13,0.0,80.0% of closes stayed inside the range | Range width 46.1% | Currently 0.0% through the range,,,,,,,,,,,,,,47.3835,37.0097,8.1727,11.0,0.264,38468.74,36.82,Chemicals,0.0,0.0,0.0,0.0,7.0,7.0,0.21,,,0.0,7.0,,31.17,12.0,"Below 200 DMA, Limited fundamental data coverage",0.0,Avoid,"Weak but watchable RSI, 80.0% of closes stayed inside the range | Range width 46.1% | Currently 0.0% through the range"
BANKBARODA,Financial Services,Banks - Regional,192.8,-0.61,103.5,273.02,86.29,29.38,44.94,204.73,228.35,8076700.5,6253445.0,0.77,Bearish,8.0,Weak but watchable RSI,-6.29,-21.69,-12.59,-4.45,-8.36,-9.56,-1.84,-13.33,-3.03,0.0,,63.19,Accumulation Zone,71.3,195.3,241.51,23.66,0.0,80.0% of closes stayed inside the range | Range width 23.7% | Currently 0.0% through the range,,,,,,,,,,,,,,7.149,5.892,0.77,3.45,0.43,129801.19,0.0,Banking,0.0,0.0,0.0,0.0,15.0,15.0,0.21,,,0.0,15.0,,22.73,12.0,"Below 200 DMA, Limited fundamental data coverage",0.0,Avoid,"Weak but watchable RSI, 80.0% of closes stayed inside the range | Range width 23.7% | Currently 0.0% through the range"
APOLLOHOSP,Healthcare,Medical Care Facilities,6192.71,-0.92,3944.97,7506.35,56.98,17.5,38.44,6678.46,6690.33,472319.0,299433.0,0.63,Bearish,8.0,Weak but watchable RSI,-9.45,-14.24,-9.27,-4.45,-8.36,-9.56,-5.0,-5.88,0.29,0.0,,70.0,Accumulation Zone,72.62,6292.87,7228.5,14.87,0.0,80.0% of closes stayed inside the range | Range width 14.9% | Currently 0.0% through the range,,,10.44,6.74,-70.7,-58.57,,,,,,,,64.9369,40.1114,13.0391,23.0,0.201,123611.67,34.63,Pharma / Healthcare,6.0,0.0,0.0,0.0,5.0,11.0,0.5,,"Revenue contraction, Earnings contraction",0.0,11.0,,23.78,20.0,"Below 200 DMA, Revenue contraction, Earnings contraction",0.0,Avoid,"Weak but watchable RSI, 80.0% of closes stayed inside the range | Range width 14.9% | Currently 0.0% through the range"
M&M,Consumer Cyclical,Auto Manufacturers,2677.99,-0.53,1083.49,3211.16,147.16,16.6,43.37,2884.86,2829.8,3976946.45,1886774.0,0.47,Bearish,8.0,Weak but watchable RSI,-13.12,-11.06,0.7,-4.45,-8.36,-9.56,-8.67,-2.7,10.26,10.0,Positive 6M return,24.07,Accumulation Zone,72.62,2696.25,3097.32,14.88,0.0,80.0% of closes stayed inside the range | Range width 14.9% | Currently 0.0% through the range,17.02,4.77,14.44,8.3,14.08,9.6,161.09,1.3,1.05,4530.1,106625.52,-5629.95,-15575.94,21.0528,21.6049,4.0858,95.0,0.291,408691.44,38.59,Automobile,10.0,10.0,4.0,0.0,8.0,32.0,1.0,,"Negative operating cash flow, Negative free cash flow",0.0,32.0,,23.52,20.0,"Below 200 DMA, Low volume participation, Negative operating cash flow, Negative free cash flow",0.0,Avoid,"Weak but watchable RSI, Positive 6M return, 80.0% of closes stayed inside the range | Range width 14.9% | Currently 0.0% through the range"
IDBI,Financial Services,Banks - Regional,71.27,0.62,36.58,105.64,94.83,32.54,48.34,74.04,82.03,4240550.2,3912895.0,0.92,Bearish,17.0,"RSI recovering, Positive day move",-9.3,-13.9,-16.81,-4.45,-8.36,-9.56,-4.85,-5.54,-7.25,0.0,,63.19,Accumulation Zone,73.34,70.8,84.41,19.22,3.4,80.0% of closes stayed inside the range | Range width 19.2% | Currently 3.4% through the range,,,,,,,,,,,,,,9.511,16.8286,1.2551,2.43,0.832,88664.31,0.0,Banking,0.0,0.0,0.0,0.0,12.0,12.0,0.21,,,0.0,12.0,,22.73,12.0,"Below 200 DMA, Limited fundamental data coverage",0.0,Avoid,"RSI recovering, Positive day move, 80.0% of closes stayed inside the range | Range width 19.2% | Currently 3.4% through the range"
ICICIPRULI,Financial Services,Insurance - Life,546.92,-0.11,378.11,792.99,44.65,31.03,27.55,602.44,666.48,1140517.15,1063618.0,0.93,Bearish,4.0,Oversold RSI,-8.4,-19.3,-27.51,-4.45,-8.36,-9.56,-3.95,-10.94,-17.95,0.0,,63.19,Accumulation Zone,70.26,572.05,752.05,31.46,0.0,80.8% of closes stayed inside the range | Range width 31.5% | Currently 0.0% through the range,,,,,,,,,,,,,,43.0979,35.6732,5.3841,33.0,0.471,73415.47,10.44,Financial Services,0.0,0.0,0.0,0.0,9.0,9.0,0.21,,,-4.0,5.0,Expensive relative to book value for this sector,22.73,12.0,"Below 200 DMA, Limited fundamental data coverage",0.0,Avoid,"Oversold RSI, 80.8% of closes stayed inside the range | Range width 31.5% | Currently 0.0% through the range"
M&MFIN,Financial Services,Credit Services,262.1,-1.59,161.66,327.32,62.13,19.93,48.78,263.1,274.34,1677840.3,987210.0,0.59,Bearish,12.0,RSI recovering,-7.54,-3.48,-15.36,-4.45,-8.36,-9.56,-3.09,4.88,-5.8,0.0,,63.19,Accumulation Zone,69.79,253.12,288.65,14.04,25.27,80.0% of closes stayed inside the range | Range width 14.0% | Currently 25.3% through the range,9.7,1.56,,23.75,10.05,-6.74,467.45,,,3931.68,93177.37,-18448.55,-18771.85,17.0039,12.9871,2.0642,1.88,0.343,55006.67,86.34,Financial Services,8.0,5.0,0.0,0.0,14.0,27.0,0.79,,"Earnings contraction, Very high debt, Negative operating cash flow, Negative free cash flow",6.0,33.0,High leverage is structural for this sector,22.73,25.0,"Below 200 DMA, Very high debt, Negative operating cash flow, Negative free cash flow",0.0,Avoid,"RSI recovering, 80.0% of closes stayed inside the range | Range width 14.0% | Currently 25.3% through the range"
MANKIND,Healthcare,Drug Manufacturers - Specialty & Generic,2315.14,1.84,1241.51,3053.6,86.48,24.18,42.12,2535.17,2437.78,721549.6,635714.0,0.88,Bearish,13.0,"Weak but watchable RSI, Positive day move",-6.61,-13.14,-3.98,-4.45,-8.36,-9.56,-2.16,-4.78,5.58,0.0,,70.0,Accumulation Zone,72.75,2362.01,2857.71,20.99,0.0,80.0% of closes stayed inside the range | Range width 21.0% | Currently 0.0% through the range,,,,,,,,,,,,,,49.1833,34.567,6.1622,8.0,0.46,100486.05,70.76,Pharma / Healthcare,0.0,0.0,0.0,0.0,7.0,7.0,0.21,,,0.0,7.0,,23.78,12.0,"Below 200 DMA, Limited fundamental data coverage",0.0,Avoid,"Weak but watchable RSI, Positive day move, 80.0% of closes stayed inside the range | Range width 21.0% | Currently 0.0% through the range"
ICICIGI,Financial Services,Insurance - Diversified,1668.88,-0.9,1022.63,2270.75,63.2,26.51,39.15,1782.8,1880.38,799969.05,617116.0,0.77,Bearish,8.0,Weak but watchable RSI,-7.71,-13.3,-24.22,-4.45,-8.36,-9.56,-3.26,-4.94,-14.66,0.0,,63.19,Accumulation Zone,71.67,1714.13,2077.05,21.17,0.0,80.0% of closes stayed inside the range | Range width 21.2% | Currently 0.0% through the range,,,,,,,,,,,,,,33.8369,23.2532,4.7882,85.0,0.452,81672.71,21.54,Financial Services,0.0,0.0,0.0,0.0,11.0,11.0,0.21,,,0.0,11.0,,22.73,12.0,"Below 200 DMA, Limited fundamental data coverage",0.0,Avoid,"Weak but watchable RSI, 80.0% of closes stayed inside the range | Range width 21.2% | Currently 0.0% through the range"
JSWENERGY,Utilities,Utilities - Independent Power Producers,488.1,-1.58,200.89,799.01,142.97,38.91,50.69,514.75,646.01,5685172.1,4329758.0,0.76,Bearish,20.0,Healthy RSI momentum,-0.51,-26.39,-32.71,-4.45,-8.36,-9.56,3.94,-18.03,-23.15,0.0,,71.05,Accumulation Zone,67.72,466.15,726.75,55.9,8.42,80.0% of closes stayed inside the range | Range width 55.9% | Currently 8.4% through the range,,,,,,,,,,,,,,43.9269,32.8867,3.191,36.0,0.133,102383.84,66.89,Energy / Utilities,0.0,0.0,0.0,0.0,9.0,9.0,0.21,,,0.0,9.0,,21.97,12.0,"Below 200 DMA, Limited fundamental data coverage",0.0,Avoid,"Healthy RSI momentum, 80.0% of closes stayed inside the range | Range width 55.9% | Currently 8.4% through the range"
LT,Industrials,Engineering & Construction,3183.62,-0.47,1730.13,3888.89,84.01,18.14,44.01,3345.63,3504.34,1817098.8,930240.0,0.51,Bearish,8.0,Weak but watchable RSI,-3.22,-17.29,-9.32,-4.45,-8.36,-9.56,1.23,-8.93,0.24,0.0,,59.88,Accumulation Zone,72.41,3198.32,3718.73,16.27,0.0,80.0% of closes stayed inside the range | Range width 16.3% | Currently 0.0% through the range,,,,,,,,,,,,,,33.4443,22.303,5.06,94.0,0.508,553098.2,37.43,Capital Goods / Infra,0.0,0.0,0.0,0.0,11.0,11.0,0.21,,,0.0,11.0,,23.5,12.0,"Below 200 DMA, Limited fundamental data coverage",0.0,Avoid,"Weak but watchable RSI, 80.0% of closes stayed inside the range | Range width 16.3% | Currently 0.0% through the range"
LTM,Technology,Information Technology Services,4599.68,-2.1,3901.62,6592.7,17.89,30.23,31.53,5457.98,5584.36,356882.15,324150.0,0.91,Bearish,13.0,"Weak but watchable RSI, Near 52W low zone",-20.57,-28.23,-22.92,-4.45,-8.36,-9.56,-16.12,-19.87,-13.36,0.0,,66.67,Accumulation Zone,73.38,5330.65,6223.65,16.75,0.0,80.0% of closes stayed inside the range | Range width 16.8% | Currently 0.0% through the range,,,,,,,,,,,,,,27.0482,20.7158,5.7545,1.55,0.261,141177.8,29.77,IT / Technology,0.0,0.0,0.0,0.0,10.0,10.0,0.21,,,0.0,10.0,,21.29,12.0,"Below 200 DMA, Limited fundamental data coverage",0.0,Avoid,"Weak but watchable RSI, Near 52W low zone, 80.0% of closes stayed inside the range | Range width 16.8% | Currently 0.0% through the range"
LODHA,Real Estate,Real Estate - Development,1105.46,-2.21,352.0,1635.9,214.05,32.43,38.99,1199.1,1282.12,1477000.35,1292906.0,0.88,Bearish,8.0,Weak but watchable RSI,-7.15,-20.59,-6.73,-4.45,-8.36,-9.56,-2.7,-12.23,2.83,0.0,,55.0,Accumulation Zone,71.12,1116.92,1394.07,24.81,0.0,80.0% of closes stayed inside the range | Range width 24.8% | Currently 0.0% through the range,,,,,,,,,,,,,,29.4089,24.8976,5.1863,35.0,0.623,120770.28,43.66,Cement / Realty,0.0,0.0,0.0,0.0,11.0,11.0,0.21,,,0.0,11.0,,15.86,12.0,"Below 200 DMA, Limited fundamental data coverage",0.0,Avoid,"Weak but watchable RSI, 80.0% of closes stayed inside the range | Range width 24.8% | Currently 0.0% through the range"
MRF,Consumer Cyclical,Auto Parts,106849.14,-0.55,78177.46,150724.01,36.68,29.11,42.02,113158.87,125927.96,6370.3,4698.0,0.74,Bearish,8.0,Weak but watchable RSI,-6.07,-19.06,-19.98,-4.45,-8.36,-9.56,-1.62,-10.7,-10.42,0.0,,63.89,Accumulation Zone,71.54,109017.38,133044.63,22.04,0.0,80.0% of closes stayed inside the range | Range width 22.0% | Currently 0.0% through the range,,,,,,,,,,,,,,22.9289,19.5371,2.6445,35.0,,55467.79,35.97,Automobile,0.0,0.0,0.0,0.0,13.0,13.0,0.21,,,0.0,13.0,,23.52,12.0,"Below 200 DMA, Limited fundamental data coverage",0.0,Avoid,"Weak but watchable RSI, 80.0% of closes stayed inside the range | Range width 22.0% | Currently 0.0% through the range"
KPRMILL,Consumer Cyclical,Textile Manufacturing,859.41,-1.51,468.75,1182.39,83.34,27.32,50.82,903.41,898.92,236733.45,390382.0,1.65,Bearish,30.0,"Healthy RSI momentum, Volume expansion",-6.13,-15.08,1.58,-4.45,-8.36,-9.56,-1.68,-6.72,11.14,10.0,Positive 6M return,24.07,Accumulation Zone,75.31,845.59,1008.0,19.21,8.51,80.0% of closes stayed inside the range | Range width 19.2% | Currently 8.5% through the range,,,16.98,13.78,-74.8,-74.89,,,,,,,,40.8671,29.9392,6.5314,46.0,0.283,37290.43,37.35,Consumer Discretionary,8.0,0.0,0.0,0.0,7.0,15.0,0.5,,"Revenue contraction, Earnings contraction",0.0,15.0,,23.52,20.0,"Below 200 DMA, Revenue contraction, Earnings contraction",0.0,Avoid,"Healthy RSI momentum, Volume expansion, Positive 6M return, 80.0% of closes stayed inside the range | Range width 19.2% | Currently 8.5% through the range"
KEI,Industrials,Electrical Equipment & Parts,3220.04,-1.93,1330.3,5029.01,142.05,35.97,38.62,3860.32,4190.41,1108933.35,454725.0,0.41,Bearish,8.0,Weak but watchable RSI,-17.78,-29.22,-25.91,-4.45,-8.36,-9.56,-13.33,-20.86,-16.35,0.0,,59.88,Accumulation Zone,70.99,3548.11,4461.11,25.73,0.0,80.0% of closes stayed inside the range | Range width 25.7% | Currently 0.0% through the range,,,,,,,,,,,,,,55.0991,39.2189,8.2533,8.0,0.529,55008.58,23.88,Capital Goods / Infra,0.0,0.0,0.0,0.0,7.0,7.0,0.21,,,0.0,7.0,,23.5,15.0,"Below 200 DMA, Low volume participation, Limited fundamental data coverage",0.0,Avoid,"Weak but watchable RSI, 80.0% of closes stayed inside the range | Range width 25.7% | Currently 0.0% through the range"
IPCALAB,Healthcare,Drug Manufacturers - Specialty & Generic,1326.65,-2.13,663.43,1747.4,99.97,24.08,33.43,1502.41,1422.4,429630.55,133695.0,0.31,Bearish,8.0,Weak but watchable RSI,-12.0,-13.12,-4.91,-4.45,-8.36,-9.56,-7.55,-4.76,4.65,0.0,,70.0,Accumulation Zone,72.48,1420.82,1644.99,15.78,0.0,80.0% of closes stayed inside the range | Range width 15.8% | Currently 0.0% through the range,,,,,,,,,,,,,,39.3189,26.9068,5.5581,34.0,0.035,44819.39,67.23,Pharma / Healthcare,0.0,0.0,0.0,0.0,9.0,9.0,0.21,,,0.0,9.0,,23.78,15.0,"Below 200 DMA, Low volume participation, Limited fundamental data coverage",0.0,Avoid,"Weak but watchable RSI, 80.0% of closes stayed inside the range | Range width 15.8% | Currently 0.0% through the range"
IRFC,Financial Services,Credit Services,120.34,2.35,18.59,221.22,547.21,45.6,46.8,131.14,154.55,23505877.95,31222210.0,1.33,Bearish,32.0,"RSI recovering, Volume expansion, Strong positive day move",-9.46,-21.31,-26.28,-4.45,-8.36,-9.56,-5.01,-12.95,-16.72,0.0,,63.19,Accumulation Zone,75.89,121.1,153.38,26.66,0.0,80.0% of closes stayed inside the range | Range width 26.7% | Currently 0.0% through the range,,,,,,,781.09,24794.68,,23.64,406528.03,-14879.93,-14880.11,16.0765,12.0904,2.0307,3.3,0.33,115342.64,100.0,Financial Services,0.0,0.0,5.0,0.0,15.0,20.0,0.5,,"Very high debt, Negative operating cash flow, Negative free cash flow",6.0,26.0,High leverage is structural for this sector,22.73,25.0,"Below 200 DMA, Very high debt, Negative operating cash flow, Negative free cash flow",0.0,Avoid,"RSI recovering, Volume expansion, Strong positive day move, 80.0% of closes stayed inside the range | Range width 26.7% | Currently 0.0% through the range"
ADANIENSOL,Utilities,Utilities - Independent Power Producers,747.6,1.96,588.0,4236.75,27.14,82.35,58.67,744.95,921.11,2058926.25,2622387.0,1.27,Bullish,45.0,"Above 50 DMA, Healthy RSI momentum, Normal volume support, Positive day move",-3.3,-4.71,-25.76,-4.45,-8.36,-9.56,1.15,3.65,-16.2,0.0,,71.05,Accumulation Zone,72.02,676.53,1010.68,49.39,21.27,80.0% of closes stayed inside the range | Range width 49.4% | Currently 21.3% through the range,,,,,,,,,,,,,,66.6528,44.2264,7.5542,,0.679,195550.42,43.66,Energy / Utilities,0.0,0.0,0.0,0.0,3.0,3.0,0.14,,,0.0,3.0,,21.97,17.0,"Below 200 DMA, Far from 52W high, Limited fundamental data coverage",0.0,Avoid,"Above 50 DMA, Healthy RSI momentum, Normal volume support, Positive day move, 80.0% of closes stayed inside the range | Range width 49.4% | Currently 21.3% through the range"
ADANIENT,Energy,Thermal Coal,2245.38,-0.24,1015.6,4182.39,121.09,46.31,51.94,2315.82,2799.08,1530307.05,818806.0,0.54,Bearish,20.0,Healthy RSI momentum,-2.81,-8.9,-24.18,-4.45,-8.36,-9.56,1.64,-0.54,-14.62,0.0,,64.29,Accumulation Zone,70.86,2214.55,3098.54,39.92,3.49,80.0% of closes stayed inside the range | Range width 39.9% | Currently 3.5% through the range,,,,,,,,,,,,,,52.0792,44.307,4.7693,4.0,0.808,424857.17,43.31,Metals / Mining,0.0,0.0,0.0,0.0,9.0,9.0,0.21,,,0.0,9.0,,25.49,12.0,"Below 200 DMA, Limited fundamental data coverage",0.0,Avoid,"Healthy RSI momentum, 80.0% of closes stayed inside the range | Range width 39.9% | Currently 3.5% through the range"
AJANTPHARM,Healthcare,Drug Manufacturers - Specialty & Generic,2511.41,-0.25,1045.69,3384.33,140.17,25.79,45.6,2680.59,2736.22,229482.9,75484.0,0.33,Bearish,12.0,RSI recovering,-5.04,-9.26,-21.56,-4.45,-8.36,-9.56,-0.59,-0.9,-12.0,0.0,,70.0,Accumulation Zone,72.05,2532.03,3146.28,24.26,0.0,80.0% of closes stayed inside the range | Range width 24.3% | Currently 0.0% through the range,,,,,,,,,,,,,,38.9849,30.3719,9.7708,1.82,0.216,44239.7,78.61,Pharma / Healthcare,0.0,0.0,0.0,0.0,6.0,6.0,0.21,,,0.0,6.0,,23.78,15.0,"Below 200 DMA, Low volume participation, Limited fundamental data coverage",0.0,Avoid,"RSI recovering, 80.0% of closes stayed inside the range | Range width 24.3% | Currently 0.0% through the range"
TIINDIA,Industrials,Conglomerates,2696.66,1.95,2024.31,4798.42,33.21,43.8,44.31,3065.56,3774.06,391774.75,273725.0,0.7,Bearish,13.0,"Weak but watchable RSI, Positive day move",-8.85,-26.9,-30.62,-4.45,-8.36,-9.56,-4.4,-18.54,-21.06,0.0,,59.88,Accumulation Zone,66.41,2691.14,4383.53,62.89,0.33,80.0% of closes stayed inside the range | Range width 62.9% | Currently 0.3% through the range,,,7.78,4.14,-71.34,-83.95,,,,,,,,86.5549,37.3799,7.089,16.0,-0.3,54955.18,31.7,Capital Goods / Infra,0.0,0.0,0.0,0.0,5.0,5.0,0.5,,"Revenue contraction, Earnings contraction, Very high PE",0.0,5.0,,23.5,20.0,"Below 200 DMA, Revenue contraction, Earnings contraction",0.0,Avoid,"Weak but watchable RSI, Positive day move, 80.0% of closes stayed inside the range | Range width 62.9% | Currently 0.3% through the range"
AUROPHARMA,Healthcare,Drug Manufacturers - Specialty & Generic,1093.3,-1.53,391.5,1586.05,179.25,31.07,43.98,1173.93,1314.52,995610.15,886545.0,0.89,Bearish,8.0,Weak but watchable RSI,-7.92,-11.29,-27.73,-4.45,-8.36,-9.56,-3.47,-2.93,-18.17,0.0,,70.0,Accumulation Zone,70.18,1126.53,1477.22,31.13,0.0,80.0% of closes stayed inside the range | Range width 31.1% | Currently 0.0% through the range,,,,,,,,,,,,,,25.9052,18.0068,2.5552,24.0,0.022,95915.5,58.85,Pharma / Healthcare,0.0,0.0,0.0,0.0,13.0,13.0,0.21,,,0.0,13.0,,23.78,12.0,"Below 200 DMA, Limited fundamental data coverage",0.0,Avoid,"Weak but watchable RSI, 80.0% of closes stayed inside the range | Range width 31.1% | Currently 0.0% through the range"
GRASIM,Basic Materials,Building Materials,2391.08,0.57,1496.78,2847.47,59.75,16.03,47.57,2413.72,2567.18,692396.0,317388.0,0.46,Bearish,17.0,"RSI recovering, Positive day move",-3.67,-9.34,-11.18,-4.45,-8.36,-9.56,0.78,-0.98,-1.62,0.0,,76.32,Accumulation Zone,73.91,2375.23,2709.46,14.07,4.74,80.0% of closes stayed inside the range | Range width 14.1% | Currently 4.7% through the range,,,7.63,2.32,-72.7,-85.42,,,,,,,,45.2565,22.5144,2.1683,30.0,0.355,224352.46,55.8,Cement / Realty,0.0,0.0,0.0,0.0,11.0,11.0,0.5,,"Revenue contraction, Earnings contraction",0.0,11.0,,31.17,23.0,"Below 200 DMA, Low volume participation, Revenue contraction, Earnings contraction",0.0,Avoid,"RSI recovering, Positive day move, 80.0% of closes stayed inside the range | Range width 14.1% | Currently 4.7% through the range"
GODREJCP,Consumer Defensive,Household & Personal Products,1017.21,1.46,754.09,1488.38,34.89,31.66,47.19,1067.33,1240.21,1254724.9,607186.0,0.48,Bearish,17.0,"RSI recovering, Positive day move",-6.64,-7.42,-29.38,-4.45,-8.36,-9.56,-2.19,0.94,-19.82,0.0,,62.5,Accumulation Zone,72.66,1024.45,1302.86,27.18,0.0,80.0% of closes stayed inside the range | Range width 27.2% | Currently 0.0% through the range,-4.45,-3.03,20.38,-4.01,5.87,-132.93,25.58,0.99,0.77,402.78,3222.21,2069.95,1762.76,54.9517,33.3113,7.3619,1.95,0.368,93120.75,49.72,FMCG / Consumer,5.0,2.0,7.0,17.0,6.0,37.0,1.0,,"Negative net margin, Earnings contraction",3.0,40.0,"Low debt, typical of a healthy consumer business",19.47,26.0,"Below 200 DMA, Low volume participation, Negative net margin, Earnings contraction",0.0,Avoid,"RSI recovering, Positive day move, 80.0% of closes stayed inside the range | Range width 27.2% | Currently 0.0% through the range"
GLENMARK,Healthcare,Drug Manufacturers - Specialty & Generic,1400.96,0.55,356.64,1826.47,292.82,23.3,51.94,1455.26,1494.87,707839.55,343691.0,0.49,Bearish,25.0,"Healthy RSI momentum, Positive day move",-6.36,-8.96,-17.47,-4.45,-8.36,-9.56,-1.91,-0.6,-7.91,0.0,,70.0,Accumulation Zone,74.09,1383.74,1709.64,23.55,5.29,80.0% of closes stayed inside the range | Range width 23.6% | Currently 5.3% through the range,-19.13,-10.46,5.42,-12.91,1.78,-605.2,15.68,1.28,0.84,1658.27,1230.93,-265.44,-1163.82,35.9328,23.447,6.1481,33.0,0.248,64629.45,71.94,Pharma / Healthcare,0.0,0.0,14.0,0.0,7.0,21.0,1.0,Cash covers debt,"Negative net margin, Earnings contraction, Negative operating cash flow, Negative free cash flow",2.0,23.0,General low-debt support,23.78,35.0,"Below 200 DMA, Low volume participation, Negative net margin, Earnings contraction, Negative operating cash flow, Negative free cash flow",0.0,Avoid,"Healthy RSI momentum, Positive day move, Cash covers debt, 80.0% of closes stayed inside the range | Range width 23.6% | Currently 5.3% through the range"
OFSS,Technology,Software - Infrastructure,7020.88,-3.27,2435.42,12262.5,188.28,42.75,25.18,9016.74,9795.09,129431.15,307003.0,2.37,Bearish,19.0,"Oversold RSI, Strong volume expansion",-18.38,-38.19,-30.7,-4.45,-8.36,-9.56,-13.93,-29.83,-21.14,0.0,,66.67,Breakdown Risk,35.0,8153.11,11530.77,41.43,0.0,80.0% of closes stayed inside the range | Range width 41.4% | Currently 0.0% through the range | Below lower band on elevated volume,,,,,,,,,,,,,,30.3951,25.7616,14.6798,5.59,0.496,101695.49,58.6,IT / Technology,0.0,0.0,0.0,0.0,9.0,9.0,0.21,,,0.0,9.0,,21.29,12.0,"Below 200 DMA, Limited fundamental data coverage",0.0,Avoid,"Oversold RSI, Strong volume expansion, 80.0% of closes stayed inside the range | Range width 41.4% | Currently 0.0% through the range | Below lower band on elevated volume"
POLICYBZR,Financial Services,Insurance Brokers,1397.8,-0.63,356.2,2246.9,292.42,37.79,31.27,1705.87,1657.33,1901853.1,906953.0,0.48,Bearish,8.0,Weak but watchable RSI,-17.86,-35.66,-19.72,-4.45,-8.36,-9.56,-13.41,-27.3,-10.16,0.0,,63.19,Accumulation Zone,69.2,1537.98,2116.68,37.63,0.0,80.0% of closes stayed inside the range | Range width 37.6% | Currently 0.0% through the range,,,,,,,,,,,,,,107.8784,51.9191,10.9914,,0.375,80349.11,64.25,Financial Services,0.0,0.0,0.0,0.0,3.0,3.0,0.14,,Very high PE,-4.0,0.0,Expensive relative to book value for this sector,22.73,15.0,"Below 200 DMA, Low volume participation, Limited fundamental data coverage",0.0,Avoid,"Weak but watchable RSI, 80.0% of closes stayed inside the range | Range width 37.6% | Currently 0.0% through the range"
NAM-INDIA,Financial Services,Asset Management,511.45,-1.3,177.32,789.24,188.44,35.2,41.05,586.76,630.56,1025332.7,1307707.0,1.28,Bearish,13.0,"Weak but watchable RSI, Normal volume support",-12.6,-34.37,-20.44,-4.45,-8.36,-9.56,-8.15,-26.01,-10.88,0.0,,63.19,Accumulation Zone,69.91,518.52,725.34,39.89,0.0,80.0% of closes stayed inside the range | Range width 39.9% | Currently 0.0% through the range,,,,,,,,,,,,,,46.7312,35.4773,16.1928,1.84,0.634,75633.87,83.17,Financial Services,0.0,0.0,0.0,0.0,6.0,6.0,0.21,,,-4.0,2.0,Expensive relative to book value for this sector,22.73,12.0,"Below 200 DMA, Limited fundamental data coverage",0.0,Avoid,"Weak but watchable RSI, Normal volume support, 80.0% of closes stayed inside the range | Range width 39.9% | Currently 0.0% through the range"
HDFCAMC,Financial Services,Asset Management,1841.51,-0.2,732.04,2336.1,151.56,21.17,51.26,1870.41,1994.13,863502.2,712230.0,0.82,Bearish,20.0,Healthy RSI momentum,-2.58,-13.96,-12.89,-4.45,-8.36,-9.56,1.87,-5.6,-3.33,0.0,,63.19,Accumulation Zone,73.01,1807.94,2161.37,19.55,9.5,80.0% of closes stayed inside the range | Range width 19.5% | Currently 9.5% through the range,,,,,,,,,,,,,,36.6284,28.3148,11.5587,2.15,0.554,106767.91,88.85,Financial Services,0.0,0.0,0.0,0.0,7.0,7.0,0.21,,,-4.0,3.0,Expensive relative to book value for this sector,22.73,12.0,"Below 200 DMA, Limited fundamental data coverage",0.0,Avoid,"Healthy RSI momentum, 80.0% of closes stayed inside the range | Range width 19.5% | Currently 9.5% through the range"
ASTRAL,Industrials,Building Products & Equipment,1326.97,0.15,1276.73,2438.47,3.93,45.58,36.52,1458.29,1850.0,491918.75,333456.0,0.68,Bearish,21.0,"Weak but watchable RSI, Near 52W low with stable RSI, Positive day move",-9.88,-27.85,-30.41,-4.45,-8.36,-9.56,-5.43,-19.49,-20.85,0.0,,59.88,Accumulation Zone,72.01,1382.09,1894.83,37.1,0.0,80.0% of closes stayed inside the range | Range width 37.1% | Currently 0.0% through the range,,,11.2,8.17,-75.18,-79.11,,,,,,,,73.3834,43.7432,9.6923,28.0,0.166,39330.39,39.36,Capital Goods / Infra,6.0,0.0,0.0,0.0,5.0,11.0,0.5,,"Revenue contraction, Earnings contraction",0.0,11.0,,23.5,20.0,"Below 200 DMA, Revenue contraction, Earnings contraction",0.0,Avoid,"Weak but watchable RSI, Near 52W low with stable RSI, Positive day move, 80.0% of closes stayed inside the range | Range width 37.1% | Currently 0.0% through the range"
DRREDDY,Healthcare,Drug Manufacturers - Specialty & Generic,1119.01,-0.6,778.62,1403.63,43.72,20.28,35.06,1226.69,1265.45,2389017.75,790599.0,0.33,Bearish,8.0,Weak but watchable RSI,-8.36,-8.63,-14.87,-4.45,-8.36,-9.56,-3.91,-0.27,-5.31,0.0,,70.0,Accumulation Zone,72.68,1165.35,1333.44,14.42,0.0,80.0% of closes stayed inside the range | Range width 14.4% | Currently 0.0% through the range,,,,,,,,,,,,,,30.1735,20.2046,2.607,66.0,0.242,99960.01,50.18,Pharma / Healthcare,0.0,0.0,0.0,0.0,13.0,13.0,0.21,,,0.0,13.0,,23.78,15.0,"Below 200 DMA, Low volume participation, Limited fundamental data coverage",0.0,Avoid,"Weak but watchable RSI, 80.0% of closes stayed inside the range | Range width 14.4% | Currently 0.0% through the range"
DELHIVERY,Industrials,Integrated Freight & Logistics,255.45,-2.12,243.6,608.7,4.86,58.03,34.49,306.12,369.18,3543035.0,1203015.0,0.34,Bearish,16.0,"Weak but watchable RSI, Near 52W low with stable RSI",-20.66,-32.88,-37.52,-4.45,-8.36,-9.56,-16.21,-24.52,-27.96,0.0,,59.88,Accumulation Zone,68.64,273.31,417.09,52.61,0.0,80.0% of closes stayed inside the range | Range width 52.6% | Currently 0.0% through the range,,,,,,,,,,,,,,385.4508,42.6924,3.6232,,0.174,35229.57,84.92,Capital Goods / Infra,0.0,0.0,0.0,0.0,5.0,5.0,0.14,,Very high PE,0.0,5.0,,23.5,15.0,"Below 200 DMA, Low volume participation, Limited fundamental data coverage",0.0,Avoid,"Weak but watchable RSI, Near 52W low with stable RSI, 80.0% of closes stayed inside the range | Range width 52.6% | Currently 0.0% through the range"
GMRAIRPORT,Industrials,Airports & Air Services,72.82,-1.21,33.35,103.75,118.35,29.81,52.96,73.29,85.46,11684106.8,7258727.0,0.62,Bearish,20.0,Healthy RSI momentum,-2.49,-14.46,-19.88,-4.45,-8.36,-9.56,1.96,-6.1,-10.32,0.0,,59.88,Accumulation Zone,72.0,71.03,89.58,26.11,9.63,80.0% of closes stayed inside the range | Range width 26.1% | Currently 9.6% through the range,,,,,,,,,,,,,,804.2308,72.0701,-43.9655,,0.573,110394.09,57.86,Capital Goods / Infra,0.0,0.0,0.0,0.0,5.0,5.0,0.14,,Very high PE,0.0,5.0,,23.5,12.0,"Below 200 DMA, Limited fundamental data coverage",0.0,Avoid,"Healthy RSI momentum, 80.0% of closes stayed inside the range | Range width 26.1% | Currently 9.6% through the range"
POLYCAB,Industrials,Electrical Equipment & Parts,5011.49,-0.26,2262.97,7526.97,121.46,33.42,37.82,5964.71,6558.58,1181519.15,370527.0,0.31,Bearish,8.0,Weak but watchable RSI,-13.58,-31.97,-24.02,-4.45,-8.36,-9.56,-9.13,-23.61,-14.46,0.0,,59.88,Accumulation Zone,69.97,5537.77,7336.53,32.48,0.0,80.0% of closes stayed inside the range | Range width 32.5% | Currently 0.0% through the range,,,,,,,,,,,,-451.86,-708.37,48.941,36.4857,11.5631,52.0,0.636,139924.9,24.48,Capital Goods / Infra,0.0,0.0,0.0,0.0,7.0,7.0,0.36,,"Negative operating cash flow, Negative free cash flow",0.0,7.0,,23.5,24.0,"Below 200 DMA, Low volume participation, Negative operating cash flow, Negative free cash flow, Limited fundamental data coverage",0.0,Avoid,"Weak but watchable RSI, 80.0% of closes stayed inside the range | Range width 32.5% | Currently 0.0% through the range"
POONAWALLA,Financial Services,Credit Services,288.45,0.77,240.66,517.51,19.86,44.26,46.14,304.42,365.78,1757285.1,973843.0,0.55,Bearish,22.0,"RSI recovering, Near 52W low zone, Positive day move",-9.49,-19.63,-24.14,-4.45,-8.36,-9.56,-5.04,-11.27,-14.58,0.0,,63.19,Accumulation Zone,72.45,290.16,393.46,35.6,0.0,80.0% of closes stayed inside the range | Range width 35.6% | Currently 0.0% through the range,,,,,,,,,,,,,,50.6911,19.7165,3.7798,,0.318,42391.77,99.87,Financial Services,0.0,0.0,0.0,0.0,7.0,7.0,0.14,,,0.0,7.0,,22.73,12.0,"Below 200 DMA, Limited fundamental data coverage",0.0,Avoid,"RSI recovering, Near 52W low zone, Positive day move, 80.0% of closes stayed inside the range | Range width 35.6% | Currently 0.0% through the range"
FACT,Basic Materials,Agricultural Inputs,658.94,0.04,103.66,1185.35,535.69,44.41,29.98,853.21,911.37,691498.4,468282.0,0.68,Bearish,9.0,"Oversold RSI, Positive day move",-27.16,-35.58,-32.27,-4.45,-8.36,-9.56,-22.71,-27.22,-22.71,0.0,,76.32,Accumulation Zone,69.91,745.4,1001.19,34.32,0.0,80.0% of closes stayed inside the range | Range width 34.3% | Currently 0.0% through the range,,,2.05,0.84,-67.7,-93.76,,,,,,,,,,38.5634,5.0,,53030.78,47.47,General,0.0,0.0,0.0,0.0,2.0,2.0,0.43,,"Revenue contraction, Earnings contraction",0.0,2.0,,31.17,24.0,"Below 200 DMA, Revenue contraction, Earnings contraction, Limited fundamental data coverage",0.0,Avoid,"Oversold RSI, Positive day move, 80.0% of closes stayed inside the range | Range width 34.3% | Currently 0.0% through the range"
GAIL,Utilities,Utilities - Regulated Gas,152.48,-2.06,72.05,228.83,111.62,33.37,42.72,162.41,191.4,13352778.0,12554271.0,0.94,Bearish,8.0,Weak but watchable RSI,-8.01,-20.92,-24.63,-4.45,-8.36,-9.56,-3.56,-12.56,-15.07,0.0,,71.05,Accumulation Zone,69.71,155.64,208.89,34.21,0.0,80.0% of closes stayed inside the range | Range width 34.2% | Currently 0.0% through the range,,,,,,,,,,,,,,11.6689,9.7283,1.3128,3.14,0.515,117003.53,18.75,Energy / Utilities,0.0,0.0,0.0,0.0,15.0,15.0,0.21,,,0.0,15.0,,21.97,12.0,"Below 200 DMA, Limited fundamental data coverage",0.0,Avoid,"Weak but watchable RSI, 80.0% of closes stayed inside the range | Range width 34.2% | Currently 0.0% through the range"
PHOENIXLTD,Real Estate,Real Estate - Diversified,1557.65,-0.98,589.78,2062.23,164.11,24.47,46.84,1594.64,1684.77,681502.75,515001.0,0.76,Bearish,12.0,RSI recovering,-3.43,-16.29,-10.79,-4.45,-8.36,-9.56,1.02,-7.93,-1.23,0.0,,55.0,Accumulation Zone,69.7,1497.91,1794.98,19.83,20.11,80.0% of closes stayed inside the range | Range width 19.8% | Currently 20.1% through the range,,,,,,,,,,,,,,52.0776,38.1787,6.199,13.0,0.324,68134.93,93.68,Cement / Realty,0.0,0.0,0.0,0.0,7.0,7.0,0.21,,,0.0,7.0,,15.86,12.0,"Below 200 DMA, Limited fundamental data coverage",0.0,Avoid,"RSI recovering, 80.0% of closes stayed inside the range | Range width 19.8% | Currently 20.1% through the range"
PAGEIND,Consumer Cyclical,Apparel Manufacturing,39337.73,-1.3,31839.03,51744.07,23.55,23.98,35.34,43512.9,41744.14,28979.25,18542.0,0.64,Bearish,13.0,"Weak but watchable RSI, Near 52W low zone",-8.6,-14.09,0.28,-4.45,-8.36,-9.56,-4.15,-5.73,9.84,10.0,Positive 6M return,24.07,Accumulation Zone,73.48,40410.71,46908.87,16.08,0.0,80.0% of closes stayed inside the range | Range width 16.1% | Currently 0.0% through the range,,,,,,,,,,,,,,55.968,41.7449,28.4266,1.56,0.052,42713.76,58.47,Consumer Discretionary,0.0,0.0,0.0,0.0,6.0,6.0,0.21,,,0.0,6.0,,23.52,12.0,"Below 200 DMA, Limited fundamental data coverage",0.0,Avoid,"Weak but watchable RSI, Near 52W low zone, Positive 6M return, 80.0% of closes stayed inside the range | Range width 16.1% | Currently 0.0% through the range"
PERSISTENT,Technology,Information Technology Services,5227.63,-0.46,1500.77,6700.89,248.33,21.99,37.57,5877.18,5231.97,491467.65,370208.0,0.75,Bearish,8.0,Weak but watchable RSI,-15.25,-16.53,2.47,-4.45,-8.36,-9.56,-10.8,-8.17,12.03,10.0,Positive 6M return,29.17,Accumulation Zone,71.81,5250.79,6313.61,20.24,0.0,80.0% of closes stayed inside the range | Range width 20.2% | Currently 0.0% through the range,,,,,,,,,,,,,,44.7405,30.8947,10.9263,65.0,0.082,85520.87,31.68,IT / Technology,0.0,0.0,0.0,0.0,7.0,7.0,0.21,,,0.0,7.0,,21.29,12.0,"Below 200 DMA, Limited fundamental data coverage",0.0,Avoid,"Weak but watchable RSI, Positive 6M return, 80.0% of closes stayed inside the range | Range width 20.2% | Currently 0.0% through the range"
STARHEALTH,Financial Services,Insurance - Life,366.55,-0.65,353.6,780.0,3.66,53.01,30.06,429.6,518.82,1200777.05,880191.0,0.73,Bearish,16.0,"Weak but watchable RSI, Near 52W low with stable RSI",-15.83,-20.74,-41.64,-4.45,-8.36,-9.56,-11.38,-12.38,-32.08,0.0,,63.19,Accumulation Zone,69.24,391.14,581.14,48.57,0.0,80.0% of closes stayed inside the range | Range width 48.6% | Currently 0.0% through the range,,,,,,,,,,,,,,51.433,20.1468,3.3841,,0.197,34318.63,21.95,Financial Services,0.0,0.0,0.0,0.0,7.0,7.0,0.14,,,0.0,7.0,,22.73,12.0,"Below 200 DMA, Limited fundamental data coverage",0.0,Avoid,"Weak but watchable RSI, Near 52W low with stable RSI, 80.0% of closes stayed inside the range | Range width 48.6% | Currently 0.0% through the range"
CONCOR,Industrials,Railroads,514.8,-1.1,471.37,1141.62,9.21,54.91,39.31,572.89,827.29,1439431.9,1194378.0,0.83,Bearish,16.0,"Weak but watchable RSI, Near 52W low with stable RSI",-10.08,-37.96,-43.9,-4.45,-8.36,-9.56,-5.63,-29.6,-34.34,0.0,,59.88,Accumulation Zone,67.56,541.39,864.92,59.76,0.0,80.0% of closes stayed inside the range | Range width 59.8% | Currently 0.0% through the range,,,,,,,,,,,,,,31.2607,21.9481,3.0133,1.25,0.228,38998.65,39.47,Capital Goods / Infra,0.0,0.0,0.0,0.0,10.0,10.0,0.21,,,0.0,10.0,,23.5,12.0,"Below 200 DMA, Limited fundamental data coverage",0.0,Avoid,"Weak but watchable RSI, Near 52W low with stable RSI, 80.0% of closes stayed inside the range | Range width 59.8% | Currently 0.0% through the range"
CUMMINSIND,Industrials,Specialty Industrial Machinery,2835.44,-2.49,1088.43,4032.79,160.51,29.69,53.26,2833.33,3384.09,640499.8,280406.0,0.44,Bullish,35.0,"Above 50 DMA, Healthy RSI momentum",-1.6,-17.25,-20.53,-4.45,-8.36,-9.56,2.85,-8.89,-10.97,0.0,,59.88,Accumulation Zone,73.75,2731.1,3655.8,33.86,11.28,80.0% of closes stayed inside the range | Range width 33.9% | Currently 11.3% through the range,,,,,,,,,,,,,,62.7339,45.4491,17.5475,1.23,0.546,148717.8,35.46,Capital Goods / Infra,0.0,0.0,0.0,0.0,4.0,4.0,0.21,,,0.0,4.0,,23.5,15.0,"Below 200 DMA, Low volume participation, Limited fundamental data coverage",0.0,Avoid,"Above 50 DMA, Healthy RSI momentum, 80.0% of closes stayed inside the range | Range width 33.9% | Currently 11.3% through the range"
SIEMENS,Industrials,Specialty Industrial Machinery,2982.62,-1.05,1540.11,4732.24,93.66,36.97,46.63,3277.07,3955.4,964354.45,1000990.0,1.04,Bearish,17.0,"RSI recovering, Normal volume support",-9.48,-35.06,-21.87,-4.45,-8.36,-9.56,-5.03,-26.7,-12.31,0.0,,59.88,Accumulation Zone,68.77,2967.24,4513.25,52.1,1.0,80.0% of closes stayed inside the range | Range width 52.1% | Currently 1.0% through the range,,,,,,,,,,,,,,84.7533,59.3557,10.3412,45.0,0.57,143124.83,28.2,Capital Goods / Infra,0.0,0.0,0.0,0.0,5.0,5.0,0.21,,Very high PE,0.0,5.0,,23.5,12.0,"Below 200 DMA, Limited fundamental data coverage",0.0,Avoid,"RSI recovering, Normal volume support, 80.0% of closes stayed inside the range | Range width 52.1% | Currently 1.0% through the range"
SBILIFE,Financial Services,Insurance - Life,1409.64,-0.49,1048.65,1929.64,34.42,26.95,41.04,1451.5,1572.78,1024330.35,901496.0,0.88,Bearish,8.0,Weak but watchable RSI,-3.47,-3.25,-25.63,-4.45,-8.36,-9.56,0.98,5.11,-16.07,0.0,,63.19,Accumulation Zone,70.53,1405.0,1792.94,27.61,1.2,80.0% of closes stayed inside the range | Range width 27.6% | Currently 1.2% through the range,,,,,,,,,,,,,,70.6291,52.3737,9.1193,15.0,0.366,183596.77,9.71,Financial Services,0.0,0.0,0.0,0.0,5.0,5.0,0.21,,,-4.0,1.0,Expensive relative to book value for this sector,22.73,12.0,"Below 200 DMA, Limited fundamental data coverage",0.0,Avoid,"Weak but watchable RSI, 80.0% of closes stayed inside the range | Range width 27.6% | Currently 1.2% through the range"
TATACOMM,Communication Services,Telecom Services,1351.21,-1.04,1021.76,2123.7,32.24,36.37,35.34,1539.35,1749.22,377775.9,160240.0,0.42,Bearish,8.0,Weak but watchable RSI,-12.8,-22.04,-28.14,-4.45,-8.36,-9.56,-8.35,-13.68,-18.58,0.0,,60.0,Accumulation Zone,70.04,1465.06,1934.77,32.06,0.0,80.0% of closes stayed inside the range | Range width 32.1% | Currently 0.0% through the range,,,,,,,,,,,,,,52.3267,22.1678,14.3548,100.0,0.816,49484.61,27.46,Telecom,0.0,0.0,0.0,0.0,7.0,7.0,0.21,,,0.0,7.0,,19.08,15.0,"Below 200 DMA, Low volume participation, Limited fundamental data coverage",0.0,Avoid,"Weak but watchable RSI, 80.0% of closes stayed inside the range | Range width 32.1% | Currently 0.0% through the range"
COLPAL,Consumer Defensive,Household & Personal Products,2393.17,0.9,1327.04,3733.22,80.34,35.9,42.89,2554.5,2925.42,470844.35,286553.0,0.61,Bearish,13.0,"Weak but watchable RSI, Positive day move",-7.2,-13.16,-32.27,-4.45,-8.36,-9.56,-2.75,-4.8,-22.71,0.0,,62.5,Accumulation Zone,68.84,2400.06,3529.14,47.04,0.0,80.0% of closes stayed inside the range | Range width 47.0% | Currently 0.0% through the range,,,,,,,,,,,,,,40.4887,34.0636,34.4253,2.39,0.522,54533.12,68.93,FMCG / Consumer,0.0,0.0,0.0,0.0,7.0,7.0,0.21,,,0.0,7.0,,19.47,12.0,"Below 200 DMA, Limited fundamental data coverage",0.0,Avoid,"Weak but watchable RSI, Positive day move, 80.0% of closes stayed inside the range | Range width 47.0% | Currently 0.0% through the range"
SUNDARMFIN,Financial Services,Credit Services,4381.32,-0.23,1910.96,5451.57,129.27,19.63,45.72,4450.34,4474.69,75733.65,47797.0,0.63,Bearish,12.0,RSI recovering,-4.68,0.8,-7.86,-4.45,-8.36,-9.56,-0.23,9.16,1.7,10.0,Positive 3M return,23.63,Lower Range Watch,67.56,4090.86,5002.01,22.27,31.88,80.0% of closes stayed inside the range | Range width 22.3% | Currently 31.9% through the range,12.96,2.23,,39.59,22.86,8.15,401.32,,,642.18,44459.59,-8487.63,-8570.98,22.2038,20.2032,3.3371,90.0,0.186,49304.73,89.16,Financial Services,10.0,13.0,0.0,0.0,11.0,34.0,0.79,,"Very high debt, Negative operating cash flow, Negative free cash flow",6.0,40.0,High leverage is structural for this sector,22.73,25.0,"Below 200 DMA, Very high debt, Negative operating cash flow, Negative free cash flow",0.0,Avoid,"RSI recovering, Positive 3M return, 80.0% of closes stayed inside the range | Range width 22.3% | Currently 31.9% through the range"
BHEL,Industrials,Specialty Industrial Machinery,195.91,-0.73,50.9,333.29,284.87,41.22,49.7,202.72,255.55,14324732.15,8240367.0,0.58,Bearish,12.0,RSI recovering,-3.85,-20.78,-24.84,-4.45,-8.36,-9.56,0.6,-12.42,-15.28,0.0,,59.88,Accumulation Zone,69.63,194.01,267.34,37.8,2.59,80.0% of closes stayed inside the range | Range width 37.8% | Currently 2.6% through the range,1.15,0.48,0.78,1.23,3.54,-55.73,36.24,1.37,1.08,1718.86,8856.46,-3712.9,-3945.4,60.2582,30.5233,5.5934,35.0,0.845,146246.66,31.47,Capital Goods / Infra,0.0,2.0,11.0,0.0,7.0,20.0,1.0,,"Earnings contraction, Negative operating cash flow, Negative free cash flow",0.0,20.0,,23.5,24.0,"Below 200 DMA, Earnings contraction, Negative operating cash flow, Negative free cash flow",0.0,Avoid,"RSI recovering, 80.0% of closes stayed inside the range | Range width 37.8% | Currently 2.6% through the range"
ZYDUSLIFE,Healthcare,Drug Manufacturers - Specialty & Generic,889.8,-0.73,341.92,1308.13,160.23,31.98,45.47,937.07,1029.02,1189270.65,663269.0,0.56,Bearish,12.0,RSI recovering,-10.65,-7.53,-18.42,-4.45,-8.36,-9.56,-6.2,0.83,-8.86,0.0,,70.0,Accumulation Zone,73.2,895.77,1044.52,16.61,0.0,80.0% of closes stayed inside the range | Range width 16.6% | Currently 0.0% through the range,,,19.05,19.98,-73.06,-73.48,,,,,,,,26.8374,24.5592,4.4723,8.0,0.37,120199.21,72.11,Pharma / Healthcare,11.0,0.0,0.0,0.0,11.0,22.0,0.5,,"Revenue contraction, Earnings contraction",0.0,22.0,,23.78,20.0,"Below 200 DMA, Revenue contraction, Earnings contraction",0.0,Avoid,"RSI recovering, 80.0% of closes stayed inside the range | Range width 16.6% | Currently 0.0% through the range"
CANBK,Financial Services,Banks - Regional,79.46,-0.39,36.32,117.29,118.76,32.25,42.41,86.03,97.74,22120435.9,12988687.0,0.59,Bearish,8.0,Weak but watchable RSI,-10.37,-22.48,-18.27,-4.45,-8.36,-9.56,-5.92,-14.12,-8.71,0.0,,63.19,Accumulation Zone,71.15,81.14,101.12,24.62,0.0,80.0% of closes stayed inside the range | Range width 24.6% | Currently 0.0% through the range,,,,,,,,,,,,,,5.9486,5.6696,1.0172,3.22,0.503,119732.59,0.0,Banking,0.0,0.0,0.0,0.0,15.0,15.0,0.21,,,0.0,15.0,,22.73,12.0,"Below 200 DMA, Limited fundamental data coverage",0.0,Avoid,"Weak but watchable RSI, 80.0% of closes stayed inside the range | Range width 24.6% | Currently 0.0% through the range"
BRITANNIA,Consumer Defensive,Packaged Foods,4610.05,0.97,3358.32,6281.59,37.27,26.61,44.44,4745.13,5222.08,388578.5,191644.0,0.49,Bearish,13.0,"Weak but watchable RSI, Positive day move",-4.19,-0.81,-20.06,-4.45,-8.36,-9.56,0.26,7.55,-10.5,0.0,,62.5,Accumulation Zone,71.66,4637.0,5946.12,28.23,0.0,80.0% of closes stayed inside the range | Range width 28.2% | Currently 0.0% through the range,,,,,,,,,,,,,,52.2538,43.3854,26.629,1.62,0.421,135982.19,41.42,FMCG / Consumer,0.0,0.0,0.0,0.0,6.0,6.0,0.21,,,0.0,6.0,,19.47,15.0,"Below 200 DMA, Low volume participation, Limited fundamental data coverage",0.0,Avoid,"Weak but watchable RSI, Positive day move, 80.0% of closes stayed inside the range | Range width 28.2% | Currently 0.0% through the range"
ADANIGREEN,Utilities,Utilities - Renewable,837.2,-1.03,439.1,2572.0,90.66,67.45,41.31,953.19,1500.16,6984741.7,6078435.0,0.87,Bearish,8.0,Weak but watchable RSI,-16.08,-28.85,-55.13,-4.45,-8.36,-9.56,-11.63,-20.49,-45.57,0.0,,71.05,Lower Range Watch,59.85,882.46,1808.41,104.93,0.0,80.0% of closes stayed inside the range | Range width 104.9% | Currently 0.0% through the range,,,,,,,,,,,,,,131.5202,42.438,11.3765,,1.083,219453.29,94.69,Energy / Utilities,0.0,0.0,0.0,0.0,3.0,3.0,0.14,,Very high PE,0.0,3.0,,21.97,17.0,"Below 200 DMA, Far from 52W high, Limited fundamental data coverage",0.0,Avoid,"Weak but watchable RSI, 80.0% of closes stayed inside the range | Range width 104.9% | Currently 0.0% through the range"
ATGL,Utilities,Utilities - Regulated Gas,606.76,1.9,521.49,3994.52,16.35,84.81,53.03,635.5,770.44,880813.2,828175.0,0.94,Bearish,30.0,"Healthy RSI momentum, Near 52W low zone, Positive day move",-4.33,-15.13,-25.47,-4.45,-8.36,-9.56,0.12,-6.77,-15.91,0.0,,71.05,Accumulation Zone,73.04,586.77,776.4,32.32,10.54,80.0% of closes stayed inside the range | Range width 32.3% | Currently 10.5% through the range,,,,,,,,,,,,,,116.2588,,14.9289,4.0,0.606,72625.95,28.25,Energy / Utilities,0.0,0.0,0.0,0.0,2.0,2.0,0.21,,Very high PE,0.0,2.0,,21.97,17.0,"Below 200 DMA, Far from 52W high, Limited fundamental data coverage",0.0,Avoid,"Healthy RSI momentum, Near 52W low zone, Positive day move, 80.0% of closes stayed inside the range | Range width 32.3% | Currently 10.5% through the range"
ABCAPITAL,Financial Services,Financial Conglomerates,160.85,0.8,106.65,246.9,50.82,34.85,49.27,168.04,204.32,4653068.15,6386257.0,1.37,Bearish,27.0,"RSI recovering, Volume expansion, Positive day move",-4.93,-19.63,-25.79,-4.45,-8.36,-9.56,-0.48,-11.27,-16.23,0.0,,63.19,Accumulation Zone,71.75,158.03,226.16,43.11,4.14,80.0% of closes stayed inside the range | Range width 43.1% | Currently 4.1% through the range,12.44,1.44,29.9,8.21,42.16,-30.46,410.66,,,1554.3,110128.34,-24100.5,-24502.91,26.3092,16.2013,3.1273,,0.687,112442.53,28.11,Financial Services,13.0,10.0,0.0,0.0,9.0,32.0,0.79,,"Earnings contraction, Very high debt, Negative operating cash flow, Negative free cash flow",6.0,38.0,High leverage is structural for this sector,22.73,32.0,"Below 200 DMA, Very high debt, Earnings contraction, Negative operating cash flow, Negative free cash flow",0.0,Avoid,"RSI recovering, Volume expansion, Positive day move, 80.0% of closes stayed inside the range | Range width 43.1% | Currently 4.1% through the range"
3MINDIA,Industrials,Conglomerates,26866.04,-0.65,20146.33,39386.18,33.35,31.79,50.67,27792.68,32296.08,7615.85,4144.0,0.54,Bearish,20.0,Healthy RSI momentum,-2.68,-11.36,-20.62,-4.45,-8.36,-9.56,1.77,-3.0,-11.06,0.0,,59.88,Accumulation Zone,72.55,26584.64,34136.01,28.4,3.73,80.0% of closes stayed inside the range | Range width 28.4% | Currently 3.7% through the range,,,12.85,10.44,-73.97,-80.5,,,,,,,,77.736,47.6971,22.8946,44.0,0.273,40481.03,41.86,Capital Goods / Infra,6.0,0.0,0.0,0.0,5.0,11.0,0.5,,"Revenue contraction, Earnings contraction",0.0,11.0,,23.5,20.0,"Below 200 DMA, Revenue contraction, Earnings contraction",0.0,Avoid,"Healthy RSI momentum, 80.0% of closes stayed inside the range | Range width 28.4% | Currently 3.7% through the range"
360ONE,Financial Services,Asset Management,956.52,0.69,373.47,1295.81,156.12,26.18,44.29,1053.08,1020.31,931483.95,521682.0,0.56,Bearish,13.0,"Weak but watchable RSI, Positive day move",-3.64,-18.82,-11.82,-4.45,-8.36,-9.56,0.81,-10.46,-2.26,0.0,,63.19,Accumulation Zone,71.94,961.92,1215.97,26.41,0.0,80.0% of closes stayed inside the range | Range width 26.4% | Currently 0.0% through the range,,,,,,,,,,,,,,38.533,28.3458,4.787,1.54,0.47,47239.83,72.87,Financial Services,0.0,0.0,0.0,0.0,8.0,8.0,0.21,,,0.0,8.0,,22.73,12.0,"Below 200 DMA, Limited fundamental data coverage",0.0,Avoid,"Weak but watchable RSI, Positive day move, 80.0% of closes stayed inside the range | Range width 26.4% | Currently 0.0% through the range"
