symbol,sector,industry,current_price,day_change_pct,low_52w,high_52w,distance_from_low_pct,distance_from_high_pct,rsi,sma50,sma200,avg_volume_20d,latest_volume,volume_ratio,trend,technical_score,technical_reasons,return_1m,return_3m,return_6m,nifty_return_1m,nifty_return_3m,nifty_return_6m,return_vs_nifty_1m,return_vs_nifty_3m,return_vs_nifty_6m,relative_strength_score,relative_strength_reasons,sector_rank_pct,range_status,range_score,range_low,range_high,range_width_pct,range_position_pct,range_reasons,roe,roa,operating_margin,net_profit_margin,revenue_growth,earnings_growth,debt_to_equity,current_ratio,quick_ratio,total_cash_cr,total_debt_cr,operating_cashflow_cr,free_cashflow_cr,trailing_pe,forward_pe,price_to_book,dividend_yield,beta,market_cap_cr,gross_margin,sector_bucket,profitability_score,growth_score,balance_sheet_score,cashflow_score,valuation_score,fundamental_score,fundamental_data_coverage,fundamental_reasons,fundamental_risk_reasons,sector_adjustment,sector_adjusted_fundamental_score,sector_adjustment_reasons,sector_score,risk_penalty,risk_reasons,final_score,score_band,reasons
CUMMINSIND,Industrials,Specialty Industrial Machinery,3928.78,2.69,1088.43,4032.79,260.96,2.58,63.17,3524.51,2458.14,982471.25,1127996.0,1.15,Bullish,75.0,"Above 50 DMA, Above 200 DMA, Healthy RSI momentum, Near 52W high momentum, Normal volume support, Strong positive day move",19.39,33.76,110.86,7.43,8.23,11.59,11.96,25.53,99.27,100.0,"Strong 1M absolute return, Strong 3M absolute return, Strong 6M absolute return, 1M Nifty outperformance, 3M Nifty outperformance, 6M Nifty outperformance, Positive across 1M/3M/6M",22.94,Profit Booking Zone,77.08,2070.76,3704.74,78.91,100.0,80.0% of closes stayed inside the range | Range width 78.9% | Currently 100.0% through the range,26.02,19.18,18.19,19.42,15.95,40.1,1.92,2.89,2.43,299.89,126.98,1285.34,997.16,62.7339,45.4491,17.5475,1.23,0.546,148717.8,35.46,Capital Goods / Infra,24.0,18.0,20.0,17.0,4.0,83.0,1.0,"Strong ROE, Cash covers debt",,5.0,88.0,Strong order-book-driven revenue growth,68.32,0.0,,84.8,High Conviction,"Above 50 DMA, Above 200 DMA, Healthy RSI momentum, Near 52W high momentum, Normal volume support, Strong positive day move, Strong ROE, Cash covers debt, Strong 1M absolute return, Strong 3M absolute return, Strong 6M absolute return, 1M Nifty outperformance, 3M Nifty outperformance, 6M Nifty outperformance, Positive across 1M/3M/6M, 80.0% of closes stayed inside the range | Range width 78.9% | Currently 100.0% through the range"
HONAUT,Industrials,Electrical Equipment & Parts,58192.8,3.76,34012.96,59548.55,71.09,2.28,67.33,51111.37,41148.53,10455.8,22289.0,2.13,Bullish,85.0,"Above 50 DMA, Above 200 DMA, Healthy RSI momentum, Near 52W high momentum, Strong volume expansion, Strong positive day move",15.7,47.58,58.75,7.43,8.23,11.59,8.27,39.35,47.16,100.0,"Strong 1M absolute return, Strong 3M absolute return, Strong 6M absolute return, 1M Nifty outperformance, 3M Nifty outperformance, 6M Nifty outperformance, Positive across 1M/3M/6M",22.94,Breakout Watch,83.67,37010.19,55147.14,49.01,100.0,80.0% of closes stayed inside the range | Range width 49.0% | Currently 100.0% through the range | Above upper band on elevated volume,13.9,10.24,13.78,12.37,18.15,14.47,1.65,3.72,3.59,2822.4,59.6,438.7,406.7,60.9754,45.3198,7.4533,29.0,0.513,33283.77,38.95,Capital Goods / Infra,16.0,13.0,20.0,17.0,5.0,71.0,1.0,Cash covers debt,,5.0,76.0,Strong order-book-driven revenue growth,68.32,0.0,,83.1,High Conviction,"Above 50 DMA, Above 200 DMA, Healthy RSI momentum, Near 52W high momentum, Strong volume expansion, Strong positive day move, Cash covers debt, Strong 1M absolute return, Strong 3M absolute return, Strong 6M absolute return, 1M Nifty outperformance, 3M Nifty outperformance, 6M Nifty outperformance, Positive across 1M/3M/6M, 80.0% of closes stayed inside the range | Range width 49.0% | Currently 100.0% through the range | Above upper band on elevated volume"
MAZDOCK,Industrials,Aerospace & Defense,2748.34,19.23,144.32,2766.03,1804.36,0.64,82.38,1551.9,1166.09,12835676.8,41791776.0,3.26,Bullish,72.0,"Above 50 DMA, Above 200 DMA, Strong but overbought RSI, Near 52W high momentum, Strong volume expansion, Strong positive day move",99.61,179.9,144.51,7.43,8.23,11.59,92.18,171.67,132.92,100.0,"Strong 1M absolute return, Strong 3M absolute return, Strong 6M absolute return, 1M Nifty outperformance, 3M Nifty outperformance, 6M Nifty outperformance, Positive across 1M/3M/6M",22.94,Breakout Watch,74.03,984.23,1919.63,95.04,100.0,80.0% of closes stayed inside the range | Range width 95.0% | Currently 100.0% through the range | Above upper band on elevated volume,31.02,6.58,14.76,21.36,19.57,73.09,0.27,1.14,0.89,5218.48,16.55,683.75,673.74,38.4627,32.1624,10.5529,82.0,0.624,102942.58,32.58,Capital Goods / Infra,19.0,18.0,14.0,17.0,7.0,75.0,1.0,"Strong ROE, Cash covers debt",,5.0,80.0,Strong order-book-driven revenue growth,68.32,0.0,,81.25,High Conviction,"Above 50 DMA, Above 200 DMA, Strong but overbought RSI, Near 52W high momentum, Strong volume expansion, Strong positive day move, Strong ROE, Cash covers debt, Strong 1M absolute return, Strong 3M absolute return, Strong 6M absolute return, 1M Nifty outperformance, 3M Nifty outperformance, 6M Nifty outperformance, Positive across 1M/3M/6M, 80.0% of closes stayed inside the range | Range width 95.0% | Currently 100.0% through the range | Above upper band on elevated volume"
BDL,Industrials,Aerospace & Defense,1670.26,3.07,383.25,1701.11,335.82,1.81,68.92,1310.9,861.88,4107229.4,9184976.0,2.24,Bullish,85.0,"Above 50 DMA, Above 200 DMA, Healthy RSI momentum, Near 52W high momentum, Strong volume expansion, Strong positive day move",29.01,92.72,99.39,7.43,8.23,11.59,21.58,84.49,87.8,100.0,"Strong 1M absolute return, Strong 3M absolute return, Strong 6M absolute return, 1M Nifty outperformance, 3M Nifty outperformance, 6M Nifty outperformance, Positive across 1M/3M/6M",22.94,Breakout Watch,78.0,827.44,1545.38,86.77,100.0,80.0% of closes stayed inside the range | Range width 86.8% | Currently 100.0% through the range | Above upper band on elevated volume,16.85,5.93,19.93,25.98,-4.86,73.98,0.1,3.07,2.41,593.84,3.74,411.72,330.83,113.6556,43.4794,11.5734,39.0,0.326,49119.37,49.94,Capital Goods / Infra,17.0,10.0,20.0,17.0,5.0,69.0,1.0,Cash covers debt,"Revenue contraction, Very high PE",0.0,69.0,,68.32,0.0,,80.65,High Conviction,"Above 50 DMA, Above 200 DMA, Healthy RSI momentum, Near 52W high momentum, Strong volume expansion, Strong positive day move, Cash covers debt, Strong 1M absolute return, Strong 3M absolute return, Strong 6M absolute return, 1M Nifty outperformance, 3M Nifty outperformance, 6M Nifty outperformance, Positive across 1M/3M/6M, 80.0% of closes stayed inside the range | Range width 86.8% | Currently 100.0% through the range | Above upper band on elevated volume"
GODFRYPHLP,Consumer Defensive,Tobacco,1393.03,1.6,328.0,1435.8,324.7,2.98,62.9,1214.85,882.11,330424.5,371172.0,1.12,Bullish,70.0,"Above 50 DMA, Above 200 DMA, Healthy RSI momentum, Near 52W high momentum, Normal volume support, Positive day move",18.99,29.96,108.09,7.43,8.23,11.59,11.56,21.73,96.5,100.0,"Strong 1M absolute return, Strong 3M absolute return, Strong 6M absolute return, 1M Nifty outperformance, 3M Nifty outperformance, 6M Nifty outperformance, Positive across 1M/3M/6M",4.35,Profit Booking Zone,75.13,714.25,1320.94,84.94,100.0,80.0% of closes stayed inside the range | Range width 84.9% | Currently 100.0% through the range,20.87,15.11,19.85,22.25,12.42,27.89,8.13,1.66,0.47,10.46,344.04,290.24,190.13,25.0856,19.6164,5.5211,2.25,0.33,34300.39,43.61,FMCG / Consumer,22.0,15.0,13.0,17.0,11.0,78.0,1.0,Strong ROE,,8.0,86.0,"Strong ROE for a consumer staples business, Low debt, typical of a healthy consumer business",53.06,0.0,,80.56,High Conviction,"Above 50 DMA, Above 200 DMA, Healthy RSI momentum, Near 52W high momentum, Normal volume support, Positive day move, Strong ROE, Strong 1M absolute return, Strong 3M absolute return, Strong 6M absolute return, 1M Nifty outperformance, 3M Nifty outperformance, 6M Nifty outperformance, Positive across 1M/3M/6M, 80.0% of closes stayed inside the range | Range width 84.9% | Currently 100.0% through the range"
KEI,Industrials,Electrical Equipment & Parts,4675.86,3.94,1330.3,5029.01,251.49,7.02,61.41,4219.53,3318.33,360590.75,279099.0,0.77,Bullish,70.0,"Above 50 DMA, Above 200 DMA, Healthy RSI momentum, Near 52W high momentum, Strong positive day move",14.59,33.66,42.73,7.43,8.23,11.59,7.16,25.43,31.14,100.0,"Strong 1M absolute return, Strong 3M absolute return, Strong 6M absolute return, 1M Nifty outperformance, 3M Nifty outperformance, 6M Nifty outperformance, Positive across 1M/3M/6M",22.94,Profit Booking Zone,81.5,3139.64,4472.89,42.47,100.0,80.0% of closes stayed inside the range | Range width 42.5% | Currently 100.0% through the range,18.45,12.47,9.9,7.23,17.29,21.66,5.28,2.58,1.65,665.04,166.23,610.5,210.01,55.0991,39.2189,8.2533,8.0,0.529,55008.58,23.88,Capital Goods / Infra,14.0,16.0,20.0,17.0,7.0,74.0,1.0,"Strong ROE, Cash covers debt",,5.0,79.0,Strong order-book-driven revenue growth,68.32,0.0,,80.4,High Conviction,"Above 50 DMA, Above 200 DMA, Healthy RSI momentum, Near 52W high momentum, Strong positive day move, Strong ROE, Cash covers debt, Strong 1M absolute return, Strong 3M absolute return, Strong 6M absolute return, 1M Nifty outperformance, 3M Nifty outperformance, 6M Nifty outperformance, Positive across 1M/3M/6M, 80.0% of closes stayed inside the range | Range width 42.5% | Currently 100.0% through the range"
SIEMENS,Industrials,Specialty Industrial Machinery,4579.16,0.82,1540.11,4626.89,197.33,1.03,64.37,4025.63,2814.61,785216.1,482014.0,0.61,Bullish,65.0,"Above 50 DMA, Above 200 DMA, Healthy RSI momentum, Near 52W high momentum, Positive day move",20.51,41.06,99.46,7.43,8.23,11.59,13.08,32.83,87.87,100.0,"Strong 1M absolute return, Strong 3M absolute return, Strong 6M absolute return, 1M Nifty outperformance, 3M Nifty outperformance, 6M Nifty outperformance, Positive across 1M/3M/6M",22.94,Profit Booking Zone,74.59,2413.72,4380.85,81.5,100.0,80.0% of closes stayed inside the range | Range width 81.5% | Currently 100.0% through the range,14.98,9.01,11.04,10.17,21.45,27.09,1.34,2.2,1.87,1191.7,175.2,1400.0,1198.0,84.7533,59.3557,10.3412,45.0,0.57,143124.83,28.2,Capital Goods / Infra,14.0,18.0,20.0,17.0,5.0,74.0,1.0,Cash covers debt,Very high PE,5.0,79.0,Strong order-book-driven revenue growth,68.32,0.0,,79.15,High Conviction,"Above 50 DMA, Above 200 DMA, Healthy RSI momentum, Near 52W high momentum, Positive day move, Cash covers debt, Strong 1M absolute return, Strong 3M absolute return, Strong 6M absolute return, 1M Nifty outperformance, 3M Nifty outperformance, 6M Nifty outperformance, Positive across 1M/3M/6M, 80.0% of closes stayed inside the range | Range width 81.5% | Currently 100.0% through the range"
HAL,Industrials,Aerospace & Defense,5386.31,1.02,1047.95,5452.43,413.99,1.21,64.78,4585.26,3086.45,4139217.95,3743401.0,0.9,Bullish,65.0,"Above 50 DMA, Above 200 DMA, Healthy RSI momentum, Near 52W high momentum, Positive day move",26.35,55.66,98.0,7.43,8.23,11.59,18.92,47.43,86.41,100.0,"Strong 1M absolute return, Strong 3M absolute return, Strong 6M absolute return, 1M Nifty outperformance, 3M Nifty outperformance, 6M Nifty outperformance, Positive across 1M/3M/6M",22.94,Profit Booking Zone,75.02,2879.01,5142.24,78.61,100.0,80.0% of closes stayed inside the range | Range width 78.6% | Currently 100.0% through the range,26.15,9.76,29.84,27.06,6.83,30.77,0.0,1.73,1.37,4254.69,1.1,8222.82,6467.65,36.6014,29.4868,8.1395,41.0,0.502,334053.09,51.85,Capital Goods / Infra,24.0,12.0,18.0,17.0,7.0,78.0,1.0,"Strong ROE, Cash covers debt",,0.0,78.0,,68.32,0.0,,78.8,High Conviction,"Above 50 DMA, Above 200 DMA, Healthy RSI momentum, Near 52W high momentum, Positive day move, Strong ROE, Cash covers debt, Strong 1M absolute return, Strong 3M absolute return, Strong 6M absolute return, 1M Nifty outperformance, 3M Nifty outperformance, 6M Nifty outperformance, Positive across 1M/3M/6M, 80.0% of closes stayed inside the range | Range width 78.6% | Currently 100.0% through the range"
CGPOWER,Industrials,Electrical Equipment & Parts,719.53,0.31,209.52,731.92,243.41,1.69,68.83,633.93,492.0,2642622.6,1192287.0,0.45,Bullish,65.0,"Above 50 DMA, Above 200 DMA, Healthy RSI momentum, Near 52W high momentum, Positive day move",15.12,39.5,60.2,7.43,8.23,11.59,7.69,31.27,48.61,100.0,"Strong 1M absolute return, Strong 3M absolute return, Strong 6M absolute return, 1M Nifty outperformance, 3M Nifty outperformance, 6M Nifty outperformance, Positive across 1M/3M/6M",22.94,Profit Booking Zone,78.47,435.59,677.95,55.64,100.0,80.0% of closes stayed inside the range | Range width 55.6% | Currently 100.0% through the range,47.29,25.37,13.16,17.94,15.39,48.23,0.58,1.64,1.35,199.84,17.56,1027.79,793.52,111.9798,63.7634,17.5463,15.0,0.42,139899.97,30.72,Capital Goods / Infra,21.0,18.0,18.0,17.0,5.0,79.0,1.0,"Strong ROE, Cash covers debt",Very high PE,5.0,84.0,Strong order-book-driven revenue growth,68.32,3.0,Low volume participation,77.9,High Conviction,"Above 50 DMA, Above 200 DMA, Healthy RSI momentum, Near 52W high momentum, Positive day move, Strong ROE, Cash covers debt, Strong 1M absolute return, Strong 3M absolute return, Strong 6M absolute return, 1M Nifty outperformance, 3M Nifty outperformance, 6M Nifty outperformance, Positive across 1M/3M/6M, 80.0% of closes stayed inside the range | Range width 55.6% | Currently 100.0% through the range"
ABB,Industrials,Specialty Industrial Machinery,8499.44,1.14,2557.9,8922.81,232.28,4.74,60.0,7728.85,5463.89,427658.0,329126.0,0.77,Bullish,65.0,"Above 50 DMA, Above 200 DMA, Healthy RSI momentum, Near 52W high momentum, Positive day move",11.56,36.04,88.39,7.43,8.23,11.59,4.13,27.81,76.8,95.0,"Strong 1M absolute return, Strong 3M absolute return, Strong 6M absolute return, 3M Nifty outperformance, 6M Nifty outperformance, Positive across 1M/3M/6M",47.65,Profit Booking Zone,73.84,4428.21,8257.65,86.48,100.0,80.0% of closes stayed inside the range | Range width 86.5% | Currently 100.0% through the range,20.89,11.29,13.64,11.98,21.98,22.22,0.82,1.9,1.59,876.88,48.98,1351.48,1168.4,102.0381,73.5122,17.5008,52.0,0.486,163381.35,37.28,Capital Goods / Infra,16.0,16.0,19.0,17.0,5.0,73.0,1.0,"Strong ROE, Cash covers debt",Very high PE,5.0,78.0,Strong order-book-driven revenue growth,68.32,0.0,,77.55,High Conviction,"Above 50 DMA, Above 200 DMA, Healthy RSI momentum, Near 52W high momentum, Positive day move, Strong ROE, Cash covers debt, Strong 1M absolute return, Strong 3M absolute return, Strong 6M absolute return, 3M Nifty outperformance, 6M Nifty outperformance, Positive across 1M/3M/6M, 80.0% of closes stayed inside the range | Range width 86.5% | Currently 100.0% through the range"
LLOYDSME,Basic Materials,Steel,773.04,4.94,490.69,783.91,57.54,1.39,68.84,708.5,609.94,741518.75,4230308.0,5.7,Bullish,85.0,"Above 50 DMA, Above 200 DMA, Healthy RSI momentum, Near 52W high momentum, Strong volume expansion, Strong positive day move",19.45,26.78,28.81,7.43,8.23,11.59,12.02,18.55,17.22,95.0,"Strong 1M absolute return, Strong 3M absolute return, Positive 6M return, 1M Nifty outperformance, 3M Nifty outperformance, 6M Nifty outperformance, Positive across 1M/3M/6M",12.28,Breakout Watch,86.59,562.17,728.15,29.53,100.0,80.0% of closes stayed inside the range | Range width 29.5% | Currently 100.0% through the range | Above upper band on elevated volume,44.22,31.57,25.98,19.18,93.87,530.75,5.75,1.14,0.91,2.3,161.61,1701.04,-19.65,22.1189,12.3348,7.6829,5.0,,106531.99,54.65,Metals / Mining,25.0,20.0,11.0,9.0,9.0,74.0,1.0,Strong ROE,Negative free cash flow,4.0,78.0,"General quality ROE, General low-debt support",55.51,4.0,Negative free cash flow,76.63,High Conviction,"Above 50 DMA, Above 200 DMA, Healthy RSI momentum, Near 52W high momentum, Strong volume expansion, Strong positive day move, Strong ROE, Strong 1M absolute return, Strong 3M absolute return, Positive 6M return, 1M Nifty outperformance, 3M Nifty outperformance, 6M Nifty outperformance, Positive across 1M/3M/6M, 80.0% of closes stayed inside the range | Range width 29.5% | Currently 100.0% through the range | Above upper band on elevated volume"
NAM-INDIA,Financial Services,Asset Management,621.82,-1.24,177.32,642.19,250.68,3.17,57.31,574.28,454.95,1015140.4,797738.0,0.79,Bullish,60.0,"Above 50 DMA, Above 200 DMA, Healthy RSI momentum, Near 52W high momentum",21.13,36.09,52.19,7.43,8.23,11.59,13.7,27.86,40.6,100.0,"Strong 1M absolute return, Strong 3M absolute return, Strong 6M absolute return, 1M Nifty outperformance, 3M Nifty outperformance, 6M Nifty outperformance, Positive across 1M/3M/6M",6.4,Profit Booking Zone,80.2,446.6,612.23,37.09,100.0,80.0% of closes stayed inside the range | Range width 37.1% | Currently 100.0% through the range,27.81,25.31,58.68,67.39,21.74,53.09,1.97,20.36,,24.23,78.59,777.48,765.61,46.7312,35.4773,16.1928,1.84,0.634,75633.87,83.17,Financial Services,25.0,18.0,14.0,17.0,6.0,80.0,0.93,Strong ROE,,2.0,82.0,"Strong ROE for a leveraged-balance-sheet business, Expensive relative to book value for this sector",50.77,0.0,,76.32,High Conviction,"Above 50 DMA, Above 200 DMA, Healthy RSI momentum, Near 52W high momentum, Strong ROE, Strong 1M absolute return, Strong 3M absolute return, Strong 6M absolute return, 1M Nifty outperformance, 3M Nifty outperformance, 6M Nifty outperformance, Positive across 1M/3M/6M, 80.0% of closes stayed inside the range | Range width 37.1% | Currently 100.0% through the range"
OFSS,Technology,Software - Infrastructure,9680.84,0.05,2435.42,9767.29,297.5,0.89,78.83,7720.94,5739.39,476159.25,220337.0,0.46,Bullish,52.0,"Above 50 DMA, Above 200 DMA, Strong but overbought RSI, Near 52W high momentum, Positive day move",35.03,21.97,156.47,7.43,8.23,11.59,27.6,13.74,144.88,100.0,"Strong 1M absolute return, Strong 3M absolute return, Strong 6M absolute return, 1M Nifty outperformance, 3M Nifty outperformance, 6M Nifty outperformance, Positive across 1M/3M/6M",11.76,Profit Booking Zone,76.19,5861.26,8945.01,52.61,100.0,80.0% of closes stayed inside the range | Range width 52.6% | Currently 100.0% through the range,28.24,22.34,43.6,34.83,11.84,22.88,0.55,5.98,,3479.4,43.0,1790.7,1760.6,30.3951,25.7616,14.6798,5.59,0.496,101695.49,58.6,IT / Technology,25.0,13.0,17.0,17.0,9.0,81.0,0.93,"Strong ROE, Cash covers debt",,10.0,91.0,"Strong ROE for an asset-light business, Strong operating margin",60.12,3.0,Low volume participation,75.87,High Conviction,"Above 50 DMA, Above 200 DMA, Strong but overbought RSI, Near 52W high momentum, Positive day move, Strong ROE, Cash covers debt, Strong 1M absolute return, Strong 3M absolute return, Strong 6M absolute return, 1M Nifty outperformance, 3M Nifty outperformance, 6M Nifty outperformance, Positive across 1M/3M/6M, 80.0% of closes stayed inside the range | Range width 52.6% | Currently 100.0% through the range"
ZYDUSLIFE,Healthcare,Drug Manufacturers - Specialty & Generic,1120.37,3.82,341.92,1155.3,227.67,3.02,66.86,1022.74,806.34,1552438.6,3636780.0,2.34,Bullish,85.0,"Above 50 DMA, Above 200 DMA, Healthy RSI momentum, Near 52W high momentum, Strong volume expansion, Strong positive day move",8.43,14.51,65.65,7.43,8.23,11.59,1.0,6.28,54.06,63.0,"Positive 1M return, Positive 3M return, Strong 6M absolute return, 6M Nifty outperformance, Positive across 1M/3M/6M",34.52,Breakout Watch,83.99,724.97,1064.53,46.84,100.0,80.0% of closes stayed inside the range | Range width 46.8% | Currently 100.0% through the range | Above upper band on elevated volume,19.46,13.18,23.86,20.29,12.7,96.88,4.06,2.15,1.51,413.0,804.2,3196.3,2289.7,26.8374,24.5592,4.4723,8.0,0.37,120199.21,72.11,Pharma / Healthcare,22.0,15.0,17.0,17.0,11.0,82.0,1.0,Strong ROE,,4.0,86.0,"General quality ROE, General low-debt support",58.12,0.0,,75.82,High Conviction,"Above 50 DMA, Above 200 DMA, Healthy RSI momentum, Near 52W high momentum, Strong volume expansion, Strong positive day move, Strong ROE, Positive 1M return, Positive 3M return, Strong 6M absolute return, 6M Nifty outperformance, Positive across 1M/3M/6M, 80.0% of closes stayed inside the range | Range width 46.8% | Currently 100.0% through the range | Above upper band on elevated volume"
GVT&D,Industrials,Specialty Industrial Machinery,1687.19,3.25,98.25,1715.76,1617.2,1.66,71.44,1324.95,780.23,121632.65,201602.0,1.66,Bullish,67.0,"Above 50 DMA, Above 200 DMA, Strong but overbought RSI, Near 52W high momentum, Volume expansion, Strong positive day move",32.17,92.0,253.0,7.43,8.23,11.59,24.74,83.77,241.41,100.0,"Strong 1M absolute return, Strong 3M absolute return, Strong 6M absolute return, 1M Nifty outperformance, 3M Nifty outperformance, 6M Nifty outperformance, Positive across 1M/3M/6M",22.94,Breakout Watch,72.24,647.94,1517.14,134.15,100.0,80.0% of closes stayed inside the range | Range width 134.1% | Currently 100.0% through the range | Above upper band on elevated volume,14.57,5.05,9.73,5.73,15.04,12251.01,3.36,1.17,0.91,131.94,41.82,518.36,489.2,86.6909,56.6679,41.9339,23.0,0.634,112826.91,43.57,Capital Goods / Infra,6.0,18.0,14.0,17.0,5.0,60.0,1.0,Cash covers debt,Very high PE,5.0,65.0,Strong order-book-driven revenue growth,68.32,0.0,,74.75,Strong,"Above 50 DMA, Above 200 DMA, Strong but overbought RSI, Near 52W high momentum, Volume expansion, Strong positive day move, Cash covers debt, Strong 1M absolute return, Strong 3M absolute return, Strong 6M absolute return, 1M Nifty outperformance, 3M Nifty outperformance, 6M Nifty outperformance, Positive across 1M/3M/6M, 80.0% of closes stayed inside the range | Range width 134.1% | Currently 100.0% through the range | Above upper band on elevated volume"
TRENT,Consumer Cyclical,Apparel Retail,5585.97,1.88,1150.98,5608.47,385.32,0.4,73.91,4818.42,3473.49,683703.3,440575.0,0.64,Bullish,52.0,"Above 50 DMA, Above 200 DMA, Strong but overbought RSI, Near 52W high momentum, Positive day move",14.15,43.89,85.06,7.43,8.23,11.59,6.72,35.66,73.47,100.0,"Strong 1M absolute return, Strong 3M absolute return, Strong 6M absolute return, 1M Nifty outperformance, 3M Nifty outperformance, 6M Nifty outperformance, Positive across 1M/3M/6M",8.16,Profit Booking Zone,74.09,3157.97,5261.8,66.62,100.0,80.0% of closes stayed inside the range | Range width 66.6% | Currently 100.0% through the range,36.55,20.76,10.52,12.18,50.45,234.39,43.09,2.02,0.99,294.55,1752.99,1348.98,612.03,88.5037,58.9539,22.8036,13.0,0.384,159276.48,43.01,Consumer Discretionary,21.0,20.0,12.0,17.0,5.0,75.0,1.0,Strong ROE,Very high PE,4.0,79.0,"General quality ROE, General low-debt support",57.33,0.0,,74.25,Strong,"Above 50 DMA, Above 200 DMA, Strong but overbought RSI, Near 52W high momentum, Positive day move, Strong ROE, Strong 1M absolute return, Strong 3M absolute return, Strong 6M absolute return, 1M Nifty outperformance, 3M Nifty outperformance, 6M Nifty outperformance, Positive across 1M/3M/6M, 80.0% of closes stayed inside the range | Range width 66.6% | Currently 100.0% through the range"
PETRONET,Energy,Oil & Gas Refining & Marketing,307.76,-0.55,166.97,316.0,84.32,2.61,60.41,287.1,238.64,5368036.95,2770767.0,0.52,Bullish,60.0,"Above 50 DMA, Above 200 DMA, Healthy RSI momentum, Near 52W high momentum",15.41,21.74,49.33,7.43,8.23,11.59,7.98,13.51,37.74,100.0,"Strong 1M absolute return, Strong 3M absolute return, Strong 6M absolute return, 1M Nifty outperformance, 3M Nifty outperformance, 6M Nifty outperformance, Positive across 1M/3M/6M",10.71,Profit Booking Zone,82.18,238.12,295.04,23.9,100.0,80.0% of closes stayed inside the range | Range width 23.9% | Currently 100.0% through the range,20.98,14.31,8.67,7.03,-11.88,9.82,17.28,3.1,2.75,1723.37,3008.1,4871.12,4029.7,10.7263,9.9224,1.8833,3.61,0.45,41977.51,14.66,Energy / Utilities,14.0,5.0,17.0,17.0,15.0,68.0,1.0,Strong ROE,Revenue contraction,4.0,72.0,"General quality ROE, General low-debt support",56.28,0.0,,73.64,Strong,"Above 50 DMA, Above 200 DMA, Healthy RSI momentum, Near 52W high momentum, Strong ROE, Strong 1M absolute return, Strong 3M absolute return, Strong 6M absolute return, 1M Nifty outperformance, 3M Nifty outperformance, 6M Nifty outperformance, Positive across 1M/3M/6M, 80.0% of closes stayed inside the range | Range width 23.9% | Currently 100.0% through the range"
SOLARINDS,Basic Materials,Specialty Chemicals,12155.79,6.13,3150.56,12515.07,285.83,2.87,80.3,9423.33,7286.45,162522.9,248372.0,1.53,Bullish,67.0,"Above 50 DMA, Above 200 DMA, Strong but overbought RSI, Near 52W high momentum, Volume expansion, Strong positive day move",35.89,38.11,79.16,7.43,8.23,11.59,28.46,29.88,67.57,100.0,"Strong 1M absolute return, Strong 3M absolute return, Strong 6M absolute return, 1M Nifty outperformance, 3M Nifty outperformance, 6M Nifty outperformance, Positive across 1M/3M/6M",4.39,Breakout Watch,80.01,6677.43,9893.4,48.16,100.0,80.0% of closes stayed inside the range | Range width 48.2% | Currently 100.0% through the range | Above upper band on elevated volume,25.29,14.57,24.09,14.15,-12.71,10.4,41.37,1.76,1.2,258.98,1367.55,1406.01,846.26,100.7965,56.2038,27.0006,6.0,0.238,169487.88,49.2,Chemicals,23.0,5.0,13.0,17.0,5.0,63.0,1.0,Strong ROE,"Revenue contraction, Very high PE",4.0,67.0,"General quality ROE, General low-debt support",55.51,0.0,,73.53,Strong,"Above 50 DMA, Above 200 DMA, Strong but overbought RSI, Near 52W high momentum, Volume expansion, Strong positive day move, Strong ROE, Strong 1M absolute return, Strong 3M absolute return, Strong 6M absolute return, 1M Nifty outperformance, 3M Nifty outperformance, 6M Nifty outperformance, Positive across 1M/3M/6M, 80.0% of closes stayed inside the range | Range width 48.2% | Currently 100.0% through the range | Above upper band on elevated volume"
PERSISTENT,Technology,Information Technology Services,4679.09,3.43,1500.77,4688.05,211.78,0.19,85.57,3633.58,3550.2,718443.05,911163.0,1.27,Bullish,62.0,"Above 50 DMA, Above 200 DMA, Strong but overbought RSI, Near 52W high momentum, Normal volume support, Strong positive day move",33.19,19.66,26.84,7.43,8.23,11.59,25.76,11.43,15.25,85.0,"Strong 1M absolute return, Positive 3M return, Positive 6M return, 1M Nifty outperformance, 3M Nifty outperformance, 6M Nifty outperformance, Positive across 1M/3M/6M",25.0,Profit Booking Zone,82.18,3358.67,4256.12,26.72,100.0,80.0% of closes stayed inside the range | Range width 26.7% | Currently 100.0% through the range,22.06,14.74,13.27,11.13,17.62,18.72,9.1,1.87,,662.51,451.13,1302.11,944.08,44.7405,30.8947,10.9263,65.0,0.082,85520.87,31.68,IT / Technology,17.0,16.0,16.0,17.0,7.0,73.0,0.93,"Strong ROE, Cash covers debt",,5.0,78.0,Strong ROE for an asset-light business,60.12,0.0,,73.07,Strong,"Above 50 DMA, Above 200 DMA, Strong but overbought RSI, Near 52W high momentum, Normal volume support, Strong positive day move, Strong ROE, Cash covers debt, Strong 1M absolute return, Positive 3M return, Positive 6M return, 1M Nifty outperformance, 3M Nifty outperformance, 6M Nifty outperformance, Positive across 1M/3M/6M, 80.0% of closes stayed inside the range | Range width 26.7% | Currently 100.0% through the range"
SUPREMEIND,Industrials,Building Products & Equipment,5908.95,-1.23,1762.06,6324.19,235.34,6.57,58.15,5408.97,4445.9,186427.15,118265.0,0.63,Bullish,60.0,"Above 50 DMA, Above 200 DMA, Healthy RSI momentum, Near 52W high momentum",9.2,47.58,34.23,7.43,8.23,11.59,1.77,39.35,22.64,88.0,"Positive 1M return, Strong 3M absolute return, Strong 6M absolute return, 3M Nifty outperformance, 6M Nifty outperformance, Positive across 1M/3M/6M",54.71,Profit Booking Zone,77.94,3847.11,5854.55,52.18,100.0,80.0% of closes stayed inside the range | Range width 52.2% | Currently 100.0% through the range,20.94,16.32,12.47,10.61,10.32,23.62,1.08,2.58,1.52,1178.51,55.06,1412.9,863.56,42.4997,33.2494,7.1243,1.05,0.182,43969.03,32.69,Capital Goods / Infra,17.0,13.0,20.0,17.0,6.0,73.0,1.0,"Strong ROE, Cash covers debt",,0.0,73.0,,68.32,0.0,,72.8,Strong,"Above 50 DMA, Above 200 DMA, Healthy RSI momentum, Near 52W high momentum, Strong ROE, Cash covers debt, Positive 1M return, Strong 3M absolute return, Strong 6M absolute return, 3M Nifty outperformance, 6M Nifty outperformance, Positive across 1M/3M/6M, 80.0% of closes stayed inside the range | Range width 52.2% | Currently 100.0% through the range"
JSWINFRA,Industrials,Marine Shipping,352.2,1.87,141.18,358.36,149.47,1.72,74.03,281.32,,6005587.15,3685353.0,0.61,Bullish,37.0,"Above 50 DMA, Strong but overbought RSI, Near 52W high momentum, Positive day move",30.76,40.77,68.25,7.43,8.23,11.59,23.33,32.54,56.66,100.0,"Strong 1M absolute return, Strong 3M absolute return, Strong 6M absolute return, 1M Nifty outperformance, 3M Nifty outperformance, 6M Nifty outperformance, Positive across 1M/3M/6M",22.94,Profit Booking Zone,74.57,210.69,300.1,42.44,100.0,80.0% of closes stayed inside the range | Range width 42.4% | Currently 100.0% through the range,14.4,8.36,41.12,30.72,19.26,56.24,59.29,7.4,7.25,723.39,4758.48,1803.21,1554.5,48.9548,30.9322,6.6442,26.0,0.554,80243.51,52.82,Capital Goods / Infra,20.0,18.0,12.0,17.0,7.0,74.0,1.0,,,5.0,79.0,Strong order-book-driven revenue growth,68.32,0.0,,72.15,Strong,"Above 50 DMA, Strong but overbought RSI, Near 52W high momentum, Positive day move, Strong 1M absolute return, Strong 3M absolute return, Strong 6M absolute return, 1M Nifty outperformance, 3M Nifty outperformance, 6M Nifty outperformance, Positive across 1M/3M/6M, 80.0% of closes stayed inside the range | Range width 42.4% | Currently 100.0% through the range"
LODHA,Real Estate,Real Estate - Development,1496.8,1.06,352.0,1635.9,325.23,8.5,55.79,1338.02,1063.47,1192532.5,358693.0,0.3,Bullish,65.0,"Above 50 DMA, Above 200 DMA, Healthy RSI momentum, Near 52W high momentum, Positive day move",16.41,29.34,52.84,7.43,8.23,11.59,8.98,21.11,41.25,100.0,"Strong 1M absolute return, Strong 3M absolute return, Strong 6M absolute return, 1M Nifty outperformance, 3M Nifty outperformance, 6M Nifty outperformance, Positive across 1M/3M/6M",35.0,Profit Booking Zone,80.94,1063.83,1480.41,39.16,100.0,80.0% of closes stayed inside the range | Range width 39.2% | Currently 100.0% through the range,8.87,3.28,40.93,15.19,9.24,218.29,44.06,1.62,0.39,1827.0,7697.6,2512.3,2342.6,29.4089,24.8976,5.1863,35.0,0.623,120770.28,43.66,Cement / Realty,13.0,15.0,11.0,17.0,11.0,67.0,1.0,,,2.0,69.0,General low-debt support,62.51,3.0,Low volume participation,71.78,Strong,"Above 50 DMA, Above 200 DMA, Healthy RSI momentum, Near 52W high momentum, Positive day move, Strong 1M absolute return, Strong 3M absolute return, Strong 6M absolute return, 1M Nifty outperformance, 3M Nifty outperformance, 6M Nifty outperformance, Positive across 1M/3M/6M, 80.0% of closes stayed inside the range | Range width 39.2% | Currently 100.0% through the range"
RVNL,Industrials,Engineering & Construction,413.66,0.43,29.19,426.55,1316.97,3.02,67.75,344.02,240.23,24364569.15,20654664.0,0.85,Bullish,65.0,"Above 50 DMA, Above 200 DMA, Healthy RSI momentum, Near 52W high momentum, Positive day move",18.53,58.38,136.05,7.43,8.23,11.59,11.1,50.15,124.46,100.0,"Strong 1M absolute return, Strong 3M absolute return, Strong 6M absolute return, 1M Nifty outperformance, 3M Nifty outperformance, 6M Nifty outperformance, Positive across 1M/3M/6M",22.94,Profit Booking Zone,77.19,236.17,387.73,64.17,100.0,80.0% of closes stayed inside the range | Range width 64.2% | Currently 100.0% through the range,17.78,7.92,6.21,7.09,7.87,15.57,69.17,2.13,2.12,1104.05,6032.52,2955.85,2615.42,53.4884,41.8182,4.8674,1.49,,47955.46,6.0,Capital Goods / Infra,9.0,10.0,12.0,17.0,8.0,56.0,1.0,,,0.0,56.0,,68.32,0.0,,71.1,Strong,"Above 50 DMA, Above 200 DMA, Healthy RSI momentum, Near 52W high momentum, Positive day move, Strong 1M absolute return, Strong 3M absolute return, Strong 6M absolute return, 1M Nifty outperformance, 3M Nifty outperformance, 6M Nifty outperformance, Positive across 1M/3M/6M, 80.0% of closes stayed inside the range | Range width 64.2% | Currently 100.0% through the range"
HSCL,Basic Materials,Specialty Chemicals,401.6,-0.67,79.72,417.4,403.76,3.79,65.69,362.64,317.99,1267442.55,667226.0,0.53,Bullish,60.0,"Above 50 DMA, Above 200 DMA, Healthy RSI momentum, Near 52W high momentum",24.42,24.92,30.12,7.43,8.23,11.59,16.99,16.69,18.53,100.0,"Strong 1M absolute return, Strong 3M absolute return, Strong 6M absolute return, 1M Nifty outperformance, 3M Nifty outperformance, 6M Nifty outperformance, Positive across 1M/3M/6M",4.39,Profit Booking Zone,82.41,315.75,386.49,22.4,100.0,80.0% of closes stayed inside the range | Range width 22.4% | Currently 100.0% through the range,13.49,9.23,13.99,9.82,0.31,90.19,19.86,1.92,1.33,214.88,604.96,404.76,352.01,47.3835,37.0097,8.1727,11.0,0.264,38468.74,36.82,Chemicals,14.0,10.0,15.0,17.0,7.0,63.0,1.0,,,2.0,65.0,General low-debt support,55.51,0.0,,71.08,Strong,"Above 50 DMA, Above 200 DMA, Healthy RSI momentum, Near 52W high momentum, Strong 1M absolute return, Strong 3M absolute return, Strong 6M absolute return, 1M Nifty outperformance, 3M Nifty outperformance, 6M Nifty outperformance, Positive across 1M/3M/6M, 80.0% of closes stayed inside the range | Range width 22.4% | Currently 100.0% through the range"
HDFCAMC,Financial Services,Asset Management,2027.19,2.3,732.04,2040.61,176.92,0.66,65.14,1831.75,1601.53,975644.2,847864.0,0.87,Bullish,70.0,"Above 50 DMA, Above 200 DMA, Healthy RSI momentum, Near 52W high momentum, Strong positive day move",15.93,14.35,33.66,7.43,8.23,11.59,8.5,6.12,22.07,80.0,"Strong 1M absolute return, Positive 3M return, Strong 6M absolute return, 1M Nifty outperformance, 6M Nifty outperformance, Positive across 1M/3M/6M",19.19,Profit Booking Zone,85.56,1640.63,1893.25,15.4,100.0,80.0% of closes stayed inside the range | Range width 15.4% | Currently 100.0% through the range,27.46,25.72,73.72,75.17,19.27,36.49,,6.88,,10.33,,1614.69,1595.66,36.6284,28.3148,11.5587,2.15,0.554,106767.91,88.85,Financial Services,25.0,18.0,5.0,17.0,7.0,72.0,0.86,Strong ROE,,2.0,74.0,"Strong ROE for a leveraged-balance-sheet business, Expensive relative to book value for this sector",50.77,0.0,,71.02,Strong,"Above 50 DMA, Above 200 DMA, Healthy RSI momentum, Near 52W high momentum, Strong positive day move, Strong ROE, Strong 1M absolute return, Positive 3M return, Strong 6M absolute return, 1M Nifty outperformance, 6M Nifty outperformance, Positive across 1M/3M/6M, 80.0% of closes stayed inside the range | Range width 15.4% | Currently 100.0% through the range"
SCHAEFFLER,Consumer Cyclical,Auto Parts,4600.34,0.26,2474.05,4869.38,85.94,5.53,57.96,4167.84,3277.03,171006.1,71811.0,0.42,Bullish,65.0,"Above 50 DMA, Above 200 DMA, Healthy RSI momentum, Near 52W high momentum, Positive day move",12.86,52.32,46.81,7.43,8.23,11.59,5.43,44.09,35.22,100.0,"Strong 1M absolute return, Strong 3M absolute return, Strong 6M absolute return, 1M Nifty outperformance, 3M Nifty outperformance, 6M Nifty outperformance, Positive across 1M/3M/6M",8.16,Profit Booking Zone,77.44,2816.15,4576.81,62.52,100.0,80.0% of closes stayed inside the range | Range width 62.5% | Currently 100.0% through the range,18.71,14.35,15.47,12.61,5.79,2.25,1.06,2.92,1.99,69.71,51.1,884.46,364.36,51.4953,40.9915,10.512,84.0,0.118,64487.76,38.41,Automobile,19.0,2.0,20.0,17.0,7.0,65.0,1.0,"Strong ROE, Cash covers debt",,4.0,69.0,"General quality ROE, General low-debt support",57.33,3.0,Low volume participation,71.0,Strong,"Above 50 DMA, Above 200 DMA, Healthy RSI momentum, Near 52W high momentum, Positive day move, Strong ROE, Cash covers debt, Strong 1M absolute return, Strong 3M absolute return, Strong 6M absolute return, 1M Nifty outperformance, 3M Nifty outperformance, 6M Nifty outperformance, Positive across 1M/3M/6M, 80.0% of closes stayed inside the range | Range width 62.5% | Currently 100.0% through the range"
3MINDIA,Industrials,Conglomerates,37639.18,0.29,20146.33,38906.96,86.83,3.26,72.87,31638.06,30392.74,10857.35,11808.0,1.09,Bullish,57.0,"Above 50 DMA, Above 200 DMA, Strong but overbought RSI, Near 52W high momentum, Normal volume support, Positive day move",19.23,30.54,12.64,7.43,8.23,11.59,11.8,22.31,1.05,80.0,"Strong 1M absolute return, Strong 3M absolute return, Positive 6M return, 1M Nifty outperformance, 3M Nifty outperformance, Positive across 1M/3M/6M",64.71,Profit Booking Zone,81.45,28210.23,35137.53,24.56,100.0,80.0% of closes stayed inside the range | Range width 24.6% | Currently 100.0% through the range,27.17,17.96,17.23,13.93,5.8,29.36,0.85,2.52,2.02,1044.29,18.18,643.03,611.62,77.736,47.6971,22.8946,44.0,0.273,40481.03,41.86,Capital Goods / Infra,21.0,12.0,20.0,17.0,5.0,75.0,1.0,"Strong ROE, Cash covers debt",,0.0,75.0,,68.32,0.0,,70.75,Strong,"Above 50 DMA, Above 200 DMA, Strong but overbought RSI, Near 52W high momentum, Normal volume support, Positive day move, Strong ROE, Cash covers debt, Strong 1M absolute return, Strong 3M absolute return, Positive 6M return, 1M Nifty outperformance, 3M Nifty outperformance, Positive across 1M/3M/6M, 80.0% of closes stayed inside the range | Range width 24.6% | Currently 100.0% through the range"
GLAXO,Healthcare,Drug Manufacturers - General,2480.15,-0.59,1135.42,2644.72,118.43,6.22,54.82,2260.15,1873.84,141911.5,122152.0,0.86,Bullish,60.0,"Above 50 DMA, Above 200 DMA, Healthy RSI momentum, Near 52W high momentum",4.67,32.98,41.69,7.43,8.23,11.59,-2.76,24.75,30.1,88.0,"Positive 1M return, Strong 3M absolute return, Strong 6M absolute return, 3M Nifty outperformance, 6M Nifty outperformance, Positive across 1M/3M/6M",16.67,Profit Booking Zone,79.98,1830.52,2495.09,36.31,97.75,80.0% of closes stayed inside the range | Range width 36.3% | Currently 97.8% through the range,33.19,16.59,24.36,17.14,6.68,-3.39,1.05,1.84,1.49,64.17,18.66,582.02,550.79,41.6103,33.2197,19.5764,2.19,0.057,44387.77,64.2,Pharma / Healthcare,23.0,2.0,18.0,17.0,7.0,67.0,1.0,"Strong ROE, Cash covers debt",Earnings contraction,4.0,71.0,"General quality ROE, General low-debt support",58.12,0.0,,70.57,Strong,"Above 50 DMA, Above 200 DMA, Healthy RSI momentum, Near 52W high momentum, Strong ROE, Cash covers debt, Positive 1M return, Strong 3M absolute return, Strong 6M absolute return, 3M Nifty outperformance, 6M Nifty outperformance, Positive across 1M/3M/6M, 80.0% of closes stayed inside the range | Range width 36.3% | Currently 97.8% through the range"
INDHOTEL,Consumer Cyclical,Lodging,608.15,2.14,259.95,658.08,133.95,7.59,52.58,581.62,499.45,4953014.8,5063028.0,1.02,Bullish,75.0,"Above 50 DMA, Above 200 DMA, Healthy RSI momentum, Near 52W high momentum, Normal volume support, Strong positive day move",7.26,1.45,41.77,7.43,8.23,11.59,-0.17,-6.78,30.18,63.0,"Positive 1M return, Positive 3M return, Strong 6M absolute return, 6M Nifty outperformance, Positive across 1M/3M/6M",46.94,Profit Booking Zone,84.7,475.05,608.26,28.04,99.91,80.0% of closes stayed inside the range | Range width 28.0% | Currently 99.9% through the range,13.31,8.48,26.22,19.36,16.52,25.58,28.93,1.54,1.48,479.34,2735.79,1935.14,1284.18,48.0744,38.7458,7.8957,45.0,-0.154,103056.49,63.01,Consumer Discretionary,20.0,18.0,13.0,17.0,7.0,75.0,1.0,,,2.0,77.0,General low-debt support,57.33,0.0,,70.05,Strong,"Above 50 DMA, Above 200 DMA, Healthy RSI momentum, Near 52W high momentum, Normal volume support, Strong positive day move, Positive 1M return, Positive 3M return, Strong 6M absolute return, 6M Nifty outperformance, Positive across 1M/3M/6M, 80.0% of closes stayed inside the range | Range width 28.0% | Currently 99.9% through the range"
HCLTECH,Technology,Information Technology Services,1394.35,2.79,749.44,1534.04,86.05,9.11,76.92,1274.16,1289.68,3981806.9,6822557.0,1.71,Bullish,67.0,"Above 50 DMA, Above 200 DMA, Strong but overbought RSI, Near 52W high momentum, Volume expansion, Strong positive day move",13.3,0.95,5.59,7.43,8.23,11.59,5.87,-7.28,-6.0,55.0,"Strong 1M absolute return, Positive 3M return, Positive 6M return, 1M Nifty outperformance, Positive across 1M/3M/6M",52.94,Neutral Range,78.43,1221.08,1493.59,22.32,63.58,80.0% of closes stayed inside the range | Range width 22.3% | Currently 63.6% through the range,23.0,15.74,31.48,14.29,8.34,5.73,8.43,2.61,2.6,9441.0,5756.0,22448.0,21400.0,21.2315,17.0459,4.9998,4.39,0.006,369445.39,34.0,IT / Technology,22.0,7.0,20.0,17.0,11.0,77.0,1.0,"Strong ROE, Cash covers debt",,10.0,87.0,"Strong ROE for an asset-light business, Strong operating margin",60.12,0.0,,69.97,Strong,"Above 50 DMA, Above 200 DMA, Strong but overbought RSI, Near 52W high momentum, Volume expansion, Strong positive day move, Strong ROE, Cash covers debt, Strong 1M absolute return, Positive 3M return, Positive 6M return, 1M Nifty outperformance, Positive across 1M/3M/6M, 80.0% of closes stayed inside the range | Range width 22.3% | Currently 63.6% through the range"
INDUSTOWER,Communication Services,Telecom Services,389.4,1.9,130.25,393.59,198.96,1.07,73.52,335.48,241.35,66034425.55,27983391.0,0.42,Bullish,52.0,"Above 50 DMA, Above 200 DMA, Strong but overbought RSI, Near 52W high momentum, Positive day move",21.45,32.58,117.11,7.43,8.23,11.59,14.02,24.35,105.52,100.0,"Strong 1M absolute return, Strong 3M absolute return, Strong 6M absolute return, 1M Nifty outperformance, 3M Nifty outperformance, 6M Nifty outperformance, Positive across 1M/3M/6M",17.86,Profit Booking Zone,75.65,208.55,339.32,62.71,100.0,80.8% of closes stayed inside the range | Range width 62.7% | Currently 100.0% through the range,22.32,10.8,30.19,21.11,0.77,195.89,75.93,1.03,1.03,63.1,20531.0,11582.1,2629.2,14.1424,12.5435,2.4433,3.79,0.05,101110.34,55.94,Telecom,22.0,10.0,8.0,17.0,15.0,72.0,1.0,Strong ROE,,2.0,74.0,General quality ROE,57.74,3.0,Low volume participation,69.56,Strong,"Above 50 DMA, Above 200 DMA, Strong but overbought RSI, Near 52W high momentum, Positive day move, Strong ROE, Strong 1M absolute return, Strong 3M absolute return, Strong 6M absolute return, 1M Nifty outperformance, 3M Nifty outperformance, 6M Nifty outperformance, Positive across 1M/3M/6M, 80.8% of closes stayed inside the range | Range width 62.7% | Currently 100.0% through the range"
LINDEINDIA,Basic Materials,Specialty Chemicals,9022.4,5.55,2911.17,9885.09,209.92,8.73,59.73,8517.9,6598.97,173129.5,326422.0,1.89,Bullish,80.0,"Above 50 DMA, Above 200 DMA, Healthy RSI momentum, Near 52W high momentum, Volume expansion, Strong positive day move",11.77,31.47,58.93,7.43,8.23,11.59,4.34,23.24,47.34,95.0,"Strong 1M absolute return, Strong 3M absolute return, Strong 6M absolute return, 3M Nifty outperformance, 6M Nifty outperformance, Positive across 1M/3M/6M",12.28,Profit Booking Zone,80.62,5511.41,8943.85,62.28,100.0,80.0% of closes stayed inside the range | Range width 62.3% | Currently 100.0% through the range,12.52,9.03,18.11,15.68,10.5,-1.08,0.6,1.87,1.79,978.82,20.69,440.4,-131.28,105.6673,78.7623,13.5476,6.0,,57801.38,58.55,Chemicals,18.0,5.0,19.0,9.0,5.0,56.0,1.0,Cash covers debt,"Earnings contraction, Negative free cash flow, Very high PE",2.0,58.0,General low-debt support,55.51,4.0,Negative free cash flow,68.38,Strong,"Above 50 DMA, Above 200 DMA, Healthy RSI momentum, Near 52W high momentum, Volume expansion, Strong positive day move, Cash covers debt, Strong 1M absolute return, Strong 3M absolute return, Strong 6M absolute return, 3M Nifty outperformance, 6M Nifty outperformance, Positive across 1M/3M/6M, 80.0% of closes stayed inside the range | Range width 62.3% | Currently 100.0% through the range"
HEROMOTOCO,Consumer Cyclical,Auto Manufacturers,5125.83,-0.38,2004.26,5435.86,155.75,5.7,56.93,4770.8,3861.33,726880.15,676316.0,0.93,Bullish,60.0,"Above 50 DMA, Above 200 DMA, Healthy RSI momentum, Near 52W high momentum",-1.77,21.87,36.11,7.43,8.23,11.59,-9.2,13.64,24.52,70.0,"Strong 3M absolute return, Strong 6M absolute return, 3M Nifty outperformance, 6M Nifty outperformance",41.84,Profit Booking Zone,81.25,3969.86,5135.05,29.35,99.21,80.0% of closes stayed inside the range | Range width 29.4% | Currently 99.2% through the range,21.16,14.32,12.2,9.96,11.45,33.27,3.43,1.46,1.21,604.91,606.41,4923.07,4135.18,21.5516,18.1039,5.458,3.15,0.468,117983.24,31.65,Automobile,17.0,15.0,13.0,17.0,11.0,73.0,1.0,Strong ROE,,4.0,77.0,"General quality ROE, General low-debt support",57.33,0.0,,68.05,Strong,"Above 50 DMA, Above 200 DMA, Healthy RSI momentum, Near 52W high momentum, Strong ROE, Strong 3M absolute return, Strong 6M absolute return, 3M Nifty outperformance, 6M Nifty outperformance, 80.0% of closes stayed inside the range | Range width 29.4% | Currently 99.2% through the range"
POWERINDIA,Industrials,Electrical Equipment & Parts,13741.43,-1.5,2836.07,14372.77,384.52,4.39,74.52,10621.75,6728.24,82468.4,80964.0,0.98,Bullish,47.0,"Above 50 DMA, Above 200 DMA, Strong but overbought RSI, Near 52W high momentum",34.29,100.42,161.78,7.43,8.23,11.59,26.86,92.19,150.19,100.0,"Strong 1M absolute return, Strong 3M absolute return, Strong 6M absolute return, 1M Nifty outperformance, 3M Nifty outperformance, 6M Nifty outperformance, Positive across 1M/3M/6M",22.94,Profit Booking Zone,69.57,5857.57,11114.96,89.75,100.0,80.0% of closes stayed inside the range | Range width 89.8% | Currently 100.0% through the range,12.04,3.48,5.4,3.21,17.57,74.42,15.71,1.16,0.89,128.04,213.68,252.31,162.95,138.2239,72.2106,30.8289,2.0,0.572,159569.06,38.99,Capital Goods / Infra,4.0,18.0,11.0,17.0,5.0,55.0,1.0,,Very high PE,5.0,60.0,Strong order-book-driven revenue growth,68.32,0.0,,68.0,Strong,"Above 50 DMA, Above 200 DMA, Strong but overbought RSI, Near 52W high momentum, Strong 1M absolute return, Strong 3M absolute return, Strong 6M absolute return, 1M Nifty outperformance, 3M Nifty outperformance, 6M Nifty outperformance, Positive across 1M/3M/6M, 80.0% of closes stayed inside the range | Range width 89.8% | Currently 100.0% through the range"
BAJAJHLDNG,Financial Services,Asset Management,9655.33,6.52,4965.59,9730.5,94.44,0.77,81.87,8087.91,7713.41,96539.7,499552.0,5.17,Bullish,72.0,"Above 50 DMA, Above 200 DMA, Strong but overbought RSI, Near 52W high momentum, Strong volume expansion, Strong positive day move",23.34,17.9,28.71,7.43,8.23,11.59,15.91,9.67,17.12,70.0,"Strong 1M absolute return, Positive 3M return, Positive 6M return, 1M Nifty outperformance, 6M Nifty outperformance, Positive across 1M/3M/6M",25.0,Breakout Watch,86.86,7787.86,8529.51,9.52,100.0,80.0% of closes stayed inside the range | Range width 9.5% | Currently 100.0% through the range | Above upper band on elevated volume,13.4,11.15,,94.81,47.91,49.82,0.12,,,39.78,62.57,1941.12,1940.81,14.5501,,1.7617,1.39,0.154,128866.75,98.98,Financial Services,14.0,20.0,9.0,17.0,11.0,71.0,0.79,,,0.0,71.0,,50.77,0.0,,67.97,Strong,"Above 50 DMA, Above 200 DMA, Strong but overbought RSI, Near 52W high momentum, Strong volume expansion, Strong positive day move, Strong 1M absolute return, Positive 3M return, Positive 6M return, 1M Nifty outperformance, 6M Nifty outperformance, Positive across 1M/3M/6M, 80.0% of closes stayed inside the range | Range width 9.5% | Currently 100.0% through the range | Above upper band on elevated volume"
AMBUJACEM,Basic Materials,Building Materials,676.26,-1.53,309.86,700.9,118.25,3.52,59.21,629.29,537.72,4647415.15,4072206.0,0.88,Bullish,60.0,"Above 50 DMA, Above 200 DMA, Healthy RSI momentum, Near 52W high momentum",14.24,7.79,33.04,7.43,8.23,11.59,6.81,-0.44,21.45,80.0,"Strong 1M absolute return, Positive 3M return, Strong 6M absolute return, 1M Nifty outperformance, 6M Nifty outperformance, Positive across 1M/3M/6M",27.19,Profit Booking Zone,82.46,535.69,653.66,22.02,100.0,80.0% of closes stayed inside the range | Range width 22.0% | Currently 100.0% through the range,8.62,5.49,14.7,10.99,4.99,84.34,1.69,1.98,1.68,3007.1,699.01,5645.82,1163.36,23.7585,28.9663,1.7535,47.0,0.221,104610.8,56.82,Cement / Realty,10.0,12.0,19.0,17.0,10.0,68.0,1.0,Cash covers debt,,2.0,70.0,General low-debt support,55.51,0.0,,67.83,Strong,"Above 50 DMA, Above 200 DMA, Healthy RSI momentum, Near 52W high momentum, Cash covers debt, Strong 1M absolute return, Positive 3M return, Strong 6M absolute return, 1M Nifty outperformance, 6M Nifty outperformance, Positive across 1M/3M/6M, 80.0% of closes stayed inside the range | Range width 22.0% | Currently 100.0% through the range"
COALINDIA,Energy,Thermal Coal,424.75,0.95,153.6,457.59,176.52,7.18,57.54,410.04,340.69,10114286.1,7796954.0,0.77,Bullish,65.0,"Above 50 DMA, Above 200 DMA, Healthy RSI momentum, Near 52W high momentum, Positive day move",6.3,10.46,29.99,7.43,8.23,11.59,-1.13,2.23,18.4,53.0,"Positive 1M return, Positive 3M return, Positive 6M return, 6M Nifty outperformance, Positive across 1M/3M/6M",50.0,Profit Booking Zone,82.64,330.47,422.55,27.86,100.0,80.0% of closes stayed inside the range | Range width 27.9% | Currently 100.0% through the range,43.9,15.79,32.53,29.43,-0.28,17.75,7.66,1.79,1.62,6008.71,6523.03,18103.1,1281.76,8.1631,7.2265,2.1177,5.09,-0.04,252240.46,74.76,Metals / Mining,25.0,8.0,16.0,17.0,15.0,81.0,1.0,Strong ROE,Revenue contraction,4.0,85.0,"General quality ROE, General low-debt support",56.28,0.0,,67.69,Strong,"Above 50 DMA, Above 200 DMA, Healthy RSI momentum, Near 52W high momentum, Positive day move, Strong ROE, Positive 1M return, Positive 3M return, Positive 6M return, 6M Nifty outperformance, Positive across 1M/3M/6M, 80.0% of closes stayed inside the range | Range width 27.9% | Currently 100.0% through the range"
LUPIN,Healthcare,Drug Manufacturers - Specialty & Generic,1728.26,7.89,609.38,1735.83,183.61,0.44,74.11,1588.8,1407.8,1500708.05,7086148.0,4.72,Bullish,72.0,"Above 50 DMA, Above 200 DMA, Strong but overbought RSI, Near 52W high momentum, Strong volume expansion, Strong positive day move",7.9,9.28,31.3,7.43,8.23,11.59,0.47,1.05,19.71,63.0,"Positive 1M return, Positive 3M return, Strong 6M absolute return, 6M Nifty outperformance, Positive across 1M/3M/6M",34.52,Breakout Watch,86.18,1422.66,1622.9,14.08,100.0,80.0% of closes stayed inside the range | Range width 14.1% | Currently 100.0% through the range | Above upper band on elevated volume,13.4,7.98,14.23,9.74,20.81,345.15,20.45,1.58,1.0,983.28,2921.77,3648.36,2719.46,18.8684,22.3319,4.6455,79.0,0.182,104295.27,72.36,Pharma / Healthcare,12.0,18.0,13.0,17.0,10.0,70.0,1.0,,,2.0,72.0,General low-debt support,58.12,0.0,,67.67,Strong,"Above 50 DMA, Above 200 DMA, Strong but overbought RSI, Near 52W high momentum, Strong volume expansion, Strong positive day move, Positive 1M return, Positive 3M return, Strong 6M absolute return, 6M Nifty outperformance, Positive across 1M/3M/6M, 80.0% of closes stayed inside the range | Range width 14.1% | Currently 100.0% through the range | Above upper band on elevated volume"
PHOENIXLTD,Real Estate,Real Estate - Diversified,1859.77,2.02,589.78,1966.52,215.33,5.43,65.56,1632.56,1288.79,636362.2,427046.0,0.67,Bullish,70.0,"Above 50 DMA, Above 200 DMA, Healthy RSI momentum, Near 52W high momentum, Strong positive day move",15.87,28.71,66.16,7.43,8.23,11.59,8.44,20.48,54.57,100.0,"Strong 1M absolute return, Strong 3M absolute return, Strong 6M absolute return, 1M Nifty outperformance, 3M Nifty outperformance, 6M Nifty outperformance, Positive across 1M/3M/6M",35.0,Profit Booking Zone,81.38,1239.99,1775.89,43.22,100.0,80.0% of closes stayed inside the range | Range width 43.2% | Currently 100.0% through the range,11.62,5.71,50.05,28.19,49.9,-17.66,49.05,1.54,1.19,454.44,4639.24,2160.94,487.29,52.0776,38.1787,6.199,13.0,0.324,68134.93,93.68,Cement / Realty,16.0,10.0,13.0,17.0,7.0,63.0,1.0,,Earnings contraction,2.0,65.0,General low-debt support,62.51,7.0,Earnings contraction,67.63,Strong,"Above 50 DMA, Above 200 DMA, Healthy RSI momentum, Near 52W high momentum, Strong positive day move, Strong 1M absolute return, Strong 3M absolute return, Strong 6M absolute return, 1M Nifty outperformance, 3M Nifty outperformance, 6M Nifty outperformance, Positive across 1M/3M/6M, 80.0% of closes stayed inside the range | Range width 43.2% | Currently 100.0% through the range"
HAVELLS,Industrials,Electrical Equipment & Parts,1855.68,0.2,998.35,1957.01,85.87,5.18,57.88,1762.14,1462.1,1715900.8,738610.0,0.43,Bullish,65.0,"Above 50 DMA, Above 200 DMA, Healthy RSI momentum, Near 52W high momentum, Positive day move",5.01,22.31,38.53,7.43,8.23,11.59,-2.42,14.08,26.94,88.0,"Positive 1M return, Strong 3M absolute return, Strong 6M absolute return, 3M Nifty outperformance, 6M Nifty outperformance, Positive across 1M/3M/6M",54.71,Profit Booking Zone,81.04,1325.52,1836.0,38.51,100.0,80.0% of closes stayed inside the range | Range width 38.5% | Currently 100.0% through the range,17.06,10.22,8.49,6.88,9.92,18.57,4.07,1.84,1.05,265.57,303.16,1952.89,1166.82,49.012,38.6678,8.3918,94.0,0.3,79386.55,32.03,Capital Goods / Infra,11.0,13.0,15.0,17.0,7.0,63.0,1.0,,,0.0,63.0,,68.32,3.0,Low volume participation,67.55,Strong,"Above 50 DMA, Above 200 DMA, Healthy RSI momentum, Near 52W high momentum, Positive day move, Positive 1M return, Strong 3M absolute return, Strong 6M absolute return, 3M Nifty outperformance, 6M Nifty outperformance, Positive across 1M/3M/6M, 80.0% of closes stayed inside the range | Range width 38.5% | Currently 100.0% through the range"
BHARATFORG,Consumer Cyclical,Auto Parts,1645.41,0.77,660.33,1777.61,149.18,7.44,57.16,1495.75,1219.94,1584812.65,1511383.0,0.95,Bullish,65.0,"Above 50 DMA, Above 200 DMA, Healthy RSI momentum, Near 52W high momentum, Positive day move",11.25,44.57,34.39,7.43,8.23,11.59,3.82,36.34,22.8,95.0,"Strong 1M absolute return, Strong 3M absolute return, Strong 6M absolute return, 3M Nifty outperformance, 6M Nifty outperformance, Positive across 1M/3M/6M",17.35,Profit Booking Zone,79.65,1105.4,1633.72,47.79,100.0,80.0% of closes stayed inside the range | Range width 47.8% | Currently 100.0% through the range,13.27,4.92,11.72,6.32,22.41,80.01,110.84,1.08,0.73,1313.55,7947.53,1664.39,140.37,140.9275,43.1994,10.3879,41.0,0.54,99514.15,53.26,Automobile,10.0,18.0,4.0,17.0,5.0,54.0,1.0,,Very high PE,0.0,54.0,,57.33,0.0,,67.5,Strong,"Above 50 DMA, Above 200 DMA, Healthy RSI momentum, Near 52W high momentum, Positive day move, Strong 1M absolute return, Strong 3M absolute return, Strong 6M absolute return, 3M Nifty outperformance, 6M Nifty outperformance, Positive across 1M/3M/6M, 80.0% of closes stayed inside the range | Range width 47.8% | Currently 100.0% through the range"
ADANIPORTS,Industrials,Marine Shipping,1490.09,-0.46,387.26,1599.91,284.78,6.86,60.83,1371.41,1129.19,6237697.65,2980840.0,0.48,Bullish,60.0,"Above 50 DMA, Above 200 DMA, Healthy RSI momentum, Near 52W high momentum",11.48,7.55,48.49,7.43,8.23,11.59,4.05,-0.68,36.9,70.0,"Strong 1M absolute return, Positive 3M return, Strong 6M absolute return, 6M Nifty outperformance, Positive across 1M/3M/6M",71.76,Profit Booking Zone,82.61,1186.43,1436.11,21.04,100.0,80.0% of closes stayed inside the range | Range width 21.0% | Currently 100.0% through the range,15.32,6.82,45.5,30.36,28.1,52.78,92.86,1.06,1.03,1575.73,49166.66,15017.58,7601.28,28.4908,21.3027,3.9976,45.0,0.507,383609.18,64.4,Capital Goods / Infra,18.0,20.0,8.0,17.0,11.0,74.0,1.0,,,5.0,79.0,Strong order-book-driven revenue growth,68.32,3.0,Low volume participation,67.4,Strong,"Above 50 DMA, Above 200 DMA, Healthy RSI momentum, Near 52W high momentum, Strong 1M absolute return, Positive 3M return, Strong 6M absolute return, 6M Nifty outperformance, Positive across 1M/3M/6M, 80.0% of closes stayed inside the range | Range width 21.0% | Currently 100.0% through the range"
ENDURANCE,Consumer Cyclical,Auto Parts,2718.14,-0.06,1160.92,3026.82,134.14,10.2,73.42,2265.19,1880.3,215743.5,92557.0,0.43,Bullish,47.0,"Above 50 DMA, Above 200 DMA, Strong but overbought RSI, Near 52W high momentum",16.25,44.82,46.98,7.43,8.23,11.59,8.82,36.59,35.39,100.0,"Strong 1M absolute return, Strong 3M absolute return, Strong 6M absolute return, 1M Nifty outperformance, 3M Nifty outperformance, 6M Nifty outperformance, Positive across 1M/3M/6M",8.16,Profit Booking Zone,76.01,1778.78,2612.43,46.87,100.0,80.0% of closes stayed inside the range | Range width 46.9% | Currently 100.0% through the range,13.67,8.63,8.54,6.75,16.21,41.89,15.38,1.69,1.3,504.63,765.34,1057.09,222.26,44.723,30.1333,6.2092,38.0,0.723,42475.96,42.33,Automobile,11.0,18.0,15.0,17.0,7.0,68.0,1.0,,,2.0,70.0,General low-debt support,57.33,3.0,Low volume participation,66.85,Strong,"Above 50 DMA, Above 200 DMA, Strong but overbought RSI, Near 52W high momentum, Strong 1M absolute return, Strong 3M absolute return, Strong 6M absolute return, 1M Nifty outperformance, 3M Nifty outperformance, 6M Nifty outperformance, Positive across 1M/3M/6M, 80.0% of closes stayed inside the range | Range width 46.9% | Currently 100.0% through the range"
NAUKRI,Communication Services,Internet Content & Information,1330.2,-1.1,650.59,1376.12,104.46,3.34,63.25,1223.05,1032.75,1537713.0,371415.0,0.24,Bullish,60.0,"Above 50 DMA, Above 200 DMA, Healthy RSI momentum, Near 52W high momentum",12.36,19.1,30.83,7.43,8.23,11.59,4.93,10.87,19.24,85.0,"Strong 1M absolute return, Positive 3M return, Strong 6M absolute return, 3M Nifty outperformance, 6M Nifty outperformance, Positive across 1M/3M/6M",42.86,Profit Booking Zone,81.99,1007.28,1261.04,25.19,100.0,80.0% of closes stayed inside the range | Range width 25.2% | Currently 100.0% through the range,1.9,1.59,29.2,22.68,8.13,635.53,0.81,2.9,,331.9,246.39,702.3,672.6,54.3867,57.9013,2.2877,1.06,0.288,86732.07,56.39,Telecom,12.0,15.0,17.0,17.0,7.0,68.0,0.93,Cash covers debt,,2.0,70.0,General low-debt support,57.74,3.0,Low volume participation,66.41,Strong,"Above 50 DMA, Above 200 DMA, Healthy RSI momentum, Near 52W high momentum, Cash covers debt, Strong 1M absolute return, Positive 3M return, Strong 6M absolute return, 3M Nifty outperformance, 6M Nifty outperformance, Positive across 1M/3M/6M, 80.0% of closes stayed inside the range | Range width 25.2% | Currently 100.0% through the range"
NATIONALUM,Basic Materials,Aluminum,177.39,0.43,56.5,188.07,213.95,5.68,57.04,170.59,127.1,15005149.4,11398241.0,0.76,Bullish,65.0,"Above 50 DMA, Above 200 DMA, Healthy RSI momentum, Near 52W high momentum, Positive day move",10.46,17.08,53.2,7.43,8.23,11.59,3.03,8.85,41.61,70.0,"Strong 1M absolute return, Positive 3M return, Strong 6M absolute return, 6M Nifty outperformance, Positive across 1M/3M/6M",35.09,Profit Booking Zone,80.66,123.92,174.74,41.01,100.0,80.0% of closes stayed inside the range | Range width 41.0% | Currently 100.0% through the range,13.82,10.34,16.33,15.21,-7.77,38.6,0.67,1.89,1.33,43.49,96.38,2727.08,1071.13,10.5607,10.8213,3.5699,1.03,0.709,77138.53,71.34,Metals / Mining,16.0,10.0,15.0,17.0,9.0,67.0,1.0,,Revenue contraction,2.0,69.0,General low-debt support,55.51,0.0,,66.23,Strong,"Above 50 DMA, Above 200 DMA, Healthy RSI momentum, Near 52W high momentum, Positive day move, Strong 1M absolute return, Positive 3M return, Strong 6M absolute return, 6M Nifty outperformance, Positive across 1M/3M/6M, 80.0% of closes stayed inside the range | Range width 41.0% | Currently 100.0% through the range"
WELCORP,Basic Materials,Steel,605.17,3.06,171.25,619.88,253.39,2.37,66.82,555.97,513.09,2226107.75,1537731.0,0.69,Bullish,70.0,"Above 50 DMA, Above 200 DMA, Healthy RSI momentum, Near 52W high momentum, Strong positive day move",25.05,9.96,12.94,7.43,8.23,11.59,17.62,1.73,1.35,55.0,"Strong 1M absolute return, Positive 3M return, Positive 6M return, 1M Nifty outperformance, Positive across 1M/3M/6M",52.63,Profit Booking Zone,85.42,506.85,589.4,16.29,100.0,80.0% of closes stayed inside the range | Range width 16.3% | Currently 100.0% through the range,19.77,9.37,7.59,6.57,78.09,437.23,34.36,1.53,0.95,818.73,1929.9,1305.99,1007.03,21.3148,18.9284,5.3809,27.0,0.473,49249.35,38.4,Metals / Mining,13.0,20.0,11.0,17.0,11.0,72.0,1.0,Strong ROE,,4.0,76.0,"General quality ROE, General low-debt support",55.51,0.0,,66.18,Strong,"Above 50 DMA, Above 200 DMA, Healthy RSI momentum, Near 52W high momentum, Strong positive day move, Strong ROE, Strong 1M absolute return, Positive 3M return, Positive 6M return, 1M Nifty outperformance, Positive across 1M/3M/6M, 80.0% of closes stayed inside the range | Range width 16.3% | Currently 100.0% through the range"
COCHINSHIP,Industrials,Aerospace & Defense,2645.48,10.0,154.78,2645.48,1609.23,0.0,79.12,1756.51,967.12,5399150.05,13026739.0,2.41,Bullish,72.0,"Above 50 DMA, Above 200 DMA, Strong but overbought RSI, Near 52W high momentum, Strong volume expansion, Strong positive day move",59.09,172.06,300.08,7.43,8.23,11.59,51.66,163.83,288.49,100.0,"Strong 1M absolute return, Strong 3M absolute return, Strong 6M absolute return, 1M Nifty outperformance, 3M Nifty outperformance, 6M Nifty outperformance, Positive across 1M/3M/6M",22.94,Breakout Watch,73.29,818.9,2105.9,157.16,100.0,80.0% of closes stayed inside the range | Range width 157.2% | Currently 100.0% through the range | Above upper band on elevated volume,15.66,6.5,22.46,20.88,61.76,157.06,10.04,1.32,1.17,306.41,502.2,-171.59,-805.41,55.3066,34.0724,6.7461,89.0,0.582,39619.97,34.96,Capital Goods / Infra,17.0,20.0,13.0,0.0,7.0,57.0,1.0,,"Negative operating cash flow, Negative free cash flow",5.0,62.0,Strong order-book-driven revenue growth,68.32,9.0,"Negative operating cash flow, Negative free cash flow",65.95,Strong,"Above 50 DMA, Above 200 DMA, Strong but overbought RSI, Near 52W high momentum, Strong volume expansion, Strong positive day move, Strong 1M absolute return, Strong 3M absolute return, Strong 6M absolute return, 1M Nifty outperformance, 3M Nifty outperformance, 6M Nifty outperformance, Positive across 1M/3M/6M, 80.0% of closes stayed inside the range | Range width 157.2% | Currently 100.0% through the range | Above upper band on elevated volume"
GAIL,Utilities,Utilities - Regulated Gas,203.62,-0.45,72.05,216.66,182.59,6.02,55.83,193.01,153.48,25719943.95,15067769.0,0.59,Bullish,60.0,"Above 50 DMA, Above 200 DMA, Healthy RSI momentum, Near 52W high momentum",12.3,19.56,43.86,7.43,8.23,11.59,4.87,11.33,32.27,85.0,"Strong 1M absolute return, Positive 3M return, Strong 6M absolute return, 3M Nifty outperformance, 6M Nifty outperformance, Positive across 1M/3M/6M",23.53,Profit Booking Zone,80.7,150.23,201.0,33.79,100.0,80.0% of closes stayed inside the range | Range width 33.8% | Currently 100.0% through the range,12.86,7.94,8.34,7.45,-8.58,76.27,28.3,0.94,0.66,1146.03,21793.77,12585.72,84.55,11.6689,9.7283,1.3128,3.14,0.515,117003.53,18.75,Energy / Utilities,9.0,10.0,7.0,17.0,15.0,58.0,1.0,,Revenue contraction,2.0,60.0,General low-debt support,54.93,0.0,,65.49,Strong,"Above 50 DMA, Above 200 DMA, Healthy RSI momentum, Near 52W high momentum, Strong 1M absolute return, Positive 3M return, Strong 6M absolute return, 3M Nifty outperformance, 6M Nifty outperformance, Positive across 1M/3M/6M, 80.0% of closes stayed inside the range | Range width 33.8% | Currently 100.0% through the range"
BAJAJ-AUTO,Consumer Cyclical,Auto Manufacturers,9098.95,0.41,3203.99,9654.79,183.99,5.76,50.84,8836.79,7089.53,324917.15,234656.0,0.72,Bullish,65.0,"Above 50 DMA, Above 200 DMA, Healthy RSI momentum, Near 52W high momentum, Positive day move",-0.67,2.82,42.28,7.43,8.23,11.59,-8.1,-5.41,30.69,45.0,"Positive 3M return, Strong 6M absolute return, 6M Nifty outperformance",64.29,Profit Booking Zone,81.99,6966.02,9236.96,32.6,93.92,80.8% of closes stayed inside the range | Range width 32.6% | Currently 93.9% through the range,26.61,19.58,18.89,17.61,23.71,27.19,6.17,1.3,1.12,560.45,1785.9,6551.53,5828.69,27.8148,24.7664,8.4212,1.28,0.633,321520.48,34.19,Automobile,23.0,18.0,13.0,17.0,8.0,79.0,1.0,Strong ROE,,4.0,83.0,"General quality ROE, General low-debt support",57.33,0.0,,65.15,Strong,"Above 50 DMA, Above 200 DMA, Healthy RSI momentum, Near 52W high momentum, Positive day move, Strong ROE, Positive 3M return, Strong 6M absolute return, 6M Nifty outperformance, 80.8% of closes stayed inside the range | Range width 32.6% | Currently 93.9% through the range"
MOTHERSON,Consumer Cyclical,Auto Parts,135.61,0.48,40.29,137.12,236.54,1.11,80.8,100.92,76.67,51847690.05,33270364.0,0.64,Bullish,52.0,"Above 50 DMA, Above 200 DMA, Strong but overbought RSI, Near 52W high momentum, Positive day move",35.86,70.79,111.54,7.43,8.23,11.59,28.43,62.56,99.95,100.0,"Strong 1M absolute return, Strong 3M absolute return, Strong 6M absolute return, 1M Nifty outperformance, 3M Nifty outperformance, 6M Nifty outperformance, Positive across 1M/3M/6M",8.16,Profit Booking Zone,74.47,72.21,118.51,64.12,100.0,80.0% of closes stayed inside the range | Range width 64.1% | Currently 100.0% through the range,10.39,3.19,5.72,2.78,25.57,81.61,76.17,0.97,0.75,6743.2,19921.9,7568.9,3443.5,40.7452,24.4622,4.356,30.0,1.034,178504.36,43.82,Automobile,2.0,20.0,4.0,17.0,9.0,52.0,1.0,,,0.0,52.0,,57.33,0.0,,64.8,Watchlist,"Above 50 DMA, Above 200 DMA, Strong but overbought RSI, Near 52W high momentum, Positive day move, Strong 1M absolute return, Strong 3M absolute return, Strong 6M absolute return, 1M Nifty outperformance, 3M Nifty outperformance, 6M Nifty outperformance, Positive across 1M/3M/6M, 80.0% of closes stayed inside the range | Range width 64.1% | Currently 100.0% through the range"
ABBOTINDIA,Healthcare,Drug Manufacturers - Specialty & Generic,26506.99,1.1,16232.57,28156.74,63.3,5.86,62.84,25342.11,24088.47,15764.75,10482.0,0.66,Bullish,65.0,"Above 50 DMA, Above 200 DMA, Healthy RSI momentum, Near 52W high momentum, Positive day move",1.56,2.27,23.33,7.43,8.23,11.59,-5.87,-5.96,11.74,38.0,"Positive 1M return, Positive 3M return, Positive 6M return, Positive across 1M/3M/6M",63.1,Profit Booking Zone,81.51,24383.29,27174.25,11.45,76.09,80.0% of closes stayed inside the range | Range width 11.4% | Currently 76.1% through the range,32.48,23.13,24.04,20.54,9.36,26.52,2.25,2.42,1.96,291.74,83.23,1212.81,1164.48,38.4784,31.1337,12.5248,1.87,0.056,59795.54,46.52,Pharma / Healthcare,24.0,15.0,20.0,17.0,6.0,82.0,1.0,"Strong ROE, Cash covers debt",,4.0,86.0,"General quality ROE, General low-debt support",58.12,0.0,,64.57,Watchlist,"Above 50 DMA, Above 200 DMA, Healthy RSI momentum, Near 52W high momentum, Positive day move, Strong ROE, Cash covers debt, Positive 1M return, Positive 3M return, Positive 6M return, Positive across 1M/3M/6M, 80.0% of closes stayed inside the range | Range width 11.4% | Currently 76.1% through the range"
INFY,Technology,Information Technology Services,1551.58,1.43,1064.05,1597.03,45.82,2.85,79.93,1373.6,1394.49,8807444.3,8008311.0,0.91,Bullish,52.0,"Above 50 DMA, Above 200 DMA, Strong but overbought RSI, Near 52W high momentum, Positive day move",15.42,13.54,7.74,7.43,8.23,11.59,7.99,5.31,-3.85,55.0,"Strong 1M absolute return, Positive 3M return, Positive 6M return, 1M Nifty outperformance, Positive across 1M/3M/6M",52.94,Profit Booking Zone,81.46,1315.19,1545.59,17.52,100.0,80.0% of closes stayed inside the range | Range width 17.5% | Currently 100.0% through the range,29.99,19.17,20.74,17.06,1.92,6.24,9.49,2.31,,177.3,100.2,314.8,288.2,15.4324,14.7125,5.1946,4.2,0.107,476334.99,29.68,IT / Technology,23.0,2.0,17.0,17.0,13.0,72.0,0.93,"Strong ROE, Cash covers debt",,10.0,82.0,"Strong ROE for an asset-light business, Strong operating margin",60.12,0.0,,64.47,Watchlist,"Above 50 DMA, Above 200 DMA, Strong but overbought RSI, Near 52W high momentum, Positive day move, Strong ROE, Cash covers debt, Strong 1M absolute return, Positive 3M return, Positive 6M return, 1M Nifty outperformance, Positive across 1M/3M/6M, 80.0% of closes stayed inside the range | Range width 17.5% | Currently 100.0% through the range"
ETERNAL,Consumer Cyclical,Internet Retail,207.44,-0.48,44.35,213.95,367.73,3.04,65.28,190.83,148.72,44953442.75,30004307.0,0.67,Bullish,60.0,"Above 50 DMA, Above 200 DMA, Healthy RSI momentum, Near 52W high momentum",12.86,13.29,68.38,7.43,8.23,11.59,5.43,5.06,56.79,80.0,"Strong 1M absolute return, Positive 3M return, Strong 6M absolute return, 1M Nifty outperformance, 6M Nifty outperformance, Positive across 1M/3M/6M",31.63,Profit Booking Zone,79.21,137.1,197.07,43.74,100.0,80.0% of closes stayed inside the range | Range width 43.7% | Currently 100.0% through the range,1.72,1.5,-3.16,2.9,72.2,136.15,3.67,2.62,2.58,309.0,749.0,646.0,431.0,713.75,82.0471,9.2835,,0.225,289095.37,35.19,Consumer Discretionary,0.0,20.0,17.0,17.0,3.0,57.0,0.93,,Very high PE,2.0,59.0,General low-debt support,57.33,0.0,,64.25,Watchlist,"Above 50 DMA, Above 200 DMA, Healthy RSI momentum, Near 52W high momentum, Strong 1M absolute return, Positive 3M return, Strong 6M absolute return, 1M Nifty outperformance, 6M Nifty outperformance, Positive across 1M/3M/6M, 80.0% of closes stayed inside the range | Range width 43.7% | Currently 100.0% through the range"
JSL,Basic Materials,Steel,826.91,1.09,115.54,834.2,615.7,0.87,62.94,748.37,608.15,924010.75,587820.0,0.64,Bullish,65.0,"Above 50 DMA, Above 200 DMA, Healthy RSI momentum, Near 52W high momentum, Positive day move",7.4,16.46,45.92,7.43,8.23,11.59,-0.03,8.23,34.33,63.0,"Positive 1M return, Positive 3M return, Strong 6M absolute return, 6M Nifty outperformance, Positive across 1M/3M/6M",42.11,Profit Booking Zone,81.24,584.76,802.18,37.18,100.0,80.0% of closes stayed inside the range | Range width 37.2% | Currently 100.0% through the range,18.9,8.8,9.47,7.06,7.98,28.31,42.15,1.47,0.68,1229.7,6052.26,4818.13,3343.22,18.7427,14.2066,13.508,55.0,0.554,60799.26,21.99,Metals / Mining,13.0,12.0,9.0,17.0,11.0,62.0,1.0,Strong ROE,,4.0,66.0,"General quality ROE, General low-debt support",55.51,0.0,,63.43,Watchlist,"Above 50 DMA, Above 200 DMA, Healthy RSI momentum, Near 52W high momentum, Positive day move, Strong ROE, Positive 1M return, Positive 3M return, Strong 6M absolute return, 6M Nifty outperformance, Positive across 1M/3M/6M, 80.0% of closes stayed inside the range | Range width 37.2% | Currently 100.0% through the range"
ONGC,Energy,Oil & Gas Integrated,249.59,0.86,96.9,263.91,157.57,5.43,56.02,245.89,210.11,17783537.0,13444669.0,0.76,Bullish,65.0,"Above 50 DMA, Above 200 DMA, Healthy RSI momentum, Near 52W high momentum, Positive day move",11.94,1.67,34.95,7.43,8.23,11.59,4.51,-6.56,23.36,70.0,"Strong 1M absolute return, Positive 3M return, Strong 6M absolute return, 6M Nifty outperformance, Positive across 1M/3M/6M",35.71,Profit Booking Zone,82.62,208.67,252.62,21.06,93.09,80.0% of closes stayed inside the range | Range width 21.1% | Currently 93.1% through the range,14.49,6.62,12.87,8.21,-4.9,33.87,56.39,0.83,0.51,2685.95,191195.23,98846.6,46727.79,6.909,5.754,0.809,6.06,0.107,300731.57,35.33,Energy / Utilities,12.0,10.0,4.0,17.0,15.0,58.0,1.0,,Revenue contraction,2.0,60.0,General low-debt support,56.28,0.0,,63.19,Watchlist,"Above 50 DMA, Above 200 DMA, Healthy RSI momentum, Near 52W high momentum, Positive day move, Strong 1M absolute return, Positive 3M return, Strong 6M absolute return, 6M Nifty outperformance, Positive across 1M/3M/6M, 80.0% of closes stayed inside the range | Range width 21.1% | Currently 93.1% through the range"
DRREDDY,Healthcare,Drug Manufacturers - Specialty & Generic,1272.06,0.83,778.62,1284.36,63.37,0.96,72.16,1186.66,1155.37,3076709.5,1744245.0,0.57,Bullish,52.0,"Above 50 DMA, Above 200 DMA, Strong but overbought RSI, Near 52W high momentum, Positive day move",11.25,3.88,10.6,7.43,8.23,11.59,3.82,-4.35,-0.99,45.0,"Strong 1M absolute return, Positive 3M return, Positive 6M return, Positive across 1M/3M/6M",52.38,Profit Booking Zone,82.58,1135.4,1249.52,10.05,100.0,80.0% of closes stayed inside the range | Range width 10.1% | Currently 100.0% through the range,19.85,14.37,23.39,19.95,13.54,23.56,7.14,2.58,1.92,710.7,2002.0,4543.3,1799.8,30.1735,20.2046,2.607,66.0,0.242,99960.01,50.18,Pharma / Healthcare,22.0,13.0,17.0,17.0,13.0,82.0,1.0,Strong ROE,,4.0,86.0,"General quality ROE, General low-debt support",58.12,0.0,,63.07,Watchlist,"Above 50 DMA, Above 200 DMA, Strong but overbought RSI, Near 52W high momentum, Positive day move, Strong ROE, Strong 1M absolute return, Positive 3M return, Positive 6M return, Positive across 1M/3M/6M, 80.0% of closes stayed inside the range | Range width 10.1% | Currently 100.0% through the range"
TORNTPHARM,Healthcare,Drug Manufacturers - Specialty & Generic,2817.72,1.16,1388.75,2919.27,102.9,3.48,62.02,2680.54,2330.92,247546.0,318200.0,1.29,Bullish,70.0,"Above 50 DMA, Above 200 DMA, Healthy RSI momentum, Near 52W high momentum, Normal volume support, Positive day move",3.45,7.79,28.58,7.43,8.23,11.59,-3.98,-0.44,16.99,53.0,"Positive 1M return, Positive 3M return, Positive 6M return, 6M Nifty outperformance, Positive across 1M/3M/6M",47.62,Profit Booking Zone,85.51,2402.91,2780.0,15.69,100.0,80.0% of closes stayed inside the range | Range width 15.7% | Currently 100.0% through the range,24.16,11.0,24.35,15.68,11.61,33.02,58.66,1.03,0.61,835.14,4021.94,3266.08,2833.3,78.2379,52.2222,19.7416,78.0,0.145,186114.0,75.98,Pharma / Healthcare,20.0,15.0,6.0,17.0,5.0,63.0,1.0,Strong ROE,,4.0,67.0,"General quality ROE, General low-debt support",58.12,0.0,,62.92,Watchlist,"Above 50 DMA, Above 200 DMA, Healthy RSI momentum, Near 52W high momentum, Normal volume support, Positive day move, Strong ROE, Positive 1M return, Positive 3M return, Positive 6M return, 6M Nifty outperformance, Positive across 1M/3M/6M, 80.0% of closes stayed inside the range | Range width 15.7% | Currently 100.0% through the range"
DIXON,Technology,Consumer Electronics,12648.3,0.08,2549.37,12868.67,396.13,1.71,79.65,9755.01,7038.7,480684.35,455066.0,0.95,Bullish,52.0,"Above 50 DMA, Above 200 DMA, Strong but overbought RSI, Near 52W high momentum, Positive day move",33.66,59.92,95.81,7.43,8.23,11.59,26.23,51.69,84.22,100.0,"Strong 1M absolute return, Strong 3M absolute return, Strong 6M absolute return, 1M Nifty outperformance, 3M Nifty outperformance, 6M Nifty outperformance, Positive across 1M/3M/6M",11.76,Profit Booking Zone,71.98,6272.0,11333.42,80.7,100.0,80.0% of closes stayed inside the range | Range width 80.7% | Currently 100.0% through the range,21.7,5.26,3.08,2.09,44.69,43.92,28.85,1.02,0.66,198.0,488.98,584.31,-0.12,40.4977,49.0426,15.3722,6.0,-0.156,83906.61,6.87,IT / Technology,8.0,20.0,9.0,9.0,4.0,50.0,1.0,Strong ROE,Negative free cash flow,5.0,55.0,Strong ROE for an asset-light business,60.12,4.0,Negative free cash flow,62.27,Watchlist,"Above 50 DMA, Above 200 DMA, Strong but overbought RSI, Near 52W high momentum, Positive day move, Strong ROE, Strong 1M absolute return, Strong 3M absolute return, Strong 6M absolute return, 1M Nifty outperformance, 3M Nifty outperformance, 6M Nifty outperformance, Positive across 1M/3M/6M, 80.0% of closes stayed inside the range | Range width 80.7% | Currently 100.0% through the range"
NHPC,Utilities,Utilities - Renewable,98.46,2.11,29.88,112.15,229.54,12.2,57.07,94.75,73.32,50923086.75,81824578.0,1.61,Bullish,80.0,"Above 50 DMA, Above 200 DMA, Healthy RSI momentum, Near 52W high momentum, Volume expansion, Strong positive day move",6.42,12.36,61.95,7.43,8.23,11.59,-1.01,4.13,50.36,63.0,"Positive 1M return, Positive 3M return, Strong 6M absolute return, 6M Nifty outperformance, Positive across 1M/3M/6M",50.0,Profit Booking Zone,85.25,73.96,97.24,31.48,100.0,80.0% of closes stayed inside the range | Range width 31.5% | Currently 100.0% through the range,9.3,3.9,43.32,38.86,-11.7,-7.87,84.76,1.27,1.24,1499.4,32776.44,7252.14,282.82,28.1502,12.0078,1.8676,2.09,0.191,77196.09,93.4,Energy / Utilities,14.0,0.0,8.0,17.0,13.0,52.0,1.0,,"Revenue contraction, Earnings contraction",0.0,52.0,,54.93,0.0,,62.19,Watchlist,"Above 50 DMA, Above 200 DMA, Healthy RSI momentum, Near 52W high momentum, Volume expansion, Strong positive day move, Positive 1M return, Positive 3M return, Strong 6M absolute return, 6M Nifty outperformance, Positive across 1M/3M/6M, 80.0% of closes stayed inside the range | Range width 31.5% | Currently 100.0% through the range"
SBIN,Financial Services,Banks - Regional,808.21,-0.08,463.91,878.22,74.22,7.97,52.6,790.66,659.8,19071823.8,13372587.0,0.7,Bullish,60.0,"Above 50 DMA, Above 200 DMA, Healthy RSI momentum, Near 52W high momentum",6.27,11.35,31.01,7.43,8.23,11.59,-1.16,3.12,19.42,63.0,"Positive 1M return, Positive 3M return, Strong 6M absolute return, 6M Nifty outperformance, Positive across 1M/3M/6M",30.81,Profit Booking Zone,80.55,599.57,808.12,34.78,100.0,80.0% of closes stayed inside the range | Range width 34.8% | Currently 100.0% through the range,16.17,1.0,,20.73,19.71,20.55,134.12,,,597567.78,556503.24,21632.43,17457.3,11.5734,10.297,1.6754,1.63,0.385,998752.81,0.0,Banking,10.0,16.0,5.0,17.0,14.0,62.0,0.79,Cash covers debt,,6.0,68.0,Strong ROE for a leveraged-balance-sheet business,50.77,0.0,,62.17,Watchlist,"Above 50 DMA, Above 200 DMA, Healthy RSI momentum, Near 52W high momentum, Cash covers debt, Positive 1M return, Positive 3M return, Strong 6M absolute return, 6M Nifty outperformance, Positive across 1M/3M/6M, 80.0% of closes stayed inside the range | Range width 34.8% | Currently 100.0% through the range"
ADANIPOWER,Utilities,Utilities - Independent Power Producers,142.45,-0.42,26.48,179.17,437.95,20.49,48.21,137.16,106.83,35144396.5,10285225.0,0.29,Bullish,42.0,"Above 50 DMA, Above 200 DMA, RSI recovering",-1.98,21.04,36.08,7.43,8.23,11.59,-9.41,12.81,24.49,70.0,"Strong 3M absolute return, Strong 6M absolute return, 3M Nifty outperformance, 6M Nifty outperformance",32.35,Profit Booking Zone,74.21,106.06,147.69,39.26,87.4,80.0% of closes stayed inside the range | Range width 39.3% | Currently 87.4% through the range,48.28,22.56,29.46,41.62,31.63,94.18,79.8,1.62,1.36,1136.25,34431.07,14170.15,11567.7,27.9716,26.0646,6.1471,,0.475,399173.9,43.48,Energy / Utilities,25.0,20.0,10.0,17.0,7.0,79.0,0.93,Strong ROE,,2.0,81.0,General quality ROE,54.93,3.0,Low volume participation,61.59,Watchlist,"Above 50 DMA, Above 200 DMA, RSI recovering, Strong ROE, Strong 3M absolute return, Strong 6M absolute return, 3M Nifty outperformance, 6M Nifty outperformance, 80.0% of closes stayed inside the range | Range width 39.3% | Currently 87.4% through the range"
VOLTAS,Consumer Cyclical,"Furnishings, Fixtures & Appliances",1432.18,-0.49,724.31,1540.86,97.73,7.05,50.22,1399.16,1074.69,1457486.35,1024620.0,0.7,Bullish,60.0,"Above 50 DMA, Above 200 DMA, Healthy RSI momentum, Near 52W high momentum",-0.67,21.81,49.24,7.43,8.23,11.59,-8.1,13.58,37.65,70.0,"Strong 3M absolute return, Strong 6M absolute return, 3M Nifty outperformance, 6M Nifty outperformance",41.84,Profit Booking Zone,78.51,1027.49,1459.46,42.04,93.68,80.0% of closes stayed inside the range | Range width 42.0% | Currently 93.7% through the range,4.33,2.09,3.44,2.03,32.0,86.65,12.78,1.34,0.97,815.3,743.63,761.51,468.46,113.2572,38.3226,6.6943,31.0,0.138,42684.13,22.23,Consumer Discretionary,0.0,20.0,14.0,17.0,5.0,56.0,1.0,Cash covers debt,Very high PE,2.0,58.0,General low-debt support,57.33,0.0,,61.4,Watchlist,"Above 50 DMA, Above 200 DMA, Healthy RSI momentum, Near 52W high momentum, Cash covers debt, Strong 3M absolute return, Strong 6M absolute return, 3M Nifty outperformance, 6M Nifty outperformance, 80.0% of closes stayed inside the range | Range width 42.0% | Currently 93.7% through the range"
JSWENERGY,Utilities,Utilities - Independent Power Producers,719.75,-1.1,200.89,746.5,258.28,3.58,59.9,634.39,498.5,3279921.2,1864598.0,0.57,Bullish,60.0,"Above 50 DMA, Above 200 DMA, Healthy RSI momentum, Near 52W high momentum",19.14,34.16,78.27,7.43,8.23,11.59,11.71,25.93,66.68,100.0,"Strong 1M absolute return, Strong 3M absolute return, Strong 6M absolute return, 1M Nifty outperformance, 3M Nifty outperformance, 6M Nifty outperformance, Positive across 1M/3M/6M",5.88,Profit Booking Zone,78.87,475.59,694.12,45.95,100.0,80.0% of closes stayed inside the range | Range width 45.9% | Currently 100.0% through the range,8.27,2.96,33.5,15.29,13.67,16.58,151.56,1.19,1.08,3091.74,31573.39,6233.63,-1799.14,43.9269,32.8867,3.191,36.0,0.133,102383.84,66.89,Energy / Utilities,13.0,13.0,4.0,9.0,9.0,48.0,1.0,,Negative free cash flow,0.0,48.0,,54.93,4.0,Negative free cash flow,61.04,Watchlist,"Above 50 DMA, Above 200 DMA, Healthy RSI momentum, Near 52W high momentum, Strong 1M absolute return, Strong 3M absolute return, Strong 6M absolute return, 1M Nifty outperformance, 3M Nifty outperformance, 6M Nifty outperformance, Positive across 1M/3M/6M, 80.0% of closes stayed inside the range | Range width 45.9% | Currently 100.0% through the range"
ICICIBANK,Financial Services,Banks - Regional,1202.97,2.61,770.28,1204.93,56.17,0.16,67.26,1110.94,1011.29,19826894.05,15275791.0,0.77,Bullish,70.0,"Above 50 DMA, Above 200 DMA, Healthy RSI momentum, Near 52W high momentum, Strong positive day move",11.22,14.04,22.58,7.43,8.23,11.59,3.79,5.81,10.99,45.0,"Strong 1M absolute return, Positive 3M return, Positive 6M return, Positive across 1M/3M/6M",50.58,Profit Booking Zone,85.66,983.94,1128.81,14.72,100.0,80.0% of closes stayed inside the range | Range width 14.7% | Currently 100.0% through the range,17.28,1.87,,27.45,18.9,30.03,78.47,,,190129.59,200998.71,157284.48,153605.93,18.4855,15.2309,2.6994,84.0,0.261,1026998.09,0.0,Banking,10.0,18.0,4.0,17.0,15.0,64.0,0.79,,,6.0,70.0,Strong ROE for a leveraged-balance-sheet business,50.77,0.0,,60.87,Watchlist,"Above 50 DMA, Above 200 DMA, Healthy RSI momentum, Near 52W high momentum, Strong positive day move, Strong 1M absolute return, Positive 3M return, Positive 6M return, Positive across 1M/3M/6M, 80.0% of closes stayed inside the range | Range width 14.7% | Currently 100.0% through the range"
DIVISLAB,Healthcare,Drug Manufacturers - Specialty & Generic,4477.4,-0.33,2668.41,4580.26,67.79,2.25,60.15,4182.56,3757.47,425747.3,242990.0,0.57,Bullish,60.0,"Above 50 DMA, Above 200 DMA, Healthy RSI momentum, Near 52W high momentum",0.92,25.44,15.33,7.43,8.23,11.59,-6.51,17.21,3.74,63.0,"Positive 1M return, Strong 3M absolute return, Positive 6M return, 3M Nifty outperformance, Positive across 1M/3M/6M",34.52,Profit Booking Zone,81.32,3437.29,4456.18,29.64,100.0,80.0% of closes stayed inside the range | Range width 29.6% | Currently 100.0% through the range,11.79,10.34,23.5,20.52,1.71,-12.28,0.02,7.57,5.08,363.0,3.0,1261.0,258.0,88.4956,57.207,13.6211,35.0,0.22,228302.97,61.24,Pharma / Healthcare,17.0,0.0,20.0,17.0,5.0,59.0,1.0,Cash covers debt,"Earnings contraction, Very high PE",2.0,61.0,General low-debt support,58.12,0.0,,60.82,Watchlist,"Above 50 DMA, Above 200 DMA, Healthy RSI momentum, Near 52W high momentum, Cash covers debt, Positive 1M return, Strong 3M absolute return, Positive 6M return, 3M Nifty outperformance, Positive across 1M/3M/6M, 80.0% of closes stayed inside the range | Range width 29.6% | Currently 100.0% through the range"
CANBK,Financial Services,Banks - Regional,109.6,0.19,36.32,117.29,201.74,6.55,49.85,108.41,90.72,34698018.1,20110432.0,0.58,Bullish,47.0,"Above 50 DMA, Above 200 DMA, RSI recovering, Positive day move",4.56,1.27,36.54,7.43,8.23,11.59,-2.87,-6.96,24.95,63.0,"Positive 1M return, Positive 3M return, Strong 6M absolute return, 6M Nifty outperformance, Positive across 1M/3M/6M",30.81,Profit Booking Zone,77.05,84.69,111.75,31.94,92.06,80.0% of closes stayed inside the range | Range width 31.9% | Currently 92.1% through the range,16.58,1.0,,23.11,19.4,35.75,65.19,,,151164.69,60061.27,15046.5,13793.35,5.9486,5.6696,1.0172,3.22,0.503,119732.59,0.0,Banking,10.0,18.0,7.0,17.0,15.0,67.0,0.79,Cash covers debt,,6.0,73.0,Strong ROE for a leveraged-balance-sheet business,50.77,0.0,,60.67,Watchlist,"Above 50 DMA, Above 200 DMA, RSI recovering, Positive day move, Cash covers debt, Positive 1M return, Positive 3M return, Strong 6M absolute return, 6M Nifty outperformance, Positive across 1M/3M/6M, 80.0% of closes stayed inside the range | Range width 31.9% | Currently 92.1% through the range"
KPRMILL,Consumer Cyclical,Textile Manufacturing,891.26,2.09,468.75,922.21,90.14,3.36,62.95,831.52,791.87,246116.3,258511.0,1.05,Bullish,75.0,"Above 50 DMA, Above 200 DMA, Healthy RSI momentum, Near 52W high momentum, Normal volume support, Strong positive day move",10.71,5.93,9.91,7.43,8.23,11.59,3.28,-2.3,-1.68,45.0,"Strong 1M absolute return, Positive 3M return, Positive 6M return, Positive across 1M/3M/6M",64.29,Profit Booking Zone,86.35,738.25,864.82,17.14,100.0,80.0% of closes stayed inside the range | Range width 17.1% | Currently 100.0% through the range,18.48,13.73,18.44,13.83,-2.29,-1.07,26.58,2.89,1.14,75.13,1158.42,677.94,354.47,40.8671,29.9392,6.5314,46.0,0.283,37290.43,37.35,Consumer Discretionary,21.0,0.0,14.0,17.0,7.0,59.0,1.0,Strong ROE,"Revenue contraction, Earnings contraction",4.0,63.0,"General quality ROE, General low-debt support",57.33,0.0,,60.65,Watchlist,"Above 50 DMA, Above 200 DMA, Healthy RSI momentum, Near 52W high momentum, Normal volume support, Strong positive day move, Strong ROE, Strong 1M absolute return, Positive 3M return, Positive 6M return, Positive across 1M/3M/6M, 80.0% of closes stayed inside the range | Range width 17.1% | Currently 100.0% through the range"
MAXHEALTH,Healthcare,Medical Care Facilities,913.54,-0.51,351.87,975.35,159.62,6.34,57.13,837.85,728.38,2343607.75,721831.0,0.31,Bullish,60.0,"Above 50 DMA, Above 200 DMA, Healthy RSI momentum, Near 52W high momentum",11.62,11.72,34.02,7.43,8.23,11.59,4.19,3.49,22.43,70.0,"Strong 1M absolute return, Positive 3M return, Strong 6M absolute return, 6M Nifty outperformance, Positive across 1M/3M/6M",27.38,Profit Booking Zone,82.37,728.9,893.8,22.62,100.0,80.0% of closes stayed inside the range | Range width 22.6% | Currently 100.0% through the range,12.58,8.81,24.19,19.92,18.28,-4.16,15.4,1.37,1.3,979.84,1294.56,1121.67,335.72,70.4053,41.5708,9.1232,19.0,0.128,98057.3,62.42,Pharma / Healthcare,19.0,8.0,13.0,17.0,5.0,62.0,1.0,,Earnings contraction,2.0,64.0,General low-debt support,58.12,3.0,Low volume participation,60.62,Watchlist,"Above 50 DMA, Above 200 DMA, Healthy RSI momentum, Near 52W high momentum, Strong 1M absolute return, Positive 3M return, Strong 6M absolute return, 6M Nifty outperformance, Positive across 1M/3M/6M, 80.0% of closes stayed inside the range | Range width 22.6% | Currently 100.0% through the range"
TIINDIA,Industrials,Conglomerates,4314.19,2.99,2024.31,4411.9,113.12,2.21,59.87,3927.05,3573.03,333501.1,132102.0,0.4,Bullish,70.0,"Above 50 DMA, Above 200 DMA, Healthy RSI momentum, Near 52W high momentum, Strong positive day move",16.48,14.78,22.27,7.43,8.23,11.59,9.05,6.55,10.68,55.0,"Strong 1M absolute return, Positive 3M return, Positive 6M return, 1M Nifty outperformance, Positive across 1M/3M/6M",80.59,Profit Booking Zone,84.89,3494.73,4189.25,19.87,100.0,80.0% of closes stayed inside the range | Range width 19.9% | Currently 100.0% through the range,23.65,9.15,9.63,7.38,13.19,26.21,41.25,1.62,1.25,535.93,2103.81,1305.95,454.56,86.5549,37.3799,7.089,16.0,-0.3,54955.18,31.7,Capital Goods / Infra,13.0,15.0,13.0,17.0,5.0,63.0,1.0,Strong ROE,Very high PE,0.0,63.0,,68.32,3.0,Low volume participation,60.55,Watchlist,"Above 50 DMA, Above 200 DMA, Healthy RSI momentum, Near 52W high momentum, Strong positive day move, Strong ROE, Strong 1M absolute return, Positive 3M return, Positive 6M return, 1M Nifty outperformance, Positive across 1M/3M/6M, 80.0% of closes stayed inside the range | Range width 19.9% | Currently 100.0% through the range"
BALKRISIND,Consumer Cyclical,Auto Parts,3099.57,1.14,1750.0,3312.41,77.12,6.43,53.29,2858.78,2538.63,291832.9,115820.0,0.4,Bullish,65.0,"Above 50 DMA, Above 200 DMA, Healthy RSI momentum, Near 52W high momentum, Positive day move",0.79,34.96,25.0,7.43,8.23,11.59,-6.64,26.73,13.41,63.0,"Positive 1M return, Strong 3M absolute return, Positive 6M return, 3M Nifty outperformance, Positive across 1M/3M/6M",46.94,Profit Booking Zone,80.06,2240.76,3142.88,40.26,95.2,80.0% of closes stayed inside the range | Range width 40.3% | Currently 95.2% through the range,16.62,10.75,17.26,15.82,-3.54,39.16,35.01,1.27,0.9,74.62,3099.44,2081.99,983.44,34.3358,24.8272,4.406,75.0,0.321,48269.36,50.17,Automobile,16.0,10.0,9.0,17.0,11.0,63.0,1.0,,Revenue contraction,2.0,65.0,General low-debt support,57.33,3.0,Low volume participation,60.35,Watchlist,"Above 50 DMA, Above 200 DMA, Healthy RSI momentum, Near 52W high momentum, Positive day move, Positive 1M return, Strong 3M absolute return, Positive 6M return, 3M Nifty outperformance, Positive across 1M/3M/6M, 80.0% of closes stayed inside the range | Range width 40.3% | Currently 95.2% through the range"
HDFCBANK,Financial Services,Banks - Regional,838.19,-2.35,646.11,870.64,29.73,3.73,66.72,754.45,737.05,45402557.9,45848658.0,1.01,Bullish,65.0,"Above 50 DMA, Above 200 DMA, Healthy RSI momentum, Near 52W high momentum, Normal volume support",11.3,18.28,2.67,7.43,8.23,11.59,3.87,10.05,-8.92,60.0,"Strong 1M absolute return, Positive 3M return, Positive 6M return, 3M Nifty outperformance, Positive across 1M/3M/6M",36.05,Profit Booking Zone,84.07,680.12,804.64,18.31,100.0,80.0% of closes stayed inside the range | Range width 18.3% | Currently 100.0% through the range,8.96,1.41,,38.8,33.15,25.68,116.5,,,342597.33,809355.21,102232.24,96848.44,15.924,11.6454,1.8511,1.78,0.414,1123335.9,0.0,Banking,8.0,20.0,2.0,17.0,14.0,61.0,0.79,,,0.0,61.0,,50.77,0.0,,60.22,Watchlist,"Above 50 DMA, Above 200 DMA, Healthy RSI momentum, Near 52W high momentum, Normal volume support, Strong 1M absolute return, Positive 3M return, Positive 6M return, 3M Nifty outperformance, Positive across 1M/3M/6M, 80.0% of closes stayed inside the range | Range width 18.3% | Currently 100.0% through the range"
APARINDS,Industrials,Electrical Equipment & Parts,8493.45,-0.85,1147.8,8785.67,639.97,3.33,61.7,7963.68,6287.46,108683.35,125465.0,1.15,Bullish,65.0,"Above 50 DMA, Above 200 DMA, Healthy RSI momentum, Near 52W high momentum, Normal volume support",13.03,25.91,43.43,7.43,8.23,11.59,5.6,17.68,31.84,100.0,"Strong 1M absolute return, Strong 3M absolute return, Strong 6M absolute return, 1M Nifty outperformance, 3M Nifty outperformance, 6M Nifty outperformance, Positive across 1M/3M/6M",22.94,Profit Booking Zone,79.95,5681.24,8282.49,45.79,100.0,80.0% of closes stayed inside the range | Range width 45.8% | Currently 100.0% through the range,21.29,8.58,9.18,5.14,12.54,29.38,12.27,1.54,1.0,584.0,475.61,-283.29,-613.96,57.1429,47.8647,13.4064,38.0,0.152,72330.69,21.59,Capital Goods / Infra,10.0,15.0,18.0,0.0,7.0,50.0,1.0,"Strong ROE, Cash covers debt","Negative operating cash flow, Negative free cash flow",0.0,50.0,,68.32,9.0,"Negative operating cash flow, Negative free cash flow",60.0,Watchlist,"Above 50 DMA, Above 200 DMA, Healthy RSI momentum, Near 52W high momentum, Normal volume support, Strong ROE, Cash covers debt, Strong 1M absolute return, Strong 3M absolute return, Strong 6M absolute return, 1M Nifty outperformance, 3M Nifty outperformance, 6M Nifty outperformance, Positive across 1M/3M/6M, 80.0% of closes stayed inside the range | Range width 45.8% | Currently 100.0% through the range"
VBL,Consumer Defensive,Beverages - Non-Alcoholic,642.92,0.32,179.77,664.13,257.64,3.19,59.23,604.28,504.17,4891226.35,2423345.0,0.5,Bullish,65.0,"Above 50 DMA, Above 200 DMA, Healthy RSI momentum, Near 52W high momentum, Positive day move",8.34,14.94,30.88,7.43,8.23,11.59,0.91,6.71,19.29,63.0,"Positive 1M return, Positive 3M return, Strong 6M absolute return, 6M Nifty outperformance, Positive across 1M/3M/6M",26.09,Profit Booking Zone,83.17,504.72,627.42,24.31,100.0,80.0% of closes stayed inside the range | Range width 24.3% | Currently 100.0% through the range,29.64,13.54,20.01,13.16,20.9,37.3,78.3,1.02,0.5,242.21,5431.31,2390.78,-873.27,44.006,37.7022,7.6091,46.0,0.298,148997.58,55.45,FMCG / Consumer,23.0,18.0,6.0,9.0,7.0,63.0,1.0,Strong ROE,Negative free cash flow,5.0,68.0,Strong ROE for a consumer staples business,53.06,4.0,Negative free cash flow,59.76,Watchlist,"Above 50 DMA, Above 200 DMA, Healthy RSI momentum, Near 52W high momentum, Positive day move, Strong ROE, Positive 1M return, Positive 3M return, Strong 6M absolute return, 6M Nifty outperformance, Positive across 1M/3M/6M, 80.0% of closes stayed inside the range | Range width 24.3% | Currently 100.0% through the range"
AEGISLOG,Energy,Oil & Gas Refining & Marketing,876.77,2.83,235.58,899.61,272.18,2.54,70.5,704.2,447.13,991241.55,375972.0,0.38,Bullish,57.0,"Above 50 DMA, Above 200 DMA, Strong but overbought RSI, Near 52W high momentum, Strong positive day move",26.58,107.64,156.09,7.43,8.23,11.59,19.15,99.41,144.5,100.0,"Strong 1M absolute return, Strong 3M absolute return, Strong 6M absolute return, 1M Nifty outperformance, 3M Nifty outperformance, 6M Nifty outperformance, Positive across 1M/3M/6M",10.71,Profit Booking Zone,70.14,363.04,792.95,118.42,100.0,80.0% of closes stayed inside the range | Range width 118.4% | Currently 100.0% through the range,14.62,7.05,11.18,8.09,-18.36,22.95,68.44,2.73,2.67,1032.3,2665.43,655.53,39.11,36.3676,33.7418,7.3301,1.03,0.55,44383.95,26.48,Energy / Utilities,12.0,8.0,12.0,17.0,6.0,55.0,1.0,,Revenue contraction,2.0,57.0,General low-debt support,56.28,8.0,"Low volume participation, Revenue contraction",59.64,Watchlist,"Above 50 DMA, Above 200 DMA, Strong but overbought RSI, Near 52W high momentum, Strong positive day move, Strong 1M absolute return, Strong 3M absolute return, Strong 6M absolute return, 1M Nifty outperformance, 3M Nifty outperformance, 6M Nifty outperformance, Positive across 1M/3M/6M, 80.0% of closes stayed inside the range | Range width 118.4% | Currently 100.0% through the range"
ASTRAL,Industrials,Building Products & Equipment,2354.56,-1.27,1287.05,2438.47,82.94,3.44,60.83,2171.11,1976.27,619332.25,322610.0,0.52,Bullish,60.0,"Above 50 DMA, Above 200 DMA, Healthy RSI momentum, Near 52W high momentum",11.97,15.49,25.4,7.43,8.23,11.59,4.54,7.26,13.81,45.0,"Strong 1M absolute return, Positive 3M return, Positive 6M return, Positive across 1M/3M/6M",85.88,Profit Booking Zone,82.16,1818.57,2255.45,24.02,100.0,80.0% of closes stayed inside the range | Range width 24.0% | Currently 100.0% through the range,17.13,12.14,12.92,9.7,9.4,19.6,3.75,1.77,0.96,609.4,119.4,823.4,269.5,73.3834,43.7432,9.6923,28.0,0.166,39330.39,39.36,Capital Goods / Infra,15.0,13.0,16.0,17.0,5.0,66.0,1.0,Cash covers debt,,0.0,66.0,,68.32,0.0,,59.6,Watchlist,"Above 50 DMA, Above 200 DMA, Healthy RSI momentum, Near 52W high momentum, Cash covers debt, Strong 1M absolute return, Positive 3M return, Positive 6M return, Positive across 1M/3M/6M, 80.0% of closes stayed inside the range | Range width 24.0% | Currently 100.0% through the range"
PIIND,Basic Materials,Agricultural Inputs,3747.0,-0.17,2827.12,3993.32,32.54,6.17,58.41,3623.83,3547.82,417622.6,250912.0,0.6,Bullish,60.0,"Above 50 DMA, Above 200 DMA, Healthy RSI momentum, Near 52W high momentum",3.4,-1.7,8.96,7.43,8.23,11.59,-4.03,-9.93,-2.63,18.0,"Positive 1M return, Positive 6M return",88.6,Profit Booking Zone,83.06,3360.2,3771.03,12.23,94.15,80.0% of closes stayed inside the range | Range width 12.2% | Currently 94.2% through the range,19.26,15.62,22.87,22.09,17.86,36.76,2.18,3.9,3.14,886.5,190.6,2035.9,1415.5,35.5884,23.3804,3.3541,55.0,,37668.63,57.49,General,22.0,18.0,20.0,17.0,9.0,86.0,1.0,"Strong ROE, Cash covers debt",,4.0,90.0,"General quality ROE, General low-debt support",55.51,0.0,,59.33,Watchlist,"Above 50 DMA, Above 200 DMA, Healthy RSI momentum, Near 52W high momentum, Strong ROE, Cash covers debt, Positive 1M return, Positive 6M return, 80.0% of closes stayed inside the range | Range width 12.2% | Currently 94.2% through the range"
IRFC,Financial Services,Credit Services,171.68,0.7,18.59,193.21,823.3,11.14,57.07,162.6,120.42,38995340.25,35385014.0,0.91,Bullish,65.0,"Above 50 DMA, Above 200 DMA, Healthy RSI momentum, Near 52W high momentum, Positive day move",6.77,21.64,84.26,7.43,8.23,11.59,-0.66,13.41,72.67,88.0,"Positive 1M return, Strong 3M absolute return, Strong 6M absolute return, 3M Nifty outperformance, 6M Nifty outperformance, Positive across 1M/3M/6M",14.53,Profit Booking Zone,82.24,130.65,170.5,30.5,100.0,80.0% of closes stayed inside the range | Range width 30.5% | Currently 100.0% through the range,13.04,1.32,45.47,24.17,12.18,3.97,837.84,0.97,,22.77,412038.51,7914.1,7905.77,16.0765,12.0904,2.0307,3.3,0.33,115342.64,100.0,Financial Services,16.0,7.0,0.0,17.0,15.0,55.0,0.93,,Very high debt,6.0,61.0,High leverage is structural for this sector,50.77,8.0,Very high debt,59.22,Watchlist,"Above 50 DMA, Above 200 DMA, Healthy RSI momentum, Near 52W high momentum, Positive day move, Positive 1M return, Strong 3M absolute return, Strong 6M absolute return, 3M Nifty outperformance, 6M Nifty outperformance, Positive across 1M/3M/6M, 80.0% of closes stayed inside the range | Range width 30.5% | Currently 100.0% through the range"
COROMANDEL,Basic Materials,Agricultural Inputs,1555.11,-0.26,814.36,1662.33,90.96,6.45,66.26,1328.78,1169.88,689679.4,154335.0,0.22,Bullish,60.0,"Above 50 DMA, Above 200 DMA, Healthy RSI momentum, Near 52W high momentum",15.31,39.38,27.41,7.43,8.23,11.59,7.88,31.15,15.82,95.0,"Strong 1M absolute return, Strong 3M absolute return, Positive 6M return, 1M Nifty outperformance, 3M Nifty outperformance, 6M Nifty outperformance, Positive across 1M/3M/6M",12.28,Profit Booking Zone,79.43,1055.93,1502.22,42.27,100.0,80.0% of closes stayed inside the range | Range width 42.3% | Currently 100.0% through the range,17.43,10.36,16.19,11.87,-8.39,-18.42,5.22,2.07,1.28,1126.65,492.12,1427.69,900.8,33.365,21.4553,4.8621,53.0,0.143,61057.99,23.99,General,14.0,0.0,19.0,17.0,11.0,61.0,1.0,Cash covers debt,"Revenue contraction, Earnings contraction",2.0,63.0,General low-debt support,55.51,10.0,"Low volume participation, Earnings contraction",59.13,Watchlist,"Above 50 DMA, Above 200 DMA, Healthy RSI momentum, Near 52W high momentum, Cash covers debt, Strong 1M absolute return, Strong 3M absolute return, Positive 6M return, 1M Nifty outperformance, 3M Nifty outperformance, 6M Nifty outperformance, Positive across 1M/3M/6M, 80.0% of closes stayed inside the range | Range width 42.3% | Currently 100.0% through the range"
COFORGE,Technology,Information Technology Services,1154.33,3.83,611.3,1334.4,88.83,13.5,75.02,992.87,1093.06,2985628.0,5586295.0,1.87,Bullish,67.0,"Above 50 DMA, Above 200 DMA, Strong but overbought RSI, Near 52W high momentum, Volume expansion, Strong positive day move",15.0,6.61,-5.28,7.43,8.23,11.59,7.57,-1.62,-16.87,35.0,"Strong 1M absolute return, Positive 3M return, 1M Nifty outperformance",72.06,Neutral Range,76.2,958.56,1283.16,33.86,60.31,80.0% of closes stayed inside the range | Range width 33.9% | Currently 60.3% through the range,22.28,13.23,12.91,8.97,12.41,16.46,20.02,1.7,,321.3,726.0,903.4,637.9,37.3136,25.1184,6.3441,88.0,0.294,79750.75,37.25,IT / Technology,17.0,13.0,11.0,17.0,7.0,65.0,0.93,Strong ROE,,5.0,70.0,Strong ROE for an asset-light business,60.12,0.0,,59.02,Watchlist,"Above 50 DMA, Above 200 DMA, Strong but overbought RSI, Near 52W high momentum, Volume expansion, Strong positive day move, Strong ROE, Strong 1M absolute return, Positive 3M return, 1M Nifty outperformance, 80.0% of closes stayed inside the range | Range width 33.9% | Currently 60.3% through the range"
UNOMINDA,Consumer Cyclical,Auto Parts,1155.35,-0.29,431.26,1201.84,167.9,3.87,80.29,881.43,704.8,1783616.3,767688.0,0.43,Bullish,47.0,"Above 50 DMA, Above 200 DMA, Strong but overbought RSI, Near 52W high momentum",34.98,68.3,74.49,7.43,8.23,11.59,27.55,60.07,62.9,100.0,"Strong 1M absolute return, Strong 3M absolute return, Strong 6M absolute return, 1M Nifty outperformance, 3M Nifty outperformance, 6M Nifty outperformance, Positive across 1M/3M/6M",8.16,Profit Booking Zone,73.13,631.39,1048.24,66.02,100.0,80.0% of closes stayed inside the range | Range width 66.0% | Currently 100.0% through the range,17.68,8.84,7.63,6.29,25.49,33.95,34.45,1.23,0.78,240.63,1706.33,979.34,-70.0,59.307,38.9381,10.4196,21.0,0.289,71167.06,34.04,Automobile,11.0,20.0,9.0,9.0,7.0,56.0,1.0,,Negative free cash flow,2.0,58.0,General low-debt support,57.33,7.0,"Low volume participation, Negative free cash flow",58.65,Watchlist,"Above 50 DMA, Above 200 DMA, Strong but overbought RSI, Near 52W high momentum, Strong 1M absolute return, Strong 3M absolute return, Strong 6M absolute return, 1M Nifty outperformance, 3M Nifty outperformance, 6M Nifty outperformance, Positive across 1M/3M/6M, 80.0% of closes stayed inside the range | Range width 66.0% | Currently 100.0% through the range"
ICICIGI,Financial Services,Insurance - Diversified,1802.92,-1.38,1022.63,1838.68,76.3,1.94,67.75,1666.64,1511.6,1234357.85,404757.0,0.33,Bullish,60.0,"Above 50 DMA, Above 200 DMA, Healthy RSI momentum, Near 52W high momentum",12.51,8.61,27.65,7.43,8.23,11.59,5.08,0.38,16.06,70.0,"Strong 1M absolute return, Positive 3M return, Positive 6M return, 1M Nifty outperformance, 6M Nifty outperformance, Positive across 1M/3M/6M",25.0,Profit Booking Zone,83.09,1461.01,1721.93,17.86,100.0,80.0% of closes stayed inside the range | Range width 17.9% | Currently 100.0% through the range,15.72,3.03,12.17,8.81,17.22,10.96,0.29,,,334.58,35.0,,2216.33,33.8369,23.2532,4.7882,85.0,0.452,81672.71,21.54,Financial Services,10.0,13.0,12.0,8.0,11.0,54.0,0.79,Cash covers debt,,6.0,60.0,Strong ROE for a leveraged-balance-sheet business,50.77,3.0,Low volume participation,58.12,Watchlist,"Above 50 DMA, Above 200 DMA, Healthy RSI momentum, Near 52W high momentum, Cash covers debt, Strong 1M absolute return, Positive 3M return, Positive 6M return, 1M Nifty outperformance, 6M Nifty outperformance, Positive across 1M/3M/6M, 80.0% of closes stayed inside the range | Range width 17.9% | Currently 100.0% through the range"
IDEA,Communication Services,Telecom Services,17.48,0.06,5.7,19.18,206.67,8.86,59.22,14.99,13.89,669687476.75,644674371.0,0.96,Bullish,65.0,"Above 50 DMA, Above 200 DMA, Healthy RSI momentum, Near 52W high momentum, Positive day move",17.71,29.96,31.92,7.43,8.23,11.59,10.28,21.73,20.33,100.0,"Strong 1M absolute return, Strong 3M absolute return, Strong 6M absolute return, 1M Nifty outperformance, 3M Nifty outperformance, 6M Nifty outperformance, Positive across 1M/3M/6M",17.86,Profit Booking Zone,83.96,12.9,17.03,32.0,100.0,81.7% of closes stayed inside the range | Range width 32.0% | Currently 100.0% through the range,29.99,-16.89,-12.55,-73.38,1.02,-6.61,-234.06,0.24,0.24,167.8,243809.0,20826.1,19212.2,3.6885,-8.9483,-4.0872,,0.436,146263.1,45.2,Telecom,8.0,0.0,9.0,17.0,8.0,42.0,0.93,Strong ROE,"Negative net margin, Earnings contraction",4.0,46.0,"General quality ROE, General low-debt support",57.74,8.0,Negative net margin,58.01,Watchlist,"Above 50 DMA, Above 200 DMA, Healthy RSI momentum, Near 52W high momentum, Positive day move, Strong ROE, Strong 1M absolute return, Strong 3M absolute return, Strong 6M absolute return, 1M Nifty outperformance, 3M Nifty outperformance, 6M Nifty outperformance, Positive across 1M/3M/6M, 81.7% of closes stayed inside the range | Range width 32.0% | Currently 100.0% through the range"
SUZLON,Industrials,Specialty Industrial Machinery,54.03,0.93,6.6,55.7,718.64,3.0,64.98,46.54,39.9,62842355.1,63199465.0,1.01,Bullish,70.0,"Above 50 DMA, Above 200 DMA, Healthy RSI momentum, Near 52W high momentum, Normal volume support, Positive day move",11.52,27.13,41.63,7.43,8.23,11.59,4.09,18.9,30.04,95.0,"Strong 1M absolute return, Strong 3M absolute return, Strong 6M absolute return, 3M Nifty outperformance, 6M Nifty outperformance, Positive across 1M/3M/6M",47.65,Profit Booking Zone,83.79,39.34,50.03,27.15,100.0,80.0% of closes stayed inside the range | Range width 27.2% | Currently 100.0% through the range,16.84,9.2,13.06,10.31,9.37,-76.82,3.83,1.76,1.0,249.57,150.24,79.53,-147.83,20.7675,22.3752,6.6568,,0.657,65086.27,34.49,Capital Goods / Infra,14.0,5.0,18.0,9.0,4.0,50.0,0.93,Cash covers debt,"Earnings contraction, Negative free cash flow",0.0,50.0,,68.32,11.0,"Earnings contraction, Negative free cash flow",58.0,Watchlist,"Above 50 DMA, Above 200 DMA, Healthy RSI momentum, Near 52W high momentum, Normal volume support, Positive day move, Cash covers debt, Strong 1M absolute return, Strong 3M absolute return, Strong 6M absolute return, 3M Nifty outperformance, 6M Nifty outperformance, Positive across 1M/3M/6M, 80.0% of closes stayed inside the range | Range width 27.2% | Currently 100.0% through the range"
HFCL,Technology,Communication Equipment,124.69,5.32,55.45,130.15,124.86,4.2,64.64,104.31,89.01,49887287.85,81231538.0,1.63,Bullish,80.0,"Above 50 DMA, Above 200 DMA, Healthy RSI momentum, Near 52W high momentum, Volume expansion, Strong positive day move",38.76,26.22,51.08,7.43,8.23,11.59,31.33,17.99,39.49,100.0,"Strong 1M absolute return, Strong 3M absolute return, Strong 6M absolute return, 1M Nifty outperformance, 3M Nifty outperformance, 6M Nifty outperformance, Positive across 1M/3M/6M",11.76,Breakout Watch,85.69,88.95,114.29,28.48,100.0,80.0% of closes stayed inside the range | Range width 28.5% | Currently 100.0% through the range | Above upper band on elevated volume,8.34,5.08,11.53,7.4,-5.85,9.58,25.06,2.07,1.71,23.33,991.22,-44.87,-454.9,57.8381,42.6,6.6817,5.0,0.926,33898.4,37.62,IT / Technology,10.0,5.0,15.0,0.0,7.0,37.0,1.0,,"Revenue contraction, Negative operating cash flow, Negative free cash flow",0.0,37.0,,60.12,9.0,"Negative operating cash flow, Negative free cash flow",57.97,Watchlist,"Above 50 DMA, Above 200 DMA, Healthy RSI momentum, Near 52W high momentum, Volume expansion, Strong positive day move, Strong 1M absolute return, Strong 3M absolute return, Strong 6M absolute return, 1M Nifty outperformance, 3M Nifty outperformance, 6M Nifty outperformance, Positive across 1M/3M/6M, 80.0% of closes stayed inside the range | Range width 28.5% | Currently 100.0% through the range | Above upper band on elevated volume"
COLPAL,Consumer Defensive,Household & Personal Products,2768.87,0.23,1327.04,2945.36,108.65,5.99,57.23,2686.12,2345.4,378296.05,168128.0,0.44,Bullish,65.0,"Above 50 DMA, Above 200 DMA, Healthy RSI momentum, Near 52W high momentum, Positive day move",-2.53,5.08,15.62,7.43,8.23,11.59,-9.96,-3.15,4.03,20.0,"Positive 3M return, Positive 6M return",67.39,Profit Booking Zone,84.35,2366.97,2755.97,16.43,100.0,80.0% of closes stayed inside the range | Range width 16.4% | Currently 100.0% through the range,70.62,41.41,30.65,23.45,8.8,26.41,3.83,1.54,1.3,888.99,71.75,1198.96,1123.4,40.4887,34.0636,34.4253,2.39,0.522,54533.12,68.93,FMCG / Consumer,25.0,15.0,18.0,17.0,7.0,82.0,1.0,"Strong ROE, Cash covers debt",,8.0,90.0,"Strong ROE for a consumer staples business, Low debt, typical of a healthy consumer business",53.06,3.0,Low volume participation,57.71,Watchlist,"Above 50 DMA, Above 200 DMA, Healthy RSI momentum, Near 52W high momentum, Positive day move, Strong ROE, Cash covers debt, Positive 3M return, Positive 6M return, 80.0% of closes stayed inside the range | Range width 16.4% | Currently 100.0% through the range"
SUNPHARMA,Healthcare,Drug Manufacturers - Specialty & Generic,1524.68,1.56,824.65,1603.91,84.89,4.94,63.96,1472.48,1341.51,2267964.4,2630823.0,1.16,Bullish,70.0,"Above 50 DMA, Above 200 DMA, Healthy RSI momentum, Near 52W high momentum, Normal volume support, Positive day move",4.75,-3.97,24.14,7.43,8.23,11.59,-2.68,-12.2,12.55,18.0,"Positive 1M return, Positive 6M return",85.71,Profit Booking Zone,82.6,1334.56,1565.87,17.33,82.19,80.0% of closes stayed inside the range | Range width 17.3% | Currently 82.2% through the range,15.04,11.2,21.92,20.05,10.35,13.01,5.14,2.56,1.98,9285.65,3273.67,12134.98,9933.17,38.5027,30.1242,5.5813,82.0,0.124,466430.72,78.92,Pharma / Healthcare,19.0,10.0,20.0,17.0,9.0,75.0,1.0,Cash covers debt,,2.0,77.0,General low-debt support,58.12,0.0,,57.67,Watchlist,"Above 50 DMA, Above 200 DMA, Healthy RSI momentum, Near 52W high momentum, Normal volume support, Positive day move, Cash covers debt, Positive 1M return, Positive 6M return, 80.0% of closes stayed inside the range | Range width 17.3% | Currently 82.2% through the range"
THERMAX,Industrials,Conglomerates,5234.42,-0.1,1804.31,5641.12,190.11,7.21,54.42,4974.51,3658.96,130122.85,47737.0,0.37,Bullish,60.0,"Above 50 DMA, Above 200 DMA, Healthy RSI momentum, Near 52W high momentum",3.09,23.01,71.12,7.43,8.23,11.59,-4.34,14.78,59.53,88.0,"Positive 1M return, Strong 3M absolute return, Strong 6M absolute return, 3M Nifty outperformance, 6M Nifty outperformance, Positive across 1M/3M/6M",54.71,Profit Booking Zone,75.75,3139.18,5234.97,66.76,99.97,80.0% of closes stayed inside the range | Range width 66.8% | Currently 100.0% through the range,14.53,6.36,7.35,6.99,14.98,43.3,29.18,1.36,1.2,487.13,1295.54,247.3,-596.64,77.4232,45.6669,8.2899,35.0,0.321,45997.83,34.09,Capital Goods / Infra,9.0,15.0,11.0,9.0,5.0,49.0,1.0,,Negative free cash flow,0.0,49.0,,68.32,7.0,"Low volume participation, Negative free cash flow",57.4,Watchlist,"Above 50 DMA, Above 200 DMA, Healthy RSI momentum, Near 52W high momentum, Positive 1M return, Strong 3M absolute return, Strong 6M absolute return, 3M Nifty outperformance, 6M Nifty outperformance, Positive across 1M/3M/6M, 80.0% of closes stayed inside the range | Range width 66.8% | Currently 100.0% through the range"
MARICO,Consumer Defensive,Household & Personal Products,596.14,0.09,445.44,654.13,33.83,8.87,48.89,582.09,532.0,2635067.25,2066331.0,0.78,Bullish,47.0,"Above 50 DMA, Above 200 DMA, RSI recovering, Positive day move",-5.8,21.85,12.77,7.43,8.23,11.59,-13.23,13.62,1.18,45.0,"Strong 3M absolute return, Positive 6M return, 3M Nifty outperformance",39.13,Profit Booking Zone,78.61,490.24,603.43,23.09,93.56,80.0% of closes stayed inside the range | Range width 23.1% | Currently 93.6% through the range,38.65,19.96,19.51,15.47,-1.2,13.75,13.78,1.64,1.09,228.0,528.0,1387.0,1234.0,58.8033,43.8817,26.3637,47.0,0.184,110823.09,43.87,FMCG / Consumer,23.0,5.0,15.0,17.0,7.0,67.0,1.0,Strong ROE,Revenue contraction,8.0,75.0,"Strong ROE for a consumer staples business, Low debt, typical of a healthy consumer business",53.06,0.0,,57.21,Watchlist,"Above 50 DMA, Above 200 DMA, RSI recovering, Positive day move, Strong ROE, Strong 3M absolute return, Positive 6M return, 3M Nifty outperformance, 80.0% of closes stayed inside the range | Range width 23.1% | Currently 93.6% through the range"
POLICYBZR,Financial Services,Insurance Brokers,1420.25,-2.91,356.2,1543.0,298.72,7.96,58.31,1298.28,997.18,1742914.55,2532801.0,1.45,Bullish,70.0,"Above 50 DMA, Above 200 DMA, Healthy RSI momentum, Near 52W high momentum, Volume expansion",9.81,21.62,81.12,7.43,8.23,11.59,2.38,13.39,69.53,88.0,"Positive 1M return, Strong 3M absolute return, Strong 6M absolute return, 3M Nifty outperformance, 6M Nifty outperformance, Positive across 1M/3M/6M",14.53,Breakout Watch,80.51,896.12,1335.5,49.03,100.0,80.0% of closes stayed inside the range | Range width 49.0% | Currently 100.0% through the range | Above upper band on elevated volume,1.14,1.0,-7.99,1.95,34.4,113.75,4.31,7.97,,324.86,253.33,8.65,-54.7,107.8784,51.9191,10.9914,,0.375,80349.11,64.25,Financial Services,0.0,20.0,17.0,9.0,3.0,49.0,0.86,Cash covers debt,"Negative free cash flow, Very high PE",-9.0,40.0,"Weak ROE for a leveraged-balance-sheet business, Expensive relative to book value for this sector",50.77,4.0,Negative free cash flow,57.12,Watchlist,"Above 50 DMA, Above 200 DMA, Healthy RSI momentum, Near 52W high momentum, Volume expansion, Cash covers debt, Positive 1M return, Strong 3M absolute return, Strong 6M absolute return, 3M Nifty outperformance, 6M Nifty outperformance, Positive across 1M/3M/6M, 80.0% of closes stayed inside the range | Range width 49.0% | Currently 100.0% through the range | Above upper band on elevated volume"
POLYCAB,Industrials,Electrical Equipment & Parts,6562.88,-0.75,2262.97,7222.97,190.01,9.14,45.32,6432.48,5329.15,880685.45,348211.0,0.4,Bullish,42.0,"Above 50 DMA, Above 200 DMA, RSI recovering",-1.87,27.96,22.03,7.43,8.23,11.59,-9.3,19.73,10.44,45.0,"Strong 3M absolute return, Positive 6M return, 3M Nifty outperformance",85.88,Profit Booking Zone,71.49,4280.77,6829.31,59.53,89.55,80.0% of closes stayed inside the range | Range width 59.5% | Currently 89.5% through the range,21.79,14.77,12.73,10.05,27.39,40.39,24.71,2.42,1.4,307.03,2023.06,1296.24,437.72,48.941,36.4857,11.5631,52.0,0.636,139924.9,24.48,Capital Goods / Infra,17.0,20.0,14.0,17.0,7.0,75.0,1.0,Strong ROE,,5.0,80.0,Strong order-book-driven revenue growth,68.32,3.0,Low volume participation,57.0,Watchlist,"Above 50 DMA, Above 200 DMA, RSI recovering, Strong ROE, Strong 3M absolute return, Positive 6M return, 3M Nifty outperformance, 80.0% of closes stayed inside the range | Range width 59.5% | Currently 89.5% through the range"
KALYANKJIL,Consumer Cyclical,Luxury Goods,488.02,0.34,68.94,543.19,607.9,10.16,70.66,416.78,355.6,3428045.15,820820.0,0.24,Bullish,52.0,"Above 50 DMA, Above 200 DMA, Strong but overbought RSI, Near 52W high momentum, Positive day move",21.86,14.45,42.0,7.43,8.23,11.59,14.43,6.22,30.41,80.0,"Strong 1M absolute return, Positive 3M return, Strong 6M absolute return, 1M Nifty outperformance, 6M Nifty outperformance, Positive across 1M/3M/6M",31.63,Profit Booking Zone,81.19,359.29,428.76,19.34,100.0,80.0% of closes stayed inside the range | Range width 19.3% | Currently 100.0% through the range,14.26,4.66,5.71,3.23,31.71,37.92,107.3,1.32,0.22,177.71,4494.95,1321.8,950.35,43.4913,31.2985,9.7562,25.0,-0.216,61624.25,12.7,Consumer Discretionary,4.0,20.0,4.0,17.0,7.0,52.0,1.0,,,0.0,52.0,,57.33,3.0,Low volume participation,56.8,Watchlist,"Above 50 DMA, Above 200 DMA, Strong but overbought RSI, Near 52W high momentum, Positive day move, Strong 1M absolute return, Positive 3M return, Strong 6M absolute return, 1M Nifty outperformance, 6M Nifty outperformance, Positive across 1M/3M/6M, 80.0% of closes stayed inside the range | Range width 19.3% | Currently 100.0% through the range"
SONACOMS,Consumer Cyclical,Auto Parts,658.5,-0.58,388.88,708.13,69.33,7.01,59.07,627.23,603.25,1123777.1,769961.0,0.69,Bullish,60.0,"Above 50 DMA, Above 200 DMA, Healthy RSI momentum, Near 52W high momentum",1.07,-1.43,6.06,7.43,8.23,11.59,-6.36,-9.66,-5.53,18.0,"Positive 1M return, Positive 6M return",91.84,Profit Booking Zone,81.54,586.42,670.16,14.28,86.08,80.0% of closes stayed inside the range | Range width 14.3% | Currently 86.1% through the range,19.52,13.38,22.15,16.78,20.02,30.86,15.55,2.12,1.6,90.97,412.13,692.75,373.22,71.4476,47.8131,8.3617,45.0,0.449,50164.83,49.92,Automobile,21.0,18.0,17.0,17.0,5.0,78.0,1.0,Strong ROE,,4.0,82.0,"General quality ROE, General low-debt support",57.33,0.0,,56.8,Watchlist,"Above 50 DMA, Above 200 DMA, Healthy RSI momentum, Near 52W high momentum, Strong ROE, Positive 1M return, Positive 6M return, 80.0% of closes stayed inside the range | Range width 14.3% | Currently 86.1% through the range"
HINDZINC,Basic Materials,Other Industrial Metals & Mining,637.03,1.92,194.09,749.99,228.22,15.06,58.55,563.69,355.22,1132046.8,1496295.0,1.32,Bullish,65.0,"Above 50 DMA, Above 200 DMA, Healthy RSI momentum, Volume expansion, Positive day move",1.36,121.3,123.46,7.43,8.23,11.59,-6.07,113.07,111.87,88.0,"Positive 1M return, Strong 3M absolute return, Strong 6M absolute return, 3M Nifty outperformance, 6M Nifty outperformance, Positive across 1M/3M/6M",18.42,Profit Booking Zone,71.77,279.44,638.19,128.38,99.68,80.0% of closes stayed inside the range | Range width 128.4% | Currently 99.7% through the range,51.06,22.89,36.99,27.63,-15.6,-26.18,60.03,1.16,0.99,53.0,9121.0,13346.0,9480.0,14.4846,13.3134,10.9157,3.58,0.661,247012.13,75.8,Metals / Mining,25.0,0.0,6.0,17.0,11.0,59.0,1.0,Strong ROE,"Revenue contraction, Earnings contraction",4.0,63.0,"General quality ROE, General low-debt support",55.51,12.0,"Revenue contraction, Earnings contraction",56.63,Watchlist,"Above 50 DMA, Above 200 DMA, Healthy RSI momentum, Volume expansion, Positive day move, Strong ROE, Positive 1M return, Strong 3M absolute return, Strong 6M absolute return, 3M Nifty outperformance, 6M Nifty outperformance, Positive across 1M/3M/6M, 80.0% of closes stayed inside the range | Range width 128.4% | Currently 99.7% through the range"
WIPRO,Technology,Information Technology Services,245.93,-1.54,162.77,254.32,51.09,3.3,71.65,219.09,211.28,25381249.4,19524632.0,0.77,Bullish,47.0,"Above 50 DMA, Above 200 DMA, Strong but overbought RSI, Near 52W high momentum",17.54,10.29,13.29,7.43,8.23,11.59,10.11,2.06,1.7,55.0,"Strong 1M absolute return, Positive 3M return, Positive 6M return, 1M Nifty outperformance, Positive across 1M/3M/6M",52.94,Profit Booking Zone,80.76,209.43,241.25,15.19,100.0,80.0% of closes stayed inside the range | Range width 15.2% | Currently 100.0% through the range,14.73,9.58,15.12,12.31,-0.8,-2.69,21.96,2.58,2.57,9695.3,16464.9,17621.6,16570.6,14.6683,13.2285,2.3486,4.33,0.394,181959.9,29.04,IT / Technology,16.0,0.0,15.0,17.0,15.0,63.0,1.0,,"Revenue contraction, Earnings contraction",0.0,63.0,,60.12,0.0,,56.57,Watchlist,"Above 50 DMA, Above 200 DMA, Strong but overbought RSI, Near 52W high momentum, Strong 1M absolute return, Positive 3M return, Positive 6M return, 1M Nifty outperformance, Positive across 1M/3M/6M, 80.0% of closes stayed inside the range | Range width 15.2% | Currently 100.0% through the range"
MANKIND,Healthcare,Drug Manufacturers - Specialty & Generic,2172.14,1.57,1241.51,2489.02,74.96,12.73,51.27,2190.99,2051.96,488622.35,390439.0,0.8,Bearish,50.0,"Above 200 DMA, Healthy RSI momentum, Near 52W high momentum, Positive day move",0.8,-9.21,8.69,7.43,8.23,11.59,-6.63,-17.44,-2.9,18.0,"Positive 1M return, Positive 6M return",85.71,Lower Range Watch,75.9,2065.05,2345.2,13.57,38.23,80.0% of closes stayed inside the range | Range width 13.6% | Currently 38.2% through the range,20.43,15.99,21.83,18.65,17.26,49.23,2.21,3.1,2.37,382.01,207.17,2152.44,1763.23,49.1833,34.567,6.1622,8.0,0.46,100486.05,70.76,Pharma / Healthcare,22.0,18.0,20.0,17.0,7.0,84.0,1.0,"Strong ROE, Cash covers debt",,4.0,88.0,"General quality ROE, General low-debt support",58.12,0.0,,56.52,Watchlist,"Above 200 DMA, Healthy RSI momentum, Near 52W high momentum, Positive day move, Strong ROE, Cash covers debt, Positive 1M return, Positive 6M return, 80.0% of closes stayed inside the range | Range width 13.6% | Currently 38.2% through the range"
NMDC,Basic Materials,Steel,77.06,0.16,24.26,87.7,217.68,12.13,47.13,79.28,63.63,36140739.75,39878085.0,1.1,Bearish,37.0,"Above 200 DMA, RSI recovering, Normal volume support, Positive day move",2.78,16.65,24.51,7.43,8.23,11.59,-4.65,8.42,12.92,38.0,"Positive 1M return, Positive 3M return, Positive 6M return, Positive across 1M/3M/6M",65.79,Profit Booking Zone,72.88,62.62,81.5,30.17,76.47,80.0% of closes stayed inside the range | Range width 30.2% | Currently 76.5% through the range,21.73,15.63,32.59,26.17,20.61,-0.47,13.09,2.53,2.2,109.39,3358.78,7393.94,5546.85,10.094,8.3816,2.2131,4.1,0.643,75521.71,45.64,Metals / Mining,23.0,8.0,17.0,17.0,15.0,80.0,1.0,Strong ROE,Earnings contraction,4.0,84.0,"General quality ROE, General low-debt support",55.51,0.0,,56.48,Watchlist,"Above 200 DMA, RSI recovering, Normal volume support, Positive day move, Strong ROE, Positive 1M return, Positive 3M return, Positive 6M return, Positive across 1M/3M/6M, 80.0% of closes stayed inside the range | Range width 30.2% | Currently 76.5% through the range"
NH,Healthcare,Medical Care Facilities,1232.1,1.45,668.13,1433.72,84.41,14.06,55.07,1227.32,1199.31,533863.75,345625.0,0.65,Bullish,65.0,"Above 50 DMA, Above 200 DMA, Healthy RSI momentum, Near 52W high momentum, Positive day move",4.81,-3.93,3.63,7.43,8.23,11.59,-2.62,-12.16,-7.96,18.0,"Positive 1M return, Positive 6M return",85.71,Accumulation Zone,80.75,1188.18,1354.01,13.96,26.48,80.0% of closes stayed inside the range | Range width 14.0% | Currently 26.5% through the range,27.37,14.03,19.23,16.19,8.56,30.19,56.41,1.75,1.65,263.83,1626.69,1066.6,95.99,45.2285,26.3467,8.1974,24.0,,37193.68,39.83,Pharma / Healthcare,23.0,15.0,11.0,17.0,7.0,73.0,1.0,Strong ROE,,4.0,77.0,"General quality ROE, General low-debt support",58.12,0.0,,56.42,Watchlist,"Above 50 DMA, Above 200 DMA, Healthy RSI momentum, Near 52W high momentum, Positive day move, Strong ROE, Positive 1M return, Positive 6M return, 80.0% of closes stayed inside the range | Range width 14.0% | Currently 26.5% through the range"
PIDILITIND,Basic Materials,Specialty Chemicals,1530.4,-0.47,1107.06,1596.41,38.24,4.13,50.41,1501.58,1352.3,815003.0,427052.0,0.52,Bullish,60.0,"Above 50 DMA, Above 200 DMA, Healthy RSI momentum, Near 52W high momentum",-2.17,3.26,14.37,7.43,8.23,11.59,-9.6,-4.97,2.78,20.0,"Positive 3M return, Positive 6M return",82.46,Profit Booking Zone,82.51,1313.05,1540.39,17.31,95.61,80.0% of closes stayed inside the range | Range width 17.3% | Currently 95.6% through the range,20.57,14.29,19.48,14.02,4.98,35.82,4.55,2.09,1.58,515.14,382.47,2724.03,2165.32,64.9428,53.7455,15.9869,68.0,0.397,173177.03,54.79,Chemicals,21.0,12.0,20.0,17.0,5.0,75.0,1.0,"Strong ROE, Cash covers debt",,4.0,79.0,"General quality ROE, General low-debt support",55.51,0.0,,55.98,Watchlist,"Above 50 DMA, Above 200 DMA, Healthy RSI momentum, Near 52W high momentum, Strong ROE, Cash covers debt, Positive 3M return, Positive 6M return, 80.0% of closes stayed inside the range | Range width 17.3% | Currently 95.6% through the range"
ANANDRATHI,Financial Services,Asset Management,965.4,0.47,155.16,1064.52,522.21,9.31,46.62,982.04,753.06,110796.0,75636.0,0.68,Bearish,32.0,"Above 200 DMA, RSI recovering, Positive day move",-2.35,13.31,55.49,7.43,8.23,11.59,-9.78,5.08,43.9,45.0,"Positive 3M return, Strong 6M absolute return, 6M Nifty outperformance",50.58,Profit Booking Zone,71.96,725.43,1005.31,38.58,85.74,80.0% of closes stayed inside the range | Range width 38.6% | Currently 85.7% through the range,34.67,25.57,39.27,31.06,32.02,33.59,7.96,3.45,,33.11,51.67,277.57,273.07,78.1228,65.0423,36.4135,32.0,0.337,36346.43,57.81,Financial Services,25.0,20.0,14.0,17.0,5.0,81.0,0.93,Strong ROE,,2.0,83.0,"Strong ROE for a leveraged-balance-sheet business, Expensive relative to book value for this sector",50.77,0.0,,55.92,Watchlist,"Above 200 DMA, RSI recovering, Positive day move, Strong ROE, Positive 3M return, Strong 6M absolute return, 6M Nifty outperformance, 80.0% of closes stayed inside the range | Range width 38.6% | Currently 85.7% through the range"
PATANJALI,Consumer Defensive,Packaged Foods,538.17,0.13,278.5,580.97,93.24,7.37,63.29,481.85,477.44,3204836.55,3085494.0,0.96,Bullish,65.0,"Above 50 DMA, Above 200 DMA, Healthy RSI momentum, Near 52W high momentum, Positive day move",21.66,17.13,5.49,7.43,8.23,11.59,14.23,8.9,-6.1,55.0,"Strong 1M absolute return, Positive 3M return, Positive 6M return, 1M Nifty outperformance, Positive across 1M/3M/6M",30.43,Profit Booking Zone,83.7,445.04,537.52,20.78,100.0,80.0% of closes stayed inside the range | Range width 20.8% | Currently 100.0% through the range,7.5,5.77,3.41,2.42,1.25,-13.68,10.28,2.57,1.32,537.43,1048.73,1746.25,1646.13,21.1645,19.163,2.9269,99.0,-0.175,38358.64,13.03,FMCG / Consumer,2.0,0.0,16.0,17.0,13.0,48.0,1.0,,Earnings contraction,3.0,51.0,"Low debt, typical of a healthy consumer business",53.06,0.0,,55.81,Watchlist,"Above 50 DMA, Above 200 DMA, Healthy RSI momentum, Near 52W high momentum, Positive day move, Strong 1M absolute return, Positive 3M return, Positive 6M return, 1M Nifty outperformance, Positive across 1M/3M/6M, 80.0% of closes stayed inside the range | Range width 20.8% | Currently 100.0% through the range"
ULTRACEMCO,Basic Materials,Building Materials,11384.7,-0.94,5786.89,11692.51,96.73,2.63,68.45,10036.11,9283.76,588849.35,227230.0,0.39,Bullish,60.0,"Above 50 DMA, Above 200 DMA, Healthy RSI momentum, Near 52W high momentum",17.15,17.15,12.79,7.43,8.23,11.59,9.72,8.92,1.2,55.0,"Strong 1M absolute return, Positive 3M return, Positive 6M return, 1M Nifty outperformance, Positive across 1M/3M/6M",52.63,Profit Booking Zone,83.66,9284.61,10590.58,14.07,100.0,80.0% of closes stayed inside the range | Range width 14.1% | Currently 100.0% through the range,11.63,6.95,13.85,10.03,11.99,38.33,18.93,0.86,0.55,553.58,11402.95,10897.54,1891.95,41.0332,27.5174,4.5645,2.04,0.505,349797.12,58.4,Cement / Realty,10.0,15.0,9.0,17.0,9.0,60.0,1.0,,,2.0,62.0,General low-debt support,55.51,3.0,Low volume participation,55.78,Watchlist,"Above 50 DMA, Above 200 DMA, Healthy RSI momentum, Near 52W high momentum, Strong 1M absolute return, Positive 3M return, Positive 6M return, 1M Nifty outperformance, Positive across 1M/3M/6M, 80.0% of closes stayed inside the range | Range width 14.1% | Currently 100.0% through the range"
EXIDEIND,Consumer Cyclical,Auto Parts,558.49,-0.47,149.41,611.9,273.79,8.73,63.2,497.89,349.29,8387110.0,2424207.0,0.29,Bullish,60.0,"Above 50 DMA, Above 200 DMA, Healthy RSI momentum, Near 52W high momentum",15.3,80.15,84.07,7.43,8.23,11.59,7.87,71.92,72.48,100.0,"Strong 1M absolute return, Strong 3M absolute return, Strong 6M absolute return, 1M Nifty outperformance, 3M Nifty outperformance, 6M Nifty outperformance, Positive across 1M/3M/6M",8.16,Profit Booking Zone,73.68,306.3,553.13,80.58,100.0,80.0% of closes stayed inside the range | Range width 80.6% | Currently 100.0% through the range,6.8,4.83,7.71,5.26,11.3,6.56,8.71,1.41,0.54,322.99,1122.87,1533.14,-342.91,44.044,26.4992,2.9993,41.0,0.552,41705.25,31.41,Automobile,0.0,7.0,11.0,9.0,11.0,38.0,1.0,,Negative free cash flow,2.0,40.0,General low-debt support,57.33,7.0,"Low volume participation, Negative free cash flow",55.6,Watchlist,"Above 50 DMA, Above 200 DMA, Healthy RSI momentum, Near 52W high momentum, Strong 1M absolute return, Strong 3M absolute return, Strong 6M absolute return, 1M Nifty outperformance, 3M Nifty outperformance, 6M Nifty outperformance, Positive across 1M/3M/6M, 80.0% of closes stayed inside the range | Range width 80.6% | Currently 100.0% through the range"
FEDERALBNK,Financial Services,Banks - Regional,178.21,-0.27,102.82,180.51,73.32,1.27,66.24,163.87,151.62,13866856.7,9860769.0,0.71,Bullish,60.0,"Above 50 DMA, Above 200 DMA, Healthy RSI momentum, Near 52W high momentum",8.99,17.47,16.38,7.43,8.23,11.59,1.56,9.24,4.79,38.0,"Positive 1M return, Positive 3M return, Positive 6M return, Positive across 1M/3M/6M",61.63,Profit Booking Zone,83.9,144.61,171.93,18.89,100.0,80.8% of closes stayed inside the range | Range width 18.9% | Currently 100.0% through the range,12.89,1.22,,31.99,18.01,22.62,74.1,,,31126.48,22308.62,6431.17,6103.25,19.1033,13.2216,2.1967,34.0,0.276,88118.6,0.0,Banking,10.0,16.0,7.0,17.0,15.0,65.0,0.79,Cash covers debt,,0.0,65.0,,50.77,0.0,,54.87,Neutral,"Above 50 DMA, Above 200 DMA, Healthy RSI momentum, Near 52W high momentum, Cash covers debt, Positive 1M return, Positive 3M return, Positive 6M return, Positive across 1M/3M/6M, 80.8% of closes stayed inside the range | Range width 18.9% | Currently 100.0% through the range"
NLCINDIA,Utilities,Utilities - Regulated Electric,254.18,1.55,60.45,282.7,320.47,10.09,69.23,225.46,197.76,7240580.75,8367571.0,1.16,Bullish,70.0,"Above 50 DMA, Above 200 DMA, Healthy RSI momentum, Near 52W high momentum, Normal volume support, Positive day move",29.44,15.36,5.12,7.43,8.23,11.59,22.01,7.13,-6.47,55.0,"Strong 1M absolute return, Positive 3M return, Positive 6M return, 1M Nifty outperformance, Positive across 1M/3M/6M",67.65,Profit Booking Zone,85.26,209.01,245.33,17.38,100.0,80.0% of closes stayed inside the range | Range width 17.4% | Currently 100.0% through the range,11.22,3.37,14.57,14.26,-19.57,32.84,135.6,1.17,0.99,564.87,22415.49,5512.49,2344.33,12.0326,10.25,1.7827,2.52,,38375.17,80.32,Energy / Utilities,10.0,10.0,4.0,17.0,15.0,56.0,1.0,,Revenue contraction,0.0,56.0,,54.93,5.0,Revenue contraction,54.09,Neutral,"Above 50 DMA, Above 200 DMA, Healthy RSI momentum, Near 52W high momentum, Normal volume support, Positive day move, Strong 1M absolute return, Positive 3M return, Positive 6M return, 1M Nifty outperformance, Positive across 1M/3M/6M, 80.0% of closes stayed inside the range | Range width 17.4% | Currently 100.0% through the range"
SHREECEM,Basic Materials,Building Materials,27154.86,0.27,19811.99,30343.18,37.06,10.51,56.21,25816.17,26107.76,45775.8,40849.0,0.89,Bullish,65.0,"Above 50 DMA, Above 200 DMA, Healthy RSI momentum, Near 52W high momentum, Positive day move",7.76,3.49,-3.82,7.43,8.23,11.59,0.33,-4.74,-15.41,18.0,"Positive 1M return, Positive 3M return",88.6,Profit Booking Zone,84.14,24475.24,27330.7,11.67,93.84,80.0% of closes stayed inside the range | Range width 11.7% | Currently 93.8% through the range,11.57,8.57,12.89,11.92,15.2,88.53,8.0,1.99,1.41,262.36,1655.55,3347.49,147.14,56.6297,37.086,10.0126,55.0,,92258.47,73.54,Cement / Realty,12.0,18.0,15.0,17.0,7.0,69.0,1.0,,,2.0,71.0,General low-debt support,55.51,0.0,,53.93,Neutral,"Above 50 DMA, Above 200 DMA, Healthy RSI momentum, Near 52W high momentum, Positive day move, Positive 1M return, Positive 3M return, 80.0% of closes stayed inside the range | Range width 11.7% | Currently 93.8% through the range"
MEDANTA,Healthcare,Medical Care Facilities,1269.99,-0.08,406.36,1512.82,212.53,16.05,48.12,1309.15,1100.11,627538.85,255785.0,0.41,Bearish,27.0,"Above 200 DMA, RSI recovering",13.23,-4.56,32.01,7.43,8.23,11.59,5.8,-12.79,20.42,60.0,"Strong 1M absolute return, Strong 6M absolute return, 1M Nifty outperformance, 6M Nifty outperformance",40.48,Neutral Range,67.21,1105.32,1425.34,28.95,51.46,80.0% of closes stayed inside the range | Range width 29.0% | Currently 51.5% through the range,16.46,11.11,20.31,14.75,20.8,46.65,27.6,2.44,2.33,424.61,801.87,612.08,333.5,67.6456,41.3212,9.4493,3.0,0.14,37445.97,52.79,Pharma / Healthcare,18.0,18.0,15.0,17.0,5.0,73.0,1.0,,,2.0,75.0,General low-debt support,58.12,3.0,Low volume participation,53.72,Neutral,"Above 200 DMA, RSI recovering, Strong 1M absolute return, Strong 6M absolute return, 1M Nifty outperformance, 6M Nifty outperformance, 80.0% of closes stayed inside the range | Range width 29.0% | Currently 51.5% through the range"
TORNTPOWER,Utilities,Utilities - Independent Power Producers,1471.66,1.14,393.65,1583.56,273.85,7.07,52.39,1425.54,1073.37,335621.45,162576.0,0.48,Bullish,65.0,"Above 50 DMA, Above 200 DMA, Healthy RSI momentum, Near 52W high momentum, Positive day move",5.44,3.57,66.77,7.43,8.23,11.59,-1.99,-4.66,55.18,63.0,"Positive 1M return, Positive 3M return, Strong 6M absolute return, 6M Nifty outperformance, Positive across 1M/3M/6M",50.0,Profit Booking Zone,78.65,979.0,1485.38,51.72,97.29,80.0% of closes stayed inside the range | Range width 51.7% | Currently 97.3% through the range,15.2,5.49,12.03,6.82,5.87,-13.42,96.44,1.09,0.99,350.83,11631.8,4258.35,601.87,28.818,21.9958,3.4843,1.5,0.655,66464.88,26.63,Energy / Utilities,12.0,2.0,6.0,17.0,10.0,47.0,1.0,,Earnings contraction,0.0,47.0,,54.93,3.0,Low volume participation,53.69,Neutral,"Above 50 DMA, Above 200 DMA, Healthy RSI momentum, Near 52W high momentum, Positive day move, Positive 1M return, Positive 3M return, Strong 6M absolute return, 6M Nifty outperformance, Positive across 1M/3M/6M, 80.0% of closes stayed inside the range | Range width 51.7% | Currently 97.3% through the range"
LICI,Financial Services,Insurance - Life,484.44,2.23,252.0,561.31,92.24,13.69,52.18,475.19,410.46,5745658.8,7809136.0,1.36,Bullish,80.0,"Above 50 DMA, Above 200 DMA, Healthy RSI momentum, Near 52W high momentum, Volume expansion, Strong positive day move",7.31,1.18,22.64,7.43,8.23,11.59,-0.12,-7.05,11.05,38.0,"Positive 1M return, Positive 3M return, Positive 6M return, Positive across 1M/3M/6M",61.63,Profit Booking Zone,84.41,427.49,498.98,16.72,79.67,80.0% of closes stayed inside the range | Range width 16.7% | Currently 79.7% through the range,49.45,0.77,4.85,4.82,8.13,13.67,,,,36165.31,,,25780.17,8.5468,7.091,2.9869,2.46,0.543,527504.82,11.08,Financial Services,8.0,10.0,0.0,8.0,15.0,41.0,0.71,Strong ROE,,6.0,47.0,Strong ROE for a leveraged-balance-sheet business,50.77,0.0,,53.57,Neutral,"Above 50 DMA, Above 200 DMA, Healthy RSI momentum, Near 52W high momentum, Volume expansion, Strong positive day move, Strong ROE, Positive 1M return, Positive 3M return, Positive 6M return, Positive across 1M/3M/6M, 80.0% of closes stayed inside the range | Range width 16.7% | Currently 79.7% through the range"
PRESTIGE,Real Estate,Real Estate - Diversified,1789.32,-0.24,388.74,2067.83,360.28,13.47,49.66,1651.93,1179.36,1484946.7,1016524.0,0.68,Bullish,42.0,"Above 50 DMA, Above 200 DMA, RSI recovering",9.27,36.67,56.01,7.43,8.23,11.59,1.84,28.44,44.42,88.0,"Positive 1M return, Strong 3M absolute return, Strong 6M absolute return, 3M Nifty outperformance, 6M Nifty outperformance, Positive across 1M/3M/6M",70.0,Profit Booking Zone,71.73,1145.65,1842.27,60.81,92.4,80.0% of closes stayed inside the range | Range width 60.8% | Currently 92.4% through the range,12.17,2.83,23.13,17.61,-5.01,45.9,119.22,1.19,0.38,2267.9,13458.0,1297.3,-609.4,60.0718,27.7803,4.2105,13.0,0.445,68516.26,58.8,Cement / Realty,14.0,10.0,4.0,9.0,7.0,44.0,1.0,,"Revenue contraction, Negative free cash flow",0.0,44.0,,62.51,4.0,Negative free cash flow,53.28,Neutral,"Above 50 DMA, Above 200 DMA, RSI recovering, Positive 1M return, Strong 3M absolute return, Strong 6M absolute return, 3M Nifty outperformance, 6M Nifty outperformance, Positive across 1M/3M/6M, 80.0% of closes stayed inside the range | Range width 60.8% | Currently 92.4% through the range"
PFC,Financial Services,Credit Services,489.0,0.49,66.83,512.23,631.74,4.53,64.9,430.63,345.96,20010143.45,17103459.0,0.85,Bullish,65.0,"Above 50 DMA, Above 200 DMA, Healthy RSI momentum, Near 52W high momentum, Positive day move",19.34,30.94,40.87,7.43,8.23,11.59,11.91,22.71,29.28,100.0,"Strong 1M absolute return, Strong 3M absolute return, Strong 6M absolute return, 1M Nifty outperformance, 3M Nifty outperformance, 6M Nifty outperformance, Positive across 1M/3M/6M",6.4,Profit Booking Zone,82.58,356.72,457.59,28.28,100.0,80.0% of closes stayed inside the range | Range width 28.3% | Currently 100.0% through the range,19.54,1.9,272.76,58.87,21.98,24.37,881.4,,,686.05,891502.64,-97820.41,-98143.82,4.8263,4.1648,0.9351,4.09,0.639,124248.82,99.22,Financial Services,18.0,16.0,0.0,0.0,15.0,49.0,0.86,Strong ROE,"Very high debt, Negative operating cash flow, Negative free cash flow",12.0,61.0,"High leverage is structural for this sector, Strong ROE for a leveraged-balance-sheet business",50.77,17.0,"Very high debt, Negative operating cash flow, Negative free cash flow",53.22,Neutral,"Above 50 DMA, Above 200 DMA, Healthy RSI momentum, Near 52W high momentum, Positive day move, Strong ROE, Strong 1M absolute return, Strong 3M absolute return, Strong 6M absolute return, 1M Nifty outperformance, 3M Nifty outperformance, 6M Nifty outperformance, Positive across 1M/3M/6M, 80.0% of closes stayed inside the range | Range width 28.3% | Currently 100.0% through the range"
IRCTC,Consumer Cyclical,Travel Services,978.77,0.18,538.33,1108.01,81.81,11.66,49.09,996.13,855.83,3207208.9,1498265.0,0.47,Bearish,32.0,"Above 200 DMA, RSI recovering, Positive day move",9.48,0.22,16.42,7.43,8.23,11.59,2.05,-8.01,4.83,38.0,"Positive 1M return, Positive 3M return, Positive 6M return, Positive across 1M/3M/6M",77.55,Neutral Range,74.21,893.98,1016.2,13.67,69.37,80.8% of closes stayed inside the range | Range width 13.7% | Currently 69.4% through the range,34.4,18.24,33.26,26.08,20.31,10.46,1.87,1.95,1.95,706.34,60.35,882.17,649.68,29.5824,22.5736,9.5354,1.84,0.171,41084.0,36.63,Consumer Discretionary,25.0,13.0,19.0,17.0,8.0,82.0,1.0,"Strong ROE, Cash covers debt",,4.0,86.0,"General quality ROE, General low-debt support",57.33,3.0,Low volume participation,53.2,Neutral,"Above 200 DMA, RSI recovering, Positive day move, Strong ROE, Cash covers debt, Positive 1M return, Positive 3M return, Positive 6M return, Positive across 1M/3M/6M, 80.8% of closes stayed inside the range | Range width 13.7% | Currently 69.4% through the range"
LTTS,Technology,Information Technology Services,4922.24,0.43,3071.35,5675.12,60.26,13.27,70.27,4570.96,4781.62,210221.65,124256.0,0.59,Bullish,52.0,"Above 50 DMA, Above 200 DMA, Strong but overbought RSI, Near 52W high momentum, Positive day move",10.18,-8.75,-1.57,7.43,8.23,11.59,2.75,-16.98,-13.16,15.0,Strong 1M absolute return,94.12,Neutral Range,73.81,4352.42,5384.22,23.71,55.23,80.0% of closes stayed inside the range | Range width 23.7% | Currently 55.2% through the range,24.47,15.36,17.59,13.51,9.44,7.56,12.37,2.46,2.45,1122.1,658.8,1492.8,1240.0,29.6906,22.045,5.8609,1.59,0.154,37964.09,40.76,IT / Technology,19.0,7.0,20.0,17.0,10.0,73.0,1.0,"Strong ROE, Cash covers debt",,5.0,78.0,Strong ROE for an asset-light business,60.12,0.0,,53.07,Neutral,"Above 50 DMA, Above 200 DMA, Strong but overbought RSI, Near 52W high momentum, Positive day move, Strong ROE, Cash covers debt, Strong 1M absolute return, 80.0% of closes stayed inside the range | Range width 23.7% | Currently 55.2% through the range"
KOTAKBANK,Financial Services,Banks - Regional,365.32,1.28,307.55,410.9,18.78,11.09,63.49,340.54,350.78,35162981.0,25344465.0,0.72,Bullish,70.0,"Above 50 DMA, Above 200 DMA, Healthy RSI momentum, Near 52W high momentum, Near 52W low zone, Positive day move",6.74,4.35,-4.55,7.43,8.23,11.59,-0.69,-3.88,-16.14,18.0,"Positive 1M return, Positive 3M return",79.07,Profit Booking Zone,86.25,327.91,363.16,10.75,100.0,80.0% of closes stayed inside the range | Range width 10.8% | Currently 100.0% through the range,14.01,2.37,,26.14,34.35,22.03,57.79,,,68460.24,75105.61,15685.0,14558.31,19.2649,15.2838,2.1432,17.0,0.275,388409.46,0.0,Banking,10.0,18.0,4.0,17.0,15.0,64.0,0.79,,,0.0,64.0,,50.77,0.0,,52.02,Neutral,"Above 50 DMA, Above 200 DMA, Healthy RSI momentum, Near 52W high momentum, Near 52W low zone, Positive day move, Positive 1M return, Positive 3M return, 80.0% of closes stayed inside the range | Range width 10.8% | Currently 100.0% through the range"
EICHERMOT,Consumer Cyclical,Auto Manufacturers,4531.29,-0.06,2710.4,4808.12,67.18,5.76,47.02,4547.17,3875.62,645955.35,313153.0,0.48,Bearish,27.0,"Above 200 DMA, RSI recovering",2.41,19.56,14.6,7.43,8.23,11.59,-5.02,11.33,3.01,53.0,"Positive 1M return, Positive 3M return, Positive 6M return, 3M Nifty outperformance, Positive across 1M/3M/6M",57.14,Profit Booking Zone,73.48,3624.85,4614.7,27.31,91.57,80.0% of closes stayed inside the range | Range width 27.3% | Currently 91.6% through the range,22.17,17.3,23.39,24.65,14.52,37.31,2.32,1.15,0.76,107.21,419.44,3723.71,2905.2,38.2557,29.6311,8.7966,1.03,0.226,220962.51,42.31,Automobile,22.0,15.0,11.0,17.0,6.0,71.0,1.0,Strong ROE,,4.0,75.0,"General quality ROE, General low-debt support",57.33,3.0,Low volume participation,51.85,Neutral,"Above 200 DMA, RSI recovering, Strong ROE, Positive 1M return, Positive 3M return, Positive 6M return, 3M Nifty outperformance, Positive across 1M/3M/6M, 80.0% of closes stayed inside the range | Range width 27.3% | Currently 91.6% through the range"
NTPC,Utilities,Utilities - Regulated Electric,355.54,0.08,139.29,374.84,155.24,5.15,55.1,345.85,294.22,17544819.85,14916930.0,0.85,Bullish,65.0,"Above 50 DMA, Above 200 DMA, Healthy RSI momentum, Near 52W high momentum, Positive day move",9.37,8.16,19.97,7.43,8.23,11.59,1.94,-0.07,8.38,38.0,"Positive 1M return, Positive 3M return, Positive 6M return, Positive across 1M/3M/6M",76.47,Profit Booking Zone,84.11,298.66,352.5,18.03,100.0,80.0% of closes stayed inside the range | Range width 18.0% | Currently 100.0% through the range,12.95,4.33,18.76,11.78,1.52,23.06,147.55,0.82,0.64,863.34,237130.98,40099.19,9283.27,10.3522,12.0003,1.6207,3.65,0.3,329153.35,48.18,Energy / Utilities,12.0,8.0,2.0,17.0,12.0,51.0,1.0,,,0.0,51.0,,54.93,0.0,,51.84,Neutral,"Above 50 DMA, Above 200 DMA, Healthy RSI momentum, Near 52W high momentum, Positive day move, Positive 1M return, Positive 3M return, Positive 6M return, Positive across 1M/3M/6M, 80.0% of closes stayed inside the range | Range width 18.0% | Currently 100.0% through the range"
PAGEIND,Consumer Cyclical,Apparel Manufacturing,37369.49,0.77,31839.03,51744.07,17.37,27.78,52.4,35700.7,35748.35,22388.85,7141.0,0.32,Bullish,60.0,"Above 50 DMA, Above 200 DMA, Healthy RSI momentum, Near 52W low zone, Positive day move",0.37,11.01,0.92,7.43,8.23,11.59,-7.06,2.78,-10.67,38.0,"Positive 1M return, Positive 3M return, Positive 6M return, Positive across 1M/3M/6M",77.55,Profit Booking Zone,83.47,33168.43,37469.9,12.97,97.67,80.0% of closes stayed inside the range | Range width 13.0% | Currently 97.7% through the range,35.64,21.22,16.99,12.52,-2.81,-0.36,11.58,2.0,0.75,33.19,184.85,1080.47,984.38,55.968,41.7449,28.4266,1.56,0.052,42713.76,58.47,Consumer Discretionary,21.0,0.0,14.0,17.0,6.0,58.0,1.0,Strong ROE,"Revenue contraction, Earnings contraction",4.0,62.0,"General quality ROE, General low-debt support",57.33,3.0,Low volume participation,51.8,Neutral,"Above 50 DMA, Above 200 DMA, Healthy RSI momentum, Near 52W low zone, Positive day move, Strong ROE, Positive 1M return, Positive 3M return, Positive 6M return, Positive across 1M/3M/6M, 80.0% of closes stayed inside the range | Range width 13.0% | Currently 97.7% through the range"
TATAINVEST,Financial Services,Asset Management,654.05,0.01,143.54,962.86,355.65,32.07,50.77,649.05,517.81,410348.5,207630.0,0.51,Bullish,55.0,"Above 50 DMA, Above 200 DMA, Healthy RSI momentum, Positive day move",6.51,-3.72,56.32,7.43,8.23,11.59,-0.92,-11.95,44.73,43.0,"Positive 1M return, Strong 6M absolute return, 6M Nifty outperformance",54.65,Profit Booking Zone,72.09,448.3,718.58,60.29,76.12,80.0% of closes stayed inside the range | Range width 60.3% | Currently 76.1% through the range,1.28,1.17,,87.52,44.11,52.84,0.0,,,110.49,0.41,234.86,234.68,79.7014,,1.1785,49.0,0.314,34437.69,99.99,Financial Services,6.0,20.0,12.0,17.0,6.0,61.0,0.79,Cash covers debt,,-5.0,56.0,Weak ROE for a leveraged-balance-sheet business,50.77,0.0,,51.72,Neutral,"Above 50 DMA, Above 200 DMA, Healthy RSI momentum, Positive day move, Cash covers debt, Positive 1M return, Strong 6M absolute return, 6M Nifty outperformance, 80.0% of closes stayed inside the range | Range width 60.3% | Currently 76.1% through the range"
LTM,Technology,Information Technology Services,5300.31,-0.13,3901.62,6116.12,35.85,13.34,79.08,4719.55,5096.7,576348.75,255625.0,0.44,Bullish,47.0,"Above 50 DMA, Above 200 DMA, Strong but overbought RSI, Near 52W high momentum",17.47,12.4,-11.91,7.43,8.23,11.59,10.04,4.17,-23.5,35.0,"Strong 1M absolute return, Positive 3M return, 1M Nifty outperformance",72.06,Profit Booking Zone,78.52,4510.67,5393.13,19.56,89.48,80.0% of closes stayed inside the range | Range width 19.6% | Currently 89.5% through the range,22.89,16.62,15.68,12.9,7.03,3.94,10.34,3.28,3.28,1806.3,2070.6,5669.5,4826.3,27.0482,20.7158,5.7545,1.55,0.261,141177.8,29.77,IT / Technology,19.0,4.0,17.0,17.0,10.0,67.0,1.0,Strong ROE,,5.0,72.0,Strong ROE for an asset-light business,60.12,3.0,Low volume participation,51.72,Neutral,"Above 50 DMA, Above 200 DMA, Strong but overbought RSI, Near 52W high momentum, Strong ROE, Strong 1M absolute return, Positive 3M return, 1M Nifty outperformance, 80.0% of closes stayed inside the range | Range width 19.6% | Currently 89.5% through the range"
IPCALAB,Healthcare,Drug Manufacturers - Specialty & Generic,1168.78,2.11,663.43,1364.07,76.17,14.32,51.9,1223.27,1123.02,666703.55,734508.0,1.1,Bearish,60.0,"Above 200 DMA, Healthy RSI momentum, Near 52W high momentum, Normal volume support, Strong positive day move",0.12,-4.52,7.1,7.43,8.23,11.59,-7.31,-12.75,-4.49,18.0,"Positive 1M return, Positive 6M return",85.71,Accumulation Zone,78.44,1105.81,1318.96,19.28,29.54,80.0% of closes stayed inside the range | Range width 19.3% | Currently 29.5% through the range,8.64,4.93,12.26,7.18,22.81,16.13,22.72,2.35,1.3,208.91,1438.36,944.65,533.36,39.3189,26.9068,5.5581,34.0,0.035,44819.39,67.23,Pharma / Healthcare,8.0,16.0,14.0,17.0,9.0,64.0,1.0,,,2.0,66.0,General low-debt support,58.12,0.0,,51.32,Neutral,"Above 200 DMA, Healthy RSI momentum, Near 52W high momentum, Normal volume support, Strong positive day move, Positive 1M return, Positive 6M return, 80.0% of closes stayed inside the range | Range width 19.3% | Currently 29.5% through the range"
GODREJPROP,Real Estate,Real Estate - Development,3290.35,-0.73,1000.17,3341.9,228.98,1.54,67.15,2846.99,2242.88,775067.9,325112.0,0.42,Bullish,60.0,"Above 50 DMA, Above 200 DMA, Healthy RSI momentum, Near 52W high momentum",23.91,32.37,65.58,7.43,8.23,11.59,16.48,24.14,53.99,100.0,"Strong 1M absolute return, Strong 3M absolute return, Strong 6M absolute return, 1M Nifty outperformance, 3M Nifty outperformance, 6M Nifty outperformance, Positive across 1M/3M/6M",35.0,Profit Booking Zone,80.68,2235.43,2993.16,33.9,100.0,80.0% of closes stayed inside the range | Range width 33.9% | Currently 100.0% through the range,7.26,2.03,-5.96,24.83,34.85,26.93,106.87,1.43,0.43,1319.81,10679.29,-692.57,-1387.82,38.3153,18.06,3.1684,49.0,0.478,60697.14,42.86,Cement / Realty,6.0,20.0,4.0,0.0,9.0,39.0,1.0,,"Negative operating cash flow, Negative free cash flow",0.0,39.0,,62.51,12.0,"Low volume participation, Negative operating cash flow, Negative free cash flow",51.03,Neutral,"Above 50 DMA, Above 200 DMA, Healthy RSI momentum, Near 52W high momentum, Strong 1M absolute return, Strong 3M absolute return, Strong 6M absolute return, 1M Nifty outperformance, 3M Nifty outperformance, 6M Nifty outperformance, Positive across 1M/3M/6M, 80.0% of closes stayed inside the range | Range width 33.9% | Currently 100.0% through the range"
HINDALCO,Basic Materials,Aluminum,679.35,0.03,350.03,702.33,94.08,3.27,56.52,655.24,553.62,6906466.3,5924057.0,0.86,Bullish,65.0,"Above 50 DMA, Above 200 DMA, Healthy RSI momentum, Near 52W high momentum, Positive day move",-0.49,21.12,12.62,7.43,8.23,11.59,-7.92,12.89,1.03,45.0,"Strong 3M absolute return, Positive 6M return, 3M Nifty outperformance",58.77,Profit Booking Zone,81.98,508.73,672.9,32.27,100.0,80.0% of closes stayed inside the range | Range width 32.3% | Currently 100.0% through the range,9.57,4.38,7.78,4.73,-3.21,0.57,53.09,1.39,0.7,11816.0,56356.0,24056.0,8328.0,14.2245,9.717,1.7528,48.0,0.925,239409.43,31.31,Metals / Mining,2.0,0.0,6.0,17.0,15.0,40.0,1.0,,Revenue contraction,2.0,42.0,General low-debt support,55.51,0.0,,50.53,Neutral,"Above 50 DMA, Above 200 DMA, Healthy RSI momentum, Near 52W high momentum, Positive day move, Strong 3M absolute return, Positive 6M return, 3M Nifty outperformance, 80.0% of closes stayed inside the range | Range width 32.3% | Currently 100.0% through the range"
HINDUNILVR,Consumer Defensive,Household & Personal Products,2398.13,-0.57,2066.79,2616.24,16.03,8.34,57.56,2286.68,2322.25,2210253.85,1977010.0,0.89,Bullish,65.0,"Above 50 DMA, Above 200 DMA, Healthy RSI momentum, Near 52W high momentum, Near 52W low zone",-3.17,10.21,-4.31,7.43,8.23,11.59,-10.6,1.98,-15.9,10.0,Positive 3M return,91.3,Profit Booking Zone,83.29,2131.42,2426.68,13.85,90.33,80.0% of closes stayed inside the range | Range width 13.9% | Currently 90.3% through the range,20.07,13.09,22.06,16.86,2.38,1.55,2.9,1.66,1.34,825.0,1484.0,15469.0,13992.0,45.875,38.7544,9.9452,2.13,0.332,484720.67,50.37,FMCG / Consumer,21.0,0.0,15.0,17.0,7.0,60.0,1.0,Strong ROE,,8.0,68.0,"Strong ROE for a consumer staples business, Low debt, typical of a healthy consumer business",53.06,0.0,,50.51,Neutral,"Above 50 DMA, Above 200 DMA, Healthy RSI momentum, Near 52W high momentum, Near 52W low zone, Strong ROE, Positive 3M return, 80.0% of closes stayed inside the range | Range width 13.9% | Currently 90.3% through the range"
STARHEALTH,Financial Services,Insurance - Life,588.3,2.09,454.8,780.0,29.35,24.58,74.16,537.99,559.31,1133908.85,1449109.0,1.28,Bullish,52.0,"Above 50 DMA, Above 200 DMA, Strong but overbought RSI, Normal volume support, Strong positive day move",17.84,5.16,8.87,7.43,8.23,11.59,10.41,-3.07,-2.72,55.0,"Strong 1M absolute return, Positive 3M return, Positive 6M return, 1M Nifty outperformance, Positive across 1M/3M/6M",43.02,Profit Booking Zone,82.62,520.65,571.72,9.81,100.0,80.0% of closes stayed inside the range | Range width 9.8% | Currently 100.0% through the range,12.55,4.68,8.39,5.86,17.75,36.6,6.98,,,444.58,470.0,,1186.47,51.433,20.1468,3.3841,,0.197,34318.63,21.95,Financial Services,4.0,18.0,9.0,8.0,7.0,46.0,0.71,,,0.0,46.0,,50.77,0.0,,50.47,Neutral,"Above 50 DMA, Above 200 DMA, Strong but overbought RSI, Normal volume support, Strong positive day move, Strong 1M absolute return, Positive 3M return, Positive 6M return, 1M Nifty outperformance, Positive across 1M/3M/6M, 80.0% of closes stayed inside the range | Range width 9.8% | Currently 100.0% through the range"
CIPLA,Healthcare,Drug Manufacturers - Specialty & Generic,1439.28,-0.2,821.48,1537.69,75.21,6.4,46.45,1420.48,1309.22,1761293.2,1498413.0,0.85,Bullish,42.0,"Above 50 DMA, Above 200 DMA, RSI recovering",-1.08,-0.58,17.45,7.43,8.23,11.59,-8.51,-8.81,5.86,10.0,Positive 6M return,97.62,Profit Booking Zone,78.5,1298.67,1456.78,12.18,88.93,80.0% of closes stayed inside the range | Range width 12.2% | Currently 88.9% through the range,15.43,12.6,21.1,16.2,13.23,47.1,2.09,3.71,2.71,640.07,559.41,4133.91,2784.61,35.0839,23.0495,3.4322,89.0,0.086,118188.92,63.28,Pharma / Healthcare,19.0,15.0,20.0,17.0,9.0,80.0,1.0,Cash covers debt,,2.0,82.0,General low-debt support,58.12,0.0,,50.42,Neutral,"Above 50 DMA, Above 200 DMA, RSI recovering, Cash covers debt, Positive 6M return, 80.0% of closes stayed inside the range | Range width 12.2% | Currently 88.9% through the range"
LT,Industrials,Engineering & Construction,3506.04,-1.14,1730.13,3816.11,102.65,8.13,50.5,3463.71,3292.41,3318146.65,1851947.0,0.56,Bullish,60.0,"Above 50 DMA, Above 200 DMA, Healthy RSI momentum, Near 52W high momentum",5.64,-5.41,2.37,7.43,8.23,11.59,-1.79,-13.64,-9.22,18.0,"Positive 1M return, Positive 6M return",94.71,Neutral Range,79.8,3266.42,3605.86,10.39,70.59,80.0% of closes stayed inside the range | Range width 10.4% | Currently 70.6% through the range,15.12,3.84,9.92,5.96,20.62,24.72,134.7,1.23,1.2,11958.5,116322.22,18266.28,13749.75,33.4443,22.303,5.06,94.0,0.508,553098.2,37.43,Capital Goods / Infra,4.0,16.0,6.0,17.0,11.0,54.0,1.0,,,5.0,59.0,Strong order-book-driven revenue growth,68.32,0.0,,50.4,Neutral,"Above 50 DMA, Above 200 DMA, Healthy RSI momentum, Near 52W high momentum, Positive 1M return, Positive 6M return, 80.0% of closes stayed inside the range | Range width 10.4% | Currently 70.6% through the range"
MRF,Consumer Cyclical,Auto Parts,127906.0,-0.32,78177.46,150724.01,63.61,15.14,53.63,127183.72,125072.08,7571.75,4989.0,0.66,Bullish,50.0,"Above 50 DMA, Above 200 DMA, Healthy RSI momentum",0.44,-6.25,2.11,7.43,8.23,11.59,-6.99,-14.48,-9.48,18.0,"Positive 1M return, Positive 6M return",91.84,Accumulation Zone,79.46,125479.15,145338.48,15.83,12.22,80.0% of closes stayed inside the range | Range width 15.8% | Currently 12.2% through the range,12.46,7.75,11.59,8.32,9.45,170.66,16.89,1.37,0.79,303.07,2821.5,3303.36,1139.86,22.9289,19.5371,2.6445,35.0,,55467.79,35.97,Automobile,12.0,15.0,11.0,17.0,13.0,68.0,1.0,,,2.0,70.0,General low-debt support,57.33,0.0,,50.1,Neutral,"Above 50 DMA, Above 200 DMA, Healthy RSI momentum, Positive 1M return, Positive 6M return, 80.0% of closes stayed inside the range | Range width 15.8% | Currently 12.2% through the range"
LTF,Financial Services,Credit Services,183.39,-0.24,68.12,189.24,169.21,3.09,64.75,161.62,150.62,16784483.95,13615915.0,0.81,Bullish,60.0,"Above 50 DMA, Above 200 DMA, Healthy RSI momentum, Near 52W high momentum",21.69,14.4,17.71,7.43,8.23,11.59,14.26,6.17,6.12,55.0,"Strong 1M absolute return, Positive 3M return, Positive 6M return, 1M Nifty outperformance, Positive across 1M/3M/6M",43.02,Profit Booking Zone,83.28,149.84,174.64,16.55,100.0,80.0% of closes stayed inside the range | Range width 16.6% | Currently 100.0% through the range,9.9,2.26,,29.52,20.52,42.93,326.83,,,3647.86,76603.45,685.64,566.88,25.0158,16.2301,2.83,87.0,0.64,79491.77,99.53,Financial Services,8.0,18.0,0.0,17.0,13.0,56.0,0.79,,Very high debt,6.0,62.0,High leverage is structural for this sector,50.77,8.0,Very high debt,50.07,Neutral,"Above 50 DMA, Above 200 DMA, Healthy RSI momentum, Near 52W high momentum, Strong 1M absolute return, Positive 3M return, Positive 6M return, 1M Nifty outperformance, Positive across 1M/3M/6M, 80.0% of closes stayed inside the range | Range width 16.6% | Currently 100.0% through the range"
HUDCO,Financial Services,Credit Services,306.21,7.65,30.31,308.8,910.37,0.84,73.88,238.84,152.6,25998212.3,90297808.0,3.47,Bullish,72.0,"Above 50 DMA, Above 200 DMA, Strong but overbought RSI, Near 52W high momentum, Strong volume expansion, Strong positive day move",39.48,63.14,156.0,7.43,8.23,11.59,32.05,54.91,144.41,100.0,"Strong 1M absolute return, Strong 3M absolute return, Strong 6M absolute return, 1M Nifty outperformance, 3M Nifty outperformance, 6M Nifty outperformance, Positive across 1M/3M/6M",6.4,Breakout Watch,77.27,152.44,264.44,73.47,100.0,80.0% of closes stayed inside the range | Range width 73.5% | Currently 100.0% through the range | Above upper band on elevated volume,12.74,2.27,,71.11,15.52,24.41,445.45,,,250.55,74003.36,-10286.74,-10290.92,9.2171,8.0304,1.7552,3.06,0.837,38582.62,99.96,Financial Services,10.0,16.0,0.0,0.0,15.0,41.0,0.79,,"Very high debt, Negative operating cash flow, Negative free cash flow",6.0,47.0,High leverage is structural for this sector,50.77,17.0,"Very high debt, Negative operating cash flow, Negative free cash flow",50.07,Neutral,"Above 50 DMA, Above 200 DMA, Strong but overbought RSI, Near 52W high momentum, Strong volume expansion, Strong positive day move, Strong 1M absolute return, Strong 3M absolute return, Strong 6M absolute return, 1M Nifty outperformance, 3M Nifty outperformance, 6M Nifty outperformance, Positive across 1M/3M/6M, 80.0% of closes stayed inside the range | Range width 73.5% | Currently 100.0% through the range | Above upper band on elevated volume"
UNITDSPR,Consumer Defensive,Beverages - Wineries & Distilleries,1228.47,-0.95,709.87,1302.07,73.06,5.65,50.74,1196.96,1092.77,934976.95,375289.0,0.4,Bullish,60.0,"Above 50 DMA, Above 200 DMA, Healthy RSI momentum, Near 52W high momentum",-3.01,9.24,15.14,7.43,8.23,11.59,-10.44,1.01,3.55,20.0,"Positive 3M return, Positive 6M return",67.39,Profit Booking Zone,82.0,1068.4,1243.69,16.41,91.32,80.0% of closes stayed inside the range | Range width 16.4% | Currently 91.3% through the range,19.77,12.52,15.34,12.51,6.68,23.83,3.72,1.89,1.36,1052.0,265.0,1118.0,1020.0,64.3606,50.7888,12.1739,1.1,0.148,108993.5,46.86,FMCG / Consumer,19.0,10.0,18.0,17.0,4.0,68.0,1.0,"Strong ROE, Cash covers debt",,3.0,71.0,"Low debt, typical of a healthy consumer business",53.06,3.0,Low volume participation,49.81,Neutral,"Above 50 DMA, Above 200 DMA, Healthy RSI momentum, Near 52W high momentum, Strong ROE, Cash covers debt, Positive 3M return, Positive 6M return, 80.0% of closes stayed inside the range | Range width 16.4% | Currently 91.3% through the range"
CONCOR,Industrials,Railroads,998.97,0.98,530.94,1141.62,88.15,12.5,44.47,1021.42,857.98,2524842.05,2949896.0,1.17,Bearish,33.0,"Above 200 DMA, Weak but watchable RSI, Normal volume support, Positive day move",3.96,12.59,20.91,7.43,8.23,11.59,-3.47,4.36,9.32,38.0,"Positive 1M return, Positive 3M return, Positive 6M return, Positive across 1M/3M/6M",89.41,Profit Booking Zone,72.49,837.28,1052.72,25.73,75.05,80.0% of closes stayed inside the range | Range width 25.7% | Currently 75.0% through the range,10.54,8.88,16.74,15.66,6.93,6.22,7.73,3.44,3.4,193.47,914.48,1386.8,588.87,31.2607,21.9481,3.0133,1.25,0.228,38998.65,39.47,Capital Goods / Infra,14.0,4.0,17.0,17.0,10.0,62.0,1.0,,,0.0,62.0,,68.32,0.0,,49.7,Neutral,"Above 200 DMA, Weak but watchable RSI, Normal volume support, Positive day move, Positive 1M return, Positive 3M return, Positive 6M return, Positive across 1M/3M/6M, 80.0% of closes stayed inside the range | Range width 25.7% | Currently 75.0% through the range"
TATAPOWER,Utilities,Utilities - Independent Power Producers,431.03,1.02,177.68,456.53,142.58,5.59,50.57,430.47,349.02,10783247.5,10686705.0,0.99,Bullish,65.0,"Above 50 DMA, Above 200 DMA, Healthy RSI momentum, Near 52W high momentum, Positive day move",3.66,7.21,32.89,7.43,8.23,11.59,-3.77,-1.02,21.3,63.0,"Positive 1M return, Positive 3M return, Strong 6M absolute return, 6M Nifty outperformance, Positive across 1M/3M/6M",50.0,Profit Booking Zone,81.5,352.85,440.33,24.79,89.36,80.0% of closes stayed inside the range | Range width 24.8% | Currently 89.4% through the range,11.42,2.65,11.26,6.12,11.59,10.78,182.37,0.67,0.57,3324.34,59006.76,12504.37,-736.66,31.5945,22.6373,3.0714,66.0,0.342,121247.16,35.71,Energy / Utilities,8.0,10.0,0.0,9.0,11.0,38.0,1.0,,Negative free cash flow,0.0,38.0,,54.93,4.0,Negative free cash flow,49.54,Neutral,"Above 50 DMA, Above 200 DMA, Healthy RSI momentum, Near 52W high momentum, Positive day move, Positive 1M return, Positive 3M return, Strong 6M absolute return, 6M Nifty outperformance, Positive across 1M/3M/6M, 80.0% of closes stayed inside the range | Range width 24.8% | Currently 89.4% through the range"
MAHABANK,Financial Services,Banks - Regional,59.85,-0.41,14.91,69.19,301.36,13.5,42.53,61.99,51.01,15675771.15,11244425.0,0.72,Bearish,23.0,"Above 200 DMA, Weak but watchable RSI",-0.11,-0.36,43.36,7.43,8.23,11.59,-7.54,-8.59,31.77,35.0,"Strong 6M absolute return, 6M Nifty outperformance",69.19,Profit Booking Zone,69.96,49.03,63.34,29.2,75.62,80.0% of closes stayed inside the range | Range width 29.2% | Currently 75.6% through the range,20.49,1.32,,33.96,17.12,56.31,38.85,,,30311.7,7718.85,11580.85,11301.95,8.3626,6.5496,1.7645,2.79,0.78,62970.76,0.0,Banking,12.0,18.0,10.0,17.0,15.0,72.0,0.79,"Strong ROE, Cash covers debt",,6.0,78.0,Strong ROE for a leveraged-balance-sheet business,50.77,0.0,,49.42,Neutral,"Above 200 DMA, Weak but watchable RSI, Strong ROE, Cash covers debt, Strong 6M absolute return, 6M Nifty outperformance, 80.0% of closes stayed inside the range | Range width 29.2% | Currently 75.6% through the range"
AJANTPHARM,Healthcare,Drug Manufacturers - Specialty & Generic,2155.63,-0.95,1045.69,2466.63,106.14,12.61,33.83,2269.15,2010.82,68967.0,136647.0,1.98,Bearish,33.0,"Above 200 DMA, Weak but watchable RSI, Volume expansion",-4.58,-2.24,12.6,7.43,8.23,11.59,-12.01,-10.47,1.01,10.0,Positive 6M return,97.62,Lower Range Watch,72.12,2043.38,2329.91,14.02,39.17,80.0% of closes stayed inside the range | Range width 14.0% | Currently 39.2% through the range,22.88,17.6,25.13,19.61,12.25,38.81,0.99,3.05,2.13,129.49,35.28,785.07,632.66,38.9849,30.3719,9.7708,1.82,0.216,44239.7,78.61,Pharma / Healthcare,23.0,15.0,20.0,17.0,6.0,81.0,1.0,"Strong ROE, Cash covers debt",,4.0,85.0,"General quality ROE, General low-debt support",58.12,0.0,,49.22,Neutral,"Above 200 DMA, Weak but watchable RSI, Volume expansion, Strong ROE, Cash covers debt, Positive 6M return, 80.0% of closes stayed inside the range | Range width 14.0% | Currently 39.2% through the range"
FORTIS,Healthcare,Medical Care Facilities,468.63,0.04,243.7,507.66,92.3,7.69,49.86,460.32,405.42,2171689.15,5684718.0,2.62,Bullish,62.0,"Above 50 DMA, Above 200 DMA, RSI recovering, Strong volume expansion, Positive day move",6.18,10.07,16.12,7.43,8.23,11.59,-1.25,1.84,4.53,38.0,"Positive 1M return, Positive 3M return, Positive 6M return, Positive across 1M/3M/6M",63.1,Profit Booking Zone,83.41,402.73,469.88,16.68,98.14,80.0% of closes stayed inside the range | Range width 16.7% | Currently 98.1% through the range,7.82,4.51,13.35,8.76,10.01,1.72,15.07,0.45,0.41,235.27,1155.02,1100.1,157.63,67.5676,39.5602,6.8663,11.0,0.665,67946.23,59.39,Pharma / Healthcare,6.0,5.0,9.0,17.0,5.0,42.0,1.0,,,2.0,44.0,General low-debt support,58.12,0.0,,49.12,Neutral,"Above 50 DMA, Above 200 DMA, RSI recovering, Strong volume expansion, Positive day move, Positive 1M return, Positive 3M return, Positive 6M return, Positive across 1M/3M/6M, 80.0% of closes stayed inside the range | Range width 16.7% | Currently 98.1% through the range"
NESTLEIND,Consumer Defensive,Packaged Foods,1241.05,-0.25,860.07,1346.54,44.3,7.83,54.5,1218.67,1203.55,1401177.4,627352.0,0.45,Bullish,60.0,"Above 50 DMA, Above 200 DMA, Healthy RSI momentum, Near 52W high momentum",1.41,-2.98,-2.77,7.43,8.23,11.59,-6.02,-11.21,-14.36,8.0,Positive 1M return,95.65,Neutral Range,80.3,1196.31,1261.16,5.42,68.98,80.0% of closes stayed inside the range | Range width 5.4% | Currently 69.0% through the range,97.21,26.62,19.93,14.24,14.49,12.85,11.0,1.13,0.51,926.55,270.52,2737.43,2187.51,76.4587,60.7096,56.3512,80.0,0.426,290596.98,55.13,FMCG / Consumer,23.0,10.0,14.0,17.0,5.0,69.0,1.0,"Strong ROE, Cash covers debt",,8.0,77.0,"Strong ROE for a consumer staples business, Low debt, typical of a healthy consumer business",53.06,3.0,Low volume participation,48.91,Neutral,"Above 50 DMA, Above 200 DMA, Healthy RSI momentum, Near 52W high momentum, Strong ROE, Cash covers debt, Positive 1M return, 80.0% of closes stayed inside the range | Range width 5.4% | Currently 69.0% through the range"
JKCEMENT,Basic Materials,Building Materials,4244.89,-0.35,2388.03,4550.2,77.76,6.71,52.67,4050.77,3834.89,209987.25,159601.0,0.76,Bullish,60.0,"Above 50 DMA, Above 200 DMA, Healthy RSI momentum, Near 52W high momentum",9.5,-0.9,13.66,7.43,8.23,11.59,2.07,-9.13,2.07,18.0,"Positive 1M return, Positive 6M return",88.6,Profit Booking Zone,80.76,3887.21,4343.78,11.75,78.34,80.0% of closes stayed inside the range | Range width 11.7% | Currently 78.3% through the range,14.73,5.34,13.41,7.06,17.88,86.71,103.45,1.29,0.94,174.41,5552.04,1959.1,786.52,43.8603,27.6921,5.922,37.0,0.412,41674.63,62.85,Cement / Realty,12.0,18.0,4.0,17.0,9.0,60.0,1.0,,,0.0,60.0,,55.51,0.0,,48.83,Neutral,"Above 50 DMA, Above 200 DMA, Healthy RSI momentum, Near 52W high momentum, Positive 1M return, Positive 6M return, 80.0% of closes stayed inside the range | Range width 11.7% | Currently 78.3% through the range"
AUROPHARMA,Healthcare,Drug Manufacturers - Specialty & Generic,1249.96,1.28,391.5,1287.27,219.27,2.9,59.22,1192.0,1051.36,1510179.9,848096.0,0.56,Bullish,65.0,"Above 50 DMA, Above 200 DMA, Healthy RSI momentum, Near 52W high momentum, Positive day move",-0.93,13.91,15.3,7.43,8.23,11.59,-8.36,5.68,3.71,20.0,"Positive 3M return, Positive 6M return",75.0,Profit Booking Zone,83.55,1013.44,1234.4,21.8,100.0,80.0% of closes stayed inside the range | Range width 21.8% | Currently 100.0% through the range,10.63,7.04,15.47,11.05,16.6,64.62,22.28,1.98,1.18,3393.48,6647.63,2434.52,-1126.98,25.9052,18.0068,2.5552,24.0,0.022,95915.5,58.85,Pharma / Healthcare,10.0,18.0,13.0,9.0,13.0,63.0,1.0,,Negative free cash flow,2.0,65.0,General low-debt support,58.12,4.0,Negative free cash flow,48.72,Neutral,"Above 50 DMA, Above 200 DMA, Healthy RSI momentum, Near 52W high momentum, Positive day move, Positive 3M return, Positive 6M return, 80.0% of closes stayed inside the range | Range width 21.8% | Currently 100.0% through the range"
TECHM,Technology,Information Technology Services,1344.98,-1.4,859.95,1380.79,56.4,2.59,66.93,1221.14,1167.91,2504566.0,1322999.0,0.53,Bullish,60.0,"Above 50 DMA, Above 200 DMA, Healthy RSI momentum, Near 52W high momentum",15.17,17.98,13.47,7.43,8.23,11.59,7.74,9.75,1.88,55.0,"Strong 1M absolute return, Positive 3M return, Positive 6M return, 1M Nifty outperformance, Positive across 1M/3M/6M",52.94,Profit Booking Zone,83.94,1142.1,1281.44,12.2,100.0,80.0% of closes stayed inside the range | Range width 12.2% | Currently 100.0% through the range,8.84,5.43,6.58,4.53,-2.43,-51.2,9.51,1.86,1.85,4347.1,2536.7,6376.4,5585.3,28.4091,18.707,4.8593,3.1,0.162,143950.49,35.76,IT / Technology,4.0,0.0,19.0,17.0,11.0,51.0,1.0,Cash covers debt,"Revenue contraction, Earnings contraction",0.0,51.0,,60.12,7.0,Earnings contraction,48.62,Neutral,"Above 50 DMA, Above 200 DMA, Healthy RSI momentum, Near 52W high momentum, Cash covers debt, Strong 1M absolute return, Positive 3M return, Positive 6M return, 1M Nifty outperformance, Positive across 1M/3M/6M, 80.0% of closes stayed inside the range | Range width 12.2% | Currently 100.0% through the range"
DMART,Consumer Defensive,Discount Stores,4768.1,-0.52,3292.0,5219.0,44.84,8.64,51.28,4695.51,4120.29,599920.45,317759.0,0.53,Bullish,60.0,"Above 50 DMA, Above 200 DMA, Healthy RSI momentum, Near 52W high momentum",-1.94,8.07,17.89,7.43,8.23,11.59,-9.37,-0.16,6.3,20.0,"Positive 3M return, Positive 6M return",67.39,Profit Booking Zone,81.06,3729.42,4797.66,28.64,97.23,80.0% of closes stayed inside the range | Range width 28.6% | Currently 97.2% through the range,13.56,11.98,6.66,5.0,18.64,6.63,3.17,3.13,1.15,1271.77,592.16,2745.84,14.59,85.8843,58.628,10.7462,,0.228,263507.36,15.19,General,8.0,10.0,19.0,17.0,3.0,57.0,0.93,Cash covers debt,Very high PE,2.0,59.0,General low-debt support,53.06,0.0,,48.61,Neutral,"Above 50 DMA, Above 200 DMA, Healthy RSI momentum, Near 52W high momentum, Cash covers debt, Positive 3M return, Positive 6M return, 80.0% of closes stayed inside the range | Range width 28.6% | Currently 97.2% through the range"
INDIANB,Financial Services,Banks - Regional,517.03,1.02,156.65,590.7,230.06,12.47,51.08,511.45,449.45,1545479.1,771114.0,0.5,Bullish,65.0,"Above 50 DMA, Above 200 DMA, Healthy RSI momentum, Near 52W high momentum, Positive day move",5.58,3.77,31.26,7.43,8.23,11.59,-1.85,-4.46,19.67,63.0,"Positive 1M return, Positive 3M return, Strong 6M absolute return, 6M Nifty outperformance, Positive across 1M/3M/6M",30.81,Profit Booking Zone,82.26,415.41,522.03,25.67,95.31,80.0% of closes stayed inside the range | Range width 25.7% | Currently 95.3% through the range,13.97,1.06,,26.4,13.61,51.09,38.41,,,42176.91,23142.88,-8617.26,-9243.84,9.2255,8.1752,1.44,2.08,0.28,120822.67,0.0,Banking,10.0,15.0,10.0,0.0,15.0,50.0,0.79,Cash covers debt,"Negative operating cash flow, Negative free cash flow",0.0,50.0,,50.77,9.0,"Negative operating cash flow, Negative free cash flow",48.12,Neutral,"Above 50 DMA, Above 200 DMA, Healthy RSI momentum, Near 52W high momentum, Positive day move, Cash covers debt, Positive 1M return, Positive 3M return, Strong 6M absolute return, 6M Nifty outperformance, Positive across 1M/3M/6M, 80.0% of closes stayed inside the range | Range width 25.7% | Currently 95.3% through the range"
OIL,Energy,Oil & Gas Integrated,466.26,-0.6,95.09,484.86,390.35,3.84,67.34,412.52,297.02,6197152.35,2722700.0,0.44,Bullish,60.0,"Above 50 DMA, Above 200 DMA, Healthy RSI momentum, Near 52W high momentum",27.22,17.21,95.98,7.43,8.23,11.59,19.79,8.98,84.39,80.0,"Strong 1M absolute return, Positive 3M return, Strong 6M absolute return, 1M Nifty outperformance, 6M Nifty outperformance, Positive across 1M/3M/6M",28.57,Profit Booking Zone,74.63,250.51,436.56,74.27,100.0,80.0% of closes stayed inside the range | Range width 74.3% | Currently 100.0% through the range,13.11,6.87,36.96,19.51,-10.03,-27.42,49.73,1.17,0.85,315.99,24040.5,10933.14,-1129.69,9.1579,7.5062,1.3235,4.04,0.253,76775.88,56.89,Energy / Utilities,18.0,0.0,9.0,9.0,15.0,51.0,1.0,,"Revenue contraction, Earnings contraction, Negative free cash flow",2.0,53.0,General low-debt support,56.28,14.0,"Low volume participation, Earnings contraction, Negative free cash flow",47.99,Neutral,"Above 50 DMA, Above 200 DMA, Healthy RSI momentum, Near 52W high momentum, Strong 1M absolute return, Positive 3M return, Strong 6M absolute return, 1M Nifty outperformance, 6M Nifty outperformance, Positive across 1M/3M/6M, 80.0% of closes stayed inside the range | Range width 74.3% | Currently 100.0% through the range"
BRITANNIA,Consumer Defensive,Packaged Foods,5200.63,-0.42,3358.32,5486.95,54.86,5.22,56.61,5000.05,4727.76,274470.3,138170.0,0.5,Bullish,60.0,"Above 50 DMA, Above 200 DMA, Healthy RSI momentum, Near 52W high momentum",-1.1,10.74,2.73,7.43,8.23,11.59,-8.53,2.51,-8.86,20.0,"Positive 3M return, Positive 6M return",67.39,Profit Booking Zone,83.88,4600.79,5178.97,12.57,100.0,80.0% of closes stayed inside the range | Range width 12.6% | Currently 100.0% through the range,54.29,23.58,17.34,12.93,3.51,-7.84,52.64,1.19,0.9,322.8,2074.63,2572.98,2020.11,52.2538,43.3854,26.629,1.62,0.421,135982.19,41.42,FMCG / Consumer,21.0,2.0,6.0,17.0,6.0,52.0,1.0,Strong ROE,Earnings contraction,5.0,57.0,Strong ROE for a consumer staples business,53.06,0.0,,47.91,Neutral,"Above 50 DMA, Above 200 DMA, Healthy RSI momentum, Near 52W high momentum, Strong ROE, Positive 3M return, Positive 6M return, 80.0% of closes stayed inside the range | Range width 12.6% | Currently 100.0% through the range"
360ONE,Financial Services,Asset Management,909.4,-1.68,373.47,1044.44,143.5,12.93,63.9,795.3,653.44,1130619.1,314006.0,0.28,Bullish,60.0,"Above 50 DMA, Above 200 DMA, Healthy RSI momentum, Near 52W high momentum",20.53,33.86,32.36,7.43,8.23,11.59,13.1,25.63,20.77,100.0,"Strong 1M absolute return, Strong 3M absolute return, Strong 6M absolute return, 1M Nifty outperformance, 3M Nifty outperformance, 6M Nifty outperformance, Positive across 1M/3M/6M",6.4,Profit Booking Zone,81.15,626.39,819.04,30.76,100.0,80.0% of closes stayed inside the range | Range width 30.8% | Currently 100.0% through the range,23.31,5.32,36.73,40.09,21.79,22.23,271.07,0.85,,442.74,9351.16,-470.11,-572.17,38.533,28.3458,4.787,1.54,0.47,47239.83,72.87,Financial Services,20.0,16.0,0.0,0.0,8.0,44.0,0.93,Strong ROE,"Very high debt, Negative operating cash flow, Negative free cash flow",12.0,56.0,"High leverage is structural for this sector, Strong ROE for a leveraged-balance-sheet business",50.77,20.0,"Low volume participation, Very high debt, Negative operating cash flow, Negative free cash flow",47.22,Neutral,"Above 50 DMA, Above 200 DMA, Healthy RSI momentum, Near 52W high momentum, Strong ROE, Strong 1M absolute return, Strong 3M absolute return, Strong 6M absolute return, 1M Nifty outperformance, 3M Nifty outperformance, 6M Nifty outperformance, Positive across 1M/3M/6M, 80.0% of closes stayed inside the range | Range width 30.8% | Currently 100.0% through the range"
RBLBANK,Financial Services,Banks - Regional,262.78,-1.26,95.02,296.89,176.56,11.49,56.25,251.88,249.68,6123523.15,6115711.0,1.0,Bullish,60.0,"Above 50 DMA, Above 200 DMA, Healthy RSI momentum, Near 52W high momentum",8.99,6.23,-1.02,7.43,8.23,11.59,1.56,-2.0,-12.61,18.0,"Positive 1M return, Positive 3M return",79.07,Profit Booking Zone,82.19,239.42,266.16,11.17,87.34,80.0% of closes stayed inside the range | Range width 11.2% | Currently 87.3% through the range,8.49,0.91,,13.84,22.4,37.01,100.47,,,14423.42,14907.27,4954.98,4751.34,32.1617,19.5915,1.4386,33.0,0.642,60423.22,0.0,Banking,7.0,18.0,2.0,17.0,13.0,57.0,0.79,,,0.0,57.0,,50.77,0.0,,47.07,Neutral,"Above 50 DMA, Above 200 DMA, Healthy RSI momentum, Near 52W high momentum, Positive 1M return, Positive 3M return, 80.0% of closes stayed inside the range | Range width 11.2% | Currently 87.3% through the range"
TATACONSUM,Consumer Defensive,Packaged Foods,1117.39,-0.97,663.99,1240.54,68.29,9.93,58.54,1083.46,1026.59,1550155.2,2113837.0,1.36,Bullish,70.0,"Above 50 DMA, Above 200 DMA, Healthy RSI momentum, Near 52W high momentum, Volume expansion",-0.63,1.05,9.8,7.43,8.23,11.59,-8.06,-7.18,-1.79,20.0,"Positive 3M return, Positive 6M return",67.39,Neutral Range,80.36,1068.5,1152.97,7.9,57.88,80.0% of closes stayed inside the range | Range width 7.9% | Currently 57.9% through the range,7.16,4.11,12.65,7.62,10.53,-4.44,21.66,1.2,0.75,2319.83,3477.22,1936.68,1601.99,64.3966,44.4085,4.823,93.0,0.414,105095.18,41.11,FMCG / Consumer,6.0,5.0,9.0,17.0,7.0,44.0,1.0,,Earnings contraction,3.0,47.0,"Low debt, typical of a healthy consumer business",53.06,0.0,,46.91,Neutral,"Above 50 DMA, Above 200 DMA, Healthy RSI momentum, Near 52W high momentum, Volume expansion, Positive 3M return, Positive 6M return, 80.0% of closes stayed inside the range | Range width 7.9% | Currently 57.9% through the range"
FACT,Basic Materials,Agricultural Inputs,1011.49,-0.15,103.66,1185.35,875.8,14.67,63.87,779.04,725.44,3903308.95,2015054.0,0.52,Bullish,60.0,"Above 50 DMA, Above 200 DMA, Healthy RSI momentum, Near 52W high momentum",54.39,50.03,25.26,7.43,8.23,11.59,46.96,41.8,13.67,80.0,"Strong 1M absolute return, Strong 3M absolute return, Positive 6M return, 1M Nifty outperformance, 3M Nifty outperformance, Positive across 1M/3M/6M",27.19,Profit Booking Zone,80.32,651.15,887.8,36.34,100.0,80.0% of closes stayed inside the range | Range width 36.3% | Currently 100.0% through the range,9.45,2.21,11.09,4.36,-6.86,-79.07,133.32,1.05,0.78,425.42,1810.22,279.99,106.35,,,38.5634,5.0,,53030.78,47.47,General,5.0,0.0,4.0,17.0,2.0,28.0,0.93,,"Revenue contraction, Earnings contraction",0.0,28.0,,55.51,7.0,Earnings contraction,46.13,Neutral,"Above 50 DMA, Above 200 DMA, Healthy RSI momentum, Near 52W high momentum, Strong 1M absolute return, Strong 3M absolute return, Positive 6M return, 1M Nifty outperformance, 3M Nifty outperformance, Positive across 1M/3M/6M, 80.0% of closes stayed inside the range | Range width 36.3% | Currently 100.0% through the range"
M&M,Consumer Cyclical,Auto Manufacturers,2829.02,0.86,1083.49,2936.91,161.1,3.67,62.98,2488.34,1863.54,3413170.15,1502213.0,0.44,Bullish,65.0,"Above 50 DMA, Above 200 DMA, Healthy RSI momentum, Near 52W high momentum, Positive day move",5.9,47.2,67.36,7.43,8.23,11.59,-1.53,38.97,55.77,88.0,"Positive 1M return, Strong 3M absolute return, Strong 6M absolute return, 3M Nifty outperformance, 6M Nifty outperformance, Positive across 1M/3M/6M",22.45,Profit Booking Zone,75.57,1593.98,2789.3,74.99,100.0,80.0% of closes stayed inside the range | Range width 75.0% | Currently 100.0% through the range,17.02,4.77,14.44,8.3,14.08,9.6,161.09,1.3,1.05,4530.1,106625.52,-5629.95,-15575.94,21.0528,21.6049,4.0858,95.0,0.291,408691.44,38.59,Automobile,10.0,10.0,4.0,0.0,8.0,32.0,1.0,,"Negative operating cash flow, Negative free cash flow",0.0,32.0,,57.33,12.0,"Low volume participation, Negative operating cash flow, Negative free cash flow",46.05,Neutral,"Above 50 DMA, Above 200 DMA, Healthy RSI momentum, Near 52W high momentum, Positive day move, Positive 1M return, Strong 3M absolute return, Strong 6M absolute return, 3M Nifty outperformance, 6M Nifty outperformance, Positive across 1M/3M/6M, 80.0% of closes stayed inside the range | Range width 75.0% | Currently 100.0% through the range"
OBEROIRLTY,Real Estate,Real Estate - Development,1777.77,-0.09,774.64,1930.75,129.5,7.92,49.12,1702.55,1411.57,867902.9,299163.0,0.34,Bullish,42.0,"Above 50 DMA, Above 200 DMA, RSI recovering",-2.53,15.81,25.01,7.43,8.23,11.59,-9.96,7.58,13.42,20.0,"Positive 3M return, Positive 6M return",90.0,Profit Booking Zone,73.87,1300.79,1844.55,41.8,87.72,80.0% of closes stayed inside the range | Range width 41.8% | Currently 87.7% through the range,13.92,9.81,53.18,43.01,7.32,1.16,18.02,3.89,1.06,296.96,2495.22,2816.41,2139.39,24.9018,16.8684,3.6517,45.0,0.324,65444.77,62.61,Cement / Realty,20.0,2.0,16.0,17.0,11.0,66.0,1.0,,,2.0,68.0,General low-debt support,62.51,3.0,Low volume participation,45.68,Neutral,"Above 50 DMA, Above 200 DMA, RSI recovering, Positive 3M return, Positive 6M return, 80.0% of closes stayed inside the range | Range width 41.8% | Currently 87.7% through the range"
APOLLOHOSP,Healthcare,Medical Care Facilities,6183.37,0.52,3944.97,6828.42,56.74,9.45,57.69,5995.06,5758.98,371490.5,222050.0,0.6,Bullish,65.0,"Above 50 DMA, Above 200 DMA, Healthy RSI momentum, Near 52W high momentum, Positive day move",4.89,-3.03,8.16,7.43,8.23,11.59,-2.54,-11.26,-3.43,18.0,"Positive 1M return, Positive 6M return",85.71,Neutral Range,78.61,5809.41,6469.33,11.36,56.67,80.0% of closes stayed inside the range | Range width 11.4% | Currently 56.7% through the range,12.96,5.36,9.05,4.76,14.7,9.71,76.89,1.13,1.03,505.5,5332.6,1920.2,783.4,64.9369,40.1114,13.0391,23.0,0.201,123611.67,34.63,Pharma / Healthcare,6.0,10.0,8.0,17.0,5.0,46.0,1.0,,,0.0,46.0,,58.12,0.0,,45.57,Neutral,"Above 50 DMA, Above 200 DMA, Healthy RSI momentum, Near 52W high momentum, Positive day move, Positive 1M return, Positive 6M return, 80.0% of closes stayed inside the range | Range width 11.4% | Currently 56.7% through the range"
ALKEM,Healthcare,Drug Manufacturers - Specialty & Generic,4881.68,0.21,2739.33,5467.18,78.21,10.71,46.95,4956.68,4585.97,238172.25,106334.0,0.45,Bearish,32.0,"Above 200 DMA, RSI recovering, Positive day move",3.24,0.52,-2.18,7.43,8.23,11.59,-4.19,-7.71,-13.77,18.0,"Positive 1M return, Positive 3M return",85.71,Lower Range Watch,72.76,4693.72,5207.94,10.96,36.55,80.0% of closes stayed inside the range | Range width 11.0% | Currently 36.6% through the range,17.41,11.53,15.96,14.44,8.73,82.47,13.75,2.61,1.94,455.07,1418.41,1948.07,1688.78,28.4883,24.2259,4.741,36.0,0.295,65521.62,64.12,Pharma / Healthcare,16.0,15.0,17.0,17.0,11.0,76.0,1.0,,,2.0,78.0,General low-debt support,58.12,3.0,Low volume participation,45.52,Neutral,"Above 200 DMA, RSI recovering, Positive day move, Positive 1M return, Positive 3M return, 80.0% of closes stayed inside the range | Range width 11.0% | Currently 36.6% through the range"
AXISBANK,Financial Services,Banks - Regional,1277.83,0.07,705.29,1306.86,81.18,2.22,64.43,1175.21,1083.82,11137066.8,4817380.0,0.43,Bullish,65.0,"Above 50 DMA, Above 200 DMA, Healthy RSI momentum, Near 52W high momentum, Positive day move",8.14,22.32,15.62,7.43,8.23,11.59,0.71,14.09,4.03,63.0,"Positive 1M return, Strong 3M absolute return, Positive 6M return, 3M Nifty outperformance, Positive across 1M/3M/6M",30.81,Profit Booking Zone,84.32,1047.25,1221.24,16.61,100.0,80.0% of closes stayed inside the range | Range width 16.6% | Currently 100.0% through the range,16.8,1.74,,34.45,22.73,143.9,145.33,,,138050.28,228199.55,-5554.67,-7940.08,13.8498,9.7233,1.7142,8.0,0.416,382872.22,0.0,Banking,10.0,18.0,2.0,0.0,15.0,45.0,0.79,,"Negative operating cash flow, Negative free cash flow",6.0,51.0,Strong ROE for a leveraged-balance-sheet business,50.77,12.0,"Low volume participation, Negative operating cash flow, Negative free cash flow",45.47,Neutral,"Above 50 DMA, Above 200 DMA, Healthy RSI momentum, Near 52W high momentum, Positive day move, Positive 1M return, Strong 3M absolute return, Positive 6M return, 3M Nifty outperformance, Positive across 1M/3M/6M, 80.0% of closes stayed inside the range | Range width 16.6% | Currently 100.0% through the range"
VEDL,Basic Materials,Other Industrial Metals & Mining,407.84,1.12,163.09,430.32,150.08,5.22,59.36,377.54,256.29,20207646.4,12818706.0,0.63,Bullish,65.0,"Above 50 DMA, Above 200 DMA, Healthy RSI momentum, Near 52W high momentum, Positive day move",6.44,59.4,86.48,7.43,8.23,11.59,-0.99,51.17,74.89,88.0,"Positive 1M return, Strong 3M absolute return, Strong 6M absolute return, 3M Nifty outperformance, 6M Nifty outperformance, Positive across 1M/3M/6M",18.42,Profit Booking Zone,75.35,225.7,398.22,76.44,100.0,80.0% of closes stayed inside the range | Range width 76.4% | Currently 100.0% through the range,13.8,2.22,17.51,2.99,-2.48,-59.91,236.87,0.66,0.49,2812.0,72770.0,35654.0,18902.0,12.0753,8.5779,2.169,12.36,0.363,107694.43,53.91,Metals / Mining,7.0,0.0,0.0,17.0,15.0,39.0,1.0,,"Revenue contraction, Earnings contraction, Very high debt",0.0,39.0,,55.51,15.0,"Very high debt, Earnings contraction",45.23,Neutral,"Above 50 DMA, Above 200 DMA, Healthy RSI momentum, Near 52W high momentum, Positive day move, Positive 1M return, Strong 3M absolute return, Strong 6M absolute return, 3M Nifty outperformance, 6M Nifty outperformance, Positive across 1M/3M/6M, 80.0% of closes stayed inside the range | Range width 76.4% | Currently 100.0% through the range"
GLAND,Healthcare,Drug Manufacturers - Specialty & Generic,1761.67,-0.01,838.01,2537.39,110.22,30.57,47.12,1751.93,1735.99,329432.9,172326.0,0.52,Bullish,42.0,"Above 50 DMA, Above 200 DMA, RSI recovering",-1.26,1.19,-6.48,7.43,8.23,11.59,-8.69,-7.04,-18.07,10.0,Positive 3M return,97.62,Lower Range Watch,74.84,1682.99,1915.51,13.82,33.84,80.0% of closes stayed inside the range | Range width 13.8% | Currently 33.8% through the range,8.85,7.25,17.66,13.69,57.07,-1.1,4.27,4.04,2.85,357.09,372.17,996.8,598.54,42.2505,29.9428,4.5988,77.0,0.566,47695.16,59.05,Pharma / Healthcare,12.0,10.0,17.0,17.0,9.0,65.0,1.0,,Earnings contraction,2.0,67.0,General low-debt support,58.12,0.0,,45.17,Neutral,"Above 50 DMA, Above 200 DMA, RSI recovering, Positive 3M return, 80.0% of closes stayed inside the range | Range width 13.8% | Currently 33.8% through the range"
AUBANK,Financial Services,Banks - Regional,670.91,1.08,545.21,810.33,23.05,17.21,55.54,643.7,670.31,3921857.9,1223370.0,0.31,Bullish,60.0,"Above 50 DMA, Above 200 DMA, Healthy RSI momentum, Near 52W low zone, Positive day move",0.58,13.84,-14.61,7.43,8.23,11.59,-6.85,5.61,-26.2,18.0,"Positive 1M return, Positive 3M return",79.07,Neutral Range,77.37,569.54,715.19,25.57,69.59,80.0% of closes stayed inside the range | Range width 25.6% | Currently 69.6% through the range,12.22,1.4,,22.39,25.55,7.48,43.63,,,6441.21,5479.37,2608.07,2261.65,28.9496,17.9736,4.084,9.0,,81746.32,0.0,Banking,10.0,12.0,10.0,17.0,11.0,60.0,0.79,Cash covers debt,,0.0,60.0,,50.77,3.0,Low volume participation,45.12,Neutral,"Above 50 DMA, Above 200 DMA, Healthy RSI momentum, Near 52W low zone, Positive day move, Cash covers debt, Positive 1M return, Positive 3M return, 80.0% of closes stayed inside the range | Range width 25.6% | Currently 69.6% through the range"
BPCL,Energy,Oil & Gas Refining & Marketing,270.23,-1.17,121.3,306.78,122.78,11.91,47.22,274.86,225.59,15460970.05,6607472.0,0.43,Bearish,27.0,"Above 200 DMA, RSI recovering",4.28,-1.59,30.1,7.43,8.23,11.59,-3.15,-9.82,18.51,43.0,"Positive 1M return, Strong 6M absolute return, 6M Nifty outperformance",60.71,Profit Booking Zone,70.53,212.65,285.6,34.3,78.94,80.0% of closes stayed inside the range | Range width 34.3% | Currently 78.9% through the range,35.51,13.27,8.43,6.01,-4.2,1160.36,72.19,0.81,0.28,2300.74,54599.05,35969.63,26390.5,7.9033,7.9415,1.3525,6.29,0.873,135440.94,12.75,Energy / Utilities,16.0,10.0,4.0,17.0,12.0,59.0,1.0,Strong ROE,Revenue contraction,4.0,63.0,"General quality ROE, General low-debt support",56.28,3.0,Low volume participation,44.99,Weak,"Above 200 DMA, RSI recovering, Strong ROE, Positive 1M return, Strong 6M absolute return, 6M Nifty outperformance, 80.0% of closes stayed inside the range | Range width 34.3% | Currently 78.9% through the range"
DLF,Real Estate,Real Estate - Development,817.52,-0.3,325.47,943.27,151.18,13.33,49.11,827.15,731.77,3639812.95,1817264.0,0.5,Bearish,27.0,"Above 200 DMA, RSI recovering",5.35,-10.3,15.09,7.43,8.23,11.59,-2.08,-18.53,3.5,18.0,"Positive 1M return, Positive 6M return",100.0,Lower Range Watch,70.15,767.11,885.88,15.48,42.44,80.0% of closes stayed inside the range | Range width 15.5% | Currently 42.4% through the range,6.92,4.53,29.33,43.64,9.98,33.96,12.26,2.3,0.81,767.53,4833.86,2538.81,2423.29,36.8868,25.8892,3.6022,1.23,0.386,163803.75,46.51,Cement / Realty,12.0,15.0,14.0,17.0,8.0,66.0,1.0,,,2.0,68.0,General low-debt support,62.51,0.0,,44.43,Weak,"Above 200 DMA, RSI recovering, Positive 1M return, Positive 6M return, 80.0% of closes stayed inside the range | Range width 15.5% | Currently 42.4% through the range"
SBILIFE,Financial Services,Insurance - Life,1502.8,0.76,1048.65,1561.39,43.31,3.75,62.72,1436.58,1417.3,1360724.9,1363288.0,1.0,Bullish,70.0,"Above 50 DMA, Above 200 DMA, Healthy RSI momentum, Near 52W high momentum, Normal volume support, Positive day move",8.46,2.53,5.24,7.43,8.23,11.59,1.03,-5.7,-6.35,38.0,"Positive 1M return, Positive 3M return, Positive 6M return, Positive across 1M/3M/6M",61.63,Profit Booking Zone,86.37,1405.35,1505.62,7.13,97.19,80.0% of closes stayed inside the range | Range width 7.1% | Currently 97.2% through the range,12.7,0.48,1.49,1.45,62.36,10.07,,,,4740.63,,,29007.47,70.6291,52.3737,9.1193,15.0,0.366,183596.77,9.71,Financial Services,4.0,15.0,0.0,8.0,5.0,32.0,0.71,,,-4.0,28.0,Expensive relative to book value for this sector,50.77,0.0,,44.42,Weak,"Above 50 DMA, Above 200 DMA, Healthy RSI momentum, Near 52W high momentum, Normal volume support, Positive day move, Positive 1M return, Positive 3M return, Positive 6M return, Positive across 1M/3M/6M, 80.0% of closes stayed inside the range | Range width 7.1% | Currently 97.2% through the range"
BSE,Financial Services,Financial Data & Stock Exchanges,814.4,-0.02,131.96,1076.03,517.13,24.31,37.11,895.78,746.82,2030823.9,1616826.0,0.8,Bearish,23.0,"Above 200 DMA, Weak but watchable RSI",-7.2,-10.36,10.15,7.43,8.23,11.59,-14.63,-18.59,-1.44,10.0,Positive 6M return,88.37,Lower Range Watch,67.22,724.06,936.49,29.34,42.53,80.0% of closes stayed inside the range | Range width 29.3% | Currently 42.5% through the range,23.57,8.24,23.86,56.77,68.12,252.74,0.0,1.19,,55.59,0.02,2643.46,2512.54,51.2199,37.9807,18.1646,28.0,0.471,143241.73,99.59,Financial Services,21.0,20.0,14.0,17.0,7.0,79.0,0.93,"Strong ROE, Cash covers debt",,2.0,81.0,"Strong ROE for a leveraged-balance-sheet business, Expensive relative to book value for this sector",50.77,0.0,,44.22,Weak,"Above 200 DMA, Weak but watchable RSI, Strong ROE, Cash covers debt, Positive 6M return, 80.0% of closes stayed inside the range | Range width 29.3% | Currently 42.5% through the range"
BANKBARODA,Financial Services,Banks - Regional,252.97,0.86,103.5,273.02,144.42,7.34,51.31,247.16,219.5,17552122.8,12965149.0,0.74,Bullish,65.0,"Above 50 DMA, Above 200 DMA, Healthy RSI momentum, Near 52W high momentum, Positive day move",6.8,2.36,19.21,7.43,8.23,11.59,-0.63,-5.87,7.62,38.0,"Positive 1M return, Positive 3M return, Positive 6M return, Positive across 1M/3M/6M",61.63,Profit Booking Zone,82.7,210.65,255.69,21.38,93.96,80.0% of closes stayed inside the range | Range width 21.4% | Currently 94.0% through the range,15.68,1.13,,27.64,21.71,25.91,77.76,,,100289.85,93089.1,-6273.96,-7629.42,7.149,5.892,0.77,3.45,0.43,129801.19,0.0,Banking,10.0,18.0,7.0,0.0,15.0,50.0,0.79,Cash covers debt,"Negative operating cash flow, Negative free cash flow",6.0,56.0,Strong ROE for a leveraged-balance-sheet business,50.77,9.0,"Negative operating cash flow, Negative free cash flow",43.97,Weak,"Above 50 DMA, Above 200 DMA, Healthy RSI momentum, Near 52W high momentum, Positive day move, Cash covers debt, Positive 1M return, Positive 3M return, Positive 6M return, Positive across 1M/3M/6M, 80.0% of closes stayed inside the range | Range width 21.4% | Currently 94.0% through the range"
YESBANK,Financial Services,Banks - Regional,23.95,0.08,14.4,32.85,66.32,27.09,54.1,23.7,22.18,141883055.3,149388062.0,1.05,Bullish,60.0,"Above 50 DMA, Above 200 DMA, Healthy RSI momentum, Normal volume support, Positive day move",5.74,-2.64,14.87,7.43,8.23,11.59,-1.69,-10.87,3.28,18.0,"Positive 1M return, Positive 6M return",79.07,Lower Range Watch,79.46,22.8,26.24,15.09,33.43,80.8% of closes stayed inside the range | Range width 15.1% | Currently 33.4% through the range,3.05,0.32,,9.19,49.19,74.66,187.08,,,63405.7,78862.61,9644.55,8663.9,19.15,12.6515,1.4297,,0.485,72129.13,0.0,Banking,3.0,20.0,0.0,17.0,13.0,53.0,0.71,,,-5.0,48.0,Weak ROE for a leveraged-balance-sheet business,50.77,0.0,,43.92,Weak,"Above 50 DMA, Above 200 DMA, Healthy RSI momentum, Normal volume support, Positive day move, Positive 1M return, Positive 6M return, 80.8% of closes stayed inside the range | Range width 15.1% | Currently 33.4% through the range"
BHARTIARTL,Communication Services,Telecom Services,1385.99,0.23,665.27,1496.24,108.33,7.37,53.88,1333.25,1102.56,11085638.65,9570938.0,0.86,Bullish,65.0,"Above 50 DMA, Above 200 DMA, Healthy RSI momentum, Near 52W high momentum, Positive day move",5.85,17.78,37.27,7.43,8.23,11.59,-1.58,9.55,25.68,63.0,"Positive 1M return, Positive 3M return, Strong 6M absolute return, 6M Nifty outperformance, Positive across 1M/3M/6M",60.71,Profit Booking Zone,82.72,1086.56,1383.18,27.3,100.0,80.0% of closes stayed inside the range | Range width 27.3% | Currently 100.0% through the range,9.1,1.68,24.82,4.98,7.79,-10.53,262.86,0.42,0.42,6915.5,215592.3,78898.2,38846.7,39.9959,23.6178,7.4958,1.25,0.01,1213418.96,67.86,Telecom,7.0,2.0,0.0,17.0,6.0,32.0,1.0,,"Earnings contraction, Very high debt",0.0,32.0,,57.74,8.0,Very high debt,43.86,Weak,"Above 50 DMA, Above 200 DMA, Healthy RSI momentum, Near 52W high momentum, Positive day move, Positive 1M return, Positive 3M return, Strong 6M absolute return, 6M Nifty outperformance, Positive across 1M/3M/6M, 80.0% of closes stayed inside the range | Range width 27.3% | Currently 100.0% through the range"
ASIANPAINT,Basic Materials,Specialty Chemicals,2873.64,0.32,2582.85,3454.02,11.26,16.8,58.87,2807.11,2940.71,1150595.3,968666.0,0.84,Bullish,45.0,"Above 50 DMA, Healthy RSI momentum, Near 52W low zone, Positive day move",0.05,3.1,-12.77,7.43,8.23,11.59,-7.38,-5.13,-24.36,18.0,"Positive 1M return, Positive 3M return",88.6,Neutral Range,77.2,2736.45,2929.72,7.06,70.98,80.0% of closes stayed inside the range | Range width 7.1% | Currently 71.0% through the range,29.15,18.25,19.1,15.43,2.93,32.97,13.21,2.06,1.37,829.34,2474.38,6103.6,3607.52,55.0311,45.2244,12.2976,1.01,0.289,262668.52,43.53,Chemicals,23.0,10.0,16.0,17.0,6.0,72.0,1.0,Strong ROE,,4.0,76.0,"General quality ROE, General low-debt support",55.51,8.0,Below 200 DMA,42.68,Weak,"Above 50 DMA, Healthy RSI momentum, Near 52W low zone, Positive day move, Strong ROE, Positive 1M return, Positive 3M return, 80.0% of closes stayed inside the range | Range width 7.1% | Currently 71.0% through the range"
BHEL,Industrials,Specialty Industrial Machinery,309.14,-0.08,50.9,320.52,507.33,3.55,60.22,289.28,211.34,27390775.15,31457159.0,1.15,Bullish,65.0,"Above 50 DMA, Above 200 DMA, Healthy RSI momentum, Near 52W high momentum, Normal volume support",21.81,23.33,61.5,7.43,8.23,11.59,14.38,15.1,49.91,100.0,"Strong 1M absolute return, Strong 3M absolute return, Strong 6M absolute return, 1M Nifty outperformance, 3M Nifty outperformance, 6M Nifty outperformance, Positive across 1M/3M/6M",22.94,Profit Booking Zone,80.65,211.92,299.11,41.14,100.0,80.0% of closes stayed inside the range | Range width 41.1% | Currently 100.0% through the range,1.15,0.48,0.78,1.23,3.54,-55.73,36.24,1.37,1.08,1718.86,8856.46,-3712.9,-3945.4,60.2582,30.5233,5.5934,35.0,0.845,146246.66,31.47,Capital Goods / Infra,0.0,2.0,11.0,0.0,7.0,20.0,1.0,,"Earnings contraction, Negative operating cash flow, Negative free cash flow",0.0,20.0,,68.32,16.0,"Earnings contraction, Negative operating cash flow, Negative free cash flow",42.5,Weak,"Above 50 DMA, Above 200 DMA, Healthy RSI momentum, Near 52W high momentum, Normal volume support, Strong 1M absolute return, Strong 3M absolute return, Strong 6M absolute return, 1M Nifty outperformance, 3M Nifty outperformance, 6M Nifty outperformance, Positive across 1M/3M/6M, 80.0% of closes stayed inside the range | Range width 41.1% | Currently 100.0% through the range"
JSWSTEEL,Basic Materials,Steel,929.16,-0.64,601.78,943.96,54.4,1.57,58.0,886.82,819.15,2378465.4,1384884.0,0.58,Bullish,60.0,"Above 50 DMA, Above 200 DMA, Healthy RSI momentum, Near 52W high momentum",7.51,7.4,7.22,7.43,8.23,11.59,0.08,-0.83,-4.37,38.0,"Positive 1M return, Positive 3M return, Positive 6M return, Positive across 1M/3M/6M",65.79,Profit Booking Zone,83.73,798.17,906.56,13.58,100.0,80.0% of closes stayed inside the range | Range width 13.6% | Currently 100.0% through the range,11.35,3.86,11.88,5.11,5.46,112.64,135.97,0.98,0.4,5460.0,105609.0,12078.0,-3723.0,12.6581,17.4188,3.096,55.0,0.627,309784.53,42.29,Metals / Mining,5.0,12.0,2.0,9.0,10.0,38.0,1.0,,Negative free cash flow,0.0,38.0,,55.51,4.0,Negative free cash flow,42.13,Weak,"Above 50 DMA, Above 200 DMA, Healthy RSI momentum, Near 52W high momentum, Positive 1M return, Positive 3M return, Positive 6M return, Positive across 1M/3M/6M, 80.0% of closes stayed inside the range | Range width 13.6% | Currently 100.0% through the range"
MPHASIS,Technology,Information Technology Services,2414.3,0.54,1511.01,2652.07,59.78,8.97,70.41,2211.52,2282.3,2709040.35,1197887.0,0.44,Bullish,52.0,"Above 50 DMA, Above 200 DMA, Strong but overbought RSI, Near 52W high momentum, Positive day move",9.36,4.65,-5.33,7.43,8.23,11.59,1.93,-3.58,-16.92,18.0,"Positive 1M return, Positive 3M return",89.71,Profit Booking Zone,79.81,2137.03,2457.53,15.0,86.51,80.0% of closes stayed inside the range | Range width 15.0% | Currently 86.5% through the range,17.68,11.0,13.92,11.71,-3.77,-5.07,27.16,1.58,,804.91,2388.59,2179.7,2086.01,25.3152,20.0133,4.2716,2.45,0.485,48421.74,44.45,IT / Technology,14.0,0.0,11.0,17.0,11.0,53.0,0.93,,"Revenue contraction, Earnings contraction",0.0,53.0,,60.12,3.0,Low volume participation,42.07,Weak,"Above 50 DMA, Above 200 DMA, Strong but overbought RSI, Near 52W high momentum, Positive day move, Positive 1M return, Positive 3M return, 80.0% of closes stayed inside the range | Range width 15.0% | Currently 86.5% through the range"
APLAPOLLO,Basic Materials,Steel,1569.22,-0.94,928.18,1786.88,69.06,12.18,49.2,1575.99,1560.89,818893.65,354970.0,0.43,Bearish,27.0,"Above 200 DMA, RSI recovering",7.34,0.38,2.39,7.43,8.23,11.59,-0.09,-7.85,-9.2,38.0,"Positive 1M return, Positive 3M return, Positive 6M return, Positive across 1M/3M/6M",65.79,Profit Booking Zone,73.77,1423.99,1607.61,12.89,79.1,80.0% of closes stayed inside the range | Range width 12.9% | Currently 79.1% through the range,20.32,10.19,5.82,4.18,11.69,14.11,31.74,1.34,0.68,345.16,1144.25,1111.56,416.72,45.1016,31.4255,10.471,29.0,0.301,55451.16,15.61,Metals / Mining,10.0,10.0,9.0,17.0,7.0,53.0,1.0,Strong ROE,,4.0,57.0,"General quality ROE, General low-debt support",55.51,3.0,Low volume participation,41.53,Weak,"Above 200 DMA, RSI recovering, Strong ROE, Positive 1M return, Positive 3M return, Positive 6M return, Positive across 1M/3M/6M, 80.0% of closes stayed inside the range | Range width 12.9% | Currently 79.1% through the range"
RADICO,Consumer Defensive,Beverages - Wineries & Distilleries,1715.29,0.03,920.13,1874.93,86.42,8.51,47.57,1699.5,1554.64,266819.15,97667.0,0.37,Bullish,47.0,"Above 50 DMA, Above 200 DMA, RSI recovering, Positive day move",0.85,1.0,4.39,7.43,8.23,11.59,-6.58,-7.23,-7.2,38.0,"Positive 1M return, Positive 3M return, Positive 6M return, Positive across 1M/3M/6M",45.65,Profit Booking Zone,77.5,1571.12,1762.64,12.19,75.28,80.0% of closes stayed inside the range | Range width 12.2% | Currently 75.3% through the range,10.75,6.4,9.63,6.4,32.01,18.98,42.25,1.7,1.06,86.25,1030.62,166.07,-73.15,86.2115,56.8584,18.3055,15.0,0.244,60734.22,43.35,FMCG / Consumer,7.0,18.0,13.0,9.0,5.0,52.0,1.0,,"Negative free cash flow, Very high PE",3.0,55.0,"Low debt, typical of a healthy consumer business",53.06,7.0,"Low volume participation, Negative free cash flow",41.46,Weak,"Above 50 DMA, Above 200 DMA, RSI recovering, Positive day move, Positive 1M return, Positive 3M return, Positive 6M return, Positive across 1M/3M/6M, 80.0% of closes stayed inside the range | Range width 12.2% | Currently 75.3% through the range"
GMRAIRPORT,Industrials,Airports & Air Services,96.83,0.3,33.35,101.25,190.34,4.37,58.1,88.35,76.41,52661487.9,13921325.0,0.26,Bullish,65.0,"Above 50 DMA, Above 200 DMA, Healthy RSI momentum, Near 52W high momentum, Positive day move",18.45,13.92,26.91,7.43,8.23,11.59,11.02,5.69,15.32,70.0,"Strong 1M absolute return, Positive 3M return, Positive 6M return, 1M Nifty outperformance, 6M Nifty outperformance, Positive across 1M/3M/6M",71.76,Profit Booking Zone,83.64,78.53,95.15,21.16,100.0,80.0% of closes stayed inside the range | Range width 21.2% | Currently 100.0% through the range,25.84,-1.15,18.1,-7.41,29.43,-211.99,-1658.22,1.06,1.05,1794.86,35886.59,3880.1,-644.48,804.2308,72.0701,-43.9655,,0.573,110394.09,57.86,Capital Goods / Infra,13.0,10.0,13.0,9.0,5.0,50.0,0.93,Strong ROE,"Negative net margin, Earnings contraction, Negative free cash flow, Very high PE",5.0,55.0,Strong order-book-driven revenue growth,68.32,22.0,"Low volume participation, Negative net margin, Earnings contraction, Negative free cash flow",41.25,Weak,"Above 50 DMA, Above 200 DMA, Healthy RSI momentum, Near 52W high momentum, Positive day move, Strong ROE, Strong 1M absolute return, Positive 3M return, Positive 6M return, 1M Nifty outperformance, 6M Nifty outperformance, Positive across 1M/3M/6M, 80.0% of closes stayed inside the range | Range width 21.2% | Currently 100.0% through the range"
ICICIPRULI,Financial Services,Insurance - Life,630.42,-0.15,378.11,640.67,66.73,1.6,69.7,581.81,553.05,1926133.6,1524230.0,0.79,Bullish,60.0,"Above 50 DMA, Above 200 DMA, Healthy RSI momentum, Near 52W high momentum",12.71,1.73,19.67,7.43,8.23,11.59,5.28,-6.5,8.08,55.0,"Strong 1M absolute return, Positive 3M return, Positive 6M return, 1M Nifty outperformance, Positive across 1M/3M/6M",43.02,Profit Booking Zone,82.59,505.62,612.55,21.15,100.0,80.0% of closes stayed inside the range | Range width 21.1% | Currently 100.0% through the range,7.73,0.28,1.17,0.95,83.09,4.57,10.9,,,2214.07,1200.0,,-7551.66,43.0979,35.6732,5.3841,33.0,0.471,73415.47,10.44,Financial Services,0.0,12.0,12.0,0.0,9.0,33.0,0.79,Cash covers debt,Negative free cash flow,-9.0,24.0,"Weak ROE for a leveraged-balance-sheet business, Expensive relative to book value for this sector",50.77,4.0,Negative free cash flow,40.77,Weak,"Above 50 DMA, Above 200 DMA, Healthy RSI momentum, Near 52W high momentum, Cash covers debt, Strong 1M absolute return, Positive 3M return, Positive 6M return, 1M Nifty outperformance, Positive across 1M/3M/6M, 80.0% of closes stayed inside the range | Range width 21.1% | Currently 100.0% through the range"
NAVINFLUOR,Basic Materials,Chemicals,3633.43,0.96,2855.73,4896.83,27.23,25.8,59.75,3400.08,3491.99,288103.15,334561.0,1.16,Bullish,60.0,"Above 50 DMA, Above 200 DMA, Healthy RSI momentum, Normal volume support, Positive day move",10.86,16.13,-4.72,7.43,8.23,11.59,3.43,7.9,-16.31,25.0,"Strong 1M absolute return, Positive 3M return",78.95,Profit Booking Zone,83.08,3026.52,3567.83,17.89,100.0,80.0% of closes stayed inside the range | Range width 17.9% | Currently 100.0% through the range,11.35,6.18,14.83,13.21,-0.83,-27.9,57.45,1.97,1.5,6.64,1368.8,749.89,17.5,54.2102,41.8624,10.7744,19.0,0.239,42868.86,56.75,Chemicals,12.0,0.0,11.0,17.0,7.0,47.0,1.0,,"Revenue contraction, Earnings contraction",2.0,49.0,General low-debt support,55.51,7.0,Earnings contraction,39.73,Weak,"Above 50 DMA, Above 200 DMA, Healthy RSI momentum, Normal volume support, Positive day move, Strong 1M absolute return, Positive 3M return, 80.0% of closes stayed inside the range | Range width 17.9% | Currently 100.0% through the range"
UNIONBANK,Financial Services,Banks - Regional,124.42,-0.18,34.45,157.89,261.2,21.2,38.92,133.76,119.12,14305689.45,9703546.0,0.68,Bearish,23.0,"Above 200 DMA, Weak but watchable RSI",-3.56,-13.31,15.39,7.43,8.23,11.59,-10.99,-21.54,3.8,10.0,Positive 6M return,88.37,Accumulation Zone,75.66,124.34,143.27,15.22,0.39,80.0% of closes stayed inside the range | Range width 15.2% | Currently 0.4% through the range,14.14,0.98,,25.0,17.07,62.1,27.64,,,119645.85,26974.27,19929.69,18280.89,6.9131,6.9857,1.0231,2.74,0.893,142748.43,0.0,Banking,10.0,18.0,10.0,17.0,12.0,67.0,0.79,Cash covers debt,,0.0,67.0,,50.77,0.0,,39.32,Weak,"Above 200 DMA, Weak but watchable RSI, Cash covers debt, Positive 6M return, 80.0% of closes stayed inside the range | Range width 15.2% | Currently 0.4% through the range"
SHRIRAMFIN,Financial Services,Credit Services,548.3,-0.59,213.18,591.97,157.2,7.38,58.93,494.66,434.75,8527201.75,3958315.0,0.46,Bullish,60.0,"Above 50 DMA, Above 200 DMA, Healthy RSI momentum, Near 52W high momentum",18.69,14.92,39.12,7.43,8.23,11.59,11.26,6.69,27.53,80.0,"Strong 1M absolute return, Positive 3M return, Strong 6M absolute return, 1M Nifty outperformance, 6M Nifty outperformance, Positive across 1M/3M/6M",19.19,Profit Booking Zone,83.39,441.75,540.35,22.32,100.0,80.8% of closes stayed inside the range | Range width 22.3% | Currently 100.0% through the range,15.05,2.97,,38.6,12.71,22.55,310.06,,,6260.23,151766.1,-31118.27,-31363.87,19.735,15.5658,3.1889,1.22,0.606,262875.3,96.81,Financial Services,10.0,13.0,0.0,0.0,12.0,35.0,0.79,,"Very high debt, Negative operating cash flow, Negative free cash flow",12.0,47.0,"High leverage is structural for this sector, Strong ROE for a leveraged-balance-sheet business",50.77,20.0,"Low volume participation, Very high debt, Negative operating cash flow, Negative free cash flow",39.07,Weak,"Above 50 DMA, Above 200 DMA, Healthy RSI momentum, Near 52W high momentum, Strong 1M absolute return, Positive 3M return, Strong 6M absolute return, 1M Nifty outperformance, 6M Nifty outperformance, Positive across 1M/3M/6M, 80.8% of closes stayed inside the range | Range width 22.3% | Currently 100.0% through the range"
MARUTI,Consumer Cyclical,Auto Manufacturers,11730.43,-0.28,7763.06,12685.54,51.11,7.53,40.28,12181.7,10933.34,619829.15,299684.0,0.48,Bearish,23.0,"Above 200 DMA, Weak but watchable RSI",-3.3,-3.69,17.7,7.43,8.23,11.59,-10.73,-11.92,6.11,10.0,Positive 6M return,97.96,Neutral Range,69.89,9738.17,12440.35,27.75,73.73,80.0% of closes stayed inside the range | Range width 27.7% | Currently 73.7% through the range,15.75,11.69,9.82,9.88,19.97,63.22,0.14,0.87,0.67,2659.5,118.6,16801.1,7601.2,30.423,22.9458,4.071,100.0,0.239,436233.54,26.35,Automobile,11.0,18.0,12.0,17.0,11.0,69.0,1.0,Cash covers debt,,2.0,71.0,General low-debt support,57.33,3.0,Low volume participation,38.7,Weak,"Above 200 DMA, Weak but watchable RSI, Cash covers debt, Positive 6M return, 80.0% of closes stayed inside the range | Range width 27.7% | Currently 73.7% through the range"
HINDCOPPER,Basic Materials,Copper,323.37,0.37,92.4,411.82,249.98,21.48,45.05,351.64,254.8,7077868.4,4884103.0,0.69,Bearish,32.0,"Above 200 DMA, RSI recovering, Positive day move",1.73,5.66,20.81,7.43,8.23,11.59,-5.7,-2.57,9.22,38.0,"Positive 1M return, Positive 3M return, Positive 6M return, Positive across 1M/3M/6M",65.79,Neutral Range,66.3,254.43,375.44,47.56,56.97,80.0% of closes stayed inside the range | Range width 47.6% | Currently 57.0% through the range,12.92,9.03,23.11,17.32,2.37,-0.05,9.75,1.07,0.65,71.63,222.72,341.21,-193.21,45.4523,27.1139,15.8616,46.0,,52963.9,91.1,Metals / Mining,18.0,0.0,11.0,9.0,7.0,45.0,1.0,,"Earnings contraction, Negative free cash flow",2.0,47.0,General low-debt support,55.51,4.0,Negative free cash flow,38.28,Weak,"Above 200 DMA, RSI recovering, Positive day move, Positive 1M return, Positive 3M return, Positive 6M return, Positive across 1M/3M/6M, 80.0% of closes stayed inside the range | Range width 47.6% | Currently 57.0% through the range"
BERGEPAINT,Basic Materials,Specialty Chemicals,502.54,0.45,428.37,665.9,17.32,24.53,59.99,486.11,542.91,1656477.9,1138953.0,0.69,Bullish,45.0,"Above 50 DMA, Healthy RSI momentum, Near 52W low zone, Positive day move",7.99,-10.27,-13.94,7.43,8.23,11.59,0.56,-18.5,-25.53,8.0,Positive 1M return,96.49,Accumulation Zone,75.74,478.32,567.06,18.55,27.3,80.0% of closes stayed inside the range | Range width 18.6% | Currently 27.3% through the range,21.71,13.95,14.06,10.52,6.58,35.88,14.0,1.83,0.91,240.26,753.29,1591.05,1316.06,51.2637,43.1943,9.4377,75.0,0.449,65272.83,40.89,Chemicals,17.0,12.0,13.0,17.0,7.0,66.0,1.0,Strong ROE,,4.0,70.0,"General quality ROE, General low-debt support",55.51,8.0,Below 200 DMA,38.08,Weak,"Above 50 DMA, Healthy RSI momentum, Near 52W low zone, Positive day move, Strong ROE, Positive 1M return, 80.0% of closes stayed inside the range | Range width 18.6% | Currently 27.3% through the range"
TATATECH,Technology,Information Technology Services,978.31,-0.07,943.33,1344.53,3.71,27.24,42.96,1003.76,,1212501.5,460871.0,0.38,Bearish,16.0,"Weak but watchable RSI, Near 52W low with stable RSI",-1.08,-6.72,-13.37,7.43,8.23,11.59,-8.51,-14.95,-24.96,0.0,,100.0,Accumulation Zone,74.59,980.51,1107.15,12.92,0.0,80.0% of closes stayed inside the range | Range width 12.9% | Currently 0.0% through the range,21.09,12.18,16.4,13.29,15.88,8.87,7.99,1.87,,519.85,257.39,294.33,202.52,62.8902,35.9162,8.7138,97.0,0.833,34193.62,24.55,IT / Technology,19.0,13.0,16.0,17.0,5.0,70.0,0.93,"Strong ROE, Cash covers debt",,5.0,75.0,Strong ROE for an asset-light business,60.12,3.0,Low volume participation,36.27,Weak,"Weak but watchable RSI, Near 52W low with stable RSI, Strong ROE, Cash covers debt, 80.0% of closes stayed inside the range | Range width 12.9% | Currently 0.0% through the range"
TATASTEEL,Basic Materials,Steel,168.79,-0.05,86.34,173.26,95.49,2.58,55.87,161.95,136.46,43333173.0,29504744.0,0.68,Bullish,60.0,"Above 50 DMA, Above 200 DMA, Healthy RSI momentum, Near 52W high momentum",6.29,9.23,30.18,7.43,8.23,11.59,-1.14,1.0,18.59,63.0,"Positive 1M return, Positive 3M return, Strong 6M absolute return, 6M Nifty outperformance, Positive across 1M/3M/6M",42.11,Profit Booking Zone,81.8,126.61,168.27,32.9,100.0,80.8% of closes stayed inside the range | Range width 32.9% | Currently 100.0% through the range,-4.82,-1.62,5.45,-1.95,-5.93,-150.65,94.62,0.72,0.22,7080.84,87082.12,20300.67,2094.07,21.0395,10.4022,2.2751,2.12,0.867,232271.75,56.35,Metals / Mining,0.0,0.0,4.0,17.0,13.0,34.0,1.0,,"Negative net margin, Revenue contraction, Earnings contraction",0.0,34.0,,55.51,15.0,"Negative net margin, Earnings contraction",35.98,Weak,"Above 50 DMA, Above 200 DMA, Healthy RSI momentum, Near 52W high momentum, Positive 1M return, Positive 3M return, Strong 6M absolute return, 6M Nifty outperformance, Positive across 1M/3M/6M, 80.8% of closes stayed inside the range | Range width 32.9% | Currently 100.0% through the range"
MUTHOOTFIN,Financial Services,Credit Services,1767.39,0.72,861.43,1819.02,105.17,2.84,59.74,1673.23,1421.69,613510.85,544984.0,0.89,Bullish,65.0,"Above 50 DMA, Above 200 DMA, Healthy RSI momentum, Near 52W high momentum, Positive day move",3.25,17.13,22.68,7.43,8.23,11.59,-4.18,8.9,11.09,38.0,"Positive 1M return, Positive 3M return, Positive 6M return, Positive across 1M/3M/6M",61.63,Profit Booking Zone,81.81,1293.25,1724.59,33.35,100.0,80.0% of closes stayed inside the range | Range width 33.4% | Currently 100.0% through the range,17.22,4.48,,44.78,25.24,19.71,269.81,,,6389.0,67741.84,-13605.49,-13827.91,10.2879,9.0103,2.951,1.03,0.529,115474.38,100.0,Financial Services,10.0,18.0,0.0,0.0,14.0,42.0,0.79,,"Very high debt, Negative operating cash flow, Negative free cash flow",12.0,54.0,"High leverage is structural for this sector, Strong ROE for a leveraged-balance-sheet business",50.77,17.0,"Very high debt, Negative operating cash flow, Negative free cash flow",35.27,Weak,"Above 50 DMA, Above 200 DMA, Healthy RSI momentum, Near 52W high momentum, Positive day move, Positive 1M return, Positive 3M return, Positive 6M return, Positive across 1M/3M/6M, 80.0% of closes stayed inside the range | Range width 33.4% | Currently 100.0% through the range"
HINDPETRO,Energy,Oil & Gas Refining & Marketing,293.88,0.0,115.53,353.4,154.37,16.84,41.44,306.05,247.46,8012046.45,3575516.0,0.45,Bearish,23.0,"Above 200 DMA, Weak but watchable RSI",-2.1,2.58,21.84,7.43,8.23,11.59,-9.53,-5.65,10.25,20.0,"Positive 3M return, Positive 6M return",92.86,Neutral Range,68.03,261.49,319.56,22.21,55.79,80.0% of closes stayed inside the range | Range width 22.2% | Currently 55.8% through the range,34.13,8.76,4.38,3.71,-0.35,329.43,142.12,0.61,0.22,279.85,66683.82,23851.87,13780.63,49.6183,6.9656,1.2661,6.2,0.912,82985.08,6.47,Energy / Utilities,12.0,10.0,2.0,17.0,11.0,52.0,1.0,Strong ROE,Revenue contraction,2.0,54.0,General quality ROE,56.28,3.0,Low volume participation,35.09,Weak,"Above 200 DMA, Weak but watchable RSI, Strong ROE, Positive 3M return, Positive 6M return, 80.0% of closes stayed inside the range | Range width 22.2% | Currently 55.8% through the range"
CHOLAFIN,Financial Services,Credit Services,1417.98,-0.95,654.07,1472.33,116.79,3.69,57.48,1309.7,1201.83,1291761.45,434055.0,0.34,Bullish,60.0,"Above 50 DMA, Above 200 DMA, Healthy RSI momentum, Near 52W high momentum",10.34,18.75,15.18,7.43,8.23,11.59,2.91,10.52,3.59,60.0,"Strong 1M absolute return, Positive 3M return, Positive 6M return, 3M Nifty outperformance, Positive across 1M/3M/6M",36.05,Profit Booking Zone,81.04,1078.93,1418.16,31.44,99.95,80.0% of closes stayed inside the range | Range width 31.4% | Currently 99.9% through the range,17.46,2.18,,34.41,39.1,28.34,688.24,,,2236.23,134847.78,-35682.85,-36759.09,28.3753,19.5308,5.3643,7.0,0.477,163765.54,99.93,Financial Services,10.0,20.0,0.0,0.0,11.0,41.0,0.79,,"Very high debt, Negative operating cash flow, Negative free cash flow",8.0,49.0,"High leverage is structural for this sector, Strong ROE for a leveraged-balance-sheet business, Expensive relative to book value for this sector",50.77,20.0,"Low volume participation, Very high debt, Negative operating cash flow, Negative free cash flow",34.77,Avoid,"Above 50 DMA, Above 200 DMA, Healthy RSI momentum, Near 52W high momentum, Strong 1M absolute return, Positive 3M return, Positive 6M return, 3M Nifty outperformance, Positive across 1M/3M/6M, 80.0% of closes stayed inside the range | Range width 31.4% | Currently 99.9% through the range"
JIOFIN,Financial Services,Asset Management,349.49,-0.13,202.01,393.16,73.0,11.11,45.94,357.43,287.28,19446173.15,11944846.0,0.61,Bearish,27.0,"Above 200 DMA, RSI recovering",1.52,-1.75,50.35,7.43,8.23,11.59,-5.91,-9.98,38.76,43.0,"Positive 1M return, Strong 6M absolute return, 6M Nifty outperformance",54.65,Profit Booking Zone,69.06,247.82,369.18,48.97,83.77,80.0% of closes stayed inside the range | Range width 49.0% | Currently 83.8% through the range,1.15,1.11,77.85,137.07,5424.3,5034.56,0.0,112.76,,67.18,0.0,-677.57,-678.36,79.7664,57.4103,1.211,24.0,0.502,169073.43,100.0,Financial Services,12.0,20.0,17.0,0.0,9.0,58.0,0.93,Net cash position,"Negative operating cash flow, Negative free cash flow",-5.0,53.0,Weak ROE for a leveraged-balance-sheet business,50.77,9.0,"Negative operating cash flow, Negative free cash flow",34.67,Avoid,"Above 200 DMA, RSI recovering, Net cash position, Positive 1M return, Strong 6M absolute return, 6M Nifty outperformance, 80.0% of closes stayed inside the range | Range width 49.0% | Currently 83.8% through the range"
SAIL,Basic Materials,Steel,148.03,-0.38,69.99,171.84,111.52,13.86,49.49,153.95,120.11,34334184.0,29926272.0,0.87,Bearish,27.0,"Above 200 DMA, RSI recovering",3.78,2.16,23.92,7.43,8.23,11.59,-3.65,-6.07,12.33,38.0,"Positive 1M return, Positive 3M return, Positive 6M return, Positive across 1M/3M/6M",65.79,Neutral Range,68.37,114.51,161.52,41.06,71.31,80.0% of closes stayed inside the range | Range width 41.1% | Currently 71.3% through the range,5.37,2.18,6.06,2.93,0.79,40.9,63.61,0.9,0.29,69.38,36322.65,2910.88,-1799.81,16.7147,10.9697,1.1918,92.0,1.029,71871.14,51.8,Metals / Mining,0.0,10.0,4.0,9.0,15.0,38.0,1.0,,Negative free cash flow,2.0,40.0,General low-debt support,55.51,4.0,Negative free cash flow,34.58,Avoid,"Above 200 DMA, RSI recovering, Positive 1M return, Positive 3M return, Positive 6M return, Positive across 1M/3M/6M, 80.0% of closes stayed inside the range | Range width 41.1% | Currently 71.3% through the range"
UBL,Consumer Defensive,Beverages - Brewers,1977.71,-1.17,1324.03,2145.25,49.37,7.81,49.96,1954.2,1741.42,217776.95,90734.0,0.42,Bullish,42.0,"Above 50 DMA, Above 200 DMA, RSI recovering",-0.23,11.48,14.89,7.43,8.23,11.59,-7.66,3.25,3.3,20.0,"Positive 3M return, Positive 6M return",67.39,Profit Booking Zone,77.52,1683.93,2011.49,19.45,89.69,80.0% of closes stayed inside the range | Range width 19.5% | Currently 89.7% through the range,9.81,5.81,6.16,5.21,7.45,34.89,2.44,1.56,1.08,129.15,102.03,69.5,-122.0,92.6769,49.7287,8.1161,71.0,-0.03,36707.37,42.07,FMCG / Consumer,4.0,12.0,18.0,9.0,5.0,48.0,1.0,Cash covers debt,"Negative free cash flow, Very high PE",3.0,51.0,"Low debt, typical of a healthy consumer business",53.06,7.0,"Low volume participation, Negative free cash flow",34.31,Avoid,"Above 50 DMA, Above 200 DMA, RSI recovering, Cash covers debt, Positive 3M return, Positive 6M return, 80.0% of closes stayed inside the range | Range width 19.5% | Currently 89.7% through the range"
IDFCFIRSTB,Financial Services,Banks - Regional,80.67,0.36,42.78,100.08,88.55,19.39,53.6,78.9,83.45,41758762.4,27153022.0,0.65,Bullish,40.0,"Above 50 DMA, Healthy RSI momentum, Positive day move",5.07,2.55,-8.49,7.43,8.23,11.59,-2.36,-5.68,-20.08,18.0,"Positive 1M return, Positive 3M return",79.07,Neutral Range,76.46,76.67,83.83,9.33,55.83,82.5% of closes stayed inside the range | Range width 9.3% | Currently 55.8% through the range,9.12,0.99,,13.09,30.75,18.41,136.14,,,12481.16,43935.73,11542.89,10169.28,33.1274,12.8729,1.5569,30.0,,73970.07,0.0,Banking,7.0,18.0,2.0,17.0,13.0,57.0,0.79,,,0.0,57.0,,50.77,8.0,Below 200 DMA,34.07,Avoid,"Above 50 DMA, Healthy RSI momentum, Positive day move, Positive 1M return, Positive 3M return, 82.5% of closes stayed inside the range | Range width 9.3% | Currently 55.8% through the range"
NYKAA,Consumer Cyclical,Internet Retail,171.39,-2.14,114.25,235.8,50.01,27.32,47.78,171.6,162.67,5977358.35,10648318.0,1.78,Bearish,37.0,"Above 200 DMA, RSI recovering, Volume expansion",5.41,5.8,-0.61,7.43,8.23,11.59,-2.02,-2.43,-12.2,18.0,"Positive 1M return, Positive 3M return",91.84,Neutral Range,74.69,152.58,177.71,16.48,74.84,80.0% of closes stayed inside the range | Range width 16.5% | Currently 74.8% through the range,2.56,0.95,1.93,0.51,23.89,67.48,76.81,1.22,0.59,75.78,969.48,0.25,-110.48,360.4945,111.7595,65.3226,,0.351,93989.27,45.35,Consumer Discretionary,0.0,18.0,6.0,9.0,3.0,36.0,0.93,,"Negative free cash flow, Very high PE",0.0,36.0,,57.33,4.0,Negative free cash flow,30.95,Avoid,"Above 200 DMA, RSI recovering, Volume expansion, Positive 1M return, Positive 3M return, 80.0% of closes stayed inside the range | Range width 16.5% | Currently 74.8% through the range"
HDFCLIFE,Financial Services,Insurance - Life,600.15,1.31,451.88,703.73,32.81,14.72,62.17,568.22,608.48,5773225.4,5028421.0,0.87,Bullish,50.0,"Above 50 DMA, Healthy RSI momentum, Near 52W high momentum, Positive day move",9.79,-4.1,-6.5,7.43,8.23,11.59,2.36,-12.33,-18.09,8.0,Positive 1M return,92.44,Neutral Range,76.3,553.87,626.25,13.07,63.93,80.0% of closes stayed inside the range | Range width 13.1% | Currently 63.9% through the range,10.73,0.52,1.75,1.64,36.41,15.04,6.48,,,2178.28,950.0,,10585.41,58.4967,44.8408,5.9286,39.0,0.502,116632.92,10.2,Financial Services,2.0,18.0,12.0,8.0,9.0,49.0,0.79,Cash covers debt,,-4.0,45.0,Expensive relative to book value for this sector,50.77,8.0,Below 200 DMA,29.87,Avoid,"Above 50 DMA, Healthy RSI momentum, Near 52W high momentum, Positive day move, Cash covers debt, Positive 1M return, 80.0% of closes stayed inside the range | Range width 13.1% | Currently 63.9% through the range"
ATGL,Utilities,Utilities - Regulated Gas,895.8,-0.96,521.49,3994.52,71.78,77.57,42.85,929.53,867.53,1390930.0,799590.0,0.57,Bearish,23.0,"Above 200 DMA, Weak but watchable RSI",-4.23,-8.15,-8.53,7.43,8.23,11.59,-11.66,-16.38,-20.12,0.0,,100.0,Accumulation Zone,75.77,903.77,1038.14,14.87,0.0,80.0% of closes stayed inside the range | Range width 14.9% | Currently 0.0% through the range,18.64,10.13,21.29,15.02,2.17,22.14,43.49,0.57,0.52,137.16,1557.25,955.13,155.81,116.2588,,14.9289,4.0,0.606,72625.95,28.25,Energy / Utilities,20.0,8.0,7.0,17.0,2.0,54.0,1.0,Strong ROE,Very high PE,4.0,58.0,"General quality ROE, General low-debt support",54.93,5.0,Far from 52W high,29.29,Avoid,"Above 200 DMA, Weak but watchable RSI, Strong ROE, 80.0% of closes stayed inside the range | Range width 14.9% | Currently 0.0% through the range"
GLENMARK,Healthcare,Drug Manufacturers - Specialty & Generic,1290.48,1.07,356.64,1298.1,261.84,0.59,70.24,1129.27,923.24,688529.25,712608.0,1.03,Bullish,57.0,"Above 50 DMA, Above 200 DMA, Strong but overbought RSI, Near 52W high momentum, Normal volume support, Positive day move",9.46,31.26,51.45,7.43,8.23,11.59,2.03,23.03,39.86,88.0,"Positive 1M return, Strong 3M absolute return, Strong 6M absolute return, 3M Nifty outperformance, 6M Nifty outperformance, Positive across 1M/3M/6M",16.67,Profit Booking Zone,79.17,870.17,1216.43,39.79,100.0,80.0% of closes stayed inside the range | Range width 39.8% | Currently 100.0% through the range,-19.13,-10.46,5.42,-12.91,1.78,-605.2,15.68,1.28,0.84,1658.27,1230.93,-265.44,-1163.82,35.9328,23.447,6.1481,33.0,0.248,64629.45,71.94,Pharma / Healthcare,0.0,0.0,14.0,0.0,7.0,21.0,1.0,Cash covers debt,"Negative net margin, Earnings contraction, Negative operating cash flow, Negative free cash flow",2.0,23.0,General low-debt support,58.12,24.0,"Negative net margin, Earnings contraction, Negative operating cash flow, Negative free cash flow",29.02,Avoid,"Above 50 DMA, Above 200 DMA, Strong but overbought RSI, Near 52W high momentum, Normal volume support, Positive day move, Cash covers debt, Positive 1M return, Strong 3M absolute return, Strong 6M absolute return, 3M Nifty outperformance, 6M Nifty outperformance, Positive across 1M/3M/6M, 80.0% of closes stayed inside the range | Range width 39.8% | Currently 100.0% through the range"
GRASIM,Basic Materials,Building Materials,2706.08,-0.27,1496.78,2733.63,80.79,1.01,75.36,2421.21,2137.16,1131174.85,446631.0,0.39,Bullish,47.0,"Above 50 DMA, Above 200 DMA, Strong but overbought RSI, Near 52W high momentum",18.66,18.58,28.31,7.43,8.23,11.59,11.23,10.35,16.72,85.0,"Strong 1M absolute return, Positive 3M return, Positive 6M return, 1M Nifty outperformance, 3M Nifty outperformance, 6M Nifty outperformance, Positive across 1M/3M/6M",21.05,Profit Booking Zone,80.24,2057.59,2440.7,18.62,100.0,80.0% of closes stayed inside the range | Range width 18.6% | Currently 100.0% through the range,6.34,1.36,11.2,4.34,11.26,-17.62,154.7,0.93,0.79,2387.65,137143.91,-10719.33,-30204.36,45.2565,22.5144,2.1683,30.0,0.355,224352.46,55.8,Cement / Realty,3.0,5.0,0.0,0.0,11.0,19.0,1.0,,"Earnings contraction, Negative operating cash flow, Negative free cash flow",0.0,19.0,,55.51,19.0,"Low volume participation, Earnings contraction, Negative operating cash flow, Negative free cash flow",28.98,Avoid,"Above 50 DMA, Above 200 DMA, Strong but overbought RSI, Near 52W high momentum, Strong 1M absolute return, Positive 3M return, Positive 6M return, 1M Nifty outperformance, 3M Nifty outperformance, 6M Nifty outperformance, Positive across 1M/3M/6M, 80.0% of closes stayed inside the range | Range width 18.6% | Currently 100.0% through the range"
LAURUSLABS,Healthcare,Drug Manufacturers - Specialty & Generic,452.63,4.02,276.17,598.68,63.9,24.39,64.21,433.92,405.55,1708541.25,6529514.0,3.82,Bullish,75.0,"Above 50 DMA, Above 200 DMA, Healthy RSI momentum, Strong volume expansion, Strong positive day move",6.64,9.54,6.59,7.43,8.23,11.59,-0.79,1.31,-5.0,38.0,"Positive 1M return, Positive 3M return, Positive 6M return, Positive across 1M/3M/6M",63.1,Profit Booking Zone,86.95,390.4,441.6,13.11,100.0,80.0% of closes stayed inside the range | Range width 13.1% | Currently 100.0% through the range,3.91,1.91,7.89,3.21,-16.83,-79.68,62.7,1.23,0.64,138.94,2577.4,665.69,-12.62,91.358,64.5153,18.8439,13.0,0.357,99957.76,59.45,Pharma / Healthcare,0.0,0.0,6.0,9.0,5.0,20.0,1.0,,"Revenue contraction, Earnings contraction, Negative free cash flow, Very high PE",2.0,22.0,General low-debt support,58.12,16.0,"Revenue contraction, Earnings contraction, Negative free cash flow",28.67,Avoid,"Above 50 DMA, Above 200 DMA, Healthy RSI momentum, Strong volume expansion, Strong positive day move, Positive 1M return, Positive 3M return, Positive 6M return, Positive across 1M/3M/6M, 80.0% of closes stayed inside the range | Range width 13.1% | Currently 100.0% through the range"
TATACOMM,Communication Services,Telecom Services,1832.04,-0.97,1021.76,2017.15,79.3,9.18,58.72,1744.68,1744.97,500788.35,391028.0,0.78,Bullish,60.0,"Above 50 DMA, Above 200 DMA, Healthy RSI momentum, Near 52W high momentum",8.3,-8.7,4.75,7.43,8.23,11.59,0.87,-16.93,-6.84,18.0,"Positive 1M return, Positive 6M return",82.14,Neutral Range,78.29,1662.58,1920.59,15.52,65.68,80.0% of closes stayed inside the range | Range width 15.5% | Currently 65.7% through the range,54.21,3.94,9.5,4.66,16.52,-46.08,630.49,0.44,0.43,732.05,11263.17,3182.0,1099.66,52.3267,22.1678,14.3548,100.0,0.816,49484.61,27.46,Telecom,8.0,8.0,0.0,17.0,7.0,40.0,1.0,Strong ROE,"Earnings contraction, Very high debt",2.0,42.0,General quality ROE,57.74,15.0,"Very high debt, Earnings contraction",27.86,Avoid,"Above 50 DMA, Above 200 DMA, Healthy RSI momentum, Near 52W high momentum, Strong ROE, Positive 1M return, Positive 6M return, 80.0% of closes stayed inside the range | Range width 15.5% | Currently 65.7% through the range"
IDBI,Financial Services,Banks - Regional,80.62,-0.25,36.58,95.05,120.41,15.18,45.15,82.76,74.3,6452048.9,3056621.0,0.47,Bearish,27.0,"Above 200 DMA, RSI recovering",3.17,0.38,26.47,7.43,8.23,11.59,-4.26,-7.85,14.88,38.0,"Positive 1M return, Positive 3M return, Positive 6M return, Positive across 1M/3M/6M",61.63,Neutral Range,68.86,73.83,87.05,17.9,51.37,80.0% of closes stayed inside the range | Range width 17.9% | Currently 51.4% through the range,11.33,1.59,,33.61,14.81,56.18,28.75,,,32669.42,14682.7,-1252.49,-1564.51,9.511,16.8286,1.2551,2.43,0.832,88664.31,0.0,Banking,8.0,15.0,10.0,0.0,12.0,45.0,0.79,Cash covers debt,"Negative operating cash flow, Negative free cash flow",0.0,45.0,,50.77,12.0,"Low volume participation, Negative operating cash flow, Negative free cash flow",27.62,Avoid,"Above 200 DMA, RSI recovering, Cash covers debt, Positive 1M return, Positive 3M return, Positive 6M return, Positive across 1M/3M/6M, 80.0% of closes stayed inside the range | Range width 17.9% | Currently 51.4% through the range"
IOB,Financial Services,Banks - Regional,63.12,-0.52,16.8,83.75,275.71,24.63,41.98,65.68,53.93,11937738.25,6053776.0,0.51,Bearish,23.0,"Above 200 DMA, Weak but watchable RSI",-1.53,-2.29,45.94,7.43,8.23,11.59,-8.96,-10.52,34.35,35.0,"Strong 6M absolute return, 6M Nifty outperformance",69.19,Profit Booking Zone,66.6,45.62,68.93,51.07,75.09,80.0% of closes stayed inside the range | Range width 51.1% | Currently 75.1% through the range,9.67,0.76,,17.2,25.27,26.7,84.85,,,18814.9,23387.17,-1118.95,-1484.21,11.4712,37.6,1.6756,,0.253,65164.3,0.0,Banking,7.0,20.0,4.0,0.0,10.0,41.0,0.71,,"Negative operating cash flow, Negative free cash flow",0.0,41.0,,50.77,9.0,"Negative operating cash flow, Negative free cash flow",27.47,Avoid,"Above 200 DMA, Weak but watchable RSI, Strong 6M absolute return, 6M Nifty outperformance, 80.0% of closes stayed inside the range | Range width 51.1% | Currently 75.1% through the range"
M&MFIN,Financial Services,Credit Services,278.81,-1.71,161.66,318.13,72.47,12.36,55.06,259.63,262.18,4145544.95,3677899.0,0.89,Bullish,60.0,"Above 50 DMA, Above 200 DMA, Healthy RSI momentum, Near 52W high momentum",8.71,0.73,9.13,7.43,8.23,11.59,1.28,-7.5,-2.46,38.0,"Positive 1M return, Positive 3M return, Positive 6M return, Positive across 1M/3M/6M",61.63,Profit Booking Zone,82.51,244.26,281.24,15.14,93.44,80.0% of closes stayed inside the range | Range width 15.1% | Currently 93.4% through the range,9.7,1.56,,23.75,10.05,-6.74,467.45,,,3931.68,93177.37,-18448.55,-18771.85,17.0039,12.9871,2.0642,1.88,0.343,55006.67,86.34,Financial Services,8.0,5.0,0.0,0.0,14.0,27.0,0.79,,"Earnings contraction, Very high debt, Negative operating cash flow, Negative free cash flow",6.0,33.0,High leverage is structural for this sector,50.77,17.0,"Very high debt, Negative operating cash flow, Negative free cash flow",26.67,Avoid,"Above 50 DMA, Above 200 DMA, Healthy RSI momentum, Near 52W high momentum, Positive 1M return, Positive 3M return, Positive 6M return, Positive across 1M/3M/6M, 80.0% of closes stayed inside the range | Range width 15.1% | Currently 93.4% through the range"
ABCAPITAL,Financial Services,Financial Conglomerates,237.38,-0.08,106.65,246.9,122.58,3.86,55.29,228.99,190.73,6880776.85,3314005.0,0.48,Bullish,60.0,"Above 50 DMA, Above 200 DMA, Healthy RSI momentum, Near 52W high momentum",10.13,18.07,46.85,7.43,8.23,11.59,2.7,9.84,35.26,70.0,"Strong 1M absolute return, Positive 3M return, Strong 6M absolute return, 6M Nifty outperformance, Positive across 1M/3M/6M",25.0,Profit Booking Zone,80.21,173.28,237.39,37.0,99.98,80.0% of closes stayed inside the range | Range width 37.0% | Currently 100.0% through the range,12.44,1.44,29.9,8.21,42.16,-30.46,410.66,,,1554.3,110128.34,-24100.5,-24502.91,26.3092,16.2013,3.1273,,0.687,112442.53,28.11,Financial Services,13.0,10.0,0.0,0.0,9.0,32.0,0.79,,"Earnings contraction, Very high debt, Negative operating cash flow, Negative free cash flow",6.0,38.0,High leverage is structural for this sector,50.77,27.0,"Low volume participation, Very high debt, Earnings contraction, Negative operating cash flow, Negative free cash flow",26.42,Avoid,"Above 50 DMA, Above 200 DMA, Healthy RSI momentum, Near 52W high momentum, Strong 1M absolute return, Positive 3M return, Strong 6M absolute return, 6M Nifty outperformance, Positive across 1M/3M/6M, 80.0% of closes stayed inside the range | Range width 37.0% | Currently 100.0% through the range"
MOTILALOFS,Financial Services,Capital Markets,554.36,0.17,299.28,1267.92,85.23,56.28,38.95,590.32,690.81,1143687.8,675539.0,0.59,Bearish,13.0,"Weak but watchable RSI, Positive day move",0.43,25.91,-53.32,7.43,8.23,11.59,-7.0,17.68,-64.91,43.0,"Positive 1M return, Strong 3M absolute return, 3M Nifty outperformance",54.65,Neutral Range,61.97,372.15,619.55,66.48,73.65,80.0% of closes stayed inside the range | Range width 66.5% | Currently 73.7% through the range,27.96,7.67,39.96,47.18,35.49,162.0,157.42,1.11,,5285.67,13745.61,-349.64,-500.41,27.5451,15.2672,4.2076,1.24,0.334,54253.42,62.9,Financial Services,22.0,20.0,2.0,0.0,10.0,54.0,0.93,Strong ROE,"Negative operating cash flow, Negative free cash flow",6.0,60.0,Strong ROE for a leveraged-balance-sheet business,50.77,17.0,"Below 200 DMA, Negative operating cash flow, Negative free cash flow",25.62,Avoid,"Weak but watchable RSI, Positive day move, Strong ROE, Positive 1M return, Strong 3M absolute return, 3M Nifty outperformance, 80.0% of closes stayed inside the range | Range width 66.5% | Currently 73.7% through the range"
SUNDARMFIN,Financial Services,Credit Services,4511.22,0.02,1910.96,4903.78,136.07,8.01,48.91,4513.1,3758.2,100621.65,40181.0,0.4,Bearish,32.0,"Above 200 DMA, RSI recovering, Positive day move",3.2,9.32,30.87,7.43,8.23,11.59,-4.23,1.09,19.28,63.0,"Positive 1M return, Positive 3M return, Strong 6M absolute return, 6M Nifty outperformance, Positive across 1M/3M/6M",30.81,Profit Booking Zone,73.33,3550.86,4651.03,30.98,87.29,80.0% of closes stayed inside the range | Range width 31.0% | Currently 87.3% through the range,12.96,2.23,,39.59,22.86,8.15,401.32,,,642.18,44459.59,-8487.63,-8570.98,22.2038,20.2032,3.3371,90.0,0.186,49304.73,89.16,Financial Services,10.0,13.0,0.0,0.0,11.0,34.0,0.79,,"Very high debt, Negative operating cash flow, Negative free cash flow",6.0,40.0,High leverage is structural for this sector,50.77,20.0,"Low volume participation, Very high debt, Negative operating cash flow, Negative free cash flow",25.37,Avoid,"Above 200 DMA, RSI recovering, Positive day move, Positive 1M return, Positive 3M return, Strong 6M absolute return, 6M Nifty outperformance, Positive across 1M/3M/6M, 80.0% of closes stayed inside the range | Range width 31.0% | Currently 87.3% through the range"
PNB,Financial Services,Banks - Regional,114.77,-0.09,29.62,133.38,287.41,13.95,44.87,118.87,98.69,42653156.1,20117728.0,0.47,Bearish,23.0,"Above 200 DMA, Weak but watchable RSI",0.92,-2.95,28.76,7.43,8.23,11.59,-6.51,-11.18,17.17,33.0,"Positive 1M return, Positive 6M return, 6M Nifty outperformance",72.09,Neutral Range,69.43,95.39,124.39,30.41,66.82,80.8% of closes stayed inside the range | Range width 30.4% | Currently 66.8% through the range,8.25,0.57,,16.48,17.35,171.98,65.76,,,131400.19,72585.62,-27939.44,-29114.44,6.1872,6.9245,0.8745,2.63,0.504,136743.04,0.0,Banking,7.0,18.0,7.0,0.0,12.0,44.0,0.79,Cash covers debt,"Negative operating cash flow, Negative free cash flow",0.0,44.0,,50.77,12.0,"Low volume participation, Negative operating cash flow, Negative free cash flow",25.02,Avoid,"Above 200 DMA, Weak but watchable RSI, Cash covers debt, Positive 1M return, Positive 6M return, 6M Nifty outperformance, 80.8% of closes stayed inside the range | Range width 30.4% | Currently 66.8% through the range"
SRF,Industrials,Conglomerates,2371.95,0.37,2017.83,2829.27,17.55,16.16,49.85,2370.91,2358.16,568660.65,276779.0,0.49,Bullish,52.0,"Above 50 DMA, Above 200 DMA, RSI recovering, Near 52W low zone, Positive day move",4.15,-8.83,-2.95,7.43,8.23,11.59,-3.28,-17.06,-14.54,8.0,Positive 1M return,99.41,Lower Range Watch,76.79,2259.88,2588.17,14.53,34.14,80.0% of closes stayed inside the range | Range width 14.5% | Currently 34.1% through the range,11.64,6.52,15.47,10.35,-11.52,-38.23,43.82,1.03,0.61,399.33,5030.54,2093.86,-123.07,35.4158,28.5908,5.4566,39.0,0.132,76620.96,48.32,Capital Goods / Infra,10.0,0.0,9.0,9.0,9.0,37.0,1.0,,"Revenue contraction, Earnings contraction, Negative free cash flow",0.0,37.0,,68.32,14.0,"Low volume participation, Earnings contraction, Negative free cash flow",24.2,Avoid,"Above 50 DMA, Above 200 DMA, RSI recovering, Near 52W low zone, Positive day move, Positive 1M return, 80.0% of closes stayed inside the range | Range width 14.5% | Currently 34.1% through the range"
ASTERDM,Healthcare,Medical Care Facilities,338.43,-0.48,151.5,421.43,123.38,19.69,42.9,348.68,312.31,2605113.3,939194.0,0.36,Bearish,23.0,"Above 200 DMA, Weak but watchable RSI",2.37,9.32,10.72,7.43,8.23,11.59,-5.06,1.09,-0.87,38.0,"Positive 1M return, Positive 3M return, Positive 6M return, Positive across 1M/3M/6M",63.1,Neutral Range,68.38,315.58,361.01,14.39,50.29,80.0% of closes stayed inside the range | Range width 14.4% | Currently 50.3% through the range,2.84,0.72,10.09,3.55,23.25,-69.57,30.35,1.25,1.25,82.23,1383.75,157.81,-647.77,138.9178,42.5242,9.3243,47.0,-0.059,72170.12,58.62,Pharma / Healthcare,3.0,8.0,11.0,9.0,5.0,36.0,1.0,,"Earnings contraction, Negative free cash flow, Very high PE",2.0,38.0,General low-debt support,58.12,14.0,"Low volume participation, Earnings contraction, Negative free cash flow",23.27,Avoid,"Above 200 DMA, Weak but watchable RSI, Positive 1M return, Positive 3M return, Positive 6M return, Positive across 1M/3M/6M, 80.0% of closes stayed inside the range | Range width 14.4% | Currently 50.3% through the range"
ADANIENT,Energy,Thermal Coal,3141.29,-1.46,1015.6,4182.39,209.3,24.89,46.48,3134.96,2886.25,2855940.6,1055391.0,0.37,Bullish,42.0,"Above 50 DMA, Above 200 DMA, RSI recovering",0.97,-3.77,11.94,7.43,8.23,11.59,-6.46,-12.0,0.35,18.0,"Positive 1M return, Positive 6M return",100.0,Neutral Range,74.51,2935.1,3270.15,11.42,61.54,80.0% of closes stayed inside the range | Range width 11.4% | Currently 61.5% through the range,8.29,2.02,9.36,3.36,-24.39,31.53,167.14,0.83,0.62,2306.55,65310.15,10312.19,-12053.72,52.0792,44.307,4.7693,4.0,0.808,424857.17,43.31,Metals / Mining,2.0,10.0,0.0,9.0,9.0,30.0,1.0,,"Revenue contraction, Negative free cash flow",0.0,30.0,,56.28,12.0,"Low volume participation, Revenue contraction, Negative free cash flow",21.94,Avoid,"Above 50 DMA, Above 200 DMA, RSI recovering, Positive 1M return, Positive 6M return, 80.0% of closes stayed inside the range | Range width 11.4% | Currently 61.5% through the range"
PAYTM,Technology,Software - Infrastructure,412.45,-1.22,310.0,998.3,33.05,58.68,56.97,376.06,595.18,5196347.0,5411756.0,1.04,Bullish,40.0,"Above 50 DMA, Healthy RSI momentum, Normal volume support",21.36,-0.94,-34.95,7.43,8.23,11.59,13.93,-9.17,-46.54,25.0,"Strong 1M absolute return, 1M Nifty outperformance",82.35,Lower Range Watch,63.58,343.18,690.74,101.28,19.93,80.0% of closes stayed inside the range | Range width 101.3% | Currently 19.9% through the range,-10.63,-7.58,-16.5,-14.36,24.87,20.21,1.33,2.71,,4277.2,176.6,650.8,-170.9,160.3586,51.8355,6.4407,,-0.307,103222.43,36.98,IT / Technology,0.0,16.0,17.0,9.0,3.0,45.0,0.86,Cash covers debt,"Negative net margin, Negative free cash flow, Very high PE",0.0,45.0,,60.12,20.0,"Below 200 DMA, Negative net margin, Negative free cash flow",21.02,Avoid,"Above 50 DMA, Healthy RSI momentum, Normal volume support, Cash covers debt, Strong 1M absolute return, 1M Nifty outperformance, 80.0% of closes stayed inside the range | Range width 101.3% | Currently 19.9% through the range"
TITAN,Consumer Cyclical,Luxury Goods,3315.11,-0.72,2240.77,3850.02,47.94,13.89,43.79,3370.35,3455.86,1541945.45,741143.0,0.48,Bearish,8.0,Weak but watchable RSI,0.88,-10.89,-9.91,7.43,8.23,11.59,-6.55,-19.12,-21.5,8.0,Positive 1M return,100.0,Accumulation Zone,71.75,3283.37,3723.19,13.4,7.22,80.0% of closes stayed inside the range | Range width 13.4% | Currently 7.2% through the range,37.22,11.08,9.27,6.86,25.93,7.57,165.31,1.55,0.4,409.0,15528.0,1695.0,1004.0,78.2896,58.2409,28.8278,29.0,0.18,452440.57,20.47,Consumer Discretionary,15.0,12.0,4.0,17.0,5.0,53.0,1.0,Strong ROE,,2.0,55.0,General quality ROE,57.33,11.0,"Below 200 DMA, Low volume participation",20.85,Avoid,"Weak but watchable RSI, Strong ROE, Positive 1M return, 80.0% of closes stayed inside the range | Range width 13.4% | Currently 7.2% through the range"
GODREJCP,Consumer Defensive,Household & Personal Products,1311.75,-0.3,754.09,1411.06,73.95,7.04,49.91,1275.81,1109.54,1134283.4,360720.0,0.32,Bullish,42.0,"Above 50 DMA, Above 200 DMA, RSI recovering",-4.41,13.64,23.52,7.43,8.23,11.59,-11.84,5.41,11.93,20.0,"Positive 3M return, Positive 6M return",67.39,Profit Booking Zone,77.84,1110.49,1329.11,19.69,92.06,80.0% of closes stayed inside the range | Range width 19.7% | Currently 92.1% through the range,-4.45,-3.03,20.38,-4.01,5.87,-132.93,25.58,0.99,0.77,402.78,3222.21,2069.95,1762.76,54.9517,33.3113,7.3619,1.95,0.368,93120.75,49.72,FMCG / Consumer,5.0,2.0,7.0,17.0,6.0,37.0,1.0,,"Negative net margin, Earnings contraction",3.0,40.0,"Low debt, typical of a healthy consumer business",53.06,18.0,"Low volume participation, Negative net margin, Earnings contraction",19.46,Avoid,"Above 50 DMA, Above 200 DMA, RSI recovering, Positive 3M return, Positive 6M return, 80.0% of closes stayed inside the range | Range width 19.7% | Currently 92.1% through the range"
GODREJIND,Industrials,Conglomerates,889.2,-0.89,395.0,990.0,125.11,10.18,65.05,838.56,755.57,462868.55,1027998.0,2.22,Bullish,75.0,"Above 50 DMA, Above 200 DMA, Healthy RSI momentum, Near 52W high momentum, Strong volume expansion",12.19,12.16,26.13,7.43,8.23,11.59,4.76,3.93,14.54,45.0,"Strong 1M absolute return, Positive 3M return, Positive 6M return, Positive across 1M/3M/6M",85.88,Profit Booking Zone,87.24,789.99,878.55,11.21,100.0,80.0% of closes stayed inside the range | Range width 11.2% | Currently 100.0% through the range,0.75,0.1,5.66,0.36,-0.98,-93.85,362.39,1.15,0.43,1878.81,28995.91,-4284.12,-5481.61,33.4833,,3.7223,,0.635,41607.84,40.36,Capital Goods / Infra,0.0,0.0,2.0,0.0,6.0,8.0,0.93,,"Revenue contraction, Earnings contraction, Very high debt, Negative operating cash flow, Negative free cash flow",0.0,8.0,,68.32,24.0,"Very high debt, Earnings contraction, Negative operating cash flow, Negative free cash flow",19.05,Avoid,"Above 50 DMA, Above 200 DMA, Healthy RSI momentum, Near 52W high momentum, Strong volume expansion, Strong 1M absolute return, Positive 3M return, Positive 6M return, Positive across 1M/3M/6M, 80.0% of closes stayed inside the range | Range width 11.2% | Currently 100.0% through the range"
ADANIENSOL,Utilities,Utilities - Independent Power Producers,1025.85,-0.9,631.5,4236.75,62.45,75.79,49.88,1038.9,982.95,1990777.75,825442.0,0.41,Bearish,27.0,"Above 200 DMA, RSI recovering",7.79,-6.6,0.32,7.43,8.23,11.59,0.36,-14.83,-11.27,18.0,"Positive 1M return, Positive 6M return",88.24,Accumulation Zone,74.83,1008.74,1113.07,10.34,16.4,80.0% of closes stayed inside the range | Range width 10.3% | Currently 16.4% through the range,9.0,1.94,27.09,6.95,25.18,-9.48,293.24,1.01,0.98,742.06,37069.65,6037.62,608.08,66.6528,44.2264,7.5542,,0.679,195550.42,43.66,Energy / Utilities,11.0,10.0,2.0,17.0,3.0,43.0,0.93,,"Earnings contraction, Very high debt",0.0,43.0,,54.93,16.0,"Far from 52W high, Low volume participation, Very high debt",18.54,Avoid,"Above 200 DMA, RSI recovering, Positive 1M return, Positive 6M return, 80.0% of closes stayed inside the range | Range width 10.3% | Currently 16.4% through the range"
FLUOROCHEM,Basic Materials,Specialty Chemicals,3239.76,0.57,2472.27,4162.77,31.04,22.17,50.7,3271.67,3227.28,210388.3,90029.0,0.43,Bearish,40.0,"Above 200 DMA, Healthy RSI momentum, Positive day move",10.74,1.49,-9.53,7.43,8.23,11.59,3.31,-6.74,-21.12,25.0,"Strong 1M absolute return, Positive 3M return",78.95,Accumulation Zone,75.09,3099.44,3653.08,17.86,25.34,80.0% of closes stayed inside the range | Range width 17.9% | Currently 25.3% through the range,7.33,4.71,15.01,10.37,-25.04,-67.27,35.31,1.36,0.73,31.45,2095.95,626.34,-344.23,87.6185,44.0047,6.5534,7.0,-0.005,50155.31,51.34,Chemicals,6.0,0.0,9.0,9.0,5.0,29.0,1.0,,"Revenue contraction, Earnings contraction, Negative free cash flow, Very high PE",2.0,31.0,General low-debt support,55.51,19.0,"Low volume participation, Revenue contraction, Earnings contraction, Negative free cash flow",16.43,Avoid,"Above 200 DMA, Healthy RSI momentum, Positive day move, Strong 1M absolute return, Positive 3M return, 80.0% of closes stayed inside the range | Range width 17.9% | Currently 25.3% through the range"
DELHIVERY,Industrials,Integrated Freight & Logistics,398.25,-0.29,291.0,608.7,36.86,34.57,47.07,415.63,421.78,2074739.9,3049295.0,1.47,Bearish,22.0,"RSI recovering, Volume expansion",5.25,-11.51,3.66,7.43,8.23,11.59,-2.18,-19.74,-7.93,18.0,"Positive 1M return, Positive 6M return",94.71,Accumulation Zone,73.9,392.76,464.6,18.29,7.64,80.0% of closes stayed inside the range | Range width 18.3% | Currently 7.6% through the range,-2.72,-2.18,-7.16,-3.06,12.68,75.27,12.79,4.42,4.41,303.22,1169.34,472.4,-92.56,385.4508,42.6924,3.6232,,0.174,35229.57,84.92,Capital Goods / Infra,0.0,15.0,17.0,9.0,5.0,46.0,0.93,,"Negative net margin, Negative free cash flow, Very high PE",0.0,46.0,,68.32,20.0,"Below 200 DMA, Negative net margin, Negative free cash flow",16.35,Avoid,"RSI recovering, Volume expansion, Positive 1M return, Positive 6M return, 80.0% of closes stayed inside the range | Range width 18.3% | Currently 7.6% through the range"
BAJFINANCE,Financial Services,Credit Services,702.03,-2.09,536.89,805.16,30.76,12.81,51.33,685.5,704.61,12030209.5,18979770.0,1.58,Bullish,55.0,"Above 50 DMA, Healthy RSI momentum, Near 52W high momentum, Volume expansion",4.48,-0.9,-1.6,7.43,8.23,11.59,-2.95,-9.13,-13.19,8.0,Positive 1M return,92.44,Profit Booking Zone,79.49,643.98,719.46,11.72,76.91,80.0% of closes stayed inside the range | Range width 11.7% | Currently 76.9% through the range,18.84,3.85,,42.1,27.29,25.58,284.81,,,7368.37,218437.11,-69843.31,-70881.09,33.5541,21.7163,5.9681,49.0,0.323,680692.29,91.55,Financial Services,12.0,20.0,0.0,0.0,11.0,43.0,0.79,Strong ROE,"Very high debt, Negative operating cash flow, Negative free cash flow",8.0,51.0,"High leverage is structural for this sector, Strong ROE for a leveraged-balance-sheet business, Expensive relative to book value for this sector",50.77,25.0,"Below 200 DMA, Very high debt, Negative operating cash flow, Negative free cash flow",16.22,Avoid,"Above 50 DMA, Healthy RSI momentum, Near 52W high momentum, Volume expansion, Strong ROE, Positive 1M return, 80.0% of closes stayed inside the range | Range width 11.7% | Currently 76.9% through the range"
POONAWALLA,Financial Services,Credit Services,419.25,0.58,240.66,517.51,74.21,18.99,43.09,450.25,434.87,3239169.35,3958118.0,1.22,Bearish,18.0,"Weak but watchable RSI, Normal volume support, Positive day move",-3.64,-11.65,-2.13,7.43,8.23,11.59,-11.07,-19.88,-13.72,0.0,,97.67,Accumulation Zone,74.51,424.62,493.65,16.26,0.0,80.0% of closes stayed inside the range | Range width 16.3% | Currently 0.0% through the range,20.6,6.99,41.2,57.03,57.65,146.02,186.31,1.34,,255.18,15215.72,-7556.49,-7574.4,50.6911,19.7165,3.7798,,0.318,42391.77,99.87,Financial Services,20.0,20.0,2.0,0.0,7.0,49.0,0.86,Strong ROE,"Negative operating cash flow, Negative free cash flow",6.0,55.0,Strong ROE for a leveraged-balance-sheet business,50.77,17.0,"Below 200 DMA, Negative operating cash flow, Negative free cash flow",14.37,Avoid,"Weak but watchable RSI, Normal volume support, Positive day move, Strong ROE, 80.0% of closes stayed inside the range | Range width 16.3% | Currently 0.0% through the range"
ADANIGREEN,Utilities,Utilities - Renewable,1766.8,-0.46,439.1,2572.0,302.37,31.31,44.34,1816.99,1539.36,781577.4,344262.0,0.44,Bearish,23.0,"Above 200 DMA, Weak but watchable RSI",-3.39,-6.65,13.18,7.43,8.23,11.59,-10.82,-14.88,1.59,10.0,Positive 6M return,94.12,Lower Range Watch,70.42,1678.93,1923.64,14.58,35.91,80.0% of closes stayed inside the range | Range width 14.6% | Currently 35.9% through the range,10.34,1.24,59.05,11.93,18.59,12.94,609.45,0.52,0.51,1608.0,64858.0,7713.0,-8060.0,131.5202,42.438,11.3765,,1.083,219453.29,94.69,Energy / Utilities,11.0,13.0,0.0,9.0,3.0,36.0,0.93,,"Very high debt, Negative free cash flow, Very high PE",0.0,36.0,,54.93,15.0,"Low volume participation, Very high debt, Negative free cash flow",14.09,Avoid,"Above 200 DMA, Weak but watchable RSI, Positive 6M return, 80.0% of closes stayed inside the range | Range width 14.6% | Currently 35.9% through the range"
DALBHARAT,Basic Materials,Building Materials,1824.99,-0.73,1448.98,2401.43,25.95,24.0,51.84,1796.02,2055.23,583516.8,452681.0,0.78,Bullish,35.0,"Above 50 DMA, Healthy RSI momentum",6.46,-8.93,-19.34,7.43,8.23,11.59,-0.97,-17.16,-30.93,8.0,Positive 1M return,96.49,Accumulation Zone,74.22,1754.29,2229.46,27.09,14.88,80.0% of closes stayed inside the range | Range width 27.1% | Currently 14.9% through the range,5.04,2.98,7.98,5.76,8.29,-20.19,29.3,1.76,1.48,341.0,4805.0,2635.0,-192.0,36.8796,25.1706,1.921,54.0,0.184,34568.38,61.49,Cement / Realty,0.0,5.0,13.0,9.0,11.0,38.0,1.0,,"Earnings contraction, Negative free cash flow",2.0,40.0,General low-debt support,55.51,19.0,"Below 200 DMA, Earnings contraction, Negative free cash flow",14.08,Avoid,"Above 50 DMA, Healthy RSI momentum, Positive 1M return, 80.0% of closes stayed inside the range | Range width 27.1% | Currently 14.9% through the range"
BAJAJFINSV,Financial Services,Financial Conglomerates,1583.58,-0.53,1211.97,1839.4,30.66,13.91,50.62,1582.4,1606.21,1820290.6,1450706.0,0.8,Bullish,45.0,"Above 50 DMA, Healthy RSI momentum, Near 52W high momentum",4.55,-4.22,-5.62,7.43,8.23,11.59,-2.88,-12.45,-17.21,8.0,Positive 1M return,92.44,Accumulation Zone,78.58,1564.88,1652.62,5.61,21.31,80.0% of closes stayed inside the range | Range width 5.6% | Currently 21.3% through the range,13.51,1.51,39.82,8.16,35.25,26.97,379.23,,,5765.02,228781.7,-65502.04,-66937.5,31.9699,21.4331,4.1459,6.0,0.374,323329.46,51.48,Financial Services,13.0,20.0,0.0,0.0,11.0,44.0,0.86,,"Very high debt, Negative operating cash flow, Negative free cash flow",6.0,50.0,High leverage is structural for this sector,50.77,25.0,"Below 200 DMA, Very high debt, Negative operating cash flow, Negative free cash flow",13.37,Avoid,"Above 50 DMA, Healthy RSI momentum, Near 52W high momentum, Positive 1M return, 80.0% of closes stayed inside the range | Range width 5.6% | Currently 21.3% through the range"
BANKINDIA,Financial Services,Banks - Regional,110.86,0.29,40.78,144.31,171.88,23.18,41.79,119.19,112.28,12670884.05,8346070.0,0.66,Bearish,13.0,"Weak but watchable RSI, Positive day move",3.76,-13.79,6.91,7.43,8.23,11.59,-3.67,-22.02,-4.68,18.0,"Positive 1M return, Positive 6M return",79.07,Accumulation Zone,72.98,111.16,132.76,19.44,0.0,80.0% of closes stayed inside the range | Range width 19.4% | Currently 0.0% through the range,9.3,0.71,,22.29,11.72,71.04,94.16,,,83122.96,66460.27,-4436.94,-5287.47,5.3869,5.6026,0.7284,3.25,0.777,66241.31,0.0,Banking,8.0,15.0,7.0,0.0,12.0,42.0,0.79,Cash covers debt,"Negative operating cash flow, Negative free cash flow",0.0,42.0,,50.77,17.0,"Below 200 DMA, Negative operating cash flow, Negative free cash flow",13.07,Avoid,"Weak but watchable RSI, Positive day move, Cash covers debt, Positive 1M return, Positive 6M return, 80.0% of closes stayed inside the range | Range width 19.4% | Currently 0.0% through the range"
SBICARD,Financial Services,Credit Services,714.26,0.51,643.76,1014.74,10.95,29.61,49.44,714.01,736.36,1189425.7,1120401.0,0.94,Bullish,37.0,"Above 50 DMA, RSI recovering, Near 52W low zone, Positive day move",2.75,3.83,-5.1,7.43,8.23,11.59,-4.68,-4.4,-16.69,18.0,"Positive 1M return, Positive 3M return",79.07,Lower Range Watch,73.35,691.41,744.74,7.71,42.84,80.0% of closes stayed inside the range | Range width 7.7% | Currently 42.8% through the range,19.93,4.14,,18.88,19.42,6.62,333.62,,,2508.43,40314.7,-5653.38,-5727.87,27.1772,18.3719,3.9751,38.0,0.246,62484.85,24.65,Financial Services,12.0,10.0,0.0,0.0,11.0,33.0,0.79,Strong ROE,"Very high debt, Negative operating cash flow, Negative free cash flow",12.0,45.0,"High leverage is structural for this sector, Strong ROE for a leveraged-balance-sheet business",50.77,25.0,"Below 200 DMA, Very high debt, Negative operating cash flow, Negative free cash flow",12.12,Avoid,"Above 50 DMA, RSI recovering, Near 52W low zone, Positive day move, Strong ROE, Positive 1M return, Positive 3M return, 80.0% of closes stayed inside the range | Range width 7.7% | Currently 42.8% through the range"
INDUSINDBK,Financial Services,Banks - Regional,1440.52,-0.87,966.94,1673.18,48.98,13.91,45.22,1449.58,1476.48,4323448.6,3010077.0,0.7,Bearish,12.0,RSI recovering,-2.8,-6.45,-9.42,7.43,8.23,11.59,-10.23,-14.68,-21.01,0.0,,97.67,Accumulation Zone,72.26,1423.35,1541.72,8.32,14.5,80.0% of closes stayed inside the range | Range width 8.3% | Currently 14.5% through the range,14.2,1.74,,30.47,15.7,20.61,75.33,,,42391.59,47611.41,-16924.73,-17654.74,60.0295,12.9494,1.2053,15.0,0.494,79277.55,0.0,Banking,10.0,16.0,4.0,0.0,9.0,39.0,0.79,,"Negative operating cash flow, Negative free cash flow",0.0,39.0,,50.77,17.0,"Below 200 DMA, Negative operating cash flow, Negative free cash flow",7.27,Avoid,"RSI recovering, 80.0% of closes stayed inside the range | Range width 8.3% | Currently 14.5% through the range"
AURIONPRO,Technology,Software - Application,1523.82,5.0,143.96,1523.82,958.52,0.0,69.69,1242.51,1024.81,106025.1,85334.0,0.8,Bullish,70.0,"Above 50 DMA, Above 200 DMA, Healthy RSI momentum, Near 52W high momentum, Strong positive day move",44.62,30.57,41.77,7.43,8.23,11.59,37.19,22.34,30.18,100.0,"Strong 1M absolute return, Strong 3M absolute return, Strong 6M absolute return, 1M Nifty outperformance, 3M Nifty outperformance, 6M Nifty outperformance, Positive across 1M/3M/6M",17.31,Profit Booking Zone,83.09,1028.98,1356.74,31.85,100.0,80.0% of closes stayed inside the range | Range width 31.9% | Currently 100.0% through the range,15.16,10.08,19.71,15.88,34.6,44.84,8.74,2.2,2.12,249.67,81.25,163.63,131.3,18.9046,13.8474,2.1915,85.0,-0.164,3906.91,26.89,IT / Technology,18.0,20.0,20.0,17.0,15.0,90.0,1.0,Cash covers debt,,5.0,95.0,Strong operating margin,56.85,0.0,,84.28,High Conviction,"Above 50 DMA, Above 200 DMA, Healthy RSI momentum, Near 52W high momentum, Strong positive day move, Cash covers debt, Strong 1M absolute return, Strong 3M absolute return, Strong 6M absolute return, 1M Nifty outperformance, 3M Nifty outperformance, 6M Nifty outperformance, Positive across 1M/3M/6M, 80.0% of closes stayed inside the range | Range width 31.9% | Currently 100.0% through the range"
ALLDIGI,Industrials,Specialty Business Services,1002.16,1.66,357.37,1090.01,180.43,8.06,55.68,896.34,665.37,49388.65,26400.0,0.53,Bullish,65.0,"Above 50 DMA, Above 200 DMA, Healthy RSI momentum, Near 52W high momentum, Positive day move",14.44,57.27,76.26,7.43,8.23,11.59,7.01,49.04,64.67,100.0,"Strong 1M absolute return, Strong 3M absolute return, Strong 6M absolute return, 1M Nifty outperformance, 3M Nifty outperformance, 6M Nifty outperformance, Positive across 1M/3M/6M",13.28,Profit Booking Zone,77.43,611.16,993.74,62.6,100.0,80.0% of closes stayed inside the range | Range width 62.6% | Currently 100.0% through the range,26.07,17.41,17.87,13.64,20.21,30.99,18.19,2.9,,81.38,44.65,90.83,73.35,14.5191,,4.9401,7.53,0.339,1239.87,42.25,Capital Goods / Infra,21.0,18.0,17.0,17.0,10.0,83.0,0.93,"Strong ROE, Cash covers debt",,5.0,88.0,Strong order-book-driven revenue growth,54.47,0.0,,80.22,High Conviction,"Above 50 DMA, Above 200 DMA, Healthy RSI momentum, Near 52W high momentum, Positive day move, Strong ROE, Cash covers debt, Strong 1M absolute return, Strong 3M absolute return, Strong 6M absolute return, 1M Nifty outperformance, 3M Nifty outperformance, 6M Nifty outperformance, Positive across 1M/3M/6M, 80.0% of closes stayed inside the range | Range width 62.6% | Currently 100.0% through the range"
ASTRAZEN,Healthcare,Drug Manufacturers - Specialty & Generic,7049.16,11.42,2866.24,7487.55,145.94,5.85,76.03,5883.12,5303.6,32983.3,458354.0,13.9,Bullish,72.0,"Above 50 DMA, Above 200 DMA, Strong but overbought RSI, Near 52W high momentum, Strong volume expansion, Strong positive day move",18.57,38.39,27.26,7.43,8.23,11.59,11.14,30.16,15.67,95.0,"Strong 1M absolute return, Strong 3M absolute return, Positive 6M return, 1M Nifty outperformance, 3M Nifty outperformance, 6M Nifty outperformance, Positive across 1M/3M/6M",12.5,Breakout Watch,84.53,5087.84,6361.53,25.03,100.0,80.0% of closes stayed inside the range | Range width 25.0% | Currently 100.0% through the range | Above upper band on elevated volume,22.69,14.98,13.23,12.47,29.17,62.66,0.64,2.61,1.97,505.57,4.59,27.87,17.11,104.8311,,20.3557,51.0,0.246,17766.25,36.83,Pharma / Healthcare,19.0,20.0,20.0,17.0,2.0,78.0,1.0,"Strong ROE, Cash covers debt",Very high PE,4.0,82.0,"General quality ROE, General low-debt support",57.8,0.0,,79.12,High Conviction,"Above 50 DMA, Above 200 DMA, Strong but overbought RSI, Near 52W high momentum, Strong volume expansion, Strong positive day move, Strong ROE, Cash covers debt, Strong 1M absolute return, Strong 3M absolute return, Positive 6M return, 1M Nifty outperformance, 3M Nifty outperformance, 6M Nifty outperformance, Positive across 1M/3M/6M, 80.0% of closes stayed inside the range | Range width 25.0% | Currently 100.0% through the range | Above upper band on elevated volume"
DBCORP,Communication Services,Publishing,327.65,5.36,79.37,333.92,312.79,1.88,72.88,267.97,254.25,287758.2,354247.0,1.23,Bullish,62.0,"Above 50 DMA, Above 200 DMA, Strong but overbought RSI, Near 52W high momentum, Normal volume support, Strong positive day move",31.1,31.47,45.76,7.43,8.23,11.59,23.67,23.24,34.17,100.0,"Strong 1M absolute return, Strong 3M absolute return, Strong 6M absolute return, 1M Nifty outperformance, 3M Nifty outperformance, 6M Nifty outperformance, Positive across 1M/3M/6M",10.71,Profit Booking Zone,82.68,235.69,290.84,23.4,100.0,80.0% of closes stayed inside the range | Range width 23.4% | Currently 100.0% through the range,19.16,14.22,20.61,18.12,13.1,151.66,11.41,2.94,2.54,85.15,253.39,578.65,531.19,10.3935,9.4438,1.4863,3.46,0.189,3610.9,52.8,Telecom,22.0,15.0,17.0,17.0,15.0,86.0,1.0,Strong ROE,,4.0,90.0,"General quality ROE, General low-debt support",44.09,0.0,,78.61,High Conviction,"Above 50 DMA, Above 200 DMA, Strong but overbought RSI, Near 52W high momentum, Normal volume support, Strong positive day move, Strong ROE, Strong 1M absolute return, Strong 3M absolute return, Strong 6M absolute return, 1M Nifty outperformance, 3M Nifty outperformance, 6M Nifty outperformance, Positive across 1M/3M/6M, 80.0% of closes stayed inside the range | Range width 23.4% | Currently 100.0% through the range"
DHANUKA,Basic Materials,Agricultural Inputs,1684.54,3.16,595.03,1721.6,183.1,2.15,66.08,1424.49,1098.28,80579.05,80629.0,1.0,Bullish,75.0,"Above 50 DMA, Above 200 DMA, Healthy RSI momentum, Near 52W high momentum, Normal volume support, Strong positive day move",28.97,61.2,58.37,7.43,8.23,11.59,21.54,52.97,46.78,100.0,"Strong 1M absolute return, Strong 3M absolute return, Strong 6M absolute return, 1M Nifty outperformance, 3M Nifty outperformance, 6M Nifty outperformance, Positive across 1M/3M/6M",8.33,Profit Booking Zone,80.27,1017.16,1603.58,57.65,100.0,80.0% of closes stayed inside the range | Range width 57.7% | Currently 100.0% through the range,19.04,15.14,16.59,13.8,3.0,2.39,2.15,3.69,2.19,0.51,26.98,134.46,45.12,16.5834,13.4172,2.6161,20.0,0.327,4351.29,40.21,General,19.0,2.0,17.0,17.0,15.0,70.0,1.0,Strong ROE,,4.0,74.0,"General quality ROE, General low-debt support",53.22,0.0,,77.63,High Conviction,"Above 50 DMA, Above 200 DMA, Healthy RSI momentum, Near 52W high momentum, Normal volume support, Strong positive day move, Strong ROE, Strong 1M absolute return, Strong 3M absolute return, Strong 6M absolute return, 1M Nifty outperformance, 3M Nifty outperformance, 6M Nifty outperformance, Positive across 1M/3M/6M, 80.0% of closes stayed inside the range | Range width 57.7% | Currently 100.0% through the range"
ABSLAMC,Financial Services,Asset Management,610.67,1.02,282.26,653.7,116.35,6.58,62.65,539.83,459.68,549142.6,490089.0,0.89,Bullish,65.0,"Above 50 DMA, Above 200 DMA, Healthy RSI momentum, Near 52W high momentum, Positive day move",16.56,39.48,38.83,7.43,8.23,11.59,9.13,31.25,27.24,100.0,"Strong 1M absolute return, Strong 3M absolute return, Strong 6M absolute return, 1M Nifty outperformance, 3M Nifty outperformance, 6M Nifty outperformance, Positive across 1M/3M/6M",12.2,Profit Booking Zone,81.36,437.34,596.43,36.37,100.0,80.0% of closes stayed inside the range | Range width 36.4% | Currently 100.0% through the range,24.63,22.28,53.79,57.67,10.32,30.85,2.5,9.92,,39.1,79.09,684.84,654.23,30.1641,24.0324,7.488,2.44,0.361,30321.88,76.51,Financial Services,23.0,15.0,14.0,17.0,9.0,78.0,0.93,Strong ROE,,2.0,80.0,"Strong ROE for a leveraged-balance-sheet business, Expensive relative to book value for this sector",53.67,0.0,,77.3,High Conviction,"Above 50 DMA, Above 200 DMA, Healthy RSI momentum, Near 52W high momentum, Positive day move, Strong ROE, Strong 1M absolute return, Strong 3M absolute return, Strong 6M absolute return, 1M Nifty outperformance, 3M Nifty outperformance, 6M Nifty outperformance, Positive across 1M/3M/6M, 80.0% of closes stayed inside the range | Range width 36.4% | Currently 100.0% through the range"
CASTROLIND,Energy,Oil & Gas Refining & Marketing,219.85,3.32,87.43,223.53,151.45,1.64,77.62,175.78,153.18,13460804.95,58488893.0,4.35,Bullish,72.0,"Above 50 DMA, Above 200 DMA, Strong but overbought RSI, Near 52W high momentum, Strong volume expansion, Strong positive day move",34.61,18.93,42.91,7.43,8.23,11.59,27.18,10.7,31.32,95.0,"Strong 1M absolute return, Positive 3M return, Strong 6M absolute return, 1M Nifty outperformance, 3M Nifty outperformance, 6M Nifty outperformance, Positive across 1M/3M/6M",33.33,Breakout Watch,85.33,154.46,184.86,19.68,100.0,80.0% of closes stayed inside the range | Range width 19.7% | Currently 100.0% through the range | Above upper band on elevated volume,40.73,25.27,21.95,17.1,6.18,6.01,3.63,1.91,1.47,493.21,76.95,853.04,757.5,17.2637,15.6731,9.6129,6.75,0.314,18322.5,49.34,Energy / Utilities,23.0,4.0,18.0,17.0,11.0,73.0,1.0,"Strong ROE, Cash covers debt",,4.0,77.0,"General quality ROE, General low-debt support",55.75,0.0,,77.06,High Conviction,"Above 50 DMA, Above 200 DMA, Strong but overbought RSI, Near 52W high momentum, Strong volume expansion, Strong positive day move, Strong ROE, Cash covers debt, Strong 1M absolute return, Positive 3M return, Strong 6M absolute return, 1M Nifty outperformance, 3M Nifty outperformance, 6M Nifty outperformance, Positive across 1M/3M/6M, 80.0% of closes stayed inside the range | Range width 19.7% | Currently 100.0% through the range | Above upper band on elevated volume"
BBL,Industrials,Electrical Equipment & Parts,5071.36,2.8,854.21,5099.16,493.69,0.55,66.88,4011.82,2705.42,60674.6,76795.0,1.27,Bullish,75.0,"Above 50 DMA, Above 200 DMA, Healthy RSI momentum, Near 52W high momentum, Normal volume support, Strong positive day move",29.26,63.62,115.3,7.43,8.23,11.59,21.83,55.39,103.71,100.0,"Strong 1M absolute return, Strong 3M absolute return, Strong 6M absolute return, 1M Nifty outperformance, 3M Nifty outperformance, 6M Nifty outperformance, Positive across 1M/3M/6M",13.28,Profit Booking Zone,74.55,2351.64,4604.11,95.78,100.0,80.0% of closes stayed inside the range | Range width 95.8% | Currently 100.0% through the range,7.05,5.25,8.67,7.06,32.55,57.94,8.49,1.69,1.18,22.49,158.43,241.06,207.03,23.8624,55.5142,1.3142,1.48,0.552,2666.18,23.35,Capital Goods / Infra,5.0,20.0,15.0,17.0,9.0,66.0,1.0,,,5.0,71.0,Strong order-book-driven revenue growth,54.47,0.0,,76.77,High Conviction,"Above 50 DMA, Above 200 DMA, Healthy RSI momentum, Near 52W high momentum, Normal volume support, Strong positive day move, Strong 1M absolute return, Strong 3M absolute return, Strong 6M absolute return, 1M Nifty outperformance, 3M Nifty outperformance, 6M Nifty outperformance, Positive across 1M/3M/6M, 80.0% of closes stayed inside the range | Range width 95.8% | Currently 100.0% through the range"
AHLUCONT,Industrials,Engineering & Construction,1305.14,-0.77,392.96,1387.55,232.13,5.94,63.43,1188.15,945.26,125199.85,52587.0,0.42,Bullish,60.0,"Above 50 DMA, Above 200 DMA, Healthy RSI momentum, Near 52W high momentum",17.42,20.19,66.55,7.43,8.23,11.59,9.99,11.96,54.96,100.0,"Strong 1M absolute return, Strong 3M absolute return, Strong 6M absolute return, 1M Nifty outperformance, 3M Nifty outperformance, 6M Nifty outperformance, Positive across 1M/3M/6M",13.28,Profit Booking Zone,78.48,833.38,1238.46,48.61,100.0,80.0% of closes stayed inside the range | Range width 48.6% | Currently 100.0% through the range,23.43,11.73,8.74,9.72,37.44,93.23,6.56,2.17,1.91,334.5,105.02,257.45,143.08,19.086,13.3748,2.0866,11.0,0.559,4294.57,20.46,Capital Goods / Infra,13.0,20.0,20.0,17.0,15.0,85.0,1.0,"Strong ROE, Cash covers debt",,5.0,90.0,Strong order-book-driven revenue growth,54.47,3.0,Low volume participation,76.67,High Conviction,"Above 50 DMA, Above 200 DMA, Healthy RSI momentum, Near 52W high momentum, Strong ROE, Cash covers debt, Strong 1M absolute return, Strong 3M absolute return, Strong 6M absolute return, 1M Nifty outperformance, 3M Nifty outperformance, 6M Nifty outperformance, Positive across 1M/3M/6M, 80.0% of closes stayed inside the range | Range width 48.6% | Currently 100.0% through the range"
DSSL,Technology,Information Technology Services,1251.77,0.46,253.5,1466.95,393.8,14.67,61.63,1209.46,859.23,38067.55,36152.0,0.95,Bullish,65.0,"Above 50 DMA, Above 200 DMA, Healthy RSI momentum, Near 52W high momentum, Positive day move",12.79,21.6,103.2,7.43,8.23,11.59,5.36,13.37,91.61,100.0,"Strong 1M absolute return, Strong 3M absolute return, Strong 6M absolute return, 1M Nifty outperformance, 3M Nifty outperformance, 6M Nifty outperformance, Positive across 1M/3M/6M",17.31,Profit Booking Zone,73.61,667.3,1253.28,87.81,99.74,80.0% of closes stayed inside the range | Range width 87.8% | Currently 99.7% through the range,34.15,9.16,7.48,5.25,27.35,60.92,22.69,1.39,1.22,0.8,35.77,29.25,28.7,16.0333,,4.306,5.0,0.767,1362.74,12.87,IT / Technology,12.0,20.0,11.0,17.0,10.0,70.0,1.0,Strong ROE,,5.0,75.0,Strong ROE for an asset-light business,56.85,0.0,,76.03,High Conviction,"Above 50 DMA, Above 200 DMA, Healthy RSI momentum, Near 52W high momentum, Positive day move, Strong ROE, Strong 1M absolute return, Strong 3M absolute return, Strong 6M absolute return, 1M Nifty outperformance, 3M Nifty outperformance, 6M Nifty outperformance, Positive across 1M/3M/6M, 80.0% of closes stayed inside the range | Range width 87.8% | Currently 99.7% through the range"
DRCSYSTEMS,Technology,Information Technology Services,28.23,0.0,8.57,33.7,229.53,16.23,61.25,22.67,18.29,983216.75,139706.0,0.14,Bullish,50.0,"Above 50 DMA, Above 200 DMA, Healthy RSI momentum",38.38,41.86,107.07,7.43,8.23,11.59,30.95,33.63,95.48,100.0,"Strong 1M absolute return, Strong 3M absolute return, Strong 6M absolute return, 1M Nifty outperformance, 3M Nifty outperformance, 6M Nifty outperformance, Positive across 1M/3M/6M",17.31,Profit Booking Zone,75.35,17.43,28.23,61.93,100.0,80.8% of closes stayed inside the range | Range width 61.9% | Currently 100.0% through the range,24.37,14.83,25.86,24.44,86.08,74.09,1.57,1.03,,4.14,0.75,27.8,3.31,8.7055,,1.6272,,0.614,183.13,35.54,IT / Technology,23.0,20.0,14.0,17.0,10.0,84.0,0.86,"Strong ROE, Cash covers debt",,10.0,94.0,"Strong ROE for an asset-light business, Strong operating margin",56.85,3.0,Low volume participation,75.93,High Conviction,"Above 50 DMA, Above 200 DMA, Healthy RSI momentum, Strong ROE, Cash covers debt, Strong 1M absolute return, Strong 3M absolute return, Strong 6M absolute return, 1M Nifty outperformance, 3M Nifty outperformance, 6M Nifty outperformance, Positive across 1M/3M/6M, 80.8% of closes stayed inside the range | Range width 61.9% | Currently 100.0% through the range"
AMJLAND,Real Estate,Real Estate - Development,47.76,11.92,18.4,50.38,159.59,5.2,79.33,39.23,37.05,291687.5,2861853.0,9.81,Bullish,72.0,"Above 50 DMA, Above 200 DMA, Strong but overbought RSI, Near 52W high momentum, Strong volume expansion, Strong positive day move",27.07,27.24,24.29,7.43,8.23,11.59,19.64,19.01,12.7,80.0,"Strong 1M absolute return, Strong 3M absolute return, Positive 6M return, 1M Nifty outperformance, 3M Nifty outperformance, Positive across 1M/3M/6M",53.57,Breakout Watch,85.84,35.56,41.35,16.31,100.0,80.0% of closes stayed inside the range | Range width 16.3% | Currently 100.0% through the range | Above upper band on elevated volume,6.2,4.83,21.41,19.65,59.75,62.94,8.38,3.43,2.1,13.3,15.0,23.83,23.73,10.7278,,0.7437,52.0,0.333,158.34,56.25,Cement / Realty,11.0,20.0,17.0,17.0,12.0,77.0,1.0,,,2.0,79.0,General low-debt support,65.69,0.0,,75.5,High Conviction,"Above 50 DMA, Above 200 DMA, Strong but overbought RSI, Near 52W high momentum, Strong volume expansion, Strong positive day move, Strong 1M absolute return, Strong 3M absolute return, Positive 6M return, 1M Nifty outperformance, 3M Nifty outperformance, Positive across 1M/3M/6M, 80.0% of closes stayed inside the range | Range width 16.3% | Currently 100.0% through the range | Above upper band on elevated volume"
AMRUTANJAN,Healthcare,Drug Manufacturers - Specialty & Generic,780.53,2.72,542.99,814.64,43.75,4.19,64.91,725.04,636.16,60632.0,58220.0,0.96,Bullish,70.0,"Above 50 DMA, Above 200 DMA, Healthy RSI momentum, Near 52W high momentum, Strong positive day move",11.33,24.8,31.94,7.43,8.23,11.59,3.9,16.57,20.35,95.0,"Strong 1M absolute return, Strong 3M absolute return, Strong 6M absolute return, 3M Nifty outperformance, 6M Nifty outperformance, Positive across 1M/3M/6M",12.5,Profit Booking Zone,83.56,579.65,746.03,28.7,100.0,80.0% of closes stayed inside the range | Range width 28.7% | Currently 100.0% through the range,15.59,12.26,11.43,10.7,11.08,12.9,0.6,4.23,3.82,25.76,1.73,27.91,21.19,27.5442,,4.0164,1.46,0.379,1486.19,51.27,Pharma / Healthcare,15.0,10.0,20.0,17.0,7.0,69.0,1.0,Cash covers debt,,2.0,71.0,General low-debt support,57.8,0.0,,74.77,Strong,"Above 50 DMA, Above 200 DMA, Healthy RSI momentum, Near 52W high momentum, Strong positive day move, Cash covers debt, Strong 1M absolute return, Strong 3M absolute return, Strong 6M absolute return, 3M Nifty outperformance, 6M Nifty outperformance, Positive across 1M/3M/6M, 80.0% of closes stayed inside the range | Range width 28.7% | Currently 100.0% through the range"
BRIGADE,Real Estate,Real Estate - Development,1030.6,1.21,319.48,1081.58,222.59,4.71,59.58,911.86,690.64,703135.8,1154579.0,1.64,Bullish,75.0,"Above 50 DMA, Above 200 DMA, Healthy RSI momentum, Near 52W high momentum, Volume expansion, Positive day move",14.47,45.62,54.06,7.43,8.23,11.59,7.04,37.39,42.47,100.0,"Strong 1M absolute return, Strong 3M absolute return, Strong 6M absolute return, 1M Nifty outperformance, 3M Nifty outperformance, 6M Nifty outperformance, Positive across 1M/3M/6M",21.43,Profit Booking Zone,81.85,687.7,1011.67,47.11,100.0,80.0% of closes stayed inside the range | Range width 47.1% | Currently 100.0% through the range,12.84,2.52,18.23,9.28,43.25,54.97,167.41,1.21,0.35,470.33,5886.43,333.98,65.43,33.2256,17.1705,30.7106,30.0,0.16,20947.78,52.99,Cement / Realty,12.0,20.0,2.0,17.0,9.0,60.0,1.0,,,0.0,60.0,,65.69,0.0,,74.6,Strong,"Above 50 DMA, Above 200 DMA, Healthy RSI momentum, Near 52W high momentum, Volume expansion, Positive day move, Strong 1M absolute return, Strong 3M absolute return, Strong 6M absolute return, 1M Nifty outperformance, 3M Nifty outperformance, 6M Nifty outperformance, Positive across 1M/3M/6M, 80.0% of closes stayed inside the range | Range width 47.1% | Currently 100.0% through the range"
CDSL,Financial Services,Capital Markets,1129.82,0.02,423.05,1236.27,167.06,8.61,63.51,1028.51,882.0,4772712.1,3093812.0,0.65,Bullish,65.0,"Above 50 DMA, Above 200 DMA, Healthy RSI momentum, Near 52W high momentum, Positive day move",17.89,23.66,26.52,7.43,8.23,11.59,10.46,15.43,14.93,80.0,"Strong 1M absolute return, Strong 3M absolute return, Positive 6M return, 1M Nifty outperformance, 3M Nifty outperformance, Positive across 1M/3M/6M",36.59,Profit Booking Zone,83.59,860.02,1044.88,21.49,100.0,80.0% of closes stayed inside the range | Range width 21.5% | Currently 100.0% through the range,28.64,23.52,56.9,51.6,46.33,51.88,0.09,3.33,,11.81,1.36,385.94,312.49,62.4867,47.5629,15.0871,90.0,0.388,29567.23,100.0,Financial Services,25.0,20.0,17.0,17.0,5.0,84.0,0.93,"Strong ROE, Cash covers debt",,2.0,86.0,"Strong ROE for a leveraged-balance-sheet business, Expensive relative to book value for this sector",53.67,0.0,,74.4,Strong,"Above 50 DMA, Above 200 DMA, Healthy RSI momentum, Near 52W high momentum, Positive day move, Strong ROE, Cash covers debt, Strong 1M absolute return, Strong 3M absolute return, Positive 6M return, 1M Nifty outperformance, 3M Nifty outperformance, Positive across 1M/3M/6M, 80.0% of closes stayed inside the range | Range width 21.5% | Currently 100.0% through the range"
DLINKINDIA,Technology,Communication Equipment,477.56,-3.75,140.91,506.99,238.91,5.81,68.98,364.62,297.88,1171762.55,1470508.0,1.25,Bullish,65.0,"Above 50 DMA, Above 200 DMA, Healthy RSI momentum, Near 52W high momentum, Normal volume support",30.69,86.51,65.0,7.43,8.23,11.59,23.26,78.28,53.41,100.0,"Strong 1M absolute return, Strong 3M absolute return, Strong 6M absolute return, 1M Nifty outperformance, 3M Nifty outperformance, 6M Nifty outperformance, Positive across 1M/3M/6M",17.31,Profit Booking Zone,77.51,253.77,411.2,62.03,100.0,80.0% of closes stayed inside the range | Range width 62.0% | Currently 100.0% through the range,21.29,13.33,9.0,7.5,4.65,7.26,1.76,2.52,2.2,18.24,7.67,120.54,119.54,14.4948,,3.1121,9.36,0.362,1573.75,14.3,IT / Technology,14.0,4.0,20.0,17.0,10.0,65.0,1.0,"Strong ROE, Cash covers debt",,5.0,70.0,Strong ROE for an asset-light business,56.85,0.0,,74.28,Strong,"Above 50 DMA, Above 200 DMA, Healthy RSI momentum, Near 52W high momentum, Normal volume support, Strong ROE, Cash covers debt, Strong 1M absolute return, Strong 3M absolute return, Strong 6M absolute return, 1M Nifty outperformance, 3M Nifty outperformance, 6M Nifty outperformance, Positive across 1M/3M/6M, 80.0% of closes stayed inside the range | Range width 62.0% | Currently 100.0% through the range"
AFSL,Financial Services,Capital Markets,491.1,0.13,180.1,509.9,172.68,3.69,65.51,432.82,351.8,293430.8,411256.0,1.4,Bullish,75.0,"Above 50 DMA, Above 200 DMA, Healthy RSI momentum, Near 52W high momentum, Volume expansion, Positive day move",24.25,75.83,54.6,7.43,8.23,11.59,16.82,67.6,43.01,100.0,"Strong 1M absolute return, Strong 3M absolute return, Strong 6M absolute return, 1M Nifty outperformance, 3M Nifty outperformance, 6M Nifty outperformance, Positive across 1M/3M/6M",12.2,Breakout Watch,79.16,280.85,463.53,65.05,100.0,80.0% of closes stayed inside the range | Range width 65.0% | Currently 100.0% through the range | Above upper band on elevated volume,9.59,3.08,11.36,6.67,18.28,26.96,99.84,1.6,1.57,222.22,929.36,33.41,32.63,7.9879,,0.8589,,-0.078,1077.4,1.45,Financial Services,8.0,18.0,11.0,17.0,10.0,64.0,0.93,,,0.0,64.0,,53.67,0.0,,74.2,Strong,"Above 50 DMA, Above 200 DMA, Healthy RSI momentum, Near 52W high momentum, Volume expansion, Positive day move, Strong 1M absolute return, Strong 3M absolute return, Strong 6M absolute return, 1M Nifty outperformance, 3M Nifty outperformance, 6M Nifty outperformance, Positive across 1M/3M/6M, 80.0% of closes stayed inside the range | Range width 65.0% | Currently 100.0% through the range | Above upper band on elevated volume"
ADVENZYMES,Basic Materials,Specialty Chemicals,389.01,6.25,213.46,410.46,82.24,5.23,61.18,367.43,347.47,366144.3,953782.0,2.6,Bullish,85.0,"Above 50 DMA, Above 200 DMA, Healthy RSI momentum, Near 52W high momentum, Strong volume expansion, Strong positive day move",13.11,10.44,7.06,7.43,8.23,11.59,5.68,2.21,-4.53,55.0,"Strong 1M absolute return, Positive 3M return, Positive 6M return, 1M Nifty outperformance, Positive across 1M/3M/6M",55.0,Profit Booking Zone,89.35,346.41,384.93,11.12,100.0,80.0% of closes stayed inside the range | Range width 11.1% | Currently 100.0% through the range,10.07,8.68,27.72,21.38,15.38,26.19,3.57,7.61,6.22,113.75,47.31,141.37,94.06,20.1208,16.2935,2.0562,85.0,0.695,3338.09,72.39,Chemicals,18.0,18.0,20.0,17.0,13.0,86.0,1.0,Cash covers debt,,2.0,88.0,General low-debt support,53.22,0.0,,73.78,Strong,"Above 50 DMA, Above 200 DMA, Healthy RSI momentum, Near 52W high momentum, Strong volume expansion, Strong positive day move, Cash covers debt, Strong 1M absolute return, Positive 3M return, Positive 6M return, 1M Nifty outperformance, Positive across 1M/3M/6M, 80.0% of closes stayed inside the range | Range width 11.1% | Currently 100.0% through the range"
CONCORDBIO,Healthcare,Biotechnology,1695.87,7.99,884.07,1723.62,91.82,1.61,71.62,1497.76,1358.92,79847.45,213822.0,2.68,Bullish,72.0,"Above 50 DMA, Above 200 DMA, Strong but overbought RSI, Near 52W high momentum, Strong volume expansion, Strong positive day move",16.18,15.99,19.11,7.43,8.23,11.59,8.75,7.76,7.52,55.0,"Strong 1M absolute return, Positive 3M return, Positive 6M return, 1M Nifty outperformance, Positive across 1M/3M/6M",52.5,Breakout Watch,86.32,1375.13,1555.39,13.11,100.0,80.0% of closes stayed inside the range | Range width 13.1% | Currently 100.0% through the range | Above upper band on elevated volume,20.18,18.12,38.7,30.87,20.16,28.33,0.64,6.3,4.84,15.14,9.74,265.47,179.78,50.9845,34.8171,7.6818,51.0,0.355,15494.71,64.56,IT / Technology,23.0,18.0,20.0,17.0,7.0,85.0,1.0,"Strong ROE, Cash covers debt",,10.0,95.0,"Strong ROE for an asset-light business, Strong operating margin",57.8,0.0,,73.67,Strong,"Above 50 DMA, Above 200 DMA, Strong but overbought RSI, Near 52W high momentum, Strong volume expansion, Strong positive day move, Strong ROE, Cash covers debt, Strong 1M absolute return, Positive 3M return, Positive 6M return, 1M Nifty outperformance, Positive across 1M/3M/6M, 80.0% of closes stayed inside the range | Range width 13.1% | Currently 100.0% through the range | Above upper band on elevated volume"
ASHIANA,Real Estate,Real Estate - Development,413.35,-3.49,125.82,461.63,228.53,10.46,55.01,380.78,292.38,251019.45,215044.0,0.86,Bullish,60.0,"Above 50 DMA, Above 200 DMA, Healthy RSI momentum, Near 52W high momentum",19.51,39.52,54.88,7.43,8.23,11.59,12.08,31.29,43.29,100.0,"Strong 1M absolute return, Strong 3M absolute return, Strong 6M absolute return, 1M Nifty outperformance, 3M Nifty outperformance, 6M Nifty outperformance, Positive across 1M/3M/6M",21.43,Profit Booking Zone,78.22,272.54,409.72,50.33,100.0,80.0% of closes stayed inside the range | Range width 50.3% | Currently 100.0% through the range,10.83,3.47,9.51,8.92,133.88,199.15,19.23,1.58,0.52,96.12,148.15,212.31,180.63,30.6567,21.4419,4.0718,68.0,0.414,3707.36,32.28,Cement / Realty,5.0,20.0,13.0,17.0,11.0,66.0,1.0,,,2.0,68.0,General low-debt support,65.69,0.0,,73.65,Strong,"Above 50 DMA, Above 200 DMA, Healthy RSI momentum, Near 52W high momentum, Strong 1M absolute return, Strong 3M absolute return, Strong 6M absolute return, 1M Nifty outperformance, 3M Nifty outperformance, 6M Nifty outperformance, Positive across 1M/3M/6M, 80.0% of closes stayed inside the range | Range width 50.3% | Currently 100.0% through the range"
CMSINFO,Industrials,Specialty Business Services,493.52,-0.82,240.24,509.07,105.43,3.05,70.56,430.15,380.21,1114014.1,402894.0,0.36,Bullish,47.0,"Above 50 DMA, Above 200 DMA, Strong but overbought RSI, Near 52W high momentum",16.94,24.92,38.59,7.43,8.23,11.59,9.51,16.69,27.0,100.0,"Strong 1M absolute return, Strong 3M absolute return, Strong 6M absolute return, 1M Nifty outperformance, 3M Nifty outperformance, 6M Nifty outperformance, Positive across 1M/3M/6M",13.28,Profit Booking Zone,78.61,355.08,459.98,29.54,100.0,80.0% of closes stayed inside the range | Range width 29.5% | Currently 100.0% through the range,17.83,13.06,24.3,15.33,18.28,16.79,9.29,2.93,2.7,159.01,180.86,439.89,331.52,13.6417,9.5492,1.639,2.08,0.329,3882.34,93.16,Capital Goods / Infra,19.0,16.0,17.0,17.0,15.0,84.0,1.0,,,5.0,89.0,Strong order-book-driven revenue growth,54.47,3.0,Low volume participation,73.07,Strong,"Above 50 DMA, Above 200 DMA, Strong but overbought RSI, Near 52W high momentum, Strong 1M absolute return, Strong 3M absolute return, Strong 6M absolute return, 1M Nifty outperformance, 3M Nifty outperformance, 6M Nifty outperformance, Positive across 1M/3M/6M, 80.0% of closes stayed inside the range | Range width 29.5% | Currently 100.0% through the range"
BIKAJI,Consumer Defensive,Packaged Foods,712.26,-1.64,301.01,744.6,136.62,4.34,64.52,607.21,543.48,634854.25,361864.0,0.57,Bullish,60.0,"Above 50 DMA, Above 200 DMA, Healthy RSI momentum, Near 52W high momentum",12.44,36.04,28.1,7.43,8.23,11.59,5.01,27.81,16.51,95.0,"Strong 1M absolute return, Strong 3M absolute return, Positive 6M return, 1M Nifty outperformance, 3M Nifty outperformance, 6M Nifty outperformance, Positive across 1M/3M/6M",15.15,Profit Booking Zone,79.44,504.06,713.53,41.56,99.39,80.0% of closes stayed inside the range | Range width 41.6% | Currently 99.4% through the range,21.81,17.33,14.89,11.89,13.8,93.71,13.65,2.28,1.9,8.65,166.34,244.68,116.38,60.1946,44.3151,9.655,20.0,0.237,15515.57,34.81,FMCG / Consumer,17.0,15.0,17.0,17.0,5.0,71.0,1.0,Strong ROE,,8.0,79.0,"Strong ROE for a consumer staples business, Low debt, typical of a healthy consumer business",44.26,0.0,,73.04,Strong,"Above 50 DMA, Above 200 DMA, Healthy RSI momentum, Near 52W high momentum, Strong ROE, Strong 1M absolute return, Strong 3M absolute return, Positive 6M return, 1M Nifty outperformance, 3M Nifty outperformance, 6M Nifty outperformance, Positive across 1M/3M/6M, 80.0% of closes stayed inside the range | Range width 41.6% | Currently 99.4% through the range"
DOMS,Industrials,Business Equipment & Supplies,2177.4,1.62,1221.0,2266.46,78.33,3.93,74.64,1888.32,,111675.35,148509.0,1.33,Bullish,47.0,"Above 50 DMA, Strong but overbought RSI, Near 52W high momentum, Volume expansion, Positive day move",18.2,36.95,71.67,7.43,8.23,11.59,10.77,28.72,60.08,100.0,"Strong 1M absolute return, Strong 3M absolute return, Strong 6M absolute return, 1M Nifty outperformance, 3M Nifty outperformance, 6M Nifty outperformance, Positive across 1M/3M/6M",13.28,Breakout Watch,77.32,1410.9,1948.68,38.12,100.0,80.0% of closes stayed inside the range | Range width 38.1% | Currently 100.0% through the range | Above upper band on elevated volume,18.8,12.87,14.47,10.0,26.75,59.84,21.11,2.97,1.88,56.45,171.9,182.49,29.03,62.1158,41.8831,10.9392,17.0,-0.285,13344.76,42.47,Capital Goods / Infra,17.0,20.0,15.0,17.0,5.0,74.0,1.0,Strong ROE,,5.0,79.0,Strong order-book-driven revenue growth,54.47,0.0,,72.57,Strong,"Above 50 DMA, Strong but overbought RSI, Near 52W high momentum, Volume expansion, Positive day move, Strong ROE, Strong 1M absolute return, Strong 3M absolute return, Strong 6M absolute return, 1M Nifty outperformance, 3M Nifty outperformance, 6M Nifty outperformance, Positive across 1M/3M/6M, 80.0% of closes stayed inside the range | Range width 38.1% | Currently 100.0% through the range | Above upper band on elevated volume"
BEML,Industrials,Conglomerates,2297.42,2.01,554.57,2393.25,314.27,4.0,60.75,2007.07,1527.07,1812369.4,1941884.0,1.07,Bullish,75.0,"Above 50 DMA, Above 200 DMA, Healthy RSI momentum, Near 52W high momentum, Normal volume support, Strong positive day move",26.32,42.65,65.11,7.43,8.23,11.59,18.89,34.42,53.52,100.0,"Strong 1M absolute return, Strong 3M absolute return, Strong 6M absolute return, 1M Nifty outperformance, 3M Nifty outperformance, 6M Nifty outperformance, Positive across 1M/3M/6M",13.28,Profit Booking Zone,81.48,1491.51,2230.88,49.57,100.0,80.0% of closes stayed inside the range | Range width 49.6% | Currently 100.0% through the range,10.56,5.18,9.79,7.11,4.36,78.45,2.66,2.46,1.27,8.02,70.9,457.71,356.51,92.5793,27.4347,5.635,65.0,0.676,16532.03,46.85,Capital Goods / Infra,7.0,12.0,16.0,17.0,7.0,59.0,1.0,,Very high PE,0.0,59.0,,54.47,0.0,,72.57,Strong,"Above 50 DMA, Above 200 DMA, Healthy RSI momentum, Near 52W high momentum, Normal volume support, Strong positive day move, Strong 1M absolute return, Strong 3M absolute return, Strong 6M absolute return, 1M Nifty outperformance, 3M Nifty outperformance, 6M Nifty outperformance, Positive across 1M/3M/6M, 80.0% of closes stayed inside the range | Range width 49.6% | Currently 100.0% through the range"
BEPL,Basic Materials,Chemicals,130.28,1.85,46.55,133.67,179.89,2.54,75.77,96.88,90.13,3771121.2,6022673.0,1.6,Bullish,62.0,"Above 50 DMA, Above 200 DMA, Strong but overbought RSI, Near 52W high momentum, Volume expansion, Positive day move",52.98,51.04,42.8,7.43,8.23,11.59,45.55,42.81,31.21,100.0,"Strong 1M absolute return, Strong 3M absolute return, Strong 6M absolute return, 1M Nifty outperformance, 3M Nifty outperformance, 6M Nifty outperformance, Positive across 1M/3M/6M",8.33,Breakout Watch,81.92,82.26,105.65,28.44,100.0,80.0% of closes stayed inside the range | Range width 28.4% | Currently 100.0% through the range | Above upper band on elevated volume,19.44,16.99,16.56,14.68,-10.34,31.16,,7.13,5.95,103.78,,231.01,209.63,15.3632,21.2234,2.8377,3.24,0.188,3073.9,32.7,Chemicals,19.0,10.0,8.0,17.0,12.0,66.0,0.93,Strong ROE,Revenue contraction,2.0,68.0,General quality ROE,53.22,0.0,,72.28,Strong,"Above 50 DMA, Above 200 DMA, Strong but overbought RSI, Near 52W high momentum, Volume expansion, Positive day move, Strong ROE, Strong 1M absolute return, Strong 3M absolute return, Strong 6M absolute return, 1M Nifty outperformance, 3M Nifty outperformance, 6M Nifty outperformance, Positive across 1M/3M/6M, 80.0% of closes stayed inside the range | Range width 28.4% | Currently 100.0% through the range | Above upper band on elevated volume"
20MICRONS,Basic Materials,Other Industrial Metals & Mining,223.76,-0.16,61.61,231.14,263.16,3.2,69.67,180.13,160.26,670383.4,348402.0,0.52,Bullish,60.0,"Above 50 DMA, Above 200 DMA, Healthy RSI momentum, Near 52W high momentum",33.98,48.99,26.81,7.43,8.23,11.59,26.55,40.76,15.22,95.0,"Strong 1M absolute return, Strong 3M absolute return, Positive 6M return, 1M Nifty outperformance, 3M Nifty outperformance, 6M Nifty outperformance, Positive across 1M/3M/6M",17.5,Profit Booking Zone,81.34,142.99,185.2,29.52,100.0,80.0% of closes stayed inside the range | Range width 29.5% | Currently 100.0% through the range,15.89,9.51,11.85,7.23,10.73,34.08,34.52,1.75,1.16,48.75,121.85,54.44,34.56,11.5685,,1.6198,56.0,0.717,783.36,47.23,Metals / Mining,14.0,15.0,13.0,17.0,12.0,71.0,1.0,,,2.0,73.0,General low-debt support,53.22,0.0,,72.28,Strong,"Above 50 DMA, Above 200 DMA, Healthy RSI momentum, Near 52W high momentum, Strong 1M absolute return, Strong 3M absolute return, Positive 6M return, 1M Nifty outperformance, 3M Nifty outperformance, 6M Nifty outperformance, Positive across 1M/3M/6M, 80.0% of closes stayed inside the range | Range width 29.5% | Currently 100.0% through the range"
BASF,Basic Materials,Specialty Chemicals,5154.9,-1.81,2157.9,5308.97,138.88,2.9,64.27,4436.61,3337.37,55100.35,58847.0,1.07,Bullish,65.0,"Above 50 DMA, Above 200 DMA, Healthy RSI momentum, Near 52W high momentum, Normal volume support",25.18,44.98,69.93,7.43,8.23,11.59,17.75,36.75,58.34,100.0,"Strong 1M absolute return, Strong 3M absolute return, Strong 6M absolute return, 1M Nifty outperformance, 3M Nifty outperformance, 6M Nifty outperformance, Positive across 1M/3M/6M",8.33,Profit Booking Zone,77.38,3003.13,4891.65,62.89,100.0,80.0% of closes stayed inside the range | Range width 62.9% | Currently 100.0% through the range,17.47,7.79,5.47,4.1,0.9,39.81,4.84,1.59,1.04,621.87,156.07,807.24,706.31,26.9725,22.119,4.2096,65.0,0.379,16659.34,16.98,Chemicals,6.0,10.0,18.0,17.0,11.0,62.0,1.0,Cash covers debt,,2.0,64.0,General low-debt support,53.22,0.0,,71.63,Strong,"Above 50 DMA, Above 200 DMA, Healthy RSI momentum, Near 52W high momentum, Normal volume support, Cash covers debt, Strong 1M absolute return, Strong 3M absolute return, Strong 6M absolute return, 1M Nifty outperformance, 3M Nifty outperformance, 6M Nifty outperformance, Positive across 1M/3M/6M, 80.0% of closes stayed inside the range | Range width 62.9% | Currently 100.0% through the range"
ALEMBICLTD,Real Estate,Real Estate - Development,108.58,-0.2,50.35,111.01,115.62,2.19,67.46,94.44,85.86,2362554.65,1187909.0,0.5,Bullish,60.0,"Above 50 DMA, Above 200 DMA, Healthy RSI momentum, Near 52W high momentum",22.26,24.09,27.23,7.43,8.23,11.59,14.83,15.86,15.64,95.0,"Strong 1M absolute return, Strong 3M absolute return, Positive 6M return, 1M Nifty outperformance, 3M Nifty outperformance, 6M Nifty outperformance, Positive across 1M/3M/6M",42.86,Profit Booking Zone,82.75,82.03,98.55,20.14,100.0,80.0% of closes stayed inside the range | Range width 20.1% | Currently 100.0% through the range,12.29,11.53,33.32,182.58,24.32,40.9,0.42,1.52,0.5,1.26,9.15,22.69,-33.6,8.2337,2.0088,1.0506,2.4,0.641,2568.85,65.41,Cement / Realty,20.0,18.0,13.0,9.0,15.0,75.0,1.0,,Negative free cash flow,2.0,77.0,General low-debt support,65.69,4.0,Negative free cash flow,71.55,Strong,"Above 50 DMA, Above 200 DMA, Healthy RSI momentum, Near 52W high momentum, Strong 1M absolute return, Strong 3M absolute return, Positive 6M return, 1M Nifty outperformance, 3M Nifty outperformance, 6M Nifty outperformance, Positive across 1M/3M/6M, 80.0% of closes stayed inside the range | Range width 20.1% | Currently 100.0% through the range"
DATAPATTNS,Industrials,Aerospace & Defense,3156.85,0.15,986.98,3419.15,219.85,7.67,64.73,2898.72,2305.37,642327.7,623284.0,0.97,Bullish,65.0,"Above 50 DMA, Above 200 DMA, Healthy RSI momentum, Near 52W high momentum, Positive day move",28.43,17.19,68.98,7.43,8.23,11.59,21.0,8.96,57.39,80.0,"Strong 1M absolute return, Positive 3M return, Strong 6M absolute return, 1M Nifty outperformance, 6M Nifty outperformance, Positive across 1M/3M/6M",39.84,Profit Booking Zone,77.82,1886.48,3018.25,59.99,100.0,80.0% of closes stayed inside the range | Range width 60.0% | Currently 100.0% through the range,13.72,10.74,39.7,34.95,14.63,46.54,0.26,4.0,3.24,88.13,3.5,139.38,52.18,96.2097,57.128,14.9147,22.0,0.538,25891.46,62.25,Capital Goods / Infra,20.0,15.0,20.0,17.0,5.0,77.0,1.0,Cash covers debt,Very high PE,0.0,77.0,,54.47,0.0,,71.37,Strong,"Above 50 DMA, Above 200 DMA, Healthy RSI momentum, Near 52W high momentum, Positive day move, Cash covers debt, Strong 1M absolute return, Positive 3M return, Strong 6M absolute return, 1M Nifty outperformance, 6M Nifty outperformance, Positive across 1M/3M/6M, 80.0% of closes stayed inside the range | Range width 60.0% | Currently 100.0% through the range"
BLS,Consumer Services,Unknown,366.0,-2.53,118.62,424.68,208.55,13.82,60.54,331.84,316.33,4165422.8,13027939.0,3.13,Bullish,75.0,"Above 50 DMA, Above 200 DMA, Healthy RSI momentum, Near 52W high momentum, Strong volume expansion",22.27,8.84,12.13,7.43,8.23,11.59,14.84,0.61,0.54,55.0,"Strong 1M absolute return, Positive 3M return, Positive 6M return, 1M Nifty outperformance, Positive across 1M/3M/6M",100.0,Neutral Range,81.14,313.66,386.87,23.34,71.49,80.0% of closes stayed inside the range | Range width 23.3% | Currently 71.5% through the range,25.92,19.36,19.71,18.66,10.59,55.89,2.53,7.7,7.69,414.12,30.6,349.85,286.0,,,,,,,,General,24.0,15.0,20.0,17.0,0.0,76.0,0.79,"Strong ROE, Cash covers debt",,4.0,80.0,"General quality ROE, General low-debt support",69.5,0.0,,70.92,Strong,"Above 50 DMA, Above 200 DMA, Healthy RSI momentum, Near 52W high momentum, Strong volume expansion, Strong ROE, Cash covers debt, Strong 1M absolute return, Positive 3M return, Positive 6M return, 1M Nifty outperformance, Positive across 1M/3M/6M, 80.0% of closes stayed inside the range | Range width 23.3% | Currently 71.5% through the range"
CIEINDIA,Consumer Cyclical,Auto Parts,580.85,0.61,239.43,591.28,142.6,1.76,67.91,514.66,471.2,468588.45,224945.0,0.48,Bullish,65.0,"Above 50 DMA, Above 200 DMA, Healthy RSI momentum, Near 52W high momentum, Positive day move",12.64,27.96,27.22,7.43,8.23,11.59,5.21,19.73,15.63,95.0,"Strong 1M absolute return, Strong 3M absolute return, Positive 6M return, 1M Nifty outperformance, 3M Nifty outperformance, 6M Nifty outperformance, Positive across 1M/3M/6M",16.22,Profit Booking Zone,82.43,427.68,552.71,29.23,100.0,80.0% of closes stayed inside the range | Range width 29.2% | Currently 100.0% through the range,18.79,11.53,12.79,12.77,7.09,926.31,14.29,1.01,0.64,209.54,855.41,1383.26,852.94,16.5023,13.6825,1.9106,1.8,,14793.24,53.4,Automobile,18.0,12.0,11.0,17.0,14.0,72.0,1.0,Strong ROE,,4.0,76.0,"General quality ROE, General low-debt support",47.22,3.0,Low volume participation,70.68,Strong,"Above 50 DMA, Above 200 DMA, Healthy RSI momentum, Near 52W high momentum, Positive day move, Strong ROE, Strong 1M absolute return, Strong 3M absolute return, Positive 6M return, 1M Nifty outperformance, 3M Nifty outperformance, 6M Nifty outperformance, Positive across 1M/3M/6M, 80.0% of closes stayed inside the range | Range width 29.2% | Currently 100.0% through the range"
CAMS,Technology,Information Technology Services,714.61,-1.96,379.51,736.68,88.3,3.0,58.92,658.41,559.18,1131181.0,656375.0,0.58,Bullish,60.0,"Above 50 DMA, Above 200 DMA, Healthy RSI momentum, Near 52W high momentum",8.22,16.91,40.43,7.43,8.23,11.59,0.79,8.68,28.84,63.0,"Positive 1M return, Positive 3M return, Strong 6M absolute return, 6M Nifty outperformance, Positive across 1M/3M/6M",42.31,Profit Booking Zone,81.58,535.82,685.28,27.89,100.0,80.0% of closes stayed inside the range | Range width 27.9% | Currently 100.0% through the range,38.67,25.01,38.24,31.12,16.95,23.98,10.53,3.25,,6.74,96.31,401.49,363.12,37.3164,29.1638,14.3056,1.73,0.21,18920.27,66.45,IT / Technology,25.0,16.0,14.0,17.0,6.0,78.0,0.93,Strong ROE,,10.0,88.0,"Strong ROE for an asset-light business, Strong operating margin",56.85,0.0,,70.08,Strong,"Above 50 DMA, Above 200 DMA, Healthy RSI momentum, Near 52W high momentum, Strong ROE, Positive 1M return, Positive 3M return, Strong 6M absolute return, 6M Nifty outperformance, Positive across 1M/3M/6M, 80.0% of closes stayed inside the range | Range width 27.9% | Currently 100.0% through the range"
CROWN,Industrials,Rental & Leasing Services,301.8,-2.36,28.85,325.05,946.23,7.15,66.2,243.45,150.57,26146.05,17070.0,0.65,Bullish,60.0,"Above 50 DMA, Above 200 DMA, Healthy RSI momentum, Near 52W high momentum",33.22,37.81,168.39,7.43,8.23,11.59,25.79,29.58,156.8,100.0,"Strong 1M absolute return, Strong 3M absolute return, Strong 6M absolute return, 1M Nifty outperformance, 3M Nifty outperformance, 6M Nifty outperformance, Positive across 1M/3M/6M",13.28,Profit Booking Zone,70.77,125.95,263.79,109.45,100.0,80.0% of closes stayed inside the range | Range width 109.5% | Currently 100.0% through the range,15.27,5.07,29.33,19.6,45.77,41.37,80.34,3.63,3.63,19.27,28.98,55.68,-3.7,14.8196,,1.5235,,0.47,115.26,66.68,Capital Goods / Infra,18.0,20.0,12.0,9.0,10.0,69.0,0.93,,Negative free cash flow,5.0,74.0,Strong order-book-driven revenue growth,54.47,4.0,Negative free cash flow,70.07,Strong,"Above 50 DMA, Above 200 DMA, Healthy RSI momentum, Near 52W high momentum, Strong 1M absolute return, Strong 3M absolute return, Strong 6M absolute return, 1M Nifty outperformance, 3M Nifty outperformance, 6M Nifty outperformance, Positive across 1M/3M/6M, 80.0% of closes stayed inside the range | Range width 109.5% | Currently 100.0% through the range"
BPL,Technology,Consumer Electronics,133.65,0.41,46.7,142.0,186.19,5.88,66.66,108.32,94.96,1283241.35,560946.0,0.44,Bullish,65.0,"Above 50 DMA, Above 200 DMA, Healthy RSI momentum, Near 52W high momentum, Positive day move",43.32,30.14,59.68,7.43,8.23,11.59,35.89,21.91,48.09,100.0,"Strong 1M absolute return, Strong 3M absolute return, Strong 6M absolute return, 1M Nifty outperformance, 3M Nifty outperformance, 6M Nifty outperformance, Positive across 1M/3M/6M",17.31,Profit Booking Zone,82.12,88.69,116.47,31.32,100.0,80.0% of closes stayed inside the range | Range width 31.3% | Currently 100.0% through the range,5.33,2.16,24.44,20.01,27.21,161.06,5.03,0.28,0.26,6.05,12.54,6.82,0.57,,,1.0438,,0.165,246.98,36.2,IT / Technology,11.0,20.0,9.0,17.0,4.0,61.0,0.86,,,5.0,66.0,Strong operating margin,56.85,3.0,Low volume participation,69.88,Strong,"Above 50 DMA, Above 200 DMA, Healthy RSI momentum, Near 52W high momentum, Positive day move, Strong 1M absolute return, Strong 3M absolute return, Strong 6M absolute return, 1M Nifty outperformance, 3M Nifty outperformance, 6M Nifty outperformance, Positive across 1M/3M/6M, 80.0% of closes stayed inside the range | Range width 31.3% | Currently 100.0% through the range"
ALMONDZ,Financial Services,Capital Markets,22.06,-1.27,9.83,25.28,124.37,12.74,56.06,19.98,17.56,1011048.6,321654.0,0.32,Bullish,60.0,"Above 50 DMA, Above 200 DMA, Healthy RSI momentum, Near 52W high momentum",23.37,16.89,51.12,7.43,8.23,11.59,15.94,8.66,39.53,80.0,"Strong 1M absolute return, Positive 3M return, Strong 6M absolute return, 1M Nifty outperformance, 6M Nifty outperformance, Positive across 1M/3M/6M",36.59,Profit Booking Zone,81.17,17.74,22.29,25.66,94.99,80.0% of closes stayed inside the range | Range width 25.7% | Currently 95.0% through the range,15.49,10.74,9.96,30.44,49.38,115.93,10.65,2.03,2.03,11.8,23.42,35.06,29.16,8.8796,,1.1253,,0.409,296.63,56.84,Financial Services,14.0,20.0,17.0,17.0,10.0,78.0,0.93,,,6.0,84.0,Strong ROE for a leveraged-balance-sheet business,53.67,3.0,Low volume participation,69.45,Strong,"Above 50 DMA, Above 200 DMA, Healthy RSI momentum, Near 52W high momentum, Strong 1M absolute return, Positive 3M return, Strong 6M absolute return, 1M Nifty outperformance, 6M Nifty outperformance, Positive across 1M/3M/6M, 80.0% of closes stayed inside the range | Range width 25.7% | Currently 95.0% through the range"
ARE&M,Industrials,Electrical Equipment & Parts,1647.6,-0.89,459.49,1732.94,258.57,4.92,71.36,1249.47,865.43,4910540.95,929259.0,0.19,Bullish,47.0,"Above 50 DMA, Above 200 DMA, Strong but overbought RSI, Near 52W high momentum",38.7,112.4,105.8,7.43,8.23,11.59,31.27,104.17,94.21,100.0,"Strong 1M absolute return, Strong 3M absolute return, Strong 6M absolute return, 1M Nifty outperformance, 3M Nifty outperformance, 6M Nifty outperformance, Positive across 1M/3M/6M",13.28,Profit Booking Zone,71.65,775.74,1364.84,75.94,100.0,80.0% of closes stayed inside the range | Range width 75.9% | Currently 100.0% through the range,13.74,10.41,10.21,8.02,12.71,27.85,2.3,2.24,1.11,98.34,156.69,1266.02,394.57,18.3025,15.7433,2.0821,1.16,0.822,16863.04,31.52,Capital Goods / Infra,14.0,15.0,16.0,17.0,14.0,76.0,1.0,,,0.0,76.0,,54.47,3.0,Low volume participation,68.52,Strong,"Above 50 DMA, Above 200 DMA, Strong but overbought RSI, Near 52W high momentum, Strong 1M absolute return, Strong 3M absolute return, Strong 6M absolute return, 1M Nifty outperformance, 3M Nifty outperformance, 6M Nifty outperformance, Positive across 1M/3M/6M, 80.0% of closes stayed inside the range | Range width 75.9% | Currently 100.0% through the range"
CARBORUNIV,Industrials,Conglomerates,1693.29,0.6,776.85,1823.05,117.97,7.12,56.51,1587.42,1248.63,210275.95,175562.0,0.83,Bullish,65.0,"Above 50 DMA, Above 200 DMA, Healthy RSI momentum, Near 52W high momentum, Positive day move",9.74,29.45,56.1,7.43,8.23,11.59,2.31,21.22,44.51,88.0,"Positive 1M return, Strong 3M absolute return, Strong 6M absolute return, 3M Nifty outperformance, 6M Nifty outperformance, Positive across 1M/3M/6M",30.47,Profit Booking Zone,78.27,1071.6,1682.08,56.97,100.0,80.0% of closes stayed inside the range | Range width 57.0% | Currently 100.0% through the range,14.76,11.11,12.47,9.97,0.59,11.42,3.9,3.23,1.96,554.88,122.05,601.51,366.25,102.2711,36.9883,5.4552,36.0,0.342,21275.64,56.52,Capital Goods / Infra,14.0,5.0,20.0,17.0,7.0,63.0,1.0,Cash covers debt,Very high PE,0.0,63.0,,54.47,0.0,,68.47,Strong,"Above 50 DMA, Above 200 DMA, Healthy RSI momentum, Near 52W high momentum, Positive day move, Cash covers debt, Positive 1M return, Strong 3M absolute return, Strong 6M absolute return, 3M Nifty outperformance, 6M Nifty outperformance, Positive across 1M/3M/6M, 80.0% of closes stayed inside the range | Range width 57.0% | Currently 100.0% through the range"
AAKASH,Energy,Oil & Gas Equipment & Services,15.68,-4.04,5.7,17.15,175.09,8.57,71.79,11.74,9.66,1230671.7,9088233.0,7.38,Bullish,62.0,"Above 50 DMA, Above 200 DMA, Strong but overbought RSI, Near 52W high momentum, Strong volume expansion",43.2,55.25,35.76,7.43,8.23,11.59,35.77,47.02,24.17,100.0,"Strong 1M absolute return, Strong 3M absolute return, Strong 6M absolute return, 1M Nifty outperformance, 3M Nifty outperformance, 6M Nifty outperformance, Positive across 1M/3M/6M",16.67,Breakout Watch,82.75,9.4,12.16,29.39,100.0,80.8% of closes stayed inside the range | Range width 29.4% | Currently 100.0% through the range | Above upper band on elevated volume,10.6,6.62,10.42,6.73,-0.37,36.81,44.39,1.21,,0.83,25.98,10.21,6.69,24.9429,,1.3522,,-0.112,88.39,83.1,Energy / Utilities,10.0,10.0,9.0,17.0,8.0,54.0,0.86,,Revenue contraction,2.0,56.0,General low-debt support,55.75,0.0,,68.46,Strong,"Above 50 DMA, Above 200 DMA, Strong but overbought RSI, Near 52W high momentum, Strong volume expansion, Strong 1M absolute return, Strong 3M absolute return, Strong 6M absolute return, 1M Nifty outperformance, 3M Nifty outperformance, 6M Nifty outperformance, Positive across 1M/3M/6M, 80.8% of closes stayed inside the range | Range width 29.4% | Currently 100.0% through the range | Above upper band on elevated volume"
BIOCON,Healthcare,Biotechnology,359.89,-0.04,189.7,365.71,89.72,1.59,66.97,319.64,273.3,7208363.6,4658012.0,0.65,Bullish,60.0,"Above 50 DMA, Above 200 DMA, Healthy RSI momentum, Near 52W high momentum",18.36,33.79,46.07,7.43,8.23,11.59,10.93,25.56,34.48,100.0,"Strong 1M absolute return, Strong 3M absolute return, Strong 6M absolute return, 1M Nifty outperformance, 3M Nifty outperformance, 6M Nifty outperformance, Positive across 1M/3M/6M",5.0,Profit Booking Zone,81.3,260.47,337.99,29.76,100.0,80.0% of closes stayed inside the range | Range width 29.8% | Currently 100.0% through the range,5.17,1.82,10.11,7.2,29.83,120.99,82.27,0.99,0.67,1233.4,16276.7,2953.9,1022.3,121.9881,37.3548,1.9563,12.0,0.31,,61.19,IT / Technology,6.0,20.0,4.0,17.0,9.0,56.0,1.0,,Very high PE,0.0,56.0,,57.8,0.0,,68.27,Strong,"Above 50 DMA, Above 200 DMA, Healthy RSI momentum, Near 52W high momentum, Strong 1M absolute return, Strong 3M absolute return, Strong 6M absolute return, 1M Nifty outperformance, 3M Nifty outperformance, 6M Nifty outperformance, Positive across 1M/3M/6M, 80.0% of closes stayed inside the range | Range width 29.8% | Currently 100.0% through the range"
CAPLIPOINT,Healthcare,Drug Manufacturers - Specialty & Generic,1422.59,0.12,567.62,1606.25,150.62,11.43,55.82,1345.63,1281.32,192470.05,118767.0,0.62,Bullish,65.0,"Above 50 DMA, Above 200 DMA, Healthy RSI momentum, Near 52W high momentum, Positive day move",11.11,9.21,4.4,7.43,8.23,11.59,3.68,0.98,-7.19,45.0,"Strong 1M absolute return, Positive 3M return, Positive 6M return, Positive across 1M/3M/6M",62.5,Neutral Range,80.73,1273.99,1472.14,15.55,74.99,80.0% of closes stayed inside the range | Range width 15.6% | Currently 75.0% through the range,19.74,16.94,29.65,27.21,15.53,21.48,0.09,5.72,4.62,545.77,1.97,318.39,172.57,29.0703,22.7389,5.4482,31.0,0.373,19133.66,59.97,Pharma / Healthcare,23.0,16.0,20.0,17.0,11.0,87.0,1.0,"Strong ROE, Cash covers debt",,4.0,91.0,"General quality ROE, General low-debt support",57.8,0.0,,68.02,Strong,"Above 50 DMA, Above 200 DMA, Healthy RSI momentum, Near 52W high momentum, Positive day move, Strong ROE, Cash covers debt, Strong 1M absolute return, Positive 3M return, Positive 6M return, Positive across 1M/3M/6M, 80.0% of closes stayed inside the range | Range width 15.6% | Currently 75.0% through the range"
BOSCHLTD,Consumer Cyclical,Auto Parts,34409.25,2.11,14441.46,35776.4,138.27,3.82,71.06,30603.24,24877.11,45774.7,27710.0,0.61,Bullish,57.0,"Above 50 DMA, Above 200 DMA, Strong but overbought RSI, Near 52W high momentum, Strong positive day move",14.28,14.1,60.76,7.43,8.23,11.59,6.85,5.87,49.17,80.0,"Strong 1M absolute return, Positive 3M return, Strong 6M absolute return, 1M Nifty outperformance, 6M Nifty outperformance, Positive across 1M/3M/6M",28.38,Profit Booking Zone,79.03,22490.94,31652.79,40.74,100.0,80.0% of closes stayed inside the range | Range width 40.7% | Currently 100.0% through the range,20.66,14.36,9.42,15.21,12.09,74.77,0.33,1.95,1.58,463.4,39.3,1258.4,928.9,60.4321,42.6321,9.6635,56.0,0.65,,33.55,Automobile,16.0,15.0,19.0,17.0,5.0,72.0,1.0,"Strong ROE, Cash covers debt",,4.0,76.0,"General quality ROE, General low-debt support",47.22,0.0,,67.93,Strong,"Above 50 DMA, Above 200 DMA, Strong but overbought RSI, Near 52W high momentum, Strong positive day move, Strong ROE, Cash covers debt, Strong 1M absolute return, Positive 3M return, Strong 6M absolute return, 1M Nifty outperformance, 6M Nifty outperformance, Positive across 1M/3M/6M, 80.0% of closes stayed inside the range | Range width 40.7% | Currently 100.0% through the range"
BLKASHYAP,Industrials,Engineering & Construction,94.94,3.14,22.75,98.8,317.32,3.91,68.55,75.92,69.51,3319188.3,1922181.0,0.58,Bullish,70.0,"Above 50 DMA, Above 200 DMA, Healthy RSI momentum, Near 52W high momentum, Strong positive day move",32.04,33.16,49.28,7.43,8.23,11.59,24.61,24.93,37.69,100.0,"Strong 1M absolute return, Strong 3M absolute return, Strong 6M absolute return, 1M Nifty outperformance, 3M Nifty outperformance, 6M Nifty outperformance, Positive across 1M/3M/6M",13.28,Profit Booking Zone,81.66,63.84,90.27,41.39,100.0,80.0% of closes stayed inside the range | Range width 41.4% | Currently 100.0% through the range,10.58,3.72,9.13,4.39,10.15,137.27,62.37,1.34,1.1,17.53,309.58,78.8,43.82,1952.3334,55.781,2.486,,0.321,1320.65,17.8,Capital Goods / Infra,2.0,15.0,8.0,17.0,7.0,49.0,0.93,,Very high PE,0.0,49.0,,54.47,0.0,,67.82,Strong,"Above 50 DMA, Above 200 DMA, Healthy RSI momentum, Near 52W high momentum, Strong positive day move, Strong 1M absolute return, Strong 3M absolute return, Strong 6M absolute return, 1M Nifty outperformance, 3M Nifty outperformance, 6M Nifty outperformance, Positive across 1M/3M/6M, 80.0% of closes stayed inside the range | Range width 41.4% | Currently 100.0% through the range"
ALIVUS,Healthcare,Drug Manufacturers - Specialty & Generic,906.88,-1.48,337.56,966.86,168.65,6.2,65.7,835.56,739.27,92756.4,95871.0,1.03,Bullish,65.0,"Above 50 DMA, Above 200 DMA, Healthy RSI momentum, Near 52W high momentum, Normal volume support",8.98,15.31,39.25,7.43,8.23,11.59,1.55,7.08,27.66,63.0,"Positive 1M return, Positive 3M return, Strong 6M absolute return, 6M Nifty outperformance, Positive across 1M/3M/6M",42.5,Profit Booking Zone,84.07,737.07,872.28,18.34,100.0,80.0% of closes stayed inside the range | Range width 18.3% | Currently 100.0% through the range,20.19,16.52,28.48,21.55,6.69,0.84,0.74,4.37,2.85,301.41,17.15,413.51,284.55,27.5382,21.4956,4.982,37.0,0.047,16576.6,59.42,Pharma / Healthcare,23.0,2.0,20.0,17.0,11.0,73.0,1.0,"Strong ROE, Cash covers debt",,4.0,77.0,"General quality ROE, General low-debt support",57.8,0.0,,67.62,Strong,"Above 50 DMA, Above 200 DMA, Healthy RSI momentum, Near 52W high momentum, Normal volume support, Strong ROE, Cash covers debt, Positive 1M return, Positive 3M return, Strong 6M absolute return, 6M Nifty outperformance, Positive across 1M/3M/6M, 80.0% of closes stayed inside the range | Range width 18.3% | Currently 100.0% through the range"
ACE,Industrials,Farm & Heavy Construction Machinery,1519.99,-0.06,246.23,1688.72,517.3,9.99,57.78,1453.67,1093.66,609341.15,347075.0,0.57,Bullish,60.0,"Above 50 DMA, Above 200 DMA, Healthy RSI momentum, Near 52W high momentum",12.93,-4.19,84.7,7.43,8.23,11.59,5.5,-12.42,73.11,60.0,"Strong 1M absolute return, Strong 6M absolute return, 1M Nifty outperformance, 6M Nifty outperformance",52.34,Profit Booking Zone,75.6,907.64,1521.04,67.58,99.83,80.0% of closes stayed inside the range | Range width 67.6% | Currently 99.8% through the range,26.68,15.13,13.82,11.28,34.87,91.24,0.36,1.38,0.78,48.21,4.46,433.42,258.37,31.0875,24.2166,6.7496,18.0,0.388,13576.32,32.23,Capital Goods / Infra,19.0,20.0,14.0,17.0,9.0,79.0,1.0,"Strong ROE, Cash covers debt",,5.0,84.0,Strong order-book-driven revenue growth,54.47,0.0,,67.57,Strong,"Above 50 DMA, Above 200 DMA, Healthy RSI momentum, Near 52W high momentum, Strong ROE, Cash covers debt, Strong 1M absolute return, Strong 6M absolute return, 1M Nifty outperformance, 6M Nifty outperformance, 80.0% of closes stayed inside the range | Range width 67.6% | Currently 99.8% through the range"
ALICON,Industrials,Metal Fabrication,1270.75,-2.46,631.99,1381.01,101.07,7.98,62.19,1056.75,909.11,55582.0,28384.0,0.51,Bullish,60.0,"Above 50 DMA, Above 200 DMA, Healthy RSI momentum, Near 52W high momentum",21.9,49.55,48.21,7.43,8.23,11.59,14.47,41.32,36.62,100.0,"Strong 1M absolute return, Strong 3M absolute return, Strong 6M absolute return, 1M Nifty outperformance, 3M Nifty outperformance, 6M Nifty outperformance, Positive across 1M/3M/6M",13.28,Profit Booking Zone,78.82,833.33,1218.98,46.28,100.0,80.0% of closes stayed inside the range | Range width 46.3% | Currently 100.0% through the range,11.05,4.99,7.87,4.1,11.94,19.34,59.58,1.36,1.09,11.11,330.79,157.74,48.08,30.7335,8.617,1.7812,88.0,0.549,1119.16,44.49,Metals / Mining,2.0,13.0,8.0,17.0,13.0,53.0,1.0,,,2.0,55.0,General low-debt support,54.47,0.0,,67.42,Strong,"Above 50 DMA, Above 200 DMA, Healthy RSI momentum, Near 52W high momentum, Strong 1M absolute return, Strong 3M absolute return, Strong 6M absolute return, 1M Nifty outperformance, 3M Nifty outperformance, 6M Nifty outperformance, Positive across 1M/3M/6M, 80.0% of closes stayed inside the range | Range width 46.3% | Currently 100.0% through the range"
ALBERTDAVD,Healthcare,Drug Manufacturers - Specialty & Generic,1286.8,-0.8,489.31,1573.36,162.98,18.21,57.6,1176.41,1060.16,22970.95,10274.0,0.45,Bullish,50.0,"Above 50 DMA, Above 200 DMA, Healthy RSI momentum",22.84,17.15,33.7,7.43,8.23,11.59,15.41,8.92,22.11,80.0,"Strong 1M absolute return, Positive 3M return, Strong 6M absolute return, 1M Nifty outperformance, 6M Nifty outperformance, Positive across 1M/3M/6M",22.5,Profit Booking Zone,75.81,1053.94,1358.37,28.88,76.49,80.0% of closes stayed inside the range | Range width 28.9% | Currently 76.5% through the range,19.69,15.14,11.4,20.93,5.96,108.49,0.87,3.75,3.31,5.44,3.32,45.5,34.63,22.7321,,1.3098,56.0,0.293,512.85,65.76,Pharma / Healthcare,20.0,12.0,20.0,17.0,10.0,79.0,1.0,"Strong ROE, Cash covers debt",,4.0,83.0,"General quality ROE, General low-debt support",57.8,3.0,Low volume participation,67.22,Strong,"Above 50 DMA, Above 200 DMA, Healthy RSI momentum, Strong ROE, Cash covers debt, Strong 1M absolute return, Positive 3M return, Strong 6M absolute return, 1M Nifty outperformance, 6M Nifty outperformance, Positive across 1M/3M/6M, 80.0% of closes stayed inside the range | Range width 28.9% | Currently 76.5% through the range"
ARVSMART,Real Estate,Real Estate - Development,714.79,0.92,209.2,750.39,241.68,4.74,59.91,669.94,515.89,101259.35,103828.0,1.03,Bullish,70.0,"Above 50 DMA, Above 200 DMA, Healthy RSI momentum, Near 52W high momentum, Normal volume support, Positive day move",24.79,-1.66,70.53,7.43,8.23,11.59,17.36,-9.89,58.94,60.0,"Strong 1M absolute return, Strong 6M absolute return, 1M Nifty outperformance, 6M Nifty outperformance",67.86,Profit Booking Zone,81.19,479.54,693.14,44.54,100.0,80.0% of closes stayed inside the range | Range width 44.5% | Currently 100.0% through the range,8.41,1.98,32.48,12.59,34.37,62.34,22.29,1.24,0.26,58.65,110.22,30.5,14.57,16.4241,18.9839,4.4771,34.0,0.293,3033.64,70.83,Cement / Realty,13.0,20.0,9.0,17.0,10.0,69.0,1.0,,,2.0,71.0,General low-debt support,65.69,0.0,,67.2,Strong,"Above 50 DMA, Above 200 DMA, Healthy RSI momentum, Near 52W high momentum, Normal volume support, Positive day move, Strong 1M absolute return, Strong 6M absolute return, 1M Nifty outperformance, 6M Nifty outperformance, 80.0% of closes stayed inside the range | Range width 44.5% | Currently 100.0% through the range"
3PLAND,Unknown,Unknown,37.54,2.51,14.5,41.52,158.9,9.59,68.32,31.55,29.93,50407.2,39615.0,0.79,Bullish,70.0,"Above 50 DMA, Above 200 DMA, Healthy RSI momentum, Near 52W high momentum, Strong positive day move",26.82,26.61,40.34,7.43,8.23,11.59,19.39,18.38,28.75,100.0,"Strong 1M absolute return, Strong 3M absolute return, Strong 6M absolute return, 1M Nifty outperformance, 3M Nifty outperformance, 6M Nifty outperformance, Positive across 1M/3M/6M",18.75,Profit Booking Zone,83.9,29.2,36.92,26.44,100.0,80.0% of closes stayed inside the range | Range width 26.4% | Currently 100.0% through the range,1.83,1.73,60.31,62.79,55.99,17.76,,980.15,,0.22,,0.12,0.12,,,,,,,,General,12.0,18.0,5.0,17.0,0.0,52.0,0.64,,,0.0,52.0,,41.86,0.0,,66.98,Strong,"Above 50 DMA, Above 200 DMA, Healthy RSI momentum, Near 52W high momentum, Strong positive day move, Strong 1M absolute return, Strong 3M absolute return, Strong 6M absolute return, 1M Nifty outperformance, 3M Nifty outperformance, 6M Nifty outperformance, Positive across 1M/3M/6M, 80.0% of closes stayed inside the range | Range width 26.4% | Currently 100.0% through the range"
ADSL,Technology,Information Technology Services,215.19,-3.16,68.18,229.59,215.61,6.27,79.21,146.44,137.73,2457543.1,1137440.0,0.46,Bullish,47.0,"Above 50 DMA, Above 200 DMA, Strong but overbought RSI, Near 52W high momentum",65.73,51.9,62.78,7.43,8.23,11.59,58.3,43.67,51.19,100.0,"Strong 1M absolute return, Strong 3M absolute return, Strong 6M absolute return, 1M Nifty outperformance, 3M Nifty outperformance, 6M Nifty outperformance, Positive across 1M/3M/6M",17.31,Profit Booking Zone,77.99,131.07,175.18,33.65,100.0,80.0% of closes stayed inside the range | Range width 33.7% | Currently 100.0% through the range,7.16,5.32,9.76,6.03,4.04,498.7,12.93,3.59,3.2,126.71,74.8,67.6,64.31,17.3263,10.3117,0.9808,1.41,0.706,601.69,18.43,IT / Technology,5.0,12.0,20.0,17.0,14.0,68.0,1.0,Cash covers debt,,0.0,68.0,,56.85,3.0,Low volume participation,66.08,Strong,"Above 50 DMA, Above 200 DMA, Strong but overbought RSI, Near 52W high momentum, Cash covers debt, Strong 1M absolute return, Strong 3M absolute return, Strong 6M absolute return, 1M Nifty outperformance, 3M Nifty outperformance, 6M Nifty outperformance, Positive across 1M/3M/6M, 80.0% of closes stayed inside the range | Range width 33.7% | Currently 100.0% through the range"
DEEPAKNTR,Basic Materials,Chemicals,2647.13,0.63,1704.24,2708.34,55.33,2.26,67.12,2401.05,2244.45,529614.25,386465.0,0.73,Bullish,65.0,"Above 50 DMA, Above 200 DMA, Healthy RSI momentum, Near 52W high momentum, Positive day move",20.15,21.52,10.04,7.43,8.23,11.59,12.72,13.29,-1.55,80.0,"Strong 1M absolute return, Strong 3M absolute return, Positive 6M return, 1M Nifty outperformance, 3M Nifty outperformance, Positive across 1M/3M/6M",26.67,Profit Booking Zone,84.39,2131.74,2476.09,16.15,100.0,80.0% of closes stayed inside the range | Range width 16.2% | Currently 100.0% through the range,16.91,13.3,13.01,10.66,-3.46,-4.83,5.96,3.62,2.65,237.97,286.08,874.06,106.35,30.6645,28.4147,4.1195,43.0,0.448,24044.73,26.05,Chemicals,15.0,0.0,17.0,17.0,11.0,60.0,1.0,,"Revenue contraction, Earnings contraction",2.0,62.0,General low-debt support,53.22,0.0,,65.93,Strong,"Above 50 DMA, Above 200 DMA, Healthy RSI momentum, Near 52W high momentum, Positive day move, Strong 1M absolute return, Strong 3M absolute return, Positive 6M return, 1M Nifty outperformance, 3M Nifty outperformance, Positive across 1M/3M/6M, 80.0% of closes stayed inside the range | Range width 16.2% | Currently 100.0% through the range"
BAJEL,Utilities,Utilities - Regulated Electric,299.23,-0.3,107.88,323.69,177.37,7.56,59.02,273.12,,980997.05,360947.0,0.37,Bullish,45.0,"Above 50 DMA, Healthy RSI momentum, Near 52W high momentum",24.38,40.83,114.85,7.43,8.23,11.59,16.95,32.6,103.26,100.0,"Strong 1M absolute return, Strong 3M absolute return, Strong 6M absolute return, 1M Nifty outperformance, 3M Nifty outperformance, 6M Nifty outperformance, Positive across 1M/3M/6M",50.0,Profit Booking Zone,72.73,178.7,296.42,65.88,100.0,80.0% of closes stayed inside the range | Range width 65.9% | Currently 100.0% through the range,0.76,0.32,1.0,0.38,94.27,371.09,2.63,1.47,1.34,46.61,14.91,195.37,168.32,102.0317,12.856,2.9845,31.0,0.967,2231.1,17.83,Energy / Utilities,0.0,20.0,16.0,17.0,9.0,62.0,1.0,Cash covers debt,Very high PE,2.0,64.0,General low-debt support,68.55,3.0,Low volume participation,65.93,Strong,"Above 50 DMA, Healthy RSI momentum, Near 52W high momentum, Cash covers debt, Strong 1M absolute return, Strong 3M absolute return, Strong 6M absolute return, 1M Nifty outperformance, 3M Nifty outperformance, 6M Nifty outperformance, Positive across 1M/3M/6M, 80.0% of closes stayed inside the range | Range width 65.9% | Currently 100.0% through the range"
CEMPRO,Industrials,Engineering & Construction,483.32,-15.09,92.1,585.13,424.8,17.4,51.86,423.89,316.39,1903093.3,9219358.0,4.84,Bullish,65.0,"Above 50 DMA, Above 200 DMA, Healthy RSI momentum, Strong volume expansion",20.6,42.67,68.73,7.43,8.23,11.59,13.17,34.44,57.14,100.0,"Strong 1M absolute return, Strong 3M absolute return, Strong 6M absolute return, 1M Nifty outperformance, 3M Nifty outperformance, 6M Nifty outperformance, Positive across 1M/3M/6M",13.28,Breakout Watch,78.52,301.87,468.83,55.31,100.0,80.0% of closes stayed inside the range | Range width 55.3% | Currently 100.0% through the range | Above upper band on elevated volume,18.33,4.63,7.69,3.55,51.61,120.32,59.52,1.08,0.92,608.77,889.12,704.34,347.94,35.7111,21.5114,9.0783,24.0,0.849,21784.38,26.77,Capital Goods / Infra,6.0,20.0,6.0,17.0,7.0,56.0,1.0,Strong ROE,,5.0,61.0,Strong order-book-driven revenue growth,54.47,5.0,Sharp daily fall,65.77,Strong,"Above 50 DMA, Above 200 DMA, Healthy RSI momentum, Strong volume expansion, Strong ROE, Strong 1M absolute return, Strong 3M absolute return, Strong 6M absolute return, 1M Nifty outperformance, 3M Nifty outperformance, 6M Nifty outperformance, Positive across 1M/3M/6M, 80.0% of closes stayed inside the range | Range width 55.3% | Currently 100.0% through the range | Above upper band on elevated volume"
DOLATALGO,Financial Services,Capital Markets,133.6,0.07,38.99,168.59,242.7,20.75,47.02,134.64,83.75,843245.5,526875.0,0.62,Bearish,32.0,"Above 200 DMA, RSI recovering, Positive day move",-2.44,71.53,112.34,7.43,8.23,11.59,-9.87,63.3,100.75,70.0,"Strong 3M absolute return, Strong 6M absolute return, 3M Nifty outperformance, 6M Nifty outperformance",47.56,Profit Booking Zone,63.11,66.27,142.66,115.29,88.14,80.0% of closes stayed inside the range | Range width 115.3% | Currently 88.1% through the range,19.86,16.81,61.67,46.83,37.12,35.64,10.62,3.19,,7.2,84.1,24.46,20.97,8.9022,,1.1357,14.0,0.072,1281.63,100.0,Financial Services,23.0,20.0,14.0,17.0,12.0,86.0,0.93,Strong ROE,,6.0,92.0,Strong ROE for a leveraged-balance-sheet business,53.67,0.0,,65.75,Strong,"Above 200 DMA, RSI recovering, Positive day move, Strong ROE, Strong 3M absolute return, Strong 6M absolute return, 3M Nifty outperformance, 6M Nifty outperformance, 80.0% of closes stayed inside the range | Range width 115.3% | Currently 88.1% through the range"
DJML,Industrials,Specialty Business Services,111.55,1.99,39.89,122.34,179.64,8.82,52.57,105.95,65.67,38373.6,54327.0,1.42,Bullish,75.0,"Above 50 DMA, Above 200 DMA, Healthy RSI momentum, Near 52W high momentum, Volume expansion, Positive day move",0.63,90.98,119.89,7.43,8.23,11.59,-6.8,82.75,108.3,88.0,"Positive 1M return, Strong 3M absolute return, Strong 6M absolute return, 3M Nifty outperformance, 6M Nifty outperformance, Positive across 1M/3M/6M",30.47,Profit Booking Zone,73.42,48.63,113.71,133.83,96.68,80.0% of closes stayed inside the range | Range width 133.8% | Currently 96.7% through the range,15.02,8.39,15.68,8.83,12.83,51.42,53.04,1.98,1.64,0.45,17.79,11.23,-2.08,22.2123,,2.7484,21.0,-0.073,259.37,25.46,Capital Goods / Infra,14.0,15.0,11.0,9.0,10.0,59.0,1.0,,Negative free cash flow,0.0,59.0,,54.47,4.0,Negative free cash flow,65.57,Strong,"Above 50 DMA, Above 200 DMA, Healthy RSI momentum, Near 52W high momentum, Volume expansion, Positive day move, Positive 1M return, Strong 3M absolute return, Strong 6M absolute return, 3M Nifty outperformance, 6M Nifty outperformance, Positive across 1M/3M/6M, 80.0% of closes stayed inside the range | Range width 133.8% | Currently 96.7% through the range"
ACC,Basic Materials,Building Materials,2698.93,-1.52,1564.35,2816.27,72.53,4.17,60.4,2521.87,2289.83,563822.3,602032.0,1.07,Bullish,65.0,"Above 50 DMA, Above 200 DMA, Healthy RSI momentum, Near 52W high momentum, Normal volume support",13.81,3.2,25.92,7.43,8.23,11.59,6.38,-5.03,14.33,55.0,"Strong 1M absolute return, Positive 3M return, Positive 6M return, 1M Nifty outperformance, Positive across 1M/3M/6M",55.0,Profit Booking Zone,84.79,2322.95,2637.35,13.53,100.0,80.0% of closes stayed inside the range | Range width 13.5% | Currently 100.0% through the range,14.3,9.99,11.12,11.93,12.37,259.53,2.17,1.59,1.29,1603.95,354.85,2995.11,1600.31,12.8862,13.3027,1.1938,57.0,0.358,24532.53,40.61,Cement / Realty,14.0,15.0,18.0,17.0,12.0,76.0,1.0,Cash covers debt,,2.0,78.0,General low-debt support,53.22,0.0,,65.28,Strong,"Above 50 DMA, Above 200 DMA, Healthy RSI momentum, Near 52W high momentum, Normal volume support, Cash covers debt, Strong 1M absolute return, Positive 3M return, Positive 6M return, 1M Nifty outperformance, Positive across 1M/3M/6M, 80.0% of closes stayed inside the range | Range width 13.5% | Currently 100.0% through the range"
BLUEJET,Healthcare,Biotechnology,421.45,3.01,318.33,441.18,32.39,4.47,61.39,385.3,,189220.6,382529.0,2.02,Bullish,70.0,"Above 50 DMA, Healthy RSI momentum, Near 52W high momentum, Strong volume expansion, Strong positive day move",14.76,10.11,14.65,7.43,8.23,11.59,7.33,1.88,3.06,55.0,"Strong 1M absolute return, Positive 3M return, Positive 6M return, 1M Nifty outperformance, Positive across 1M/3M/6M",52.5,Breakout Watch,85.43,344.31,400.25,16.25,100.0,80.0% of closes stayed inside the range | Range width 16.2% | Currently 100.0% through the range | Above upper band on elevated volume,19.37,15.47,28.51,23.05,-1.42,2.33,0.19,3.43,2.8,40.95,1.61,241.26,66.96,43.3021,29.6313,7.3683,20.0,0.636,10020.23,54.9,IT / Technology,23.0,0.0,20.0,17.0,7.0,67.0,1.0,"Strong ROE, Cash covers debt",Revenue contraction,5.0,72.0,Strong operating margin,57.8,0.0,,65.12,Strong,"Above 50 DMA, Healthy RSI momentum, Near 52W high momentum, Strong volume expansion, Strong positive day move, Strong ROE, Cash covers debt, Strong 1M absolute return, Positive 3M return, Positive 6M return, 1M Nifty outperformance, Positive across 1M/3M/6M, 80.0% of closes stayed inside the range | Range width 16.2% | Currently 100.0% through the range | Above upper band on elevated volume"
CHAMBLFERT,Basic Materials,Agricultural Inputs,492.79,0.53,230.05,546.29,114.21,9.79,62.02,410.28,340.5,9041305.05,3308605.0,0.37,Bullish,65.0,"Above 50 DMA, Above 200 DMA, Healthy RSI momentum, Near 52W high momentum, Positive day move",32.64,43.1,35.82,7.43,8.23,11.59,25.21,34.87,24.23,100.0,"Strong 1M absolute return, Strong 3M absolute return, Strong 6M absolute return, 1M Nifty outperformance, 3M Nifty outperformance, 6M Nifty outperformance, Positive across 1M/3M/6M",8.33,Profit Booking Zone,82.77,330.47,419.72,27.01,100.0,80.0% of closes stayed inside the range | Range width 27.0% | Currently 100.0% through the range,17.54,11.09,9.77,7.11,-35.37,23.36,25.76,2.01,1.39,109.86,1873.93,3326.75,2713.95,8.8264,8.6324,1.6207,2.83,0.305,16889.5,37.52,General,11.0,8.0,14.0,17.0,15.0,65.0,1.0,,Revenue contraction,2.0,67.0,General low-debt support,53.22,8.0,"Low volume participation, Revenue contraction",64.68,Watchlist,"Above 50 DMA, Above 200 DMA, Healthy RSI momentum, Near 52W high momentum, Positive day move, Strong 1M absolute return, Strong 3M absolute return, Strong 6M absolute return, 1M Nifty outperformance, 3M Nifty outperformance, 6M Nifty outperformance, Positive across 1M/3M/6M, 80.0% of closes stayed inside the range | Range width 27.0% | Currently 100.0% through the range"
CELLO,Consumer Cyclical,"Furnishings, Fixtures & Appliances",981.18,3.07,705.15,1016.27,39.15,3.45,70.1,887.63,,449830.35,1425845.0,3.17,Bullish,57.0,"Above 50 DMA, Strong but overbought RSI, Near 52W high momentum, Strong volume expansion, Strong positive day move",19.76,25.64,24.56,7.43,8.23,11.59,12.33,17.41,12.97,80.0,"Strong 1M absolute return, Strong 3M absolute return, Positive 6M return, 1M Nifty outperformance, 3M Nifty outperformance, Positive across 1M/3M/6M",28.38,Breakout Watch,82.62,780.78,911.76,16.77,100.0,80.0% of closes stayed inside the range | Range width 16.8% | Currently 100.0% through the range | Above upper band on elevated volume,28.81,16.79,22.64,16.55,11.97,24.4,32.26,2.39,1.56,32.18,370.71,231.18,-32.83,24.395,18.0427,2.8689,43.0,0.246,7748.65,48.99,Consumer Discretionary,23.0,13.0,15.0,9.0,13.0,73.0,1.0,Strong ROE,Negative free cash flow,4.0,77.0,"General quality ROE, General low-debt support",47.22,4.0,Negative free cash flow,64.28,Watchlist,"Above 50 DMA, Strong but overbought RSI, Near 52W high momentum, Strong volume expansion, Strong positive day move, Strong ROE, Strong 1M absolute return, Strong 3M absolute return, Positive 6M return, 1M Nifty outperformance, 3M Nifty outperformance, Positive across 1M/3M/6M, 80.0% of closes stayed inside the range | Range width 16.8% | Currently 100.0% through the range | Above upper band on elevated volume"
AFFLE,Communication Services,Advertising Agencies,1353.4,-0.92,866.5,1394.0,56.19,2.91,63.77,1188.73,1142.91,813618.7,379931.0,0.47,Bullish,60.0,"Above 50 DMA, Above 200 DMA, Healthy RSI momentum, Near 52W high momentum",22.35,23.94,8.06,7.43,8.23,11.59,14.92,15.71,-3.53,80.0,"Strong 1M absolute return, Strong 3M absolute return, Positive 6M return, 1M Nifty outperformance, 3M Nifty outperformance, Positive across 1M/3M/6M",21.43,Profit Booking Zone,82.52,1060.53,1290.06,21.64,100.0,80.0% of closes stayed inside the range | Range width 21.6% | Currently 100.0% through the range,11.9,9.05,15.69,16.14,28.51,21.54,7.31,3.07,,805.1,182.63,262.28,146.65,47.8924,32.6885,6.2302,,0.105,22802.77,28.42,Telecom,14.0,18.0,17.0,17.0,5.0,71.0,0.86,Cash covers debt,,2.0,73.0,General low-debt support,44.09,3.0,Low volume participation,64.16,Watchlist,"Above 50 DMA, Above 200 DMA, Healthy RSI momentum, Near 52W high momentum, Cash covers debt, Strong 1M absolute return, Strong 3M absolute return, Positive 6M return, 1M Nifty outperformance, 3M Nifty outperformance, Positive across 1M/3M/6M, 80.0% of closes stayed inside the range | Range width 21.6% | Currently 100.0% through the range"
ADFFOODS,Consumer Defensive,Packaged Foods,232.29,-1.18,128.69,255.48,80.51,9.08,54.33,223.49,208.53,387583.2,158161.0,0.41,Bullish,60.0,"Above 50 DMA, Above 200 DMA, Healthy RSI momentum, Near 52W high momentum",10.98,21.95,19.17,7.43,8.23,11.59,3.55,13.72,7.58,70.0,"Strong 1M absolute return, Strong 3M absolute return, Positive 6M return, 3M Nifty outperformance, Positive across 1M/3M/6M",24.24,Profit Booking Zone,82.21,186.16,230.26,23.69,100.0,80.0% of closes stayed inside the range | Range width 23.7% | Currently 100.0% through the range,17.07,13.54,17.86,15.04,12.67,34.2,12.66,6.67,5.66,59.69,55.86,69.84,54.38,32.7506,,5.272,44.0,0.574,3015.21,59.55,FMCG / Consumer,17.0,15.0,20.0,17.0,8.0,77.0,1.0,Cash covers debt,,3.0,80.0,"Low debt, typical of a healthy consumer business",44.26,3.0,Low volume participation,64.14,Watchlist,"Above 50 DMA, Above 200 DMA, Healthy RSI momentum, Near 52W high momentum, Cash covers debt, Strong 1M absolute return, Strong 3M absolute return, Positive 6M return, 3M Nifty outperformance, Positive across 1M/3M/6M, 80.0% of closes stayed inside the range | Range width 23.7% | Currently 100.0% through the range"
ASKAUTOLTD,Consumer Cyclical,Auto Parts,391.73,0.53,237.96,396.54,64.62,1.21,78.43,321.29,,587516.65,396929.0,0.68,Bullish,37.0,"Above 50 DMA, Strong but overbought RSI, Near 52W high momentum, Positive day move",27.6,39.12,37.19,7.43,8.23,11.59,20.17,30.89,25.6,100.0,"Strong 1M absolute return, Strong 3M absolute return, Strong 6M absolute return, 1M Nifty outperformance, 3M Nifty outperformance, 6M Nifty outperformance, Positive across 1M/3M/6M",7.43,Profit Booking Zone,77.06,275.2,346.4,25.87,100.0,80.0% of closes stayed inside the range | Range width 25.9% | Currently 100.0% through the range,21.28,11.08,7.97,5.88,16.99,41.33,42.35,1.07,0.65,3.16,345.87,303.29,18.44,39.4209,28.2207,9.5196,31.0,-0.268,12481.1,32.51,Automobile,10.0,18.0,9.0,17.0,7.0,61.0,1.0,Strong ROE,,4.0,65.0,"General quality ROE, General low-debt support",47.22,0.0,,64.08,Watchlist,"Above 50 DMA, Strong but overbought RSI, Near 52W high momentum, Positive day move, Strong ROE, Strong 1M absolute return, Strong 3M absolute return, Strong 6M absolute return, 1M Nifty outperformance, 3M Nifty outperformance, 6M Nifty outperformance, Positive across 1M/3M/6M, 80.0% of closes stayed inside the range | Range width 25.9% | Currently 100.0% through the range"
ANTELOPUS,Energy,Oil & Gas E&P,722.45,1.13,216.5,792.45,233.7,8.83,58.36,653.3,518.77,231689.15,60895.0,0.26,Bullish,65.0,"Above 50 DMA, Above 200 DMA, Healthy RSI momentum, Near 52W high momentum, Positive day move",18.97,53.79,44.35,7.43,8.23,11.59,11.54,45.56,32.76,100.0,"Strong 1M absolute return, Strong 3M absolute return, Strong 6M absolute return, 1M Nifty outperformance, 3M Nifty outperformance, 6M Nifty outperformance, Positive across 1M/3M/6M",16.67,Profit Booking Zone,79.12,467.06,706.75,51.32,100.0,80.0% of closes stayed inside the range | Range width 51.3% | Currently 100.0% through the range,8.31,6.76,21.49,19.77,40.41,6.14,0.89,5.8,5.16,2.44,3.5,71.67,-87.02,20.9947,,4.2235,,,2768.33,82.16,Energy / Utilities,15.0,12.0,17.0,9.0,6.0,59.0,0.93,,Negative free cash flow,2.0,61.0,General low-debt support,55.75,7.0,"Low volume participation, Negative free cash flow",63.96,Watchlist,"Above 50 DMA, Above 200 DMA, Healthy RSI momentum, Near 52W high momentum, Positive day move, Strong 1M absolute return, Strong 3M absolute return, Strong 6M absolute return, 1M Nifty outperformance, 3M Nifty outperformance, 6M Nifty outperformance, Positive across 1M/3M/6M, 80.0% of closes stayed inside the range | Range width 51.3% | Currently 100.0% through the range"
AMNPLST,Basic Materials,Chemicals,287.65,-4.01,148.43,344.69,93.79,16.55,62.26,222.34,,202318.15,60973.0,0.3,Bullish,35.0,"Above 50 DMA, Healthy RSI momentum",42.31,64.58,71.98,7.43,8.23,11.59,34.88,56.35,60.39,100.0,"Strong 1M absolute return, Strong 3M absolute return, Strong 6M absolute return, 1M Nifty outperformance, 3M Nifty outperformance, 6M Nifty outperformance, Positive across 1M/3M/6M",8.33,Profit Booking Zone,73.25,168.94,250.75,48.43,100.0,80.0% of closes stayed inside the range | Range width 48.4% | Currently 100.0% through the range,18.1,10.23,9.89,6.16,8.33,74.13,38.62,2.18,1.54,35.68,85.0,46.85,43.14,26.271,,3.4674,27.0,0.166,1013.25,24.77,Chemicals,13.0,15.0,15.0,17.0,8.0,68.0,1.0,Strong ROE,,4.0,72.0,"General quality ROE, General low-debt support",53.22,3.0,Low volume participation,63.93,Watchlist,"Above 50 DMA, Healthy RSI momentum, Strong ROE, Strong 1M absolute return, Strong 3M absolute return, Strong 6M absolute return, 1M Nifty outperformance, 3M Nifty outperformance, 6M Nifty outperformance, Positive across 1M/3M/6M, 80.0% of closes stayed inside the range | Range width 48.4% | Currently 100.0% through the range"
BAYERCROP,Basic Materials,Agricultural Inputs,6182.98,1.79,3596.46,6566.81,71.92,5.85,64.97,5394.23,5181.53,55524.8,22561.0,0.41,Bullish,65.0,"Above 50 DMA, Above 200 DMA, Healthy RSI momentum, Near 52W high momentum, Positive day move",24.2,18.62,18.21,7.43,8.23,11.59,16.77,10.39,6.62,70.0,"Strong 1M absolute return, Positive 3M return, Positive 6M return, 1M Nifty outperformance, 3M Nifty outperformance, Positive across 1M/3M/6M",35.83,Profit Booking Zone,83.77,4801.49,5776.6,20.31,100.0,80.0% of closes stayed inside the range | Range width 20.3% | Currently 100.0% through the range,25.99,16.11,18.57,15.14,-1.07,-2.33,1.65,2.44,1.48,1156.8,47.1,951.6,905.9,24.8814,21.5793,6.1354,3.69,0.234,18195.71,41.76,General,23.0,0.0,19.0,17.0,9.0,68.0,1.0,"Strong ROE, Cash covers debt","Revenue contraction, Earnings contraction",4.0,72.0,"General quality ROE, General low-debt support",53.22,3.0,Low volume participation,63.93,Watchlist,"Above 50 DMA, Above 200 DMA, Healthy RSI momentum, Near 52W high momentum, Positive day move, Strong ROE, Cash covers debt, Strong 1M absolute return, Positive 3M return, Positive 6M return, 1M Nifty outperformance, 3M Nifty outperformance, Positive across 1M/3M/6M, 80.0% of closes stayed inside the range | Range width 20.3% | Currently 100.0% through the range"
DODLA,Consumer Defensive,Food Distribution,1100.73,8.56,427.64,1136.73,157.4,3.17,65.62,963.8,858.05,190583.95,495328.0,2.6,Bullish,85.0,"Above 50 DMA, Above 200 DMA, Healthy RSI momentum, Near 52W high momentum, Strong volume expansion, Strong positive day move",22.61,31.4,32.74,7.43,8.23,11.59,15.18,23.17,21.15,100.0,"Strong 1M absolute return, Strong 3M absolute return, Strong 6M absolute return, 1M Nifty outperformance, 3M Nifty outperformance, 6M Nifty outperformance, Positive across 1M/3M/6M",7.58,Breakout Watch,87.64,834.77,1022.47,22.49,100.0,80.0% of closes stayed inside the range | Range width 22.5% | Currently 100.0% through the range | Above upper band on elevated volume,14.64,11.28,7.07,5.34,11.15,36.35,4.02,2.7,1.22,103.38,45.79,-0.71,-107.26,26.8847,19.9799,3.9402,46.0,0.352,6596.24,24.66,FMCG / Consumer,8.0,15.0,19.0,0.0,11.0,53.0,1.0,Cash covers debt,"Negative operating cash flow, Negative free cash flow",3.0,56.0,"Low debt, typical of a healthy consumer business",44.26,9.0,"Negative operating cash flow, Negative free cash flow",63.49,Watchlist,"Above 50 DMA, Above 200 DMA, Healthy RSI momentum, Near 52W high momentum, Strong volume expansion, Strong positive day move, Cash covers debt, Strong 1M absolute return, Strong 3M absolute return, Strong 6M absolute return, 1M Nifty outperformance, 3M Nifty outperformance, 6M Nifty outperformance, Positive across 1M/3M/6M, 80.0% of closes stayed inside the range | Range width 22.5% | Currently 100.0% through the range | Above upper band on elevated volume"
DHARMAJ,Basic Materials,Agricultural Inputs,307.92,2.68,137.0,328.46,124.76,6.25,75.48,242.55,242.74,415009.65,851412.0,2.05,Bullish,72.0,"Above 50 DMA, Above 200 DMA, Strong but overbought RSI, Near 52W high momentum, Strong volume expansion, Strong positive day move",36.34,28.49,17.39,7.43,8.23,11.59,28.91,20.26,5.8,80.0,"Strong 1M absolute return, Strong 3M absolute return, Positive 6M return, 1M Nifty outperformance, 3M Nifty outperformance, Positive across 1M/3M/6M",26.67,Breakout Watch,85.69,224.17,263.02,17.33,100.0,80.0% of closes stayed inside the range | Range width 17.3% | Currently 100.0% through the range | Above upper band on elevated volume,12.35,7.88,9.13,6.8,24.92,65.21,31.13,1.94,1.2,3.0,111.89,7.38,-182.53,15.1768,,2.0426,,0.087,914.05,23.28,General,9.0,18.0,13.0,9.0,10.0,59.0,0.93,,Negative free cash flow,2.0,61.0,General low-debt support,53.22,4.0,Negative free cash flow,63.33,Watchlist,"Above 50 DMA, Above 200 DMA, Strong but overbought RSI, Near 52W high momentum, Strong volume expansion, Strong positive day move, Strong 1M absolute return, Strong 3M absolute return, Positive 6M return, 1M Nifty outperformance, 3M Nifty outperformance, Positive across 1M/3M/6M, 80.0% of closes stayed inside the range | Range width 17.3% | Currently 100.0% through the range | Above upper band on elevated volume"
BBTC,Consumer Defensive,Packaged Foods,2020.94,-1.65,765.35,2126.24,164.06,4.95,70.66,1608.98,1496.86,575552.15,163731.0,0.28,Bullish,47.0,"Above 50 DMA, Above 200 DMA, Strong but overbought RSI, Near 52W high momentum",40.45,25.93,36.43,7.43,8.23,11.59,33.02,17.7,24.84,100.0,"Strong 1M absolute return, Strong 3M absolute return, Strong 6M absolute return, 1M Nifty outperformance, 3M Nifty outperformance, 6M Nifty outperformance, Positive across 1M/3M/6M",7.58,Profit Booking Zone,80.66,1503.23,1741.12,15.83,100.0,80.0% of closes stayed inside the range | Range width 15.8% | Currently 100.0% through the range,13.75,5.34,16.63,3.77,3.55,137.98,46.7,1.22,0.93,742.31,2161.32,1935.29,1359.24,8.7261,4.1853,1.5488,2.11,0.611,10906.74,42.67,FMCG / Consumer,9.0,12.0,9.0,17.0,15.0,62.0,1.0,,,3.0,65.0,"Low debt, typical of a healthy consumer business",44.26,3.0,Low volume participation,63.14,Watchlist,"Above 50 DMA, Above 200 DMA, Strong but overbought RSI, Near 52W high momentum, Strong 1M absolute return, Strong 3M absolute return, Strong 6M absolute return, 1M Nifty outperformance, 3M Nifty outperformance, 6M Nifty outperformance, Positive across 1M/3M/6M, 80.0% of closes stayed inside the range | Range width 15.8% | Currently 100.0% through the range"
AVANTIFEED,Consumer Defensive,Packaged Foods,586.92,-1.62,305.46,649.23,92.14,9.6,55.12,540.7,468.77,1925557.2,322229.0,0.17,Bullish,60.0,"Above 50 DMA, Above 200 DMA, Healthy RSI momentum, Near 52W high momentum",16.12,17.96,51.4,7.43,8.23,11.59,8.69,9.73,39.81,80.0,"Strong 1M absolute return, Positive 3M return, Strong 6M absolute return, 1M Nifty outperformance, 6M Nifty outperformance, Positive across 1M/3M/6M",19.7,Profit Booking Zone,81.72,477.59,590.64,23.67,96.71,80.0% of closes stayed inside the range | Range width 23.7% | Currently 96.7% through the range,15.1,11.53,7.64,6.72,5.46,28.16,0.7,7.13,4.61,12.52,16.53,260.11,129.05,21.6938,16.9416,3.4279,1.18,0.168,11264.11,25.16,FMCG / Consumer,11.0,12.0,17.0,17.0,10.0,67.0,1.0,,,3.0,70.0,"Low debt, typical of a healthy consumer business",44.26,3.0,Low volume participation,63.14,Watchlist,"Above 50 DMA, Above 200 DMA, Healthy RSI momentum, Near 52W high momentum, Strong 1M absolute return, Positive 3M return, Strong 6M absolute return, 1M Nifty outperformance, 6M Nifty outperformance, Positive across 1M/3M/6M, 80.0% of closes stayed inside the range | Range width 23.7% | Currently 96.7% through the range"
BANCOINDIA,Consumer Cyclical,Auto Parts,323.58,-1.8,76.49,352.32,323.04,8.16,59.71,294.81,276.75,519431.4,479866.0,0.92,Bullish,60.0,"Above 50 DMA, Above 200 DMA, Healthy RSI momentum, Near 52W high momentum",16.18,13.05,10.3,7.43,8.23,11.59,8.75,4.82,-1.29,55.0,"Strong 1M absolute return, Positive 3M return, Positive 6M return, 1M Nifty outperformance, Positive across 1M/3M/6M",41.89,Profit Booking Zone,83.41,278.03,321.65,15.69,100.0,80.0% of closes stayed inside the range | Range width 15.7% | Currently 100.0% through the range,25.81,13.39,12.85,9.9,19.2,15.2,40.23,2.24,0.87,16.8,422.97,458.09,362.94,18.0724,,5.3011,2.57,0.69,8931.25,46.89,Automobile,19.0,16.0,12.0,17.0,10.0,74.0,1.0,Strong ROE,,4.0,78.0,"General quality ROE, General low-debt support",47.22,0.0,,63.13,Watchlist,"Above 50 DMA, Above 200 DMA, Healthy RSI momentum, Near 52W high momentum, Strong ROE, Strong 1M absolute return, Positive 3M return, Positive 6M return, 1M Nifty outperformance, Positive across 1M/3M/6M, 80.0% of closes stayed inside the range | Range width 15.7% | Currently 100.0% through the range"
AEROFLEX,Industrials,Metal Fabrication,158.82,0.04,114.54,195.57,38.65,18.79,63.48,145.43,148.89,1020566.6,618460.0,0.61,Bullish,55.0,"Above 50 DMA, Above 200 DMA, Healthy RSI momentum, Positive day move",21.16,18.11,1.56,7.43,8.23,11.59,13.73,9.88,-10.03,55.0,"Strong 1M absolute return, Positive 3M return, Positive 6M return, 1M Nifty outperformance, Positive across 1M/3M/6M",59.38,Profit Booking Zone,81.07,128.05,158.89,24.08,99.76,80.0% of closes stayed inside the range | Range width 24.1% | Currently 99.8% through the range,14.24,11.13,16.88,13.39,18.6,38.41,0.04,3.46,2.73,76.5,0.12,44.09,6.39,100.9497,54.7576,16.0385,8.0,0.818,7173.65,43.49,Metals / Mining,16.0,18.0,20.0,17.0,5.0,76.0,1.0,Cash covers debt,Very high PE,2.0,78.0,General low-debt support,54.47,0.0,,62.97,Watchlist,"Above 50 DMA, Above 200 DMA, Healthy RSI momentum, Positive day move, Cash covers debt, Strong 1M absolute return, Positive 3M return, Positive 6M return, 1M Nifty outperformance, Positive across 1M/3M/6M, 80.0% of closes stayed inside the range | Range width 24.1% | Currently 99.8% through the range"
BOMDYEING,Consumer Cyclical,Textile Manufacturing,211.19,-1.91,52.4,217.66,303.04,2.97,71.34,175.69,161.99,5470438.1,2496467.0,0.46,Bullish,47.0,"Above 50 DMA, Above 200 DMA, Strong but overbought RSI, Near 52W high momentum",39.09,28.63,43.65,7.43,8.23,11.59,31.66,20.4,32.06,100.0,"Strong 1M absolute return, Strong 3M absolute return, Strong 6M absolute return, 1M Nifty outperformance, 3M Nifty outperformance, 6M Nifty outperformance, Positive across 1M/3M/6M",7.43,Profit Booking Zone,80.09,152.9,182.98,19.67,100.0,80.0% of closes stayed inside the range | Range width 19.7% | Currently 100.0% through the range,157.35,115.16,-0.81,176.82,-37.12,670.67,0.0,2.04,1.58,55.97,0.0,354.92,245.82,120.8163,,1.0703,34.0,0.325,2445.37,29.44,Consumer Discretionary,19.0,10.0,20.0,17.0,6.0,72.0,1.0,"Strong ROE, Net cash position","Revenue contraction, Very high PE",4.0,76.0,"General quality ROE, General low-debt support",47.22,8.0,"Low volume participation, Revenue contraction",62.43,Watchlist,"Above 50 DMA, Above 200 DMA, Strong but overbought RSI, Near 52W high momentum, Strong ROE, Net cash position, Strong 1M absolute return, Strong 3M absolute return, Strong 6M absolute return, 1M Nifty outperformance, 3M Nifty outperformance, 6M Nifty outperformance, Positive across 1M/3M/6M, 80.0% of closes stayed inside the range | Range width 19.7% | Currently 100.0% through the range"
CORDSCABLE,Unknown,Unknown,235.7,2.14,55.42,275.13,325.29,14.33,52.81,211.5,152.84,150033.6,29816.0,0.2,Bullish,70.0,"Above 50 DMA, Above 200 DMA, Healthy RSI momentum, Near 52W high momentum, Strong positive day move",21.48,30.21,111.89,7.43,8.23,11.59,14.05,21.98,100.3,100.0,"Strong 1M absolute return, Strong 3M absolute return, Strong 6M absolute return, 1M Nifty outperformance, 3M Nifty outperformance, 6M Nifty outperformance, Positive across 1M/3M/6M",18.75,Profit Booking Zone,72.55,118.51,238.21,101.0,97.9,80.0% of closes stayed inside the range | Range width 101.0% | Currently 97.9% through the range,5.95,2.78,5.72,1.6,19.29,39.49,50.07,1.59,1.19,0.14,84.75,29.83,24.34,,,,,,,,General,0.0,18.0,10.0,17.0,0.0,45.0,0.79,,,2.0,47.0,General low-debt support,41.86,3.0,Low volume participation,62.23,Watchlist,"Above 50 DMA, Above 200 DMA, Healthy RSI momentum, Near 52W high momentum, Strong positive day move, Strong 1M absolute return, Strong 3M absolute return, Strong 6M absolute return, 1M Nifty outperformance, 3M Nifty outperformance, 6M Nifty outperformance, Positive across 1M/3M/6M, 80.0% of closes stayed inside the range | Range width 101.0% | Currently 97.9% through the range"
APLLTD,Healthcare,Drug Manufacturers - Specialty & Generic,926.69,1.19,440.63,1054.23,110.31,12.1,59.62,904.52,846.02,263677.25,359680.0,1.36,Bullish,75.0,"Above 50 DMA, Above 200 DMA, Healthy RSI momentum, Near 52W high momentum, Volume expansion, Positive day move",7.81,-3.91,27.33,7.43,8.23,11.59,0.38,-12.14,15.74,33.0,"Positive 1M return, Positive 6M return, 6M Nifty outperformance",85.0,Neutral Range,80.28,848.39,982.73,15.83,58.29,80.0% of closes stayed inside the range | Range width 15.8% | Currently 58.3% through the range,12.78,9.55,10.86,10.08,11.13,80.07,10.65,2.12,0.99,120.21,513.16,803.2,475.73,23.0635,16.9384,2.8176,1.48,0.301,15989.43,70.56,Pharma / Healthcare,14.0,15.0,14.0,17.0,12.0,72.0,1.0,,,2.0,74.0,General low-debt support,57.8,0.0,,61.57,Watchlist,"Above 50 DMA, Above 200 DMA, Healthy RSI momentum, Near 52W high momentum, Volume expansion, Positive day move, Positive 1M return, Positive 6M return, 6M Nifty outperformance, 80.0% of closes stayed inside the range | Range width 15.8% | Currently 58.3% through the range"
ANUP,Industrials,Specialty Industrial Machinery,1756.17,-1.06,386.79,2132.98,354.04,17.67,47.67,1772.52,1420.8,51754.65,31910.0,0.62,Bearish,27.0,"Above 200 DMA, RSI recovering",2.87,14.32,30.13,7.43,8.23,11.59,-4.56,6.09,18.54,63.0,"Positive 1M return, Positive 3M return, Strong 6M absolute return, 6M Nifty outperformance, Positive across 1M/3M/6M",49.22,Profit Booking Zone,73.05,1351.81,1784.63,32.02,93.42,80.0% of closes stayed inside the range | Range width 32.0% | Currently 93.4% through the range,19.58,12.8,20.08,19.15,33.74,101.2,3.84,1.86,1.2,17.75,20.28,169.38,126.47,42.7165,27.8284,5.2194,67.0,0.023,3606.67,51.05,Capital Goods / Infra,22.0,20.0,15.0,17.0,9.0,83.0,1.0,Strong ROE,,5.0,88.0,Strong order-book-driven revenue growth,54.47,0.0,,61.47,Watchlist,"Above 200 DMA, RSI recovering, Strong ROE, Positive 1M return, Positive 3M return, Strong 6M absolute return, 6M Nifty outperformance, Positive across 1M/3M/6M, 80.0% of closes stayed inside the range | Range width 32.0% | Currently 93.4% through the range"
BFINVEST,Financial Services,Asset Management,661.48,-1.07,254.36,712.2,160.06,7.12,64.35,577.64,532.9,207042.35,69877.0,0.34,Bullish,60.0,"Above 50 DMA, Above 200 DMA, Healthy RSI momentum, Near 52W high momentum",25.09,21.68,26.18,7.43,8.23,11.59,17.66,13.45,14.59,80.0,"Strong 1M absolute return, Strong 3M absolute return, Positive 6M return, 1M Nifty outperformance, 3M Nifty outperformance, Positive across 1M/3M/6M",36.59,Profit Booking Zone,83.1,508.85,599.24,17.76,100.0,80.0% of closes stayed inside the range | Range width 17.8% | Currently 100.0% through the range,6.99,6.37,99.14,2226.15,22.43,67.27,,1010.19,,35.12,,9.09,9.06,4.2812,,0.1953,2.26,0.318,1667.92,99.93,Financial Services,14.0,18.0,5.0,17.0,12.0,66.0,0.86,,,-5.0,61.0,Weak ROE for a leveraged-balance-sheet business,53.67,3.0,Low volume participation,61.4,Watchlist,"Above 50 DMA, Above 200 DMA, Healthy RSI momentum, Near 52W high momentum, Strong 1M absolute return, Strong 3M absolute return, Positive 6M return, 1M Nifty outperformance, 3M Nifty outperformance, Positive across 1M/3M/6M, 80.0% of closes stayed inside the range | Range width 17.8% | Currently 100.0% through the range"
ARIHANTSUP,Real Estate,Real Estate - Development,362.19,5.69,157.42,413.03,130.09,12.31,65.08,338.83,293.8,66028.9,273545.0,4.14,Bullish,85.0,"Above 50 DMA, Above 200 DMA, Healthy RSI momentum, Near 52W high momentum, Strong volume expansion, Strong positive day move",15.17,0.86,35.06,7.43,8.23,11.59,7.74,-7.37,23.47,80.0,"Strong 1M absolute return, Positive 3M return, Strong 6M absolute return, 1M Nifty outperformance, 6M Nifty outperformance, Positive across 1M/3M/6M",53.57,Profit Booking Zone,86.25,317.12,370.17,16.73,84.96,80.0% of closes stayed inside the range | Range width 16.7% | Currently 85.0% through the range,25.72,5.76,22.02,13.74,29.62,120.44,177.35,2.47,0.4,15.05,477.39,-120.69,-121.9,25.9766,,3.0439,10.0,0.67,1104.39,37.72,Cement / Realty,20.0,20.0,5.0,0.0,8.0,53.0,1.0,Strong ROE,"Negative operating cash flow, Negative free cash flow",2.0,55.0,General quality ROE,65.69,9.0,"Negative operating cash flow, Negative free cash flow",61.35,Watchlist,"Above 50 DMA, Above 200 DMA, Healthy RSI momentum, Near 52W high momentum, Strong volume expansion, Strong positive day move, Strong ROE, Strong 1M absolute return, Positive 3M return, Strong 6M absolute return, 1M Nifty outperformance, 6M Nifty outperformance, Positive across 1M/3M/6M, 80.0% of closes stayed inside the range | Range width 16.7% | Currently 85.0% through the range"
CERA,Industrials,Building Products & Equipment,8835.58,0.4,4691.42,9475.2,88.33,6.75,72.84,7355.93,7707.45,54261.65,15797.0,0.29,Bullish,52.0,"Above 50 DMA, Above 200 DMA, Strong but overbought RSI, Near 52W high momentum, Positive day move",31.34,31.71,14.53,7.43,8.23,11.59,23.91,23.48,2.94,80.0,"Strong 1M absolute return, Strong 3M absolute return, Positive 6M return, 1M Nifty outperformance, 3M Nifty outperformance, Positive across 1M/3M/6M",39.84,Profit Booking Zone,81.12,6706.11,8030.2,19.74,100.0,80.0% of closes stayed inside the range | Range width 19.7% | Currently 100.0% through the range,17.76,12.95,15.21,12.8,3.67,14.13,3.3,3.74,2.79,14.22,44.47,236.05,171.26,35.9244,24.1557,4.9533,1.33,-0.107,7291.46,47.78,Capital Goods / Infra,17.0,7.0,17.0,17.0,8.0,66.0,1.0,,,0.0,66.0,,54.47,3.0,Low volume participation,61.27,Watchlist,"Above 50 DMA, Above 200 DMA, Strong but overbought RSI, Near 52W high momentum, Positive day move, Strong 1M absolute return, Strong 3M absolute return, Positive 6M return, 1M Nifty outperformance, 3M Nifty outperformance, Positive across 1M/3M/6M, 80.0% of closes stayed inside the range | Range width 19.7% | Currently 100.0% through the range"
AARTIPHARM,Healthcare,Drug Manufacturers - Specialty & Generic,609.17,-1.19,231.61,656.3,163.02,7.18,52.69,572.82,486.06,188437.75,143462.0,0.76,Bullish,60.0,"Above 50 DMA, Above 200 DMA, Healthy RSI momentum, Near 52W high momentum",6.56,32.73,20.48,7.43,8.23,11.59,-0.87,24.5,8.89,63.0,"Positive 1M return, Strong 3M absolute return, Positive 6M return, 3M Nifty outperformance, Positive across 1M/3M/6M",42.5,Profit Booking Zone,80.28,445.15,608.1,36.6,100.0,80.0% of closes stayed inside the range | Range width 36.6% | Currently 100.0% through the range,12.34,8.4,17.23,11.95,-6.22,12.1,16.23,1.94,1.01,23.63,285.25,216.35,17.57,37.3147,32.9686,3.5885,48.0,0.232,7623.45,54.19,Pharma / Healthcare,14.0,5.0,15.0,17.0,9.0,60.0,1.0,,Revenue contraction,2.0,62.0,General low-debt support,57.8,0.0,,61.12,Watchlist,"Above 50 DMA, Above 200 DMA, Healthy RSI momentum, Near 52W high momentum, Positive 1M return, Strong 3M absolute return, Positive 6M return, 3M Nifty outperformance, Positive across 1M/3M/6M, 80.0% of closes stayed inside the range | Range width 36.6% | Currently 100.0% through the range"
CESC,Utilities,Utilities - Regulated Electric,144.04,-0.02,54.48,155.06,164.42,7.1,58.72,134.01,110.07,7728855.45,3345297.0,0.43,Bullish,60.0,"Above 50 DMA, Above 200 DMA, Healthy RSI momentum, Near 52W high momentum",16.9,24.74,26.7,7.43,8.23,11.59,9.47,16.51,15.11,95.0,"Strong 1M absolute return, Strong 3M absolute return, Positive 6M return, 1M Nifty outperformance, 3M Nifty outperformance, 6M Nifty outperformance, Positive across 1M/3M/6M",100.0,Profit Booking Zone,82.18,110.55,137.0,23.93,100.0,80.0% of closes stayed inside the range | Range width 23.9% | Currently 100.0% through the range,12.03,3.7,7.22,9.0,7.35,2.5,127.07,0.97,0.84,1275.38,14543.63,2351.41,1580.25,12.958,10.43,1.5677,4.05,0.389,19633.02,38.36,Energy / Utilities,7.0,2.0,2.0,17.0,15.0,43.0,1.0,,,0.0,43.0,,68.55,3.0,Low volume participation,61.08,Watchlist,"Above 50 DMA, Above 200 DMA, Healthy RSI momentum, Near 52W high momentum, Strong 1M absolute return, Strong 3M absolute return, Positive 6M return, 1M Nifty outperformance, 3M Nifty outperformance, 6M Nifty outperformance, Positive across 1M/3M/6M, 80.0% of closes stayed inside the range | Range width 23.9% | Currently 100.0% through the range"
ARTNIRMAN,Real Estate,Real Estate - Development,64.58,3.94,40.5,128.5,59.46,49.74,55.46,60.8,59.95,19148.75,21146.0,1.1,Bullish,65.0,"Above 50 DMA, Above 200 DMA, Healthy RSI momentum, Normal volume support, Strong positive day move",17.53,17.74,12.9,7.43,8.23,11.59,10.1,9.51,1.31,55.0,"Strong 1M absolute return, Positive 3M return, Positive 6M return, 1M Nifty outperformance, Positive across 1M/3M/6M",78.57,Neutral Range,73.63,54.26,75.03,38.27,49.67,80.0% of closes stayed inside the range | Range width 38.3% | Currently 49.7% through the range,3.34,2.22,4.08,3.44,73.91,950.53,8.28,3.99,2.34,0.48,2.92,1.59,1.57,78.1176,,2.3883,,0.709,99.42,161.7,Cement / Realty,0.0,20.0,17.0,17.0,4.0,58.0,0.93,,,2.0,60.0,General low-debt support,65.69,0.0,,60.85,Watchlist,"Above 50 DMA, Above 200 DMA, Healthy RSI momentum, Normal volume support, Strong positive day move, Strong 1M absolute return, Positive 3M return, Positive 6M return, 1M Nifty outperformance, Positive across 1M/3M/6M, 80.0% of closes stayed inside the range | Range width 38.3% | Currently 49.7% through the range"
BBOX,Technology,Software - Application,365.9,-2.26,84.1,395.59,335.07,7.51,74.25,260.59,250.99,1472218.95,517818.0,0.35,Bullish,47.0,"Above 50 DMA, Above 200 DMA, Strong but overbought RSI, Near 52W high momentum",57.29,48.75,32.42,7.43,8.23,11.59,49.86,40.52,20.83,100.0,"Strong 1M absolute return, Strong 3M absolute return, Strong 6M absolute return, 1M Nifty outperformance, 3M Nifty outperformance, 6M Nifty outperformance, Positive across 1M/3M/6M",17.31,Profit Booking Zone,79.11,228.64,288.49,26.18,100.0,80.0% of closes stayed inside the range | Range width 26.2% | Currently 100.0% through the range,28.63,4.92,5.07,2.19,0.06,480.89,148.1,1.17,1.01,213.93,712.25,129.45,78.73,57.3328,26.0349,10.2877,13.0,0.929,13247.13,17.38,IT / Technology,8.0,10.0,6.0,17.0,7.0,48.0,1.0,Strong ROE,,5.0,53.0,Strong ROE for an asset-light business,56.85,3.0,Low volume participation,60.83,Watchlist,"Above 50 DMA, Above 200 DMA, Strong but overbought RSI, Near 52W high momentum, Strong ROE, Strong 1M absolute return, Strong 3M absolute return, Strong 6M absolute return, 1M Nifty outperformance, 3M Nifty outperformance, 6M Nifty outperformance, Positive across 1M/3M/6M, 80.0% of closes stayed inside the range | Range width 26.2% | Currently 100.0% through the range"
ASALCBR,Consumer Defensive,Beverages - Wineries & Distilleries,683.62,-0.46,312.91,740.42,118.47,7.67,59.8,599.56,509.71,198003.0,54124.0,0.27,Bullish,60.0,"Above 50 DMA, Above 200 DMA, Healthy RSI momentum, Near 52W high momentum",23.83,35.25,42.96,7.43,8.23,11.59,16.4,27.02,31.37,100.0,"Strong 1M absolute return, Strong 3M absolute return, Strong 6M absolute return, 1M Nifty outperformance, 3M Nifty outperformance, 6M Nifty outperformance, Positive across 1M/3M/6M",7.58,Profit Booking Zone,79.47,472.75,671.11,41.96,100.0,80.0% of closes stayed inside the range | Range width 42.0% | Currently 100.0% through the range,11.97,8.18,8.32,6.71,8.16,21.82,25.54,1.75,0.97,9.43,107.99,28.42,-75.68,16.8474,13.1342,1.9608,28.0,0.411,1434.66,35.02,FMCG / Consumer,9.0,13.0,11.0,9.0,15.0,57.0,1.0,,Negative free cash flow,3.0,60.0,"Low debt, typical of a healthy consumer business",44.26,7.0,"Low volume participation, Negative free cash flow",60.64,Watchlist,"Above 50 DMA, Above 200 DMA, Healthy RSI momentum, Near 52W high momentum, Strong 1M absolute return, Strong 3M absolute return, Strong 6M absolute return, 1M Nifty outperformance, 3M Nifty outperformance, 6M Nifty outperformance, Positive across 1M/3M/6M, 80.0% of closes stayed inside the range | Range width 42.0% | Currently 100.0% through the range"
ARIES,Basic Materials,Agricultural Inputs,275.04,-0.4,125.1,340.46,119.85,19.22,63.23,248.91,227.5,192708.05,241215.0,1.25,Bullish,55.0,"Above 50 DMA, Above 200 DMA, Healthy RSI momentum, Normal volume support",23.76,0.62,32.65,7.43,8.23,11.59,16.33,-7.61,21.06,80.0,"Strong 1M absolute return, Positive 3M return, Strong 6M absolute return, 1M Nifty outperformance, 6M Nifty outperformance, Positive across 1M/3M/6M",26.67,Profit Booking Zone,78.31,217.46,283.25,30.25,87.52,80.0% of closes stayed inside the range | Range width 30.3% | Currently 87.5% through the range,7.46,3.75,9.81,3.76,9.36,13.44,28.25,1.68,1.08,2.43,73.55,76.54,46.08,13.1962,,1.8825,31.0,0.073,629.8,40.48,General,0.0,10.0,13.0,17.0,12.0,52.0,1.0,,,2.0,54.0,General low-debt support,53.22,0.0,,60.63,Watchlist,"Above 50 DMA, Above 200 DMA, Healthy RSI momentum, Normal volume support, Strong 1M absolute return, Positive 3M return, Strong 6M absolute return, 1M Nifty outperformance, 6M Nifty outperformance, Positive across 1M/3M/6M, 80.0% of closes stayed inside the range | Range width 30.3% | Currently 87.5% through the range"
21STCENMGM,Financial Services,Capital Markets,69.77,2.0,15.98,69.77,336.67,0.0,91.78,51.67,36.65,7441.8,1401.0,0.19,Bullish,52.0,"Above 50 DMA, Above 200 DMA, Strong but overbought RSI, Near 52W high momentum, Positive day move",48.25,66.78,120.67,7.43,8.23,11.59,40.82,58.55,109.08,100.0,"Strong 1M absolute return, Strong 3M absolute return, Strong 6M absolute return, 1M Nifty outperformance, 3M Nifty outperformance, 6M Nifty outperformance, Positive across 1M/3M/6M",12.2,Profit Booking Zone,77.57,38.47,55.17,43.42,100.0,80.0% of closes stayed inside the range | Range width 43.4% | Currently 100.0% through the range,60.4,57.9,83.79,92.04,358.52,278.11,0.0,20.38,16.29,3.76,0.0,-2.74,-2.77,,,1.3074,,0.504,43.22,0.0,Financial Services,25.0,20.0,20.0,0.0,4.0,69.0,0.86,"Strong ROE, Net cash position","Negative operating cash flow, Negative free cash flow",6.0,75.0,Strong ROE for a leveraged-balance-sheet business,53.67,12.0,"Low volume participation, Negative operating cash flow, Negative free cash flow",60.3,Watchlist,"Above 50 DMA, Above 200 DMA, Strong but overbought RSI, Near 52W high momentum, Positive day move, Strong ROE, Net cash position, Strong 1M absolute return, Strong 3M absolute return, Strong 6M absolute return, 1M Nifty outperformance, 3M Nifty outperformance, 6M Nifty outperformance, Positive across 1M/3M/6M, 80.0% of closes stayed inside the range | Range width 43.4% | Currently 100.0% through the range"
ASAL,Consumer Cyclical,Auto Parts,1037.0,-0.65,249.0,1094.55,316.47,5.26,64.36,907.21,595.84,175651.25,65392.0,0.37,Bullish,60.0,"Above 50 DMA, Above 200 DMA, Healthy RSI momentum, Near 52W high momentum",24.99,73.01,151.03,7.43,8.23,11.59,17.56,64.78,139.44,100.0,"Strong 1M absolute return, Strong 3M absolute return, Strong 6M absolute return, 1M Nifty outperformance, 3M Nifty outperformance, 6M Nifty outperformance, Positive across 1M/3M/6M",7.43,Profit Booking Zone,70.77,456.91,1006.85,120.36,100.0,80.0% of closes stayed inside the range | Range width 120.4% | Currently 100.0% through the range,-273.66,7.08,3.97,2.29,6.29,142.27,-1420.67,0.7,0.41,1.88,104.71,31.12,18.48,25.9543,,21.4179,,0.515,774.5,27.36,Automobile,2.0,12.0,9.0,17.0,4.0,44.0,0.93,,,2.0,46.0,General low-debt support,47.22,3.0,Low volume participation,60.18,Watchlist,"Above 50 DMA, Above 200 DMA, Healthy RSI momentum, Near 52W high momentum, Strong 1M absolute return, Strong 3M absolute return, Strong 6M absolute return, 1M Nifty outperformance, 3M Nifty outperformance, 6M Nifty outperformance, Positive across 1M/3M/6M, 80.0% of closes stayed inside the range | Range width 120.4% | Currently 100.0% through the range"
BALPHARMA,Healthcare,Drug Manufacturers - Specialty & Generic,117.26,0.08,61.3,129.52,91.28,9.47,59.39,106.74,102.55,51575.35,52698.0,1.02,Bullish,70.0,"Above 50 DMA, Above 200 DMA, Healthy RSI momentum, Near 52W high momentum, Normal volume support, Positive day move",11.29,20.09,19.37,7.43,8.23,11.59,3.86,11.86,7.78,70.0,"Strong 1M absolute return, Strong 3M absolute return, Positive 6M return, 3M Nifty outperformance, Positive across 1M/3M/6M",32.5,Profit Booking Zone,83.74,96.07,118.24,23.08,95.58,80.0% of closes stayed inside the range | Range width 23.1% | Currently 95.6% through the range,10.27,2.31,6.42,2.18,12.43,187.44,197.56,1.15,0.72,4.2,142.25,22.81,11.83,18.7196,,1.6398,1.41,0.454,135.01,47.5,Pharma / Healthcare,2.0,15.0,2.0,17.0,11.0,47.0,1.0,,,0.0,47.0,,57.8,0.0,,60.12,Watchlist,"Above 50 DMA, Above 200 DMA, Healthy RSI momentum, Near 52W high momentum, Normal volume support, Positive day move, Strong 1M absolute return, Strong 3M absolute return, Positive 6M return, 3M Nifty outperformance, Positive across 1M/3M/6M, 80.0% of closes stayed inside the range | Range width 23.1% | Currently 95.6% through the range"
AJMERA,Real Estate,Real Estate - Development,141.81,0.55,45.75,175.65,210.0,19.26,53.88,145.13,115.3,280615.0,247215.0,0.88,Bearish,40.0,"Above 200 DMA, Healthy RSI momentum, Positive day move",10.43,-4.38,66.38,7.43,8.23,11.59,3.0,-12.61,54.79,50.0,"Strong 1M absolute return, Strong 6M absolute return, 6M Nifty outperformance",85.71,Neutral Range,68.89,112.86,161.96,43.51,58.97,80.0% of closes stayed inside the range | Range width 43.5% | Currently 59.0% through the range,11.88,5.24,28.51,14.69,62.36,43.84,93.38,10.21,2.96,73.65,808.41,219.74,217.06,14.9377,5.9,1.6495,85.0,0.56,2310.58,32.37,Cement / Realty,15.0,20.0,12.0,17.0,15.0,79.0,1.0,,,0.0,79.0,,65.69,0.0,,60.0,Watchlist,"Above 200 DMA, Healthy RSI momentum, Positive day move, Strong 1M absolute return, Strong 6M absolute return, 6M Nifty outperformance, 80.0% of closes stayed inside the range | Range width 43.5% | Currently 59.0% through the range"
ANANTRAJ,Real Estate,Real Estate - Development,488.5,0.66,79.87,495.87,511.65,1.49,74.08,395.15,313.47,1804125.0,1801620.0,1.0,Bullish,52.0,"Above 50 DMA, Above 200 DMA, Strong but overbought RSI, Near 52W high momentum, Positive day move",38.16,48.46,67.87,7.43,8.23,11.59,30.73,40.23,56.28,100.0,"Strong 1M absolute return, Strong 3M absolute return, Strong 6M absolute return, 1M Nifty outperformance, 3M Nifty outperformance, 6M Nifty outperformance, Positive across 1M/3M/6M",21.43,Profit Booking Zone,78.37,310.28,428.63,38.14,100.0,80.0% of closes stayed inside the range | Range width 38.1% | Currently 100.0% through the range,7.27,5.46,21.29,17.93,55.0,75.97,17.14,5.9,2.85,305.01,626.74,-25.52,-69.48,37.2328,20.7633,3.7684,17.0,0.367,21813.94,31.04,Cement / Realty,12.0,20.0,17.0,0.0,9.0,58.0,1.0,,"Negative operating cash flow, Negative free cash flow",2.0,60.0,General low-debt support,65.69,9.0,"Negative operating cash flow, Negative free cash flow",59.85,Watchlist,"Above 50 DMA, Above 200 DMA, Strong but overbought RSI, Near 52W high momentum, Positive day move, Strong 1M absolute return, Strong 3M absolute return, Strong 6M absolute return, 1M Nifty outperformance, 3M Nifty outperformance, 6M Nifty outperformance, Positive across 1M/3M/6M, 80.0% of closes stayed inside the range | Range width 38.1% | Currently 100.0% through the range"
ASTRAMICRO,Technology,Communication Equipment,940.35,-0.41,211.41,1054.29,344.8,10.81,58.15,815.82,620.51,979325.75,685212.0,0.7,Bullish,60.0,"Above 50 DMA, Above 200 DMA, Healthy RSI momentum, Near 52W high momentum",25.58,51.54,55.17,7.43,8.23,11.59,18.15,43.31,43.58,100.0,"Strong 1M absolute return, Strong 3M absolute return, Strong 6M absolute return, 1M Nifty outperformance, 3M Nifty outperformance, 6M Nifty outperformance, Positive across 1M/3M/6M",17.31,Profit Booking Zone,75.36,559.48,943.38,68.62,99.21,80.0% of closes stayed inside the range | Range width 68.6% | Currently 99.2% through the range,12.53,8.21,18.38,13.32,11.68,73.37,24.6,2.85,1.66,66.06,237.64,-181.52,-228.97,84.7369,52.4736,12.3282,14.0,0.519,16203.32,51.09,IT / Technology,18.0,15.0,15.0,0.0,5.0,53.0,1.0,,"Negative operating cash flow, Negative free cash flow, Very high PE",5.0,58.0,Strong operating margin,56.85,9.0,"Negative operating cash flow, Negative free cash flow",59.83,Watchlist,"Above 50 DMA, Above 200 DMA, Healthy RSI momentum, Near 52W high momentum, Strong 1M absolute return, Strong 3M absolute return, Strong 6M absolute return, 1M Nifty outperformance, 3M Nifty outperformance, 6M Nifty outperformance, Positive across 1M/3M/6M, 80.0% of closes stayed inside the range | Range width 68.6% | Currently 99.2% through the range"
BHAGYANGR,Basic Materials,Copper,122.34,12.29,40.55,128.89,201.7,5.08,68.54,110.11,92.13,275584.15,3385380.0,12.28,Bullish,85.0,"Above 50 DMA, Above 200 DMA, Healthy RSI momentum, Near 52W high momentum, Strong volume expansion, Strong positive day move",21.01,17.8,23.7,7.43,8.23,11.59,13.58,9.57,12.11,55.0,"Strong 1M absolute return, Positive 3M return, Positive 6M return, 1M Nifty outperformance, Positive across 1M/3M/6M",55.0,Breakout Watch,86.9,90.38,115.17,27.42,100.0,80.0% of closes stayed inside the range | Range width 27.4% | Currently 100.0% through the range | Above upper band on elevated volume,23.65,13.71,1.71,3.2,-22.56,351.35,52.08,3.18,2.14,3.02,100.71,96.11,91.76,19.9109,,4.8544,,1.28,1309.88,8.75,Metals / Mining,11.0,10.0,12.0,17.0,8.0,58.0,0.93,Strong ROE,Revenue contraction,4.0,62.0,"General quality ROE, General low-debt support",53.22,5.0,Revenue contraction,59.68,Watchlist,"Above 50 DMA, Above 200 DMA, Healthy RSI momentum, Near 52W high momentum, Strong volume expansion, Strong positive day move, Strong ROE, Strong 1M absolute return, Positive 3M return, Positive 6M return, 1M Nifty outperformance, Positive across 1M/3M/6M, 80.0% of closes stayed inside the range | Range width 27.4% | Currently 100.0% through the range | Above upper band on elevated volume"
BSOFT,Technology,Information Technology Services,688.99,0.86,237.37,827.72,190.25,16.76,66.62,623.06,642.54,3608455.25,2151459.0,0.6,Bullish,55.0,"Above 50 DMA, Above 200 DMA, Healthy RSI momentum, Positive day move",13.64,-6.56,-0.53,7.43,8.23,11.59,6.21,-14.79,-12.12,25.0,"Strong 1M absolute return, 1M Nifty outperformance",75.0,Neutral Range,72.24,589.08,799.68,35.75,47.44,80.0% of closes stayed inside the range | Range width 35.8% | Currently 47.4% through the range,20.49,15.89,17.5,11.82,10.08,88.12,3.06,3.71,3.71,392.57,93.18,718.23,692.01,14.1069,12.4155,2.0448,2.26,0.377,8414.58,39.51,IT / Technology,17.0,15.0,20.0,17.0,15.0,84.0,1.0,"Strong ROE, Cash covers debt",,5.0,89.0,Strong ROE for an asset-light business,56.85,0.0,,59.68,Watchlist,"Above 50 DMA, Above 200 DMA, Healthy RSI momentum, Positive day move, Strong ROE, Cash covers debt, Strong 1M absolute return, 1M Nifty outperformance, 80.0% of closes stayed inside the range | Range width 35.8% | Currently 47.4% through the range"
BIGBLOC,Industrials,Building Products & Equipment,119.09,2.7,55.21,141.98,115.72,16.13,54.49,118.68,97.55,263478.9,565084.0,2.14,Bullish,75.0,"Above 50 DMA, Above 200 DMA, Healthy RSI momentum, Strong volume expansion, Strong positive day move",11.0,3.6,47.05,7.43,8.23,11.59,3.57,-4.63,35.46,70.0,"Strong 1M absolute return, Positive 3M return, Strong 6M absolute return, 6M Nifty outperformance, Positive across 1M/3M/6M",46.09,Profit Booking Zone,82.14,90.2,122.19,35.46,90.31,80.0% of closes stayed inside the range | Range width 35.5% | Currently 90.3% through the range,29.7,10.52,19.94,12.7,21.55,2.52,136.99,1.23,1.03,0.83,142.51,19.11,-54.97,352.75,10.2,4.3572,,-0.116,599.29,55.2,Capital Goods / Infra,22.0,8.0,6.0,9.0,5.0,50.0,0.93,Strong ROE,"Negative free cash flow, Very high PE",5.0,55.0,Strong order-book-driven revenue growth,54.47,4.0,Negative free cash flow,59.67,Watchlist,"Above 50 DMA, Above 200 DMA, Healthy RSI momentum, Strong volume expansion, Strong positive day move, Strong ROE, Strong 1M absolute return, Positive 3M return, Strong 6M absolute return, 6M Nifty outperformance, Positive across 1M/3M/6M, 80.0% of closes stayed inside the range | Range width 35.5% | Currently 90.3% through the range"
ASHIMASYN,Real Estate,Real Estate - Development,44.69,-4.77,12.15,51.6,267.82,13.39,65.44,30.78,21.12,2811561.1,5689897.0,2.02,Bullish,75.0,"Above 50 DMA, Above 200 DMA, Healthy RSI momentum, Near 52W high momentum, Strong volume expansion",49.72,130.36,161.35,7.43,8.23,11.59,42.29,122.13,149.76,100.0,"Strong 1M absolute return, Strong 3M absolute return, Strong 6M absolute return, 1M Nifty outperformance, 3M Nifty outperformance, 6M Nifty outperformance, Positive across 1M/3M/6M",21.43,Breakout Watch,73.92,18.75,37.73,101.29,100.0,80.0% of closes stayed inside the range | Range width 101.3% | Currently 100.0% through the range | Above upper band on elevated volume,30.43,18.1,79.61,107.59,-56.71,1549.77,38.37,3.07,1.29,64.47,121.59,-38.51,-43.68,,,1.3033,,0.217,360.9,71.39,Cement / Realty,25.0,10.0,14.0,0.0,4.0,53.0,0.86,Strong ROE,"Revenue contraction, Negative operating cash flow, Negative free cash flow",4.0,57.0,"General quality ROE, General low-debt support",65.69,14.0,"Revenue contraction, Negative operating cash flow, Negative free cash flow",59.55,Watchlist,"Above 50 DMA, Above 200 DMA, Healthy RSI momentum, Near 52W high momentum, Strong volume expansion, Strong ROE, Strong 1M absolute return, Strong 3M absolute return, Strong 6M absolute return, 1M Nifty outperformance, 3M Nifty outperformance, 6M Nifty outperformance, Positive across 1M/3M/6M, 80.0% of closes stayed inside the range | Range width 101.3% | Currently 100.0% through the range | Above upper band on elevated volume"
BVCL,Basic Materials,Building Materials,63.86,-0.47,22.5,77.0,183.82,17.06,59.73,56.62,52.2,75937.55,40176.0,0.53,Bullish,50.0,"Above 50 DMA, Above 200 DMA, Healthy RSI momentum",26.96,20.72,21.75,7.43,8.23,11.59,19.53,12.49,10.16,80.0,"Strong 1M absolute return, Strong 3M absolute return, Positive 6M return, 1M Nifty outperformance, 3M Nifty outperformance, Positive across 1M/3M/6M",26.67,Profit Booking Zone,78.38,51.94,65.16,25.44,90.2,80.0% of closes stayed inside the range | Range width 25.4% | Currently 90.2% through the range,6.03,3.09,7.68,3.11,29.31,38.95,40.48,1.19,0.71,1.41,48.71,16.24,13.57,48.2418,,0.771,,,97.28,62.78,Cement / Realty,0.0,20.0,9.0,17.0,6.0,52.0,0.93,,,2.0,54.0,General low-debt support,53.22,0.0,,59.38,Watchlist,"Above 50 DMA, Above 200 DMA, Healthy RSI momentum, Strong 1M absolute return, Strong 3M absolute return, Positive 6M return, 1M Nifty outperformance, 3M Nifty outperformance, Positive across 1M/3M/6M, 80.0% of closes stayed inside the range | Range width 25.4% | Currently 90.2% through the range"
ATLANTAA,Industrials,Infrastructure Operations,41.25,-1.72,10.35,47.34,298.55,12.86,54.28,36.05,24.85,78712.0,92310.0,1.17,Bullish,65.0,"Above 50 DMA, Above 200 DMA, Healthy RSI momentum, Near 52W high momentum, Normal volume support",13.17,70.45,63.04,7.43,8.23,11.59,5.74,62.22,51.45,100.0,"Strong 1M absolute return, Strong 3M absolute return, Strong 6M absolute return, 1M Nifty outperformance, 3M Nifty outperformance, 6M Nifty outperformance, Positive across 1M/3M/6M",13.28,Profit Booking Zone,75.51,21.9,41.24,88.32,100.0,81.7% of closes stayed inside the range | Range width 88.3% | Currently 100.0% through the range,296.51,99.47,60.04,352.51,160.44,1544.03,156.88,0.97,0.74,10.08,247.54,-34.68,-39.53,,,1.4208,,0.959,301.79,71.18,Capital Goods / Infra,25.0,20.0,0.0,0.0,4.0,49.0,0.86,Strong ROE,"Negative operating cash flow, Negative free cash flow",5.0,54.0,Strong order-book-driven revenue growth,54.47,9.0,"Negative operating cash flow, Negative free cash flow",59.32,Watchlist,"Above 50 DMA, Above 200 DMA, Healthy RSI momentum, Near 52W high momentum, Normal volume support, Strong ROE, Strong 1M absolute return, Strong 3M absolute return, Strong 6M absolute return, 1M Nifty outperformance, 3M Nifty outperformance, 6M Nifty outperformance, Positive across 1M/3M/6M, 81.7% of closes stayed inside the range | Range width 88.3% | Currently 100.0% through the range"
ASHOKA,Industrials,Engineering & Construction,232.65,-1.26,70.15,249.0,231.65,6.57,60.67,196.43,160.98,4449156.05,961419.0,0.22,Bullish,60.0,"Above 50 DMA, Above 200 DMA, Healthy RSI momentum, Near 52W high momentum",29.18,38.24,69.82,7.43,8.23,11.59,21.75,30.01,58.23,100.0,"Strong 1M absolute return, Strong 3M absolute return, Strong 6M absolute return, 1M Nifty outperformance, 3M Nifty outperformance, 6M Nifty outperformance, Positive across 1M/3M/6M",13.28,Profit Booking Zone,79.78,160.02,223.83,39.88,100.0,80.0% of closes stayed inside the range | Range width 39.9% | Currently 100.0% through the range,22.66,2.63,13.34,5.62,21.8,72.04,255.14,1.21,1.13,458.8,5664.66,748.84,602.61,5.0973,8.0321,0.4806,,0.512,3162.35,31.8,Capital Goods / Infra,9.0,18.0,4.0,17.0,10.0,58.0,0.93,Strong ROE,Very high debt,5.0,63.0,Strong order-book-driven revenue growth,54.47,11.0,"Low volume participation, Very high debt",59.22,Watchlist,"Above 50 DMA, Above 200 DMA, Healthy RSI momentum, Near 52W high momentum, Strong ROE, Strong 1M absolute return, Strong 3M absolute return, Strong 6M absolute return, 1M Nifty outperformance, 3M Nifty outperformance, 6M Nifty outperformance, Positive across 1M/3M/6M, 80.0% of closes stayed inside the range | Range width 39.9% | Currently 100.0% through the range"
DATAMATICS,Technology,Information Technology Services,658.69,4.47,250.41,781.06,163.04,15.67,67.89,576.34,612.06,384268.55,1116623.0,2.91,Bullish,75.0,"Above 50 DMA, Above 200 DMA, Healthy RSI momentum, Strong volume expansion, Strong positive day move",26.1,13.58,-8.33,7.43,8.23,11.59,18.67,5.35,-19.92,35.0,"Strong 1M absolute return, Positive 3M return, 1M Nifty outperformance",65.38,Profit Booking Zone,80.65,527.1,697.49,32.32,77.23,80.0% of closes stayed inside the range | Range width 32.3% | Currently 77.2% through the range,16.13,13.54,13.88,12.79,6.22,4.91,1.41,4.9,,99.36,17.38,183.87,167.56,21.6012,15.9336,3.0315,63.0,0.225,4680.64,38.89,IT / Technology,17.0,4.0,17.0,17.0,11.0,66.0,0.93,Cash covers debt,,0.0,66.0,,56.85,0.0,,59.13,Watchlist,"Above 50 DMA, Above 200 DMA, Healthy RSI momentum, Strong volume expansion, Strong positive day move, Cash covers debt, Strong 1M absolute return, Positive 3M return, 1M Nifty outperformance, 80.0% of closes stayed inside the range | Range width 32.3% | Currently 77.2% through the range"
AROGRANITE,Industrials,Building Products & Equipment,60.13,1.78,36.6,69.3,64.29,13.23,61.52,54.46,53.73,97122.5,54691.0,0.56,Bullish,65.0,"Above 50 DMA, Above 200 DMA, Healthy RSI momentum, Near 52W high momentum, Positive day move",19.31,25.93,22.71,7.43,8.23,11.59,11.88,17.7,11.12,80.0,"Strong 1M absolute return, Strong 3M absolute return, Positive 6M return, 1M Nifty outperformance, 3M Nifty outperformance, Positive across 1M/3M/6M",39.84,Profit Booking Zone,83.25,48.64,60.14,23.65,99.9,80.0% of closes stayed inside the range | Range width 23.6% | Currently 99.9% through the range,0.68,0.3,12.34,0.85,-5.37,122.7,98.29,1.54,0.41,0.75,188.75,35.03,34.88,,,0.2208,,0.496,38.4,34.99,Capital Goods / Infra,3.0,10.0,8.0,17.0,4.0,42.0,0.86,,Revenue contraction,0.0,42.0,,54.47,0.0,,59.12,Watchlist,"Above 50 DMA, Above 200 DMA, Healthy RSI momentum, Near 52W high momentum, Positive day move, Strong 1M absolute return, Strong 3M absolute return, Positive 6M return, 1M Nifty outperformance, 3M Nifty outperformance, Positive across 1M/3M/6M, 80.0% of closes stayed inside the range | Range width 23.6% | Currently 99.9% through the range"
AIAENG,Industrials,Specialty Industrial Machinery,4211.63,0.06,2352.9,4589.88,79.0,8.24,67.84,3847.63,3708.74,78159.8,21926.0,0.28,Bullish,65.0,"Above 50 DMA, Above 200 DMA, Healthy RSI momentum, Near 52W high momentum, Positive day move",16.07,5.58,15.48,7.43,8.23,11.59,8.64,-2.65,3.89,55.0,"Strong 1M absolute return, Positive 3M return, Positive 6M return, 1M Nifty outperformance, Positive across 1M/3M/6M",59.38,Profit Booking Zone,84.51,3616.48,4172.02,15.36,100.0,80.0% of closes stayed inside the range | Range width 15.4% | Currently 100.0% through the range,17.06,15.15,26.03,23.74,-1.41,7.54,6.93,8.01,6.4,180.33,461.06,902.72,691.96,31.1659,27.9992,4.9227,38.0,0.263,,54.66,Capital Goods / Infra,21.0,2.0,17.0,17.0,11.0,68.0,1.0,,Revenue contraction,0.0,68.0,,54.47,3.0,Low volume participation,58.97,Watchlist,"Above 50 DMA, Above 200 DMA, Healthy RSI momentum, Near 52W high momentum, Positive day move, Strong 1M absolute return, Positive 3M return, Positive 6M return, 1M Nifty outperformance, Positive across 1M/3M/6M, 80.0% of closes stayed inside the range | Range width 15.4% | Currently 100.0% through the range"
CANTABIL,Consumer Cyclical,Apparel Manufacturing,252.82,-2.79,159.09,310.26,58.92,18.51,63.81,217.03,224.17,299896.7,298352.0,0.99,Bullish,50.0,"Above 50 DMA, Above 200 DMA, Healthy RSI momentum",28.08,21.13,9.18,7.43,8.23,11.59,20.65,12.9,-2.41,80.0,"Strong 1M absolute return, Strong 3M absolute return, Positive 6M return, 1M Nifty outperformance, 3M Nifty outperformance, Positive across 1M/3M/6M",28.38,Profit Booking Zone,78.92,197.34,254.39,28.91,97.25,80.0% of closes stayed inside the range | Range width 28.9% | Currently 97.2% through the range,19.06,8.04,16.33,10.12,11.38,-7.46,102.9,2.12,0.45,38.09,335.94,132.72,77.65,20.8911,,4.2564,62.0,-0.219,2037.34,71.04,Consumer Discretionary,16.0,5.0,7.0,17.0,8.0,53.0,1.0,Strong ROE,Earnings contraction,2.0,55.0,General quality ROE,47.22,0.0,,58.83,Watchlist,"Above 50 DMA, Above 200 DMA, Healthy RSI momentum, Strong ROE, Strong 1M absolute return, Strong 3M absolute return, Positive 6M return, 1M Nifty outperformance, 3M Nifty outperformance, Positive across 1M/3M/6M, 80.0% of closes stayed inside the range | Range width 28.9% | Currently 97.2% through the range"
AGARIND,Basic Materials,Specialty Chemicals,1223.11,-1.01,526.75,1290.26,132.2,5.2,69.41,976.25,938.43,173072.95,66288.0,0.38,Bullish,60.0,"Above 50 DMA, Above 200 DMA, Healthy RSI momentum, Near 52W high momentum",41.18,45.86,34.62,7.43,8.23,11.59,33.75,37.63,23.03,100.0,"Strong 1M absolute return, Strong 3M absolute return, Strong 6M absolute return, 1M Nifty outperformance, 3M Nifty outperformance, 6M Nifty outperformance, Positive across 1M/3M/6M",8.33,Profit Booking Zone,79.59,810.77,1144.77,41.2,100.0,80.0% of closes stayed inside the range | Range width 41.2% | Currently 100.0% through the range,21.37,9.75,6.73,5.14,5.47,18.39,70.61,1.23,0.93,42.7,360.82,112.28,-157.93,17.0377,42.1467,1.01,71.0,0.185,695.99,28.89,Chemicals,10.0,10.0,6.0,9.0,12.0,47.0,1.0,Strong ROE,Negative free cash flow,4.0,51.0,"General quality ROE, General low-debt support",53.22,7.0,"Low volume participation, Negative free cash flow",58.83,Watchlist,"Above 50 DMA, Above 200 DMA, Healthy RSI momentum, Near 52W high momentum, Strong ROE, Strong 1M absolute return, Strong 3M absolute return, Strong 6M absolute return, 1M Nifty outperformance, 3M Nifty outperformance, 6M Nifty outperformance, Positive across 1M/3M/6M, 80.0% of closes stayed inside the range | Range width 41.2% | Currently 100.0% through the range"
CORALFINAC,Real Estate,Real Estate Services,51.63,-0.9,25.46,72.86,102.78,29.13,62.41,44.8,47.3,137782.2,135414.0,0.98,Bullish,50.0,"Above 50 DMA, Above 200 DMA, Healthy RSI momentum",20.27,29.57,-10.81,7.43,8.23,11.59,12.84,21.34,-22.4,60.0,"Strong 1M absolute return, Strong 3M absolute return, 1M Nifty outperformance, 3M Nifty outperformance",67.86,Neutral Range,69.78,40.19,60.19,49.77,57.22,80.0% of closes stayed inside the range | Range width 49.8% | Currently 57.2% through the range,11.32,10.75,65.59,102.22,-28.69,13.36,0.0,37.81,35.7,2.23,0.0,5.02,4.95,9.2905,,0.6449,59.0,0.453,134.05,100.0,Cement / Realty,18.0,5.0,20.0,17.0,12.0,72.0,1.0,Net cash position,Revenue contraction,2.0,74.0,General low-debt support,65.69,5.0,Revenue contraction,58.25,Watchlist,"Above 50 DMA, Above 200 DMA, Healthy RSI momentum, Net cash position, Strong 1M absolute return, Strong 3M absolute return, 1M Nifty outperformance, 3M Nifty outperformance, 80.0% of closes stayed inside the range | Range width 49.8% | Currently 57.2% through the range"
BIRLACORPN,Basic Materials,Building Materials,1571.69,1.08,818.64,1753.51,91.99,10.37,62.9,1455.25,1393.83,185725.95,186592.0,1.0,Bullish,70.0,"Above 50 DMA, Above 200 DMA, Healthy RSI momentum, Near 52W high momentum, Normal volume support, Positive day move",13.46,6.62,12.16,7.43,8.23,11.59,6.03,-1.61,0.57,55.0,"Strong 1M absolute return, Positive 3M return, Positive 6M return, 1M Nifty outperformance, Positive across 1M/3M/6M",55.0,Profit Booking Zone,81.61,1385.02,1630.55,17.73,76.02,80.0% of closes stayed inside the range | Range width 17.7% | Currently 76.0% through the range,6.3,2.91,9.06,4.44,11.31,938.42,58.49,1.18,0.8,156.8,3903.47,1620.09,1090.69,12.285,11.3092,0.9214,1.42,0.468,6785.71,82.08,Cement / Realty,0.0,15.0,6.0,17.0,14.0,52.0,1.0,,,2.0,54.0,General low-debt support,53.22,0.0,,58.13,Watchlist,"Above 50 DMA, Above 200 DMA, Healthy RSI momentum, Near 52W high momentum, Normal volume support, Positive day move, Strong 1M absolute return, Positive 3M return, Positive 6M return, 1M Nifty outperformance, Positive across 1M/3M/6M, 80.0% of closes stayed inside the range | Range width 17.7% | Currently 76.0% through the range"
ADOR,Industrials,Specialty Industrial Machinery,1354.06,0.04,707.92,1685.34,91.27,19.66,57.36,1301.42,1316.99,71034.65,12664.0,0.18,Bullish,55.0,"Above 50 DMA, Above 200 DMA, Healthy RSI momentum, Positive day move",18.87,0.34,-7.24,7.43,8.23,11.59,11.44,-7.89,-18.83,35.0,"Strong 1M absolute return, Positive 3M return, 1M Nifty outperformance",71.09,Neutral Range,75.23,1253.29,1474.44,17.65,45.57,80.0% of closes stayed inside the range | Range width 17.6% | Currently 45.6% through the range,18.28,12.7,10.3,8.1,38.48,45.83,9.45,2.27,1.52,4.04,44.69,58.29,14.96,25.0782,19.9707,5.1337,2.24,0.289,2846.4,36.82,Capital Goods / Infra,17.0,20.0,17.0,17.0,11.0,82.0,1.0,Strong ROE,,5.0,87.0,Strong order-book-driven revenue growth,54.47,3.0,Low volume participation,58.12,Watchlist,"Above 50 DMA, Above 200 DMA, Healthy RSI momentum, Positive day move, Strong ROE, Strong 1M absolute return, Positive 3M return, 1M Nifty outperformance, 80.0% of closes stayed inside the range | Range width 17.6% | Currently 45.6% through the range"
BIOFILCHEM,Healthcare,Drug Manufacturers - Specialty & Generic,68.21,2.0,39.3,79.0,73.56,13.66,57.66,65.74,59.48,84731.2,137686.0,1.62,Bullish,80.0,"Above 50 DMA, Above 200 DMA, Healthy RSI momentum, Near 52W high momentum, Volume expansion, Strong positive day move",19.56,-2.63,25.96,7.43,8.23,11.59,12.13,-10.86,14.37,35.0,"Strong 1M absolute return, Positive 6M return, 1M Nifty outperformance",75.0,Profit Booking Zone,83.55,58.32,70.88,21.53,78.73,80.0% of closes stayed inside the range | Range width 21.5% | Currently 78.7% through the range,3.9,1.51,1.04,1.77,33.29,26.55,2.41,1.35,1.26,2.28,0.44,2.39,2.37,109.7667,,2.4926,,0.572,53.59,7.17,Pharma / Healthcare,0.0,20.0,16.0,17.0,4.0,57.0,0.93,Cash covers debt,Very high PE,2.0,59.0,General low-debt support,57.8,0.0,,58.07,Watchlist,"Above 50 DMA, Above 200 DMA, Healthy RSI momentum, Near 52W high momentum, Volume expansion, Strong positive day move, Cash covers debt, Strong 1M absolute return, Positive 6M return, 1M Nifty outperformance, 80.0% of closes stayed inside the range | Range width 21.5% | Currently 78.7% through the range"
ARVINDFASN,Consumer Cyclical,Apparel Retail,529.48,1.66,257.91,554.69,105.29,4.55,67.3,472.18,426.43,907908.35,1612751.0,1.78,Bullish,75.0,"Above 50 DMA, Above 200 DMA, Healthy RSI momentum, Near 52W high momentum, Volume expansion, Positive day move",19.64,16.66,30.0,7.43,8.23,11.59,12.21,8.43,18.41,70.0,"Strong 1M absolute return, Positive 3M return, Positive 6M return, 1M Nifty outperformance, 6M Nifty outperformance, Positive across 1M/3M/6M",32.43,Breakout Watch,86.46,438.92,510.8,16.38,100.0,80.0% of closes stayed inside the range | Range width 16.4% | Currently 100.0% through the range | Above upper band on elevated volume,8.04,2.24,6.93,1.9,4.6,119.67,114.42,1.27,0.74,152.6,1147.92,434.18,351.91,49.9059,24.9964,6.3725,36.0,0.093,6025.06,54.63,Consumer Discretionary,2.0,12.0,4.0,17.0,7.0,42.0,1.0,,,0.0,42.0,,47.22,0.0,,58.03,Watchlist,"Above 50 DMA, Above 200 DMA, Healthy RSI momentum, Near 52W high momentum, Volume expansion, Positive day move, Strong 1M absolute return, Positive 3M return, Positive 6M return, 1M Nifty outperformance, 6M Nifty outperformance, Positive across 1M/3M/6M, 80.0% of closes stayed inside the range | Range width 16.4% | Currently 100.0% through the range | Above upper band on elevated volume"
AGI,Consumer Cyclical,Packaging & Containers,845.18,11.13,274.81,1074.11,207.55,21.31,79.33,711.0,810.57,302324.0,2810024.0,9.29,Bullish,62.0,"Above 50 DMA, Above 200 DMA, Strong but overbought RSI, Strong volume expansion, Strong positive day move",33.12,11.6,3.03,7.43,8.23,11.59,25.69,3.37,-8.56,55.0,"Strong 1M absolute return, Positive 3M return, Positive 6M return, 1M Nifty outperformance, Positive across 1M/3M/6M",41.89,Profit Booking Zone,82.55,679.37,843.94,24.22,100.0,80.0% of closes stayed inside the range | Range width 24.2% | Currently 100.0% through the range,13.85,7.49,16.61,10.47,6.36,-3.94,34.2,1.55,1.04,232.27,620.52,588.39,316.14,13.1746,8.0373,2.0827,95.0,-0.185,5012.75,51.46,Consumer Discretionary,12.0,2.0,13.0,17.0,15.0,59.0,1.0,,Earnings contraction,2.0,61.0,General low-debt support,47.22,0.0,,57.68,Watchlist,"Above 50 DMA, Above 200 DMA, Strong but overbought RSI, Strong volume expansion, Strong positive day move, Strong 1M absolute return, Positive 3M return, Positive 6M return, 1M Nifty outperformance, Positive across 1M/3M/6M, 80.0% of closes stayed inside the range | Range width 24.2% | Currently 100.0% through the range"
DIGISPICE,Financial Services,Financial Conglomerates,42.3,-5.31,17.75,52.7,138.31,19.73,65.26,31.93,31.1,2077988.85,1583598.0,0.76,Bullish,50.0,"Above 50 DMA, Above 200 DMA, Healthy RSI momentum",60.84,59.32,51.34,7.43,8.23,11.59,53.41,51.09,39.75,100.0,"Strong 1M absolute return, Strong 3M absolute return, Strong 6M absolute return, 1M Nifty outperformance, 3M Nifty outperformance, 6M Nifty outperformance, Positive across 1M/3M/6M",12.2,Profit Booking Zone,78.12,26.05,37.37,43.46,100.0,80.8% of closes stayed inside the range | Range width 43.5% | Currently 100.0% through the range,4.76,1.8,1.53,2.66,1.83,156.67,10.61,1.19,1.18,117.89,26.04,41.76,33.17,18.3548,,1.7867,,0.237,356.09,21.03,Financial Services,0.0,10.0,16.0,17.0,10.0,53.0,0.93,Cash covers debt,,-5.0,48.0,Weak ROE for a leveraged-balance-sheet business,53.67,5.0,Sharp daily fall,57.35,Watchlist,"Above 50 DMA, Above 200 DMA, Healthy RSI momentum, Cash covers debt, Strong 1M absolute return, Strong 3M absolute return, Strong 6M absolute return, 1M Nifty outperformance, 3M Nifty outperformance, 6M Nifty outperformance, Positive across 1M/3M/6M, 80.8% of closes stayed inside the range | Range width 43.5% | Currently 100.0% through the range"
AJOONI,Consumer Defensive,Packaged Foods,6.46,-3.58,2.69,7.39,140.23,12.53,66.6,5.87,5.22,5917948.4,6865241.0,1.16,Bullish,65.0,"Above 50 DMA, Above 200 DMA, Healthy RSI momentum, Near 52W high momentum, Normal volume support",9.49,19.14,13.6,7.43,8.23,11.59,2.06,10.91,2.01,53.0,"Positive 1M return, Positive 3M return, Positive 6M return, 3M Nifty outperformance, Positive across 1M/3M/6M",34.85,Profit Booking Zone,83.05,5.04,6.31,25.14,100.0,80.0% of closes stayed inside the range | Range width 25.1% | Currently 100.0% through the range,5.06,4.55,1.89,2.7,7.55,92.16,5.08,10.74,5.63,0.43,2.17,22.91,17.31,15.28,,0.7935,,0.332,65.8,18.54,FMCG / Consumer,0.0,12.0,17.0,17.0,10.0,56.0,0.93,,,3.0,59.0,"Low debt, typical of a healthy consumer business",44.26,0.0,,56.79,Watchlist,"Above 50 DMA, Above 200 DMA, Healthy RSI momentum, Near 52W high momentum, Normal volume support, Positive 1M return, Positive 3M return, Positive 6M return, 3M Nifty outperformance, Positive across 1M/3M/6M, 80.0% of closes stayed inside the range | Range width 25.1% | Currently 100.0% through the range"
APOLLOTYRE,Consumer Cyclical,Auto Parts,510.47,-1.18,238.15,538.87,114.35,5.27,63.39,474.01,444.32,3784403.9,2987714.0,0.79,Bullish,60.0,"Above 50 DMA, Above 200 DMA, Healthy RSI momentum, Near 52W high momentum",12.41,12.42,20.41,7.43,8.23,11.59,4.98,4.19,8.82,45.0,"Strong 1M absolute return, Positive 3M return, Positive 6M return, Positive across 1M/3M/6M",51.35,Profit Booking Zone,82.18,450.76,516.59,14.6,90.71,80.0% of closes stayed inside the range | Range width 14.6% | Currently 90.7% through the range,12.39,6.39,11.95,6.88,3.72,64.64,35.28,1.28,0.68,911.56,4905.1,3439.52,2709.11,16.4503,13.2258,1.6784,2.48,0.148,28054.98,43.16,Automobile,12.0,12.0,9.0,17.0,15.0,65.0,1.0,,,2.0,67.0,General low-debt support,47.22,0.0,,56.78,Watchlist,"Above 50 DMA, Above 200 DMA, Healthy RSI momentum, Near 52W high momentum, Strong 1M absolute return, Positive 3M return, Positive 6M return, Positive across 1M/3M/6M, 80.0% of closes stayed inside the range | Range width 14.6% | Currently 90.7% through the range"
BAJAJCON,Consumer Defensive,Household & Personal Products,262.35,-0.36,140.27,275.0,87.04,4.6,55.56,248.15,229.55,757354.45,249507.0,0.33,Bullish,60.0,"Above 50 DMA, Above 200 DMA, Healthy RSI momentum, Near 52W high momentum",9.91,13.77,27.02,7.43,8.23,11.59,2.48,5.54,15.43,53.0,"Positive 1M return, Positive 3M return, Positive 6M return, 6M Nifty outperformance, Positive across 1M/3M/6M",34.85,Profit Booking Zone,83.28,213.05,262.23,23.08,100.0,80.8% of closes stayed inside the range | Range width 23.1% | Currently 100.0% through the range,18.71,15.8,15.03,16.06,1.99,11.65,1.05,5.49,5.1,22.71,8.75,116.33,111.51,28.3353,21.0888,8.4669,,0.939,6236.37,61.47,FMCG / Consumer,19.0,5.0,20.0,17.0,7.0,68.0,0.93,"Strong ROE, Cash covers debt",,3.0,71.0,"Low debt, typical of a healthy consumer business",44.26,3.0,Low volume participation,56.74,Watchlist,"Above 50 DMA, Above 200 DMA, Healthy RSI momentum, Near 52W high momentum, Strong ROE, Cash covers debt, Positive 1M return, Positive 3M return, Positive 6M return, 6M Nifty outperformance, Positive across 1M/3M/6M, 80.8% of closes stayed inside the range | Range width 23.1% | Currently 100.0% through the range"
BANARISUG,Consumer Defensive,Confectioners,3105.81,-0.51,2173.88,3375.21,42.87,7.98,62.46,2655.14,2566.06,7583.8,2609.0,0.34,Bullish,60.0,"Above 50 DMA, Above 200 DMA, Healthy RSI momentum, Near 52W high momentum",38.24,28.53,24.57,7.43,8.23,11.59,30.81,20.3,12.98,80.0,"Strong 1M absolute return, Strong 3M absolute return, Positive 6M return, 1M Nifty outperformance, 3M Nifty outperformance, Positive across 1M/3M/6M",19.7,Profit Booking Zone,81.9,2341.59,2945.24,25.78,100.0,80.0% of closes stayed inside the range | Range width 25.8% | Currently 100.0% through the range,9.02,6.25,11.22,6.87,-11.97,6.21,28.79,2.09,0.32,6.37,486.08,274.22,133.12,40.4518,,2.5764,33.0,0.166,4928.98,31.74,General,10.0,2.0,12.0,17.0,8.0,49.0,1.0,,Revenue contraction,2.0,51.0,General low-debt support,44.26,3.0,Low volume participation,56.49,Watchlist,"Above 50 DMA, Above 200 DMA, Healthy RSI momentum, Near 52W high momentum, Strong 1M absolute return, Strong 3M absolute return, Positive 6M return, 1M Nifty outperformance, 3M Nifty outperformance, Positive across 1M/3M/6M, 80.0% of closes stayed inside the range | Range width 25.8% | Currently 100.0% through the range"
DONEAR,Consumer Cyclical,Textile Manufacturing,130.87,-0.65,51.05,145.66,156.36,10.15,59.07,113.05,105.59,852154.5,207543.0,0.24,Bullish,60.0,"Above 50 DMA, Above 200 DMA, Healthy RSI momentum, Near 52W high momentum",29.42,28.85,32.15,7.43,8.23,11.59,21.99,20.62,20.56,100.0,"Strong 1M absolute return, Strong 3M absolute return, Strong 6M absolute return, 1M Nifty outperformance, 3M Nifty outperformance, 6M Nifty outperformance, Positive across 1M/3M/6M",7.43,Profit Booking Zone,81.29,99.57,129.32,29.87,100.0,80.0% of closes stayed inside the range | Range width 29.9% | Currently 100.0% through the range,16.97,4.89,9.41,4.38,-3.61,-4.22,165.02,1.28,0.57,0.17,337.55,70.67,50.0,9.598,28.4396,1.5888,24.0,0.268,440.7,48.43,Consumer Discretionary,4.0,0.0,2.0,17.0,12.0,35.0,1.0,,"Revenue contraction, Earnings contraction",0.0,35.0,,47.22,3.0,Low volume participation,56.33,Watchlist,"Above 50 DMA, Above 200 DMA, Healthy RSI momentum, Near 52W high momentum, Strong 1M absolute return, Strong 3M absolute return, Strong 6M absolute return, 1M Nifty outperformance, 3M Nifty outperformance, 6M Nifty outperformance, Positive across 1M/3M/6M, 80.0% of closes stayed inside the range | Range width 29.9% | Currently 100.0% through the range"
ALANKIT,Technology,Information Technology Services,23.76,1.19,7.0,25.48,239.43,6.75,68.66,19.82,16.78,2319145.3,5388329.0,2.32,Bullish,80.0,"Above 50 DMA, Above 200 DMA, Healthy RSI momentum, Near 52W high momentum, Strong volume expansion, Positive day move",25.38,32.37,25.71,7.43,8.23,11.59,17.95,24.14,14.12,80.0,"Strong 1M absolute return, Strong 3M absolute return, Positive 6M return, 1M Nifty outperformance, 3M Nifty outperformance, Positive across 1M/3M/6M",38.46,Breakout Watch,85.55,16.85,21.8,29.44,100.0,80.0% of closes stayed inside the range | Range width 29.4% | Currently 100.0% through the range | Above upper band on elevated volume,7.81,4.06,7.7,9.15,-24.38,163.9,15.8,1.16,1.13,64.93,43.64,9.6,-70.87,11.2917,,0.6854,,0.659,220.45,43.68,IT / Technology,3.0,10.0,16.0,9.0,10.0,48.0,0.93,Cash covers debt,"Revenue contraction, Negative free cash flow",0.0,48.0,,56.85,9.0,"Revenue contraction, Negative free cash flow",56.33,Watchlist,"Above 50 DMA, Above 200 DMA, Healthy RSI momentum, Near 52W high momentum, Strong volume expansion, Positive day move, Cash covers debt, Strong 1M absolute return, Strong 3M absolute return, Positive 6M return, 1M Nifty outperformance, 3M Nifty outperformance, Positive across 1M/3M/6M, 80.0% of closes stayed inside the range | Range width 29.4% | Currently 100.0% through the range | Above upper band on elevated volume"
CENTEXT,Basic Materials,Aluminum,23.47,5.91,7.6,31.3,208.82,25.02,67.07,19.7,20.06,325448.25,879753.0,2.7,Bullish,75.0,"Above 50 DMA, Above 200 DMA, Healthy RSI momentum, Strong volume expansion, Strong positive day move",36.45,12.84,24.51,7.43,8.23,11.59,29.02,4.61,12.92,55.0,"Strong 1M absolute return, Positive 3M return, Positive 6M return, 1M Nifty outperformance, Positive across 1M/3M/6M",55.0,Neutral Range,78.19,18.64,26.3,41.06,63.03,80.8% of closes stayed inside the range | Range width 41.1% | Currently 63.0% through the range,10.2,4.68,5.17,1.99,0.83,24.79,66.34,1.44,0.95,10.56,48.46,11.38,5.99,14.461,,2.149,,0.118,178.16,20.1,Metals / Mining,2.0,8.0,6.0,17.0,10.0,43.0,0.93,,,2.0,45.0,General low-debt support,53.22,0.0,,56.23,Watchlist,"Above 50 DMA, Above 200 DMA, Healthy RSI momentum, Strong volume expansion, Strong positive day move, Strong 1M absolute return, Positive 3M return, Positive 6M return, 1M Nifty outperformance, Positive across 1M/3M/6M, 80.8% of closes stayed inside the range | Range width 41.1% | Currently 63.0% through the range"
BEDMUTHA,Basic Materials,Steel,239.32,-1.01,46.7,314.4,412.46,23.88,51.0,228.53,197.71,13587.55,15766.0,1.16,Bullish,55.0,"Above 50 DMA, Above 200 DMA, Healthy RSI momentum, Normal volume support",3.13,14.12,42.83,7.43,8.23,11.59,-4.3,5.89,31.24,63.0,"Positive 1M return, Positive 3M return, Strong 6M absolute return, 6M Nifty outperformance, Positive across 1M/3M/6M",39.17,Neutral Range,71.38,200.01,282.1,41.04,47.89,80.0% of closes stayed inside the range | Range width 41.0% | Currently 47.9% through the range,17.39,3.7,-0.05,2.6,18.61,61.0,104.37,1.47,1.22,1.14,125.73,73.86,45.42,20.5513,,2.2564,,0.144,342.8,12.57,Metals / Mining,4.0,18.0,6.0,17.0,8.0,53.0,0.93,,,0.0,53.0,,53.22,0.0,,56.03,Watchlist,"Above 50 DMA, Above 200 DMA, Healthy RSI momentum, Normal volume support, Positive 1M return, Positive 3M return, Strong 6M absolute return, 6M Nifty outperformance, Positive across 1M/3M/6M, 80.0% of closes stayed inside the range | Range width 41.0% | Currently 47.9% through the range"
CUB,Financial Services,Banks - Regional,126.03,1.6,86.5,148.39,45.69,15.07,71.78,112.47,105.42,9233081.0,7116473.0,0.77,Bullish,42.0,"Above 50 DMA, Above 200 DMA, Strong but overbought RSI, Positive day move",19.62,19.37,16.04,7.43,8.23,11.59,12.19,11.14,4.45,70.0,"Strong 1M absolute return, Positive 3M return, Positive 6M return, 1M Nifty outperformance, 3M Nifty outperformance, Positive across 1M/3M/6M",47.56,Profit Booking Zone,78.79,96.93,117.58,21.3,100.0,80.0% of closes stayed inside the range | Range width 21.3% | Currently 100.0% through the range,12.09,1.43,,35.45,-3.63,8.35,40.14,,,6943.53,3372.16,436.2,267.9,15.7171,11.4831,2.0841,87.0,0.344,22019.26,0.0,Banking,10.0,5.0,10.0,17.0,15.0,57.0,0.79,Cash covers debt,Revenue contraction,0.0,57.0,,53.67,0.0,,56.0,Watchlist,"Above 50 DMA, Above 200 DMA, Strong but overbought RSI, Positive day move, Cash covers debt, Strong 1M absolute return, Positive 3M return, Positive 6M return, 1M Nifty outperformance, 3M Nifty outperformance, Positive across 1M/3M/6M, 80.0% of closes stayed inside the range | Range width 21.3% | Currently 100.0% through the range"
DGCONTENT,Communication Services,Internet Content & Information,37.45,4.99,11.7,41.02,220.09,8.7,69.75,27.25,22.1,66958.15,12971.0,0.19,Bullish,70.0,"Above 50 DMA, Above 200 DMA, Healthy RSI momentum, Near 52W high momentum, Strong positive day move",60.73,65.34,99.2,7.43,8.23,11.59,53.3,57.11,87.61,100.0,"Strong 1M absolute return, Strong 3M absolute return, Strong 6M absolute return, 1M Nifty outperformance, 3M Nifty outperformance, 6M Nifty outperformance, Positive across 1M/3M/6M",10.71,Profit Booking Zone,81.45,19.64,29.32,49.25,100.0,80.8% of closes stayed inside the range | Range width 49.2% | Currently 100.0% through the range,499.13,2.4,6.73,1.39,18.63,144.67,13648.7,1.56,,5.55,156.96,22.61,12.63,119.25,,3.8749,,0.051,138.38,54.38,Telecom,8.0,18.0,4.0,17.0,2.0,49.0,0.86,Strong ROE,"Very high debt, Very high PE",2.0,51.0,General quality ROE,44.09,11.0,"Low volume participation, Very high debt",55.96,Watchlist,"Above 50 DMA, Above 200 DMA, Healthy RSI momentum, Near 52W high momentum, Strong positive day move, Strong ROE, Strong 1M absolute return, Strong 3M absolute return, Strong 6M absolute return, 1M Nifty outperformance, 3M Nifty outperformance, 6M Nifty outperformance, Positive across 1M/3M/6M, 80.8% of closes stayed inside the range | Range width 49.2% | Currently 100.0% through the range"
CROMPTON,Consumer Cyclical,"Furnishings, Fixtures & Appliances",397.37,-0.63,241.58,424.51,64.49,6.39,52.17,368.92,306.82,3216499.05,956124.0,0.3,Bullish,60.0,"Above 50 DMA, Above 200 DMA, Healthy RSI momentum, Near 52W high momentum",1.58,46.14,37.34,7.43,8.23,11.59,-5.85,37.91,25.75,88.0,"Positive 1M return, Strong 3M absolute return, Strong 6M absolute return, 3M Nifty outperformance, 6M Nifty outperformance, Positive across 1M/3M/6M",21.62,Profit Booking Zone,78.09,271.88,401.78,47.78,96.61,80.0% of closes stayed inside the range | Range width 47.8% | Currently 96.6% through the range,14.67,7.23,8.17,6.05,6.46,-5.03,22.78,1.31,0.91,172.06,683.19,843.41,759.62,,20.7911,5.0579,1.29,0.348,15003.22,31.54,Consumer Discretionary,9.0,2.0,9.0,17.0,3.0,40.0,0.93,,Earnings contraction,2.0,42.0,General low-debt support,47.22,3.0,Low volume participation,55.78,Watchlist,"Above 50 DMA, Above 200 DMA, Healthy RSI momentum, Near 52W high momentum, Positive 1M return, Strong 3M absolute return, Strong 6M absolute return, 3M Nifty outperformance, 6M Nifty outperformance, Positive across 1M/3M/6M, 80.0% of closes stayed inside the range | Range width 47.8% | Currently 96.6% through the range"
ARVIND,Consumer Cyclical,Textile Manufacturing,376.64,0.93,72.83,389.49,417.16,3.3,59.81,351.0,266.36,938396.75,1209706.0,1.29,Bullish,70.0,"Above 50 DMA, Above 200 DMA, Healthy RSI momentum, Near 52W high momentum, Normal volume support, Positive day move",11.25,35.2,49.01,7.43,8.23,11.59,3.82,26.97,37.42,95.0,"Strong 1M absolute return, Strong 3M absolute return, Strong 6M absolute return, 3M Nifty outperformance, 6M Nifty outperformance, Positive across 1M/3M/6M",16.22,Profit Booking Zone,82.15,264.55,365.33,38.1,100.0,80.0% of closes stayed inside the range | Range width 38.1% | Currently 100.0% through the range,9.5,4.64,8.29,4.5,-7.93,-16.8,40.87,1.12,0.48,57.32,1447.99,696.36,418.4,34.2376,21.2246,3.5216,83.0,0.17,14243.36,48.3,Consumer Discretionary,2.0,0.0,9.0,17.0,11.0,39.0,1.0,,"Revenue contraction, Earnings contraction",2.0,41.0,General low-debt support,47.22,7.0,Earnings contraction,55.68,Watchlist,"Above 50 DMA, Above 200 DMA, Healthy RSI momentum, Near 52W high momentum, Normal volume support, Positive day move, Strong 1M absolute return, Strong 3M absolute return, Strong 6M absolute return, 3M Nifty outperformance, 6M Nifty outperformance, Positive across 1M/3M/6M, 80.0% of closes stayed inside the range | Range width 38.1% | Currently 100.0% through the range"
BAGFILMS,Communication Services,Broadcasting,9.22,-0.54,3.5,15.4,163.43,40.13,56.41,8.72,8.61,177191.8,292565.0,1.65,Bullish,60.0,"Above 50 DMA, Above 200 DMA, Healthy RSI momentum, Volume expansion",12.44,3.02,1.88,7.43,8.23,11.59,5.01,-5.21,-9.71,55.0,"Strong 1M absolute return, Positive 3M return, Positive 6M return, 1M Nifty outperformance, Positive across 1M/3M/6M",50.0,Accumulation Zone,74.86,8.35,12.76,52.85,19.84,80.0% of closes stayed inside the range | Range width 52.8% | Currently 19.8% through the range,2.64,1.05,12.83,3.02,18.04,337.09,71.39,1.7,1.32,10.11,107.83,19.21,15.14,23.2632,,0.3572,,0.399,96.32,94.5,Telecom,3.0,18.0,10.0,17.0,8.0,56.0,0.93,,,2.0,58.0,General low-debt support,44.09,0.0,,55.66,Watchlist,"Above 50 DMA, Above 200 DMA, Healthy RSI momentum, Volume expansion, Strong 1M absolute return, Positive 3M return, Positive 6M return, 1M Nifty outperformance, Positive across 1M/3M/6M, 80.0% of closes stayed inside the range | Range width 52.8% | Currently 19.8% through the range"
CUBEXTUB,Basic Materials,Copper,103.77,2.0,24.25,127.55,327.92,18.64,63.7,100.51,77.69,11181.25,2866.0,0.26,Bullish,55.0,"Above 50 DMA, Above 200 DMA, Healthy RSI momentum, Positive day move",27.87,-0.89,65.77,7.43,8.23,11.59,20.44,-9.12,54.18,60.0,"Strong 1M absolute return, Strong 6M absolute return, 1M Nifty outperformance, 6M Nifty outperformance",42.5,Profit Booking Zone,75.07,69.98,107.69,53.88,89.59,80.0% of closes stayed inside the range | Range width 53.9% | Currently 89.6% through the range,5.76,3.8,2.51,1.81,15.57,50.6,21.78,2.25,1.8,3.83,15.07,3.43,2.38,14.6888,,1.3305,,0.923,110.84,2.87,Metals / Mining,0.0,18.0,15.0,17.0,10.0,60.0,0.93,,,2.0,62.0,General low-debt support,53.22,3.0,Low volume participation,55.43,Watchlist,"Above 50 DMA, Above 200 DMA, Healthy RSI momentum, Positive day move, Strong 1M absolute return, Strong 6M absolute return, 1M Nifty outperformance, 6M Nifty outperformance, 80.0% of closes stayed inside the range | Range width 53.9% | Currently 89.6% through the range"
CARERATING,Financial Services,Financial Data & Stock Exchanges,1062.91,0.01,431.45,1220.66,146.36,12.92,56.72,1054.33,981.14,31147.4,22588.0,0.73,Bullish,65.0,"Above 50 DMA, Above 200 DMA, Healthy RSI momentum, Near 52W high momentum, Positive day move",8.62,-5.24,14.51,7.43,8.23,11.59,1.19,-13.47,2.92,18.0,"Positive 1M return, Positive 6M return",76.83,Neutral Range,78.48,942.42,1129.81,19.88,64.29,80.0% of closes stayed inside the range | Range width 19.9% | Currently 64.3% through the range,14.02,11.94,30.98,30.31,18.89,20.35,2.73,8.57,,38.29,19.55,90.88,81.71,28.5198,21.5931,5.4204,1.31,0.356,5060.96,54.75,Financial Services,20.0,16.0,17.0,17.0,10.0,80.0,0.93,Cash covers debt,,-4.0,76.0,Expensive relative to book value for this sector,53.67,0.0,,55.4,Watchlist,"Above 50 DMA, Above 200 DMA, Healthy RSI momentum, Near 52W high momentum, Positive day move, Cash covers debt, Positive 1M return, Positive 6M return, 80.0% of closes stayed inside the range | Range width 19.9% | Currently 64.3% through the range"
BALMLAWRIE,Industrials,Conglomerates,247.62,-0.5,93.95,292.53,163.56,15.35,50.79,250.99,201.99,613639.85,425937.0,0.69,Bearish,35.0,"Above 200 DMA, Healthy RSI momentum",18.19,8.22,21.83,7.43,8.23,11.59,10.76,-0.01,10.24,55.0,"Strong 1M absolute return, Positive 3M return, Positive 6M return, 1M Nifty outperformance, Positive across 1M/3M/6M",59.38,Profit Booking Zone,73.24,208.1,259.86,24.87,76.34,80.0% of closes stayed inside the range | Range width 24.9% | Currently 76.3% through the range,13.17,8.35,13.06,10.93,-0.77,39.52,6.21,2.08,1.81,50.75,113.08,274.22,221.64,10.7302,,1.4673,9.7,0.682,3040.45,35.05,Capital Goods / Infra,14.0,10.0,17.0,17.0,12.0,70.0,1.0,,Revenue contraction,0.0,70.0,,54.47,0.0,,55.17,Watchlist,"Above 200 DMA, Healthy RSI momentum, Strong 1M absolute return, Positive 3M return, Positive 6M return, 1M Nifty outperformance, Positive across 1M/3M/6M, 80.0% of closes stayed inside the range | Range width 24.9% | Currently 76.3% through the range"
BLUESTARCO,Industrials,Building Products & Equipment,1583.66,-0.16,509.95,1773.27,210.55,10.69,48.65,1534.85,1171.12,284081.15,314594.0,1.11,Bullish,47.0,"Above 50 DMA, Above 200 DMA, RSI recovering, Normal volume support",4.69,22.5,69.46,7.43,8.23,11.59,-2.74,14.27,57.87,88.0,"Positive 1M return, Strong 3M absolute return, Strong 6M absolute return, 3M Nifty outperformance, 6M Nifty outperformance, Positive across 1M/3M/6M",30.47,Profit Booking Zone,74.39,1058.28,1612.72,52.39,94.76,80.0% of closes stayed inside the range | Range width 52.4% | Currently 94.8% through the range,15.9,6.27,6.06,4.33,21.23,3.62,9.31,1.3,0.94,373.64,242.93,289.22,-151.74,60.6061,38.5234,8.8674,57.0,0.172,30427.71,21.93,Capital Goods / Infra,6.0,10.0,14.0,9.0,5.0,44.0,1.0,Cash covers debt,Negative free cash flow,5.0,49.0,Strong order-book-driven revenue growth,54.47,4.0,Negative free cash flow,55.07,Watchlist,"Above 50 DMA, Above 200 DMA, RSI recovering, Normal volume support, Cash covers debt, Positive 1M return, Strong 3M absolute return, Strong 6M absolute return, 3M Nifty outperformance, 6M Nifty outperformance, Positive across 1M/3M/6M, 80.0% of closes stayed inside the range | Range width 52.4% | Currently 94.8% through the range"
AARTIDRUGS,Healthcare,Drug Manufacturers - Specialty & Generic,531.48,0.44,310.89,639.55,70.96,16.9,62.36,495.74,499.75,211951.9,198952.0,0.94,Bullish,55.0,"Above 50 DMA, Above 200 DMA, Healthy RSI momentum, Positive day move",11.19,14.4,8.76,7.43,8.23,11.59,3.76,6.17,-2.83,45.0,"Strong 1M absolute return, Positive 3M return, Positive 6M return, Positive across 1M/3M/6M",62.5,Profit Booking Zone,82.27,455.04,529.17,16.29,100.0,80.0% of closes stayed inside the range | Range width 16.3% | Currently 100.0% through the range,13.38,7.05,11.07,6.83,-7.27,3.07,44.03,1.66,1.05,6.74,564.28,358.92,132.59,19.9881,15.0018,2.4651,48.0,,3820.11,37.53,Pharma / Healthcare,12.0,2.0,13.0,17.0,15.0,59.0,1.0,,Revenue contraction,2.0,61.0,General low-debt support,57.8,0.0,,55.02,Watchlist,"Above 50 DMA, Above 200 DMA, Healthy RSI momentum, Positive day move, Strong 1M absolute return, Positive 3M return, Positive 6M return, Positive across 1M/3M/6M, 80.0% of closes stayed inside the range | Range width 16.3% | Currently 100.0% through the range"
BIRLAMONEY,Financial Services,Capital Markets,171.15,3.19,42.65,183.4,301.29,6.68,64.22,142.58,114.39,796981.4,710322.0,0.89,Bullish,70.0,"Above 50 DMA, Above 200 DMA, Healthy RSI momentum, Near 52W high momentum, Strong positive day move",34.6,61.77,69.04,7.43,8.23,11.59,27.17,53.54,57.45,100.0,"Strong 1M absolute return, Strong 3M absolute return, Strong 6M absolute return, 1M Nifty outperformance, 3M Nifty outperformance, 6M Nifty outperformance, Positive across 1M/3M/6M",12.2,Profit Booking Zone,78.58,100.94,163.41,61.89,100.0,80.0% of closes stayed inside the range | Range width 61.9% | Currently 100.0% through the range,32.55,2.5,33.86,14.7,43.56,56.24,803.07,0.95,,17.11,1306.66,-443.78,-452.87,13.5354,,2.4456,,0.454,734.28,75.79,Financial Services,19.0,20.0,0.0,0.0,10.0,49.0,0.86,Strong ROE,"Very high debt, Negative operating cash flow, Negative free cash flow",12.0,61.0,"High leverage is structural for this sector, Strong ROE for a leveraged-balance-sheet business",53.67,17.0,"Very high debt, Negative operating cash flow, Negative free cash flow",54.9,Neutral,"Above 50 DMA, Above 200 DMA, Healthy RSI momentum, Near 52W high momentum, Strong positive day move, Strong ROE, Strong 1M absolute return, Strong 3M absolute return, Strong 6M absolute return, 1M Nifty outperformance, 3M Nifty outperformance, 6M Nifty outperformance, Positive across 1M/3M/6M, 80.0% of closes stayed inside the range | Range width 61.9% | Currently 100.0% through the range"
BECTORFOOD,Consumer Defensive,Packaged Foods,277.54,-0.02,67.07,310.66,313.8,10.66,55.06,260.54,231.44,1068070.0,536710.0,0.5,Bullish,60.0,"Above 50 DMA, Above 200 DMA, Healthy RSI momentum, Near 52W high momentum",-1.53,25.8,23.48,7.43,8.23,11.59,-8.96,17.57,11.89,45.0,"Strong 3M absolute return, Positive 6M return, 3M Nifty outperformance",39.39,Profit Booking Zone,80.5,206.71,278.0,34.49,99.35,80.0% of closes stayed inside the range | Range width 34.5% | Currently 99.4% through the range,21.17,12.76,11.17,8.83,19.87,55.83,36.94,1.67,1.25,7.64,244.9,153.41,-61.79,49.2326,32.9674,5.641,56.0,0.158,7142.17,45.62,FMCG / Consumer,17.0,18.0,13.0,9.0,9.0,66.0,1.0,Strong ROE,Negative free cash flow,8.0,74.0,"Strong ROE for a consumer staples business, Low debt, typical of a healthy consumer business",44.26,4.0,Negative free cash flow,54.79,Neutral,"Above 50 DMA, Above 200 DMA, Healthy RSI momentum, Near 52W high momentum, Strong ROE, Strong 3M absolute return, Positive 6M return, 3M Nifty outperformance, 80.0% of closes stayed inside the range | Range width 34.5% | Currently 99.4% through the range"
ACI,Basic Materials,Chemicals,729.26,1.25,431.86,828.56,68.87,11.98,69.61,640.94,623.61,1650395.3,1019342.0,0.62,Bullish,65.0,"Above 50 DMA, Above 200 DMA, Healthy RSI momentum, Near 52W high momentum, Positive day move",20.84,10.56,13.51,7.43,8.23,11.59,13.41,2.33,1.92,55.0,"Strong 1M absolute return, Positive 3M return, Positive 6M return, 1M Nifty outperformance, Positive across 1M/3M/6M",55.0,Profit Booking Zone,84.13,603.81,712.06,17.93,100.0,80.0% of closes stayed inside the range | Range width 17.9% | Currently 100.0% through the range,18.75,15.52,30.2,24.46,-9.42,-16.62,5.75,5.38,4.44,45.48,97.82,379.35,171.46,61.3815,15.7547,3.0909,52.0,0.191,5979.09,92.35,Chemicals,23.0,0.0,17.0,17.0,7.0,64.0,1.0,Strong ROE,"Revenue contraction, Earnings contraction",4.0,68.0,"General quality ROE, General low-debt support",53.22,7.0,Earnings contraction,54.78,Neutral,"Above 50 DMA, Above 200 DMA, Healthy RSI momentum, Near 52W high momentum, Positive day move, Strong ROE, Strong 1M absolute return, Positive 3M return, Positive 6M return, 1M Nifty outperformance, Positive across 1M/3M/6M, 80.0% of closes stayed inside the range | Range width 17.9% | Currently 100.0% through the range"
DCXINDIA,Industrials,Aerospace & Defense,444.1,0.32,138.0,451.9,221.81,1.73,78.68,332.65,324.77,3994729.55,2881389.0,0.72,Bullish,52.0,"Above 50 DMA, Above 200 DMA, Strong but overbought RSI, Near 52W high momentum, Positive day move",58.52,45.56,30.43,7.43,8.23,11.59,51.09,37.33,18.84,100.0,"Strong 1M absolute return, Strong 3M absolute return, Strong 6M absolute return, 1M Nifty outperformance, 3M Nifty outperformance, 6M Nifty outperformance, Positive across 1M/3M/6M",13.28,Profit Booking Zone,79.72,284.18,366.83,29.09,100.0,80.0% of closes stayed inside the range | Range width 29.1% | Currently 100.0% through the range,6.73,4.1,5.25,5.32,13.56,5.72,25.8,2.55,2.26,21.45,290.6,4.43,-40.13,,37.0437,1.183,,0.57,1980.56,9.2,Capital Goods / Infra,0.0,7.0,15.0,9.0,4.0,35.0,0.86,,Negative free cash flow,0.0,35.0,,54.47,4.0,Negative free cash flow,54.42,Neutral,"Above 50 DMA, Above 200 DMA, Strong but overbought RSI, Near 52W high momentum, Positive day move, Strong 1M absolute return, Strong 3M absolute return, Strong 6M absolute return, 1M Nifty outperformance, 3M Nifty outperformance, 6M Nifty outperformance, Positive across 1M/3M/6M, 80.0% of closes stayed inside the range | Range width 29.1% | Currently 100.0% through the range"
DYCL,Industrials,Electrical Equipment & Parts,293.77,-0.3,65.52,339.05,348.35,13.35,53.37,270.39,229.85,390656.5,101790.0,0.26,Bullish,60.0,"Above 50 DMA, Above 200 DMA, Healthy RSI momentum, Near 52W high momentum",8.45,49.7,33.85,7.43,8.23,11.59,1.02,41.47,22.26,88.0,"Positive 1M return, Strong 3M absolute return, Strong 6M absolute return, 3M Nifty outperformance, 6M Nifty outperformance, Positive across 1M/3M/6M",30.47,Profit Booking Zone,77.92,193.07,293.86,52.2,99.91,80.0% of closes stayed inside the range | Range width 52.2% | Currently 99.9% through the range,17.65,7.58,9.1,4.92,14.88,21.79,55.74,1.54,1.08,0.23,119.26,1.26,-19.9,23.8086,,5.1676,10.0,0.091,2362.84,19.32,Capital Goods / Infra,6.0,13.0,10.0,9.0,8.0,46.0,1.0,,Negative free cash flow,0.0,46.0,,54.47,7.0,"Low volume participation, Negative free cash flow",54.27,Neutral,"Above 50 DMA, Above 200 DMA, Healthy RSI momentum, Near 52W high momentum, Positive 1M return, Strong 3M absolute return, Strong 6M absolute return, 3M Nifty outperformance, 6M Nifty outperformance, Positive across 1M/3M/6M, 80.0% of closes stayed inside the range | Range width 52.2% | Currently 99.9% through the range"
DHRUV,Industrials,Engineering & Construction,141.05,5.0,42.76,141.15,229.82,0.08,85.74,109.1,83.38,31893.45,107337.0,3.37,Bullish,72.0,"Above 50 DMA, Above 200 DMA, Strong but overbought RSI, Near 52W high momentum, Strong volume expansion, Strong positive day move",42.9,24.21,135.9,7.43,8.23,11.59,35.47,15.98,124.31,100.0,"Strong 1M absolute return, Strong 3M absolute return, Strong 6M absolute return, 1M Nifty outperformance, 3M Nifty outperformance, 6M Nifty outperformance, Positive across 1M/3M/6M",13.28,Breakout Watch,75.42,63.9,118.71,85.78,100.0,80.0% of closes stayed inside the range | Range width 85.8% | Currently 100.0% through the range | Above upper band on elevated volume,8.89,5.44,11.19,7.21,0.68,22.25,30.65,2.32,,0.52,20.32,-1.71,-4.61,,,0.655,,0.163,44.04,-70.94,Capital Goods / Infra,10.0,8.0,12.0,0.0,4.0,34.0,0.79,,"Negative operating cash flow, Negative free cash flow",0.0,34.0,,54.47,9.0,"Negative operating cash flow, Negative free cash flow",54.07,Neutral,"Above 50 DMA, Above 200 DMA, Strong but overbought RSI, Near 52W high momentum, Strong volume expansion, Strong positive day move, Strong 1M absolute return, Strong 3M absolute return, Strong 6M absolute return, 1M Nifty outperformance, 3M Nifty outperformance, 6M Nifty outperformance, Positive across 1M/3M/6M, 80.0% of closes stayed inside the range | Range width 85.8% | Currently 100.0% through the range | Above upper band on elevated volume"
ARIHANTCAP,Financial Services,Capital Markets,71.58,-0.5,32.68,85.21,119.04,16.0,57.02,65.81,66.92,733260.45,455349.0,0.62,Bullish,50.0,"Above 50 DMA, Above 200 DMA, Healthy RSI momentum",17.85,21.82,4.62,7.43,8.23,11.59,10.42,13.59,-6.97,80.0,"Strong 1M absolute return, Strong 3M absolute return, Positive 6M return, 1M Nifty outperformance, 3M Nifty outperformance, Positive across 1M/3M/6M",36.59,Profit Booking Zone,77.87,56.66,73.16,29.12,90.46,80.0% of closes stayed inside the range | Range width 29.1% | Currently 90.5% through the range,21.86,9.03,-7.34,57.91,53.41,142.16,30.78,1.77,,24.14,99.28,-29.63,-32.69,21.9917,,1.7942,64.0,0.276,870.21,46.93,Financial Services,16.0,20.0,11.0,0.0,10.0,57.0,0.93,Strong ROE,"Negative operating cash flow, Negative free cash flow",6.0,63.0,Strong ROE for a leveraged-balance-sheet business,53.67,9.0,"Negative operating cash flow, Negative free cash flow",53.6,Neutral,"Above 50 DMA, Above 200 DMA, Healthy RSI momentum, Strong ROE, Strong 1M absolute return, Strong 3M absolute return, Positive 6M return, 1M Nifty outperformance, 3M Nifty outperformance, Positive across 1M/3M/6M, 80.0% of closes stayed inside the range | Range width 29.1% | Currently 90.5% through the range"
DCI,Technology,Electronics & Computer Distribution,270.45,5.0,41.35,270.45,554.05,0.0,68.24,225.74,201.01,46787.35,21062.0,0.45,Bullish,70.0,"Above 50 DMA, Above 200 DMA, Healthy RSI momentum, Near 52W high momentum, Strong positive day move",11.69,40.64,56.42,7.43,8.23,11.59,4.26,32.41,44.83,95.0,"Strong 1M absolute return, Strong 3M absolute return, Strong 6M absolute return, 3M Nifty outperformance, 6M Nifty outperformance, Positive across 1M/3M/6M",34.62,Profit Booking Zone,83.91,189.42,239.4,26.39,100.0,80.0% of closes stayed inside the range | Range width 26.4% | Currently 100.0% through the range,22.95,5.59,4.25,2.53,27.81,64.09,74.35,1.31,0.94,0.07,37.61,-7.61,-8.63,30.5779,,6.1203,2.0,-0.312,672.48,9.17,IT / Technology,8.0,20.0,6.0,0.0,6.0,40.0,1.0,Strong ROE,"Negative operating cash flow, Negative free cash flow",5.0,45.0,Strong ROE for an asset-light business,56.85,12.0,"Low volume participation, Negative operating cash flow, Negative free cash flow",53.53,Neutral,"Above 50 DMA, Above 200 DMA, Healthy RSI momentum, Near 52W high momentum, Strong positive day move, Strong ROE, Strong 1M absolute return, Strong 3M absolute return, Strong 6M absolute return, 3M Nifty outperformance, 6M Nifty outperformance, Positive across 1M/3M/6M, 80.0% of closes stayed inside the range | Range width 26.4% | Currently 100.0% through the range"
CEATLTD,Consumer Cyclical,Auto Parts,2579.55,-1.11,1307.9,2902.45,97.23,11.12,58.31,2396.24,2355.24,314601.6,171186.0,0.54,Bullish,60.0,"Above 50 DMA, Above 200 DMA, Healthy RSI momentum, Near 52W high momentum",11.25,1.28,11.57,7.43,8.23,11.59,3.82,-6.95,-0.02,45.0,"Strong 1M absolute return, Positive 3M return, Positive 6M return, Positive across 1M/3M/6M",51.35,Neutral Range,76.94,2300.33,2757.8,19.89,61.04,80.0% of closes stayed inside the range | Range width 19.9% | Currently 61.0% through the range,15.9,6.43,9.71,5.45,5.67,245.2,44.32,0.63,0.37,55.16,1791.5,1719.26,851.95,24.0448,14.777,2.4142,100.0,0.469,14204.05,38.51,Automobile,6.0,12.0,7.0,17.0,13.0,55.0,1.0,,,2.0,57.0,General low-debt support,47.22,0.0,,53.28,Neutral,"Above 50 DMA, Above 200 DMA, Healthy RSI momentum, Near 52W high momentum, Strong 1M absolute return, Positive 3M return, Positive 6M return, Positive across 1M/3M/6M, 80.0% of closes stayed inside the range | Range width 19.9% | Currently 61.0% through the range"
BOROLTD,Consumer Cyclical,"Furnishings, Fixtures & Appliances",387.4,1.32,251.7,420.0,53.91,7.76,69.95,343.5,350.31,554992.2,713439.0,1.29,Bullish,70.0,"Above 50 DMA, Above 200 DMA, Healthy RSI momentum, Near 52W high momentum, Normal volume support, Positive day move",21.1,3.74,15.69,7.43,8.23,11.59,13.67,-4.49,4.1,55.0,"Strong 1M absolute return, Positive 3M return, Positive 6M return, 1M Nifty outperformance, Positive across 1M/3M/6M",41.89,Profit Booking Zone,85.15,327.23,386.44,18.09,100.0,80.0% of closes stayed inside the range | Range width 18.1% | Currently 100.0% through the range,11.36,6.1,9.52,6.99,27.06,26.98,45.29,1.18,0.53,5.39,262.66,48.03,-127.13,40.9232,28.048,3.217,,0.074,2867.83,61.03,Consumer Discretionary,7.0,20.0,9.0,9.0,7.0,52.0,0.93,,Negative free cash flow,2.0,54.0,General low-debt support,47.22,4.0,Negative free cash flow,53.23,Neutral,"Above 50 DMA, Above 200 DMA, Healthy RSI momentum, Near 52W high momentum, Normal volume support, Positive day move, Strong 1M absolute return, Positive 3M return, Positive 6M return, 1M Nifty outperformance, Positive across 1M/3M/6M, 80.0% of closes stayed inside the range | Range width 18.1% | Currently 100.0% through the range"
ADVANIHOTR,Consumer Cyclical,Lodging,66.28,1.03,30.01,85.03,120.84,22.05,46.29,69.36,60.59,157243.3,144977.0,0.92,Bearish,32.0,"Above 200 DMA, RSI recovering, Positive day move",6.05,-7.45,41.04,7.43,8.23,11.59,-1.38,-15.68,29.45,43.0,"Positive 1M return, Strong 6M absolute return, 6M Nifty outperformance",55.41,Lower Range Watch,71.19,61.19,77.21,26.19,31.79,80.0% of closes stayed inside the range | Range width 26.2% | Currently 31.8% through the range,34.72,24.96,31.73,25.77,5.58,-12.75,2.75,2.51,2.45,2.96,1.98,29.23,25.17,20.1653,,0.8952,5.4,-0.027,462.28,59.9,Consumer Discretionary,25.0,2.0,20.0,17.0,10.0,74.0,1.0,"Strong ROE, Cash covers debt",Earnings contraction,4.0,78.0,"General quality ROE, General low-debt support",47.22,0.0,,53.13,Neutral,"Above 200 DMA, RSI recovering, Positive day move, Strong ROE, Cash covers debt, Positive 1M return, Strong 6M absolute return, 6M Nifty outperformance, 80.0% of closes stayed inside the range | Range width 26.2% | Currently 31.8% through the range"
DENORA,Industrials,Electrical Equipment & Parts,1928.22,1.68,584.64,2331.12,229.82,17.28,71.78,1637.47,1600.48,59941.8,90460.0,1.51,Bullish,52.0,"Above 50 DMA, Above 200 DMA, Strong but overbought RSI, Volume expansion, Positive day move",31.83,15.03,25.27,7.43,8.23,11.59,24.4,6.8,13.68,55.0,"Strong 1M absolute return, Positive 3M return, Positive 6M return, 1M Nifty outperformance, Positive across 1M/3M/6M",59.38,Breakout Watch,81.15,1440.54,1722.71,19.59,100.0,80.0% of closes stayed inside the range | Range width 19.6% | Currently 100.0% through the range | Above upper band on elevated volume,15.88,15.01,28.41,25.78,1.6,-6.26,,14.48,10.52,5.24,,16.06,9.13,36.1428,,3.4099,48.0,-0.156,440.72,44.48,Capital Goods / Infra,21.0,0.0,8.0,17.0,6.0,52.0,0.93,,Earnings contraction,0.0,52.0,,54.47,0.0,,53.12,Neutral,"Above 50 DMA, Above 200 DMA, Strong but overbought RSI, Volume expansion, Positive day move, Strong 1M absolute return, Positive 3M return, Positive 6M return, 1M Nifty outperformance, Positive across 1M/3M/6M, 80.0% of closes stayed inside the range | Range width 19.6% | Currently 100.0% through the range | Above upper band on elevated volume"
CHOICEIN,Financial Services,Capital Markets,393.75,-0.82,105.75,451.2,272.34,12.73,73.25,352.11,270.21,613005.25,323801.0,0.53,Bullish,47.0,"Above 50 DMA, Above 200 DMA, Strong but overbought RSI, Near 52W high momentum",11.34,35.92,72.66,7.43,8.23,11.59,3.91,27.69,61.07,95.0,"Strong 1M absolute return, Strong 3M absolute return, Strong 6M absolute return, 3M Nifty outperformance, 6M Nifty outperformance, Positive across 1M/3M/6M",24.39,Profit Booking Zone,76.44,258.82,372.69,44.0,100.0,80.0% of closes stayed inside the range | Range width 44.0% | Currently 100.0% through the range,20.72,7.25,28.54,17.44,92.79,117.85,74.89,1.56,,145.07,472.86,-152.98,-168.95,67.6182,52.322,9.3027,,-0.274,17519.14,65.2,Financial Services,19.0,20.0,8.0,0.0,3.0,50.0,0.86,Strong ROE,"Negative operating cash flow, Negative free cash flow",2.0,52.0,"Strong ROE for a leveraged-balance-sheet business, Expensive relative to book value for this sector",53.67,9.0,"Negative operating cash flow, Negative free cash flow",52.75,Neutral,"Above 50 DMA, Above 200 DMA, Strong but overbought RSI, Near 52W high momentum, Strong ROE, Strong 1M absolute return, Strong 3M absolute return, Strong 6M absolute return, 3M Nifty outperformance, 6M Nifty outperformance, Positive across 1M/3M/6M, 80.0% of closes stayed inside the range | Range width 44.0% | Currently 100.0% through the range"
AIRAN,Technology,Information Technology Services,29.24,-3.27,13.25,37.0,120.68,20.97,53.1,27.12,26.07,449474.3,577083.0,1.28,Bullish,55.0,"Above 50 DMA, Above 200 DMA, Healthy RSI momentum, Normal volume support",14.22,14.44,11.39,7.43,8.23,11.59,6.79,6.21,-0.2,55.0,"Strong 1M absolute return, Positive 3M return, Positive 6M return, 1M Nifty outperformance, Positive across 1M/3M/6M",48.08,Neutral Range,76.52,24.58,31.07,26.44,71.79,80.0% of closes stayed inside the range | Range width 26.4% | Currently 71.8% through the range,9.96,7.93,13.85,11.89,8.33,21.12,0.6,4.73,,2.61,0.76,3.91,-8.52,12.575,,1.4063,,0.642,188.66,32.46,IT / Technology,10.0,13.0,17.0,9.0,10.0,59.0,0.86,Cash covers debt,Negative free cash flow,0.0,59.0,,56.85,4.0,Negative free cash flow,52.68,Neutral,"Above 50 DMA, Above 200 DMA, Healthy RSI momentum, Normal volume support, Cash covers debt, Strong 1M absolute return, Positive 3M return, Positive 6M return, 1M Nifty outperformance, Positive across 1M/3M/6M, 80.0% of closes stayed inside the range | Range width 26.4% | Currently 71.8% through the range"
DREDGECORP,Industrials,Engineering & Construction,1339.35,4.94,275.3,1340.05,386.51,0.05,74.45,953.09,700.64,251286.75,503284.0,2.0,Bullish,72.0,"Above 50 DMA, Above 200 DMA, Strong but overbought RSI, Near 52W high momentum, Strong volume expansion, Strong positive day move",58.77,87.51,124.27,7.43,8.23,11.59,51.34,79.28,112.68,100.0,"Strong 1M absolute return, Strong 3M absolute return, Strong 6M absolute return, 1M Nifty outperformance, 3M Nifty outperformance, 6M Nifty outperformance, Positive across 1M/3M/6M",13.28,Breakout Watch,77.99,666.06,1123.21,68.63,100.0,80.0% of closes stayed inside the range | Range width 68.6% | Currently 100.0% through the range | Above upper band on elevated volume,2.64,1.39,6.47,3.52,-18.58,116.91,44.45,0.78,0.63,49.8,558.03,190.7,-100.3,63.5508,,2.5223,,0.743,3137.12,56.18,Capital Goods / Infra,0.0,10.0,7.0,9.0,4.0,30.0,0.93,,"Revenue contraction, Negative free cash flow",0.0,30.0,,54.47,9.0,"Revenue contraction, Negative free cash flow",52.67,Neutral,"Above 50 DMA, Above 200 DMA, Strong but overbought RSI, Near 52W high momentum, Strong volume expansion, Strong positive day move, Strong 1M absolute return, Strong 3M absolute return, Strong 6M absolute return, 1M Nifty outperformance, 3M Nifty outperformance, 6M Nifty outperformance, Positive across 1M/3M/6M, 80.0% of closes stayed inside the range | Range width 68.6% | Currently 100.0% through the range | Above upper band on elevated volume"
DPABHUSHAN,Consumer Cyclical,Luxury Goods,1361.05,-1.21,221.13,1454.05,515.5,6.4,63.61,1237.17,826.57,25026.5,17638.0,0.7,Bullish,60.0,"Above 50 DMA, Above 200 DMA, Healthy RSI momentum, Near 52W high momentum",9.63,61.28,101.46,7.43,8.23,11.59,2.2,53.05,89.87,88.0,"Positive 1M return, Strong 3M absolute return, Strong 6M absolute return, 3M Nifty outperformance, 6M Nifty outperformance, Positive across 1M/3M/6M",21.62,Profit Booking Zone,73.55,705.45,1280.04,81.45,100.0,80.0% of closes stayed inside the range | Range width 81.4% | Currently 100.0% through the range,25.91,11.51,4.15,2.64,18.47,36.51,72.38,1.72,0.12,29.14,172.8,-0.28,-3.95,14.1292,,5.3409,,-0.525,3385.38,10.52,Consumer Discretionary,12.0,18.0,8.0,0.0,8.0,46.0,0.93,Strong ROE,"Negative operating cash flow, Negative free cash flow",4.0,50.0,"General quality ROE, General low-debt support",47.22,9.0,"Negative operating cash flow, Negative free cash flow",52.58,Neutral,"Above 50 DMA, Above 200 DMA, Healthy RSI momentum, Near 52W high momentum, Strong ROE, Positive 1M return, Strong 3M absolute return, Strong 6M absolute return, 3M Nifty outperformance, 6M Nifty outperformance, Positive across 1M/3M/6M, 80.0% of closes stayed inside the range | Range width 81.4% | Currently 100.0% through the range"
CHENNPETRO,Energy,Oil & Gas Refining & Marketing,869.59,-0.88,157.18,1011.57,453.25,14.04,51.27,859.75,707.19,578091.65,357037.0,0.62,Bullish,60.0,"Above 50 DMA, Above 200 DMA, Healthy RSI momentum, Near 52W high momentum",8.19,3.3,35.65,7.43,8.23,11.59,0.76,-4.93,24.06,63.0,"Positive 1M return, Positive 3M return, Strong 6M absolute return, 6M Nifty outperformance, Positive across 1M/3M/6M",55.56,Profit Booking Zone,81.44,754.84,884.72,17.21,88.35,80.0% of closes stayed inside the range | Range width 17.2% | Currently 88.4% through the range,31.12,14.97,5.95,4.14,-13.45,-22.27,31.58,1.38,0.31,0.17,2785.9,2694.25,2091.57,4.7837,3.3444,1.7977,4.58,0.038,19970.51,11.65,Energy / Utilities,13.0,0.0,9.0,17.0,15.0,54.0,1.0,Strong ROE,"Revenue contraction, Earnings contraction",4.0,58.0,"General quality ROE, General low-debt support",55.75,7.0,Earnings contraction,52.41,Neutral,"Above 50 DMA, Above 200 DMA, Healthy RSI momentum, Near 52W high momentum, Strong ROE, Positive 1M return, Positive 3M return, Strong 6M absolute return, 6M Nifty outperformance, Positive across 1M/3M/6M, 80.0% of closes stayed inside the range | Range width 17.2% | Currently 88.4% through the range"
DOLPHIN,Energy,Oil & Gas Equipment & Services,696.2,1.26,10.9,948.7,6287.16,26.62,46.83,684.51,290.07,6798.05,4395.0,0.65,Bullish,47.0,"Above 50 DMA, Above 200 DMA, RSI recovering, Positive day move",7.19,128.67,453.9,7.43,8.23,11.59,-0.24,120.44,442.31,88.0,"Positive 1M return, Strong 3M absolute return, Strong 6M absolute return, 3M Nifty outperformance, 6M Nifty outperformance, Positive across 1M/3M/6M",44.44,Profit Booking Zone,65.91,182.7,780.93,327.43,85.84,80.0% of closes stayed inside the range | Range width 327.4% | Currently 85.8% through the range,2.52,2.45,14.17,86.17,,-84.57,0.53,34.74,34.74,0.16,1.16,3.53,3.53,33.9739,,6.9344,,-0.005,2450.48,76.69,Energy / Utilities,9.0,0.0,17.0,17.0,4.0,47.0,0.86,,Earnings contraction,2.0,49.0,General low-debt support,55.75,7.0,Earnings contraction,52.26,Neutral,"Above 50 DMA, Above 200 DMA, RSI recovering, Positive day move, Positive 1M return, Strong 3M absolute return, Strong 6M absolute return, 3M Nifty outperformance, 6M Nifty outperformance, Positive across 1M/3M/6M, 80.0% of closes stayed inside the range | Range width 327.4% | Currently 85.8% through the range"
BHARATRAS,Basic Materials,Agricultural Inputs,2913.37,0.63,2069.12,3318.37,40.8,12.2,57.21,2588.47,2343.9,63476.4,17568.0,0.28,Bullish,65.0,"Above 50 DMA, Above 200 DMA, Healthy RSI momentum, Near 52W high momentum, Positive day move",13.67,34.11,29.35,7.43,8.23,11.59,6.24,25.88,17.76,95.0,"Strong 1M absolute return, Strong 3M absolute return, Positive 6M return, 1M Nifty outperformance, 3M Nifty outperformance, 6M Nifty outperformance, Positive across 1M/3M/6M",17.5,Profit Booking Zone,81.97,2199.94,2910.66,32.31,100.0,80.0% of closes stayed inside the range | Range width 32.3% | Currently 100.0% through the range,9.67,7.98,8.89,9.24,-16.28,-23.35,8.15,4.6,3.25,32.43,80.47,41.08,14.02,3.5788,3.7536,1.6366,4.0,0.173,2086.28,35.0,General,7.0,0.0,17.0,17.0,12.0,53.0,1.0,,"Revenue contraction, Earnings contraction",2.0,55.0,General low-debt support,53.22,15.0,"Low volume participation, Revenue contraction, Earnings contraction",52.23,Neutral,"Above 50 DMA, Above 200 DMA, Healthy RSI momentum, Near 52W high momentum, Positive day move, Strong 1M absolute return, Strong 3M absolute return, Positive 6M return, 1M Nifty outperformance, 3M Nifty outperformance, 6M Nifty outperformance, Positive across 1M/3M/6M, 80.0% of closes stayed inside the range | Range width 32.3% | Currently 100.0% through the range"
AAATECH,Technology,Information Technology Services,100.84,-2.44,40.56,143.64,148.63,29.8,37.68,112.24,88.39,16832.25,27390.0,1.63,Bearish,33.0,"Above 200 DMA, Weak but watchable RSI, Volume expansion",2.84,18.76,23.52,7.43,8.23,11.59,-4.59,10.53,11.93,53.0,"Positive 1M return, Positive 3M return, Positive 6M return, 3M Nifty outperformance, Positive across 1M/3M/6M",53.85,Lower Range Watch,67.96,86.66,120.95,39.57,41.36,80.0% of closes stayed inside the range | Range width 39.6% | Currently 41.4% through the range,11.49,10.93,14.38,13.5,3.45,11.98,0.0,19.5,19.5,2.48,0.0,7.72,7.46,56.2308,,3.9705,1.63,0.323,121.89,49.61,IT / Technology,14.0,7.0,20.0,17.0,5.0,63.0,1.0,Net cash position,,0.0,63.0,,56.85,0.0,,52.08,Neutral,"Above 200 DMA, Weak but watchable RSI, Volume expansion, Net cash position, Positive 1M return, Positive 3M return, Positive 6M return, 3M Nifty outperformance, Positive across 1M/3M/6M, 80.0% of closes stayed inside the range | Range width 39.6% | Currently 41.4% through the range"
DBL,Industrials,Engineering & Construction,544.1,2.55,158.87,561.78,242.47,3.15,65.01,465.14,405.37,1432198.85,665817.0,0.46,Bullish,70.0,"Above 50 DMA, Above 200 DMA, Healthy RSI momentum, Near 52W high momentum, Strong positive day move",35.6,17.52,39.08,7.43,8.23,11.59,28.17,9.29,27.49,80.0,"Strong 1M absolute return, Positive 3M return, Strong 6M absolute return, 1M Nifty outperformance, 6M Nifty outperformance, Positive across 1M/3M/6M",39.84,Profit Booking Zone,83.74,392.01,499.79,27.5,100.0,80.0% of closes stayed inside the range | Range width 27.5% | Currently 100.0% through the range,4.44,1.17,9.66,1.65,13.58,20654.6,165.83,1.32,0.81,385.62,7245.98,1080.48,-4473.06,5.2919,16.4891,0.7803,25.0,0.63,6610.69,25.82,Capital Goods / Infra,0.0,15.0,2.0,9.0,12.0,38.0,1.0,,Negative free cash flow,0.0,38.0,,54.47,7.0,"Low volume participation, Negative free cash flow",51.97,Neutral,"Above 50 DMA, Above 200 DMA, Healthy RSI momentum, Near 52W high momentum, Strong positive day move, Strong 1M absolute return, Positive 3M return, Strong 6M absolute return, 1M Nifty outperformance, 6M Nifty outperformance, Positive across 1M/3M/6M, 80.0% of closes stayed inside the range | Range width 27.5% | Currently 100.0% through the range"
CHALET,Consumer Cyclical,Lodging,850.56,-0.73,303.61,956.94,180.14,11.12,57.59,820.41,722.8,217458.35,219912.0,1.01,Bullish,65.0,"Above 50 DMA, Above 200 DMA, Healthy RSI momentum, Near 52W high momentum, Normal volume support",10.53,-2.99,25.41,7.43,8.23,11.59,3.1,-11.22,13.82,25.0,"Strong 1M absolute return, Positive 6M return",68.92,Profit Booking Zone,81.79,739.12,871.18,17.87,84.38,80.0% of closes stayed inside the range | Range width 17.9% | Currently 84.4% through the range,15.03,4.84,32.09,19.63,25.59,51.73,151.5,0.46,0.18,82.33,2804.84,689.44,253.19,37.7387,28.6124,5.3331,22.0,-0.058,,69.15,Consumer Discretionary,16.0,20.0,0.0,17.0,9.0,62.0,1.0,,,0.0,62.0,,47.22,0.0,,51.28,Neutral,"Above 50 DMA, Above 200 DMA, Healthy RSI momentum, Near 52W high momentum, Normal volume support, Strong 1M absolute return, Positive 6M return, 80.0% of closes stayed inside the range | Range width 17.9% | Currently 84.4% through the range"
AYMSYNTEX,Consumer Cyclical,Textile Manufacturing,117.91,7.49,58.0,119.75,103.29,1.54,74.19,93.42,80.95,205280.6,407299.0,1.98,Bullish,67.0,"Above 50 DMA, Above 200 DMA, Strong but overbought RSI, Near 52W high momentum, Volume expansion, Strong positive day move",32.93,24.57,69.05,7.43,8.23,11.59,25.5,16.34,57.46,100.0,"Strong 1M absolute return, Strong 3M absolute return, Strong 6M absolute return, 1M Nifty outperformance, 3M Nifty outperformance, 6M Nifty outperformance, Positive across 1M/3M/6M",7.43,Breakout Watch,83.92,79.59,97.2,22.14,100.0,80.0% of closes stayed inside the range | Range width 22.1% | Currently 100.0% through the range | Above upper band on elevated volume,0.48,0.2,2.36,0.16,-7.83,-71.52,76.45,1.05,0.59,7.05,324.03,63.64,6.12,79.5,,2.5336,,0.417,1494.2,45.27,Consumer Discretionary,0.0,0.0,6.0,17.0,4.0,27.0,0.93,,"Revenue contraction, Earnings contraction",0.0,27.0,,47.22,7.0,Earnings contraction,51.28,Neutral,"Above 50 DMA, Above 200 DMA, Strong but overbought RSI, Near 52W high momentum, Volume expansion, Strong positive day move, Strong 1M absolute return, Strong 3M absolute return, Strong 6M absolute return, 1M Nifty outperformance, 3M Nifty outperformance, 6M Nifty outperformance, Positive across 1M/3M/6M, 80.0% of closes stayed inside the range | Range width 22.1% | Currently 100.0% through the range | Above upper band on elevated volume"
CHOLAHLDNG,Financial Services,Credit Services,1452.78,-0.8,510.06,1646.78,184.83,11.78,65.54,1191.14,1110.55,628134.6,527517.0,0.84,Bullish,60.0,"Above 50 DMA, Above 200 DMA, Healthy RSI momentum, Near 52W high momentum",28.68,25.78,43.8,7.43,8.23,11.59,21.25,17.55,32.21,100.0,"Strong 1M absolute return, Strong 3M absolute return, Strong 6M absolute return, 1M Nifty outperformance, 3M Nifty outperformance, 6M Nifty outperformance, Positive across 1M/3M/6M",12.2,Profit Booking Zone,82.03,1028.14,1283.95,24.88,100.0,80.0% of closes stayed inside the range | Range width 24.9% | Currently 100.0% through the range,17.31,1.0,17.51,6.5,40.73,37.38,1308.51,0.83,,973.22,134014.0,-35726.42,-36895.13,10.6722,7.8471,1.8211,9.0,0.411,28144.08,75.67,Financial Services,10.0,20.0,0.0,0.0,15.0,45.0,0.93,,"Very high debt, Negative operating cash flow, Negative free cash flow",12.0,57.0,"High leverage is structural for this sector, Strong ROE for a leveraged-balance-sheet business",53.67,17.0,"Very high debt, Negative operating cash flow, Negative free cash flow",51.0,Neutral,"Above 50 DMA, Above 200 DMA, Healthy RSI momentum, Near 52W high momentum, Strong 1M absolute return, Strong 3M absolute return, Strong 6M absolute return, 1M Nifty outperformance, 3M Nifty outperformance, 6M Nifty outperformance, Positive across 1M/3M/6M, 80.0% of closes stayed inside the range | Range width 24.9% | Currently 100.0% through the range"
CRAFTSMAN,Consumer Cyclical,Auto Parts,5689.11,-1.1,2565.91,5827.97,121.72,2.38,81.06,4596.44,4623.49,214507.8,60543.0,0.28,Bullish,47.0,"Above 50 DMA, Above 200 DMA, Strong but overbought RSI, Near 52W high momentum",36.07,31.37,7.23,7.43,8.23,11.59,28.64,23.14,-4.36,80.0,"Strong 1M absolute return, Strong 3M absolute return, Positive 6M return, 1M Nifty outperformance, 3M Nifty outperformance, Positive across 1M/3M/6M",28.38,Profit Booking Zone,80.96,4111.49,4947.09,20.32,100.0,80.8% of closes stayed inside the range | Range width 20.3% | Currently 100.0% through the range,18.36,6.47,13.67,6.89,39.68,22.58,105.84,1.16,0.48,63.49,1754.82,513.31,-117.69,57.3152,31.4219,8.1257,10.0,0.325,29078.5,42.79,Automobile,14.0,18.0,4.0,9.0,7.0,52.0,1.0,Strong ROE,Negative free cash flow,2.0,54.0,General quality ROE,47.22,7.0,"Low volume participation, Negative free cash flow",50.73,Neutral,"Above 50 DMA, Above 200 DMA, Strong but overbought RSI, Near 52W high momentum, Strong ROE, Strong 1M absolute return, Strong 3M absolute return, Positive 6M return, 1M Nifty outperformance, 3M Nifty outperformance, Positive across 1M/3M/6M, 80.8% of closes stayed inside the range | Range width 20.3% | Currently 100.0% through the range"
CANFINHOME,Financial Services,Mortgage Finance,859.13,-1.36,432.62,904.86,98.59,5.05,61.96,761.41,748.21,1280209.4,369698.0,0.29,Bullish,60.0,"Above 50 DMA, Above 200 DMA, Healthy RSI momentum, Near 52W high momentum",19.5,12.3,14.92,7.43,8.23,11.59,12.07,4.07,3.33,55.0,"Strong 1M absolute return, Positive 3M return, Positive 6M return, 1M Nifty outperformance, Positive across 1M/3M/6M",58.54,Profit Booking Zone,83.18,708.45,830.6,17.24,100.0,80.0% of closes stayed inside the range | Range width 17.2% | Currently 100.0% through the range,17.28,2.03,,59.19,25.31,20.84,729.58,,,4.38,31692.07,224.82,204.88,9.4693,8.603,1.8157,1.99,0.417,10858.76,98.93,Financial Services,10.0,18.0,0.0,17.0,14.0,59.0,0.79,,Very high debt,12.0,71.0,"High leverage is structural for this sector, Strong ROE for a leveraged-balance-sheet business",53.67,11.0,"Low volume participation, Very high debt",50.65,Neutral,"Above 50 DMA, Above 200 DMA, Healthy RSI momentum, Near 52W high momentum, Strong 1M absolute return, Positive 3M return, Positive 6M return, 1M Nifty outperformance, Positive across 1M/3M/6M, 80.0% of closes stayed inside the range | Range width 17.2% | Currently 100.0% through the range"
AVONMORE,Financial Services,Capital Markets,13.22,2.01,5.85,14.1,125.98,6.21,54.84,12.34,9.74,669874.85,320023.0,0.48,Bullish,70.0,"Above 50 DMA, Above 200 DMA, Healthy RSI momentum, Near 52W high momentum, Strong positive day move",19.31,38.14,63.61,7.43,8.23,11.59,11.88,29.91,52.02,100.0,"Strong 1M absolute return, Strong 3M absolute return, Strong 6M absolute return, 1M Nifty outperformance, 3M Nifty outperformance, 6M Nifty outperformance, Positive across 1M/3M/6M",12.2,Profit Booking Zone,81.6,9.24,13.11,41.78,100.0,80.0% of closes stayed inside the range | Range width 41.8% | Currently 100.0% through the range,4.11,2.39,14.54,10.4,-43.16,-89.25,7.89,3.72,3.56,12.97,23.79,42.48,35.68,25.2727,,0.9508,,0.322,392.24,58.21,Financial Services,6.0,0.0,17.0,17.0,8.0,48.0,0.93,,"Revenue contraction, Earnings contraction",-5.0,43.0,Weak ROE for a leveraged-balance-sheet business,53.67,15.0,"Low volume participation, Revenue contraction, Earnings contraction",50.6,Neutral,"Above 50 DMA, Above 200 DMA, Healthy RSI momentum, Near 52W high momentum, Strong positive day move, Strong 1M absolute return, Strong 3M absolute return, Strong 6M absolute return, 1M Nifty outperformance, 3M Nifty outperformance, 6M Nifty outperformance, Positive across 1M/3M/6M, 80.0% of closes stayed inside the range | Range width 41.8% | Currently 100.0% through the range"
ATULAUTO,Consumer Cyclical,Auto Manufacturers,794.15,2.35,180.95,844.4,338.88,5.95,79.82,567.76,570.88,983985.6,1207169.0,1.23,Bullish,62.0,"Above 50 DMA, Above 200 DMA, Strong but overbought RSI, Near 52W high momentum, Normal volume support, Strong positive day move",49.88,58.62,39.13,7.43,8.23,11.59,42.45,50.39,27.54,100.0,"Strong 1M absolute return, Strong 3M absolute return, Strong 6M absolute return, 1M Nifty outperformance, 3M Nifty outperformance, 6M Nifty outperformance, Positive across 1M/3M/6M",7.43,Profit Booking Zone,83.38,494.28,586.93,18.74,100.0,80.0% of closes stayed inside the range | Range width 18.7% | Currently 100.0% through the range,2.14,1.37,7.7,1.72,3.32,124.5,26.13,1.67,1.19,19.8,109.69,-0.79,-9.43,28.3823,,5.8605,1.25,0.623,1341.36,26.93,Automobile,0.0,12.0,13.0,0.0,7.0,32.0,1.0,,"Negative operating cash flow, Negative free cash flow",2.0,34.0,General low-debt support,47.22,9.0,"Negative operating cash flow, Negative free cash flow",50.48,Neutral,"Above 50 DMA, Above 200 DMA, Strong but overbought RSI, Near 52W high momentum, Normal volume support, Strong positive day move, Strong 1M absolute return, Strong 3M absolute return, Strong 6M absolute return, 1M Nifty outperformance, 3M Nifty outperformance, 6M Nifty outperformance, Positive across 1M/3M/6M, 80.0% of closes stayed inside the range | Range width 18.7% | Currently 100.0% through the range"
COHANCE,Healthcare,Drug Manufacturers - Specialty & Generic,814.1,-1.29,390.5,839.95,108.48,3.08,70.92,679.97,643.98,627474.8,441073.0,0.7,Bullish,47.0,"Above 50 DMA, Above 200 DMA, Strong but overbought RSI, Near 52W high momentum",29.13,23.54,16.6,7.43,8.23,11.59,21.7,15.31,5.01,80.0,"Strong 1M absolute return, Strong 3M absolute return, Positive 6M return, 1M Nifty outperformance, 3M Nifty outperformance, Positive across 1M/3M/6M",22.5,Profit Booking Zone,80.65,625.54,725.06,15.91,100.0,80.0% of closes stayed inside the range | Range width 15.9% | Currently 100.0% through the range,14.64,13.32,34.27,29.04,-22.32,-26.99,3.17,10.67,8.7,47.23,65.01,384.77,332.89,164.1971,45.7359,4.4093,,0.604,17213.05,70.36,Pharma / Healthcare,21.0,0.0,17.0,17.0,5.0,60.0,0.93,,"Revenue contraction, Earnings contraction, Very high PE",2.0,62.0,General low-debt support,57.8,12.0,"Revenue contraction, Earnings contraction",50.12,Neutral,"Above 50 DMA, Above 200 DMA, Strong but overbought RSI, Near 52W high momentum, Strong 1M absolute return, Strong 3M absolute return, Positive 6M return, 1M Nifty outperformance, 3M Nifty outperformance, Positive across 1M/3M/6M, 80.0% of closes stayed inside the range | Range width 15.9% | Currently 100.0% through the range"
ANDHRAPAP,Basic Materials,Paper & Paper Products,119.36,0.75,69.27,129.86,72.33,8.08,78.08,102.16,106.7,1347002.5,993935.0,0.74,Bullish,52.0,"Above 50 DMA, Above 200 DMA, Strong but overbought RSI, Near 52W high momentum, Positive day move",27.91,22.6,1.85,7.43,8.23,11.59,20.48,14.37,-9.74,80.0,"Strong 1M absolute return, Strong 3M absolute return, Positive 6M return, 1M Nifty outperformance, 3M Nifty outperformance, Positive across 1M/3M/6M",26.67,Profit Booking Zone,80.77,95.15,116.17,22.09,100.0,80.0% of closes stayed inside the range | Range width 22.1% | Currently 100.0% through the range,17.95,13.86,20.87,19.05,-14.39,-34.97,5.78,3.04,2.48,11.05,109.34,318.74,-12.31,43.3121,,0.6262,82.0,0.084,1214.38,32.81,General,20.0,0.0,17.0,9.0,8.0,54.0,1.0,,"Revenue contraction, Earnings contraction, Negative free cash flow",2.0,56.0,General low-debt support,53.22,11.0,"Earnings contraction, Negative free cash flow",49.58,Neutral,"Above 50 DMA, Above 200 DMA, Strong but overbought RSI, Near 52W high momentum, Positive day move, Strong 1M absolute return, Strong 3M absolute return, Positive 6M return, 1M Nifty outperformance, 3M Nifty outperformance, Positive across 1M/3M/6M, 80.0% of closes stayed inside the range | Range width 22.1% | Currently 100.0% through the range"
CPCAP,Financial Services,Credit Services,384.64,-1.51,115.06,439.42,234.29,12.47,50.45,384.5,267.8,74586.7,44840.0,0.6,Bullish,60.0,"Above 50 DMA, Above 200 DMA, Healthy RSI momentum, Near 52W high momentum",5.96,26.96,101.79,7.43,8.23,11.59,-1.47,18.73,90.2,88.0,"Positive 1M return, Strong 3M absolute return, Strong 6M absolute return, 3M Nifty outperformance, 6M Nifty outperformance, Positive across 1M/3M/6M",26.83,Profit Booking Zone,75.27,245.81,397.27,61.62,91.66,80.0% of closes stayed inside the range | Range width 61.6% | Currently 91.7% through the range,8.72,7.48,82.1,80.08,-37.01,263.58,10.6,1.92,1.92,4.94,52.86,-25.73,-25.73,4.6051,,0.3627,,-0.237,207.76,91.57,Financial Services,16.0,10.0,16.0,0.0,10.0,52.0,0.93,,"Revenue contraction, Negative operating cash flow, Negative free cash flow",0.0,52.0,,53.67,14.0,"Revenue contraction, Negative operating cash flow, Negative free cash flow",49.25,Neutral,"Above 50 DMA, Above 200 DMA, Healthy RSI momentum, Near 52W high momentum, Positive 1M return, Strong 3M absolute return, Strong 6M absolute return, 3M Nifty outperformance, 6M Nifty outperformance, Positive across 1M/3M/6M, 80.0% of closes stayed inside the range | Range width 61.6% | Currently 91.7% through the range"
AUSOMENT,Financial Services,Capital Markets,94.42,0.7,52.43,131.24,80.11,28.05,49.84,95.08,82.59,4164.7,2664.0,0.64,Bearish,32.0,"Above 200 DMA, RSI recovering, Positive day move",4.72,-0.83,42.94,7.43,8.23,11.59,-2.71,-9.06,31.35,43.0,"Positive 1M return, Strong 6M absolute return, 6M Nifty outperformance",67.07,Profit Booking Zone,74.75,78.75,96.5,22.54,88.32,80.0% of closes stayed inside the range | Range width 22.5% | Currently 88.3% through the range,7.33,7.03,0.57,0.95,444.62,660.91,2.64,6.62,6.56,0.57,3.3,52.86,52.86,8.1406,,1.2513,68.0,0.449,201.96,1.08,Financial Services,2.0,20.0,17.0,17.0,12.0,68.0,1.0,,,-5.0,63.0,Weak ROE for a leveraged-balance-sheet business,53.67,0.0,,48.85,Neutral,"Above 200 DMA, RSI recovering, Positive day move, Positive 1M return, Strong 6M absolute return, 6M Nifty outperformance, 80.0% of closes stayed inside the range | Range width 22.5% | Currently 88.3% through the range"
DCBBANK,Financial Services,Banks - Regional,136.81,-0.88,88.77,159.01,54.12,13.96,55.98,131.4,125.22,3286591.1,1188433.0,0.36,Bullish,60.0,"Above 50 DMA, Above 200 DMA, Healthy RSI momentum, Near 52W high momentum",7.74,9.14,5.82,7.43,8.23,11.59,0.31,0.91,-5.77,38.0,"Positive 1M return, Positive 3M return, Positive 6M return, Positive across 1M/3M/6M",70.73,Profit Booking Zone,80.78,118.93,140.08,17.79,84.54,80.0% of closes stayed inside the range | Range width 17.8% | Currently 84.5% through the range,10.57,0.85,,22.33,12.83,15.12,105.37,,,3960.48,5343.48,484.92,349.68,8.9034,6.2084,1.0491,67.0,0.455,6859.28,0.0,Banking,8.0,13.0,2.0,17.0,15.0,55.0,0.79,,,0.0,55.0,,53.67,3.0,Low volume participation,48.8,Neutral,"Above 50 DMA, Above 200 DMA, Healthy RSI momentum, Near 52W high momentum, Positive 1M return, Positive 3M return, Positive 6M return, Positive across 1M/3M/6M, 80.0% of closes stayed inside the range | Range width 17.8% | Currently 84.5% through the range"
ASAHIINDIA,Consumer Cyclical,Auto Parts,684.77,-1.61,415.95,718.09,64.63,4.64,62.87,620.83,574.87,333031.0,127778.0,0.38,Bullish,60.0,"Above 50 DMA, Above 200 DMA, Healthy RSI momentum, Near 52W high momentum",18.61,22.29,21.45,7.43,8.23,11.59,11.18,14.06,9.86,80.0,"Strong 1M absolute return, Strong 3M absolute return, Positive 6M return, 1M Nifty outperformance, 3M Nifty outperformance, Positive across 1M/3M/6M",28.38,Profit Booking Zone,81.56,519.96,665.88,28.06,100.0,80.0% of closes stayed inside the range | Range width 28.1% | Currently 100.0% through the range,13.94,5.96,13.03,7.62,8.1,-10.11,83.6,1.03,0.44,73.79,1967.53,653.34,-247.75,55.0376,41.0647,6.1728,21.0,0.364,24286.91,57.39,Automobile,12.0,5.0,6.0,9.0,7.0,39.0,1.0,,"Earnings contraction, Negative free cash flow",0.0,39.0,,47.22,7.0,"Low volume participation, Negative free cash flow",48.73,Neutral,"Above 50 DMA, Above 200 DMA, Healthy RSI momentum, Near 52W high momentum, Strong 1M absolute return, Strong 3M absolute return, Positive 6M return, 1M Nifty outperformance, 3M Nifty outperformance, Positive across 1M/3M/6M, 80.0% of closes stayed inside the range | Range width 28.1% | Currently 100.0% through the range"
ASHAPURMIN,Basic Materials,Other Industrial Metals & Mining,418.67,-1.26,70.69,482.42,492.3,13.21,59.63,363.78,363.04,287724.95,200942.0,0.7,Bullish,60.0,"Above 50 DMA, Above 200 DMA, Healthy RSI momentum, Near 52W high momentum",23.54,15.62,-2.19,7.43,8.23,11.59,16.11,7.39,-13.78,35.0,"Strong 1M absolute return, Positive 3M return, 1M Nifty outperformance",72.5,Profit Booking Zone,80.64,330.54,424.16,28.32,94.14,80.0% of closes stayed inside the range | Range width 28.3% | Currently 94.1% through the range,30.86,8.67,6.63,10.95,45.83,145.29,105.76,1.19,0.86,134.62,983.58,148.06,-183.81,13.5688,,3.3715,17.0,0.654,5560.57,75.02,Metals / Mining,15.0,20.0,4.0,9.0,10.0,58.0,1.0,Strong ROE,Negative free cash flow,2.0,60.0,General quality ROE,53.22,4.0,Negative free cash flow,48.73,Neutral,"Above 50 DMA, Above 200 DMA, Healthy RSI momentum, Near 52W high momentum, Strong ROE, Strong 1M absolute return, Positive 3M return, 1M Nifty outperformance, 80.0% of closes stayed inside the range | Range width 28.3% | Currently 94.1% through the range"
ACCELYA,Technology,Information Technology Services,1554.25,0.25,875.67,1895.01,77.49,17.98,56.67,1499.31,1448.27,17684.7,13749.0,0.78,Bullish,55.0,"Above 50 DMA, Above 200 DMA, Healthy RSI momentum, Positive day move",8.72,-3.84,23.66,7.43,8.23,11.59,1.29,-12.07,12.07,18.0,"Positive 1M return, Positive 6M return",88.46,Neutral Range,75.13,1442.45,1677.17,16.27,47.63,80.0% of closes stayed inside the range | Range width 16.3% | Currently 47.6% through the range,33.18,22.81,31.72,18.37,8.83,-25.94,11.83,3.48,,40.92,33.45,156.14,142.86,17.7508,18.1166,6.7679,7.05,0.523,1692.79,71.7,IT / Technology,25.0,5.0,17.0,17.0,8.0,72.0,0.93,"Strong ROE, Cash covers debt",Earnings contraction,10.0,82.0,"Strong ROE for an asset-light business, Strong operating margin",56.85,7.0,Earnings contraction,48.48,Neutral,"Above 50 DMA, Above 200 DMA, Healthy RSI momentum, Positive day move, Strong ROE, Cash covers debt, Positive 1M return, Positive 6M return, 80.0% of closes stayed inside the range | Range width 16.3% | Currently 47.6% through the range"
ACUTAAS,Basic Materials,Specialty Chemicals,693.19,0.02,421.4,732.24,64.5,5.33,62.67,623.64,586.57,695104.4,505506.0,0.73,Bullish,65.0,"Above 50 DMA, Above 200 DMA, Healthy RSI momentum, Near 52W high momentum, Positive day move",25.81,22.22,20.46,7.43,8.23,11.59,18.38,13.99,8.87,80.0,"Strong 1M absolute return, Strong 3M absolute return, Positive 6M return, 1M Nifty outperformance, 3M Nifty outperformance, Positive across 1M/3M/6M",26.67,Profit Booking Zone,83.84,545.69,653.94,19.84,100.0,80.0% of closes stayed inside the range | Range width 19.8% | Currently 100.0% through the range,6.35,3.9,15.77,6.0,16.3,-48.65,32.14,1.73,1.18,29.7,216.65,125.17,-189.51,92.9895,45.6023,16.2516,5.0,0.026,26866.83,58.42,Chemicals,6.0,8.0,13.0,9.0,5.0,41.0,1.0,,"Earnings contraction, Negative free cash flow, Very high PE",2.0,43.0,General low-debt support,53.22,11.0,"Earnings contraction, Negative free cash flow",48.28,Neutral,"Above 50 DMA, Above 200 DMA, Healthy RSI momentum, Near 52W high momentum, Positive day move, Strong 1M absolute return, Strong 3M absolute return, Positive 6M return, 1M Nifty outperformance, 3M Nifty outperformance, Positive across 1M/3M/6M, 80.0% of closes stayed inside the range | Range width 19.8% | Currently 100.0% through the range"
AUTOIND,Consumer Cyclical,Auto Parts,138.35,5.03,61.35,165.3,125.51,16.3,67.12,121.61,120.33,402890.9,751440.0,1.87,Bullish,70.0,"Above 50 DMA, Above 200 DMA, Healthy RSI momentum, Volume expansion, Strong positive day move",20.1,1.28,5.05,7.43,8.23,11.59,12.67,-6.95,-6.54,55.0,"Strong 1M absolute return, Positive 3M return, Positive 6M return, 1M Nifty outperformance, Positive across 1M/3M/6M",41.89,Profit Booking Zone,84.87,117.32,138.73,18.24,98.25,80.0% of closes stayed inside the range | Range width 18.2% | Currently 98.2% through the range,12.1,2.85,6.54,2.79,3.31,47.56,142.88,1.12,0.95,0.06,193.82,10.79,-86.1,10.027,13.4909,2.0502,,0.288,404.02,32.52,Automobile,4.0,12.0,4.0,9.0,10.0,39.0,0.93,,Negative free cash flow,0.0,39.0,,47.22,4.0,Negative free cash flow,47.98,Neutral,"Above 50 DMA, Above 200 DMA, Healthy RSI momentum, Volume expansion, Strong positive day move, Strong 1M absolute return, Positive 3M return, Positive 6M return, 1M Nifty outperformance, Positive across 1M/3M/6M, 80.0% of closes stayed inside the range | Range width 18.2% | Currently 98.2% through the range"
CSBBANK,Financial Services,Banks - Regional,373.45,-1.41,205.35,422.25,81.86,11.56,60.87,354.44,364.6,634893.7,444753.0,0.7,Bullish,60.0,"Above 50 DMA, Above 200 DMA, Healthy RSI momentum, Near 52W high momentum",12.21,-1.49,-7.38,7.43,8.23,11.59,4.78,-9.72,-18.97,15.0,Strong 1M absolute return,84.15,Neutral Range,77.23,339.18,396.32,16.85,59.97,80.0% of closes stayed inside the range | Range width 16.8% | Currently 60.0% through the range,14.9,1.57,,27.5,24.93,3.56,46.2,,,3291.9,1757.38,1782.98,1664.55,8.7807,5.9769,1.192,,0.271,5699.53,0.0,Banking,10.0,10.0,10.0,17.0,13.0,60.0,0.71,Cash covers debt,,0.0,60.0,,53.67,0.0,,47.8,Neutral,"Above 50 DMA, Above 200 DMA, Healthy RSI momentum, Near 52W high momentum, Cash covers debt, Strong 1M absolute return, 80.0% of closes stayed inside the range | Range width 16.8% | Currently 60.0% through the range"
BIL,Consumer Cyclical,Footwear & Accessories,477.6,0.9,145.3,509.0,228.7,6.17,61.49,433.41,333.65,6841.05,1501.0,0.22,Bullish,65.0,"Above 50 DMA, Above 200 DMA, Healthy RSI momentum, Near 52W high momentum, Positive day move",19.44,44.9,39.92,7.43,8.23,11.59,12.01,36.67,28.33,100.0,"Strong 1M absolute return, Strong 3M absolute return, Strong 6M absolute return, 1M Nifty outperformance, 3M Nifty outperformance, 6M Nifty outperformance, Positive across 1M/3M/6M",7.43,Profit Booking Zone,79.31,302.33,453.61,50.04,100.0,80.0% of closes stayed inside the range | Range width 50.0% | Currently 100.0% through the range,0.06,0.02,8.56,0.03,-2.92,-99.64,133.01,1.45,0.47,27.05,516.96,65.79,58.47,44.9528,51.2366,2.33,,0.164,1150.21,40.69,Consumer Discretionary,0.0,0.0,4.0,17.0,6.0,27.0,0.93,,"Revenue contraction, Earnings contraction",0.0,27.0,,47.22,10.0,"Low volume participation, Earnings contraction",47.78,Neutral,"Above 50 DMA, Above 200 DMA, Healthy RSI momentum, Near 52W high momentum, Positive day move, Strong 1M absolute return, Strong 3M absolute return, Strong 6M absolute return, 1M Nifty outperformance, 3M Nifty outperformance, 6M Nifty outperformance, Positive across 1M/3M/6M, 80.0% of closes stayed inside the range | Range width 50.0% | Currently 100.0% through the range"
DCMSRIND,Consumer Defensive,Confectioners,211.61,-0.24,57.13,237.18,270.44,10.78,48.59,207.7,171.14,266473.05,117285.0,0.44,Bullish,42.0,"Above 50 DMA, Above 200 DMA, RSI recovering",7.37,16.29,42.2,7.43,8.23,11.59,-0.06,8.06,30.61,63.0,"Positive 1M return, Positive 3M return, Strong 6M absolute return, 6M Nifty outperformance, Positive across 1M/3M/6M",27.27,Profit Booking Zone,75.3,169.74,219.24,29.17,84.6,80.0% of closes stayed inside the range | Range width 29.2% | Currently 84.6% through the range,14.15,5.25,9.18,5.61,-11.63,91.83,64.88,1.22,0.6,18.83,529.03,76.64,40.91,29.7342,,1.1204,85.0,0.2,408.69,23.34,General,6.0,10.0,6.0,17.0,10.0,49.0,1.0,,Revenue contraction,2.0,51.0,General low-debt support,44.26,3.0,Low volume participation,47.74,Neutral,"Above 50 DMA, Above 200 DMA, RSI recovering, Positive 1M return, Positive 3M return, Strong 6M absolute return, 6M Nifty outperformance, Positive across 1M/3M/6M, 80.0% of closes stayed inside the range | Range width 29.2% | Currently 84.6% through the range"
CARTRADE,Consumer Cyclical,Auto & Truck Dealerships,842.0,4.41,340.15,973.6,147.54,13.52,55.47,828.76,729.28,638610.3,383572.0,0.6,Bullish,70.0,"Above 50 DMA, Above 200 DMA, Healthy RSI momentum, Near 52W high momentum, Strong positive day move",7.03,19.12,18.47,7.43,8.23,11.59,-0.4,10.89,6.88,53.0,"Positive 1M return, Positive 3M return, Positive 6M return, 3M Nifty outperformance, Positive across 1M/3M/6M",47.3,Profit Booking Zone,79.48,678.21,894.03,31.82,75.89,80.0% of closes stayed inside the range | Range width 31.8% | Currently 75.9% through the range,0.69,0.57,9.04,2.92,34.76,-57.93,5.43,3.33,,22.14,112.48,15.87,12.96,64.8162,37.9885,5.8094,,0.004,14624.44,60.94,Automobile,0.0,10.0,14.0,17.0,5.0,46.0,0.86,,Earnings contraction,2.0,48.0,General low-debt support,47.22,7.0,Earnings contraction,47.63,Neutral,"Above 50 DMA, Above 200 DMA, Healthy RSI momentum, Near 52W high momentum, Strong positive day move, Positive 1M return, Positive 3M return, Positive 6M return, 3M Nifty outperformance, Positive across 1M/3M/6M, 80.0% of closes stayed inside the range | Range width 31.8% | Currently 75.9% through the range"
DHUNINV,Financial Services,Capital Markets,1377.63,-0.67,549.38,1619.92,150.76,14.96,66.23,1198.72,1123.67,7404.4,3570.0,0.48,Bullish,60.0,"Above 50 DMA, Above 200 DMA, Healthy RSI momentum, Near 52W high momentum",28.62,15.83,17.28,7.43,8.23,11.59,21.19,7.6,5.69,55.0,"Strong 1M absolute return, Positive 3M return, Positive 6M return, 1M Nifty outperformance, Positive across 1M/3M/6M",58.54,Profit Booking Zone,81.74,1126.82,1387.28,23.11,96.29,80.0% of closes stayed inside the range | Range width 23.1% | Currently 96.3% through the range,1.91,1.1,16.1,12.88,74.41,-83.31,14.74,6.71,6.55,30.5,377.0,133.44,41.17,6.5304,,0.2282,29.0,0.724,625.84,39.77,Financial Services,8.0,10.0,17.0,17.0,12.0,64.0,1.0,,Earnings contraction,-5.0,59.0,Weak ROE for a leveraged-balance-sheet business,53.67,10.0,"Low volume participation, Earnings contraction",47.45,Neutral,"Above 50 DMA, Above 200 DMA, Healthy RSI momentum, Near 52W high momentum, Strong 1M absolute return, Positive 3M return, Positive 6M return, 1M Nifty outperformance, Positive across 1M/3M/6M, 80.0% of closes stayed inside the range | Range width 23.1% | Currently 96.3% through the range"
CENTENKA,Consumer Cyclical,Textile Manufacturing,578.25,3.43,315.17,632.06,83.47,8.51,53.62,547.93,445.78,58127.75,94029.0,1.62,Bullish,80.0,"Above 50 DMA, Above 200 DMA, Healthy RSI momentum, Near 52W high momentum, Volume expansion, Strong positive day move",2.73,38.78,40.07,7.43,8.23,11.59,-4.7,30.55,28.48,88.0,"Positive 1M return, Strong 3M absolute return, Strong 6M absolute return, 3M Nifty outperformance, 6M Nifty outperformance, Positive across 1M/3M/6M",21.62,Profit Booking Zone,82.95,395.9,579.12,46.28,99.52,80.0% of closes stayed inside the range | Range width 46.3% | Currently 99.5% through the range,3.13,2.54,1.94,2.46,-15.69,-52.67,3.83,4.57,3.02,0.87,52.25,88.06,-26.95,8.1253,,0.7996,2.01,0.219,1196.1,28.84,Consumer Discretionary,0.0,0.0,17.0,9.0,12.0,38.0,1.0,,"Revenue contraction, Earnings contraction, Negative free cash flow",2.0,40.0,General low-debt support,47.22,16.0,"Revenue contraction, Earnings contraction, Negative free cash flow",47.08,Neutral,"Above 50 DMA, Above 200 DMA, Healthy RSI momentum, Near 52W high momentum, Volume expansion, Strong positive day move, Positive 1M return, Strong 3M absolute return, Strong 6M absolute return, 3M Nifty outperformance, 6M Nifty outperformance, Positive across 1M/3M/6M, 80.0% of closes stayed inside the range | Range width 46.3% | Currently 99.5% through the range"
DCMFINSERV,Financial Services,Credit Services,6.27,1.95,3.35,11.2,87.16,44.02,60.48,5.58,5.17,45029.55,38611.0,0.86,Bullish,55.0,"Above 50 DMA, Above 200 DMA, Healthy RSI momentum, Positive day move",17.2,32.0,39.33,7.43,8.23,11.59,9.77,23.77,27.74,100.0,"Strong 1M absolute return, Strong 3M absolute return, Strong 6M absolute return, 1M Nifty outperformance, 3M Nifty outperformance, 6M Nifty outperformance, Positive across 1M/3M/6M",12.2,Profit Booking Zone,81.75,4.85,6.12,26.25,100.0,80.8% of closes stayed inside the range | Range width 26.2% | Currently 100.0% through the range,1.92,-3.97,-35782.22,-20844.44,102.44,80.65,-142.73,0.11,0.11,0.02,69.57,3.43,-1.44,,,-0.2214,,-0.26,11.9,0.0,Financial Services,0.0,20.0,9.0,9.0,2.0,40.0,0.86,,"Negative net margin, Negative free cash flow",-5.0,35.0,Weak ROE for a leveraged-balance-sheet business,53.67,12.0,"Negative net margin, Negative free cash flow",47.05,Neutral,"Above 50 DMA, Above 200 DMA, Healthy RSI momentum, Positive day move, Strong 1M absolute return, Strong 3M absolute return, Strong 6M absolute return, 1M Nifty outperformance, 3M Nifty outperformance, 6M Nifty outperformance, Positive across 1M/3M/6M, 80.8% of closes stayed inside the range | Range width 26.2% | Currently 100.0% through the range"
CNL,Technology,Electronics & Computer Distribution,786.36,-9.18,357.48,913.79,119.97,13.95,54.74,758.46,717.53,110605.4,447362.0,4.04,Bullish,75.0,"Above 50 DMA, Above 200 DMA, Healthy RSI momentum, Near 52W high momentum, Strong volume expansion",16.26,7.01,10.81,7.43,8.23,11.59,8.83,-1.22,-0.78,55.0,"Strong 1M absolute return, Positive 3M return, Positive 6M return, 1M Nifty outperformance, Positive across 1M/3M/6M",48.08,Neutral Range,81.04,705.16,829.78,17.67,65.16,80.0% of closes stayed inside the range | Range width 17.7% | Currently 65.2% through the range,20.43,12.19,2.78,2.57,23.0,79.16,34.1,2.73,2.13,7.2,73.56,-28.18,-28.71,28.6408,,5.6581,4.0,0.592,1865.3,8.59,IT / Technology,11.0,18.0,15.0,0.0,8.0,52.0,1.0,Strong ROE,"Negative operating cash flow, Negative free cash flow",5.0,57.0,Strong ROE for an asset-light business,56.85,14.0,"Sharp daily fall, Negative operating cash flow, Negative free cash flow",46.98,Neutral,"Above 50 DMA, Above 200 DMA, Healthy RSI momentum, Near 52W high momentum, Strong volume expansion, Strong ROE, Strong 1M absolute return, Positive 3M return, Positive 6M return, 1M Nifty outperformance, Positive across 1M/3M/6M, 80.0% of closes stayed inside the range | Range width 17.7% | Currently 65.2% through the range"
APTUS,Financial Services,Mortgage Finance,333.9,0.2,222.38,375.35,50.15,11.05,58.72,314.14,306.89,874549.4,496267.0,0.57,Bullish,65.0,"Above 50 DMA, Above 200 DMA, Healthy RSI momentum, Near 52W high momentum, Positive day move",13.75,3.48,9.02,7.43,8.23,11.59,6.32,-4.75,-2.57,55.0,"Strong 1M absolute return, Positive 3M return, Positive 6M return, 1M Nifty outperformance, Positive across 1M/3M/6M",58.54,Neutral Range,80.41,298.87,346.68,16.0,73.26,80.0% of closes stayed inside the range | Range width 16.0% | Currently 73.3% through the range,16.24,6.8,,59.91,19.07,21.65,138.0,,,348.63,5199.61,-1355.68,-1360.56,13.0224,9.8005,2.5349,1.95,0.702,12828.45,99.82,Financial Services,12.0,16.0,2.0,0.0,14.0,44.0,0.79,,"Negative operating cash flow, Negative free cash flow",6.0,50.0,Strong ROE for a leveraged-balance-sheet business,53.67,9.0,"Negative operating cash flow, Negative free cash flow",46.55,Neutral,"Above 50 DMA, Above 200 DMA, Healthy RSI momentum, Near 52W high momentum, Positive day move, Strong 1M absolute return, Positive 3M return, Positive 6M return, 1M Nifty outperformance, Positive across 1M/3M/6M, 80.0% of closes stayed inside the range | Range width 16.0% | Currently 73.3% through the range"
BLUEDART,Industrials,Integrated Freight & Logistics,8132.68,-0.02,5447.07,9531.43,49.3,14.68,69.04,7267.59,6732.29,20145.55,7997.0,0.4,Bullish,60.0,"Above 50 DMA, Above 200 DMA, Healthy RSI momentum, Near 52W high momentum",15.3,34.68,12.52,7.43,8.23,11.59,7.87,26.45,0.93,80.0,"Strong 1M absolute return, Strong 3M absolute return, Positive 6M return, 1M Nifty outperformance, 3M Nifty outperformance, Positive across 1M/3M/6M",39.84,Profit Booking Zone,80.96,5853.94,7729.13,32.03,100.0,80.0% of closes stayed inside the range | Range width 32.0% | Currently 100.0% through the range,22.02,8.7,8.14,5.71,1.85,-18.76,78.56,0.86,0.83,164.61,1074.07,846.73,579.19,41.1913,27.0629,6.6622,50.0,0.227,11839.05,25.16,Capital Goods / Infra,10.0,0.0,4.0,17.0,7.0,38.0,1.0,Strong ROE,Earnings contraction,0.0,38.0,,54.47,10.0,"Low volume participation, Earnings contraction",46.47,Neutral,"Above 50 DMA, Above 200 DMA, Healthy RSI momentum, Near 52W high momentum, Strong ROE, Strong 1M absolute return, Strong 3M absolute return, Positive 6M return, 1M Nifty outperformance, 3M Nifty outperformance, Positive across 1M/3M/6M, 80.0% of closes stayed inside the range | Range width 32.0% | Currently 100.0% through the range"
CHEMBOND,Basic Materials,Specialty Chemicals,623.79,-0.05,169.23,724.15,268.59,13.86,58.4,556.69,488.95,126870.3,28843.0,0.23,Bullish,60.0,"Above 50 DMA, Above 200 DMA, Healthy RSI momentum, Near 52W high momentum",29.19,21.22,20.34,7.43,8.23,11.59,21.76,12.99,8.75,80.0,"Strong 1M absolute return, Strong 3M absolute return, Positive 6M return, 1M Nifty outperformance, 3M Nifty outperformance, Positive across 1M/3M/6M",26.67,Profit Booking Zone,81.46,469.1,603.68,28.69,100.0,80.0% of closes stayed inside the range | Range width 28.7% | Currently 100.0% through the range,7.8,5.84,2.23,6.3,-59.57,-55.47,4.67,2.13,1.81,3.6,6.68,94.33,83.24,16.1556,,1.4056,1.15,1.032,234.65,39.13,Chemicals,5.0,0.0,17.0,17.0,11.0,50.0,1.0,,"Revenue contraction, Earnings contraction",2.0,52.0,General low-debt support,53.22,15.0,"Low volume participation, Revenue contraction, Earnings contraction",46.18,Neutral,"Above 50 DMA, Above 200 DMA, Healthy RSI momentum, Near 52W high momentum, Strong 1M absolute return, Strong 3M absolute return, Positive 6M return, 1M Nifty outperformance, 3M Nifty outperformance, Positive across 1M/3M/6M, 80.0% of closes stayed inside the range | Range width 28.7% | Currently 100.0% through the range"
DEEPINDS,Energy,Oil & Gas E&P,281.71,-0.64,102.76,326.09,174.15,13.61,45.96,286.01,266.44,125408.35,111206.0,0.89,Bearish,27.0,"Above 200 DMA, RSI recovering",4.94,-6.9,12.95,7.43,8.23,11.59,-2.49,-15.13,1.36,18.0,"Positive 1M return, Positive 6M return",77.78,Neutral Range,70.42,243.94,300.3,23.1,67.0,80.0% of closes stayed inside the range | Range width 23.1% | Currently 67.0% through the range,8.58,6.48,30.95,29.01,25.09,0.37,11.06,3.05,2.82,26.99,159.69,254.61,38.31,20.6633,11.0566,2.1626,37.0,-0.641,4316.48,54.28,Energy / Utilities,16.0,10.0,17.0,17.0,13.0,73.0,1.0,,,2.0,75.0,General low-debt support,55.75,0.0,,45.86,Neutral,"Above 200 DMA, RSI recovering, Positive 1M return, Positive 6M return, 80.0% of closes stayed inside the range | Range width 23.1% | Currently 67.0% through the range"
BFUTILITIE,Industrials,Infrastructure Operations,854.6,-0.86,283.4,1016.0,201.55,15.89,41.69,879.75,732.63,522096.95,409474.0,0.78,Bearish,23.0,"Above 200 DMA, Weak but watchable RSI",6.29,0.36,44.01,7.43,8.23,11.59,-1.14,-7.87,32.42,63.0,"Positive 1M return, Positive 3M return, Strong 6M absolute return, 6M Nifty outperformance, Positive across 1M/3M/6M",49.22,Profit Booking Zone,67.07,597.5,916.65,53.41,80.56,80.0% of closes stayed inside the range | Range width 53.4% | Currently 80.6% through the range,266.18,6.07,53.13,15.21,27.61,18.45,2344.13,1.43,0.77,50.23,1297.73,583.15,340.12,12.1459,,9.536,,0.415,1921.99,91.91,Capital Goods / Infra,21.0,18.0,2.0,17.0,6.0,64.0,0.93,Strong ROE,Very high debt,5.0,69.0,Strong order-book-driven revenue growth,54.47,8.0,Very high debt,45.82,Neutral,"Above 200 DMA, Weak but watchable RSI, Strong ROE, Positive 1M return, Positive 3M return, Strong 6M absolute return, 6M Nifty outperformance, Positive across 1M/3M/6M, 80.0% of closes stayed inside the range | Range width 53.4% | Currently 80.6% through the range"
CCAVENUE,Technology,Software - Infrastructure,29.88,-0.1,12.8,42.44,133.43,29.6,38.76,31.76,27.79,15631528.5,8883194.0,0.57,Bearish,23.0,"Above 200 DMA, Weak but watchable RSI",3.35,-16.31,38.2,7.43,8.23,11.59,-4.08,-24.54,26.61,43.0,"Positive 1M return, Strong 6M absolute return, 6M Nifty outperformance",57.69,Accumulation Zone,68.37,27.12,36.76,35.57,28.62,80.0% of closes stayed inside the range | Range width 35.6% | Currently 28.6% through the range,4.67,3.07,5.98,5.02,60.54,13.25,2.46,1.36,,190.58,83.39,728.39,436.8,15.9063,14.4057,0.9121,,0.033,5315.52,5.84,IT / Technology,0.0,15.0,14.0,17.0,13.0,59.0,0.86,Cash covers debt,,0.0,59.0,,56.85,0.0,,45.68,Neutral,"Above 200 DMA, Weak but watchable RSI, Cash covers debt, Positive 1M return, Strong 6M absolute return, 6M Nifty outperformance, 80.0% of closes stayed inside the range | Range width 35.6% | Currently 28.6% through the range"
AWHCL,Industrials,Waste Management,535.32,-0.68,241.49,578.51,121.67,7.47,70.39,476.52,463.22,388559.9,169646.0,0.44,Bullish,47.0,"Above 50 DMA, Above 200 DMA, Strong but overbought RSI, Near 52W high momentum",30.65,6.92,9.75,7.43,8.23,11.59,23.22,-1.31,-1.84,55.0,"Strong 1M absolute return, Positive 3M return, Positive 6M return, 1M Nifty outperformance, Positive across 1M/3M/6M",59.38,Profit Booking Zone,80.24,448.39,532.13,18.67,100.0,80.0% of closes stayed inside the range | Range width 18.7% | Currently 100.0% through the range,15.03,5.9,14.15,9.98,1.57,26.62,77.89,1.28,1.28,70.9,446.85,139.53,-13.95,18.8101,11.844,1.4872,13.0,0.834,1098.84,57.64,Capital Goods / Infra,12.0,10.0,8.0,9.0,15.0,54.0,1.0,,Negative free cash flow,0.0,54.0,,54.47,7.0,"Low volume participation, Negative free cash flow",45.57,Neutral,"Above 50 DMA, Above 200 DMA, Strong but overbought RSI, Near 52W high momentum, Strong 1M absolute return, Positive 3M return, Positive 6M return, 1M Nifty outperformance, Positive across 1M/3M/6M, 80.0% of closes stayed inside the range | Range width 18.7% | Currently 100.0% through the range"
CAPITALSFB,Financial Services,Banks - Regional,335.83,-1.85,301.12,453.51,11.53,25.95,52.54,333.68,,85042.45,234742.0,2.76,Bullish,55.0,"Above 50 DMA, Healthy RSI momentum, Near 52W low zone, Strong volume expansion",6.99,-3.58,,7.43,8.23,11.59,-0.44,-11.81,,8.0,Positive 1M return,90.24,Accumulation Zone,76.45,319.66,398.78,24.75,20.44,78.7% of closes stayed inside the range | Range width 24.8% | Currently 20.4% through the range,9.31,1.2,,27.0,11.21,19.16,39.44,,,1359.12,472.25,115.89,97.44,8.5065,5.4725,0.8598,1.78,0.849,1280.53,0.0,Banking,8.0,13.0,10.0,17.0,14.0,62.0,0.79,Cash covers debt,,0.0,62.0,,53.67,0.0,,45.5,Neutral,"Above 50 DMA, Healthy RSI momentum, Near 52W low zone, Strong volume expansion, Cash covers debt, Positive 1M return, 78.7% of closes stayed inside the range | Range width 24.8% | Currently 20.4% through the range"
CAMPUS,Consumer Cyclical,Footwear & Accessories,295.77,-0.37,210.77,632.6,40.33,53.25,65.11,266.79,264.62,1270559.9,992700.0,0.78,Bullish,50.0,"Above 50 DMA, Above 200 DMA, Healthy RSI momentum",3.25,30.32,7.58,7.43,8.23,11.59,-4.18,22.09,-4.01,63.0,"Positive 1M return, Strong 3M absolute return, Positive 6M return, 3M Nifty outperformance, Positive across 1M/3M/6M",33.78,Profit Booking Zone,79.83,227.57,285.71,25.55,100.0,80.0% of closes stayed inside the range | Range width 25.5% | Currently 100.0% through the range,13.72,8.16,9.63,6.18,-2.42,-23.63,27.28,2.4,0.97,21.5,177.76,264.47,219.17,44.6035,33.0397,7.6257,66.0,0.116,6912.64,52.29,Consumer Discretionary,11.0,0.0,12.0,17.0,7.0,47.0,1.0,,"Revenue contraction, Earnings contraction",2.0,49.0,General low-debt support,47.22,7.0,Earnings contraction,45.48,Neutral,"Above 50 DMA, Above 200 DMA, Healthy RSI momentum, Positive 1M return, Strong 3M absolute return, Positive 6M return, 3M Nifty outperformance, Positive across 1M/3M/6M, 80.0% of closes stayed inside the range | Range width 25.5% | Currently 100.0% through the range"
BOSCH-HCIL,Consumer Cyclical,"Furnishings, Fixtures & Appliances",1946.41,0.02,911.39,2040.42,113.57,4.61,67.55,1539.25,1222.87,77891.1,43265.0,0.56,Bullish,65.0,"Above 50 DMA, Above 200 DMA, Healthy RSI momentum, Near 52W high momentum, Positive day move",9.9,78.8,78.23,7.43,8.23,11.59,2.47,70.57,66.64,88.0,"Positive 1M return, Strong 3M absolute return, Strong 6M absolute return, 3M Nifty outperformance, 6M Nifty outperformance, Positive across 1M/3M/6M",21.62,Profit Booking Zone,75.42,1027.52,1807.88,75.95,100.0,80.0% of closes stayed inside the range | Range width 75.9% | Currently 100.0% through the range,-12.99,-4.57,-3.23,-3.99,-19.3,7.83,8.25,1.17,0.51,71.82,48.08,254.39,217.48,1130.1333,,9.2283,3.81,0.628,4609.4,30.48,Consumer Discretionary,0.0,2.0,14.0,17.0,2.0,35.0,1.0,Cash covers debt,"Negative net margin, Revenue contraction, Very high PE",2.0,37.0,General low-debt support,47.22,13.0,"Negative net margin, Revenue contraction",45.28,Neutral,"Above 50 DMA, Above 200 DMA, Healthy RSI momentum, Near 52W high momentum, Positive day move, Cash covers debt, Positive 1M return, Strong 3M absolute return, Strong 6M absolute return, 3M Nifty outperformance, 6M Nifty outperformance, Positive across 1M/3M/6M, 80.0% of closes stayed inside the range | Range width 75.9% | Currently 100.0% through the range"
CREST,Financial Services,Financial Conglomerates,428.0,4.7,140.62,521.04,204.37,17.86,63.37,385.61,343.64,105300.55,171924.0,1.63,Bullish,70.0,"Above 50 DMA, Above 200 DMA, Healthy RSI momentum, Volume expansion, Strong positive day move",23.43,6.11,49.04,7.43,8.23,11.59,16.0,-2.12,37.45,80.0,"Strong 1M absolute return, Positive 3M return, Strong 6M absolute return, 1M Nifty outperformance, 6M Nifty outperformance, Positive across 1M/3M/6M",36.59,Neutral Range,77.8,341.67,466.16,36.43,69.35,80.0% of closes stayed inside the range | Range width 36.4% | Currently 69.3% through the range,5.44,4.39,45.4,41.69,50.52,-84.81,18.53,5.79,5.22,95.7,204.68,-7.36,-20.31,32.0647,,0.8044,27.0,0.007,1051.46,98.49,Financial Services,12.0,10.0,17.0,0.0,10.0,49.0,1.0,,"Earnings contraction, Negative operating cash flow, Negative free cash flow",-5.0,44.0,Weak ROE for a leveraged-balance-sheet business,53.67,16.0,"Earnings contraction, Negative operating cash flow, Negative free cash flow",44.95,Weak,"Above 50 DMA, Above 200 DMA, Healthy RSI momentum, Volume expansion, Strong positive day move, Strong 1M absolute return, Positive 3M return, Strong 6M absolute return, 1M Nifty outperformance, 6M Nifty outperformance, Positive across 1M/3M/6M, 80.0% of closes stayed inside the range | Range width 36.4% | Currently 69.3% through the range"
DIAMINESQ,Basic Materials,Chemicals,603.69,-7.19,443.01,688.6,36.27,12.33,64.98,532.0,,57187.8,98410.0,1.72,Bullish,55.0,"Above 50 DMA, Healthy RSI momentum, Near 52W high momentum, Volume expansion",25.34,17.2,6.98,7.43,8.23,11.59,17.91,8.97,-4.61,55.0,"Strong 1M absolute return, Positive 3M return, Positive 6M return, 1M Nifty outperformance, Positive across 1M/3M/6M",55.0,Breakout Watch,82.05,483.74,569.71,17.77,100.0,80.0% of closes stayed inside the range | Range width 17.8% | Currently 100.0% through the range | Above upper band on elevated volume,10.44,9.51,20.25,15.05,-6.84,-63.08,0.0,7.29,5.61,0.53,0.0,21.9,13.29,,,1.5547,41.0,0.284,244.62,41.72,Chemicals,16.0,0.0,20.0,17.0,6.0,59.0,0.93,Net cash position,"Revenue contraction, Earnings contraction",2.0,61.0,General low-debt support,53.22,12.0,"Sharp daily fall, Earnings contraction",44.83,Weak,"Above 50 DMA, Healthy RSI momentum, Near 52W high momentum, Volume expansion, Net cash position, Strong 1M absolute return, Positive 3M return, Positive 6M return, 1M Nifty outperformance, Positive across 1M/3M/6M, 80.0% of closes stayed inside the range | Range width 17.8% | Currently 100.0% through the range | Above upper band on elevated volume"
AZAD,Industrials,Specialty Industrial Machinery,1843.7,0.25,642.4,2080.0,187.0,11.36,61.23,1550.9,,215503.45,60898.0,0.28,Bullish,50.0,"Above 50 DMA, Healthy RSI momentum, Near 52W high momentum, Positive day move",23.33,37.7,,7.43,8.23,11.59,15.9,29.47,,60.0,"Strong 1M absolute return, Strong 3M absolute return, 1M Nifty outperformance, 3M Nifty outperformance",52.34,Profit Booking Zone,68.67,688.43,1839.44,167.19,100.0,80.0% of closes stayed inside the range | Range width 167.2% | Currently 100.0% through the range,9.08,7.35,29.28,17.85,35.8,591.37,6.11,4.29,2.94,28.19,39.43,-6.95,-82.29,132.0899,77.1135,12.0451,,0.601,18409.03,92.01,Capital Goods / Infra,15.0,20.0,17.0,0.0,3.0,55.0,0.93,,"Negative operating cash flow, Negative free cash flow, Very high PE",5.0,60.0,Strong order-book-driven revenue growth,54.47,12.0,"Low volume participation, Negative operating cash flow, Negative free cash flow",44.67,Weak,"Above 50 DMA, Healthy RSI momentum, Near 52W high momentum, Positive day move, Strong 1M absolute return, Strong 3M absolute return, 1M Nifty outperformance, 3M Nifty outperformance, 80.0% of closes stayed inside the range | Range width 167.2% | Currently 100.0% through the range"
CSLFINANCE,Financial Services,Credit Services,463.29,0.22,184.63,509.55,150.93,9.08,59.36,429.59,411.81,64355.45,25628.0,0.4,Bullish,65.0,"Above 50 DMA, Above 200 DMA, Healthy RSI momentum, Near 52W high momentum, Positive day move",16.09,2.63,2.55,7.43,8.23,11.59,8.66,-5.6,-9.04,55.0,"Strong 1M absolute return, Positive 3M return, Positive 6M return, 1M Nifty outperformance, Positive across 1M/3M/6M",58.54,Profit Booking Zone,82.46,406.49,471.75,16.06,87.03,80.0% of closes stayed inside the range | Range width 16.1% | Currently 87.0% through the range,13.34,6.43,53.54,38.94,42.08,38.87,106.34,1.24,,54.09,504.94,-127.67,-129.15,6.0993,,0.8466,1.3,0.448,519.28,95.44,Financial Services,18.0,20.0,4.0,0.0,11.0,53.0,0.93,,"Negative operating cash flow, Negative free cash flow",0.0,53.0,,53.67,12.0,"Low volume participation, Negative operating cash flow, Negative free cash flow",44.6,Weak,"Above 50 DMA, Above 200 DMA, Healthy RSI momentum, Near 52W high momentum, Positive day move, Strong 1M absolute return, Positive 3M return, Positive 6M return, 1M Nifty outperformance, Positive across 1M/3M/6M, 80.0% of closes stayed inside the range | Range width 16.1% | Currently 87.0% through the range"
BALRAMCHIN,Consumer Defensive,Confectioners,421.92,-0.31,299.13,479.44,41.05,12.0,56.15,394.86,396.12,3411440.25,1002901.0,0.29,Bullish,60.0,"Above 50 DMA, Above 200 DMA, Healthy RSI momentum, Near 52W high momentum",9.4,11.37,6.54,7.43,8.23,11.59,1.97,3.14,-5.05,38.0,"Positive 1M return, Positive 3M return, Positive 6M return, Positive across 1M/3M/6M",46.97,Profit Booking Zone,82.87,361.28,423.26,17.16,97.83,80.0% of closes stayed inside the range | Range width 17.2% | Currently 97.8% through the range,15.72,8.78,11.46,9.55,19.89,88.08,59.08,1.43,0.08,0.32,2009.15,177.83,-90.94,35.7061,17.5328,3.1964,1.07,0.349,13856.46,26.26,General,14.0,18.0,6.0,9.0,8.0,55.0,1.0,,Negative free cash flow,2.0,57.0,General low-debt support,44.26,7.0,"Low volume participation, Negative free cash flow",44.09,Weak,"Above 50 DMA, Above 200 DMA, Healthy RSI momentum, Near 52W high momentum, Positive 1M return, Positive 3M return, Positive 6M return, Positive across 1M/3M/6M, 80.0% of closes stayed inside the range | Range width 17.2% | Currently 97.8% through the range"
BANARBEADS,Consumer Cyclical,Footwear & Accessories,102.64,4.74,68.5,115.73,49.84,11.31,67.79,91.39,92.33,60747.8,82249.0,1.35,Bullish,80.0,"Above 50 DMA, Above 200 DMA, Healthy RSI momentum, Near 52W high momentum, Volume expansion, Strong positive day move",22.9,7.8,10.02,7.43,8.23,11.59,15.47,-0.43,-1.57,55.0,"Strong 1M absolute return, Positive 3M return, Positive 6M return, 1M Nifty outperformance, Positive across 1M/3M/6M",41.89,Profit Booking Zone,87.76,87.99,100.94,14.72,100.0,80.0% of closes stayed inside the range | Range width 14.7% | Currently 100.0% through the range,5.07,4.6,4.72,10.09,4.98,8.15,6.07,9.26,4.71,0.3,3.29,-3.47,-4.49,40.6796,,1.3222,,0.455,76.22,64.44,Consumer Discretionary,3.0,7.0,17.0,0.0,6.0,33.0,0.93,,"Negative operating cash flow, Negative free cash flow",2.0,35.0,General low-debt support,47.22,9.0,"Negative operating cash flow, Negative free cash flow",44.08,Weak,"Above 50 DMA, Above 200 DMA, Healthy RSI momentum, Near 52W high momentum, Volume expansion, Strong positive day move, Strong 1M absolute return, Positive 3M return, Positive 6M return, 1M Nifty outperformance, Positive across 1M/3M/6M, 80.0% of closes stayed inside the range | Range width 14.7% | Currently 100.0% through the range"
CLEAN,Basic Materials,Specialty Chemicals,1468.32,-1.07,1211.3,1951.88,21.22,24.77,63.27,1345.55,1381.63,213298.05,127160.0,0.6,Bullish,55.0,"Above 50 DMA, Above 200 DMA, Healthy RSI momentum, Near 52W low zone",14.11,11.55,-3.33,7.43,8.23,11.59,6.68,3.32,-14.92,35.0,"Strong 1M absolute return, Positive 3M return, 1M Nifty outperformance",72.5,Profit Booking Zone,82.29,1287.75,1471.79,14.29,98.12,80.0% of closes stayed inside the range | Range width 14.3% | Currently 98.1% through the range,20.28,17.45,36.74,31.29,-15.84,-17.33,0.17,4.1,3.33,10.45,2.03,236.44,4.81,37.8827,25.8616,5.616,72.0,0.252,8890.0,61.48,Chemicals,23.0,0.0,20.0,17.0,9.0,69.0,1.0,"Strong ROE, Cash covers debt","Revenue contraction, Earnings contraction",4.0,73.0,"General quality ROE, General low-debt support",53.22,12.0,"Revenue contraction, Earnings contraction",44.03,Weak,"Above 50 DMA, Above 200 DMA, Healthy RSI momentum, Near 52W low zone, Strong ROE, Cash covers debt, Strong 1M absolute return, Positive 3M return, 1M Nifty outperformance, 80.0% of closes stayed inside the range | Range width 14.3% | Currently 98.1% through the range"
AAVAS,Financial Services,Mortgage Finance,1794.85,-3.45,1307.0,2339.35,37.33,23.28,50.83,1692.38,1562.97,425661.15,641861.0,1.51,Bullish,60.0,"Above 50 DMA, Above 200 DMA, Healthy RSI momentum, Volume expansion",15.77,26.8,19.52,7.43,8.23,11.59,8.34,18.57,7.93,80.0,"Strong 1M absolute return, Strong 3M absolute return, Positive 6M return, 1M Nifty outperformance, 3M Nifty outperformance, Positive across 1M/3M/6M",36.59,Profit Booking Zone,78.74,1379.04,1853.93,34.44,87.56,80.0% of closes stayed inside the range | Range width 34.4% | Currently 87.6% through the range,13.0,2.97,18.8,29.21,23.94,14.21,328.94,1.6,,20.56,12411.92,-2000.51,-2033.26,14.7269,11.0992,1.9999,,0.538,10113.44,99.34,Financial Services,15.0,13.0,4.0,0.0,13.0,45.0,0.86,,"Very high debt, Negative operating cash flow, Negative free cash flow",6.0,51.0,High leverage is structural for this sector,53.67,17.0,"Very high debt, Negative operating cash flow, Negative free cash flow",43.9,Weak,"Above 50 DMA, Above 200 DMA, Healthy RSI momentum, Volume expansion, Strong 1M absolute return, Strong 3M absolute return, Positive 6M return, 1M Nifty outperformance, 3M Nifty outperformance, Positive across 1M/3M/6M, 80.0% of closes stayed inside the range | Range width 34.4% | Currently 87.6% through the range"
BAJAJELEC,Consumer Cyclical,"Furnishings, Fixtures & Appliances",1083.79,2.88,806.85,1224.89,34.32,11.52,73.33,961.3,993.53,83090.4,139193.0,1.68,Bullish,67.0,"Above 50 DMA, Above 200 DMA, Strong but overbought RSI, Near 52W high momentum, Volume expansion, Strong positive day move",18.44,15.86,10.46,7.43,8.23,11.59,11.01,7.63,-1.13,55.0,"Strong 1M absolute return, Positive 3M return, Positive 6M return, 1M Nifty outperformance, Positive across 1M/3M/6M",41.89,Breakout Watch,85.15,912.89,1040.15,13.94,100.0,80.0% of closes stayed inside the range | Range width 13.9% | Currently 100.0% through the range | Above upper band on elevated volume,9.09,3.42,3.47,2.84,-5.04,-39.37,14.91,1.21,0.86,114.02,214.9,353.79,222.62,,20.8845,2.4085,87.0,-0.14,3839.69,31.01,Consumer Discretionary,2.0,0.0,11.0,17.0,6.0,36.0,0.93,,"Revenue contraction, Earnings contraction",2.0,38.0,General low-debt support,47.22,7.0,Earnings contraction,43.88,Weak,"Above 50 DMA, Above 200 DMA, Strong but overbought RSI, Near 52W high momentum, Volume expansion, Strong positive day move, Strong 1M absolute return, Positive 3M return, Positive 6M return, 1M Nifty outperformance, Positive across 1M/3M/6M, 80.0% of closes stayed inside the range | Range width 13.9% | Currently 100.0% through the range | Above upper band on elevated volume"
AMBER,Consumer Cyclical,"Furnishings, Fixtures & Appliances",4499.35,1.27,1762.5,4665.0,155.28,3.55,71.25,3917.19,3524.67,243602.65,65604.0,0.27,Bullish,52.0,"Above 50 DMA, Above 200 DMA, Strong but overbought RSI, Near 52W high momentum, Positive day move",23.76,19.52,45.07,7.43,8.23,11.59,16.33,11.29,33.48,95.0,"Strong 1M absolute return, Positive 3M return, Strong 6M absolute return, 1M Nifty outperformance, 3M Nifty outperformance, 6M Nifty outperformance, Positive across 1M/3M/6M",16.22,Profit Booking Zone,80.53,3534.6,4372.95,23.72,100.0,80.0% of closes stayed inside the range | Range width 23.7% | Currently 100.0% through the range,6.44,2.02,4.83,2.03,-3.19,-15.47,74.55,1.02,0.77,131.87,1538.95,964.84,552.8,294.0613,40.3885,6.1782,,0.196,27068.01,19.22,Consumer Discretionary,0.0,0.0,6.0,17.0,3.0,26.0,0.93,,"Revenue contraction, Earnings contraction, Very high PE",2.0,28.0,General low-debt support,47.22,10.0,"Low volume participation, Earnings contraction",43.63,Weak,"Above 50 DMA, Above 200 DMA, Strong but overbought RSI, Near 52W high momentum, Positive day move, Strong 1M absolute return, Positive 3M return, Strong 6M absolute return, 1M Nifty outperformance, 3M Nifty outperformance, 6M Nifty outperformance, Positive across 1M/3M/6M, 80.0% of closes stayed inside the range | Range width 23.7% | Currently 100.0% through the range"
ASIANENE,Energy,Oil & Gas Equipment & Services,320.14,-0.26,51.35,343.28,523.4,6.74,67.02,289.93,254.22,191025.8,87523.0,0.46,Bullish,60.0,"Above 50 DMA, Above 200 DMA, Healthy RSI momentum, Near 52W high momentum",24.22,16.66,16.22,7.43,8.23,11.59,16.79,8.43,4.63,55.0,"Strong 1M absolute return, Positive 3M return, Positive 6M return, 1M Nifty outperformance, Positive across 1M/3M/6M",66.67,Profit Booking Zone,83.33,269.74,313.58,16.25,100.0,80.0% of closes stayed inside the range | Range width 16.3% | Currently 100.0% through the range,9.16,6.62,8.13,8.36,179.53,157.41,8.05,2.19,2.18,8.59,22.37,-44.1,-72.67,38.1285,,4.355,20.0,0.838,2336.27,20.95,Energy / Utilities,7.0,20.0,17.0,0.0,6.0,50.0,1.0,,"Negative operating cash flow, Negative free cash flow",2.0,52.0,General low-debt support,55.75,12.0,"Low volume participation, Negative operating cash flow, Negative free cash flow",43.31,Weak,"Above 50 DMA, Above 200 DMA, Healthy RSI momentum, Near 52W high momentum, Strong 1M absolute return, Positive 3M return, Positive 6M return, 1M Nifty outperformance, Positive across 1M/3M/6M, 80.0% of closes stayed inside the range | Range width 16.3% | Currently 100.0% through the range"
BURNPUR,Basic Materials,Building Materials,56.1,4.96,19.0,56.1,195.26,0.0,82.6,33.77,32.43,334578.05,109169.0,0.33,Bullish,57.0,"Above 50 DMA, Above 200 DMA, Strong but overbought RSI, Near 52W high momentum, Strong positive day move",95.13,83.93,75.31,7.43,8.23,11.59,87.7,75.7,63.72,100.0,"Strong 1M absolute return, Strong 3M absolute return, Strong 6M absolute return, 1M Nifty outperformance, 3M Nifty outperformance, 6M Nifty outperformance, Positive across 1M/3M/6M",8.33,Profit Booking Zone,82.57,29.75,36.78,23.61,100.0,80.8% of closes stayed inside the range | Range width 23.6% | Currently 100.0% through the range,21.93,-4492.84,-1.63,-73.76,-8.11,-39.92,-91.94,0.0,0.0,1.08,415.56,6.65,6.25,,,-0.0485,,0.183,27.82,0.0,Cement / Realty,6.0,0.0,9.0,17.0,2.0,34.0,0.86,Strong ROE,"Negative net margin, Revenue contraction, Earnings contraction",4.0,38.0,"General quality ROE, General low-debt support",53.22,18.0,"Low volume participation, Negative net margin, Earnings contraction",42.53,Weak,"Above 50 DMA, Above 200 DMA, Strong but overbought RSI, Near 52W high momentum, Strong positive day move, Strong ROE, Strong 1M absolute return, Strong 3M absolute return, Strong 6M absolute return, 1M Nifty outperformance, 3M Nifty outperformance, 6M Nifty outperformance, Positive across 1M/3M/6M, 80.8% of closes stayed inside the range | Range width 23.6% | Currently 100.0% through the range"
CYIENTDLM,Industrials,Aerospace & Defense,775.0,2.01,403.0,883.8,92.31,12.31,70.92,689.65,688.89,537250.7,305399.0,0.57,Bullish,57.0,"Above 50 DMA, Above 200 DMA, Strong but overbought RSI, Near 52W high momentum, Strong positive day move",29.41,9.98,14.99,7.43,8.23,11.59,21.98,1.75,3.4,55.0,"Strong 1M absolute return, Positive 3M return, Positive 6M return, 1M Nifty outperformance, Positive across 1M/3M/6M",59.38,Profit Booking Zone,81.1,659.85,784.97,18.96,92.03,80.0% of closes stayed inside the range | Range width 19.0% | Currently 92.0% through the range,6.73,3.82,7.44,5.13,43.25,92.88,21.14,2.45,1.59,41.69,192.12,-70.54,-104.31,78.1584,46.7729,6.423,,0.398,6500.74,38.65,Capital Goods / Infra,0.0,20.0,15.0,0.0,3.0,38.0,0.93,,"Negative operating cash flow, Negative free cash flow",5.0,43.0,Strong order-book-driven revenue growth,54.47,9.0,"Negative operating cash flow, Negative free cash flow",42.22,Weak,"Above 50 DMA, Above 200 DMA, Strong but overbought RSI, Near 52W high momentum, Strong positive day move, Strong 1M absolute return, Positive 3M return, Positive 6M return, 1M Nifty outperformance, Positive across 1M/3M/6M, 80.0% of closes stayed inside the range | Range width 19.0% | Currently 92.0% through the range"
CYIENT,Industrials,Conglomerates,1772.86,-0.16,682.03,2361.96,159.94,24.94,48.66,1747.05,1843.81,450255.05,1295955.0,2.88,Bullish,42.0,"Above 50 DMA, RSI recovering, Strong volume expansion",2.82,-8.13,-18.67,7.43,8.23,11.59,-4.61,-16.36,-30.26,8.0,Positive 1M return,89.06,Accumulation Zone,75.26,1688.89,2106.57,24.73,20.1,80.0% of closes stayed inside the range | Range width 24.7% | Currently 20.1% through the range,16.04,9.75,14.5,9.55,18.81,32.74,18.5,2.15,1.86,481.8,787.6,726.1,640.8,32.5721,15.5866,2.1532,2.89,0.6,11527.5,29.85,Capital Goods / Infra,14.0,18.0,17.0,17.0,13.0,79.0,1.0,,,5.0,84.0,Strong order-book-driven revenue growth,54.47,8.0,Below 200 DMA,42.07,Weak,"Above 50 DMA, RSI recovering, Strong volume expansion, Positive 1M return, 80.0% of closes stayed inside the range | Range width 24.7% | Currently 20.1% through the range"
CENTURYPLY,Basic Materials,Lumber & Wood Production,721.43,0.86,434.24,847.37,66.14,14.86,56.6,675.4,686.23,230123.75,117701.0,0.51,Bullish,65.0,"Above 50 DMA, Above 200 DMA, Healthy RSI momentum, Near 52W high momentum, Positive day move",11.25,10.56,-6.05,7.43,8.23,11.59,3.82,2.33,-17.64,25.0,"Strong 1M absolute return, Positive 3M return",81.67,Neutral Range,77.6,637.82,776.52,21.75,60.28,80.0% of closes stayed inside the range | Range width 21.7% | Currently 60.3% through the range,14.76,9.18,11.33,8.45,6.35,-13.25,34.85,1.17,0.58,40.7,770.88,251.68,-598.37,57.63,29.175,6.4246,13.0,0.211,16747.4,48.18,General,14.0,2.0,9.0,9.0,7.0,41.0,1.0,,"Earnings contraction, Negative free cash flow",2.0,43.0,General low-debt support,53.22,4.0,Negative free cash flow,41.53,Weak,"Above 50 DMA, Above 200 DMA, Healthy RSI momentum, Near 52W high momentum, Positive day move, Strong 1M absolute return, Positive 3M return, 80.0% of closes stayed inside the range | Range width 21.7% | Currently 60.3% through the range"
ATUL,Basic Materials,Specialty Chemicals,6669.62,2.23,5117.28,9658.03,30.34,30.94,71.58,6007.27,6364.77,58935.0,78953.0,1.34,Bullish,57.0,"Above 50 DMA, Above 200 DMA, Strong but overbought RSI, Volume expansion, Strong positive day move",15.93,14.33,-4.59,7.43,8.23,11.59,8.5,6.1,-16.18,35.0,"Strong 1M absolute return, Positive 3M return, 1M Nifty outperformance",72.5,Profit Booking Zone,83.23,5788.21,6524.84,12.73,100.0,80.0% of closes stayed inside the range | Range width 12.7% | Currently 100.0% through the range,6.32,4.99,8.53,6.92,-13.01,-37.17,4.63,2.56,1.83,60.26,236.55,667.46,163.58,23.925,20.8272,3.0566,46.0,0.196,19017.9,35.05,Chemicals,3.0,0.0,17.0,17.0,11.0,48.0,1.0,,"Revenue contraction, Earnings contraction",2.0,50.0,General low-debt support,53.22,7.0,Earnings contraction,41.48,Weak,"Above 50 DMA, Above 200 DMA, Strong but overbought RSI, Volume expansion, Strong positive day move, Strong 1M absolute return, Positive 3M return, 1M Nifty outperformance, 80.0% of closes stayed inside the range | Range width 12.7% | Currently 100.0% through the range"
DNAMEDIA,Communication Services,Publishing,5.39,0.19,2.1,6.8,156.67,20.74,56.03,4.69,4.72,312821.3,456280.0,1.46,Bullish,65.0,"Above 50 DMA, Above 200 DMA, Healthy RSI momentum, Volume expansion, Positive day move",18.46,18.46,4.66,7.43,8.23,11.59,11.03,10.23,-6.93,70.0,"Strong 1M absolute return, Positive 3M return, Positive 6M return, 1M Nifty outperformance, 3M Nifty outperformance, Positive across 1M/3M/6M",32.14,Neutral Range,78.31,4.2,6.1,45.24,62.63,83.3% of closes stayed inside the range | Range width 45.2% | Currently 62.6% through the range,-53.15,40.28,-85.86,1410.15,2.73,-14.86,-169.49,1.59,,0.52,436.27,-6.08,-6.08,,,-0.1202,,-0.576,30.25,54.24,Telecom,11.0,0.0,13.0,0.0,2.0,26.0,0.79,,"Earnings contraction, Negative operating cash flow, Negative free cash flow",2.0,28.0,General low-debt support,44.09,9.0,"Negative operating cash flow, Negative free cash flow",41.16,Weak,"Above 50 DMA, Above 200 DMA, Healthy RSI momentum, Volume expansion, Positive day move, Strong 1M absolute return, Positive 3M return, Positive 6M return, 1M Nifty outperformance, 3M Nifty outperformance, Positive across 1M/3M/6M, 83.3% of closes stayed inside the range | Range width 45.2% | Currently 62.6% through the range"
AARVI,Industrials,Staffing & Employment Services,134.95,-2.69,94.31,190.49,43.09,29.16,53.64,134.35,131.88,17607.8,19253.0,1.09,Bullish,55.0,"Above 50 DMA, Above 200 DMA, Healthy RSI momentum, Normal volume support",15.03,12.29,-14.89,7.43,8.23,11.59,7.6,4.06,-26.48,35.0,"Strong 1M absolute return, Positive 3M return, 1M Nifty outperformance",71.09,Neutral Range,74.73,119.65,146.89,22.77,56.16,80.0% of closes stayed inside the range | Range width 22.8% | Currently 56.2% through the range,9.72,6.63,2.91,2.84,-7.03,-21.83,8.36,2.56,,10.68,9.75,3.14,2.32,10.9592,,1.483,1.38,-0.084,210.68,27.08,Capital Goods / Infra,4.0,0.0,17.0,17.0,11.0,49.0,0.93,Cash covers debt,"Revenue contraction, Earnings contraction",0.0,49.0,,54.47,7.0,Earnings contraction,40.82,Weak,"Above 50 DMA, Above 200 DMA, Healthy RSI momentum, Normal volume support, Cash covers debt, Strong 1M absolute return, Positive 3M return, 1M Nifty outperformance, 80.0% of closes stayed inside the range | Range width 22.8% | Currently 56.2% through the range"
DEN,Unknown,Unknown,54.66,-2.46,25.2,69.4,116.9,21.24,54.67,51.95,53.58,3309435.0,1535858.0,0.46,Bullish,50.0,"Above 50 DMA, Above 200 DMA, Healthy RSI momentum",14.59,5.12,-2.65,7.43,8.23,11.59,7.16,-3.11,-14.24,35.0,"Strong 1M absolute return, Positive 3M return, 1M Nifty outperformance",50.0,Lower Range Watch,73.31,49.25,61.52,24.92,44.13,80.0% of closes stayed inside the range | Range width 24.9% | Currently 44.1% through the range,6.28,5.47,3.95,19.86,-2.13,-11.61,0.75,7.64,,26.56,25.51,83.63,29.81,,,,,,,,General,8.0,0.0,17.0,17.0,0.0,42.0,0.71,Cash covers debt,"Revenue contraction, Earnings contraction",2.0,44.0,General low-debt support,41.86,3.0,Low volume participation,39.93,Weak,"Above 50 DMA, Above 200 DMA, Healthy RSI momentum, Cash covers debt, Strong 1M absolute return, Positive 3M return, 1M Nifty outperformance, 80.0% of closes stayed inside the range | Range width 24.9% | Currently 44.1% through the range"
BAJAJHIND,Consumer Defensive,Confectioners,41.02,-1.58,9.85,44.4,316.45,7.61,60.39,35.53,31.4,42371670.0,16131485.0,0.38,Bullish,60.0,"Above 50 DMA, Above 200 DMA, Healthy RSI momentum, Near 52W high momentum",30.22,26.6,48.09,7.43,8.23,11.59,22.79,18.37,36.5,100.0,"Strong 1M absolute return, Strong 3M absolute return, Strong 6M absolute return, 1M Nifty outperformance, 3M Nifty outperformance, 6M Nifty outperformance, Positive across 1M/3M/6M",7.58,Profit Booking Zone,79.24,28.14,40.4,43.54,100.0,80.0% of closes stayed inside the range | Range width 43.5% | Currently 100.0% through the range,-7.45,-0.54,1.79,-1.43,-2.13,35.86,330.99,0.37,0.09,51.97,3839.83,646.2,637.75,10.4183,,5.1412,,0.066,5176.72,16.74,General,0.0,10.0,0.0,17.0,8.0,35.0,0.93,,"Negative net margin, Revenue contraction, Very high debt",0.0,35.0,,44.26,19.0,"Low volume participation, Very high debt, Negative net margin",39.89,Weak,"Above 50 DMA, Above 200 DMA, Healthy RSI momentum, Near 52W high momentum, Strong 1M absolute return, Strong 3M absolute return, Strong 6M absolute return, 1M Nifty outperformance, 3M Nifty outperformance, 6M Nifty outperformance, Positive across 1M/3M/6M, 80.0% of closes stayed inside the range | Range width 43.5% | Currently 100.0% through the range"
BHAGCHEM,Basic Materials,Agricultural Inputs,256.73,-1.11,99.64,284.61,157.65,9.8,58.08,214.81,169.5,570729.7,146206.0,0.26,Bullish,60.0,"Above 50 DMA, Above 200 DMA, Healthy RSI momentum, Near 52W high momentum",15.59,58.53,67.02,7.43,8.23,11.59,8.16,50.3,55.43,100.0,"Strong 1M absolute return, Strong 3M absolute return, Strong 6M absolute return, 1M Nifty outperformance, 3M Nifty outperformance, 6M Nifty outperformance, Positive across 1M/3M/6M",8.33,Profit Booking Zone,76.19,150.41,256.21,70.34,100.0,80.8% of closes stayed inside the range | Range width 70.3% | Currently 100.0% through the range,4.4,3.16,7.87,4.47,-18.82,-59.64,14.9,2.23,1.34,9.35,61.64,34.29,-44.77,131.0849,,5.1602,5.0,0.522,3603.5,37.59,General,0.0,0.0,16.0,9.0,4.0,29.0,1.0,,"Revenue contraction, Earnings contraction, Negative free cash flow, Very high PE",2.0,31.0,General low-debt support,53.22,19.0,"Low volume participation, Revenue contraction, Earnings contraction, Negative free cash flow",39.83,Weak,"Above 50 DMA, Above 200 DMA, Healthy RSI momentum, Near 52W high momentum, Strong 1M absolute return, Strong 3M absolute return, Strong 6M absolute return, 1M Nifty outperformance, 3M Nifty outperformance, 6M Nifty outperformance, Positive across 1M/3M/6M, 80.8% of closes stayed inside the range | Range width 70.3% | Currently 100.0% through the range"
ASIANTILES,Industrials,Building Products & Equipment,82.92,7.34,34.05,86.1,143.52,3.69,72.27,65.4,68.52,2902588.05,5722065.0,1.97,Bullish,67.0,"Above 50 DMA, Above 200 DMA, Strong but overbought RSI, Near 52W high momentum, Volume expansion, Strong positive day move",39.36,31.93,8.68,7.43,8.23,11.59,31.93,23.7,-2.91,80.0,"Strong 1M absolute return, Strong 3M absolute return, Positive 6M return, 1M Nifty outperformance, 3M Nifty outperformance, Positive across 1M/3M/6M",39.84,Breakout Watch,82.98,58.23,74.73,28.36,100.0,80.0% of closes stayed inside the range | Range width 28.4% | Currently 100.0% through the range | Above upper band on elevated volume,-0.97,-0.64,-0.22,-0.8,-2.09,83.14,19.58,2.27,1.72,12.17,248.21,-82.42,-161.47,84.0,2.5401,0.9323,,0.364,1419.52,25.11,Capital Goods / Infra,0.0,10.0,17.0,0.0,7.0,34.0,0.93,,"Negative net margin, Revenue contraction, Negative operating cash flow, Negative free cash flow, Very high PE",0.0,34.0,,54.47,17.0,"Negative net margin, Negative operating cash flow, Negative free cash flow",39.82,Weak,"Above 50 DMA, Above 200 DMA, Strong but overbought RSI, Near 52W high momentum, Volume expansion, Strong positive day move, Strong 1M absolute return, Strong 3M absolute return, Positive 6M return, 1M Nifty outperformance, 3M Nifty outperformance, Positive across 1M/3M/6M, 80.0% of closes stayed inside the range | Range width 28.4% | Currently 100.0% through the range | Above upper band on elevated volume"
DEEPAKFERT,Basic Materials,Chemicals,733.61,1.15,440.25,1020.79,66.63,28.13,69.9,587.8,586.84,3305428.95,2883919.0,0.87,Bullish,55.0,"Above 50 DMA, Above 200 DMA, Healthy RSI momentum, Positive day move",34.78,41.4,10.96,7.43,8.23,11.59,27.35,33.17,-0.63,80.0,"Strong 1M absolute return, Strong 3M absolute return, Positive 6M return, 1M Nifty outperformance, 3M Nifty outperformance, Positive across 1M/3M/6M",26.67,Profit Booking Zone,79.6,483.59,648.67,34.13,100.0,80.0% of closes stayed inside the range | Range width 34.1% | Currently 100.0% through the range,8.17,3.72,13.73,6.38,-18.41,-62.58,74.86,1.36,0.97,224.85,4148.85,731.79,-153.0,18.6557,11.5057,2.6495,69.0,0.069,18149.85,32.62,Chemicals,8.0,0.0,6.0,9.0,15.0,38.0,1.0,,"Revenue contraction, Earnings contraction, Negative free cash flow",2.0,40.0,General low-debt support,53.22,16.0,"Revenue contraction, Earnings contraction, Negative free cash flow",39.73,Weak,"Above 50 DMA, Above 200 DMA, Healthy RSI momentum, Positive day move, Strong 1M absolute return, Strong 3M absolute return, Positive 6M return, 1M Nifty outperformance, 3M Nifty outperformance, Positive across 1M/3M/6M, 80.0% of closes stayed inside the range | Range width 34.1% | Currently 100.0% through the range"
AHLADA,Industrials,Building Products & Equipment,118.64,0.78,75.93,160.58,56.25,26.12,52.57,118.48,115.04,95863.75,89664.0,0.94,Bullish,55.0,"Above 50 DMA, Above 200 DMA, Healthy RSI momentum, Positive day move",9.13,5.58,1.1,7.43,8.23,11.59,1.7,-2.65,-10.49,38.0,"Positive 1M return, Positive 3M return, Positive 6M return, Positive across 1M/3M/6M",67.19,Lower Range Watch,73.96,105.54,136.32,29.16,42.56,80.0% of closes stayed inside the range | Range width 29.2% | Currently 42.6% through the range,9.93,5.96,9.6,5.26,59.19,167.93,31.22,1.75,1.56,0.2,42.92,-0.2,-3.93,271.8571,,0.3588,4.16,0.799,49.18,43.64,Capital Goods / Infra,4.0,20.0,14.0,0.0,6.0,44.0,1.0,,"Negative operating cash flow, Negative free cash flow, Very high PE",5.0,49.0,Strong order-book-driven revenue growth,54.47,9.0,"Negative operating cash flow, Negative free cash flow",39.57,Weak,"Above 50 DMA, Above 200 DMA, Healthy RSI momentum, Positive day move, Positive 1M return, Positive 3M return, Positive 6M return, Positive across 1M/3M/6M, 80.0% of closes stayed inside the range | Range width 29.2% | Currently 42.6% through the range"
A2ZINFRA,Industrials,Engineering & Construction,21.06,1.99,5.1,24.57,312.94,14.29,54.07,17.84,13.45,551161.9,153909.0,0.28,Bullish,65.0,"Above 50 DMA, Above 200 DMA, Healthy RSI momentum, Near 52W high momentum, Positive day move",9.97,50.43,83.13,7.43,8.23,11.59,2.54,42.2,71.54,88.0,"Positive 1M return, Strong 3M absolute return, Strong 6M absolute return, 3M Nifty outperformance, 6M Nifty outperformance, Positive across 1M/3M/6M",30.47,Profit Booking Zone,79.45,13.05,21.09,61.65,99.56,81.7% of closes stayed inside the range | Range width 61.6% | Currently 99.6% through the range,-17.69,-0.83,-13.84,-1.47,11.17,95.37,615.15,0.72,0.72,1.44,197.95,95.33,84.66,79.1905,,5.935,,0.048,295.22,12.98,Capital Goods / Infra,0.0,15.0,0.0,17.0,2.0,34.0,0.93,,"Negative net margin, Very high debt",0.0,34.0,,54.47,19.0,"Low volume participation, Very high debt, Negative net margin",39.32,Weak,"Above 50 DMA, Above 200 DMA, Healthy RSI momentum, Near 52W high momentum, Positive day move, Positive 1M return, Strong 3M absolute return, Strong 6M absolute return, 3M Nifty outperformance, 6M Nifty outperformance, Positive across 1M/3M/6M, 81.7% of closes stayed inside the range | Range width 61.6% | Currently 99.6% through the range"
BLSE,Industrials,Specialty Business Services,248.34,-0.65,219.34,420.05,13.22,40.88,39.72,267.6,,501018.95,327893.0,0.65,Bearish,13.0,"Weak but watchable RSI, Near 52W low zone",3.43,-22.83,,7.43,8.23,11.59,-4.0,-31.06,,8.0,Positive 1M return,89.06,Accumulation Zone,69.19,250.95,363.2,44.73,0.0,80.0% of closes stayed inside the range | Range width 44.7% | Currently 0.0% through the range,7.28,6.16,12.82,10.42,24.03,66.31,1.7,4.69,4.66,30.34,7.31,19.65,15.01,51.1364,,5.6814,32.0,-0.067,2957.59,8.33,Capital Goods / Infra,8.0,18.0,20.0,17.0,6.0,69.0,1.0,Cash covers debt,,5.0,74.0,Strong order-book-driven revenue growth,54.47,0.0,,39.32,Weak,"Weak but watchable RSI, Near 52W low zone, Cash covers debt, Positive 1M return, 80.0% of closes stayed inside the range | Range width 44.7% | Currently 0.0% through the range"
BALAMINES,Basic Materials,Specialty Chemicals,2380.24,-0.42,1842.68,3767.7,29.17,36.83,65.84,2188.11,2196.78,119300.0,78435.0,0.66,Bullish,50.0,"Above 50 DMA, Above 200 DMA, Healthy RSI momentum",14.64,14.0,-7.29,7.43,8.23,11.59,7.21,5.77,-18.88,35.0,"Strong 1M absolute return, Positive 3M return, 1M Nifty outperformance",72.5,Profit Booking Zone,81.14,2065.2,2384.66,15.47,98.62,80.0% of closes stayed inside the range | Range width 15.5% | Currently 98.6% through the range,11.9,9.55,17.4,12.74,-31.02,-37.07,1.14,6.7,4.78,81.2,19.7,334.13,68.5,37.9023,26.0559,3.9189,45.0,0.848,7745.46,44.54,Chemicals,14.0,0.0,20.0,17.0,9.0,60.0,1.0,Cash covers debt,"Revenue contraction, Earnings contraction",2.0,62.0,General low-debt support,53.22,12.0,"Revenue contraction, Earnings contraction",38.93,Weak,"Above 50 DMA, Above 200 DMA, Healthy RSI momentum, Cash covers debt, Strong 1M absolute return, Positive 3M return, 1M Nifty outperformance, 80.0% of closes stayed inside the range | Range width 15.5% | Currently 98.6% through the range"
AUTOAXLES,Consumer Cyclical,Auto Parts,1974.94,-0.11,1658.66,2526.78,19.07,21.84,56.11,1880.13,1978.44,25711.75,15648.0,0.61,Bullish,40.0,"Above 50 DMA, Healthy RSI momentum, Near 52W low zone",10.0,13.64,-3.52,7.43,8.23,11.59,2.57,5.41,-15.11,18.0,"Positive 1M return, Positive 3M return",77.7,Profit Booking Zone,76.56,1753.99,2023.56,15.37,81.96,80.0% of closes stayed inside the range | Range width 15.4% | Currently 82.0% through the range,18.97,13.51,9.64,7.63,-3.51,2.55,2.49,2.92,2.17,32.96,21.78,260.15,241.16,15.0915,12.601,2.3934,1.86,0.555,2629.79,31.96,Automobile,14.0,0.0,20.0,17.0,14.0,65.0,1.0,"Strong ROE, Cash covers debt",Revenue contraction,4.0,69.0,"General quality ROE, General low-debt support",47.22,8.0,Below 200 DMA,37.73,Weak,"Above 50 DMA, Healthy RSI momentum, Near 52W low zone, Strong ROE, Cash covers debt, Positive 1M return, Positive 3M return, 80.0% of closes stayed inside the range | Range width 15.4% | Currently 82.0% through the range"
DICIND,Basic Materials,Specialty Chemicals,513.29,-1.92,356.85,572.19,43.84,10.29,54.81,477.12,460.11,16938.9,11748.0,0.69,Bullish,60.0,"Above 50 DMA, Above 200 DMA, Healthy RSI momentum, Near 52W high momentum",14.48,18.75,4.69,7.43,8.23,11.59,7.05,10.52,-6.9,70.0,"Strong 1M absolute return, Positive 3M return, Positive 6M return, 1M Nifty outperformance, 3M Nifty outperformance, Positive across 1M/3M/6M",35.83,Profit Booking Zone,82.21,426.76,515.83,20.87,97.15,80.0% of closes stayed inside the range | Range width 20.9% | Currently 97.1% through the range,-5.72,-3.9,-0.89,-2.75,-4.86,-155.33,4.97,2.22,1.64,46.96,19.68,5.26,-28.06,19.2193,14.1595,1.2516,50.0,0.104,555.88,26.51,Chemicals,0.0,0.0,20.0,9.0,15.0,44.0,1.0,Cash covers debt,"Negative net margin, Revenue contraction, Earnings contraction, Negative free cash flow",2.0,46.0,General low-debt support,53.22,19.0,"Negative net margin, Earnings contraction, Negative free cash flow",37.58,Weak,"Above 50 DMA, Above 200 DMA, Healthy RSI momentum, Near 52W high momentum, Cash covers debt, Strong 1M absolute return, Positive 3M return, Positive 6M return, 1M Nifty outperformance, 3M Nifty outperformance, Positive across 1M/3M/6M, 80.0% of closes stayed inside the range | Range width 20.9% | Currently 97.1% through the range"
BANSWRAS,Consumer Cyclical,Textile Manufacturing,154.13,0.98,91.2,181.11,69.0,14.9,59.0,145.96,147.52,96890.15,109593.0,1.13,Bullish,70.0,"Above 50 DMA, Above 200 DMA, Healthy RSI momentum, Near 52W high momentum, Normal volume support, Positive day move",11.47,6.2,7.36,7.43,8.23,11.59,4.04,-2.03,-4.23,45.0,"Strong 1M absolute return, Positive 3M return, Positive 6M return, Positive across 1M/3M/6M",51.35,Profit Booking Zone,83.21,140.65,157.33,11.86,80.83,80.0% of closes stayed inside the range | Range width 11.9% | Currently 80.8% through the range,6.64,3.32,5.09,2.86,-15.96,-68.48,66.31,1.6,0.84,8.56,354.76,142.44,44.69,10.7624,,0.6841,99.0,-0.085,400.1,56.54,Consumer Discretionary,0.0,0.0,8.0,17.0,12.0,37.0,1.0,,"Revenue contraction, Earnings contraction",2.0,39.0,General low-debt support,47.22,12.0,"Revenue contraction, Earnings contraction",37.48,Weak,"Above 50 DMA, Above 200 DMA, Healthy RSI momentum, Near 52W high momentum, Normal volume support, Positive day move, Strong 1M absolute return, Positive 3M return, Positive 6M return, Positive across 1M/3M/6M, 80.0% of closes stayed inside the range | Range width 11.9% | Currently 80.8% through the range"
CHEMFAB,Basic Materials,Specialty Chemicals,626.04,0.62,211.58,741.62,195.89,15.58,54.95,596.75,480.53,23995.0,17115.0,0.71,Bullish,55.0,"Above 50 DMA, Above 200 DMA, Healthy RSI momentum, Positive day move",13.8,-8.21,69.19,7.43,8.23,11.59,6.37,-16.44,57.6,60.0,"Strong 1M absolute return, Strong 6M absolute return, 1M Nifty outperformance, 6M Nifty outperformance",42.5,Profit Booking Zone,73.42,401.26,656.1,63.51,88.21,80.0% of closes stayed inside the range | Range width 63.5% | Currently 88.2% through the range,6.8,5.26,9.85,8.04,-1.16,-59.24,5.19,1.09,0.92,2.34,20.11,31.35,-60.57,,,1.4038,34.0,0.052,531.47,30.25,Chemicals,5.0,0.0,11.0,9.0,6.0,31.0,0.93,,"Revenue contraction, Earnings contraction, Negative free cash flow",2.0,33.0,General low-debt support,53.22,11.0,"Earnings contraction, Negative free cash flow",37.28,Weak,"Above 50 DMA, Above 200 DMA, Healthy RSI momentum, Positive day move, Strong 1M absolute return, Strong 6M absolute return, 1M Nifty outperformance, 6M Nifty outperformance, 80.0% of closes stayed inside the range | Range width 63.5% | Currently 88.2% through the range"
COSMOFIRST,Consumer Cyclical,Packaging & Containers,874.83,-2.69,446.11,917.96,96.1,4.7,79.17,638.12,607.95,203534.6,163012.0,0.8,Bullish,47.0,"Above 50 DMA, Above 200 DMA, Strong but overbought RSI, Near 52W high momentum",58.26,64.27,45.18,7.43,8.23,11.59,50.83,56.04,33.59,100.0,"Strong 1M absolute return, Strong 3M absolute return, Strong 6M absolute return, 1M Nifty outperformance, 3M Nifty outperformance, 6M Nifty outperformance, Positive across 1M/3M/6M",7.43,Profit Booking Zone,77.41,505.9,695.66,37.51,100.0,80.0% of closes stayed inside the range | Range width 37.5% | Currently 100.0% through the range,4.62,1.76,3.92,2.45,-16.16,-74.51,77.78,1.19,0.75,24.75,1048.05,245.22,-52.29,14.7123,,1.5236,43.0,0.501,2435.78,34.68,Consumer Discretionary,0.0,0.0,6.0,9.0,12.0,27.0,1.0,,"Revenue contraction, Earnings contraction, Negative free cash flow",0.0,27.0,,47.22,16.0,"Revenue contraction, Earnings contraction, Negative free cash flow",37.28,Weak,"Above 50 DMA, Above 200 DMA, Strong but overbought RSI, Near 52W high momentum, Strong 1M absolute return, Strong 3M absolute return, Strong 6M absolute return, 1M Nifty outperformance, 3M Nifty outperformance, 6M Nifty outperformance, Positive across 1M/3M/6M, 80.0% of closes stayed inside the range | Range width 37.5% | Currently 100.0% through the range"
ANIKINDS,Consumer Defensive,Food Distribution,51.65,-0.52,26.6,65.3,94.17,20.9,52.39,51.3,48.33,34241.3,12337.0,0.36,Bullish,50.0,"Above 50 DMA, Above 200 DMA, Healthy RSI momentum",16.59,11.56,7.05,7.43,8.23,11.59,9.16,3.33,-4.54,55.0,"Strong 1M absolute return, Positive 3M return, Positive 6M return, 1M Nifty outperformance, Positive across 1M/3M/6M",30.3,Neutral Range,75.64,44.78,54.77,22.31,68.77,80.0% of closes stayed inside the range | Range width 22.3% | Currently 68.8% through the range,0.08,0.07,7.58,0.3,-14.82,-94.04,1.91,5.67,5.46,0.9,7.34,43.93,39.65,,,0.4014,,,127.83,3.21,FMCG / Consumer,0.0,0.0,17.0,17.0,4.0,38.0,0.86,,"Revenue contraction, Earnings contraction",3.0,41.0,"Low debt, typical of a healthy consumer business",44.26,10.0,"Low volume participation, Earnings contraction",37.24,Weak,"Above 50 DMA, Above 200 DMA, Healthy RSI momentum, Strong 1M absolute return, Positive 3M return, Positive 6M return, 1M Nifty outperformance, Positive across 1M/3M/6M, 80.0% of closes stayed inside the range | Range width 22.3% | Currently 68.8% through the range"
DMCC,Basic Materials,Chemicals,313.48,1.28,223.78,445.3,40.09,29.6,52.03,313.77,306.16,32039.7,45175.0,1.41,Bearish,50.0,"Above 200 DMA, Healthy RSI momentum, Volume expansion, Positive day move",2.42,5.16,-2.38,7.43,8.23,11.59,-5.01,-3.07,-13.97,18.0,"Positive 1M return, Positive 3M return",87.5,Neutral Range,74.93,287.92,332.54,15.5,57.28,80.0% of closes stayed inside the range | Range width 15.5% | Currently 57.3% through the range,5.53,3.07,6.56,3.61,-15.99,67.21,41.86,1.08,0.67,2.81,87.71,38.37,19.43,17.419,,3.0238,90.0,0.281,750.69,22.12,Chemicals,0.0,10.0,9.0,17.0,10.0,46.0,1.0,,Revenue contraction,2.0,48.0,General low-debt support,53.22,5.0,Revenue contraction,36.78,Weak,"Above 200 DMA, Healthy RSI momentum, Volume expansion, Positive day move, Positive 1M return, Positive 3M return, 80.0% of closes stayed inside the range | Range width 15.5% | Currently 57.3% through the range"
ARENTERP,Basic Materials,Other Industrial Metals & Mining,47.68,2.87,26.45,64.4,80.26,25.96,57.85,44.37,42.87,14950.85,11902.0,0.8,Bullish,60.0,"Above 50 DMA, Above 200 DMA, Healthy RSI momentum, Strong positive day move",22.1,14.07,15.45,7.43,8.23,11.59,14.67,5.84,3.86,55.0,"Strong 1M absolute return, Positive 3M return, Positive 6M return, 1M Nifty outperformance, Positive across 1M/3M/6M",55.0,Profit Booking Zone,79.21,39.82,49.55,24.46,80.75,80.0% of closes stayed inside the range | Range width 24.5% | Currently 80.7% through the range,3.35,3.23,-12.22,45.54,-17.07,143.68,2.33,9.53,9.53,0.11,0.5,-0.25,-0.46,,,0.5577,,0.088,12.06,35.22,Metals / Mining,6.0,10.0,17.0,0.0,4.0,37.0,0.86,,"Revenue contraction, Negative operating cash flow, Negative free cash flow",2.0,39.0,General low-debt support,53.22,14.0,"Revenue contraction, Negative operating cash flow, Negative free cash flow",36.38,Weak,"Above 50 DMA, Above 200 DMA, Healthy RSI momentum, Strong positive day move, Strong 1M absolute return, Positive 3M return, Positive 6M return, 1M Nifty outperformance, Positive across 1M/3M/6M, 80.0% of closes stayed inside the range | Range width 24.5% | Currently 80.7% through the range"
ADROITINFO,Technology,Information Technology Services,17.48,-3.21,10.05,24.94,73.85,29.92,31.74,19.46,17.4,45130.5,141751.0,3.14,Bearish,38.0,"Above 200 DMA, Weak but watchable RSI, Strong volume expansion",-7.51,10.28,16.03,7.43,8.23,11.59,-14.94,2.05,4.44,20.0,"Positive 3M return, Positive 6M return",80.77,Accumulation Zone,73.21,16.35,20.3,24.23,28.66,80.0% of closes stayed inside the range | Range width 24.2% | Currently 28.7% through the range,8.48,6.25,12.89,12.05,10.73,-20.82,9.76,2.53,,0.01,3.45,0.55,0.07,13.2152,,0.7293,,-0.195,57.03,45.72,IT / Technology,12.0,5.0,14.0,17.0,10.0,58.0,0.86,,Earnings contraction,0.0,58.0,,56.85,7.0,Earnings contraction,36.33,Weak,"Above 200 DMA, Weak but watchable RSI, Strong volume expansion, Positive 3M return, Positive 6M return, 80.0% of closes stayed inside the range | Range width 24.2% | Currently 28.7% through the range"
ASHOKLEY,Industrials,Farm & Heavy Construction Machinery,107.98,-1.03,60.54,116.81,78.36,7.55,47.22,103.23,86.3,23882261.8,21922626.0,0.92,Bullish,42.0,"Above 50 DMA, Above 200 DMA, RSI recovering",1.32,32.39,33.29,7.43,8.23,11.59,-6.11,24.16,21.7,88.0,"Positive 1M return, Strong 3M absolute return, Strong 6M absolute return, 3M Nifty outperformance, 6M Nifty outperformance, Positive across 1M/3M/6M",30.47,Profit Booking Zone,73.49,78.36,112.46,43.51,86.87,80.0% of closes stayed inside the range | Range width 43.5% | Currently 86.9% through the range,27.58,3.67,16.48,5.46,9.71,100.49,453.12,1.09,0.94,5217.32,40802.18,-6257.98,-7391.52,29.9438,21.4534,7.2494,1.97,0.446,,40.06,Capital Goods / Infra,11.0,15.0,2.0,0.0,8.0,36.0,1.0,Strong ROE,"Very high debt, Negative operating cash flow, Negative free cash flow",0.0,36.0,,54.47,17.0,"Very high debt, Negative operating cash flow, Negative free cash flow",36.27,Weak,"Above 50 DMA, Above 200 DMA, RSI recovering, Strong ROE, Positive 1M return, Strong 3M absolute return, Strong 6M absolute return, 3M Nifty outperformance, 6M Nifty outperformance, Positive across 1M/3M/6M, 80.0% of closes stayed inside the range | Range width 43.5% | Currently 86.9% through the range"
ANDHRSUGAR,Basic Materials,Chemicals,114.84,-1.75,90.26,146.55,27.23,21.63,54.45,107.05,108.0,1896517.35,540938.0,0.29,Bullish,50.0,"Above 50 DMA, Above 200 DMA, Healthy RSI momentum",14.47,15.21,5.78,7.43,8.23,11.59,7.04,6.98,-5.81,55.0,"Strong 1M absolute return, Positive 3M return, Positive 6M return, 1M Nifty outperformance, Positive across 1M/3M/6M",55.0,Profit Booking Zone,81.02,97.47,114.65,17.62,100.0,80.0% of closes stayed inside the range | Range width 17.6% | Currently 100.0% through the range,4.74,3.62,2.44,3.97,-19.75,-59.61,1.96,4.08,1.96,25.62,30.97,141.69,6.94,13.1043,,0.787,82.0,0.345,1328.52,27.22,Chemicals,0.0,0.0,17.0,17.0,12.0,46.0,1.0,,"Revenue contraction, Earnings contraction",2.0,48.0,General low-debt support,53.22,15.0,"Low volume participation, Revenue contraction, Earnings contraction",36.03,Weak,"Above 50 DMA, Above 200 DMA, Healthy RSI momentum, Strong 1M absolute return, Positive 3M return, Positive 6M return, 1M Nifty outperformance, Positive across 1M/3M/6M, 80.0% of closes stayed inside the range | Range width 17.6% | Currently 100.0% through the range"
BATAINDIA,Consumer Cyclical,Footwear & Accessories,1408.97,1.14,1184.37,1838.19,18.96,23.35,66.24,1304.4,1399.35,535565.0,329064.0,0.61,Bullish,60.0,"Above 50 DMA, Above 200 DMA, Healthy RSI momentum, Near 52W low zone, Positive day move",6.02,9.86,-7.87,7.43,8.23,11.59,-1.41,1.63,-19.46,18.0,"Positive 1M return, Positive 3M return",77.7,Profit Booking Zone,83.81,1249.64,1409.35,12.78,99.76,80.0% of closes stayed inside the range | Range width 12.8% | Currently 99.8% through the range,17.19,7.84,13.24,7.55,0.77,-18.73,88.89,2.11,0.84,50.1,1357.29,453.11,352.21,59.8682,32.3414,5.4879,4.99,0.379,8756.58,55.1,Consumer Discretionary,12.0,0.0,9.0,17.0,9.0,47.0,1.0,,Earnings contraction,0.0,47.0,,47.22,7.0,Earnings contraction,36.03,Weak,"Above 50 DMA, Above 200 DMA, Healthy RSI momentum, Near 52W low zone, Positive day move, Positive 1M return, Positive 3M return, 80.0% of closes stayed inside the range | Range width 12.8% | Currently 99.8% through the range"
DBREALTY,Real Estate,Real Estate - Development,200.98,-1.49,55.1,284.9,264.75,29.46,51.52,204.33,207.04,3397456.85,2215688.0,0.65,Bearish,20.0,Healthy RSI momentum,13.32,-2.29,11.87,7.43,8.23,11.59,5.89,-10.52,0.28,35.0,"Strong 1M absolute return, Positive 6M return, 1M Nifty outperformance",100.0,Accumulation Zone,70.76,196.32,270.41,37.74,6.29,80.0% of closes stayed inside the range | Range width 37.7% | Currently 6.3% through the range,26.31,14.4,44.81,369.09,-48.1,1559.75,40.82,2.2,0.75,780.62,2047.07,236.7,184.5,429.48,,1.1532,,-0.426,5823.82,64.86,Cement / Realty,25.0,10.0,12.0,17.0,4.0,68.0,0.93,Strong ROE,"Revenue contraction, Very high PE",4.0,72.0,"General quality ROE, General low-debt support",65.69,13.0,"Below 200 DMA, Revenue contraction",35.8,Weak,"Healthy RSI momentum, Strong ROE, Strong 1M absolute return, Positive 6M return, 1M Nifty outperformance, 80.0% of closes stayed inside the range | Range width 37.7% | Currently 6.3% through the range"
DHANBANK,Financial Services,Banks - Regional,42.2,0.14,11.35,59.0,271.81,28.47,47.62,42.59,38.04,1346243.95,771825.0,0.57,Bearish,32.0,"Above 200 DMA, RSI recovering, Positive day move",1.56,-5.91,41.37,7.43,8.23,11.59,-5.87,-14.14,29.78,43.0,"Positive 1M return, Strong 6M absolute return, 6M Nifty outperformance",67.07,Accumulation Zone,74.96,41.12,49.0,19.15,13.71,80.0% of closes stayed inside the range | Range width 19.2% | Currently 13.7% through the range,5.62,0.36,,9.96,5.65,17.14,29.04,,,1211.53,299.04,17.29,-24.61,11.0514,,0.8432,,0.668,1273.69,0.0,Banking,3.0,10.0,10.0,9.0,10.0,42.0,0.71,Cash covers debt,Negative free cash flow,-5.0,37.0,Weak ROE for a leveraged-balance-sheet business,53.67,4.0,Negative free cash flow,35.75,Weak,"Above 200 DMA, RSI recovering, Positive day move, Cash covers debt, Positive 1M return, Strong 6M absolute return, 6M Nifty outperformance, 80.0% of closes stayed inside the range | Range width 19.2% | Currently 13.7% through the range"
CALSOFT,Technology,Software - Application,17.68,1.61,11.3,25.35,56.46,30.26,59.25,16.45,16.35,33885.75,20143.0,0.59,Bullish,55.0,"Above 50 DMA, Above 200 DMA, Healthy RSI momentum, Positive day move",3.09,14.43,-4.69,7.43,8.23,11.59,-4.34,6.2,-16.28,18.0,"Positive 1M return, Positive 3M return",88.46,Neutral Range,76.37,14.9,19.11,28.22,66.11,80.8% of closes stayed inside the range | Range width 28.2% | Currently 66.1% through the range,5.11,2.85,19.86,14.57,54.85,181.87,68.1,1.96,,0.04,8.31,-1.96,-1.96,14.9789,,5.3176,,0.655,219.49,85.1,IT / Technology,10.0,20.0,8.0,0.0,8.0,46.0,0.86,,"Negative operating cash flow, Negative free cash flow",5.0,51.0,Strong operating margin,56.85,9.0,"Negative operating cash flow, Negative free cash flow",35.63,Weak,"Above 50 DMA, Above 200 DMA, Healthy RSI momentum, Positive day move, Positive 1M return, Positive 3M return, 80.8% of closes stayed inside the range | Range width 28.2% | Currently 66.1% through the range"
CARYSIL,Consumer Cyclical,"Furnishings, Fixtures & Appliances",849.72,0.87,427.61,1145.38,98.71,25.81,51.98,864.98,846.37,81015.75,50117.0,0.62,Bearish,40.0,"Above 200 DMA, Healthy RSI momentum, Positive day move",6.32,-16.02,2.3,7.43,8.23,11.59,-1.11,-24.25,-9.29,18.0,"Positive 1M return, Positive 6M return",77.7,Accumulation Zone,76.34,826.46,1009.45,22.14,12.71,80.0% of closes stayed inside the range | Range width 22.1% | Currently 12.7% through the range,16.35,6.85,15.23,8.53,15.56,10.44,88.2,1.17,0.68,8.74,312.23,53.4,-39.72,29.6668,22.1784,5.2065,27.0,0.56,3165.09,54.08,Consumer Discretionary,12.0,13.0,6.0,9.0,11.0,51.0,1.0,,Negative free cash flow,0.0,51.0,,47.22,4.0,Negative free cash flow,35.43,Weak,"Above 200 DMA, Healthy RSI momentum, Positive day move, Positive 1M return, Positive 6M return, 80.0% of closes stayed inside the range | Range width 22.1% | Currently 12.7% through the range"
AGROPHOS,Basic Materials,Agricultural Inputs,45.97,0.92,29.22,64.26,57.32,28.46,55.56,43.9,41.81,181879.0,94623.0,0.52,Bullish,55.0,"Above 50 DMA, Above 200 DMA, Healthy RSI momentum, Positive day move",14.17,13.62,16.29,7.43,8.23,11.59,6.74,5.39,4.7,55.0,"Strong 1M absolute return, Positive 3M return, Positive 6M return, 1M Nifty outperformance, Positive across 1M/3M/6M",55.0,Neutral Range,77.27,39.71,48.39,21.86,72.18,80.0% of closes stayed inside the range | Range width 21.9% | Currently 72.2% through the range,-12.76,-6.97,-11.05,-11.71,-8.74,-253.45,47.73,1.63,0.93,0.09,28.72,2.82,1.33,7.569,,0.7649,3.8,0.152,53.4,33.31,General,0.0,0.0,11.0,17.0,12.0,40.0,1.0,,"Negative net margin, Revenue contraction, Earnings contraction",2.0,42.0,General low-debt support,53.22,15.0,"Negative net margin, Earnings contraction",35.18,Weak,"Above 50 DMA, Above 200 DMA, Healthy RSI momentum, Positive day move, Strong 1M absolute return, Positive 3M return, Positive 6M return, 1M Nifty outperformance, Positive across 1M/3M/6M, 80.0% of closes stayed inside the range | Range width 21.9% | Currently 72.2% through the range"
BANKA,Industrials,Pollution & Treatment Controls,113.31,4.99,66.05,166.8,71.55,32.07,76.51,95.17,96.42,18921.0,51388.0,2.72,Bullish,62.0,"Above 50 DMA, Above 200 DMA, Strong but overbought RSI, Strong volume expansion, Strong positive day move",30.47,10.22,29.28,7.43,8.23,11.59,23.04,1.99,17.69,70.0,"Strong 1M absolute return, Positive 3M return, Positive 6M return, 1M Nifty outperformance, 6M Nifty outperformance, Positive across 1M/3M/6M",46.09,Neutral Range,71.04,90.3,136.54,51.2,49.76,80.0% of closes stayed inside the range | Range width 51.2% | Currently 49.8% through the range,-1.64,-0.84,3.47,-1.31,18.06,-125.7,65.24,1.95,1.62,0.31,25.91,2.76,-7.21,247.5,,2.2151,,1.111,86.12,30.27,Capital Goods / Infra,0.0,8.0,11.0,9.0,4.0,32.0,0.93,,"Negative net margin, Earnings contraction, Negative free cash flow, Very high PE",5.0,37.0,Strong order-book-driven revenue growth,54.47,19.0,"Negative net margin, Earnings contraction, Negative free cash flow",35.12,Weak,"Above 50 DMA, Above 200 DMA, Strong but overbought RSI, Strong volume expansion, Strong positive day move, Strong 1M absolute return, Positive 3M return, Positive 6M return, 1M Nifty outperformance, 6M Nifty outperformance, Positive across 1M/3M/6M, 80.0% of closes stayed inside the range | Range width 51.2% | Currently 49.8% through the range"
AARTIIND,Basic Materials,Specialty Chemicals,715.5,0.57,436.2,914.39,64.03,21.75,65.12,674.42,610.03,1441419.85,1087271.0,0.75,Bullish,55.0,"Above 50 DMA, Above 200 DMA, Healthy RSI momentum, Positive day move",14.23,5.01,12.32,7.43,8.23,11.59,6.8,-3.22,0.73,55.0,"Strong 1M absolute return, Positive 3M return, Positive 6M return, 1M Nifty outperformance, Positive across 1M/3M/6M",55.0,Profit Booking Zone,79.71,617.02,732.42,18.7,85.34,80.0% of closes stayed inside the range | Range width 18.7% | Currently 85.3% through the range,7.87,4.12,10.01,6.73,-4.63,-23.62,68.48,0.97,0.59,428.29,3622.67,1209.57,-118.49,36.9091,26.9122,3.28,19.0,0.627,19599.94,36.0,Chemicals,6.0,0.0,4.0,9.0,9.0,28.0,1.0,,"Revenue contraction, Earnings contraction, Negative free cash flow",2.0,30.0,General low-debt support,53.22,11.0,"Earnings contraction, Negative free cash flow",34.98,Avoid,"Above 50 DMA, Above 200 DMA, Healthy RSI momentum, Positive day move, Strong 1M absolute return, Positive 3M return, Positive 6M return, 1M Nifty outperformance, Positive across 1M/3M/6M, 80.0% of closes stayed inside the range | Range width 18.7% | Currently 85.3% through the range"
BLAL,Financial Services,Shell Companies,303.5,-0.67,136.0,377.45,123.16,19.59,62.46,265.63,221.74,825594.5,284661.0,0.34,Bullish,50.0,"Above 50 DMA, Above 200 DMA, Healthy RSI momentum",29.23,17.96,45.49,7.43,8.23,11.59,21.8,9.73,33.9,80.0,"Strong 1M absolute return, Positive 3M return, Strong 6M absolute return, 1M Nifty outperformance, 6M Nifty outperformance, Positive across 1M/3M/6M",36.59,Profit Booking Zone,77.53,211.94,298.71,40.94,100.0,80.0% of closes stayed inside the range | Range width 40.9% | Currently 100.0% through the range,-76.65,-38.72,,,,-493.04,88.57,0.2,0.2,0.01,4.3,0.57,0.57,302.0727,,622.2472,,0.609,691.88,100.0,Financial Services,0.0,0.0,4.0,17.0,0.0,21.0,0.71,,"Earnings contraction, Very high PE",-9.0,12.0,"Weak ROE for a leveraged-balance-sheet business, Expensive relative to book value for this sector",53.67,10.0,"Low volume participation, Earnings contraction",34.75,Avoid,"Above 50 DMA, Above 200 DMA, Healthy RSI momentum, Strong 1M absolute return, Positive 3M return, Strong 6M absolute return, 1M Nifty outperformance, 6M Nifty outperformance, Positive across 1M/3M/6M, 80.0% of closes stayed inside the range | Range width 40.9% | Currently 100.0% through the range"
BSHSL,Basic Materials,Agricultural Inputs,215.38,-1.18,51.51,665.7,318.13,67.65,66.3,205.13,230.58,46074.4,174308.0,3.78,Bullish,50.0,"Above 50 DMA, Healthy RSI momentum, Strong volume expansion",11.68,-12.36,-18.6,7.43,8.23,11.59,4.25,-20.59,-30.19,15.0,Strong 1M absolute return,90.0,Lower Range Watch,74.49,196.95,257.73,30.86,30.33,80.0% of closes stayed inside the range | Range width 30.9% | Currently 30.3% through the range,28.38,13.7,10.58,8.65,12.71,32.38,61.34,1.87,0.17,0.18,48.02,11.54,11.41,33.6447,,7.3633,,0.891,963.85,18.73,General,19.0,15.0,8.0,17.0,4.0,63.0,0.93,Strong ROE,,4.0,67.0,"General quality ROE, General low-debt support",53.22,13.0,"Below 200 DMA, Far from 52W high",34.68,Avoid,"Above 50 DMA, Healthy RSI momentum, Strong volume expansion, Strong ROE, Strong 1M absolute return, 80.0% of closes stayed inside the range | Range width 30.9% | Currently 30.3% through the range"
CHEVIOT,Consumer Cyclical,Textile Manufacturing,1355.85,-1.45,912.6,1580.03,48.57,14.19,40.36,1381.99,1301.9,11110.0,7555.0,0.68,Bearish,23.0,"Above 200 DMA, Weak but watchable RSI",-4.75,7.36,-2.22,7.43,8.23,11.59,-12.18,-0.87,-13.81,10.0,Positive 3M return,85.81,Neutral Range,68.23,1232.47,1462.8,18.69,53.57,80.0% of closes stayed inside the range | Range width 18.7% | Currently 53.6% through the range,11.09,10.2,8.74,15.1,-17.94,27.42,1.43,4.89,2.28,1.23,8.93,35.92,26.77,9.7681,,0.9448,2.19,0.302,666.91,36.53,Consumer Discretionary,11.0,10.0,17.0,17.0,12.0,67.0,1.0,,Revenue contraction,2.0,69.0,General low-debt support,47.22,5.0,Revenue contraction,34.48,Avoid,"Above 200 DMA, Weak but watchable RSI, Positive 3M return, 80.0% of closes stayed inside the range | Range width 18.7% | Currently 53.6% through the range"
BIRLANU,Industrials,Building Products & Equipment,2835.85,-0.76,2104.75,3601.38,34.74,21.26,64.66,2588.37,2691.82,16856.9,6501.0,0.39,Bullish,50.0,"Above 50 DMA, Above 200 DMA, Healthy RSI momentum",17.39,8.42,2.93,7.43,8.23,11.59,9.96,0.19,-8.66,55.0,"Strong 1M absolute return, Positive 3M return, Positive 6M return, 1M Nifty outperformance, Positive across 1M/3M/6M",59.38,Profit Booking Zone,81.11,2422.19,2835.32,17.06,100.0,80.0% of closes stayed inside the range | Range width 17.1% | Currently 100.0% through the range,2.78,1.27,0.7,1.04,-3.08,-64.18,61.94,1.41,0.58,134.59,776.0,173.3,58.87,,11.4106,0.9795,1.03,0.573,,41.09,Capital Goods / Infra,0.0,0.0,6.0,17.0,5.0,28.0,0.93,,"Revenue contraction, Earnings contraction",0.0,28.0,,54.47,10.0,"Low volume participation, Earnings contraction",34.22,Avoid,"Above 50 DMA, Above 200 DMA, Healthy RSI momentum, Strong 1M absolute return, Positive 3M return, Positive 6M return, 1M Nifty outperformance, Positive across 1M/3M/6M, 80.0% of closes stayed inside the range | Range width 17.1% | Currently 100.0% through the range"
BETA,Healthcare,Drug Manufacturers - Specialty & Generic,1196.6,-0.85,600.0,1595.0,99.43,24.98,43.88,1250.39,1235.35,5010.0,6100.0,1.22,Bearish,13.0,"Weak but watchable RSI, Normal volume support",0.55,-9.09,-20.23,7.43,8.23,11.59,-6.88,-17.32,-31.82,8.0,Positive 1M return,97.5,Accumulation Zone,73.07,1199.16,1425.23,18.85,0.0,80.0% of closes stayed inside the range | Range width 18.9% | Currently 0.0% through the range,23.19,14.34,16.95,12.32,30.21,18.62,9.36,2.1,1.51,28.63,14.71,30.93,19.31,49.9093,,9.1118,,-0.447,2221.81,57.1,Pharma / Healthcare,19.0,18.0,20.0,17.0,2.0,76.0,0.93,"Strong ROE, Cash covers debt",,4.0,80.0,"General quality ROE, General low-debt support",57.8,8.0,Below 200 DMA,33.92,Avoid,"Weak but watchable RSI, Normal volume support, Strong ROE, Cash covers debt, Positive 1M return, 80.0% of closes stayed inside the range | Range width 18.9% | Currently 0.0% through the range"
DCMNVL,Consumer Cyclical,Textile Manufacturing,280.7,6.52,129.0,284.85,117.6,1.46,81.0,211.47,190.0,118015.05,346837.0,2.94,Bullish,72.0,"Above 50 DMA, Above 200 DMA, Strong but overbought RSI, Near 52W high momentum, Strong volume expansion, Strong positive day move",45.82,38.24,58.99,7.43,8.23,11.59,38.39,30.01,47.4,100.0,"Strong 1M absolute return, Strong 3M absolute return, Strong 6M absolute return, 1M Nifty outperformance, 3M Nifty outperformance, 6M Nifty outperformance, Positive across 1M/3M/6M",7.43,Breakout Watch,84.99,179.64,219.12,21.98,100.0,80.0% of closes stayed inside the range | Range width 22.0% | Currently 100.0% through the range | Above upper band on elevated volume,-1.03,-0.43,1.64,-0.34,23.5,-126.56,117.99,1.2,0.44,0.74,372.32,-46.08,-89.12,12.1519,,1.0959,,0.976,360.2,28.76,Consumer Discretionary,0.0,8.0,4.0,0.0,10.0,22.0,0.93,,"Negative net margin, Earnings contraction, Negative operating cash flow, Negative free cash flow",0.0,22.0,,47.22,24.0,"Negative net margin, Earnings contraction, Negative operating cash flow, Negative free cash flow",33.78,Avoid,"Above 50 DMA, Above 200 DMA, Strong but overbought RSI, Near 52W high momentum, Strong volume expansion, Strong positive day move, Strong 1M absolute return, Strong 3M absolute return, Strong 6M absolute return, 1M Nifty outperformance, 3M Nifty outperformance, 6M Nifty outperformance, Positive across 1M/3M/6M, 80.0% of closes stayed inside the range | Range width 22.0% | Currently 100.0% through the range | Above upper band on elevated volume"
ARVEE,Basic Materials,Specialty Chemicals,186.67,1.23,82.55,315.0,126.13,40.74,46.97,195.71,159.44,919.8,863.0,0.94,Bearish,32.0,"Above 200 DMA, RSI recovering, Positive day move",4.9,28.3,3.71,7.43,8.23,11.59,-2.53,20.07,-7.88,63.0,"Positive 1M return, Strong 3M absolute return, Positive 6M return, 3M Nifty outperformance, Positive across 1M/3M/6M",39.17,Neutral Range,65.84,136.97,215.26,57.16,63.48,80.0% of closes stayed inside the range | Range width 57.2% | Currently 63.5% through the range,3.61,2.73,4.9,3.47,-50.48,-74.46,3.43,2.38,1.49,1.85,1.0,3.66,1.08,89.8936,,5.5361,,0.54,186.24,45.49,Chemicals,0.0,0.0,19.0,17.0,2.0,38.0,0.93,Cash covers debt,"Revenue contraction, Earnings contraction, Very high PE",2.0,40.0,General low-debt support,53.22,12.0,"Revenue contraction, Earnings contraction",33.73,Avoid,"Above 200 DMA, RSI recovering, Positive day move, Cash covers debt, Positive 1M return, Strong 3M absolute return, Positive 6M return, 3M Nifty outperformance, Positive across 1M/3M/6M, 80.0% of closes stayed inside the range | Range width 57.2% | Currently 63.5% through the range"
BALAJITELE,Communication Services,Entertainment,71.09,2.32,35.0,143.7,103.11,50.53,54.03,70.61,79.88,387847.55,267101.0,0.69,Bullish,45.0,"Above 50 DMA, Healthy RSI momentum, Strong positive day move",19.68,-12.61,-5.9,7.43,8.23,11.59,12.25,-20.84,-17.49,25.0,"Strong 1M absolute return, 1M Nifty outperformance",67.86,Accumulation Zone,69.41,67.89,123.75,82.29,5.74,80.0% of closes stayed inside the range | Range width 82.3% | Currently 5.7% through the range,4.59,2.79,6.27,3.17,5.9,153.29,18.41,1.8,1.11,38.37,79.36,65.85,58.71,,,1.8118,,0.62,1146.49,7.14,Telecom,0.0,12.0,15.0,17.0,4.0,48.0,0.86,,,2.0,50.0,General low-debt support,44.09,8.0,Below 200 DMA,33.61,Avoid,"Above 50 DMA, Healthy RSI momentum, Strong positive day move, Strong 1M absolute return, 1M Nifty outperformance, 80.0% of closes stayed inside the range | Range width 82.3% | Currently 5.7% through the range"
ARTEMISMED,Unknown,Unknown,182.8,3.09,56.66,198.72,222.6,8.01,58.62,179.29,169.49,140699.5,183238.0,1.3,Bullish,80.0,"Above 50 DMA, Above 200 DMA, Healthy RSI momentum, Near 52W high momentum, Volume expansion, Strong positive day move",5.16,5.19,3.45,7.43,8.23,11.59,-2.27,-3.04,-8.14,38.0,"Positive 1M return, Positive 3M return, Positive 6M return, Positive across 1M/3M/6M",37.5,Profit Booking Zone,86.04,164.59,185.61,12.77,86.6,80.0% of closes stayed inside the range | Range width 12.8% | Currently 86.6% through the range,,,,,,,,,,,,,,139.4105,25.6942,5.4069,,0.323,,22.91,General,0.0,0.0,0.0,0.0,5.0,5.0,0.14,,Very high PE,0.0,5.0,,41.86,4.0,Limited fundamental data coverage,33.53,Avoid,"Above 50 DMA, Above 200 DMA, Healthy RSI momentum, Near 52W high momentum, Volume expansion, Strong positive day move, Positive 1M return, Positive 3M return, Positive 6M return, Positive across 1M/3M/6M, 80.0% of closes stayed inside the range | Range width 12.8% | Currently 86.6% through the range"
BANDHANBNK,Financial Services,Banks - Regional,202.85,-1.45,164.91,304.9,23.0,33.47,58.72,187.49,207.59,15628427.15,27883085.0,1.78,Bullish,50.0,"Above 50 DMA, Healthy RSI momentum, Near 52W low zone, Volume expansion",9.13,7.75,-13.07,7.43,8.23,11.59,1.7,-0.48,-24.66,18.0,"Positive 1M return, Positive 3M return",76.83,Neutral Range,74.85,175.93,220.67,25.43,60.17,80.8% of closes stayed inside the range | Range width 25.4% | Currently 60.2% through the range,10.32,1.25,,17.86,6.52,1.59,75.76,,,22415.14,16371.52,14808.42,14251.0,20.0776,8.2281,1.0584,89.0,0.805,27106.95,0.0,Banking,7.0,2.0,7.0,17.0,13.0,46.0,0.79,Cash covers debt,,0.0,46.0,,53.67,8.0,Below 200 DMA,33.15,Avoid,"Above 50 DMA, Healthy RSI momentum, Near 52W low zone, Volume expansion, Cash covers debt, Positive 1M return, Positive 3M return, 80.8% of closes stayed inside the range | Range width 25.4% | Currently 60.2% through the range"
DVL,Financial Services,Capital Markets,344.6,-0.37,197.97,534.21,74.07,35.49,54.25,325.04,323.23,104184.2,56498.0,0.54,Bullish,50.0,"Above 50 DMA, Above 200 DMA, Healthy RSI momentum",15.07,1.69,14.27,7.43,8.23,11.59,7.64,-6.54,2.68,55.0,"Strong 1M absolute return, Positive 3M return, Positive 6M return, 1M Nifty outperformance, Positive across 1M/3M/6M",58.54,Neutral Range,72.68,305.84,391.51,28.01,45.24,80.0% of closes stayed inside the range | Range width 28.0% | Currently 45.2% through the range,5.17,3.9,13.59,40.61,73.37,-71.78,12.74,4.05,3.88,26.9,376.91,-7.03,-92.13,5.1764,,0.2976,1.7,0.718,978.49,39.46,Financial Services,9.0,10.0,17.0,0.0,11.0,47.0,1.0,,"Earnings contraction, Negative operating cash flow, Negative free cash flow",-5.0,42.0,Weak ROE for a leveraged-balance-sheet business,53.67,16.0,"Earnings contraction, Negative operating cash flow, Negative free cash flow",33.0,Avoid,"Above 50 DMA, Above 200 DMA, Healthy RSI momentum, Strong 1M absolute return, Positive 3M return, Positive 6M return, 1M Nifty outperformance, Positive across 1M/3M/6M, 80.0% of closes stayed inside the range | Range width 28.0% | Currently 45.2% through the range"
APCL,Basic Materials,Building Materials,202.49,-2.21,140.65,273.93,43.97,26.08,59.99,185.43,198.27,41959.25,37237.0,0.89,Bullish,50.0,"Above 50 DMA, Above 200 DMA, Healthy RSI momentum",22.5,9.66,-4.42,7.43,8.23,11.59,15.07,1.43,-16.01,35.0,"Strong 1M absolute return, Positive 3M return, 1M Nifty outperformance",72.5,Neutral Range,74.82,173.79,217.24,25.0,66.05,80.0% of closes stayed inside the range | Range width 25.0% | Currently 66.0% through the range,-13.27,-3.9,-3.1,-6.27,-5.74,32.8,144.93,0.69,0.4,2.45,426.73,52.64,37.63,,,0.8061,,0.647,294.54,34.4,Cement / Realty,0.0,10.0,2.0,17.0,4.0,33.0,0.86,,"Negative net margin, Revenue contraction",0.0,33.0,,53.22,8.0,Negative net margin,32.78,Avoid,"Above 50 DMA, Above 200 DMA, Healthy RSI momentum, Strong 1M absolute return, Positive 3M return, 1M Nifty outperformance, 80.0% of closes stayed inside the range | Range width 25.0% | Currently 66.0% through the range"
DIGIDRIVE,Consumer Cyclical,Internet Retail,36.85,1.49,30.85,108.7,19.45,66.1,51.0,37.45,,80027.9,20884.0,0.26,Bearish,30.0,"Healthy RSI momentum, Near 52W low zone, Positive day move",16.43,-8.79,,7.43,8.23,11.59,9.0,-17.02,,25.0,"Strong 1M absolute return, 1M Nifty outperformance",68.92,Accumulation Zone,66.2,35.08,62.44,77.99,6.47,79.5% of closes stayed inside the range | Range width 78.0% | Currently 6.5% through the range,1.8,1.61,-3.73,8.51,10.94,-12.76,0.04,4.75,4.05,9.99,0.09,7.62,7.59,11.8067,,0.2542,,0.795,68.29,41.0,Consumer Discretionary,3.0,5.0,20.0,17.0,10.0,55.0,0.93,Cash covers debt,Earnings contraction,2.0,57.0,General low-debt support,47.22,8.0,"Far from 52W high, Low volume participation",32.78,Avoid,"Healthy RSI momentum, Near 52W low zone, Positive day move, Cash covers debt, Strong 1M absolute return, 1M Nifty outperformance, 79.5% of closes stayed inside the range | Range width 78.0% | Currently 6.5% through the range"
DECCANCE,Basic Materials,Building Materials,667.31,-0.83,385.25,731.07,73.22,8.72,53.74,631.99,584.73,51217.3,11362.0,0.22,Bullish,60.0,"Above 50 DMA, Above 200 DMA, Healthy RSI momentum, Near 52W high momentum",17.49,6.59,18.75,7.43,8.23,11.59,10.06,-1.64,7.16,55.0,"Strong 1M absolute return, Positive 3M return, Positive 6M return, 1M Nifty outperformance, Positive across 1M/3M/6M",55.0,Profit Booking Zone,82.3,578.5,673.68,16.45,93.31,80.0% of closes stayed inside the range | Range width 16.5% | Currently 93.3% through the range,5.18,2.58,8.52,4.67,2.34,-24.41,72.34,1.46,1.11,230.16,520.11,56.7,-229.52,133.5094,73.8636,1.061,9.0,0.503,796.68,46.96,Cement / Realty,0.0,0.0,8.0,9.0,9.0,26.0,1.0,,"Earnings contraction, Negative free cash flow, Very high PE",2.0,28.0,General low-debt support,53.22,14.0,"Low volume participation, Earnings contraction, Negative free cash flow",32.53,Avoid,"Above 50 DMA, Above 200 DMA, Healthy RSI momentum, Near 52W high momentum, Strong 1M absolute return, Positive 3M return, Positive 6M return, 1M Nifty outperformance, Positive across 1M/3M/6M, 80.0% of closes stayed inside the range | Range width 16.5% | Currently 93.3% through the range"
BHARATWIRE,Basic Materials,Steel,266.45,-3.02,87.3,400.6,205.21,33.49,47.23,275.36,294.26,227238.05,250925.0,1.1,Bearish,17.0,"RSI recovering, Normal volume support",8.98,-12.16,-15.04,7.43,8.23,11.59,1.55,-20.39,-26.63,8.0,Positive 1M return,95.0,Accumulation Zone,71.71,266.39,355.49,33.45,0.07,80.0% of closes stayed inside the range | Range width 33.4% | Currently 0.1% through the range,14.58,11.53,22.97,15.49,12.98,54.81,20.01,7.55,5.32,0.06,132.23,85.22,60.22,25.8273,,1.582,,0.627,1286.17,48.87,Metals / Mining,18.0,15.0,15.0,17.0,8.0,73.0,0.93,,,2.0,75.0,General low-debt support,53.22,8.0,Below 200 DMA,32.48,Avoid,"RSI recovering, Normal volume support, Positive 1M return, 80.0% of closes stayed inside the range | Range width 33.4% | Currently 0.1% through the range"
AMDIND,Consumer Cyclical,Packaging & Containers,76.69,3.92,43.25,103.75,77.32,26.08,65.26,68.42,68.72,111533.25,335164.0,3.01,Bullish,75.0,"Above 50 DMA, Above 200 DMA, Healthy RSI momentum, Strong volume expansion, Strong positive day move",27.39,25.62,-1.68,7.43,8.23,11.59,19.96,17.39,-13.27,60.0,"Strong 1M absolute return, Strong 3M absolute return, 1M Nifty outperformance, 3M Nifty outperformance",35.81,Breakout Watch,85.29,59.49,73.87,24.16,100.0,80.0% of closes stayed inside the range | Range width 24.2% | Currently 100.0% through the range | Above upper band on elevated volume,-1.07,-0.52,3.0,-0.61,-20.65,-108.71,66.78,1.45,0.83,3.05,104.25,24.4,10.24,30.6316,,0.6546,,0.207,100.4,34.2,Consumer Discretionary,0.0,0.0,6.0,17.0,8.0,31.0,0.93,,"Negative net margin, Revenue contraction, Earnings contraction",2.0,33.0,General low-debt support,47.22,20.0,"Negative net margin, Revenue contraction, Earnings contraction",32.38,Avoid,"Above 50 DMA, Above 200 DMA, Healthy RSI momentum, Strong volume expansion, Strong positive day move, Strong 1M absolute return, Strong 3M absolute return, 1M Nifty outperformance, 3M Nifty outperformance, 80.0% of closes stayed inside the range | Range width 24.2% | Currently 100.0% through the range | Above upper band on elevated volume"
ACEINTEG,Industrials,Staffing & Employment Services,33.9,-0.85,29.6,82.3,14.53,58.81,49.86,33.86,36.07,11656.8,16219.0,1.39,Bullish,42.0,"Above 50 DMA, RSI recovering, Near 52W low zone, Volume expansion",2.11,0.0,-15.36,7.43,8.23,11.59,-5.32,-8.23,-26.95,8.0,Positive 1M return,89.06,Accumulation Zone,76.44,32.84,40.32,22.78,14.17,80.0% of closes stayed inside the range | Range width 22.8% | Currently 14.2% through the range,2.15,2.01,0.33,4.49,32.27,-12.77,1.05,12.27,11.62,1.27,0.2,0.37,0.19,,,1.4803,,0.184,17.79,-120.0,Capital Goods / Infra,0.0,10.0,20.0,17.0,4.0,51.0,0.86,Cash covers debt,Earnings contraction,5.0,56.0,Strong order-book-driven revenue growth,54.47,8.0,Below 200 DMA,32.27,Avoid,"Above 50 DMA, RSI recovering, Near 52W low zone, Volume expansion, Cash covers debt, Positive 1M return, 80.0% of closes stayed inside the range | Range width 22.8% | Currently 14.2% through the range"
63MOONS,Technology,Software - Application,364.15,-1.52,138.71,686.32,162.53,46.94,46.42,381.67,393.44,97574.25,79981.0,0.82,Bearish,12.0,RSI recovering,11.75,-12.87,-23.22,7.43,8.23,11.59,4.32,-21.1,-34.81,15.0,Strong 1M absolute return,96.15,Accumulation Zone,70.95,362.68,472.43,30.26,1.34,80.0% of closes stayed inside the range | Range width 30.3% | Currently 1.3% through the range,6.65,6.1,15.59,60.33,27.33,1464.33,0.15,6.0,,60.64,5.17,47.16,41.67,,,1.0077,26.0,0.688,3577.54,7.59,IT / Technology,11.0,20.0,17.0,17.0,6.0,71.0,0.86,Cash covers debt,,0.0,71.0,,56.85,8.0,Below 200 DMA,32.13,Avoid,"RSI recovering, Cash covers debt, Strong 1M absolute return, 80.0% of closes stayed inside the range | Range width 30.3% | Currently 1.3% through the range"
ABREL,Real Estate,Real Estate Services,2311.23,-1.21,582.03,2408.11,297.1,4.02,57.99,2104.18,1518.07,430345.9,123997.0,0.29,Bullish,60.0,"Above 50 DMA, Above 200 DMA, Healthy RSI momentum, Near 52W high momentum",26.07,38.64,90.06,7.43,8.23,11.59,18.64,30.41,78.47,100.0,"Strong 1M absolute return, Strong 3M absolute return, Strong 6M absolute return, 1M Nifty outperformance, 3M Nifty outperformance, 6M Nifty outperformance, Positive across 1M/3M/6M",21.43,Profit Booking Zone,76.9,1406.0,2236.95,59.1,100.0,80.0% of closes stayed inside the range | Range width 59.1% | Currently 100.0% through the range,1.27,0.48,17.53,4.63,-71.25,-81.41,62.87,1.72,0.37,336.72,2501.69,-315.33,-496.22,,23.7319,4.1455,18.0,0.428,15337.15,58.74,Cement / Realty,3.0,0.0,8.0,0.0,4.0,15.0,0.93,,"Revenue contraction, Earnings contraction, Negative operating cash flow, Negative free cash flow",2.0,17.0,General low-debt support,65.69,24.0,"Low volume participation, Revenue contraction, Earnings contraction, Negative operating cash flow, Negative free cash flow",31.8,Avoid,"Above 50 DMA, Above 200 DMA, Healthy RSI momentum, Near 52W high momentum, Strong 1M absolute return, Strong 3M absolute return, Strong 6M absolute return, 1M Nifty outperformance, 3M Nifty outperformance, 6M Nifty outperformance, Positive across 1M/3M/6M, 80.0% of closes stayed inside the range | Range width 59.1% | Currently 100.0% through the range"
DEVIT,Technology,Information Technology Services,51.92,6.3,32.16,69.5,61.44,25.29,67.9,45.8,52.29,146643.35,749190.0,5.11,Bullish,60.0,"Above 50 DMA, Healthy RSI momentum, Strong volume expansion, Strong positive day move",24.45,17.93,-19.09,7.43,8.23,11.59,17.02,9.7,-30.68,35.0,"Strong 1M absolute return, Positive 3M return, 1M Nifty outperformance",65.38,Neutral Range,72.4,42.06,60.26,43.26,54.17,80.0% of closes stayed inside the range | Range width 43.3% | Currently 54.2% through the range,16.75,9.73,7.65,5.69,31.56,3.49,26.29,2.1,1.89,3.4,14.58,-0.79,-2.78,1.8814,,1.3019,80.0,-0.372,140.4,8.97,IT / Technology,8.0,12.0,15.0,0.0,12.0,47.0,1.0,,"Negative operating cash flow, Negative free cash flow",0.0,47.0,,56.85,17.0,"Below 200 DMA, Negative operating cash flow, Negative free cash flow",31.73,Avoid,"Above 50 DMA, Healthy RSI momentum, Strong volume expansion, Strong positive day move, Strong 1M absolute return, Positive 3M return, 1M Nifty outperformance, 80.0% of closes stayed inside the range | Range width 43.3% | Currently 54.2% through the range"
ASHOKAMET,Basic Materials,Steel,20.32,0.44,16.05,35.7,26.6,43.08,48.67,20.28,21.99,412541.8,89437.0,0.22,Bullish,32.0,"Above 50 DMA, RSI recovering, Positive day move",-2.78,2.89,-29.32,7.43,8.23,11.59,-10.21,-5.34,-40.91,10.0,Positive 3M return,91.67,Accumulation Zone,72.9,18.85,26.4,40.05,19.47,81.7% of closes stayed inside the range | Range width 40.1% | Currently 19.5% through the range,4.58,3.48,9.45,7.24,31.34,48.84,15.92,4.02,2.57,0.51,16.65,15.9,7.1,1.9811,,0.1998,,1.009,34.12,35.63,Metals / Mining,3.0,20.0,17.0,17.0,10.0,67.0,0.93,,,2.0,69.0,General low-debt support,53.22,11.0,"Below 200 DMA, Low volume participation",31.63,Avoid,"Above 50 DMA, RSI recovering, Positive day move, Positive 3M return, 81.7% of closes stayed inside the range | Range width 40.1% | Currently 19.5% through the range"
DUCON,Industrials,Specialty Industrial Machinery,7.8,-2.01,5.05,17.4,54.46,55.17,52.73,7.41,8.61,182631.65,105348.0,0.58,Bullish,35.0,"Above 50 DMA, Healthy RSI momentum",17.29,0.0,-14.75,7.43,8.23,11.59,9.86,-8.23,-26.34,25.0,"Strong 1M absolute return, 1M Nifty outperformance",75.0,Accumulation Zone,69.68,6.95,11.6,66.91,18.28,81.7% of closes stayed inside the range | Range width 66.9% | Currently 18.3% through the range,6.33,2.61,4.77,1.82,5.86,86.08,85.61,1.74,,0.05,103.08,12.17,12.06,9.4091,,0.2777,,-0.2,67.26,4.8,Capital Goods / Infra,0.0,12.0,8.0,17.0,10.0,47.0,0.86,,,0.0,47.0,,54.47,8.0,Below 200 DMA,31.62,Avoid,"Above 50 DMA, Healthy RSI momentum, Strong 1M absolute return, 1M Nifty outperformance, 81.7% of closes stayed inside the range | Range width 66.9% | Currently 18.3% through the range"
AAREYDRUGS,Healthcare,Drug Manufacturers - Specialty & Generic,48.93,2.07,22.0,68.0,122.41,28.04,56.92,49.0,48.26,36625.7,61517.0,1.68,Bearish,55.0,"Above 200 DMA, Healthy RSI momentum, Volume expansion, Strong positive day move",14.72,2.79,-0.45,7.43,8.23,11.59,7.29,-5.44,-12.04,35.0,"Strong 1M absolute return, Positive 3M return, 1M Nifty outperformance",75.0,Lower Range Watch,74.63,44.38,54.77,23.4,43.81,80.0% of closes stayed inside the range | Range width 23.4% | Currently 43.8% through the range,3.53,1.54,0.71,1.19,-4.3,24.2,23.62,1.7,1.49,1.59,31.35,-2.99,-3.72,70.0866,,1.6837,,1.245,296.89,3.82,Pharma / Healthcare,0.0,8.0,13.0,0.0,4.0,25.0,0.93,,"Revenue contraction, Negative operating cash flow, Negative free cash flow",2.0,27.0,General low-debt support,57.8,9.0,"Negative operating cash flow, Negative free cash flow",31.62,Avoid,"Above 200 DMA, Healthy RSI momentum, Volume expansion, Strong positive day move, Strong 1M absolute return, Positive 3M return, 1M Nifty outperformance, 80.0% of closes stayed inside the range | Range width 23.4% | Currently 43.8% through the range"
CENTRUM,Financial Services,Financial Conglomerates,39.37,-0.68,16.85,46.5,133.65,15.33,49.94,39.56,32.48,979141.1,485382.0,0.5,Bearish,27.0,"Above 200 DMA, RSI recovering",6.12,10.9,38.38,7.43,8.23,11.59,-1.31,2.67,26.79,63.0,"Positive 1M return, Positive 3M return, Strong 6M absolute return, 6M Nifty outperformance, Positive across 1M/3M/6M",51.22,Profit Booking Zone,72.74,31.12,40.38,29.75,89.11,80.0% of closes stayed inside the range | Range width 29.7% | Currently 89.1% through the range,-22.55,-0.57,25.71,-4.88,67.69,33.67,990.33,1.07,,442.09,4363.62,119.85,17.67,,,3.6004,,0.013,1093.74,82.6,Financial Services,6.0,20.0,2.0,17.0,2.0,47.0,0.79,,"Negative net margin, Very high debt",1.0,48.0,"High leverage is structural for this sector, Weak ROE for a leveraged-balance-sheet business",53.67,16.0,"Very high debt, Negative net margin",31.35,Avoid,"Above 200 DMA, RSI recovering, Positive 1M return, Positive 3M return, Strong 6M absolute return, 6M Nifty outperformance, Positive across 1M/3M/6M, 80.0% of closes stayed inside the range | Range width 29.7% | Currently 89.1% through the range"
DALMIASUG,Consumer Defensive,Confectioners,394.17,-1.92,293.06,466.73,34.5,15.55,51.58,380.55,390.92,272353.35,98112.0,0.36,Bullish,50.0,"Above 50 DMA, Above 200 DMA, Healthy RSI momentum",7.27,10.68,2.61,7.43,8.23,11.59,-0.16,2.45,-8.98,38.0,"Positive 1M return, Positive 3M return, Positive 6M return, Positive across 1M/3M/6M",46.97,Profit Booking Zone,80.5,347.95,397.58,14.26,93.13,80.0% of closes stayed inside the range | Range width 14.3% | Currently 93.1% through the range,9.29,5.28,11.57,9.4,-10.68,8.96,48.78,1.55,0.45,470.64,1430.17,-239.31,-624.31,19.0418,10.2564,1.204,1.26,-0.007,3868.49,26.41,General,10.0,5.0,11.0,0.0,14.0,40.0,1.0,,"Revenue contraction, Negative operating cash flow, Negative free cash flow",2.0,42.0,General low-debt support,44.26,12.0,"Low volume participation, Negative operating cash flow, Negative free cash flow",31.34,Avoid,"Above 50 DMA, Above 200 DMA, Healthy RSI momentum, Positive 1M return, Positive 3M return, Positive 6M return, Positive across 1M/3M/6M, 80.0% of closes stayed inside the range | Range width 14.3% | Currently 93.1% through the range"
CONFIPET,Energy,Oil & Gas Refining & Marketing,82.28,-1.22,55.06,119.61,49.45,31.21,50.04,83.94,88.79,1186967.4,791745.0,0.67,Bearish,20.0,Healthy RSI momentum,10.36,-11.43,-8.28,7.43,8.23,11.59,2.93,-19.66,-19.87,15.0,Strong 1M absolute return,88.89,Accumulation Zone,72.69,81.43,103.67,27.32,3.86,80.0% of closes stayed inside the range | Range width 27.3% | Currently 3.9% through the range,8.58,4.6,7.38,3.76,22.4,25.23,53.54,2.01,1.62,120.89,632.6,262.95,17.9,19.721,,1.8779,13.0,0.585,2653.61,13.91,Energy / Utilities,2.0,18.0,12.0,17.0,12.0,61.0,1.0,,,2.0,63.0,General low-debt support,55.75,8.0,Below 200 DMA,31.16,Avoid,"Healthy RSI momentum, Strong 1M absolute return, 80.0% of closes stayed inside the range | Range width 27.3% | Currently 3.9% through the range"
AXISCADES,Industrials,Engineering & Construction,584.8,-1.59,135.1,850.0,332.86,31.2,56.21,561.12,603.66,483284.75,208563.0,0.43,Bullish,35.0,"Above 50 DMA, Healthy RSI momentum",27.69,-7.96,-11.91,7.43,8.23,11.59,20.26,-16.19,-23.5,25.0,"Strong 1M absolute return, 1M Nifty outperformance",75.0,Accumulation Zone,67.77,504.54,792.92,57.16,27.83,80.0% of closes stayed inside the range | Range width 57.2% | Currently 27.8% through the range,5.6,2.88,10.62,3.45,17.04,727.0,54.48,1.92,1.72,55.57,318.92,78.93,58.58,107.4596,,9.3375,,0.396,6782.82,30.9,Capital Goods / Infra,3.0,18.0,11.0,17.0,0.0,49.0,0.93,,Very high PE,5.0,54.0,Strong order-book-driven revenue growth,54.47,11.0,"Below 200 DMA, Low volume participation",31.07,Avoid,"Above 50 DMA, Healthy RSI momentum, Strong 1M absolute return, 1M Nifty outperformance, 80.0% of closes stayed inside the range | Range width 57.2% | Currently 27.8% through the range"
APCOTEXIND,Basic Materials,Specialty Chemicals,437.11,2.21,367.01,631.08,19.1,30.74,60.83,409.23,453.29,61599.25,41759.0,0.68,Bullish,50.0,"Above 50 DMA, Healthy RSI momentum, Near 52W low zone, Strong positive day move",14.9,3.17,-10.21,7.43,8.23,11.59,7.47,-5.06,-21.8,35.0,"Strong 1M absolute return, Positive 3M return, 1M Nifty outperformance",72.5,Neutral Range,74.53,388.05,469.65,21.03,60.12,80.0% of closes stayed inside the range | Range width 21.0% | Currently 60.1% through the range,10.33,5.84,7.4,4.84,4.11,-50.08,36.1,1.57,1.11,15.19,188.35,40.21,12.44,19.6867,22.3304,5.2201,1.31,0.212,3241.61,32.81,Chemicals,4.0,2.0,13.0,17.0,9.0,45.0,1.0,,Earnings contraction,2.0,47.0,General low-debt support,53.22,15.0,"Below 200 DMA, Earnings contraction",30.68,Avoid,"Above 50 DMA, Healthy RSI momentum, Near 52W low zone, Strong positive day move, Strong 1M absolute return, Positive 3M return, 1M Nifty outperformance, 80.0% of closes stayed inside the range | Range width 21.0% | Currently 60.1% through the range"
AVADHSUGAR,Consumer Defensive,Confectioners,617.51,1.84,364.07,809.03,69.61,23.67,61.84,555.2,605.96,219132.4,182384.0,0.83,Bullish,55.0,"Above 50 DMA, Above 200 DMA, Healthy RSI momentum, Positive day move",22.14,16.11,-1.95,7.43,8.23,11.59,14.71,7.88,-13.54,35.0,"Strong 1M absolute return, Positive 3M return, 1M Nifty outperformance",57.58,Profit Booking Zone,81.43,505.95,616.74,21.9,100.0,80.0% of closes stayed inside the range | Range width 21.9% | Currently 100.0% through the range,12.46,4.49,10.26,4.77,-3.81,27.81,128.1,1.05,0.05,1.25,1317.33,-76.94,-155.66,24.3917,,1.4777,1.2,-0.05,1661.63,18.51,General,7.0,10.0,4.0,0.0,9.0,30.0,1.0,,"Revenue contraction, Negative operating cash flow, Negative free cash flow",0.0,30.0,,44.26,9.0,"Negative operating cash flow, Negative free cash flow",30.64,Avoid,"Above 50 DMA, Above 200 DMA, Healthy RSI momentum, Positive day move, Strong 1M absolute return, Positive 3M return, 1M Nifty outperformance, 80.0% of closes stayed inside the range | Range width 21.9% | Currently 100.0% through the range"
ALKYLAMINE,Basic Materials,Specialty Chemicals,2123.73,1.37,1781.03,3139.76,19.24,32.36,63.19,1993.26,2150.48,87926.7,49895.0,0.57,Bullish,45.0,"Above 50 DMA, Healthy RSI momentum, Near 52W low zone, Positive day move",11.68,12.22,-11.77,7.43,8.23,11.59,4.25,3.99,-23.36,25.0,"Strong 1M absolute return, Positive 3M return",81.67,Neutral Range,72.14,1900.79,2325.35,22.34,52.51,80.0% of closes stayed inside the range | Range width 22.3% | Currently 52.5% through the range,11.75,9.4,13.85,10.49,-14.36,-34.89,0.25,1.95,1.19,30.37,3.17,274.79,152.47,46.5749,44.3909,6.8306,76.0,0.273,10474.23,45.43,Chemicals,12.0,0.0,18.0,17.0,7.0,54.0,1.0,Cash covers debt,"Revenue contraction, Earnings contraction",2.0,56.0,General low-debt support,53.22,15.0,"Below 200 DMA, Earnings contraction",30.08,Avoid,"Above 50 DMA, Healthy RSI momentum, Near 52W low zone, Positive day move, Cash covers debt, Strong 1M absolute return, Positive 3M return, 80.0% of closes stayed inside the range | Range width 22.3% | Currently 52.5% through the range"
DELTACORP,Consumer Cyclical,Resorts & Casinos,129.78,1.25,101.12,250.42,28.35,48.17,57.04,119.81,131.68,7771377.35,3718950.0,0.48,Bullish,40.0,"Above 50 DMA, Healthy RSI momentum, Positive day move",19.11,8.99,-6.71,7.43,8.23,11.59,11.68,0.76,-18.3,35.0,"Strong 1M absolute return, Positive 3M return, 1M Nifty outperformance",61.49,Neutral Range,71.39,112.96,142.03,25.73,57.87,80.0% of closes stayed inside the range | Range width 25.7% | Currently 57.9% through the range,9.7,8.52,30.57,28.79,-12.05,-6.56,2.05,3.55,3.48,126.95,51.51,170.29,-40.59,,,0.7118,84.0,0.581,1591.36,48.91,Consumer Discretionary,18.0,0.0,20.0,9.0,6.0,53.0,0.93,Cash covers debt,"Revenue contraction, Earnings contraction, Negative free cash flow",2.0,55.0,General low-debt support,47.22,15.0,"Below 200 DMA, Low volume participation, Negative free cash flow",30.08,Avoid,"Above 50 DMA, Healthy RSI momentum, Positive day move, Cash covers debt, Strong 1M absolute return, Positive 3M return, 1M Nifty outperformance, 80.0% of closes stayed inside the range | Range width 25.7% | Currently 57.9% through the range"
AARON,Industrials,Specialty Industrial Machinery,131.35,1.55,73.49,161.6,78.73,18.72,53.32,130.66,132.49,13459.4,18920.0,1.41,Bullish,50.0,"Above 50 DMA, Healthy RSI momentum, Volume expansion, Positive day move",3.21,0.23,-6.12,7.43,8.23,11.59,-4.22,-8.0,-17.71,18.0,"Positive 1M return, Positive 3M return",81.25,Lower Range Watch,76.6,125.83,138.52,10.08,43.5,80.8% of closes stayed inside the range | Range width 10.1% | Currently 43.5% through the range,17.66,8.48,15.54,10.02,13.22,17.14,88.06,1.47,0.43,0.09,31.56,5.6,-27.74,41.6481,,5.8144,37.0,0.149,282.65,35.54,Capital Goods / Infra,14.0,13.0,6.0,9.0,6.0,48.0,1.0,,Negative free cash flow,0.0,48.0,,54.47,12.0,"Below 200 DMA, Negative free cash flow",29.97,Avoid,"Above 50 DMA, Healthy RSI momentum, Volume expansion, Positive day move, Positive 1M return, Positive 3M return, 80.8% of closes stayed inside the range | Range width 10.1% | Currently 43.5% through the range"
ASPINWALL,Consumer Defensive,Farm Products,258.87,-1.67,167.49,335.87,54.56,22.92,51.31,255.91,246.54,15781.8,6878.0,0.44,Bullish,50.0,"Above 50 DMA, Above 200 DMA, Healthy RSI momentum",8.17,3.71,10.53,7.43,8.23,11.59,0.74,-4.52,-1.06,38.0,"Positive 1M return, Positive 3M return, Positive 6M return, Positive across 1M/3M/6M",46.97,Lower Range Watch,75.02,237.11,288.25,21.56,42.55,80.8% of closes stayed inside the range | Range width 21.6% | Currently 42.5% through the range,5.83,4.26,1.8,3.68,-0.44,-62.59,15.95,2.48,1.34,35.11,29.23,4.45,-7.87,15.5983,,1.0216,2.49,-0.025,205.25,39.68,General,0.0,0.0,19.0,9.0,12.0,40.0,1.0,Cash covers debt,"Revenue contraction, Earnings contraction, Negative free cash flow",2.0,42.0,General low-debt support,44.26,14.0,"Low volume participation, Earnings contraction, Negative free cash flow",29.34,Avoid,"Above 50 DMA, Above 200 DMA, Healthy RSI momentum, Cash covers debt, Positive 1M return, Positive 3M return, Positive 6M return, Positive across 1M/3M/6M, 80.8% of closes stayed inside the range | Range width 21.6% | Currently 42.5% through the range"
ATAM,Industrials,Specialty Industrial Machinery,193.9,0.35,134.06,263.9,44.63,26.53,42.1,202.62,186.91,57151.2,26577.0,0.47,Bearish,28.0,"Above 200 DMA, Weak but watchable RSI, Positive day move",1.65,4.49,-6.71,7.43,8.23,11.59,-5.78,-3.74,-18.3,18.0,"Positive 1M return, Positive 3M return",81.25,Neutral Range,69.75,167.12,209.39,25.3,63.35,80.0% of closes stayed inside the range | Range width 25.3% | Currently 63.4% through the range,18.79,11.72,17.4,11.1,7.35,-23.94,41.46,2.61,1.42,10.02,12.87,5.58,5.0,35.3481,,1.676,1.5,0.099,64.02,36.04,Capital Goods / Infra,16.0,2.0,14.0,17.0,7.0,56.0,1.0,Strong ROE,Earnings contraction,0.0,56.0,,54.47,10.0,"Low volume participation, Earnings contraction",29.27,Avoid,"Above 200 DMA, Weak but watchable RSI, Positive day move, Strong ROE, Positive 1M return, Positive 3M return, 80.0% of closes stayed inside the range | Range width 25.3% | Currently 63.4% through the range"
ALPA,Healthcare,Drug Manufacturers - Specialty & Generic,86.24,-0.02,49.0,115.0,76.0,25.01,49.4,88.33,91.01,44483.5,105802.0,2.38,Bearish,27.0,"RSI recovering, Strong volume expansion",8.14,-7.76,-17.32,7.43,8.23,11.59,0.71,-15.99,-28.91,8.0,Positive 1M return,97.5,Accumulation Zone,74.01,84.56,104.67,23.78,8.37,80.0% of closes stayed inside the range | Range width 23.8% | Currently 8.4% through the range,11.04,9.2,7.22,15.55,16.78,33.33,3.45,5.74,5.25,1.71,5.25,3.65,-2.74,31.4138,12.0548,1.9721,,0.912,134.18,25.54,Pharma / Healthcare,11.0,18.0,17.0,9.0,11.0,66.0,0.93,,Negative free cash flow,2.0,68.0,General low-debt support,57.8,12.0,"Below 200 DMA, Negative free cash flow",29.22,Avoid,"RSI recovering, Strong volume expansion, Positive 1M return, 80.0% of closes stayed inside the range | Range width 23.8% | Currently 8.4% through the range"
ABFRL,Consumer Cyclical,Apparel Manufacturing,334.2,2.15,184.4,359.5,81.24,7.04,65.39,291.64,242.6,6370259.95,9514082.0,1.49,Bullish,80.0,"Above 50 DMA, Above 200 DMA, Healthy RSI momentum, Near 52W high momentum, Volume expansion, Strong positive day move",9.57,41.52,51.94,7.43,8.23,11.59,2.14,33.29,40.35,88.0,"Positive 1M return, Strong 3M absolute return, Strong 6M absolute return, 3M Nifty outperformance, 6M Nifty outperformance, Positive across 1M/3M/6M",21.62,Breakout Watch,82.37,213.18,321.08,50.61,100.0,80.0% of closes stayed inside the range | Range width 50.6% | Currently 100.0% through the range | Above upper band on elevated volume,-15.61,-2.8,-9.65,-9.84,-48.35,-1644.5,234.94,1.01,0.49,454.03,9450.29,1341.4,594.37,,-9.1952,1.094,,0.026,6386.86,54.8,Consumer Discretionary,0.0,0.0,2.0,17.0,4.0,23.0,0.86,,"Negative net margin, Revenue contraction, Earnings contraction, Very high debt",0.0,23.0,,47.22,28.0,"Very high debt, Negative net margin, Revenue contraction, Earnings contraction",29.13,Avoid,"Above 50 DMA, Above 200 DMA, Healthy RSI momentum, Near 52W high momentum, Volume expansion, Strong positive day move, Positive 1M return, Strong 3M absolute return, Strong 6M absolute return, 3M Nifty outperformance, 6M Nifty outperformance, Positive across 1M/3M/6M, 80.0% of closes stayed inside the range | Range width 50.6% | Currently 100.0% through the range | Above upper band on elevated volume"
CENTUM,Technology,Electronic Components,1660.21,1.38,445.83,2086.7,272.39,20.44,47.87,1766.73,1586.18,21916.45,35455.0,1.62,Bearish,42.0,"Above 200 DMA, RSI recovering, Volume expansion, Positive day move",5.17,-5.82,22.09,7.43,8.23,11.59,-2.26,-14.05,10.5,18.0,"Positive 1M return, Positive 6M return",88.46,Lower Range Watch,71.14,1474.23,1908.05,29.43,42.87,80.0% of closes stayed inside the range | Range width 29.4% | Currently 42.9% through the range,0.87,0.17,4.77,0.17,18.55,-81.92,118.11,1.08,0.63,48.12,240.08,201.81,168.76,54.1151,31.1003,14.787,15.0,0.144,5082.27,33.08,IT / Technology,0.0,8.0,4.0,17.0,7.0,36.0,1.0,,Earnings contraction,0.0,36.0,,56.85,7.0,Earnings contraction,29.13,Avoid,"Above 200 DMA, RSI recovering, Volume expansion, Positive day move, Positive 1M return, Positive 6M return, 80.0% of closes stayed inside the range | Range width 29.4% | Currently 42.9% through the range"
AKI,Consumer Cyclical,Footwear & Accessories,24.78,0.12,10.6,32.5,133.77,23.75,50.97,22.88,22.5,157368.1,46577.0,0.3,Bullish,55.0,"Above 50 DMA, Above 200 DMA, Healthy RSI momentum, Positive day move",16.89,11.87,-7.19,7.43,8.23,11.59,9.46,3.64,-18.78,35.0,"Strong 1M absolute return, Positive 3M return, 1M Nifty outperformance",61.49,Neutral Range,69.75,19.84,29.75,49.97,49.82,80.0% of closes stayed inside the range | Range width 50.0% | Currently 49.8% through the range,2.29,1.31,1.41,1.97,-1.02,18.31,36.57,1.63,1.0,1.81,21.84,-17.62,-22.58,15.8846,,0.5355,,0.073,42.62,14.88,Consumer Discretionary,0.0,8.0,13.0,0.0,10.0,31.0,0.93,,"Revenue contraction, Negative operating cash flow, Negative free cash flow",2.0,33.0,General low-debt support,47.22,12.0,"Low volume participation, Negative operating cash flow, Negative free cash flow",29.13,Avoid,"Above 50 DMA, Above 200 DMA, Healthy RSI momentum, Positive day move, Strong 1M absolute return, Positive 3M return, 1M Nifty outperformance, 80.0% of closes stayed inside the range | Range width 50.0% | Currently 49.8% through the range"
COMSYN,Consumer Cyclical,Packaging & Containers,79.18,0.3,57.85,111.51,36.86,29.0,65.47,70.58,,104221.5,74117.0,0.71,Bullish,40.0,"Above 50 DMA, Healthy RSI momentum, Positive day move",25.7,13.72,,7.43,8.23,11.59,18.27,5.49,,35.0,"Strong 1M absolute return, Positive 3M return, 1M Nifty outperformance",61.49,Neutral Range,70.19,66.22,88.24,33.26,58.83,79.8% of closes stayed inside the range | Range width 33.3% | Currently 58.8% through the range,6.1,2.88,4.98,2.72,-0.53,-2.83,84.32,1.27,0.54,0.46,108.54,6.1,-6.38,39.7743,,6.3374,14.0,0.079,1137.57,48.2,Consumer Discretionary,0.0,0.0,6.0,9.0,4.0,19.0,1.0,,"Revenue contraction, Earnings contraction, Negative free cash flow",0.0,19.0,,47.22,4.0,Negative free cash flow,28.48,Avoid,"Above 50 DMA, Healthy RSI momentum, Positive day move, Strong 1M absolute return, Positive 3M return, 1M Nifty outperformance, 79.8% of closes stayed inside the range | Range width 33.3% | Currently 58.8% through the range"
AETHER,Basic Materials,Specialty Chemicals,926.9,0.65,761.55,1209.0,21.71,23.33,68.16,843.56,868.11,154106.7,61951.0,0.4,Bullish,60.0,"Above 50 DMA, Above 200 DMA, Healthy RSI momentum, Near 52W low zone, Positive day move",16.88,13.49,5.56,7.43,8.23,11.59,9.45,5.26,-6.03,55.0,"Strong 1M absolute return, Positive 3M return, Positive 6M return, 1M Nifty outperformance, Positive across 1M/3M/6M",55.0,Profit Booking Zone,84.21,803.33,886.6,10.37,100.0,80.0% of closes stayed inside the range | Range width 10.4% | Currently 100.0% through the range,4.0,3.44,15.48,13.79,-8.13,-36.75,8.87,4.51,3.32,5.37,183.08,-16.46,-444.2,94.3191,59.3861,9.167,,-0.133,22521.26,48.7,Chemicals,8.0,0.0,17.0,0.0,3.0,28.0,0.93,,"Revenue contraction, Earnings contraction, Negative operating cash flow, Negative free cash flow, Very high PE",2.0,30.0,General low-debt support,53.22,19.0,"Low volume participation, Earnings contraction, Negative operating cash flow, Negative free cash flow",28.23,Avoid,"Above 50 DMA, Above 200 DMA, Healthy RSI momentum, Near 52W low zone, Positive day move, Strong 1M absolute return, Positive 3M return, Positive 6M return, 1M Nifty outperformance, Positive across 1M/3M/6M, 80.0% of closes stayed inside the range | Range width 10.4% | Currently 100.0% through the range"
AKSHAR,Consumer Cyclical,Textile Manufacturing,2.57,-1.15,2.15,10.57,19.53,75.68,48.02,2.54,3.98,803657.6,1191060.0,1.48,Bullish,42.0,"Above 50 DMA, RSI recovering, Near 52W low zone, Volume expansion",2.8,4.9,-32.85,7.43,8.23,11.59,-4.63,-3.33,-44.44,18.0,"Positive 1M return, Positive 3M return",77.7,Accumulation Zone,73.96,2.4,3.88,61.46,11.53,82.5% of closes stayed inside the range | Range width 61.5% | Currently 11.5% through the range,7.87,4.68,3.67,1.97,28.12,224.99,43.25,1.58,0.4,0.01,18.98,4.77,0.16,,,0.4046,,1.118,33.07,14.82,Consumer Discretionary,0.0,20.0,11.0,17.0,4.0,52.0,0.86,,,2.0,54.0,General low-debt support,47.22,13.0,"Below 200 DMA, Far from 52W high",27.98,Avoid,"Above 50 DMA, RSI recovering, Near 52W low zone, Volume expansion, Positive 1M return, Positive 3M return, 82.5% of closes stayed inside the range | Range width 61.5% | Currently 11.5% through the range"
BLBLIMITED,Financial Services,Capital Markets,18.84,4.96,16.45,52.55,14.53,64.15,51.56,19.08,25.86,76658.2,195707.0,2.55,Bearish,50.0,"Healthy RSI momentum, Near 52W low zone, Strong volume expansion, Strong positive day move",12.14,-35.81,-15.89,7.43,8.23,11.59,4.71,-44.04,-27.48,15.0,Strong 1M absolute return,84.15,Accumulation Zone,69.33,18.27,46.22,152.96,2.04,80.8% of closes stayed inside the range | Range width 153.0% | Currently 2.0% through the range,2.71,2.65,1.08,0.84,43.88,-56.83,0.26,40.54,26.23,13.27,0.25,5.45,5.45,3.0849,,0.6482,,0.212,84.48,5.69,Financial Services,0.0,10.0,20.0,17.0,10.0,57.0,0.93,Cash covers debt,Earnings contraction,-5.0,52.0,Weak ROE for a leveraged-balance-sheet business,53.67,15.0,"Below 200 DMA, Earnings contraction",27.5,Avoid,"Healthy RSI momentum, Near 52W low zone, Strong volume expansion, Strong positive day move, Cash covers debt, Strong 1M absolute return, 80.8% of closes stayed inside the range | Range width 153.0% | Currently 2.0% through the range"
CELEBRITY,Consumer Cyclical,Apparel Manufacturing,18.97,-1.04,12.0,27.4,58.08,30.77,52.26,19.06,18.36,299724.1,227522.0,0.76,Bearish,35.0,"Above 200 DMA, Healthy RSI momentum",11.26,3.38,10.29,7.43,8.23,11.59,3.83,-4.85,-1.3,45.0,"Strong 1M absolute return, Positive 3M return, Positive 6M return, Positive across 1M/3M/6M",51.35,Neutral Range,71.51,16.75,20.36,21.59,61.55,80.0% of closes stayed inside the range | Range width 21.6% | Currently 61.5% through the range,5.45,1.3,3.54,0.54,-4.17,-69.92,182.93,1.19,0.77,0.26,62.14,29.09,28.35,,,3.6936,,0.123,43.89,50.18,Consumer Discretionary,0.0,0.0,2.0,17.0,2.0,21.0,0.86,,"Revenue contraction, Earnings contraction",0.0,21.0,,47.22,7.0,Earnings contraction,27.43,Avoid,"Above 200 DMA, Healthy RSI momentum, Strong 1M absolute return, Positive 3M return, Positive 6M return, Positive across 1M/3M/6M, 80.0% of closes stayed inside the range | Range width 21.6% | Currently 61.5% through the range"
CAPACITE,Industrials,Engineering & Construction,300.15,-0.02,108.9,333.0,175.62,9.86,43.94,304.98,264.69,821382.25,323384.0,0.39,Bearish,23.0,"Above 200 DMA, Weak but watchable RSI",0.64,10.78,18.26,7.43,8.23,11.59,-6.79,2.55,6.67,38.0,"Positive 1M return, Positive 3M return, Positive 6M return, Positive across 1M/3M/6M",67.19,Neutral Range,70.62,256.94,315.6,22.83,73.66,80.0% of closes stayed inside the range | Range width 22.8% | Currently 73.7% through the range,7.93,3.82,12.43,6.27,7.62,26.21,21.69,1.78,1.7,19.28,328.97,-38.82,-123.58,10.2369,6.7077,0.9633,,0.249,1838.7,30.79,Capital Goods / Infra,6.0,12.0,14.0,0.0,13.0,45.0,0.93,,"Negative operating cash flow, Negative free cash flow",0.0,45.0,,54.47,12.0,"Low volume participation, Negative operating cash flow, Negative free cash flow",27.17,Avoid,"Above 200 DMA, Weak but watchable RSI, Positive 1M return, Positive 3M return, Positive 6M return, Positive across 1M/3M/6M, 80.0% of closes stayed inside the range | Range width 22.8% | Currently 73.7% through the range"
BALAXI,Healthcare,Drug Manufacturers - Specialty & Generic,119.51,-1.42,79.99,151.45,49.41,21.09,48.05,121.92,101.65,35817.4,9008.0,0.25,Bearish,27.0,"Above 200 DMA, RSI recovering",11.59,5.18,36.29,7.43,8.23,11.59,4.16,-3.05,24.7,70.0,"Strong 1M absolute return, Positive 3M return, Strong 6M absolute return, 6M Nifty outperformance, Positive across 1M/3M/6M",32.5,Profit Booking Zone,69.31,87.31,126.74,45.16,81.65,80.0% of closes stayed inside the range | Range width 45.2% | Currently 81.7% through the range,-1.19,-0.92,18.98,-0.99,-28.28,-105.19,9.64,3.88,2.36,62.29,19.4,4.87,3.3,86.6923,,0.4996,,0.699,124.44,44.16,Pharma / Healthcare,5.0,0.0,20.0,17.0,4.0,46.0,0.93,Cash covers debt,"Negative net margin, Revenue contraction, Earnings contraction, Very high PE",2.0,48.0,General low-debt support,57.8,23.0,"Low volume participation, Negative net margin, Revenue contraction, Earnings contraction",26.72,Avoid,"Above 200 DMA, RSI recovering, Cash covers debt, Strong 1M absolute return, Positive 3M return, Strong 6M absolute return, 6M Nifty outperformance, Positive across 1M/3M/6M, 80.0% of closes stayed inside the range | Range width 45.2% | Currently 81.7% through the range"
ABCOTS,Consumer Cyclical,Textile Manufacturing,246.0,-4.74,36.2,386.0,579.56,36.27,44.81,254.9,190.01,1350.0,1000.0,0.74,Bearish,23.0,"Above 200 DMA, Weak but watchable RSI",-5.09,5.94,105.0,7.43,8.23,11.59,-12.52,-2.29,93.41,45.0,"Positive 3M return, Strong 6M absolute return, 6M Nifty outperformance",51.35,Neutral Range,57.16,143.6,311.21,116.72,61.09,80.0% of closes stayed inside the range | Range width 116.7% | Currently 61.1% through the range,9.78,3.38,6.58,2.66,49.92,246.53,177.71,1.45,0.66,0.02,121.67,-32.18,-36.76,32.0283,,2.9214,,-0.663,447.4,25.44,Consumer Discretionary,2.0,20.0,2.0,0.0,8.0,32.0,0.93,,"Negative operating cash flow, Negative free cash flow",0.0,32.0,,47.22,9.0,"Negative operating cash flow, Negative free cash flow",26.28,Avoid,"Above 200 DMA, Weak but watchable RSI, Positive 3M return, Strong 6M absolute return, 6M Nifty outperformance, 80.0% of closes stayed inside the range | Range width 116.7% | Currently 61.1% through the range"
DCMSHRIRAM,Industrials,Conglomerates,989.28,-0.66,710.15,1147.3,39.31,13.77,52.7,966.39,959.41,90498.0,33065.0,0.37,Bullish,60.0,"Above 50 DMA, Above 200 DMA, Healthy RSI momentum, Near 52W high momentum",10.29,11.84,-2.83,7.43,8.23,11.59,2.86,3.61,-14.42,25.0,"Strong 1M absolute return, Positive 3M return",75.0,Profit Booking Zone,81.54,883.86,1006.84,13.91,85.72,80.0% of closes stayed inside the range | Range width 13.9% | Currently 85.7% through the range,6.86,3.87,6.51,4.12,-5.35,-50.91,32.99,1.62,0.65,343.22,2151.55,793.81,-524.72,11.1313,23.8576,2.1189,1.42,-0.375,15830.81,33.1,Capital Goods / Infra,0.0,0.0,11.0,9.0,11.0,31.0,1.0,,"Revenue contraction, Earnings contraction, Negative free cash flow",0.0,31.0,,54.47,14.0,"Low volume participation, Earnings contraction, Negative free cash flow",26.27,Avoid,"Above 50 DMA, Above 200 DMA, Healthy RSI momentum, Near 52W high momentum, Strong 1M absolute return, Positive 3M return, 80.0% of closes stayed inside the range | Range width 13.9% | Currently 85.7% through the range"
AVALON,Technology,Electronic Components,540.2,0.6,348.0,732.1,55.23,26.21,59.7,510.33,518.9,153090.8,66118.0,0.43,Bullish,55.0,"Above 50 DMA, Above 200 DMA, Healthy RSI momentum, Positive day move",14.52,5.27,-2.35,7.43,8.23,11.59,7.09,-2.96,-13.94,35.0,"Strong 1M absolute return, Positive 3M return, 1M Nifty outperformance",65.38,Profit Booking Zone,83.51,482.98,541.6,12.14,97.61,80.8% of closes stayed inside the range | Range width 12.1% | Currently 97.6% through the range,5.11,3.03,4.79,3.23,-8.22,-46.7,28.43,2.58,1.43,42.34,155.61,17.29,-18.23,113.6304,61.0152,20.6574,,,14910.38,35.31,IT / Technology,0.0,0.0,14.0,9.0,3.0,26.0,0.93,,"Revenue contraction, Earnings contraction, Negative free cash flow, Very high PE",0.0,26.0,,56.85,14.0,"Low volume participation, Earnings contraction, Negative free cash flow",26.13,Avoid,"Above 50 DMA, Above 200 DMA, Healthy RSI momentum, Positive day move, Strong 1M absolute return, Positive 3M return, 1M Nifty outperformance, 80.8% of closes stayed inside the range | Range width 12.1% | Currently 97.6% through the range"
ASTEC,Basic Materials,Agricultural Inputs,1451.5,2.45,825.05,2286.2,75.93,36.51,75.69,1222.38,1164.34,121750.35,80398.0,0.66,Bullish,47.0,"Above 50 DMA, Above 200 DMA, Strong but overbought RSI, Strong positive day move",26.95,32.44,31.55,7.43,8.23,11.59,19.52,24.21,19.96,100.0,"Strong 1M absolute return, Strong 3M absolute return, Strong 6M absolute return, 1M Nifty outperformance, 3M Nifty outperformance, 6M Nifty outperformance, Positive across 1M/3M/6M",8.33,Profit Booking Zone,76.49,897.65,1289.58,43.66,100.0,80.0% of closes stayed inside the range | Range width 43.7% | Currently 100.0% through the range,-12.71,-4.81,-9.09,-10.25,-27.14,-283.57,133.74,1.0,0.51,0.47,493.89,10.22,-125.28,,52.8591,3.3169,,0.196,1295.6,34.86,General,0.0,0.0,4.0,9.0,2.0,15.0,0.86,,"Negative net margin, Revenue contraction, Earnings contraction, Negative free cash flow",0.0,15.0,,53.22,24.0,"Negative net margin, Revenue contraction, Earnings contraction, Negative free cash flow",25.98,Avoid,"Above 50 DMA, Above 200 DMA, Strong but overbought RSI, Strong positive day move, Strong 1M absolute return, Strong 3M absolute return, Strong 6M absolute return, 1M Nifty outperformance, 3M Nifty outperformance, 6M Nifty outperformance, Positive across 1M/3M/6M, 80.0% of closes stayed inside the range | Range width 43.7% | Currently 100.0% through the range"
DIAMONDYD,Consumer Defensive,Packaged Foods,912.0,1.28,658.61,1445.71,38.47,36.92,53.98,880.96,973.36,40574.5,18835.0,0.46,Bullish,40.0,"Above 50 DMA, Healthy RSI momentum, Positive day move",7.62,-2.13,-12.77,7.43,8.23,11.59,0.19,-10.36,-24.36,8.0,Positive 1M return,89.39,Accumulation Zone,72.58,858.15,1256.34,46.4,13.52,80.0% of closes stayed inside the range | Range width 46.4% | Currently 13.5% through the range,7.29,5.25,4.75,3.3,-1.92,161.54,11.13,1.7,0.94,29.82,81.09,126.7,50.92,241.2448,43.3073,3.937,4.0,0.079,2782.58,28.83,FMCG / Consumer,2.0,10.0,13.0,17.0,7.0,49.0,1.0,,"Revenue contraction, Very high PE",3.0,52.0,"Low debt, typical of a healthy consumer business",44.26,11.0,"Below 200 DMA, Low volume participation",25.84,Avoid,"Above 50 DMA, Healthy RSI momentum, Positive day move, Positive 1M return, 80.0% of closes stayed inside the range | Range width 46.4% | Currently 13.5% through the range"
BHANDARI,Consumer Cyclical,Apparel Manufacturing,7.75,0.13,3.5,12.38,121.83,37.35,48.89,7.79,7.56,1694912.25,573614.0,0.34,Bearish,32.0,"Above 200 DMA, RSI recovering, Positive day move",5.41,-3.7,27.87,7.43,8.23,11.59,-2.02,-11.93,16.28,33.0,"Positive 1M return, Positive 6M return, 6M Nifty outperformance",66.22,Accumulation Zone,74.62,7.46,10.24,37.4,10.7,81.7% of closes stayed inside the range | Range width 37.4% | Currently 10.7% through the range,6.56,2.61,7.35,2.45,-5.82,0.42,117.93,1.65,0.82,0.64,117.44,10.19,-21.05,10.4483,,0.5195,33.0,0.51,100.89,29.97,Consumer Discretionary,0.0,0.0,6.0,9.0,12.0,27.0,1.0,,"Revenue contraction, Negative free cash flow",0.0,27.0,,47.22,7.0,"Low volume participation, Negative free cash flow",25.78,Avoid,"Above 200 DMA, RSI recovering, Positive day move, Positive 1M return, Positive 6M return, 6M Nifty outperformance, 81.7% of closes stayed inside the range | Range width 37.4% | Currently 10.7% through the range"
DREAMFOLKS,Unknown,Unknown,479.81,-0.15,346.61,843.62,38.43,43.13,46.17,497.61,511.01,139951.9,100242.0,0.72,Bearish,12.0,RSI recovering,5.27,-6.02,-11.53,7.43,8.23,11.59,-2.16,-14.25,-23.12,8.0,Positive 1M return,87.5,Accumulation Zone,72.84,476.84,547.03,14.72,4.23,80.0% of closes stayed inside the range | Range width 14.7% | Currently 4.2% through the range,29.19,16.48,7.96,6.08,46.78,-4.87,2.58,2.3,,28.4,6.11,21.89,20.39,,,,,,,,General,16.0,10.0,17.0,17.0,0.0,60.0,0.71,"Strong ROE, Cash covers debt",Earnings contraction,4.0,64.0,"General quality ROE, General low-debt support",41.86,8.0,Below 200 DMA,25.68,Avoid,"RSI recovering, Strong ROE, Cash covers debt, Positive 1M return, 80.0% of closes stayed inside the range | Range width 14.7% | Currently 4.2% through the range"
CCHHL,Consumer Cyclical,Lodging,29.51,19.76,5.5,29.56,436.55,0.17,86.21,16.88,13.78,1203478.5,12370782.0,10.28,Bullish,72.0,"Above 50 DMA, Above 200 DMA, Strong but overbought RSI, Near 52W high momentum, Strong volume expansion, Strong positive day move",95.43,103.52,113.84,7.43,8.23,11.59,88.0,95.29,102.25,100.0,"Strong 1M absolute return, Strong 3M absolute return, Strong 6M absolute return, 1M Nifty outperformance, 3M Nifty outperformance, 6M Nifty outperformance, Positive across 1M/3M/6M",7.43,Breakout Watch,83.63,13.78,18.05,31.04,100.0,80.0% of closes stayed inside the range | Range width 31.0% | Currently 100.0% through the range | Above upper band on elevated volume,-1.56,-0.79,-22.43,-9.28,-18.39,-138.44,23.86,0.49,0.31,1.38,74.37,-5.14,-5.14,,,0.7066,,0.333,210.71,75.21,Consumer Discretionary,0.0,0.0,7.0,0.0,4.0,11.0,0.86,,"Negative net margin, Revenue contraction, Earnings contraction, Negative operating cash flow, Negative free cash flow",2.0,13.0,General low-debt support,47.22,29.0,"Negative net margin, Revenue contraction, Earnings contraction, Negative operating cash flow, Negative free cash flow",25.63,Avoid,"Above 50 DMA, Above 200 DMA, Strong but overbought RSI, Near 52W high momentum, Strong volume expansion, Strong positive day move, Strong 1M absolute return, Strong 3M absolute return, Strong 6M absolute return, 1M Nifty outperformance, 3M Nifty outperformance, 6M Nifty outperformance, Positive across 1M/3M/6M, 80.0% of closes stayed inside the range | Range width 31.0% | Currently 100.0% through the range | Above upper band on elevated volume"
BEARDSELL,Industrials,Building Products & Equipment,38.32,0.16,16.86,58.58,127.29,34.58,45.77,40.12,42.13,66447.3,77834.0,1.17,Bearish,22.0,"RSI recovering, Normal volume support, Positive day move",3.16,1.93,-17.14,7.43,8.23,11.59,-4.27,-6.3,-28.73,18.0,"Positive 1M return, Positive 3M return",81.25,Accumulation Zone,72.77,37.56,47.13,25.47,7.95,80.0% of closes stayed inside the range | Range width 25.5% | Currently 8.0% through the range,11.58,5.11,6.44,3.36,5.89,-3.22,46.59,1.16,0.86,3.15,33.06,15.3,1.77,8.9517,,1.1137,38.0,0.219,102.38,33.21,Capital Goods / Infra,4.0,2.0,9.0,17.0,12.0,44.0,1.0,,Earnings contraction,0.0,44.0,,54.47,8.0,Below 200 DMA,25.57,Avoid,"RSI recovering, Normal volume support, Positive day move, Positive 1M return, Positive 3M return, 80.0% of closes stayed inside the range | Range width 25.5% | Currently 8.0% through the range"
APEX,Consumer Defensive,Farm Products,222.61,0.69,179.03,350.09,24.34,36.41,52.19,218.15,219.51,212247.5,104895.0,0.49,Bullish,60.0,"Above 50 DMA, Above 200 DMA, Healthy RSI momentum, Near 52W low zone, Positive day move",8.33,7.86,3.31,7.43,8.23,11.59,0.9,-0.37,-8.28,38.0,"Positive 1M return, Positive 3M return, Positive 6M return, Positive across 1M/3M/6M",46.97,Lower Range Watch,76.24,199.84,251.28,25.74,44.26,80.8% of closes stayed inside the range | Range width 25.7% | Currently 44.3% through the range,2.94,2.31,4.21,1.92,-24.96,-59.3,21.51,3.01,1.37,2.95,106.89,11.16,-1.03,23.1763,22.1657,2.2581,52.0,-0.097,1191.41,35.23,General,0.0,0.0,14.0,9.0,13.0,36.0,1.0,,"Revenue contraction, Earnings contraction, Negative free cash flow",2.0,38.0,General low-debt support,44.26,19.0,"Low volume participation, Revenue contraction, Earnings contraction, Negative free cash flow",25.44,Avoid,"Above 50 DMA, Above 200 DMA, Healthy RSI momentum, Near 52W low zone, Positive day move, Positive 1M return, Positive 3M return, Positive 6M return, Positive across 1M/3M/6M, 80.8% of closes stayed inside the range | Range width 25.7% | Currently 44.3% through the range"
ANMOL,Energy,Thermal Coal,35.59,-0.61,26.88,68.0,32.4,47.66,44.33,37.17,49.34,87723.8,52784.0,0.6,Bearish,8.0,Weak but watchable RSI,1.83,-24.52,-45.37,7.43,8.23,11.59,-5.6,-32.75,-56.96,8.0,Positive 1M return,100.0,Accumulation Zone,66.64,35.9,60.2,67.7,0.0,81.7% of closes stayed inside the range | Range width 67.7% | Currently 0.0% through the range,20.84,7.4,1.85,1.39,6.43,12.02,85.06,1.97,1.56,150.1,85.3,191.07,190.43,4.9752,,0.4819,,0.619,57.2,1.7,Metals / Mining,8.0,7.0,14.0,17.0,10.0,56.0,0.93,"Strong ROE, Cash covers debt",,2.0,58.0,General quality ROE,55.75,8.0,Below 200 DMA,24.66,Avoid,"Weak but watchable RSI, Strong ROE, Cash covers debt, Positive 1M return, 81.7% of closes stayed inside the range | Range width 67.7% | Currently 0.0% through the range"
AKASH,Industrials,Engineering & Construction,37.37,10.14,22.5,50.6,66.09,26.15,65.83,35.92,34.97,39438.8,199756.0,5.06,Bullish,75.0,"Above 50 DMA, Above 200 DMA, Healthy RSI momentum, Strong volume expansion, Strong positive day move",8.95,8.48,5.86,7.43,8.23,11.59,1.52,0.25,-5.73,38.0,"Positive 1M return, Positive 3M return, Positive 6M return, Positive across 1M/3M/6M",67.19,Neutral Range,78.64,33.74,40.71,20.65,52.12,80.0% of closes stayed inside the range | Range width 20.6% | Currently 52.1% through the range,0.27,0.11,3.75,0.38,-3.65,-83.65,108.34,1.75,1.47,0.39,90.79,-22.68,-24.8,60.9,,0.4863,,0.599,41.08,26.54,Capital Goods / Infra,0.0,0.0,8.0,0.0,4.0,12.0,0.93,,"Revenue contraction, Earnings contraction, Negative operating cash flow, Negative free cash flow",0.0,12.0,,54.47,16.0,"Earnings contraction, Negative operating cash flow, Negative free cash flow",24.62,Avoid,"Above 50 DMA, Above 200 DMA, Healthy RSI momentum, Strong volume expansion, Strong positive day move, Positive 1M return, Positive 3M return, Positive 6M return, Positive across 1M/3M/6M, 80.0% of closes stayed inside the range | Range width 20.6% | Currently 52.1% through the range"
AURUM,Real Estate,Real Estate Services,158.0,-1.23,99.85,186.4,58.24,15.24,64.54,148.36,140.67,167997.25,100846.0,0.6,Bullish,50.0,"Above 50 DMA, Above 200 DMA, Healthy RSI momentum",12.38,10.22,22.39,7.43,8.23,11.59,4.95,1.99,10.8,45.0,"Strong 1M absolute return, Positive 3M return, Positive 6M return, Positive across 1M/3M/6M",92.86,Profit Booking Zone,80.43,136.73,159.15,16.4,94.85,80.0% of closes stayed inside the range | Range width 16.4% | Currently 94.8% through the range,-30.91,-8.65,-32.38,-26.05,68.72,-92.97,179.2,0.44,,7.26,323.24,20.2,-84.25,30.2965,110.9429,2.8362,,-0.029,1787.8,73.88,Cement / Realty,0.0,10.0,0.0,9.0,8.0,27.0,0.86,,"Negative net margin, Earnings contraction, Negative free cash flow",0.0,27.0,,65.69,19.0,"Negative net margin, Earnings contraction, Negative free cash flow",24.05,Avoid,"Above 50 DMA, Above 200 DMA, Healthy RSI momentum, Strong 1M absolute return, Positive 3M return, Positive 6M return, Positive across 1M/3M/6M, 80.0% of closes stayed inside the range | Range width 16.4% | Currently 94.8% through the range"
ADL,Consumer Cyclical,"Furnishings, Fixtures & Appliances",91.9,0.07,54.35,105.1,69.09,12.56,52.88,88.0,86.93,31605.05,12794.0,0.4,Bullish,65.0,"Above 50 DMA, Above 200 DMA, Healthy RSI momentum, Near 52W high momentum, Positive day move",17.14,11.26,3.26,7.43,8.23,11.59,9.71,3.03,-8.33,55.0,"Strong 1M absolute return, Positive 3M return, Positive 6M return, 1M Nifty outperformance, Positive across 1M/3M/6M",41.89,Profit Booking Zone,83.41,82.56,92.95,12.58,89.85,80.0% of closes stayed inside the range | Range width 12.6% | Currently 89.8% through the range,0.06,0.04,5.28,0.06,-6.61,-96.08,43.35,1.97,0.83,0.32,22.0,-0.62,-2.45,,,0.7266,,0.389,41.75,30.77,Consumer Discretionary,0.0,0.0,11.0,0.0,4.0,15.0,0.86,,"Revenue contraction, Earnings contraction, Negative operating cash flow, Negative free cash flow",2.0,17.0,General low-debt support,47.22,19.0,"Low volume participation, Earnings contraction, Negative operating cash flow, Negative free cash flow",24.03,Avoid,"Above 50 DMA, Above 200 DMA, Healthy RSI momentum, Near 52W high momentum, Positive day move, Strong 1M absolute return, Positive 3M return, Positive 6M return, 1M Nifty outperformance, Positive across 1M/3M/6M, 80.0% of closes stayed inside the range | Range width 12.6% | Currently 89.8% through the range"
AVROIND,Consumer Cyclical,"Furnishings, Fixtures & Appliances",11.71,-2.37,9.4,17.08,24.56,31.47,46.99,12.26,12.01,296137.0,307560.0,1.04,Bearish,22.0,"RSI recovering, Near 52W low zone, Normal volume support",5.01,4.54,3.25,7.43,8.23,11.59,-2.42,-3.69,-8.34,38.0,"Positive 1M return, Positive 3M return, Positive 6M return, Positive across 1M/3M/6M",56.76,Accumulation Zone,71.71,11.28,14.19,25.8,14.71,80.0% of closes stayed inside the range | Range width 25.8% | Currently 14.7% through the range,13.99,7.41,3.4,4.32,16.69,-2.75,54.13,1.56,1.23,0.36,15.62,6.06,-3.13,inf,,1.3968,,-0.213,12.48,34.22,Consumer Discretionary,6.0,8.0,10.0,9.0,4.0,37.0,0.93,,"Earnings contraction, Negative free cash flow, Very high PE",2.0,39.0,General low-debt support,47.22,12.0,"Below 200 DMA, Negative free cash flow",23.73,Avoid,"RSI recovering, Near 52W low zone, Normal volume support, Positive 1M return, Positive 3M return, Positive 6M return, Positive across 1M/3M/6M, 80.0% of closes stayed inside the range | Range width 25.8% | Currently 14.7% through the range"
DOLLAR,Consumer Cyclical,Apparel Manufacturing,514.96,-0.73,300.68,643.71,71.27,20.0,37.66,552.79,476.58,131206.75,74046.0,0.56,Bearish,23.0,"Above 200 DMA, Weak but watchable RSI",-1.31,-1.78,13.32,7.43,8.23,11.59,-8.74,-10.01,1.73,10.0,Positive 6M return,85.81,Neutral Range,67.58,445.61,566.05,27.03,57.58,80.0% of closes stayed inside the range | Range width 27.0% | Currently 57.6% through the range,11.55,6.7,9.06,5.83,13.26,71.68,41.12,2.08,1.13,2.13,321.2,-25.57,-107.29,13.5982,10.8347,1.6064,1.13,0.289,1523.96,52.65,Consumer Discretionary,4.0,15.0,14.0,0.0,14.0,47.0,1.0,,"Negative operating cash flow, Negative free cash flow",2.0,49.0,General low-debt support,47.22,9.0,"Negative operating cash flow, Negative free cash flow",23.48,Avoid,"Above 200 DMA, Weak but watchable RSI, Positive 6M return, 80.0% of closes stayed inside the range | Range width 27.0% | Currently 57.6% through the range"
AURUS,Consumer Cyclical,Luxury Goods,6.14,2.85,3.25,8.8,88.92,30.23,59.91,5.95,6.12,72054.6,149626.0,2.08,Bullish,75.0,"Above 50 DMA, Above 200 DMA, Healthy RSI momentum, Strong volume expansion, Strong positive day move",11.64,3.19,-14.72,7.43,8.23,11.59,4.21,-5.04,-26.31,25.0,"Strong 1M absolute return, Positive 3M return",68.92,Lower Range Watch,80.85,5.63,7.3,29.69,30.58,80.8% of closes stayed inside the range | Range width 29.7% | Currently 30.6% through the range,-103.17,-43.32,-0.68,-344.86,-28.11,25.82,19.35,1.67,1.65,0.45,6.14,-0.16,-0.16,7.6393,,0.7407,,0.416,13.74,13.69,Consumer Discretionary,0.0,10.0,16.0,0.0,10.0,36.0,0.93,,"Negative net margin, Revenue contraction, Negative operating cash flow, Negative free cash flow",2.0,38.0,General low-debt support,47.22,22.0,"Negative net margin, Revenue contraction, Negative operating cash flow, Negative free cash flow",23.38,Avoid,"Above 50 DMA, Above 200 DMA, Healthy RSI momentum, Strong volume expansion, Strong positive day move, Strong 1M absolute return, Positive 3M return, 80.8% of closes stayed inside the range | Range width 29.7% | Currently 30.6% through the range"
CCL,Consumer Defensive,Packaged Foods,582.33,0.03,459.5,735.3,26.73,20.8,48.12,578.95,611.12,244898.25,129473.0,0.53,Bullish,32.0,"Above 50 DMA, RSI recovering, Positive day move",1.83,0.03,-5.61,7.43,8.23,11.59,-5.6,-8.2,-17.2,18.0,"Positive 1M return, Positive 3M return",71.21,Accumulation Zone,74.49,565.71,636.71,12.55,23.41,80.0% of closes stayed inside the range | Range width 12.6% | Currently 23.4% through the range,14.94,7.07,12.45,9.42,28.12,-11.93,96.86,1.36,0.75,169.09,1621.33,55.38,-457.89,34.5995,23.6669,6.3795,51.0,0.047,14974.89,35.57,FMCG / Consumer,12.0,10.0,6.0,9.0,9.0,46.0,1.0,,"Earnings contraction, Negative free cash flow",0.0,46.0,,44.26,12.0,"Below 200 DMA, Negative free cash flow",23.24,Avoid,"Above 50 DMA, RSI recovering, Positive day move, Positive 1M return, Positive 3M return, 80.0% of closes stayed inside the range | Range width 12.6% | Currently 23.4% through the range"
AMBIKCO,Consumer Cyclical,Textile Manufacturing,1580.02,-0.83,1230.21,1803.85,28.43,12.41,61.41,1498.24,1543.78,17863.1,10606.0,0.59,Bullish,60.0,"Above 50 DMA, Above 200 DMA, Healthy RSI momentum, Near 52W high momentum",9.57,4.28,-4.4,7.43,8.23,11.59,2.14,-3.95,-15.99,18.0,"Positive 1M return, Positive 3M return",77.7,Neutral Range,77.44,1441.32,1670.9,15.93,60.42,80.0% of closes stayed inside the range | Range width 15.9% | Currently 60.4% through the range,7.33,5.89,9.88,7.86,-1.9,-43.72,9.54,4.48,1.62,48.32,81.98,-137.75,-188.68,11.5316,13.176,0.9828,2.26,0.621,937.93,36.24,Consumer Discretionary,5.0,0.0,17.0,0.0,12.0,34.0,1.0,,"Revenue contraction, Earnings contraction, Negative operating cash flow, Negative free cash flow",2.0,36.0,General low-debt support,47.22,16.0,"Earnings contraction, Negative operating cash flow, Negative free cash flow",23.18,Avoid,"Above 50 DMA, Above 200 DMA, Healthy RSI momentum, Near 52W high momentum, Positive 1M return, Positive 3M return, 80.0% of closes stayed inside the range | Range width 15.9% | Currently 60.4% through the range"
AVTNPL,Basic Materials,Specialty Chemicals,84.51,-1.34,70.94,119.5,19.13,29.28,50.28,85.53,86.55,168411.6,153413.0,0.91,Bearish,25.0,"Healthy RSI momentum, Near 52W low zone",6.28,-0.65,-3.2,7.43,8.23,11.59,-1.15,-8.88,-14.79,8.0,Positive 1M return,95.0,Accumulation Zone,72.79,81.64,96.35,18.01,19.48,80.0% of closes stayed inside the range | Range width 18.0% | Currently 19.5% through the range,11.35,8.91,12.77,10.3,-11.15,-31.15,9.07,4.53,2.57,25.44,42.6,98.52,86.06,15.4891,47.8596,2.3194,1.05,0.426,1297.31,49.68,Chemicals,12.0,0.0,17.0,17.0,11.0,57.0,1.0,,"Revenue contraction, Earnings contraction",2.0,59.0,General low-debt support,53.22,15.0,"Below 200 DMA, Earnings contraction",21.88,Avoid,"Healthy RSI momentum, Near 52W low zone, Positive 1M return, 80.0% of closes stayed inside the range | Range width 18.0% | Currently 19.5% through the range"
CCCL,Industrials,Engineering & Construction,1.5,0.0,1.15,2.4,30.43,37.5,62.82,1.5,1.5,0.0,0.0,0.0,Bearish,20.0,Healthy RSI momentum,0.0,0.0,0.0,7.43,8.23,11.59,-7.43,-8.23,-11.59,0.0,,96.88,,,,,,,,2437.47,124.04,39.81,516.59,-6.17,697.51,510.35,0.49,0.36,8.71,140.82,50.54,50.49,,,2.3654,,6.497,659.42,13.32,Capital Goods / Infra,25.0,10.0,0.0,17.0,4.0,56.0,0.86,Strong ROE,"Revenue contraction, Very high debt",0.0,56.0,,54.47,11.0,"Low volume participation, Very high debt",21.77,Avoid,"Healthy RSI momentum, Strong ROE"
AEROENTER,Basic Materials,Steel,90.93,1.29,54.58,144.63,66.61,37.13,47.74,92.92,102.83,380211.05,366501.0,0.96,Bearish,17.0,"RSI recovering, Positive day move",2.87,-10.13,-18.21,7.43,8.23,11.59,-4.56,-18.36,-29.8,8.0,Positive 1M return,95.0,Accumulation Zone,70.64,89.28,120.9,35.42,5.23,80.0% of closes stayed inside the range | Range width 35.4% | Currently 5.2% through the range,39.78,28.87,13.48,51.52,7.7,502.59,9.73,4.51,3.93,85.8,63.06,-245.71,-291.25,10.7172,,2.0054,27.0,1.576,1655.48,54.88,Metals / Mining,22.0,12.0,20.0,0.0,12.0,66.0,1.0,"Strong ROE, Cash covers debt","Negative operating cash flow, Negative free cash flow",4.0,70.0,"General quality ROE, General low-debt support",53.22,17.0,"Below 200 DMA, Negative operating cash flow, Negative free cash flow",21.73,Avoid,"RSI recovering, Positive day move, Strong ROE, Cash covers debt, Positive 1M return, 80.0% of closes stayed inside the range | Range width 35.4% | Currently 5.2% through the range"
CENTRALBK,Financial Services,Banks - Regional,60.01,-0.42,18.26,74.12,228.55,19.04,44.44,61.67,53.99,12280086.7,4636050.0,0.38,Bearish,23.0,"Above 200 DMA, Weak but watchable RSI",0.83,-1.49,24.15,7.43,8.23,11.59,-6.6,-9.72,12.56,18.0,"Positive 1M return, Positive 6M return",76.83,Neutral Range,69.35,52.36,64.15,22.51,64.88,80.0% of closes stayed inside the range | Range width 22.5% | Currently 64.9% through the range,8.24,0.6,,15.08,11.72,58.91,27.81,,,37607.8,9002.88,-5909.91,-6497.16,6.0595,,0.6757,4.54,0.378,27642.98,0.0,Banking,7.0,15.0,10.0,0.0,12.0,44.0,0.79,Cash covers debt,"Negative operating cash flow, Negative free cash flow",0.0,44.0,,53.67,12.0,"Low volume participation, Negative operating cash flow, Negative free cash flow",21.7,Avoid,"Above 200 DMA, Weak but watchable RSI, Cash covers debt, Positive 1M return, Positive 6M return, 80.0% of closes stayed inside the range | Range width 22.5% | Currently 64.9% through the range"
BUTTERFLY,Consumer Cyclical,"Furnishings, Fixtures & Appliances",857.55,-1.39,674.9,1903.35,27.06,54.95,66.06,791.48,964.52,45107.3,11706.0,0.26,Bullish,35.0,"Above 50 DMA, Healthy RSI momentum",19.57,8.19,-17.76,7.43,8.23,11.59,12.14,-0.04,-29.35,35.0,"Strong 1M absolute return, Positive 3M return, 1M Nifty outperformance",61.49,Lower Range Watch,69.53,756.49,1017.96,34.56,38.65,80.0% of closes stayed inside the range | Range width 34.6% | Currently 38.7% through the range,2.53,1.51,1.06,0.8,-11.75,-85.7,1.28,1.72,1.01,40.91,3.73,36.85,17.84,23.3119,,3.041,,0.023,1132.04,37.69,Consumer Discretionary,0.0,0.0,18.0,17.0,6.0,41.0,0.93,Cash covers debt,"Revenue contraction, Earnings contraction",2.0,43.0,General low-debt support,47.22,18.0,"Below 200 DMA, Low volume participation, Earnings contraction",21.63,Avoid,"Above 50 DMA, Healthy RSI momentum, Cash covers debt, Strong 1M absolute return, Positive 3M return, 1M Nifty outperformance, 80.0% of closes stayed inside the range | Range width 34.6% | Currently 38.7% through the range"
BLUECHIP,Financial Services,Capital Markets,4.52,1.8,0.25,4.52,1708.0,0.0,88.37,3.58,2.53,69048.0,14484.0,0.21,Bullish,52.0,"Above 50 DMA, Above 200 DMA, Strong but overbought RSI, Near 52W high momentum, Positive day move",39.08,67.41,88.33,7.43,8.23,11.59,31.65,59.18,76.74,100.0,"Strong 1M absolute return, Strong 3M absolute return, Strong 6M absolute return, 1M Nifty outperformance, 3M Nifty outperformance, 6M Nifty outperformance, Positive across 1M/3M/6M",12.2,Profit Booking Zone,78.98,2.6,3.65,40.54,100.0,80.8% of closes stayed inside the range | Range width 40.5% | Currently 100.0% through the range,-144.79,-43.83,-116.01,-2832.21,188.86,-526.15,,0.6,0.6,0.05,,-0.01,-0.01,,,-13.8065,,0.311,11.84,100.0,Financial Services,0.0,10.0,0.0,0.0,2.0,12.0,0.79,,"Negative net margin, Earnings contraction, Negative operating cash flow, Negative free cash flow",-5.0,7.0,Weak ROE for a leveraged-balance-sheet business,53.67,27.0,"Low volume participation, Negative net margin, Earnings contraction, Negative operating cash flow, Negative free cash flow",21.5,Avoid,"Above 50 DMA, Above 200 DMA, Strong but overbought RSI, Near 52W high momentum, Positive day move, Strong 1M absolute return, Strong 3M absolute return, Strong 6M absolute return, 1M Nifty outperformance, 3M Nifty outperformance, 6M Nifty outperformance, Positive across 1M/3M/6M, 80.8% of closes stayed inside the range | Range width 40.5% | Currently 100.0% through the range"
CONTROLPR,Unknown,Unknown,815.22,-0.38,354.81,1025.17,129.76,20.48,47.11,840.21,862.72,45761.4,20442.0,0.45,Bearish,12.0,RSI recovering,-1.79,-9.03,-16.47,7.43,8.23,11.59,-9.22,-17.26,-28.06,0.0,,100.0,Accumulation Zone,72.4,810.61,964.12,18.94,3.0,80.0% of closes stayed inside the range | Range width 18.9% | Currently 3.0% through the range,16.26,12.52,20.28,15.12,18.07,2.75,2.21,3.54,2.23,18.79,7.37,49.77,7.99,,,,,,,,General,19.0,8.0,20.0,17.0,0.0,64.0,0.79,Cash covers debt,,2.0,66.0,General low-debt support,41.86,11.0,"Below 200 DMA, Low volume participation",21.38,Avoid,"RSI recovering, Cash covers debt, 80.0% of closes stayed inside the range | Range width 18.9% | Currently 3.0% through the range"
AGRITECH,Consumer Defensive,Farm Products,197.39,-0.28,83.55,261.5,136.25,24.52,50.99,197.41,197.16,17157.7,11404.0,0.66,Bearish,35.0,"Above 200 DMA, Healthy RSI momentum",8.58,-4.37,1.51,7.43,8.23,11.59,1.15,-12.6,-10.08,18.0,"Positive 1M return, Positive 6M return",71.21,Neutral Range,70.48,181.63,213.63,17.62,49.27,80.0% of closes stayed inside the range | Range width 17.6% | Currently 49.3% through the range,9.62,9.47,-450.84,6277.19,-33.45,2607.64,0.0,64.01,64.0,0.63,0.0,-10.66,-30.93,,,,,,61.12,0.0,General,12.0,10.0,20.0,0.0,0.0,42.0,0.79,Net cash position,"Revenue contraction, Negative operating cash flow, Negative free cash flow",2.0,44.0,General low-debt support,44.26,14.0,"Revenue contraction, Negative operating cash flow, Negative free cash flow",21.29,Avoid,"Above 200 DMA, Healthy RSI momentum, Net cash position, Positive 1M return, Positive 6M return, 80.0% of closes stayed inside the range | Range width 17.6% | Currently 49.3% through the range"
BORORENEW,Technology,Solar,514.75,-0.23,380.0,669.35,35.46,23.1,57.36,500.04,484.32,606312.5,334933.0,0.55,Bullish,50.0,"Above 50 DMA, Above 200 DMA, Healthy RSI momentum",10.94,-5.48,17.72,7.43,8.23,11.59,3.51,-13.71,6.13,25.0,"Strong 1M absolute return, Positive 6M return",75.0,Lower Range Watch,76.26,487.91,570.74,16.98,32.4,80.0% of closes stayed inside the range | Range width 17.0% | Currently 32.4% through the range,-5.37,-2.78,-4.88,-3.44,52.97,-167.35,65.97,1.82,1.08,147.77,575.92,68.75,-147.93,18.3504,,4.6584,,0.116,7392.3,54.92,IT / Technology,0.0,10.0,10.0,9.0,8.0,37.0,0.93,,"Negative net margin, Earnings contraction, Negative free cash flow",0.0,37.0,,56.85,19.0,"Negative net margin, Earnings contraction, Negative free cash flow",21.23,Avoid,"Above 50 DMA, Above 200 DMA, Healthy RSI momentum, Strong 1M absolute return, Positive 6M return, 80.0% of closes stayed inside the range | Range width 17.0% | Currently 32.4% through the range"
BSL,Consumer Cyclical,Textile Manufacturing,198.38,2.45,109.14,236.55,81.77,16.14,59.5,183.33,185.77,41625.4,144161.0,3.46,Bullish,75.0,"Above 50 DMA, Above 200 DMA, Healthy RSI momentum, Strong volume expansion, Strong positive day move",13.22,10.26,-5.74,7.43,8.23,11.59,5.79,2.03,-17.33,35.0,"Strong 1M absolute return, Positive 3M return, 1M Nifty outperformance",61.49,Profit Booking Zone,82.77,170.79,205.56,20.36,79.36,80.0% of closes stayed inside the range | Range width 20.4% | Currently 79.4% through the range,9.97,1.82,7.15,1.71,39.82,-33.57,388.01,1.11,0.5,0.08,437.22,-39.47,-62.01,34.8527,118.2981,1.056,66.0,0.555,126.62,42.57,Consumer Discretionary,2.0,10.0,2.0,0.0,10.0,24.0,1.0,,"Earnings contraction, Very high debt, Negative operating cash flow, Negative free cash flow",0.0,24.0,,47.22,24.0,"Very high debt, Earnings contraction, Negative operating cash flow, Negative free cash flow",18.98,Avoid,"Above 50 DMA, Above 200 DMA, Healthy RSI momentum, Strong volume expansion, Strong positive day move, Strong 1M absolute return, Positive 3M return, 1M Nifty outperformance, 80.0% of closes stayed inside the range | Range width 20.4% | Currently 79.4% through the range"
BRNL,Industrials,Infrastructure Operations,54.51,4.99,23.0,98.5,137.0,44.66,59.45,53.79,55.59,45895.7,53779.0,1.17,Bullish,50.0,"Above 50 DMA, Healthy RSI momentum, Normal volume support, Strong positive day move",2.27,-11.29,7.09,7.43,8.23,11.59,-5.16,-19.52,-4.5,18.0,"Positive 1M return, Positive 6M return",81.25,Accumulation Zone,73.31,51.2,80.83,57.86,11.16,80.0% of closes stayed inside the range | Range width 57.9% | Currently 11.2% through the range,-58.92,-4.1,30.15,-29.5,16.36,46.56,698.64,0.49,,62.3,1328.08,264.43,160.32,,,0.2062,,-0.087,145.15,96.98,Capital Goods / Infra,6.0,18.0,0.0,17.0,4.0,45.0,0.79,,"Negative net margin, Very high debt",5.0,50.0,Strong order-book-driven revenue growth,54.47,24.0,"Below 200 DMA, Very high debt, Negative net margin",18.67,Avoid,"Above 50 DMA, Healthy RSI momentum, Normal volume support, Strong positive day move, Positive 1M return, Positive 6M return, 80.0% of closes stayed inside the range | Range width 57.9% | Currently 11.2% through the range"
BCLIND,Consumer Defensive,Beverages - Wineries & Distilleries,52.0,1.14,27.31,85.38,90.38,39.1,42.69,54.34,59.86,1943172.95,1192782.0,0.61,Bearish,13.0,"Weak but watchable RSI, Positive day move",6.94,-17.03,-20.48,7.43,8.23,11.59,-0.49,-25.26,-32.07,8.0,Positive 1M return,89.39,Accumulation Zone,69.23,52.04,75.16,44.45,0.0,80.0% of closes stayed inside the range | Range width 44.5% | Currently 0.0% through the range,13.86,6.94,7.43,4.31,16.38,36.22,73.21,1.81,0.7,2.14,477.07,39.18,-97.98,9.3724,,1.1912,95.0,0.613,1084.43,25.63,FMCG / Consumer,6.0,18.0,8.0,9.0,12.0,53.0,1.0,,Negative free cash flow,0.0,53.0,,44.26,12.0,"Below 200 DMA, Negative free cash flow",18.44,Avoid,"Weak but watchable RSI, Positive day move, Positive 1M return, 80.0% of closes stayed inside the range | Range width 44.5% | Currently 0.0% through the range"
ALOKINDS,Consumer Cyclical,Textile Manufacturing,28.23,-1.16,10.1,39.05,179.5,27.71,53.82,26.99,25.18,16554419.15,9201049.0,0.56,Bullish,50.0,"Above 50 DMA, Above 200 DMA, Healthy RSI momentum",15.93,-0.77,33.16,7.43,8.23,11.59,8.5,-9.0,21.57,60.0,"Strong 1M absolute return, Strong 6M absolute return, 1M Nifty outperformance, 6M Nifty outperformance",35.81,Lower Range Watch,74.86,26.09,32.07,22.92,35.79,80.0% of closes stayed inside the range | Range width 22.9% | Currently 35.8% through the range,4.28,-11.43,-4.98,-15.62,-21.44,3.82,-113.64,0.66,0.31,19.12,22473.39,-1160.73,-1196.88,,,-0.2131,,0.241,4587.88,48.19,Consumer Discretionary,0.0,2.0,9.0,0.0,2.0,13.0,0.86,,"Negative net margin, Revenue contraction, Negative operating cash flow, Negative free cash flow",2.0,15.0,General low-debt support,47.22,22.0,"Negative net margin, Revenue contraction, Negative operating cash flow, Negative free cash flow",17.83,Avoid,"Above 50 DMA, Above 200 DMA, Healthy RSI momentum, Strong 1M absolute return, Strong 6M absolute return, 1M Nifty outperformance, 6M Nifty outperformance, 80.0% of closes stayed inside the range | Range width 22.9% | Currently 35.8% through the range"
ARCHIDPLY,Basic Materials,Lumber & Wood Production,100.2,0.7,50.0,148.4,100.4,32.48,40.57,111.37,93.73,15885.0,9941.0,0.63,Bearish,28.0,"Above 200 DMA, Weak but watchable RSI, Positive day move",0.0,13.67,6.09,7.43,8.23,11.59,-7.43,5.44,-5.5,20.0,"Positive 3M return, Positive 6M return",85.0,Lower Range Watch,67.15,86.6,119.64,38.16,41.16,80.0% of closes stayed inside the range | Range width 38.2% | Currently 41.2% through the range,6.36,2.17,4.29,1.63,3.43,-42.06,136.63,1.21,0.81,0.89,152.38,11.46,-53.45,16.0412,,1.8626,,0.152,210.49,33.67,General,0.0,2.0,4.0,9.0,10.0,25.0,0.93,,"Earnings contraction, Negative free cash flow",0.0,25.0,,53.22,11.0,"Earnings contraction, Negative free cash flow",17.73,Avoid,"Above 200 DMA, Weak but watchable RSI, Positive day move, Positive 3M return, Positive 6M return, 80.0% of closes stayed inside the range | Range width 38.2% | Currently 41.2% through the range"
APOLSINHOT,Industrials,Specialty Business Services,1500.79,0.16,831.43,2644.06,80.51,43.24,36.74,1636.59,1747.38,3257.45,5367.0,1.65,Bearish,23.0,"Weak but watchable RSI, Volume expansion, Positive day move",-0.17,-16.41,-2.14,7.43,8.23,11.59,-7.6,-24.64,-13.73,0.0,,96.88,Accumulation Zone,72.12,1537.09,2139.31,39.18,0.0,80.0% of closes stayed inside the range | Range width 39.2% | Currently 0.0% through the range,8.19,3.5,3.46,2.13,41.53,-34.56,64.58,1.62,1.59,39.57,87.24,14.13,5.19,37.9931,,2.0114,25.0,-0.332,316.05,13.2,Capital Goods / Infra,2.0,10.0,11.0,17.0,8.0,48.0,1.0,,Earnings contraction,5.0,53.0,Strong order-book-driven revenue growth,54.47,15.0,"Below 200 DMA, Earnings contraction",17.47,Avoid,"Weak but watchable RSI, Volume expansion, Positive day move, 80.0% of closes stayed inside the range | Range width 39.2% | Currently 0.0% through the range"
BESTAGRO,Basic Materials,Agricultural Inputs,43.53,-1.56,32.29,116.75,34.83,62.72,54.14,39.62,64.62,2500434.75,1787655.0,0.71,Bullish,35.0,"Above 50 DMA, Healthy RSI momentum",19.84,-41.52,-41.52,7.43,8.23,11.59,12.41,-49.75,-53.11,25.0,"Strong 1M absolute return, 1M Nifty outperformance",81.67,Accumulation Zone,68.57,36.49,74.44,104.0,18.55,90.0% of closes stayed inside the range | Range width 104.0% | Currently 18.5% through the range,16.42,5.28,10.6,5.67,7.31,-44.69,98.39,1.21,0.47,32.94,636.6,35.53,-10.12,20.9643,,0.8124,1.14,0.048,624.58,32.68,General,9.0,2.0,6.0,9.0,9.0,35.0,1.0,,"Earnings contraction, Negative free cash flow",0.0,35.0,,53.22,19.0,"Below 200 DMA, Earnings contraction, Negative free cash flow",16.23,Avoid,"Above 50 DMA, Healthy RSI momentum, Strong 1M absolute return, 1M Nifty outperformance, 90.0% of closes stayed inside the range | Range width 104.0% | Currently 18.5% through the range"
ANGELONE,Financial Services,Capital Markets,225.78,-0.03,93.76,374.0,140.8,39.63,34.5,250.16,265.26,7338280.5,6918070.0,0.94,Bearish,8.0,Weak but watchable RSI,-0.42,-22.18,-31.21,7.43,8.23,11.59,-7.85,-30.41,-42.8,0.0,,96.34,Accumulation Zone,69.81,240.03,320.56,33.55,0.0,80.0% of closes stayed inside the range | Range width 33.5% | Currently 0.0% through the range,37.04,8.49,33.58,33.13,37.35,26.47,83.63,1.25,,1042.98,2541.12,-329.9,-537.41,26.7273,16.6436,4.3773,1.71,0.29,26862.41,84.82,Financial Services,24.0,20.0,6.0,0.0,10.0,60.0,0.93,Strong ROE,"Negative operating cash flow, Negative free cash flow",6.0,66.0,Strong ROE for a leveraged-balance-sheet business,53.67,17.0,"Below 200 DMA, Negative operating cash flow, Negative free cash flow",16.15,Avoid,"Weak but watchable RSI, Strong ROE, 80.0% of closes stayed inside the range | Range width 33.5% | Currently 0.0% through the range"
APOLLOPIPE,Industrials,Building Products & Equipment,629.63,0.11,434.67,794.9,44.85,20.79,43.91,643.98,672.25,80658.2,32684.0,0.41,Bearish,13.0,"Weak but watchable RSI, Positive day move",-4.8,-2.6,-7.96,7.43,8.23,11.59,-12.23,-10.83,-19.55,0.0,,96.88,Accumulation Zone,73.36,628.56,728.03,15.83,1.08,80.0% of closes stayed inside the range | Range width 15.8% | Currently 1.1% through the range,7.43,4.22,6.81,4.34,7.82,78.36,14.29,1.14,0.53,54.44,82.03,124.66,26.13,,46.2271,3.3931,11.0,0.084,2771.31,27.81,Capital Goods / Infra,0.0,12.0,11.0,17.0,4.0,44.0,0.93,,,0.0,44.0,,54.47,11.0,"Below 200 DMA, Low volume participation",15.82,Avoid,"Weak but watchable RSI, Positive day move, 80.0% of closes stayed inside the range | Range width 15.8% | Currently 1.1% through the range"
ASIANHOTNR,Consumer Cyclical,Lodging,162.2,2.78,66.6,238.95,143.54,32.12,75.53,141.48,162.99,2642.9,11114.0,4.21,Bullish,47.0,"Above 50 DMA, Strong but overbought RSI, Strong volume expansion, Strong positive day move",22.74,18.18,-30.62,7.43,8.23,11.59,15.31,9.95,-42.21,35.0,"Strong 1M absolute return, Positive 3M return, 1M Nifty outperformance",61.49,Neutral Range,67.95,125.64,193.78,54.24,53.65,80.0% of closes stayed inside the range | Range width 54.2% | Currently 53.7% through the range,-116.81,-5.14,20.7,-29.35,16.54,-3.16,1405.01,0.23,0.21,53.42,1052.41,72.5,72.5,,,1.2347,,-0.005,1347.0,64.25,Consumer Discretionary,5.0,8.0,0.0,17.0,4.0,34.0,0.86,,"Negative net margin, Earnings contraction, Very high debt",0.0,34.0,,47.22,24.0,"Below 200 DMA, Very high debt, Negative net margin",15.48,Avoid,"Above 50 DMA, Strong but overbought RSI, Strong volume expansion, Strong positive day move, Strong 1M absolute return, Positive 3M return, 1M Nifty outperformance, 80.0% of closes stayed inside the range | Range width 54.2% | Currently 53.7% through the range"
CAMLINFINE,Basic Materials,Specialty Chemicals,105.4,2.33,79.95,186.35,31.83,43.44,53.38,102.23,124.62,989700.45,963398.0,0.97,Bullish,45.0,"Above 50 DMA, Healthy RSI momentum, Strong positive day move",15.76,10.37,-19.88,7.43,8.23,11.59,8.33,2.14,-31.47,35.0,"Strong 1M absolute return, Positive 3M return, 1M Nifty outperformance",72.5,Accumulation Zone,72.94,95.55,129.4,35.44,29.11,80.0% of closes stayed inside the range | Range width 35.4% | Currently 29.1% through the range,-10.73,-4.75,11.4,-6.46,-14.07,-278.01,78.99,1.37,0.67,80.25,683.03,138.98,78.41,,12.7018,1.9104,,0.681,1988.53,43.58,Chemicals,3.0,0.0,6.0,17.0,4.0,30.0,0.86,,"Negative net margin, Revenue contraction, Earnings contraction",0.0,30.0,,53.22,23.0,"Below 200 DMA, Negative net margin, Earnings contraction",15.48,Avoid,"Above 50 DMA, Healthy RSI momentum, Strong positive day move, Strong 1M absolute return, Positive 3M return, 1M Nifty outperformance, 80.0% of closes stayed inside the range | Range width 35.4% | Currently 29.1% through the range"
AHLEAST,Unknown,Unknown,140.05,1.26,80.01,179.15,75.05,21.82,51.68,140.94,142.49,16704.5,13599.0,0.81,Bearish,25.0,"Healthy RSI momentum, Positive day move",3.28,-4.07,1.42,7.43,8.23,11.59,-4.15,-12.3,-10.17,18.0,"Positive 1M return, Positive 6M return",62.5,Accumulation Zone,74.52,138.03,162.5,17.73,8.25,80.0% of closes stayed inside the range | Range width 17.7% | Currently 8.3% through the range,13.77,5.24,24.82,29.41,16.58,29.27,144.86,1.96,1.95,1.16,333.58,-385.18,-387.33,,,,,,,,General,17.0,18.0,9.0,0.0,0.0,44.0,0.79,,"Negative operating cash flow, Negative free cash flow",0.0,44.0,,41.86,17.0,"Below 200 DMA, Negative operating cash flow, Negative free cash flow",15.43,Avoid,"Healthy RSI momentum, Positive day move, Positive 1M return, Positive 6M return, 80.0% of closes stayed inside the range | Range width 17.7% | Currently 8.3% through the range"
CINELINE,Communication Services,Entertainment,132.6,-1.41,71.65,184.9,85.07,28.29,53.66,126.25,126.54,64573.45,18752.0,0.29,Bullish,50.0,"Above 50 DMA, Above 200 DMA, Healthy RSI momentum",13.19,4.91,-3.25,7.43,8.23,11.59,5.76,-3.32,-14.84,35.0,"Strong 1M absolute return, Positive 3M return, 1M Nifty outperformance",57.14,Neutral Range,72.65,118.59,146.82,23.8,49.63,80.0% of closes stayed inside the range | Range width 23.8% | Currently 49.6% through the range,-3.02,-0.78,11.48,-2.38,34.88,-357.54,233.9,0.64,0.61,12.15,349.61,41.76,24.29,24.3712,,1.9416,,0.178,335.31,57.95,Telecom,3.0,10.0,0.0,17.0,8.0,38.0,0.93,,"Negative net margin, Earnings contraction, Very high debt",0.0,38.0,,44.09,26.0,"Low volume participation, Very high debt, Negative net margin, Earnings contraction",15.16,Avoid,"Above 50 DMA, Above 200 DMA, Healthy RSI momentum, Strong 1M absolute return, Positive 3M return, 1M Nifty outperformance, 80.0% of closes stayed inside the range | Range width 23.8% | Currently 49.6% through the range"
ATLASCYCLE,Consumer Cyclical,Leisure,28.85,0.0,28.85,28.85,0.0,0.0,100.0,28.85,28.85,0.0,0.0,0.0,Bearish,25.0,"Strong but overbought RSI, Near 52W high momentum, Near 52W low with stable RSI",0.0,0.0,0.0,7.43,8.23,11.59,-7.43,-8.23,-11.59,0.0,,99.32,,,,,,,,0.14,0.11,-500.55,8.63,259.56,102.31,2.38,0.28,0.24,0.27,9.0,-51.2,-51.21,,,0.1647,,0.502,62.51,5.92,Consumer Discretionary,3.0,20.0,9.0,0.0,4.0,36.0,0.86,,"Negative operating cash flow, Negative free cash flow",2.0,38.0,General low-debt support,47.22,12.0,"Low volume participation, Negative operating cash flow, Negative free cash flow",14.63,Avoid,"Strong but overbought RSI, Near 52W high momentum, Near 52W low with stable RSI"
ATALREAL,Industrials,Engineering & Construction,7.33,0.27,6.9,29.51,6.23,75.16,34.18,8.35,13.01,202695.25,140147.0,0.69,Bearish,21.0,"Weak but watchable RSI, Near 52W low with stable RSI, Positive day move",-2.27,-46.88,-39.17,7.43,8.23,11.59,-9.7,-55.11,-50.76,0.0,,96.88,Lower Range Watch,63.55,7.75,16.11,107.81,0.0,80.8% of closes stayed inside the range | Range width 107.8% | Currently 0.0% through the range,5.69,3.73,11.63,5.25,0.48,3.15,24.41,2.69,0.82,0.22,9.21,1.67,0.79,35.1584,,2.3748,,0.536,439.96,14.53,Capital Goods / Infra,3.0,2.0,12.0,17.0,6.0,40.0,0.93,,,0.0,40.0,,54.47,13.0,"Below 200 DMA, Far from 52W high",14.42,Avoid,"Weak but watchable RSI, Near 52W low with stable RSI, Positive day move, 80.8% of closes stayed inside the range | Range width 107.8% | Currently 0.0% through the range"
BAJAJHCARE,Healthcare,Drug Manufacturers - Specialty & Generic,326.67,-3.53,261.99,510.84,24.69,36.05,53.54,311.86,355.75,335486.05,672758.0,2.01,Bullish,55.0,"Above 50 DMA, Healthy RSI momentum, Near 52W low zone, Strong volume expansion",14.57,6.35,-12.51,7.43,8.23,11.59,7.14,-1.88,-24.1,35.0,"Strong 1M absolute return, Positive 3M return, 1M Nifty outperformance",75.0,Neutral Range,75.57,295.39,349.85,18.44,57.43,80.0% of closes stayed inside the range | Range width 18.4% | Currently 57.4% through the range,-30.1,-10.95,10.3,-17.72,-26.77,-294.76,119.57,1.09,0.76,2.17,332.82,92.29,62.01,45.8689,,1.928,31.0,0.279,1084.02,48.73,Pharma / Healthcare,3.0,0.0,4.0,17.0,8.0,32.0,1.0,,"Negative net margin, Revenue contraction, Earnings contraction",0.0,32.0,,57.8,28.0,"Below 200 DMA, Negative net margin, Revenue contraction, Earnings contraction",14.37,Avoid,"Above 50 DMA, Healthy RSI momentum, Near 52W low zone, Strong volume expansion, Strong 1M absolute return, Positive 3M return, 1M Nifty outperformance, 80.0% of closes stayed inside the range | Range width 18.4% | Currently 57.4% through the range"
BBTCL,Consumer Cyclical,Packaging & Containers,250.69,1.44,177.04,342.08,41.6,26.72,51.88,252.24,258.84,9696.7,7783.0,0.8,Bearish,25.0,"Healthy RSI momentum, Positive day move",4.53,-6.21,-9.42,7.43,8.23,11.59,-2.9,-14.44,-21.01,8.0,Positive 1M return,93.24,Accumulation Zone,73.98,245.58,273.94,11.55,18.01,80.0% of closes stayed inside the range | Range width 11.5% | Currently 18.0% through the range,14.42,4.55,7.79,4.57,11.54,-4.24,169.88,1.18,0.73,0.16,202.17,59.18,-49.11,6.7893,,3.6587,42.0,0.046,483.22,41.37,Consumer Discretionary,4.0,5.0,2.0,9.0,10.0,30.0,1.0,,"Earnings contraction, Negative free cash flow",0.0,30.0,,47.22,12.0,"Below 200 DMA, Negative free cash flow",13.83,Avoid,"Healthy RSI momentum, Positive day move, Positive 1M return, 80.0% of closes stayed inside the range | Range width 11.5% | Currently 18.0% through the range"
DIVGIITTS,Consumer Cyclical,Auto Parts,706.65,1.52,553.62,1141.19,27.64,38.08,53.23,744.5,890.89,59411.15,34153.0,0.57,Bearish,25.0,"Healthy RSI momentum, Positive day move",4.41,-9.72,-28.19,7.43,8.23,11.59,-3.02,-17.95,-39.78,8.0,Positive 1M return,93.24,Accumulation Zone,71.36,680.93,931.51,36.8,10.26,80.0% of closes stayed inside the range | Range width 36.8% | Currently 10.3% through the range,6.85,6.2,13.86,15.87,-6.26,-22.33,0.27,6.94,6.28,31.57,1.56,32.46,-45.27,56.8254,35.3961,5.6579,28.0,0.406,3593.95,61.4,Automobile,10.0,0.0,20.0,9.0,9.0,48.0,1.0,Cash covers debt,"Revenue contraction, Earnings contraction, Negative free cash flow",2.0,50.0,General low-debt support,47.22,19.0,"Below 200 DMA, Earnings contraction, Negative free cash flow",13.83,Avoid,"Healthy RSI momentum, Positive day move, Cash covers debt, Positive 1M return, 80.0% of closes stayed inside the range | Range width 36.8% | Currently 10.3% through the range"
CHEMPLASTS,Basic Materials,Chemicals,562.2,-0.23,342.05,633.9,64.36,11.31,58.53,507.95,480.8,886776.85,252863.0,0.29,Bullish,60.0,"Above 50 DMA, Above 200 DMA, Healthy RSI momentum, Near 52W high momentum",17.85,22.26,11.37,7.43,8.23,11.59,10.42,14.03,-0.22,80.0,"Strong 1M absolute return, Strong 3M absolute return, Positive 6M return, 1M Nifty outperformance, 3M Nifty outperformance, Positive across 1M/3M/6M",26.67,Profit Booking Zone,82.5,447.6,544.92,21.75,100.0,80.0% of closes stayed inside the range | Range width 21.7% | Currently 100.0% through the range,-9.32,-2.63,-2.31,-4.05,-20.64,-203.99,91.0,0.74,0.51,688.15,1547.51,-244.93,-863.87,,62.2773,1.6461,,-0.112,2888.35,34.39,Chemicals,0.0,0.0,4.0,0.0,4.0,8.0,0.86,,"Negative net margin, Revenue contraction, Earnings contraction, Negative operating cash flow, Negative free cash flow",0.0,8.0,,53.22,32.0,"Low volume participation, Negative net margin, Revenue contraction, Earnings contraction, Negative operating cash flow, Negative free cash flow",13.78,Avoid,"Above 50 DMA, Above 200 DMA, Healthy RSI momentum, Near 52W high momentum, Strong 1M absolute return, Strong 3M absolute return, Positive 6M return, 1M Nifty outperformance, 3M Nifty outperformance, Positive across 1M/3M/6M, 80.0% of closes stayed inside the range | Range width 21.7% | Currently 100.0% through the range"
ANNAPURNA,Consumer Defensive,Packaged Foods,321.65,-2.59,109.3,427.0,194.28,24.67,47.28,335.33,332.08,62400.0,101500.0,1.63,Bearish,22.0,"RSI recovering, Volume expansion",7.94,-14.09,1.5,7.43,8.23,11.59,0.51,-22.32,-10.09,18.0,"Positive 1M return, Positive 6M return",71.21,Accumulation Zone,70.14,302.48,391.35,29.38,21.57,80.0% of closes stayed inside the range | Range width 29.4% | Currently 21.6% through the range,11.46,5.56,8.85,4.96,65.43,83.58,55.21,1.14,0.62,3.3,63.27,-10.22,-72.45,10.1866,,0.8916,,0.043,254.44,32.33,FMCG / Consumer,4.0,20.0,6.0,0.0,10.0,40.0,0.93,,"Negative operating cash flow, Negative free cash flow",0.0,40.0,,44.26,17.0,"Below 200 DMA, Negative operating cash flow, Negative free cash flow",13.64,Avoid,"RSI recovering, Volume expansion, Positive 1M return, Positive 6M return, 80.0% of closes stayed inside the range | Range width 29.4% | Currently 21.6% through the range"
DCW,Basic Materials,Chemicals,55.17,-0.9,39.7,72.16,38.96,23.55,48.66,54.2,55.89,3455678.0,1752605.0,0.51,Bullish,27.0,"Above 50 DMA, RSI recovering",9.39,2.12,-3.06,7.43,8.23,11.59,1.96,-6.11,-14.65,18.0,"Positive 1M return, Positive 3M return",87.5,Lower Range Watch,69.76,50.78,62.55,23.18,37.3,80.0% of closes stayed inside the range | Range width 23.2% | Currently 37.3% through the range,1.52,0.75,4.57,0.84,-29.14,-91.84,42.55,1.13,0.51,10.72,438.97,252.09,158.5,19.2531,,1.2796,44.0,-0.144,1369.52,29.12,Chemicals,0.0,0.0,9.0,17.0,12.0,38.0,1.0,,"Revenue contraction, Earnings contraction",2.0,40.0,General low-debt support,53.22,20.0,"Below 200 DMA, Revenue contraction, Earnings contraction",13.23,Avoid,"Above 50 DMA, RSI recovering, Positive 1M return, Positive 3M return, 80.0% of closes stayed inside the range | Range width 23.2% | Currently 37.3% through the range"
CREDITACC,Financial Services,Credit Services,1318.79,0.31,827.54,1781.87,59.36,25.99,39.11,1405.61,1491.28,293920.4,436213.0,1.48,Bearish,23.0,"Weak but watchable RSI, Volume expansion, Positive day move",-5.34,-5.19,-16.23,7.43,8.23,11.59,-12.77,-13.42,-27.82,0.0,,96.34,Accumulation Zone,74.81,1329.91,1612.67,21.26,0.0,80.0% of closes stayed inside the range | Range width 21.3% | Currently 0.0% through the range,22.01,5.01,47.97,29.48,48.77,75.04,332.44,1.77,,1107.29,21841.01,-4733.78,-4754.09,18.9398,10.7605,2.8429,,0.113,22303.32,97.99,Financial Services,20.0,20.0,4.0,0.0,13.0,57.0,0.86,Strong ROE,"Very high debt, Negative operating cash flow, Negative free cash flow",12.0,69.0,"High leverage is structural for this sector, Strong ROE for a leveraged-balance-sheet business",53.67,25.0,"Below 200 DMA, Very high debt, Negative operating cash flow, Negative free cash flow",12.95,Avoid,"Weak but watchable RSI, Volume expansion, Positive day move, Strong ROE, 80.0% of closes stayed inside the range | Range width 21.3% | Currently 0.0% through the range"
APOLLO,Industrials,Aerospace & Defense,104.34,-0.49,14.68,161.49,610.93,35.39,44.59,106.55,105.67,2322526.2,2651523.0,1.14,Bearish,13.0,"Weak but watchable RSI, Normal volume support",2.42,-0.55,-3.76,7.43,8.23,11.59,-5.01,-8.78,-15.35,8.0,Positive 1M return,89.06,Accumulation Zone,70.74,101.85,126.69,24.38,9.99,80.0% of closes stayed inside the range | Range width 24.4% | Currently 10.0% through the range,6.0,3.25,19.57,8.37,24.91,65.97,40.12,1.96,0.85,0.2,208.04,-75.83,-131.32,116.3514,47.5399,10.1837,6.0,1.334,14397.62,31.91,Capital Goods / Infra,8.0,18.0,11.0,0.0,5.0,42.0,1.0,,"Negative operating cash flow, Negative free cash flow, Very high PE",5.0,47.0,Strong order-book-driven revenue growth,54.47,17.0,"Below 200 DMA, Negative operating cash flow, Negative free cash flow",12.87,Avoid,"Weak but watchable RSI, Normal volume support, Positive 1M return, 80.0% of closes stayed inside the range | Range width 24.4% | Currently 10.0% through the range"
ATL,Industrials,Integrated Freight & Logistics,51.51,-0.96,30.88,82.5,66.79,37.56,46.6,54.09,53.81,1067739.7,869918.0,0.81,Bearish,12.0,RSI recovering,1.3,-13.79,-2.99,7.43,8.23,11.59,-6.13,-22.02,-14.58,8.0,Positive 1M return,89.06,Accumulation Zone,70.25,51.5,70.15,36.22,0.06,80.0% of closes stayed inside the range | Range width 36.2% | Currently 0.1% through the range,18.68,5.62,8.81,6.08,3.82,-22.87,176.32,0.97,,20.87,419.13,99.21,74.32,18.1477,,2.2,,1.088,789.19,29.02,Capital Goods / Infra,11.0,2.0,0.0,17.0,10.0,40.0,0.86,Strong ROE,Earnings contraction,0.0,40.0,,54.47,15.0,"Below 200 DMA, Earnings contraction",12.17,Avoid,"RSI recovering, Strong ROE, Positive 1M return, 80.0% of closes stayed inside the range | Range width 36.2% | Currently 0.1% through the range"
ANTGRAPHIC,Consumer Cyclical,Packaging & Containers,1.51,-0.66,0.55,1.95,174.55,22.56,49.53,1.51,1.31,1436166.05,1209780.0,0.84,Bearish,27.0,"Above 200 DMA, RSI recovering",-2.58,-8.48,0.67,7.43,8.23,11.59,-10.01,-16.71,-10.92,10.0,Positive 6M return,85.81,Accumulation Zone,76.54,1.45,1.7,17.24,24.0,83.3% of closes stayed inside the range | Range width 17.2% | Currently 24.0% through the range,-2.64,-2.23,-55.05,-51.2,23.99,-8494.0,17.42,81.9,41.79,0.05,2.84,0.04,-0.02,,,0.7282,,0.599,11.63,10.09,Consumer Discretionary,0.0,8.0,17.0,9.0,4.0,38.0,0.86,,"Negative net margin, Earnings contraction, Negative free cash flow",2.0,40.0,General low-debt support,47.22,19.0,"Negative net margin, Earnings contraction, Negative free cash flow",11.33,Avoid,"Above 200 DMA, RSI recovering, Positive 6M return, 83.3% of closes stayed inside the range | Range width 17.2% | Currently 24.0% through the range"
DAVANGERE,Consumer Defensive,Confectioners,9.48,1.5,6.72,11.5,41.07,17.57,54.5,9.52,,19924533.0,92623812.0,4.65,Bearish,40.0,"Healthy RSI momentum, Strong volume expansion, Positive day move",-4.24,15.19,,7.43,8.23,11.59,-11.67,6.96,,10.0,Positive 3M return,78.79,Neutral Range,71.77,7.9,10.4,31.52,63.27,80.4% of closes stayed inside the range | Range width 31.5% | Currently 63.3% through the range,3.6,1.8,18.48,5.81,-23.22,-7.43,91.49,1.33,0.79,3.42,311.04,-23.94,-46.31,41.8,,0.8073,,0.601,354.44,31.25,General,5.0,0.0,6.0,0.0,6.0,17.0,0.93,,"Revenue contraction, Earnings contraction, Negative operating cash flow, Negative free cash flow",0.0,17.0,,44.26,14.0,"Revenue contraction, Negative operating cash flow, Negative free cash flow",11.09,Avoid,"Healthy RSI momentum, Strong volume expansion, Positive day move, Positive 3M return, 80.4% of closes stayed inside the range | Range width 31.5% | Currently 63.3% through the range"
BTML,Communication Services,Entertainment,14.7,-2.07,3.87,22.13,280.29,33.57,46.95,15.94,16.97,1361611.7,42971.0,0.03,Bearish,12.0,RSI recovering,20.99,-17.0,-24.83,7.43,8.23,11.59,13.56,-25.23,-36.42,25.0,"Strong 1M absolute return, 1M Nifty outperformance",67.86,Accumulation Zone,69.01,14.59,20.83,42.78,1.73,80.0% of closes stayed inside the range | Range width 42.8% | Currently 1.7% through the range,12.45,5.5,9.08,5.3,50.19,4.17,21.71,1.6,1.11,0.82,5.91,-1.93,-1.97,19.1333,,1.6751,,-0.092,156.44,16.17,Telecom,6.0,12.0,13.0,0.0,10.0,41.0,0.93,,"Negative operating cash flow, Negative free cash flow",2.0,43.0,General low-debt support,44.09,20.0,"Below 200 DMA, Low volume participation, Negative operating cash flow, Negative free cash flow",10.91,Avoid,"RSI recovering, Strong 1M absolute return, 1M Nifty outperformance, 80.0% of closes stayed inside the range | Range width 42.8% | Currently 1.7% through the range"
CREATIVEYE,Communication Services,Entertainment,6.86,-2.0,3.1,8.1,121.29,15.31,47.02,6.51,4.89,35085.45,5760.0,0.16,Bullish,42.0,"Above 50 DMA, Above 200 DMA, RSI recovering",-2.7,54.16,71.5,7.43,8.23,11.59,-10.13,45.93,59.91,70.0,"Strong 3M absolute return, Strong 6M absolute return, 3M Nifty outperformance, 6M Nifty outperformance",32.14,Profit Booking Zone,70.24,4.3,7.18,67.19,88.88,80.0% of closes stayed inside the range | Range width 67.2% | Currently 88.9% through the range,-12.54,-8.86,-512.62,-548.68,-75.94,-595.63,30.88,2.78,1.21,9.53,6.38,-1.81,-1.81,,,0.8196,,0.144,12.4,-15.86,Telecom,0.0,0.0,17.0,0.0,4.0,21.0,0.86,Cash covers debt,"Negative net margin, Revenue contraction, Earnings contraction, Negative operating cash flow, Negative free cash flow",2.0,23.0,General low-debt support,44.09,32.0,"Low volume participation, Negative net margin, Revenue contraction, Earnings contraction, Negative operating cash flow, Negative free cash flow",10.66,Avoid,"Above 50 DMA, Above 200 DMA, RSI recovering, Cash covers debt, Strong 3M absolute return, Strong 6M absolute return, 3M Nifty outperformance, 6M Nifty outperformance, 80.0% of closes stayed inside the range | Range width 67.2% | Currently 88.9% through the range"
DCAL,Healthcare,Biotechnology,172.23,0.06,80.0,283.0,115.29,39.14,46.75,188.34,187.79,662485.85,356560.0,0.54,Bearish,17.0,"RSI recovering, Positive day move",15.13,-28.58,-2.69,7.43,8.23,11.59,7.7,-36.81,-14.28,25.0,"Strong 1M absolute return, 1M Nifty outperformance",90.0,Accumulation Zone,70.39,171.98,244.19,41.98,0.34,80.0% of closes stayed inside the range | Range width 42.0% | Currently 0.3% through the range,-2.73,-1.6,-1.62,-6.03,9.87,-414.93,41.09,0.75,0.41,264.09,2312.6,379.43,76.18,28.0981,13.9816,0.4094,,0.624,2740.1,85.36,IT / Technology,0.0,5.0,7.0,17.0,11.0,40.0,0.93,,"Negative net margin, Earnings contraction",0.0,40.0,,57.8,23.0,"Below 200 DMA, Negative net margin, Earnings contraction",10.17,Avoid,"RSI recovering, Positive day move, Strong 1M absolute return, 1M Nifty outperformance, 80.0% of closes stayed inside the range | Range width 42.0% | Currently 0.3% through the range"
BAIDFIN,Financial Services,Credit Services,17.18,-1.58,16.81,47.94,2.17,64.17,32.6,20.36,23.51,2050077.2,1162656.0,0.57,Bearish,16.0,"Weak but watchable RSI, Near 52W low with stable RSI",-13.33,-17.64,-21.18,7.43,8.23,11.59,-20.76,-25.87,-32.77,0.0,,96.34,Accumulation Zone,70.67,18.88,27.48,45.51,0.0,80.8% of closes stayed inside the range | Range width 45.5% | Currently 0.0% through the range,7.75,3.03,24.21,20.42,18.7,24.52,145.02,33.71,33.68,32.57,241.86,-21.77,-25.06,8.9358,,0.648,1.02,0.168,157.88,70.82,Financial Services,11.0,16.0,10.0,0.0,11.0,48.0,1.0,,"Negative operating cash flow, Negative free cash flow",-5.0,43.0,Weak ROE for a leveraged-balance-sheet business,53.67,17.0,"Below 200 DMA, Negative operating cash flow, Negative free cash flow",10.1,Avoid,"Weak but watchable RSI, Near 52W low with stable RSI, 80.8% of closes stayed inside the range | Range width 45.5% | Currently 0.0% through the range"
CLSEL,Consumer Defensive,Packaged Foods,204.66,-0.02,100.2,265.06,104.26,22.79,46.11,212.13,221.01,97634.15,64299.0,0.66,Bearish,12.0,RSI recovering,6.65,-10.16,-10.6,7.43,8.23,11.59,-0.78,-18.39,-22.19,8.0,Positive 1M return,89.39,Accumulation Zone,71.89,202.83,245.48,21.03,4.29,80.0% of closes stayed inside the range | Range width 21.0% | Currently 4.3% through the range,16.2,11.63,11.63,8.68,-1.44,-1.73,24.51,3.8,1.56,0.3,175.03,-38.21,-51.91,11.722,,1.7374,85.0,0.533,1457.21,23.34,FMCG / Consumer,14.0,0.0,15.0,0.0,12.0,41.0,1.0,,"Revenue contraction, Earnings contraction, Negative operating cash flow, Negative free cash flow",3.0,44.0,"Low debt, typical of a healthy consumer business",44.26,17.0,"Below 200 DMA, Negative operating cash flow, Negative free cash flow",10.04,Avoid,"RSI recovering, Positive 1M return, 80.0% of closes stayed inside the range | Range width 21.0% | Currently 4.3% through the range"
COMPUSOFT,Consumer Defensive,Education & Training Services,27.55,-0.04,14.05,42.57,96.12,35.28,41.15,30.22,27.73,129083.85,108255.0,0.84,Bearish,8.0,Weak but watchable RSI,7.92,6.89,-7.02,7.43,8.23,11.59,0.49,-1.34,-18.61,18.0,"Positive 1M return, Positive 3M return",71.21,Lower Range Watch,65.31,25.03,32.76,30.92,32.68,80.0% of closes stayed inside the range | Range width 30.9% | Currently 32.7% through the range,3.73,2.61,8.06,7.55,28.73,5.79,27.19,2.65,2.65,3.07,38.64,-33.43,-37.91,36.8333,,0.7237,1.89,0.583,104.92,50.84,General,3.0,12.0,15.0,0.0,7.0,37.0,1.0,,"Negative operating cash flow, Negative free cash flow",2.0,39.0,General low-debt support,44.26,17.0,"Below 200 DMA, Negative operating cash flow, Negative free cash flow",9.79,Avoid,"Weak but watchable RSI, Positive 1M return, Positive 3M return, 80.0% of closes stayed inside the range | Range width 30.9% | Currently 32.7% through the range"
ARMANFIN,Financial Services,Credit Services,2097.05,-0.77,1190.0,2680.0,76.22,21.75,43.58,2129.12,2207.67,56084.95,20511.0,0.37,Bearish,8.0,Weak but watchable RSI,0.85,6.51,-14.59,7.43,8.23,11.59,-6.58,-1.72,-26.18,18.0,"Positive 1M return, Positive 3M return",76.83,Lower Range Watch,65.27,1904.88,2453.53,28.8,35.03,80.0% of closes stayed inside the range | Range width 28.8% | Currently 35.0% through the range,21.36,6.59,31.32,28.16,58.64,85.02,212.25,1.85,,118.59,1724.93,-302.4,-304.78,18.4659,,2.2885,,0.205,2138.91,100.0,Financial Services,20.0,20.0,4.0,0.0,10.0,54.0,0.86,Strong ROE,"Very high debt, Negative operating cash flow, Negative free cash flow",12.0,66.0,"High leverage is structural for this sector, Strong ROE for a leveraged-balance-sheet business",53.67,28.0,"Below 200 DMA, Low volume participation, Very high debt, Negative operating cash flow, Negative free cash flow",9.65,Avoid,"Weak but watchable RSI, Strong ROE, Positive 1M return, Positive 3M return, 80.0% of closes stayed inside the range | Range width 28.8% | Currently 35.0% through the range"
AXITA,Consumer Cyclical,Textile Manufacturing,14.57,-0.28,12.56,42.11,16.0,65.41,47.51,14.9,15.69,1595035.85,970286.0,0.61,Bearish,17.0,"RSI recovering, Near 52W low zone",7.25,-8.14,-16.05,7.43,8.23,11.59,-0.18,-16.37,-27.64,8.0,Positive 1M return,93.24,Accumulation Zone,74.45,14.51,18.4,26.81,1.4,81.7% of closes stayed inside the range | Range width 26.8% | Currently 1.4% through the range,31.5,20.67,2.34,1.85,102.69,19.37,39.22,3.1,2.42,5.77,25.32,-13.2,-13.55,89.4444,,4.9145,,-0.166,308.05,3.72,Consumer Discretionary,13.0,18.0,15.0,0.0,2.0,48.0,0.93,Strong ROE,"Negative operating cash flow, Negative free cash flow, Very high PE",4.0,52.0,"General quality ROE, General low-debt support",47.22,22.0,"Below 200 DMA, Far from 52W high, Negative operating cash flow, Negative free cash flow",9.53,Avoid,"RSI recovering, Near 52W low zone, Strong ROE, Positive 1M return, 81.7% of closes stayed inside the range | Range width 26.8% | Currently 1.4% through the range"
AQYLON,Communication Services,Broadcasting,262.39,2.0,41.25,375.0,536.1,30.03,94.55,167.37,219.41,67.15,55.0,0.82,Bullish,42.0,"Above 50 DMA, Above 200 DMA, Strong but overbought RSI, Positive day move",48.49,505.98,-2.82,7.43,8.23,11.59,41.06,497.75,-14.41,60.0,"Strong 1M absolute return, Strong 3M absolute return, 1M Nifty outperformance, 3M Nifty outperformance",42.86,Neutral Range,67.01,84.5,375.0,343.79,61.24,90.0% of closes stayed inside the range | Range width 343.8% | Currently 61.2% through the range,-188.42,-28.79,-782.24,-770.5,,0.0,482.02,0.48,0.48,24.69,54.4,-10.72,-10.72,20.8585,,-97.4009,,0.004,561.0,38.14,Telecom,0.0,0.0,0.0,0.0,6.0,6.0,0.86,,"Negative net margin, Very high debt, Negative operating cash flow, Negative free cash flow",0.0,6.0,,44.09,25.0,"Very high debt, Negative net margin, Negative operating cash flow, Negative free cash flow",9.21,Avoid,"Above 50 DMA, Above 200 DMA, Strong but overbought RSI, Positive day move, Strong 1M absolute return, Strong 3M absolute return, 1M Nifty outperformance, 3M Nifty outperformance, 90.0% of closes stayed inside the range | Range width 343.8% | Currently 61.2% through the range"
5PAISA,Financial Services,Capital Markets,502.6,0.45,270.1,758.45,86.08,33.73,37.09,524.57,520.78,62502.7,36289.0,0.58,Bearish,13.0,"Weak but watchable RSI, Positive day move",-1.27,-6.91,-9.38,7.43,8.23,11.59,-8.7,-15.14,-20.97,0.0,,96.34,Accumulation Zone,72.91,507.3,608.45,19.94,0.0,80.0% of closes stayed inside the range | Range width 19.9% | Currently 0.0% through the range,10.08,2.66,-13.16,20.99,9.91,24.96,62.29,1.34,,70.91,336.32,-91.69,-111.1,28.2694,23.7645,1.7749,,0.662,1726.8,100.0,Financial Services,8.0,13.0,6.0,0.0,11.0,38.0,0.86,,"Negative operating cash flow, Negative free cash flow",0.0,38.0,,53.67,17.0,"Below 200 DMA, Negative operating cash flow, Negative free cash flow",7.6,Avoid,"Weak but watchable RSI, Positive day move, 80.0% of closes stayed inside the range | Range width 19.9% | Currently 0.0% through the range"
COASTCORP,Consumer Defensive,Packaged Foods,47.24,5.6,32.45,73.88,45.57,36.06,59.58,46.41,51.5,325743.75,479950.0,1.47,Bullish,55.0,"Above 50 DMA, Healthy RSI momentum, Volume expansion, Strong positive day move",9.49,-4.31,-7.36,7.43,8.23,11.59,2.06,-12.54,-18.95,8.0,Positive 1M return,89.39,Accumulation Zone,76.81,44.69,61.45,37.48,15.21,80.0% of closes stayed inside the range | Range width 37.5% | Currently 15.2% through the range,1.74,0.72,3.99,1.1,22.67,-32.5,128.31,1.27,0.59,15.81,332.91,-62.06,-145.42,8.358,,0.9576,69.0,0.338,272.06,34.2,FMCG / Consumer,0.0,8.0,4.0,0.0,12.0,24.0,1.0,,"Earnings contraction, Negative operating cash flow, Negative free cash flow",0.0,24.0,,44.26,24.0,"Below 200 DMA, Earnings contraction, Negative operating cash flow, Negative free cash flow",6.79,Avoid,"Above 50 DMA, Healthy RSI momentum, Volume expansion, Strong positive day move, Positive 1M return, 80.0% of closes stayed inside the range | Range width 37.5% | Currently 15.2% through the range"
DWARKESH,Consumer Defensive,Confectioners,74.29,-0.3,61.07,108.8,21.65,31.72,54.59,71.18,82.35,3637743.75,1019478.0,0.28,Bullish,40.0,"Above 50 DMA, Healthy RSI momentum, Near 52W low zone",11.73,4.1,-13.21,7.43,8.23,11.59,4.3,-4.13,-24.8,25.0,"Strong 1M absolute return, Positive 3M return",63.64,Lower Range Watch,72.26,68.21,83.63,22.62,39.43,80.0% of closes stayed inside the range | Range width 22.6% | Currently 39.4% through the range,10.16,5.9,8.92,4.89,-18.27,-20.27,55.44,2.16,0.22,0.57,455.77,13.37,-37.41,65.6835,,1.1603,20.0,-0.022,961.53,16.54,General,4.0,0.0,9.0,9.0,6.0,28.0,1.0,,"Revenue contraction, Earnings contraction, Negative free cash flow",2.0,30.0,General low-debt support,44.26,27.0,"Below 200 DMA, Low volume participation, Revenue contraction, Earnings contraction, Negative free cash flow",6.39,Avoid,"Above 50 DMA, Healthy RSI momentum, Near 52W low zone, Strong 1M absolute return, Positive 3M return, 80.0% of closes stayed inside the range | Range width 22.6% | Currently 39.4% through the range"
BCONCEPTS,Consumer Cyclical,Footwear & Accessories,609.4,-1.78,132.66,966.1,359.37,36.92,39.71,684.19,674.76,24132.2,29750.0,1.23,Bearish,13.0,"Weak but watchable RSI, Normal volume support",-10.24,-14.27,-20.86,7.43,8.23,11.59,-17.67,-22.5,-32.45,0.0,,99.32,Accumulation Zone,71.37,654.4,851.96,30.19,0.0,80.0% of closes stayed inside the range | Range width 30.2% | Currently 0.0% through the range,18.24,6.22,8.02,4.15,77.77,23.23,121.21,1.34,0.71,0.51,80.05,-2.72,-22.67,209.0641,,2.4555,,-0.196,203.54,55.43,Consumer Discretionary,8.0,18.0,4.0,0.0,4.0,34.0,0.93,Strong ROE,"Negative operating cash flow, Negative free cash flow, Very high PE",2.0,36.0,General quality ROE,47.22,17.0,"Below 200 DMA, Negative operating cash flow, Negative free cash flow",5.93,Avoid,"Weak but watchable RSI, Normal volume support, Strong ROE, 80.0% of closes stayed inside the range | Range width 30.2% | Currently 0.0% through the range"
AIROLAM,Consumer Cyclical,"Furnishings, Fixtures & Appliances",138.99,-0.04,64.5,196.8,115.49,29.37,38.98,149.84,140.48,10508.55,13708.0,1.3,Bearish,18.0,"Weak but watchable RSI, Volume expansion",1.16,-16.02,7.83,7.43,8.23,11.59,-6.27,-24.25,-3.76,18.0,"Positive 1M return, Positive 6M return",77.7,Accumulation Zone,73.28,139.04,173.04,24.45,0.0,80.0% of closes stayed inside the range | Range width 24.4% | Currently 0.0% through the range,11.13,4.09,7.5,3.81,3.24,6.05,112.71,1.43,0.69,0.33,79.43,-0.56,-13.22,25.3943,,2.1132,,-0.558,133.34,33.27,Consumer Discretionary,2.0,4.0,4.0,0.0,8.0,18.0,0.93,,"Negative operating cash flow, Negative free cash flow",0.0,18.0,,47.22,17.0,"Below 200 DMA, Negative operating cash flow, Negative free cash flow",5.38,Avoid,"Weak but watchable RSI, Volume expansion, Positive 1M return, Positive 6M return, 80.0% of closes stayed inside the range | Range width 24.4% | Currently 0.0% through the range"
BODALCHEM,Unknown,Unknown,78.5,-0.33,54.88,103.89,43.04,24.44,55.43,75.51,79.29,829145.5,473165.0,0.57,Bullish,35.0,"Above 50 DMA, Healthy RSI momentum",12.22,-2.18,-5.76,7.43,8.23,11.59,4.79,-10.41,-17.35,15.0,Strong 1M absolute return,75.0,Neutral Range,70.94,72.74,84.98,16.82,47.04,80.0% of closes stayed inside the range | Range width 16.8% | Currently 47.0% through the range,0.6,0.28,3.7,0.47,-11.75,-82.99,83.51,1.17,0.79,23.91,903.8,204.25,-40.72,,,,,,,,General,0.0,0.0,6.0,9.0,0.0,15.0,0.79,,"Revenue contraction, Earnings contraction, Negative free cash flow",0.0,15.0,,41.86,19.0,"Below 200 DMA, Earnings contraction, Negative free cash flow",5.03,Avoid,"Above 50 DMA, Healthy RSI momentum, Strong 1M absolute return, 80.0% of closes stayed inside the range | Range width 16.8% | Currently 47.0% through the range"
DELTAMAGNT,Consumer Cyclical,Textile Manufacturing,96.39,0.74,63.2,132.75,52.52,27.39,46.3,99.16,95.43,13066.1,3813.0,0.29,Bearish,32.0,"Above 200 DMA, RSI recovering, Positive day move",5.34,-3.13,-1.19,7.43,8.23,11.59,-2.09,-11.36,-12.78,8.0,Positive 1M return,93.24,Accumulation Zone,74.35,93.83,103.41,10.21,26.72,80.0% of closes stayed inside the range | Range width 10.2% | Currently 26.7% through the range,-38.67,-10.92,-8.32,-15.42,-15.28,37.94,148.38,0.75,0.48,0.38,39.86,1.61,-0.3,91.3492,,27.0188,,0.382,62.45,54.27,Consumer Discretionary,0.0,10.0,2.0,9.0,0.0,21.0,0.93,,"Negative net margin, Revenue contraction, Negative free cash flow, Very high PE",0.0,21.0,,47.22,20.0,"Low volume participation, Negative net margin, Revenue contraction, Negative free cash flow",4.43,Avoid,"Above 200 DMA, RSI recovering, Positive day move, Positive 1M return, 80.0% of closes stayed inside the range | Range width 10.2% | Currently 26.7% through the range"
AERONEU,Consumer Cyclical,Packaging & Containers,92.82,0.23,66.9,134.3,38.74,30.89,49.37,94.16,104.13,50225.85,23695.0,0.47,Bearish,17.0,"RSI recovering, Positive day move",1.94,-4.75,-27.11,7.43,8.23,11.59,-5.49,-12.98,-38.7,8.0,Positive 1M return,93.24,Accumulation Zone,70.92,91.24,121.93,33.62,5.13,80.0% of closes stayed inside the range | Range width 33.6% | Currently 5.1% through the range,0.95,0.61,2.43,0.73,14.45,-76.67,36.42,2.2,1.36,7.29,30.59,0.19,-5.59,288.1429,,2.0027,,0.272,208.12,38.31,Consumer Discretionary,0.0,5.0,14.0,9.0,4.0,32.0,0.93,,"Earnings contraction, Negative free cash flow, Very high PE",2.0,34.0,General low-debt support,47.22,22.0,"Below 200 DMA, Low volume participation, Earnings contraction, Negative free cash flow",3.23,Avoid,"RSI recovering, Positive day move, Positive 1M return, 80.0% of closes stayed inside the range | Range width 33.6% | Currently 5.1% through the range"
DEVYANI,Consumer Cyclical,Restaurants,167.89,-0.07,133.95,227.5,25.34,26.2,52.67,163.37,176.24,2578030.25,686359.0,0.27,Bullish,35.0,"Above 50 DMA, Healthy RSI momentum",4.09,7.69,-13.08,7.43,8.23,11.59,-3.34,-0.54,-24.67,18.0,"Positive 1M return, Positive 3M return",77.7,Neutral Range,72.17,151.75,180.24,18.77,56.66,80.8% of closes stayed inside the range | Range width 18.8% | Currently 56.7% through the range,4.48,0.96,7.27,1.34,18.8,-82.16,275.22,0.52,0.38,167.64,2905.68,592.47,114.01,,135.0981,11.1907,,0.316,17253.76,50.78,Consumer Discretionary,0.0,8.0,0.0,17.0,0.0,25.0,0.86,,"Earnings contraction, Very high debt",0.0,25.0,,47.22,26.0,"Below 200 DMA, Low volume participation, Very high debt, Earnings contraction",3.08,Avoid,"Above 50 DMA, Healthy RSI momentum, Positive 1M return, Positive 3M return, 80.8% of closes stayed inside the range | Range width 18.8% | Currently 56.7% through the range"
DHAMPURSUG,Consumer Defensive,Confectioners,220.07,0.19,188.47,321.27,16.77,31.5,44.94,223.0,247.48,934645.65,339190.0,0.36,Bearish,18.0,"Weak but watchable RSI, Near 52W low zone, Positive day move",7.18,-0.87,-10.24,7.43,8.23,11.59,-0.25,-9.1,-21.83,8.0,Positive 1M return,89.39,Accumulation Zone,73.86,214.26,256.92,19.91,13.62,81.7% of closes stayed inside the range | Range width 19.9% | Currently 13.6% through the range,12.21,5.7,9.78,6.22,-11.02,-14.72,89.14,1.2,0.27,2.78,980.83,-52.55,-126.47,15.6735,,0.9411,2.34,0.284,1126.84,21.53,General,9.0,0.0,6.0,0.0,12.0,27.0,1.0,,"Revenue contraction, Earnings contraction, Negative operating cash flow, Negative free cash flow",0.0,27.0,,44.26,20.0,"Below 200 DMA, Low volume participation, Negative operating cash flow, Negative free cash flow",2.59,Avoid,"Weak but watchable RSI, Near 52W low zone, Positive day move, Positive 1M return, 81.7% of closes stayed inside the range | Range width 19.9% | Currently 13.6% through the range"
ARCHIES,Consumer Cyclical,Specialty Retail,25.95,4.05,16.05,42.5,61.68,38.94,47.57,27.17,28.84,109338.65,107719.0,0.99,Bearish,22.0,"RSI recovering, Strong positive day move",9.96,-17.88,-11.28,7.43,8.23,11.59,2.53,-26.11,-22.87,8.0,Positive 1M return,93.24,Accumulation Zone,71.96,25.91,35.85,38.4,0.44,80.0% of closes stayed inside the range | Range width 38.4% | Currently 0.4% through the range,-8.27,-4.79,-9.14,-10.35,-4.64,-441.1,56.67,1.64,0.23,0.14,56.25,3.99,3.47,,,0.3628,,0.843,45.27,64.54,Consumer Discretionary,0.0,0.0,8.0,17.0,4.0,29.0,0.86,,"Negative net margin, Revenue contraction, Earnings contraction",2.0,31.0,General low-debt support,47.22,23.0,"Below 200 DMA, Negative net margin, Earnings contraction",2.43,Avoid,"RSI recovering, Strong positive day move, Positive 1M return, 80.0% of closes stayed inside the range | Range width 38.4% | Currently 0.4% through the range"
CYBERMEDIA,Communication Services,Publishing,23.78,-1.49,12.7,44.0,87.24,45.95,46.36,24.75,24.87,22637.35,16131.0,0.71,Bearish,12.0,RSI recovering,2.28,3.84,-25.1,7.43,8.23,11.59,-5.15,-4.39,-36.69,18.0,"Positive 1M return, Positive 3M return",82.14,Accumulation Zone,67.76,23.2,34.26,47.65,5.22,80.0% of closes stayed inside the range | Range width 47.7% | Currently 5.2% through the range,-30.55,3.29,4.93,1.39,29.8,-65.05,-225.25,1.15,1.15,4.32,10.4,-0.6,-1.35,8.1299,,-4.0051,,0.195,39.12,19.35,Telecom,0.0,10.0,13.0,0.0,8.0,31.0,0.93,,"Earnings contraction, Negative operating cash flow, Negative free cash flow",2.0,33.0,General low-debt support,44.09,24.0,"Below 200 DMA, Earnings contraction, Negative operating cash flow, Negative free cash flow",1.66,Avoid,"RSI recovering, Positive 1M return, Positive 3M return, 80.0% of closes stayed inside the range | Range width 47.7% | Currently 5.2% through the range"
DTIL,Consumer Defensive,Packaged Foods,208.73,-0.7,171.48,269.62,21.73,22.58,56.67,197.07,211.37,15305.7,8951.0,0.58,Bullish,40.0,"Above 50 DMA, Healthy RSI momentum, Near 52W low zone",13.85,4.47,-5.15,7.43,8.23,11.59,6.42,-3.76,-16.74,35.0,"Strong 1M absolute return, Positive 3M return, 1M Nifty outperformance",57.58,Neutral Range,71.33,189.23,231.87,22.53,45.74,80.0% of closes stayed inside the range | Range width 22.5% | Currently 45.7% through the range,-27.03,-14.81,-27.41,-35.8,16.89,-493.21,48.82,0.47,0.2,12.57,254.85,-83.46,-126.33,,,0.3316,1.15,0.435,175.57,80.27,FMCG / Consumer,0.0,8.0,7.0,0.0,5.0,20.0,0.93,,"Negative net margin, Earnings contraction, Negative operating cash flow, Negative free cash flow",3.0,23.0,"Low debt, typical of a healthy consumer business",44.26,32.0,"Below 200 DMA, Negative net margin, Earnings contraction, Negative operating cash flow, Negative free cash flow",1.44,Avoid,"Above 50 DMA, Healthy RSI momentum, Near 52W low zone, Strong 1M absolute return, Positive 3M return, 1M Nifty outperformance, 80.0% of closes stayed inside the range | Range width 22.5% | Currently 45.7% through the range"
ANURAS,Basic Materials,Specialty Chemicals,763.65,-0.25,567.48,1231.32,34.57,37.98,40.33,785.84,895.84,201177.65,52569.0,0.26,Bearish,8.0,Weak but watchable RSI,-1.27,-13.8,-25.15,7.43,8.23,11.59,-8.7,-22.03,-36.74,0.0,,99.17,Accumulation Zone,71.22,767.53,952.9,24.15,0.0,80.0% of closes stayed inside the range | Range width 24.2% | Currently 0.0% through the range,4.66,2.79,20.9,8.91,-7.7,-28.89,38.72,1.69,0.89,249.8,1069.06,59.03,-656.96,81.9506,33.6555,4.2999,12.0,0.105,14349.63,46.18,Chemicals,8.0,0.0,11.0,9.0,7.0,35.0,1.0,,"Revenue contraction, Earnings contraction, Negative free cash flow, Very high PE",2.0,37.0,General low-debt support,53.22,22.0,"Below 200 DMA, Low volume participation, Earnings contraction, Negative free cash flow",0.93,Avoid,"Weak but watchable RSI, 80.0% of closes stayed inside the range | Range width 24.2% | Currently 0.0% through the range"
AWL,Consumer Defensive,Packaged Foods,332.16,-0.52,284.31,837.33,16.83,60.33,43.79,338.86,344.04,1261035.65,896649.0,0.71,Bearish,13.0,"Weak but watchable RSI, Near 52W low zone",-0.09,-5.72,-5.7,7.43,8.23,11.59,-7.52,-13.95,-17.29,0.0,,100.0,Accumulation Zone,74.21,331.96,367.46,10.69,0.57,80.0% of closes stayed inside the range | Range width 10.7% | Currently 0.6% through the range,1.78,0.75,2.28,0.29,-12.02,-74.58,81.87,1.22,0.53,258.6,6808.33,289.17,-643.13,22.3797,18.4756,2.4313,50.0,-0.162,25354.5,10.73,FMCG / Consumer,0.0,0.0,6.0,9.0,13.0,28.0,1.0,,"Revenue contraction, Earnings contraction, Negative free cash flow",0.0,28.0,,44.26,19.0,"Below 200 DMA, Earnings contraction, Negative free cash flow",0.69,Avoid,"Weak but watchable RSI, Near 52W low zone, 80.0% of closes stayed inside the range | Range width 10.7% | Currently 0.6% through the range"
BCG,Communication Services,Advertising Agencies,8.91,0.0,8.65,44.09,3.01,79.79,30.37,11.04,16.01,2734255.6,0.0,0.0,Bearish,16.0,"Weak but watchable RSI, Near 52W low with stable RSI",-11.34,-42.14,-54.19,7.43,8.23,11.59,-18.77,-50.37,-65.78,0.0,,100.0,Accumulation Zone,67.36,9.38,19.5,107.94,0.0,85.8% of closes stayed inside the range | Range width 107.9% | Currently 0.0% through the range,8.83,7.84,20.48,14.75,-36.97,-49.85,0.0,7.0,,1207.82,0.0,133.68,-276.65,1.7956,,0.1728,,0.551,1826.76,33.37,Telecom,14.0,0.0,17.0,9.0,10.0,50.0,0.86,Net cash position,"Revenue contraction, Earnings contraction, Negative free cash flow",2.0,52.0,General low-debt support,44.09,32.0,"Below 200 DMA, Far from 52W high, Low volume participation, Revenue contraction, Earnings contraction, Negative free cash flow",0.0,Avoid,"Weak but watchable RSI, Near 52W low with stable RSI, Net cash position, 85.8% of closes stayed inside the range | Range width 107.9% | Currently 0.0% through the range"
BOHRAIND,Basic Materials,Agricultural Inputs,15.85,0.0,15.85,206.9,0.0,92.34,24.49,18.03,29.72,9243.65,0.0,0.0,Bearish,9.0,"Oversold RSI, Near 52W low zone",-10.96,-20.75,-37.84,7.43,8.23,11.59,-18.39,-28.98,-49.43,0.0,,99.17,Accumulation Zone,70.08,16.91,25.8,52.6,0.0,82.5% of closes stayed inside the range | Range width 52.6% | Currently 0.0% through the range,-4.53,-4.24,,,,12.31,0.98,11.8,10.99,0.0,0.56,-0.07,-0.08,,,0.3616,,-1.341,13.02,100.0,General,0.0,5.0,17.0,0.0,4.0,26.0,0.64,,"Negative operating cash flow, Negative free cash flow",2.0,28.0,General low-debt support,53.22,33.0,"Below 200 DMA, Extreme RSI weakness, Far from 52W high, Low volume participation, Negative operating cash flow, Negative free cash flow",0.0,Avoid,"Oversold RSI, Near 52W low zone, 82.5% of closes stayed inside the range | Range width 52.6% | Currently 0.0% through the range"
BALKRISHNA,Consumer Cyclical,Packaging & Containers,25.14,-4.19,16.21,39.13,55.06,35.76,48.46,25.34,24.46,168505.7,217894.0,1.29,Bearish,32.0,"Above 200 DMA, RSI recovering, Normal volume support",-0.63,4.32,3.59,7.43,8.23,11.59,-8.06,-3.91,-8.0,20.0,"Positive 3M return, Positive 6M return",71.62,Accumulation Zone,74.27,23.65,29.04,22.79,27.65,81.7% of closes stayed inside the range | Range width 22.8% | Currently 27.6% through the range,32.06,-156.96,-29.59,-2073.79,-96.7,-37.13,-36.57,0.18,0.12,0.43,81.15,-8.4,-8.4,,,-0.3087,,0.395,54.42,7.01,Consumer Discretionary,8.0,0.0,9.0,0.0,2.0,19.0,0.86,Strong ROE,"Negative net margin, Revenue contraction, Earnings contraction, Negative operating cash flow, Negative free cash flow",4.0,23.0,"General quality ROE, General low-debt support",47.22,29.0,"Negative net margin, Revenue contraction, Earnings contraction, Negative operating cash flow, Negative free cash flow",0.0,Avoid,"Above 200 DMA, RSI recovering, Normal volume support, Strong ROE, Positive 3M return, Positive 6M return, 81.7% of closes stayed inside the range | Range width 22.8% | Currently 27.6% through the range"
DISHTV,Communication Services,Entertainment,15.65,-1.14,12.05,26.05,29.88,39.92,46.68,16.23,18.55,22915147.15,10016875.0,0.44,Bearish,12.0,RSI recovering,10.21,-13.77,-15.41,7.43,8.23,11.59,2.78,-22.0,-27.0,15.0,Strong 1M absolute return,92.86,Accumulation Zone,69.67,15.67,21.96,40.13,0.0,80.0% of closes stayed inside the range | Range width 40.1% | Currently 0.0% through the range,71.35,-72.59,15.79,-107.47,-18.19,-16.81,-0.08,0.15,0.15,29.75,2.25,676.39,84.93,,-1.5667,-0.1342,,0.906,519.23,35.07,Telecom,11.0,0.0,12.0,17.0,2.0,42.0,0.86,"Strong ROE, Cash covers debt","Negative net margin, Revenue contraction, Earnings contraction",4.0,46.0,"General quality ROE, General low-debt support",44.09,31.0,"Below 200 DMA, Low volume participation, Negative net margin, Revenue contraction, Earnings contraction",0.0,Avoid,"RSI recovering, Strong ROE, Cash covers debt, Strong 1M absolute return, 80.0% of closes stayed inside the range | Range width 40.1% | Currently 0.0% through the range"
DIGJAMLMTD,Consumer Cyclical,Textile Manufacturing,83.72,1.23,72.1,157.7,16.12,46.91,49.86,85.05,86.69,1566.45,1037.0,0.66,Bearish,22.0,"RSI recovering, Near 52W low zone, Positive day move",-0.16,-6.67,0.81,7.43,8.23,11.59,-7.59,-14.9,-10.78,10.0,Positive 6M return,85.81,Accumulation Zone,75.69,83.0,94.99,14.45,6.0,80.8% of closes stayed inside the range | Range width 14.5% | Currently 6.0% through the range,-76.14,-14.46,-7.43,-476.61,-92.38,1.18,150.1,0.79,0.44,5.81,23.78,-4.62,-4.76,26.5855,,23.4828,,0.177,102.62,28.54,Consumer Discretionary,0.0,0.0,0.0,0.0,4.0,4.0,0.93,,"Negative net margin, Revenue contraction, Negative operating cash flow, Negative free cash flow",0.0,4.0,,47.22,30.0,"Below 200 DMA, Negative net margin, Revenue contraction, Negative operating cash flow, Negative free cash flow",0.0,Avoid,"RSI recovering, Near 52W low zone, Positive day move, Positive 6M return, 80.8% of closes stayed inside the range | Range width 14.5% | Currently 6.0% through the range"
BANG,Consumer Cyclical,Apparel Manufacturing,47.28,1.79,33.35,75.8,41.77,37.63,50.8,48.41,51.53,19714.15,50583.0,2.57,Bearish,40.0,"Healthy RSI momentum, Strong volume expansion, Positive day move",6.25,-0.98,0.38,7.43,8.23,11.59,-1.18,-9.21,-11.21,18.0,"Positive 1M return, Positive 6M return",77.7,Accumulation Zone,75.83,45.89,58.26,26.96,11.28,80.0% of closes stayed inside the range | Range width 27.0% | Currently 11.3% through the range,-9.38,-5.27,-7.11,-6.37,14.12,-827.65,33.89,2.14,0.92,0.23,30.27,-13.09,-15.84,10.2507,,0.5037,,,47.12,10.83,Consumer Discretionary,0.0,5.0,12.0,0.0,10.0,27.0,0.93,,"Negative net margin, Earnings contraction, Negative operating cash flow, Negative free cash flow",2.0,29.0,General low-debt support,47.22,32.0,"Below 200 DMA, Negative net margin, Earnings contraction, Negative operating cash flow, Negative free cash flow",0.0,Avoid,"Healthy RSI momentum, Strong volume expansion, Positive day move, Positive 1M return, Positive 6M return, 80.0% of closes stayed inside the range | Range width 27.0% | Currently 11.3% through the range"
AMBICAAGAR,Consumer Defensive,Household & Personal Products,26.39,0.57,19.15,43.2,37.81,38.91,47.7,27.27,30.71,56551.45,29382.0,0.52,Bearish,17.0,"RSI recovering, Positive day move",5.77,-2.08,-10.69,7.43,8.23,11.59,-1.66,-10.31,-22.28,8.0,Positive 1M return,89.39,Accumulation Zone,72.44,26.25,35.05,33.54,1.59,80.8% of closes stayed inside the range | Range width 33.5% | Currently 1.6% through the range,-3.62,-1.73,3.35,-3.74,-16.54,-244.86,66.47,3.66,3.39,1.43,67.32,4.52,1.36,12.6834,,0.5858,,-0.034,43.36,14.81,FMCG / Consumer,0.0,0.0,12.0,17.0,10.0,39.0,0.93,,"Negative net margin, Revenue contraction, Earnings contraction",0.0,39.0,,44.26,28.0,"Below 200 DMA, Negative net margin, Revenue contraction, Earnings contraction",0.0,Avoid,"RSI recovering, Positive day move, Positive 1M return, 80.8% of closes stayed inside the range | Range width 33.5% | Currently 1.6% through the range"
AKG,Industrials,Industrial Distribution,21.77,-0.18,17.6,45.35,23.69,52.0,47.2,21.4,23.19,154324.7,156659.0,1.02,Bullish,37.0,"Above 50 DMA, RSI recovering, Near 52W low zone, Normal volume support",4.16,8.04,-11.14,7.43,8.23,11.59,-3.27,-0.19,-22.73,18.0,"Positive 1M return, Positive 3M return",81.25,Neutral Range,72.05,19.5,23.61,21.05,55.3,80.8% of closes stayed inside the range | Range width 21.1% | Currently 55.3% through the range,3.05,2.04,1.66,0.87,-16.98,-37.54,26.95,2.92,2.62,1.35,14.17,-3.04,-4.95,83.2727,,0.5933,,0.544,29.11,9.23,Capital Goods / Infra,0.0,0.0,15.0,0.0,4.0,19.0,0.93,,"Revenue contraction, Earnings contraction, Negative operating cash flow, Negative free cash flow, Very high PE",0.0,19.0,,54.47,29.0,"Below 200 DMA, Revenue contraction, Earnings contraction, Negative operating cash flow, Negative free cash flow",0.0,Avoid,"Above 50 DMA, RSI recovering, Near 52W low zone, Normal volume support, Positive 1M return, Positive 3M return, 80.8% of closes stayed inside the range | Range width 21.1% | Currently 55.3% through the range"
CINEVISTA,Communication Services,Entertainment,17.87,0.06,9.9,25.25,80.51,29.23,41.04,18.67,18.37,26456.1,12069.0,0.46,Bearish,13.0,"Weak but watchable RSI, Positive day move",1.82,-7.89,7.65,7.43,8.23,11.59,-5.61,-16.12,-3.94,18.0,"Positive 1M return, Positive 6M return",82.14,Accumulation Zone,74.9,17.9,21.41,19.64,0.0,81.7% of closes stayed inside the range | Range width 19.6% | Currently 0.0% through the range,-9.13,-4.21,-903.06,-1702.57,-44.94,73.2,29.39,0.28,0.05,1.71,24.14,-9.86,-10.85,13.5943,,1.4618,,0.355,82.77,49.03,Telecom,0.0,10.0,7.0,0.0,10.0,27.0,0.93,,"Negative net margin, Revenue contraction, Negative operating cash flow, Negative free cash flow",2.0,29.0,General low-debt support,44.09,33.0,"Below 200 DMA, Low volume participation, Negative net margin, Revenue contraction, Negative operating cash flow, Negative free cash flow",0.0,Avoid,"Weak but watchable RSI, Positive day move, Positive 1M return, Positive 6M return, 81.7% of closes stayed inside the range | Range width 19.6% | Currently 0.0% through the range"
CGCL,Financial Services,Credit Services,212.47,-0.45,190.86,874.31,11.32,75.7,44.51,219.04,429.25,474016.2,194535.0,0.41,Bearish,13.0,"Weak but watchable RSI, Near 52W low zone",-0.79,4.13,-72.41,7.43,8.23,11.59,-8.22,-4.1,-84.0,10.0,Positive 3M return,87.8,Accumulation Zone,71.53,208.11,241.15,15.88,13.2,80.0% of closes stayed inside the range | Range width 15.9% | Currently 13.2% through the range,7.28,1.84,15.22,13.42,57.05,36.53,271.26,1.47,,639.65,10406.91,-3698.57,-3766.37,20.8385,13.3323,3.4527,8.0,-0.03,24821.65,94.76,Financial Services,8.0,20.0,2.0,0.0,11.0,41.0,0.93,,"Very high debt, Negative operating cash flow, Negative free cash flow",1.0,42.0,"High leverage is structural for this sector, Weak ROE for a leveraged-balance-sheet business",53.67,33.0,"Below 200 DMA, Far from 52W high, Low volume participation, Very high debt, Negative operating cash flow, Negative free cash flow",0.0,Avoid,"Weak but watchable RSI, Near 52W low zone, Positive 3M return, 80.0% of closes stayed inside the range | Range width 15.9% | Currently 13.2% through the range"
ALLCARGO,Industrials,Integrated Freight & Logistics,62.03,3.65,57.32,118.57,8.21,47.69,50.93,65.02,69.12,5729891.05,12578519.0,2.2,Bearish,53.0,"Healthy RSI momentum, Near 52W low with stable RSI, Strong volume expansion, Strong positive day move",-1.2,-13.11,-18.16,7.43,8.23,11.59,-8.63,-21.34,-29.75,0.0,,96.88,Accumulation Zone,79.22,61.28,79.49,29.72,4.11,80.0% of closes stayed inside the range | Range width 29.7% | Currently 4.1% through the range,5.94,2.05,1.48,1.16,-28.16,-76.22,73.21,1.08,1.08,409.93,1846.14,-145.73,-293.66,60.95,12.19,3.2672,,0.643,1825.79,19.5,Capital Goods / Infra,0.0,0.0,8.0,0.0,5.0,13.0,0.93,,"Revenue contraction, Earnings contraction, Negative operating cash flow, Negative free cash flow",0.0,13.0,,54.47,29.0,"Below 200 DMA, Revenue contraction, Earnings contraction, Negative operating cash flow, Negative free cash flow",0.0,Avoid,"Healthy RSI momentum, Near 52W low with stable RSI, Strong volume expansion, Strong positive day move, 80.0% of closes stayed inside the range | Range width 29.7% | Currently 4.1% through the range"
DBOL,Consumer Defensive,Farm Products,137.64,-0.87,107.28,214.47,28.3,35.82,54.19,127.42,139.14,379392.4,141198.0,0.37,Bullish,35.0,"Above 50 DMA, Healthy RSI momentum",21.64,10.93,-3.93,7.43,8.23,11.59,14.21,2.7,-15.52,35.0,"Strong 1M absolute return, Positive 3M return, 1M Nifty outperformance",57.58,Profit Booking Zone,74.0,115.14,143.0,24.2,80.77,80.0% of closes stayed inside the range | Range width 24.2% | Currently 80.8% through the range,4.6,2.01,5.05,2.53,-22.28,-58.15,104.5,1.19,0.16,5.99,1056.95,-101.33,-272.02,32.2416,,0.811,1.2,0.516,825.12,23.1,General,0.0,0.0,4.0,0.0,9.0,13.0,1.0,,"Revenue contraction, Earnings contraction, Negative operating cash flow, Negative free cash flow",0.0,13.0,,44.26,32.0,"Below 200 DMA, Low volume participation, Revenue contraction, Earnings contraction, Negative operating cash flow, Negative free cash flow",0.0,Avoid,"Above 50 DMA, Healthy RSI momentum, Strong 1M absolute return, Positive 3M return, 1M Nifty outperformance, 80.0% of closes stayed inside the range | Range width 24.2% | Currently 80.8% through the range"
DANGEE,Consumer Cyclical,Restaurants,7.73,0.91,7.25,32.45,6.62,76.18,39.38,8.26,10.2,206868.35,269416.0,1.3,Bearish,31.0,"Weak but watchable RSI, Near 52W low with stable RSI, Volume expansion, Positive day move",1.71,-15.05,-30.67,7.43,8.23,11.59,-5.72,-23.28,-42.26,8.0,Positive 1M return,93.24,Accumulation Zone,72.62,7.97,11.71,47.03,0.0,80.0% of closes stayed inside the range | Range width 47.0% | Currently 0.0% through the range,-5.4,-2.22,-0.22,-3.53,-2.39,-39.95,126.7,0.26,0.11,0.38,20.65,5.67,5.41,,,3.0074,,0.202,44.04,47.01,Consumer Discretionary,0.0,0.0,2.0,17.0,2.0,21.0,0.86,,"Negative net margin, Revenue contraction, Earnings contraction",0.0,21.0,,47.22,28.0,"Below 200 DMA, Far from 52W high, Negative net margin, Earnings contraction",0.0,Avoid,"Weak but watchable RSI, Near 52W low with stable RSI, Volume expansion, Positive day move, Positive 1M return, 80.0% of closes stayed inside the range | Range width 47.0% | Currently 0.0% through the range"
CURAA,Technology,Software - Application,32.0,0.0,32.0,32.0,0.0,0.0,100.0,32.0,32.0,0.0,0.0,0.0,Bearish,25.0,"Strong but overbought RSI, Near 52W high momentum, Near 52W low with stable RSI",0.0,0.0,0.0,7.43,8.23,11.59,-7.43,-8.23,-11.59,0.0,,100.0,,,,,,,,-121.61,-121.61,,,,-26780.0,0.0,,,0.77,0.0,-0.99,-0.99,,,10.8655,,-0.21,69.35,16.38,IT / Technology,0.0,0.0,12.0,0.0,0.0,12.0,0.5,Net cash position,"Earnings contraction, Negative operating cash flow, Negative free cash flow",0.0,12.0,,56.85,19.0,"Low volume participation, Earnings contraction, Negative operating cash flow, Negative free cash flow",0.0,Avoid,"Strong but overbought RSI, Near 52W high momentum, Near 52W low with stable RSI, Net cash position"
ACL,Basic Materials,Building Materials,98.14,-0.42,54.9,177.0,78.76,44.55,56.7,93.05,100.39,286573.45,155976.0,0.54,Bullish,35.0,"Above 50 DMA, Healthy RSI momentum",22.83,14.58,-10.94,7.43,8.23,11.59,15.4,6.35,-22.53,35.0,"Strong 1M absolute return, Positive 3M return, 1M Nifty outperformance",72.5,Lower Range Watch,68.09,84.03,123.82,47.35,35.46,80.0% of closes stayed inside the range | Range width 47.4% | Currently 35.5% through the range,-22.11,-6.08,-22.43,-24.7,,-106.91,227.54,1.01,0.58,10.71,675.36,-26.72,-140.68,,,5.0388,,1.029,406.85,39.14,Cement / Realty,0.0,0.0,2.0,0.0,2.0,4.0,0.79,,"Negative net margin, Earnings contraction, Very high debt, Negative operating cash flow, Negative free cash flow",0.0,4.0,,53.22,40.0,"Below 200 DMA, Very high debt, Negative net margin, Earnings contraction, Negative operating cash flow, Negative free cash flow",0.0,Avoid,"Above 50 DMA, Healthy RSI momentum, Strong 1M absolute return, Positive 3M return, 1M Nifty outperformance, 80.0% of closes stayed inside the range | Range width 47.4% | Currently 35.5% through the range"
